GSM,accession,title,geo_accession,status,submission_date,last_update_date,type,channel_count,source_name_ch1,organism_ch1,sample id,source,age_years,er_status_ihc,pr_status_ihc,her2_status,er_status_ihc_esr1_for indeterminate,clinical_t_stage,clinical_nodal_status,clinical_ajcc_stage,grade,pathologic_response_pcr_rd,pathologic_response_rcb_class,drfs_1_event_0_censored,drfs_even_time_years,esr1_status,erbb2_status,set_class,chemosensitivity_prediction,ggi_class,pam50_class,dlda30_prediction,rcb_0_i_prediction,tissue,treatment_protocol_ch1,molecule_ch1,extract_protocol_ch1,label_ch1,label_protocol_ch1,taxid_ch1,hyb_protocol,scan_protocol,data_processing,platform_id,supplementary_file,data_row_count,relation
GSM615096,GSE25055,1002,GSM615096,Public on May 11 2011,Nov 01 2010,Jun 06 2022,RNA,1,"breast cancer, sample ISPY-1002",Homo sapiens,1002,ISPY,37.8,P,P,N,P,T2,N1,IIB,2,RD,RCB-III,1,2.346,P,N,SET-High,Rx Sensitive,Low,LumA,RD,RCB-0/I,breast cancer tumor,"Patients prospectively consented to a research biopsy by fine needle aspiration (FNA) or  core biopsy (CBX) prior to any systemic therapy, and to the future assessment of pathologic  response and/or survival endpoints",total RNA,Total RNA was extracted from tissue using Qiagen Rneasy columns,biotin,A single-round T7 amplification was used to generate biotin-labeled cRNA for hybridization.  At least 1 ug of RNA is required for cRNA synthesis.,9606,"Following fragmentation, 10 ug of cRNA were hybridized overnight at 46C on Affymetrix U133A arrays. GeneChips were washed and stained in the Affymetrix Fluidics Station 400.",GeneChips were scanned using the diagnostic-grade Affymetrix scanner 3000DX,Probe intensities were quantified with Microarray Suite version 5.0 (MAS 5.0) using Affymetrix default analysis settings.  CEL files were normalized using global scaling with a trimmed mean target intensity of each array arbitrarily set to 600 using the MAS5 algorithm from the simpleaffy package (http://bioconductor.org/packages/2.4/bioc/html/simpleaffy.html).,GPL96,ftp://ftp.ncbi.nlm.nih.gov/geo/samples/GSM615nnn/GSM615096/suppl/GSM615096_FL1790_ISPY_11.CEL.gz,22283,Reanalyzed by: GSE205568
GSM615097,GSE25055,1005,GSM615097,Public on May 11 2011,Nov 01 2010,Jun 06 2022,RNA,1,"breast cancer, sample ISPY-1005",Homo sapiens,1005,ISPY,45.8,P,P,N,P,T3,N1,IIIA,2,RD,NA,0,5.552,P,N,SET-Int,Rx Sensitive,Low,Normal,RD,RCB-0/I,breast cancer tumor,"Patients prospectively consented to a research biopsy by fine needle aspiration (FNA) or  core biopsy (CBX) prior to any systemic therapy, and to the future assessment of pathologic  response and/or survival endpoints",total RNA,Total RNA was extracted from tissue using Qiagen Rneasy columns,biotin,A single-round T7 amplification was used to generate biotin-labeled cRNA for hybridization.  At least 1 ug of RNA is required for cRNA synthesis.,9606,"Following fragmentation, 10 ug of cRNA were hybridized overnight at 46C on Affymetrix U133A arrays. GeneChips were washed and stained in the Affymetrix Fluidics Station 400.",GeneChips were scanned using the diagnostic-grade Affymetrix scanner 3000DX,Probe intensities were quantified with Microarray Suite version 5.0 (MAS 5.0) using Affymetrix default analysis settings.  CEL files were normalized using global scaling with a trimmed mean target intensity of each array arbitrarily set to 600 using the MAS5 algorithm from the simpleaffy package (http://bioconductor.org/packages/2.4/bioc/html/simpleaffy.html).,GPL96,ftp://ftp.ncbi.nlm.nih.gov/geo/samples/GSM615nnn/GSM615097/suppl/GSM615097_FL1791_ISPY_12.CEL.gz,22283,Reanalyzed by: GSE205568
GSM615098,GSE25055,1009,GSM615098,Public on May 11 2011,Nov 01 2010,Jun 06 2022,RNA,1,"breast cancer, sample ISPY-1009",Homo sapiens,1009,ISPY,40.7,N,N,N,N,T3,N0,IIB,3,RD,RCB-II,0,5.503,N,N,SET-Low,Rx Insensitive,High,Basal,pCR,RCB-II/III,breast cancer tumor,"Patients prospectively consented to a research biopsy by fine needle aspiration (FNA) or  core biopsy (CBX) prior to any systemic therapy, and to the future assessment of pathologic  response and/or survival endpoints",total RNA,Total RNA was extracted from tissue using Qiagen Rneasy columns,biotin,A single-round T7 amplification was used to generate biotin-labeled cRNA for hybridization.  At least 1 ug of RNA is required for cRNA synthesis.,9606,"Following fragmentation, 10 ug of cRNA were hybridized overnight at 46C on Affymetrix U133A arrays. GeneChips were washed and stained in the Affymetrix Fluidics Station 400.",GeneChips were scanned using the diagnostic-grade Affymetrix scanner 3000DX,Probe intensities were quantified with Microarray Suite version 5.0 (MAS 5.0) using Affymetrix default analysis settings.  CEL files were normalized using global scaling with a trimmed mean target intensity of each array arbitrarily set to 600 using the MAS5 algorithm from the simpleaffy package (http://bioconductor.org/packages/2.4/bioc/html/simpleaffy.html).,GPL96,ftp://ftp.ncbi.nlm.nih.gov/geo/samples/GSM615nnn/GSM615098/suppl/GSM615098_FL1792_ISPY_13.CEL.gz,22283,Reanalyzed by: GSE205568
GSM615099,GSE25055,1011,GSM615099,Public on May 11 2011,Nov 01 2010,Jun 06 2022,RNA,1,"breast cancer, sample ISPY-1011",Homo sapiens,1011,ISPY,40.8,N,N,N,N,T2,N1,IIB,4=Indeterminate,pCR,RCB-0/I,0,5.424,N,N,SET-Low,Rx Insensitive,High,Basal,pCR,RCB-0/I,breast cancer tumor,"Patients prospectively consented to a research biopsy by fine needle aspiration (FNA) or  core biopsy (CBX) prior to any systemic therapy, and to the future assessment of pathologic  response and/or survival endpoints",total RNA,Total RNA was extracted from tissue using Qiagen Rneasy columns,biotin,A single-round T7 amplification was used to generate biotin-labeled cRNA for hybridization.  At least 1 ug of RNA is required for cRNA synthesis.,9606,"Following fragmentation, 10 ug of cRNA were hybridized overnight at 46C on Affymetrix U133A arrays. GeneChips were washed and stained in the Affymetrix Fluidics Station 400.",GeneChips were scanned using the diagnostic-grade Affymetrix scanner 3000DX,Probe intensities were quantified with Microarray Suite version 5.0 (MAS 5.0) using Affymetrix default analysis settings.  CEL files were normalized using global scaling with a trimmed mean target intensity of each array arbitrarily set to 600 using the MAS5 algorithm from the simpleaffy package (http://bioconductor.org/packages/2.4/bioc/html/simpleaffy.html).,GPL96,ftp://ftp.ncbi.nlm.nih.gov/geo/samples/GSM615nnn/GSM615099/suppl/GSM615099_FL1793_ISPY_14.CEL.gz,22283,Reanalyzed by: GSE205568
GSM615100,GSE25055,1016,GSM615100,Public on May 11 2011,Nov 01 2010,Jun 06 2022,RNA,1,"breast cancer, sample ISPY-1016",Homo sapiens,1016,ISPY,35.5,P,P,N,P,T3,N1,IIIA,2,RD,RCB-II,1,1.580,P,N,SET-Low,Rx Insensitive,High,LumA,RD,RCB-II/III,breast cancer tumor,"Patients prospectively consented to a research biopsy by fine needle aspiration (FNA) or  core biopsy (CBX) prior to any systemic therapy, and to the future assessment of pathologic  response and/or survival endpoints",total RNA,Total RNA was extracted from tissue using Qiagen Rneasy columns,biotin,A single-round T7 amplification was used to generate biotin-labeled cRNA for hybridization.  At least 1 ug of RNA is required for cRNA synthesis.,9606,"Following fragmentation, 10 ug of cRNA were hybridized overnight at 46C on Affymetrix U133A arrays. GeneChips were washed and stained in the Affymetrix Fluidics Station 400.",GeneChips were scanned using the diagnostic-grade Affymetrix scanner 3000DX,Probe intensities were quantified with Microarray Suite version 5.0 (MAS 5.0) using Affymetrix default analysis settings.  CEL files were normalized using global scaling with a trimmed mean target intensity of each array arbitrarily set to 600 using the MAS5 algorithm from the simpleaffy package (http://bioconductor.org/packages/2.4/bioc/html/simpleaffy.html).,GPL96,ftp://ftp.ncbi.nlm.nih.gov/geo/samples/GSM615nnn/GSM615100/suppl/GSM615100_FL1794_ISPY_15.CEL.gz,22283,Reanalyzed by: GSE205568
GSM615101,GSE25055,1019,GSM615101,Public on May 11 2011,Nov 01 2010,Jun 06 2022,RNA,1,"breast cancer, sample ISPY-1019",Homo sapiens,1019,ISPY,52.2,N,N,N,N,T4,N0,IIIB,3,RD,RCB-II,0,5.205,N,N,SET-Low,Rx Insensitive,High,Basal,pCR,RCB-II/III,breast cancer tumor,"Patients prospectively consented to a research biopsy by fine needle aspiration (FNA) or  core biopsy (CBX) prior to any systemic therapy, and to the future assessment of pathologic  response and/or survival endpoints",total RNA,Total RNA was extracted from tissue using Qiagen Rneasy columns,biotin,A single-round T7 amplification was used to generate biotin-labeled cRNA for hybridization.  At least 1 ug of RNA is required for cRNA synthesis.,9606,"Following fragmentation, 10 ug of cRNA were hybridized overnight at 46C on Affymetrix U133A arrays. GeneChips were washed and stained in the Affymetrix Fluidics Station 400.",GeneChips were scanned using the diagnostic-grade Affymetrix scanner 3000DX,Probe intensities were quantified with Microarray Suite version 5.0 (MAS 5.0) using Affymetrix default analysis settings.  CEL files were normalized using global scaling with a trimmed mean target intensity of each array arbitrarily set to 600 using the MAS5 algorithm from the simpleaffy package (http://bioconductor.org/packages/2.4/bioc/html/simpleaffy.html).,GPL96,ftp://ftp.ncbi.nlm.nih.gov/geo/samples/GSM615nnn/GSM615101/suppl/GSM615101_FL1795_ISPY_16.CEL.gz,22283,Reanalyzed by: GSE205568
GSM615102,GSE25055,1027,GSM615102,Public on May 11 2011,Nov 01 2010,Jun 06 2022,RNA,1,"breast cancer, sample ISPY-1027",Homo sapiens,1027,ISPY,38.2,N,N,I,N,T2,N0,IIA,4=Indeterminate,RD,RCB-II,1,2.732,N,N,SET-Low,Rx Insensitive,High,Basal,pCR,RCB-II/III,breast cancer tumor,"Patients prospectively consented to a research biopsy by fine needle aspiration (FNA) or  core biopsy (CBX) prior to any systemic therapy, and to the future assessment of pathologic  response and/or survival endpoints",total RNA,Total RNA was extracted from tissue using Qiagen Rneasy columns,biotin,A single-round T7 amplification was used to generate biotin-labeled cRNA for hybridization.  At least 1 ug of RNA is required for cRNA synthesis.,9606,"Following fragmentation, 10 ug of cRNA were hybridized overnight at 46C on Affymetrix U133A arrays. GeneChips were washed and stained in the Affymetrix Fluidics Station 400.",GeneChips were scanned using the diagnostic-grade Affymetrix scanner 3000DX,Probe intensities were quantified with Microarray Suite version 5.0 (MAS 5.0) using Affymetrix default analysis settings.  CEL files were normalized using global scaling with a trimmed mean target intensity of each array arbitrarily set to 600 using the MAS5 algorithm from the simpleaffy package (http://bioconductor.org/packages/2.4/bioc/html/simpleaffy.html).,GPL96,ftp://ftp.ncbi.nlm.nih.gov/geo/samples/GSM615nnn/GSM615102/suppl/GSM615102_FL1894_ISPY27.CEL.gz,22283,Reanalyzed by: GSE205568
GSM615103,GSE25055,1031,GSM615103,Public on May 11 2011,Nov 01 2010,Jun 06 2022,RNA,1,"breast cancer, sample ISPY-1031",Homo sapiens,1031,ISPY,54.2,I,I,NA,P,T3,N1,IIIA,NA,RD,NA,0,5.300,P,N,SET-Int,Rx Sensitive,High,LumA,RD,RCB-II/III,breast cancer tumor,"Patients prospectively consented to a research biopsy by fine needle aspiration (FNA) or  core biopsy (CBX) prior to any systemic therapy, and to the future assessment of pathologic  response and/or survival endpoints",total RNA,Total RNA was extracted from tissue using Qiagen Rneasy columns,biotin,A single-round T7 amplification was used to generate biotin-labeled cRNA for hybridization.  At least 1 ug of RNA is required for cRNA synthesis.,9606,"Following fragmentation, 10 ug of cRNA were hybridized overnight at 46C on Affymetrix U133A arrays. GeneChips were washed and stained in the Affymetrix Fluidics Station 400.",GeneChips were scanned using the diagnostic-grade Affymetrix scanner 3000DX,Probe intensities were quantified with Microarray Suite version 5.0 (MAS 5.0) using Affymetrix default analysis settings.  CEL files were normalized using global scaling with a trimmed mean target intensity of each array arbitrarily set to 600 using the MAS5 algorithm from the simpleaffy package (http://bioconductor.org/packages/2.4/bioc/html/simpleaffy.html).,GPL96,ftp://ftp.ncbi.nlm.nih.gov/geo/samples/GSM615nnn/GSM615103/suppl/GSM615103_FL1895_ISPY28.CEL.gz,22283,Reanalyzed by: GSE205568
GSM615104,GSE25055,1034,GSM615104,Public on May 11 2011,Nov 01 2010,Jun 06 2022,RNA,1,"breast cancer, sample ISPY-1034",Homo sapiens,1034,ISPY,46.6,N,N,N,N,T3,N3,IIIC,4=Indeterminate,RD,RCB-III,1,0.783,N,N,SET-Low,Rx Insensitive,High,Basal,pCR,RCB-II/III,breast cancer tumor,"Patients prospectively consented to a research biopsy by fine needle aspiration (FNA) or  core biopsy (CBX) prior to any systemic therapy, and to the future assessment of pathologic  response and/or survival endpoints",total RNA,Total RNA was extracted from tissue using Qiagen Rneasy columns,biotin,A single-round T7 amplification was used to generate biotin-labeled cRNA for hybridization.  At least 1 ug of RNA is required for cRNA synthesis.,9606,"Following fragmentation, 10 ug of cRNA were hybridized overnight at 46C on Affymetrix U133A arrays. GeneChips were washed and stained in the Affymetrix Fluidics Station 400.",GeneChips were scanned using the diagnostic-grade Affymetrix scanner 3000DX,Probe intensities were quantified with Microarray Suite version 5.0 (MAS 5.0) using Affymetrix default analysis settings.  CEL files were normalized using global scaling with a trimmed mean target intensity of each array arbitrarily set to 600 using the MAS5 algorithm from the simpleaffy package (http://bioconductor.org/packages/2.4/bioc/html/simpleaffy.html).,GPL96,ftp://ftp.ncbi.nlm.nih.gov/geo/samples/GSM615nnn/GSM615104/suppl/GSM615104_FL1896_ISPY29.CEL.gz,22283,Reanalyzed by: GSE205568
GSM615105,GSE25055,1035,GSM615105,Public on May 11 2011,Nov 01 2010,Jun 06 2022,RNA,1,"breast cancer, sample ISPY-1035",Homo sapiens,1035,ISPY,40.8,P,P,P,P,T4,N3,IIIC,2,NA,NA,1,0.000,P,N,SET-Low,Rx Insensitive,High,LumA,RD,RCB-0/I,breast cancer tumor,"Patients prospectively consented to a research biopsy by fine needle aspiration (FNA) or  core biopsy (CBX) prior to any systemic therapy, and to the future assessment of pathologic  response and/or survival endpoints",total RNA,Total RNA was extracted from tissue using Qiagen Rneasy columns,biotin,A single-round T7 amplification was used to generate biotin-labeled cRNA for hybridization.  At least 1 ug of RNA is required for cRNA synthesis.,9606,"Following fragmentation, 10 ug of cRNA were hybridized overnight at 46C on Affymetrix U133A arrays. GeneChips were washed and stained in the Affymetrix Fluidics Station 400.",GeneChips were scanned using the diagnostic-grade Affymetrix scanner 3000DX,Probe intensities were quantified with Microarray Suite version 5.0 (MAS 5.0) using Affymetrix default analysis settings.  CEL files were normalized using global scaling with a trimmed mean target intensity of each array arbitrarily set to 600 using the MAS5 algorithm from the simpleaffy package (http://bioconductor.org/packages/2.4/bioc/html/simpleaffy.html).,GPL96,ftp://ftp.ncbi.nlm.nih.gov/geo/samples/GSM615nnn/GSM615105/suppl/GSM615105_FL1897_ISPY30.CEL.gz,22283,Reanalyzed by: GSE205568
GSM615106,GSE25055,1037,GSM615106,Public on May 11 2011,Nov 01 2010,Jun 06 2022,RNA,1,"breast cancer, sample ISPY-1037",Homo sapiens,1037,ISPY,51.1,N,N,N,N,T3,N1,IIIA,4=Indeterminate,RD,RCB-II,0,4.156,N,N,SET-Low,Rx Insensitive,High,Basal,pCR,RCB-II/III,breast cancer tumor,"Patients prospectively consented to a research biopsy by fine needle aspiration (FNA) or  core biopsy (CBX) prior to any systemic therapy, and to the future assessment of pathologic  response and/or survival endpoints",total RNA,Total RNA was extracted from tissue using Qiagen Rneasy columns,biotin,A single-round T7 amplification was used to generate biotin-labeled cRNA for hybridization.  At least 1 ug of RNA is required for cRNA synthesis.,9606,"Following fragmentation, 10 ug of cRNA were hybridized overnight at 46C on Affymetrix U133A arrays. GeneChips were washed and stained in the Affymetrix Fluidics Station 400.",GeneChips were scanned using the diagnostic-grade Affymetrix scanner 3000DX,Probe intensities were quantified with Microarray Suite version 5.0 (MAS 5.0) using Affymetrix default analysis settings.  CEL files were normalized using global scaling with a trimmed mean target intensity of each array arbitrarily set to 600 using the MAS5 algorithm from the simpleaffy package (http://bioconductor.org/packages/2.4/bioc/html/simpleaffy.html).,GPL96,ftp://ftp.ncbi.nlm.nih.gov/geo/samples/GSM615nnn/GSM615106/suppl/GSM615106_FL1898_ISPY31.CEL.gz,22283,Reanalyzed by: GSE205568
GSM615107,GSE25055,1038,GSM615107,Public on May 11 2011,Nov 01 2010,Jun 06 2022,RNA,1,"breast cancer, sample ISPY-1038",Homo sapiens,1038,ISPY,37.8,N,N,N,N,T3,N1,IIIA,4=Indeterminate,RD,RCB-0/I,0,4.370,N,N,SET-Low,Rx Insensitive,High,Basal,pCR,RCB-0/I,breast cancer tumor,"Patients prospectively consented to a research biopsy by fine needle aspiration (FNA) or  core biopsy (CBX) prior to any systemic therapy, and to the future assessment of pathologic  response and/or survival endpoints",total RNA,Total RNA was extracted from tissue using Qiagen Rneasy columns,biotin,A single-round T7 amplification was used to generate biotin-labeled cRNA for hybridization.  At least 1 ug of RNA is required for cRNA synthesis.,9606,"Following fragmentation, 10 ug of cRNA were hybridized overnight at 46C on Affymetrix U133A arrays. GeneChips were washed and stained in the Affymetrix Fluidics Station 400.",GeneChips were scanned using the diagnostic-grade Affymetrix scanner 3000DX,Probe intensities were quantified with Microarray Suite version 5.0 (MAS 5.0) using Affymetrix default analysis settings.  CEL files were normalized using global scaling with a trimmed mean target intensity of each array arbitrarily set to 600 using the MAS5 algorithm from the simpleaffy package (http://bioconductor.org/packages/2.4/bioc/html/simpleaffy.html).,GPL96,ftp://ftp.ncbi.nlm.nih.gov/geo/samples/GSM615nnn/GSM615107/suppl/GSM615107_FL1899_ISPY32.CEL.gz,22283,Reanalyzed by: GSE205568
GSM615108,GSE25055,1041,GSM615108,Public on May 11 2011,Nov 01 2010,Jun 06 2022,RNA,1,"breast cancer, sample ISPY-1041",Homo sapiens,1041,ISPY,46.6,P,P,P,P,T3,N3,IIIC,3,RD,RCB-III,0,4.597,P,N,SET-Low,Rx Insensitive,High,LumB,RD,RCB-II/III,breast cancer tumor,"Patients prospectively consented to a research biopsy by fine needle aspiration (FNA) or  core biopsy (CBX) prior to any systemic therapy, and to the future assessment of pathologic  response and/or survival endpoints",total RNA,Total RNA was extracted from tissue using Qiagen Rneasy columns,biotin,A single-round T7 amplification was used to generate biotin-labeled cRNA for hybridization.  At least 1 ug of RNA is required for cRNA synthesis.,9606,"Following fragmentation, 10 ug of cRNA were hybridized overnight at 46C on Affymetrix U133A arrays. GeneChips were washed and stained in the Affymetrix Fluidics Station 400.",GeneChips were scanned using the diagnostic-grade Affymetrix scanner 3000DX,Probe intensities were quantified with Microarray Suite version 5.0 (MAS 5.0) using Affymetrix default analysis settings.  CEL files were normalized using global scaling with a trimmed mean target intensity of each array arbitrarily set to 600 using the MAS5 algorithm from the simpleaffy package (http://bioconductor.org/packages/2.4/bioc/html/simpleaffy.html).,GPL96,ftp://ftp.ncbi.nlm.nih.gov/geo/samples/GSM615nnn/GSM615108/suppl/GSM615108_FL1882_ISPY33.CEL.gz,22283,Reanalyzed by: GSE205568
GSM615109,GSE25055,1044,GSM615109,Public on May 11 2011,Nov 01 2010,Jun 06 2022,RNA,1,"breast cancer, sample ISPY-1044",Homo sapiens,1044,ISPY,58.8,N,N,N,N,T3,N1,IIIA,4=Indeterminate,RD,RCB-III,1,1.248,N,N,SET-Low,Rx Insensitive,High,Basal,pCR,RCB-II/III,breast cancer tumor,"Patients prospectively consented to a research biopsy by fine needle aspiration (FNA) or  core biopsy (CBX) prior to any systemic therapy, and to the future assessment of pathologic  response and/or survival endpoints",total RNA,Total RNA was extracted from tissue using Qiagen Rneasy columns,biotin,A single-round T7 amplification was used to generate biotin-labeled cRNA for hybridization.  At least 1 ug of RNA is required for cRNA synthesis.,9606,"Following fragmentation, 10 ug of cRNA were hybridized overnight at 46C on Affymetrix U133A arrays. GeneChips were washed and stained in the Affymetrix Fluidics Station 400.",GeneChips were scanned using the diagnostic-grade Affymetrix scanner 3000DX,Probe intensities were quantified with Microarray Suite version 5.0 (MAS 5.0) using Affymetrix default analysis settings.  CEL files were normalized using global scaling with a trimmed mean target intensity of each array arbitrarily set to 600 using the MAS5 algorithm from the simpleaffy package (http://bioconductor.org/packages/2.4/bioc/html/simpleaffy.html).,GPL96,ftp://ftp.ncbi.nlm.nih.gov/geo/samples/GSM615nnn/GSM615109/suppl/GSM615109_FL1829_ISPY118.CEL.gz,22283,Reanalyzed by: GSE205568
GSM615110,GSE25055,1045,GSM615110,Public on May 11 2011,Nov 01 2010,Jun 06 2022,RNA,1,"breast cancer, sample ISPY-1045",Homo sapiens,1045,ISPY,49.6,I,I,NA,N,T3,N1,IIIA,3,pCR,RCB-0/I,1,0.953,N,N,SET-Low,Rx Insensitive,High,Basal,pCR,RCB-0/I,breast cancer tumor,"Patients prospectively consented to a research biopsy by fine needle aspiration (FNA) or  core biopsy (CBX) prior to any systemic therapy, and to the future assessment of pathologic  response and/or survival endpoints",total RNA,Total RNA was extracted from tissue using Qiagen Rneasy columns,biotin,A single-round T7 amplification was used to generate biotin-labeled cRNA for hybridization.  At least 1 ug of RNA is required for cRNA synthesis.,9606,"Following fragmentation, 10 ug of cRNA were hybridized overnight at 46C on Affymetrix U133A arrays. GeneChips were washed and stained in the Affymetrix Fluidics Station 400.",GeneChips were scanned using the diagnostic-grade Affymetrix scanner 3000DX,Probe intensities were quantified with Microarray Suite version 5.0 (MAS 5.0) using Affymetrix default analysis settings.  CEL files were normalized using global scaling with a trimmed mean target intensity of each array arbitrarily set to 600 using the MAS5 algorithm from the simpleaffy package (http://bioconductor.org/packages/2.4/bioc/html/simpleaffy.html).,GPL96,ftp://ftp.ncbi.nlm.nih.gov/geo/samples/GSM615nnn/GSM615110/suppl/GSM615110_FL1883_ISPY34.CEL.gz,22283,Reanalyzed by: GSE205568
GSM615111,GSE25055,1049,GSM615111,Public on May 11 2011,Nov 01 2010,Jun 06 2022,RNA,1,"breast cancer, sample ISPY-1049",Homo sapiens,1049,ISPY,50.4,N,N,N,N,T4,N1,Inflammatory,4=Indeterminate,RD,RCB-III,1,0.988,N,N,SET-Low,Rx Insensitive,High,Basal,pCR,RCB-II/III,breast cancer tumor,"Patients prospectively consented to a research biopsy by fine needle aspiration (FNA) or  core biopsy (CBX) prior to any systemic therapy, and to the future assessment of pathologic  response and/or survival endpoints",total RNA,Total RNA was extracted from tissue using Qiagen Rneasy columns,biotin,A single-round T7 amplification was used to generate biotin-labeled cRNA for hybridization.  At least 1 ug of RNA is required for cRNA synthesis.,9606,"Following fragmentation, 10 ug of cRNA were hybridized overnight at 46C on Affymetrix U133A arrays. GeneChips were washed and stained in the Affymetrix Fluidics Station 400.",GeneChips were scanned using the diagnostic-grade Affymetrix scanner 3000DX,Probe intensities were quantified with Microarray Suite version 5.0 (MAS 5.0) using Affymetrix default analysis settings.  CEL files were normalized using global scaling with a trimmed mean target intensity of each array arbitrarily set to 600 using the MAS5 algorithm from the simpleaffy package (http://bioconductor.org/packages/2.4/bioc/html/simpleaffy.html).,GPL96,ftp://ftp.ncbi.nlm.nih.gov/geo/samples/GSM615nnn/GSM615111/suppl/GSM615111_FL1799_ISPY20.CEL.gz,22283,Reanalyzed by: GSE205568
GSM615112,GSE25055,1050,GSM615112,Public on May 11 2011,Nov 01 2010,Jun 06 2022,RNA,1,"breast cancer, sample ISPY-1050",Homo sapiens,1050,ISPY,63.2,N,N,N,N,T3,N1,IIIA,4=Indeterminate,RD,RCB-II,1,1.832,N,N,SET-Low,Rx Insensitive,High,Basal,pCR,RCB-II/III,breast cancer tumor,"Patients prospectively consented to a research biopsy by fine needle aspiration (FNA) or  core biopsy (CBX) prior to any systemic therapy, and to the future assessment of pathologic  response and/or survival endpoints",total RNA,Total RNA was extracted from tissue using Qiagen Rneasy columns,biotin,A single-round T7 amplification was used to generate biotin-labeled cRNA for hybridization.  At least 1 ug of RNA is required for cRNA synthesis.,9606,"Following fragmentation, 10 ug of cRNA were hybridized overnight at 46C on Affymetrix U133A arrays. GeneChips were washed and stained in the Affymetrix Fluidics Station 400.",GeneChips were scanned using the diagnostic-grade Affymetrix scanner 3000DX,Probe intensities were quantified with Microarray Suite version 5.0 (MAS 5.0) using Affymetrix default analysis settings.  CEL files were normalized using global scaling with a trimmed mean target intensity of each array arbitrarily set to 600 using the MAS5 algorithm from the simpleaffy package (http://bioconductor.org/packages/2.4/bioc/html/simpleaffy.html).,GPL96,ftp://ftp.ncbi.nlm.nih.gov/geo/samples/GSM615nnn/GSM615112/suppl/GSM615112_FL1800_ISPY21.CEL.gz,22283,Reanalyzed by: GSE205568
GSM615113,GSE25055,1054,GSM615113,Public on May 11 2011,Nov 01 2010,Jun 06 2022,RNA,1,"breast cancer, sample ISPY-1054",Homo sapiens,1054,ISPY,42.8,N,N,N,N,T2,N1,IIB,4=Indeterminate,RD,RCB-III,1,0.307,N,N,SET-Low,Rx Insensitive,High,Basal,pCR,RCB-II/III,breast cancer tumor,"Patients prospectively consented to a research biopsy by fine needle aspiration (FNA) or  core biopsy (CBX) prior to any systemic therapy, and to the future assessment of pathologic  response and/or survival endpoints",total RNA,Total RNA was extracted from tissue using Qiagen Rneasy columns,biotin,A single-round T7 amplification was used to generate biotin-labeled cRNA for hybridization.  At least 1 ug of RNA is required for cRNA synthesis.,9606,"Following fragmentation, 10 ug of cRNA were hybridized overnight at 46C on Affymetrix U133A arrays. GeneChips were washed and stained in the Affymetrix Fluidics Station 400.",GeneChips were scanned using the diagnostic-grade Affymetrix scanner 3000DX,Probe intensities were quantified with Microarray Suite version 5.0 (MAS 5.0) using Affymetrix default analysis settings.  CEL files were normalized using global scaling with a trimmed mean target intensity of each array arbitrarily set to 600 using the MAS5 algorithm from the simpleaffy package (http://bioconductor.org/packages/2.4/bioc/html/simpleaffy.html).,GPL96,ftp://ftp.ncbi.nlm.nih.gov/geo/samples/GSM615nnn/GSM615113/suppl/GSM615113_FL1801_ISPY22.CEL.gz,22283,Reanalyzed by: GSE205568
GSM615114,GSE25055,1055,GSM615114,Public on May 11 2011,Nov 01 2010,Jun 06 2022,RNA,1,"breast cancer, sample ISPY-1055",Homo sapiens,1055,ISPY,52.8,P,P,N,P,T2,N0,IIA,2,RD,RCB-III,0,4.104,P,N,SET-High,Rx Sensitive,Low,LumA,RD,RCB-II/III,breast cancer tumor,"Patients prospectively consented to a research biopsy by fine needle aspiration (FNA) or  core biopsy (CBX) prior to any systemic therapy, and to the future assessment of pathologic  response and/or survival endpoints",total RNA,Total RNA was extracted from tissue using Qiagen Rneasy columns,biotin,A single-round T7 amplification was used to generate biotin-labeled cRNA for hybridization.  At least 1 ug of RNA is required for cRNA synthesis.,9606,"Following fragmentation, 10 ug of cRNA were hybridized overnight at 46C on Affymetrix U133A arrays. GeneChips were washed and stained in the Affymetrix Fluidics Station 400.",GeneChips were scanned using the diagnostic-grade Affymetrix scanner 3000DX,Probe intensities were quantified with Microarray Suite version 5.0 (MAS 5.0) using Affymetrix default analysis settings.  CEL files were normalized using global scaling with a trimmed mean target intensity of each array arbitrarily set to 600 using the MAS5 algorithm from the simpleaffy package (http://bioconductor.org/packages/2.4/bioc/html/simpleaffy.html).,GPL96,ftp://ftp.ncbi.nlm.nih.gov/geo/samples/GSM615nnn/GSM615114/suppl/GSM615114_FL1802_ISPY23.CEL.gz,22283,Reanalyzed by: GSE205568
GSM615115,GSE25055,1057,GSM615115,Public on May 11 2011,Nov 01 2010,Jun 06 2022,RNA,1,"breast cancer, sample ISPY-1057",Homo sapiens,1057,ISPY,44.2,N,N,N,N,T4,N1,Inflammatory,2,RD,RCB-II,1,0.151,N,N,SET-Low,Rx Insensitive,High,Basal,pCR,RCB-II/III,breast cancer tumor,"Patients prospectively consented to a research biopsy by fine needle aspiration (FNA) or  core biopsy (CBX) prior to any systemic therapy, and to the future assessment of pathologic  response and/or survival endpoints",total RNA,Total RNA was extracted from tissue using Qiagen Rneasy columns,biotin,A single-round T7 amplification was used to generate biotin-labeled cRNA for hybridization.  At least 1 ug of RNA is required for cRNA synthesis.,9606,"Following fragmentation, 10 ug of cRNA were hybridized overnight at 46C on Affymetrix U133A arrays. GeneChips were washed and stained in the Affymetrix Fluidics Station 400.",GeneChips were scanned using the diagnostic-grade Affymetrix scanner 3000DX,Probe intensities were quantified with Microarray Suite version 5.0 (MAS 5.0) using Affymetrix default analysis settings.  CEL files were normalized using global scaling with a trimmed mean target intensity of each array arbitrarily set to 600 using the MAS5 algorithm from the simpleaffy package (http://bioconductor.org/packages/2.4/bioc/html/simpleaffy.html).,GPL96,ftp://ftp.ncbi.nlm.nih.gov/geo/samples/GSM615nnn/GSM615115/suppl/GSM615115_FL1884_ISPY35.CEL.gz,22283,Reanalyzed by: GSE205568
GSM615116,GSE25055,1061,GSM615116,Public on May 11 2011,Nov 01 2010,Jun 06 2022,RNA,1,"breast cancer, sample ISPY-1061",Homo sapiens,1061,ISPY,54.2,N,N,P,N,T3,N1,IIIA,3,RD,RCB-II,1,0.964,N,N,SET-Low,Rx Insensitive,High,Basal,RD,RCB-II/III,breast cancer tumor,"Patients prospectively consented to a research biopsy by fine needle aspiration (FNA) or  core biopsy (CBX) prior to any systemic therapy, and to the future assessment of pathologic  response and/or survival endpoints",total RNA,Total RNA was extracted from tissue using Qiagen Rneasy columns,biotin,A single-round T7 amplification was used to generate biotin-labeled cRNA for hybridization.  At least 1 ug of RNA is required for cRNA synthesis.,9606,"Following fragmentation, 10 ug of cRNA were hybridized overnight at 46C on Affymetrix U133A arrays. GeneChips were washed and stained in the Affymetrix Fluidics Station 400.",GeneChips were scanned using the diagnostic-grade Affymetrix scanner 3000DX,Probe intensities were quantified with Microarray Suite version 5.0 (MAS 5.0) using Affymetrix default analysis settings.  CEL files were normalized using global scaling with a trimmed mean target intensity of each array arbitrarily set to 600 using the MAS5 algorithm from the simpleaffy package (http://bioconductor.org/packages/2.4/bioc/html/simpleaffy.html).,GPL96,ftp://ftp.ncbi.nlm.nih.gov/geo/samples/GSM615nnn/GSM615116/suppl/GSM615116_FL1789_ISPY_10.CEL.gz,22283,Reanalyzed by: GSE205568
GSM615117,GSE25055,1062,GSM615117,Public on May 11 2011,Nov 01 2010,Jun 06 2022,RNA,1,"breast cancer, sample ISPY-1062",Homo sapiens,1062,ISPY,34.6,P,P,N,P,T3,N1,IIIA,3,RD,RCB-II,1,0.115,N,N,SET-Low,Rx Insensitive,High,Basal,pCR,RCB-II/III,breast cancer tumor,"Patients prospectively consented to a research biopsy by fine needle aspiration (FNA) or  core biopsy (CBX) prior to any systemic therapy, and to the future assessment of pathologic  response and/or survival endpoints",total RNA,Total RNA was extracted from tissue using Qiagen Rneasy columns,biotin,A single-round T7 amplification was used to generate biotin-labeled cRNA for hybridization.  At least 1 ug of RNA is required for cRNA synthesis.,9606,"Following fragmentation, 10 ug of cRNA were hybridized overnight at 46C on Affymetrix U133A arrays. GeneChips were washed and stained in the Affymetrix Fluidics Station 400.",GeneChips were scanned using the diagnostic-grade Affymetrix scanner 3000DX,Probe intensities were quantified with Microarray Suite version 5.0 (MAS 5.0) using Affymetrix default analysis settings.  CEL files were normalized using global scaling with a trimmed mean target intensity of each array arbitrarily set to 600 using the MAS5 algorithm from the simpleaffy package (http://bioconductor.org/packages/2.4/bioc/html/simpleaffy.html).,GPL96,ftp://ftp.ncbi.nlm.nih.gov/geo/samples/GSM615nnn/GSM615117/suppl/GSM615117_FL1788_ISPY_9.CEL.gz,22283,Reanalyzed by: GSE205568
GSM615118,GSE25055,1064,GSM615118,Public on May 11 2011,Nov 01 2010,Jun 06 2022,RNA,1,"breast cancer, sample ISPY-1064",Homo sapiens,1064,ISPY,60.1,N,N,N,N,T2,N1,IIB,3,NA,NA,0,2.415,N,N,SET-Low,Rx Insensitive,High,Basal,pCR,RCB-II/III,breast cancer tumor,"Patients prospectively consented to a research biopsy by fine needle aspiration (FNA) or  core biopsy (CBX) prior to any systemic therapy, and to the future assessment of pathologic  response and/or survival endpoints",total RNA,Total RNA was extracted from tissue using Qiagen Rneasy columns,biotin,A single-round T7 amplification was used to generate biotin-labeled cRNA for hybridization.  At least 1 ug of RNA is required for cRNA synthesis.,9606,"Following fragmentation, 10 ug of cRNA were hybridized overnight at 46C on Affymetrix U133A arrays. GeneChips were washed and stained in the Affymetrix Fluidics Station 400.",GeneChips were scanned using the diagnostic-grade Affymetrix scanner 3000DX,Probe intensities were quantified with Microarray Suite version 5.0 (MAS 5.0) using Affymetrix default analysis settings.  CEL files were normalized using global scaling with a trimmed mean target intensity of each array arbitrarily set to 600 using the MAS5 algorithm from the simpleaffy package (http://bioconductor.org/packages/2.4/bioc/html/simpleaffy.html).,GPL96,ftp://ftp.ncbi.nlm.nih.gov/geo/samples/GSM615nnn/GSM615118/suppl/GSM615118_FL1679_C219411.CEL.gz,22283,Reanalyzed by: GSE205568
GSM615119,GSE25055,1067,GSM615119,Public on May 11 2011,Nov 01 2010,Jun 06 2022,RNA,1,"breast cancer, sample ISPY-1067",Homo sapiens,1067,ISPY,58.4,N,N,N,N,T2,N1,IIB,3,NA,NA,1,2.872,P,N,SET-Low,Rx Insensitive,Low,Basal,RD,RCB-0/I,breast cancer tumor,"Patients prospectively consented to a research biopsy by fine needle aspiration (FNA) or  core biopsy (CBX) prior to any systemic therapy, and to the future assessment of pathologic  response and/or survival endpoints",total RNA,Total RNA was extracted from tissue using Qiagen Rneasy columns,biotin,A single-round T7 amplification was used to generate biotin-labeled cRNA for hybridization.  At least 1 ug of RNA is required for cRNA synthesis.,9606,"Following fragmentation, 10 ug of cRNA were hybridized overnight at 46C on Affymetrix U133A arrays. GeneChips were washed and stained in the Affymetrix Fluidics Station 400.",GeneChips were scanned using the diagnostic-grade Affymetrix scanner 3000DX,Probe intensities were quantified with Microarray Suite version 5.0 (MAS 5.0) using Affymetrix default analysis settings.  CEL files were normalized using global scaling with a trimmed mean target intensity of each array arbitrarily set to 600 using the MAS5 algorithm from the simpleaffy package (http://bioconductor.org/packages/2.4/bioc/html/simpleaffy.html).,GPL96,ftp://ftp.ncbi.nlm.nih.gov/geo/samples/GSM615nnn/GSM615119/suppl/GSM615119_FL1678_C219203.CEL.gz,22283,Reanalyzed by: GSE205568
GSM615120,GSE25055,1068,GSM615120,Public on May 11 2011,Nov 01 2010,Jun 06 2022,RNA,1,"breast cancer, sample ISPY-1068",Homo sapiens,1068,ISPY,53.2,P,P,N,P,T3,N0,IIB,1,RD,RCB-II,0,4.706,P,N,SET-High,Rx Sensitive,Low,LumA,RD,RCB-II/III,breast cancer tumor,"Patients prospectively consented to a research biopsy by fine needle aspiration (FNA) or  core biopsy (CBX) prior to any systemic therapy, and to the future assessment of pathologic  response and/or survival endpoints",total RNA,Total RNA was extracted from tissue using Qiagen Rneasy columns,biotin,A single-round T7 amplification was used to generate biotin-labeled cRNA for hybridization.  At least 1 ug of RNA is required for cRNA synthesis.,9606,"Following fragmentation, 10 ug of cRNA were hybridized overnight at 46C on Affymetrix U133A arrays. GeneChips were washed and stained in the Affymetrix Fluidics Station 400.",GeneChips were scanned using the diagnostic-grade Affymetrix scanner 3000DX,Probe intensities were quantified with Microarray Suite version 5.0 (MAS 5.0) using Affymetrix default analysis settings.  CEL files were normalized using global scaling with a trimmed mean target intensity of each array arbitrarily set to 600 using the MAS5 algorithm from the simpleaffy package (http://bioconductor.org/packages/2.4/bioc/html/simpleaffy.html).,GPL96,ftp://ftp.ncbi.nlm.nih.gov/geo/samples/GSM615nnn/GSM615120/suppl/GSM615120_FL1680_C221152.CEL.gz,22283,Reanalyzed by: GSE205568
GSM615121,GSE25055,1074,GSM615121,Public on May 11 2011,Nov 01 2010,Jun 06 2022,RNA,1,"breast cancer, sample ISPY-1074",Homo sapiens,1074,ISPY,36.5,P,N,NA,P,T3,N1,IIIA,3,RD,RCB-II,0,4.222,P,N,SET-Low,Rx Insensitive,High,LumB,RD,RCB-II/III,breast cancer tumor,"Patients prospectively consented to a research biopsy by fine needle aspiration (FNA) or  core biopsy (CBX) prior to any systemic therapy, and to the future assessment of pathologic  response and/or survival endpoints",total RNA,Total RNA was extracted from tissue using Qiagen Rneasy columns,biotin,A single-round T7 amplification was used to generate biotin-labeled cRNA for hybridization.  At least 1 ug of RNA is required for cRNA synthesis.,9606,"Following fragmentation, 10 ug of cRNA were hybridized overnight at 46C on Affymetrix U133A arrays. GeneChips were washed and stained in the Affymetrix Fluidics Station 400.",GeneChips were scanned using the diagnostic-grade Affymetrix scanner 3000DX,Probe intensities were quantified with Microarray Suite version 5.0 (MAS 5.0) using Affymetrix default analysis settings.  CEL files were normalized using global scaling with a trimmed mean target intensity of each array arbitrarily set to 600 using the MAS5 algorithm from the simpleaffy package (http://bioconductor.org/packages/2.4/bioc/html/simpleaffy.html).,GPL96,ftp://ftp.ncbi.nlm.nih.gov/geo/samples/GSM615nnn/GSM615121/suppl/GSM615121_FL1854_ISPY65.CEL.gz,22283,Reanalyzed by: GSE205568
GSM615122,GSE25055,1078,GSM615122,Public on May 11 2011,Nov 01 2010,Jun 06 2022,RNA,1,"breast cancer, sample ISPY-1078",Homo sapiens,1078,ISPY,31.3,P,P,N,P,T3,N1,IIIA,2,pCR,RCB-0/I,0,3.822,P,N,SET-Int,Rx Sensitive,Low,LumA,RD,RCB-0/I,breast cancer tumor,"Patients prospectively consented to a research biopsy by fine needle aspiration (FNA) or  core biopsy (CBX) prior to any systemic therapy, and to the future assessment of pathologic  response and/or survival endpoints",total RNA,Total RNA was extracted from tissue using Qiagen Rneasy columns,biotin,A single-round T7 amplification was used to generate biotin-labeled cRNA for hybridization.  At least 1 ug of RNA is required for cRNA synthesis.,9606,"Following fragmentation, 10 ug of cRNA were hybridized overnight at 46C on Affymetrix U133A arrays. GeneChips were washed and stained in the Affymetrix Fluidics Station 400.",GeneChips were scanned using the diagnostic-grade Affymetrix scanner 3000DX,Probe intensities were quantified with Microarray Suite version 5.0 (MAS 5.0) using Affymetrix default analysis settings.  CEL files were normalized using global scaling with a trimmed mean target intensity of each array arbitrarily set to 600 using the MAS5 algorithm from the simpleaffy package (http://bioconductor.org/packages/2.4/bioc/html/simpleaffy.html).,GPL96,ftp://ftp.ncbi.nlm.nih.gov/geo/samples/GSM615nnn/GSM615122/suppl/GSM615122_FL1887_ISPY38.CEL.gz,22283,Reanalyzed by: GSE205568
GSM615123,GSE25055,1088,GSM615123,Public on May 11 2011,Nov 01 2010,Jun 06 2022,RNA,1,"breast cancer, sample ISPY-1088",Homo sapiens,1088,ISPY,53.1,P,P,N,P,T2,N0,IIA,3,pCR,RCB-0/I,0,4.304,P,N,SET-Low,Rx Sensitive,High,LumB,RD,RCB-0/I,breast cancer tumor,"Patients prospectively consented to a research biopsy by fine needle aspiration (FNA) or  core biopsy (CBX) prior to any systemic therapy, and to the future assessment of pathologic  response and/or survival endpoints",total RNA,Total RNA was extracted from tissue using Qiagen Rneasy columns,biotin,A single-round T7 amplification was used to generate biotin-labeled cRNA for hybridization.  At least 1 ug of RNA is required for cRNA synthesis.,9606,"Following fragmentation, 10 ug of cRNA were hybridized overnight at 46C on Affymetrix U133A arrays. GeneChips were washed and stained in the Affymetrix Fluidics Station 400.",GeneChips were scanned using the diagnostic-grade Affymetrix scanner 3000DX,Probe intensities were quantified with Microarray Suite version 5.0 (MAS 5.0) using Affymetrix default analysis settings.  CEL files were normalized using global scaling with a trimmed mean target intensity of each array arbitrarily set to 600 using the MAS5 algorithm from the simpleaffy package (http://bioconductor.org/packages/2.4/bioc/html/simpleaffy.html).,GPL96,ftp://ftp.ncbi.nlm.nih.gov/geo/samples/GSM615nnn/GSM615123/suppl/GSM615123_FL1816_ISPY101.CEL.gz,22283,Reanalyzed by: GSE205568
GSM615124,GSE25055,1089,GSM615124,Public on May 11 2011,Nov 01 2010,Jun 06 2022,RNA,1,"breast cancer, sample ISPY-1089",Homo sapiens,1089,ISPY,61.0,P,P,N,P,T4,N2,IIIB,2,RD,RCB-II,0,4.162,P,N,SET-High,Rx Sensitive,High,Basal,RD,RCB-II/III,breast cancer tumor,"Patients prospectively consented to a research biopsy by fine needle aspiration (FNA) or  core biopsy (CBX) prior to any systemic therapy, and to the future assessment of pathologic  response and/or survival endpoints",total RNA,Total RNA was extracted from tissue using Qiagen Rneasy columns,biotin,A single-round T7 amplification was used to generate biotin-labeled cRNA for hybridization.  At least 1 ug of RNA is required for cRNA synthesis.,9606,"Following fragmentation, 10 ug of cRNA were hybridized overnight at 46C on Affymetrix U133A arrays. GeneChips were washed and stained in the Affymetrix Fluidics Station 400.",GeneChips were scanned using the diagnostic-grade Affymetrix scanner 3000DX,Probe intensities were quantified with Microarray Suite version 5.0 (MAS 5.0) using Affymetrix default analysis settings.  CEL files were normalized using global scaling with a trimmed mean target intensity of each array arbitrarily set to 600 using the MAS5 algorithm from the simpleaffy package (http://bioconductor.org/packages/2.4/bioc/html/simpleaffy.html).,GPL96,ftp://ftp.ncbi.nlm.nih.gov/geo/samples/GSM615nnn/GSM615124/suppl/GSM615124_FL1817_ISPY102.CEL.gz,22283,Reanalyzed by: GSE205568
GSM615125,GSE25055,1092,GSM615125,Public on May 11 2011,Nov 01 2010,Jun 06 2022,RNA,1,"breast cancer, sample ISPY-1092",Homo sapiens,1092,ISPY,44.1,P,P,N,P,T2,N0,IIA,2,RD,RCB-0/I,0,4.074,P,N,SET-High,Rx Sensitive,Low,Normal,RD,RCB-0/I,breast cancer tumor,"Patients prospectively consented to a research biopsy by fine needle aspiration (FNA) or  core biopsy (CBX) prior to any systemic therapy, and to the future assessment of pathologic  response and/or survival endpoints",total RNA,Total RNA was extracted from tissue using Qiagen Rneasy columns,biotin,A single-round T7 amplification was used to generate biotin-labeled cRNA for hybridization.  At least 1 ug of RNA is required for cRNA synthesis.,9606,"Following fragmentation, 10 ug of cRNA were hybridized overnight at 46C on Affymetrix U133A arrays. GeneChips were washed and stained in the Affymetrix Fluidics Station 400.",GeneChips were scanned using the diagnostic-grade Affymetrix scanner 3000DX,Probe intensities were quantified with Microarray Suite version 5.0 (MAS 5.0) using Affymetrix default analysis settings.  CEL files were normalized using global scaling with a trimmed mean target intensity of each array arbitrarily set to 600 using the MAS5 algorithm from the simpleaffy package (http://bioconductor.org/packages/2.4/bioc/html/simpleaffy.html).,GPL96,ftp://ftp.ncbi.nlm.nih.gov/geo/samples/GSM615nnn/GSM615125/suppl/GSM615125_FL1890_ISPY41.CEL.gz,22283,Reanalyzed by: GSE205568
GSM615126,GSE25055,1095,GSM615126,Public on May 11 2011,Nov 01 2010,Jun 06 2022,RNA,1,"breast cancer, sample ISPY-1095",Homo sapiens,1095,ISPY,43.6,P,P,N,P,T4,N0,Inflammatory,3,RD,RCB-III,0,3.800,P,N,SET-High,Rx Sensitive,High,LumA,RD,RCB-II/III,breast cancer tumor,"Patients prospectively consented to a research biopsy by fine needle aspiration (FNA) or  core biopsy (CBX) prior to any systemic therapy, and to the future assessment of pathologic  response and/or survival endpoints",total RNA,Total RNA was extracted from tissue using Qiagen Rneasy columns,biotin,A single-round T7 amplification was used to generate biotin-labeled cRNA for hybridization.  At least 1 ug of RNA is required for cRNA synthesis.,9606,"Following fragmentation, 10 ug of cRNA were hybridized overnight at 46C on Affymetrix U133A arrays. GeneChips were washed and stained in the Affymetrix Fluidics Station 400.",GeneChips were scanned using the diagnostic-grade Affymetrix scanner 3000DX,Probe intensities were quantified with Microarray Suite version 5.0 (MAS 5.0) using Affymetrix default analysis settings.  CEL files were normalized using global scaling with a trimmed mean target intensity of each array arbitrarily set to 600 using the MAS5 algorithm from the simpleaffy package (http://bioconductor.org/packages/2.4/bioc/html/simpleaffy.html).,GPL96,ftp://ftp.ncbi.nlm.nih.gov/geo/samples/GSM615nnn/GSM615126/suppl/GSM615126_FL1891_ISPY42.CEL.gz,22283,Reanalyzed by: GSE205568
GSM615127,GSE25055,1100,GSM615127,Public on May 11 2011,Nov 01 2010,Jun 06 2022,RNA,1,"breast cancer, sample ISPY-1100",Homo sapiens,1100,ISPY,63.3,P,N,N,P,T2,N0,IIA,2,RD,RCB-II,0,4.126,P,N,SET-Low,Rx Insensitive,High,LumA,RD,RCB-II/III,breast cancer tumor,"Patients prospectively consented to a research biopsy by fine needle aspiration (FNA) or  core biopsy (CBX) prior to any systemic therapy, and to the future assessment of pathologic  response and/or survival endpoints",total RNA,Total RNA was extracted from tissue using Qiagen Rneasy columns,biotin,A single-round T7 amplification was used to generate biotin-labeled cRNA for hybridization.  At least 1 ug of RNA is required for cRNA synthesis.,9606,"Following fragmentation, 10 ug of cRNA were hybridized overnight at 46C on Affymetrix U133A arrays. GeneChips were washed and stained in the Affymetrix Fluidics Station 400.",GeneChips were scanned using the diagnostic-grade Affymetrix scanner 3000DX,Probe intensities were quantified with Microarray Suite version 5.0 (MAS 5.0) using Affymetrix default analysis settings.  CEL files were normalized using global scaling with a trimmed mean target intensity of each array arbitrarily set to 600 using the MAS5 algorithm from the simpleaffy package (http://bioconductor.org/packages/2.4/bioc/html/simpleaffy.html).,GPL96,ftp://ftp.ncbi.nlm.nih.gov/geo/samples/GSM615nnn/GSM615127/suppl/GSM615127_FL1872_ISPY43.CEL.gz,22283,Reanalyzed by: GSE205568
GSM615128,GSE25055,1106,GSM615128,Public on May 11 2011,Nov 01 2010,Jun 06 2022,RNA,1,"breast cancer, sample ISPY-1106",Homo sapiens,1106,ISPY,50.4,P,P,N,P,T4,N1,IIIB,NA,RD,RCB-II,1,1.344,P,N,SET-Low,Rx Insensitive,High,LumB,RD,RCB-II/III,breast cancer tumor,"Patients prospectively consented to a research biopsy by fine needle aspiration (FNA) or  core biopsy (CBX) prior to any systemic therapy, and to the future assessment of pathologic  response and/or survival endpoints",total RNA,Total RNA was extracted from tissue using Qiagen Rneasy columns,biotin,A single-round T7 amplification was used to generate biotin-labeled cRNA for hybridization.  At least 1 ug of RNA is required for cRNA synthesis.,9606,"Following fragmentation, 10 ug of cRNA were hybridized overnight at 46C on Affymetrix U133A arrays. GeneChips were washed and stained in the Affymetrix Fluidics Station 400.",GeneChips were scanned using the diagnostic-grade Affymetrix scanner 3000DX,Probe intensities were quantified with Microarray Suite version 5.0 (MAS 5.0) using Affymetrix default analysis settings.  CEL files were normalized using global scaling with a trimmed mean target intensity of each array arbitrarily set to 600 using the MAS5 algorithm from the simpleaffy package (http://bioconductor.org/packages/2.4/bioc/html/simpleaffy.html).,GPL96,ftp://ftp.ncbi.nlm.nih.gov/geo/samples/GSM615nnn/GSM615128/suppl/GSM615128_FL1842_ISPY83.CEL.gz,22283,Reanalyzed by: GSE205568
GSM615129,GSE25055,1113,GSM615129,Public on May 11 2011,Nov 01 2010,Jun 06 2022,RNA,1,"breast cancer, sample ISPY-1113",Homo sapiens,1113,ISPY,53.5,P,P,N,P,T2,N1,IIB,4=Indeterminate,RD,RCB-0/I,0,2.954,P,N,SET-Low,Rx Sensitive,High,LumB,RD,RCB-0/I,breast cancer tumor,"Patients prospectively consented to a research biopsy by fine needle aspiration (FNA) or  core biopsy (CBX) prior to any systemic therapy, and to the future assessment of pathologic  response and/or survival endpoints",total RNA,Total RNA was extracted from tissue using Qiagen Rneasy columns,biotin,A single-round T7 amplification was used to generate biotin-labeled cRNA for hybridization.  At least 1 ug of RNA is required for cRNA synthesis.,9606,"Following fragmentation, 10 ug of cRNA were hybridized overnight at 46C on Affymetrix U133A arrays. GeneChips were washed and stained in the Affymetrix Fluidics Station 400.",GeneChips were scanned using the diagnostic-grade Affymetrix scanner 3000DX,Probe intensities were quantified with Microarray Suite version 5.0 (MAS 5.0) using Affymetrix default analysis settings.  CEL files were normalized using global scaling with a trimmed mean target intensity of each array arbitrarily set to 600 using the MAS5 algorithm from the simpleaffy package (http://bioconductor.org/packages/2.4/bioc/html/simpleaffy.html).,GPL96,ftp://ftp.ncbi.nlm.nih.gov/geo/samples/GSM615nnn/GSM615129/suppl/GSM615129_FL1843_ISPY84.CEL.gz,22283,Reanalyzed by: GSE205568
GSM615130,GSE25055,1114,GSM615130,Public on May 11 2011,Nov 01 2010,Jun 06 2022,RNA,1,"breast cancer, sample ISPY-1114",Homo sapiens,1114,ISPY,44.8,P,P,N,P,T4,N1,IIIB,2,RD,RCB-II,0,4.019,N,N,SET-Low,Rx Insensitive,Low,Her2,RD,RCB-II/III,breast cancer tumor,"Patients prospectively consented to a research biopsy by fine needle aspiration (FNA) or  core biopsy (CBX) prior to any systemic therapy, and to the future assessment of pathologic  response and/or survival endpoints",total RNA,Total RNA was extracted from tissue using Qiagen Rneasy columns,biotin,A single-round T7 amplification was used to generate biotin-labeled cRNA for hybridization.  At least 1 ug of RNA is required for cRNA synthesis.,9606,"Following fragmentation, 10 ug of cRNA were hybridized overnight at 46C on Affymetrix U133A arrays. GeneChips were washed and stained in the Affymetrix Fluidics Station 400.",GeneChips were scanned using the diagnostic-grade Affymetrix scanner 3000DX,Probe intensities were quantified with Microarray Suite version 5.0 (MAS 5.0) using Affymetrix default analysis settings.  CEL files were normalized using global scaling with a trimmed mean target intensity of each array arbitrarily set to 600 using the MAS5 algorithm from the simpleaffy package (http://bioconductor.org/packages/2.4/bioc/html/simpleaffy.html).,GPL96,ftp://ftp.ncbi.nlm.nih.gov/geo/samples/GSM615nnn/GSM615130/suppl/GSM615130_FL1844_ISPY85.CEL.gz,22283,Reanalyzed by: GSE205568
GSM615131,GSE25055,1123,GSM615131,Public on May 11 2011,Nov 01 2010,Jun 06 2022,RNA,1,"breast cancer, sample ISPY-1123",Homo sapiens,1123,ISPY,61.9,P,P,I,P,T3,N1,IIIA,4=Indeterminate,RD,RCB-III,0,2.883,P,N,SET-Low,Rx Insensitive,Low,LumA,RD,RCB-II/III,breast cancer tumor,"Patients prospectively consented to a research biopsy by fine needle aspiration (FNA) or  core biopsy (CBX) prior to any systemic therapy, and to the future assessment of pathologic  response and/or survival endpoints",total RNA,Total RNA was extracted from tissue using Qiagen Rneasy columns,biotin,A single-round T7 amplification was used to generate biotin-labeled cRNA for hybridization.  At least 1 ug of RNA is required for cRNA synthesis.,9606,"Following fragmentation, 10 ug of cRNA were hybridized overnight at 46C on Affymetrix U133A arrays. GeneChips were washed and stained in the Affymetrix Fluidics Station 400.",GeneChips were scanned using the diagnostic-grade Affymetrix scanner 3000DX,Probe intensities were quantified with Microarray Suite version 5.0 (MAS 5.0) using Affymetrix default analysis settings.  CEL files were normalized using global scaling with a trimmed mean target intensity of each array arbitrarily set to 600 using the MAS5 algorithm from the simpleaffy package (http://bioconductor.org/packages/2.4/bioc/html/simpleaffy.html).,GPL96,ftp://ftp.ncbi.nlm.nih.gov/geo/samples/GSM615nnn/GSM615131/suppl/GSM615131_FL1803_ISPY24.CEL.gz,22283,Reanalyzed by: GSE205568
GSM615132,GSE25055,1127,GSM615132,Public on May 11 2011,Nov 01 2010,Jun 06 2022,RNA,1,"breast cancer, sample ISPY-1127",Homo sapiens,1127,ISPY,47.6,P,P,I,P,T2,N0,IIA,2,RD,RCB-III,0,1.574,P,N,SET-Low,Rx Insensitive,High,LumA,RD,RCB-II/III,breast cancer tumor,"Patients prospectively consented to a research biopsy by fine needle aspiration (FNA) or  core biopsy (CBX) prior to any systemic therapy, and to the future assessment of pathologic  response and/or survival endpoints",total RNA,Total RNA was extracted from tissue using Qiagen Rneasy columns,biotin,A single-round T7 amplification was used to generate biotin-labeled cRNA for hybridization.  At least 1 ug of RNA is required for cRNA synthesis.,9606,"Following fragmentation, 10 ug of cRNA were hybridized overnight at 46C on Affymetrix U133A arrays. GeneChips were washed and stained in the Affymetrix Fluidics Station 400.",GeneChips were scanned using the diagnostic-grade Affymetrix scanner 3000DX,Probe intensities were quantified with Microarray Suite version 5.0 (MAS 5.0) using Affymetrix default analysis settings.  CEL files were normalized using global scaling with a trimmed mean target intensity of each array arbitrarily set to 600 using the MAS5 algorithm from the simpleaffy package (http://bioconductor.org/packages/2.4/bioc/html/simpleaffy.html).,GPL96,ftp://ftp.ncbi.nlm.nih.gov/geo/samples/GSM615nnn/GSM615132/suppl/GSM615132_FL1858_ISPY69.CEL.gz,22283,Reanalyzed by: GSE205568
GSM615133,GSE25055,1132,GSM615133,Public on May 11 2011,Nov 01 2010,Jun 06 2022,RNA,1,"breast cancer, sample ISPY-1132",Homo sapiens,1132,ISPY,51.4,P,P,N,P,T2,N0,IIA,1,RD,RCB-III,0,3.617,P,N,SET-High,Rx Sensitive,Low,LumA,RD,RCB-II/III,breast cancer tumor,"Patients prospectively consented to a research biopsy by fine needle aspiration (FNA) or  core biopsy (CBX) prior to any systemic therapy, and to the future assessment of pathologic  response and/or survival endpoints",total RNA,Total RNA was extracted from tissue using Qiagen Rneasy columns,biotin,A single-round T7 amplification was used to generate biotin-labeled cRNA for hybridization.  At least 1 ug of RNA is required for cRNA synthesis.,9606,"Following fragmentation, 10 ug of cRNA were hybridized overnight at 46C on Affymetrix U133A arrays. GeneChips were washed and stained in the Affymetrix Fluidics Station 400.",GeneChips were scanned using the diagnostic-grade Affymetrix scanner 3000DX,Probe intensities were quantified with Microarray Suite version 5.0 (MAS 5.0) using Affymetrix default analysis settings.  CEL files were normalized using global scaling with a trimmed mean target intensity of each array arbitrarily set to 600 using the MAS5 algorithm from the simpleaffy package (http://bioconductor.org/packages/2.4/bioc/html/simpleaffy.html).,GPL96,ftp://ftp.ncbi.nlm.nih.gov/geo/samples/GSM615nnn/GSM615133/suppl/GSM615133_FL1847_ISPY88.CEL.gz,22283,Reanalyzed by: GSE205568
GSM615134,GSE25055,1134,GSM615134,Public on May 11 2011,Nov 01 2010,Jun 06 2022,RNA,1,"breast cancer, sample ISPY-1134",Homo sapiens,1134,ISPY,43.1,P,P,N,P,T2,N1,IIB,1,RD,RCB-III,0,3.696,P,N,SET-Low,Rx Insensitive,Low,Normal,RD,RCB-II/III,breast cancer tumor,"Patients prospectively consented to a research biopsy by fine needle aspiration (FNA) or  core biopsy (CBX) prior to any systemic therapy, and to the future assessment of pathologic  response and/or survival endpoints",total RNA,Total RNA was extracted from tissue using Qiagen Rneasy columns,biotin,A single-round T7 amplification was used to generate biotin-labeled cRNA for hybridization.  At least 1 ug of RNA is required for cRNA synthesis.,9606,"Following fragmentation, 10 ug of cRNA were hybridized overnight at 46C on Affymetrix U133A arrays. GeneChips were washed and stained in the Affymetrix Fluidics Station 400.",GeneChips were scanned using the diagnostic-grade Affymetrix scanner 3000DX,Probe intensities were quantified with Microarray Suite version 5.0 (MAS 5.0) using Affymetrix default analysis settings.  CEL files were normalized using global scaling with a trimmed mean target intensity of each array arbitrarily set to 600 using the MAS5 algorithm from the simpleaffy package (http://bioconductor.org/packages/2.4/bioc/html/simpleaffy.html).,GPL96,ftp://ftp.ncbi.nlm.nih.gov/geo/samples/GSM615nnn/GSM615134/suppl/GSM615134_FL1848_ISPY89.CEL.gz,22283,Reanalyzed by: GSE205568
GSM615135,GSE25055,1135,GSM615135,Public on May 11 2011,Nov 01 2010,Jun 06 2022,RNA,1,"breast cancer, sample ISPY-1135",Homo sapiens,1135,ISPY,58.9,N,N,N,N,T2,N1,IIB,3,RD,RCB-III,0,3.841,N,N,SET-Low,Rx Insensitive,Low,Normal,RD,RCB-II/III,breast cancer tumor,"Patients prospectively consented to a research biopsy by fine needle aspiration (FNA) or  core biopsy (CBX) prior to any systemic therapy, and to the future assessment of pathologic  response and/or survival endpoints",total RNA,Total RNA was extracted from tissue using Qiagen Rneasy columns,biotin,A single-round T7 amplification was used to generate biotin-labeled cRNA for hybridization.  At least 1 ug of RNA is required for cRNA synthesis.,9606,"Following fragmentation, 10 ug of cRNA were hybridized overnight at 46C on Affymetrix U133A arrays. GeneChips were washed and stained in the Affymetrix Fluidics Station 400.",GeneChips were scanned using the diagnostic-grade Affymetrix scanner 3000DX,Probe intensities were quantified with Microarray Suite version 5.0 (MAS 5.0) using Affymetrix default analysis settings.  CEL files were normalized using global scaling with a trimmed mean target intensity of each array arbitrarily set to 600 using the MAS5 algorithm from the simpleaffy package (http://bioconductor.org/packages/2.4/bioc/html/simpleaffy.html).,GPL96,ftp://ftp.ncbi.nlm.nih.gov/geo/samples/GSM615nnn/GSM615135/suppl/GSM615135_FL1849_ISPY90.CEL.gz,22283,Reanalyzed by: GSE205568
GSM615136,GSE25055,1136,GSM615136,Public on May 11 2011,Nov 01 2010,Jun 06 2022,RNA,1,"breast cancer, sample ISPY-1136",Homo sapiens,1136,ISPY,60.0,N,N,N,N,T3,N1,IIIA,3,RD,RCB-III,1,0.545,N,N,SET-Low,Rx Insensitive,High,Basal,pCR,RCB-II/III,breast cancer tumor,"Patients prospectively consented to a research biopsy by fine needle aspiration (FNA) or  core biopsy (CBX) prior to any systemic therapy, and to the future assessment of pathologic  response and/or survival endpoints",total RNA,Total RNA was extracted from tissue using Qiagen Rneasy columns,biotin,A single-round T7 amplification was used to generate biotin-labeled cRNA for hybridization.  At least 1 ug of RNA is required for cRNA synthesis.,9606,"Following fragmentation, 10 ug of cRNA were hybridized overnight at 46C on Affymetrix U133A arrays. GeneChips were washed and stained in the Affymetrix Fluidics Station 400.",GeneChips were scanned using the diagnostic-grade Affymetrix scanner 3000DX,Probe intensities were quantified with Microarray Suite version 5.0 (MAS 5.0) using Affymetrix default analysis settings.  CEL files were normalized using global scaling with a trimmed mean target intensity of each array arbitrarily set to 600 using the MAS5 algorithm from the simpleaffy package (http://bioconductor.org/packages/2.4/bioc/html/simpleaffy.html).,GPL96,ftp://ftp.ncbi.nlm.nih.gov/geo/samples/GSM615nnn/GSM615136/suppl/GSM615136_FL1892_ISPY25.CEL.gz,22283,Reanalyzed by: GSE205568
GSM615137,GSE25055,1138,GSM615137,Public on May 11 2011,Nov 01 2010,Jun 06 2022,RNA,1,"breast cancer, sample ISPY-1138",Homo sapiens,1138,ISPY,35.1,P,N,N,P,T3,N1,IIIA,4=Indeterminate,pCR,RCB-0/I,0,2.464,N,N,SET-Low,Rx Sensitive,High,Basal,pCR,RCB-0/I,breast cancer tumor,"Patients prospectively consented to a research biopsy by fine needle aspiration (FNA) or  core biopsy (CBX) prior to any systemic therapy, and to the future assessment of pathologic  response and/or survival endpoints",total RNA,Total RNA was extracted from tissue using Qiagen Rneasy columns,biotin,A single-round T7 amplification was used to generate biotin-labeled cRNA for hybridization.  At least 1 ug of RNA is required for cRNA synthesis.,9606,"Following fragmentation, 10 ug of cRNA were hybridized overnight at 46C on Affymetrix U133A arrays. GeneChips were washed and stained in the Affymetrix Fluidics Station 400.",GeneChips were scanned using the diagnostic-grade Affymetrix scanner 3000DX,Probe intensities were quantified with Microarray Suite version 5.0 (MAS 5.0) using Affymetrix default analysis settings.  CEL files were normalized using global scaling with a trimmed mean target intensity of each array arbitrarily set to 600 using the MAS5 algorithm from the simpleaffy package (http://bioconductor.org/packages/2.4/bioc/html/simpleaffy.html).,GPL96,ftp://ftp.ncbi.nlm.nih.gov/geo/samples/GSM615nnn/GSM615137/suppl/GSM615137_FL1888_ISPY39.CEL.gz,22283,Reanalyzed by: GSE205568
GSM615138,GSE25055,1140,GSM615138,Public on May 11 2011,Nov 01 2010,Jun 06 2022,RNA,1,"breast cancer, sample ISPY-1140",Homo sapiens,1140,ISPY,35.1,P,N,N,P,T3,N1,IIIA,2,RD,RCB-II,0,3.904,P,N,SET-Low,Rx Insensitive,High,LumB,RD,RCB-II/III,breast cancer tumor,"Patients prospectively consented to a research biopsy by fine needle aspiration (FNA) or  core biopsy (CBX) prior to any systemic therapy, and to the future assessment of pathologic  response and/or survival endpoints",total RNA,Total RNA was extracted from tissue using Qiagen Rneasy columns,biotin,A single-round T7 amplification was used to generate biotin-labeled cRNA for hybridization.  At least 1 ug of RNA is required for cRNA synthesis.,9606,"Following fragmentation, 10 ug of cRNA were hybridized overnight at 46C on Affymetrix U133A arrays. GeneChips were washed and stained in the Affymetrix Fluidics Station 400.",GeneChips were scanned using the diagnostic-grade Affymetrix scanner 3000DX,Probe intensities were quantified with Microarray Suite version 5.0 (MAS 5.0) using Affymetrix default analysis settings.  CEL files were normalized using global scaling with a trimmed mean target intensity of each array arbitrarily set to 600 using the MAS5 algorithm from the simpleaffy package (http://bioconductor.org/packages/2.4/bioc/html/simpleaffy.html).,GPL96,ftp://ftp.ncbi.nlm.nih.gov/geo/samples/GSM615nnn/GSM615138/suppl/GSM615138_FL1851_ISPY92.CEL.gz,22283,Reanalyzed by: GSE205568
GSM615139,GSE25055,1144,GSM615139,Public on May 11 2011,Nov 01 2010,Jun 06 2022,RNA,1,"breast cancer, sample ISPY-1144",Homo sapiens,1144,ISPY,56.3,N,N,NA,N,T2,N1,IIB,3,pCR,RCB-0/I,0,2.360,N,N,SET-Low,Rx Sensitive,High,Her2,pCR,RCB-0/I,breast cancer tumor,"Patients prospectively consented to a research biopsy by fine needle aspiration (FNA) or  core biopsy (CBX) prior to any systemic therapy, and to the future assessment of pathologic  response and/or survival endpoints",total RNA,Total RNA was extracted from tissue using Qiagen Rneasy columns,biotin,A single-round T7 amplification was used to generate biotin-labeled cRNA for hybridization.  At least 1 ug of RNA is required for cRNA synthesis.,9606,"Following fragmentation, 10 ug of cRNA were hybridized overnight at 46C on Affymetrix U133A arrays. GeneChips were washed and stained in the Affymetrix Fluidics Station 400.",GeneChips were scanned using the diagnostic-grade Affymetrix scanner 3000DX,Probe intensities were quantified with Microarray Suite version 5.0 (MAS 5.0) using Affymetrix default analysis settings.  CEL files were normalized using global scaling with a trimmed mean target intensity of each array arbitrarily set to 600 using the MAS5 algorithm from the simpleaffy package (http://bioconductor.org/packages/2.4/bioc/html/simpleaffy.html).,GPL96,ftp://ftp.ncbi.nlm.nih.gov/geo/samples/GSM615nnn/GSM615139/suppl/GSM615139_FL1874_ISPY45.CEL.gz,22283,Reanalyzed by: GSE205568
GSM615140,GSE25055,1145,GSM615140,Public on May 11 2011,Nov 01 2010,Jun 06 2022,RNA,1,"breast cancer, sample ISPY-1145",Homo sapiens,1145,ISPY,39.4,N,N,P,N,T3,N1,IIIA,2,pCR,RCB-0/I,0,1.032,N,N,SET-Low,Rx Insensitive,High,Basal,pCR,RCB-0/I,breast cancer tumor,"Patients prospectively consented to a research biopsy by fine needle aspiration (FNA) or  core biopsy (CBX) prior to any systemic therapy, and to the future assessment of pathologic  response and/or survival endpoints",total RNA,Total RNA was extracted from tissue using Qiagen Rneasy columns,biotin,A single-round T7 amplification was used to generate biotin-labeled cRNA for hybridization.  At least 1 ug of RNA is required for cRNA synthesis.,9606,"Following fragmentation, 10 ug of cRNA were hybridized overnight at 46C on Affymetrix U133A arrays. GeneChips were washed and stained in the Affymetrix Fluidics Station 400.",GeneChips were scanned using the diagnostic-grade Affymetrix scanner 3000DX,Probe intensities were quantified with Microarray Suite version 5.0 (MAS 5.0) using Affymetrix default analysis settings.  CEL files were normalized using global scaling with a trimmed mean target intensity of each array arbitrarily set to 600 using the MAS5 algorithm from the simpleaffy package (http://bioconductor.org/packages/2.4/bioc/html/simpleaffy.html).,GPL96,ftp://ftp.ncbi.nlm.nih.gov/geo/samples/GSM615nnn/GSM615140/suppl/GSM615140_FL1875_ISPY46.CEL.gz,22283,Reanalyzed by: GSE205568
GSM615141,GSE25055,1149,GSM615141,Public on May 11 2011,Nov 01 2010,Jun 06 2022,RNA,1,"breast cancer, sample ISPY-1149",Homo sapiens,1149,ISPY,59.2,NA,NA,NA,N,T3,N1,Inflammatory,NA,RD,RCB-III,0,3.239,N,N,SET-Low,Rx Insensitive,High,Basal,pCR,RCB-II/III,breast cancer tumor,"Patients prospectively consented to a research biopsy by fine needle aspiration (FNA) or  core biopsy (CBX) prior to any systemic therapy, and to the future assessment of pathologic  response and/or survival endpoints",total RNA,Total RNA was extracted from tissue using Qiagen Rneasy columns,biotin,A single-round T7 amplification was used to generate biotin-labeled cRNA for hybridization.  At least 1 ug of RNA is required for cRNA synthesis.,9606,"Following fragmentation, 10 ug of cRNA were hybridized overnight at 46C on Affymetrix U133A arrays. GeneChips were washed and stained in the Affymetrix Fluidics Station 400.",GeneChips were scanned using the diagnostic-grade Affymetrix scanner 3000DX,Probe intensities were quantified with Microarray Suite version 5.0 (MAS 5.0) using Affymetrix default analysis settings.  CEL files were normalized using global scaling with a trimmed mean target intensity of each array arbitrarily set to 600 using the MAS5 algorithm from the simpleaffy package (http://bioconductor.org/packages/2.4/bioc/html/simpleaffy.html).,GPL96,ftp://ftp.ncbi.nlm.nih.gov/geo/samples/GSM615nnn/GSM615141/suppl/GSM615141_FL1876_ISPY47.CEL.gz,22283,Reanalyzed by: GSE205568
GSM615142,GSE25055,1150,GSM615142,Public on May 11 2011,Nov 01 2010,Jun 06 2022,RNA,1,"breast cancer, sample ISPY-1150",Homo sapiens,1150,ISPY,51.5,P,P,N,P,T3,N1,IIIA,4=Indeterminate,RD,RCB-II,0,2.946,P,N,SET-Int,Rx Sensitive,High,LumA,RD,RCB-II/III,breast cancer tumor,"Patients prospectively consented to a research biopsy by fine needle aspiration (FNA) or  core biopsy (CBX) prior to any systemic therapy, and to the future assessment of pathologic  response and/or survival endpoints",total RNA,Total RNA was extracted from tissue using Qiagen Rneasy columns,biotin,A single-round T7 amplification was used to generate biotin-labeled cRNA for hybridization.  At least 1 ug of RNA is required for cRNA synthesis.,9606,"Following fragmentation, 10 ug of cRNA were hybridized overnight at 46C on Affymetrix U133A arrays. GeneChips were washed and stained in the Affymetrix Fluidics Station 400.",GeneChips were scanned using the diagnostic-grade Affymetrix scanner 3000DX,Probe intensities were quantified with Microarray Suite version 5.0 (MAS 5.0) using Affymetrix default analysis settings.  CEL files were normalized using global scaling with a trimmed mean target intensity of each array arbitrarily set to 600 using the MAS5 algorithm from the simpleaffy package (http://bioconductor.org/packages/2.4/bioc/html/simpleaffy.html).,GPL96,ftp://ftp.ncbi.nlm.nih.gov/geo/samples/GSM615nnn/GSM615142/suppl/GSM615142_FL1877_ISPY48.CEL.gz,22283,Reanalyzed by: GSE205568
GSM615143,GSE25055,1155,GSM615143,Public on May 11 2011,Nov 01 2010,Jun 06 2022,RNA,1,"breast cancer, sample ISPY-1155",Homo sapiens,1155,ISPY,42.7,N,P,NA,N,T2,N0,IIA,3,pCR,RCB-0/I,0,2.902,N,N,SET-Low,Rx Insensitive,High,Basal,RD,RCB-0/I,breast cancer tumor,"Patients prospectively consented to a research biopsy by fine needle aspiration (FNA) or  core biopsy (CBX) prior to any systemic therapy, and to the future assessment of pathologic  response and/or survival endpoints",total RNA,Total RNA was extracted from tissue using Qiagen Rneasy columns,biotin,A single-round T7 amplification was used to generate biotin-labeled cRNA for hybridization.  At least 1 ug of RNA is required for cRNA synthesis.,9606,"Following fragmentation, 10 ug of cRNA were hybridized overnight at 46C on Affymetrix U133A arrays. GeneChips were washed and stained in the Affymetrix Fluidics Station 400.",GeneChips were scanned using the diagnostic-grade Affymetrix scanner 3000DX,Probe intensities were quantified with Microarray Suite version 5.0 (MAS 5.0) using Affymetrix default analysis settings.  CEL files were normalized using global scaling with a trimmed mean target intensity of each array arbitrarily set to 600 using the MAS5 algorithm from the simpleaffy package (http://bioconductor.org/packages/2.4/bioc/html/simpleaffy.html).,GPL96,ftp://ftp.ncbi.nlm.nih.gov/geo/samples/GSM615nnn/GSM615143/suppl/GSM615143_FL1879_ISPY50.CEL.gz,22283,Reanalyzed by: GSE205568
GSM615144,GSE25055,1158,GSM615144,Public on May 11 2011,Nov 01 2010,Jun 06 2022,RNA,1,"breast cancer, sample ISPY-1158",Homo sapiens,1158,ISPY,61.8,P,P,N,P,T2,N0,IIA,2,RD,RCB-II,0,3.261,P,N,SET-Low,Rx Sensitive,High,LumA,RD,RCB-0/I,breast cancer tumor,"Patients prospectively consented to a research biopsy by fine needle aspiration (FNA) or  core biopsy (CBX) prior to any systemic therapy, and to the future assessment of pathologic  response and/or survival endpoints",total RNA,Total RNA was extracted from tissue using Qiagen Rneasy columns,biotin,A single-round T7 amplification was used to generate biotin-labeled cRNA for hybridization.  At least 1 ug of RNA is required for cRNA synthesis.,9606,"Following fragmentation, 10 ug of cRNA were hybridized overnight at 46C on Affymetrix U133A arrays. GeneChips were washed and stained in the Affymetrix Fluidics Station 400.",GeneChips were scanned using the diagnostic-grade Affymetrix scanner 3000DX,Probe intensities were quantified with Microarray Suite version 5.0 (MAS 5.0) using Affymetrix default analysis settings.  CEL files were normalized using global scaling with a trimmed mean target intensity of each array arbitrarily set to 600 using the MAS5 algorithm from the simpleaffy package (http://bioconductor.org/packages/2.4/bioc/html/simpleaffy.html).,GPL96,ftp://ftp.ncbi.nlm.nih.gov/geo/samples/GSM615nnn/GSM615144/suppl/GSM615144_FL1881_ISPY52.CEL.gz,22283,Reanalyzed by: GSE205568
GSM615145,GSE25055,1160,GSM615145,Public on May 11 2011,Nov 01 2010,Jun 06 2022,RNA,1,"breast cancer, sample ISPY-1160",Homo sapiens,1160,ISPY,55.7,N,N,N,N,T3,N1,IIIA,3,RD,NA,0,0.898,N,N,SET-Low,Rx Insensitive,High,Basal,pCR,RCB-II/III,breast cancer tumor,"Patients prospectively consented to a research biopsy by fine needle aspiration (FNA) or  core biopsy (CBX) prior to any systemic therapy, and to the future assessment of pathologic  response and/or survival endpoints",total RNA,Total RNA was extracted from tissue using Qiagen Rneasy columns,biotin,A single-round T7 amplification was used to generate biotin-labeled cRNA for hybridization.  At least 1 ug of RNA is required for cRNA synthesis.,9606,"Following fragmentation, 10 ug of cRNA were hybridized overnight at 46C on Affymetrix U133A arrays. GeneChips were washed and stained in the Affymetrix Fluidics Station 400.",GeneChips were scanned using the diagnostic-grade Affymetrix scanner 3000DX,Probe intensities were quantified with Microarray Suite version 5.0 (MAS 5.0) using Affymetrix default analysis settings.  CEL files were normalized using global scaling with a trimmed mean target intensity of each array arbitrarily set to 600 using the MAS5 algorithm from the simpleaffy package (http://bioconductor.org/packages/2.4/bioc/html/simpleaffy.html).,GPL96,ftp://ftp.ncbi.nlm.nih.gov/geo/samples/GSM615nnn/GSM615145/suppl/GSM615145_FL1862_ISPY53.CEL.gz,22283,Reanalyzed by: GSE205568
GSM615146,GSE25055,1163,GSM615146,Public on May 11 2011,Nov 01 2010,Jun 06 2022,RNA,1,"breast cancer, sample ISPY-1163",Homo sapiens,1163,ISPY,38.9,N,N,N,N,T2,N0,IIA,3,pCR,RCB-0/I,0,2.533,N,N,SET-Low,Rx Sensitive,High,Basal,pCR,RCB-0/I,breast cancer tumor,"Patients prospectively consented to a research biopsy by fine needle aspiration (FNA) or  core biopsy (CBX) prior to any systemic therapy, and to the future assessment of pathologic  response and/or survival endpoints",total RNA,Total RNA was extracted from tissue using Qiagen Rneasy columns,biotin,A single-round T7 amplification was used to generate biotin-labeled cRNA for hybridization.  At least 1 ug of RNA is required for cRNA synthesis.,9606,"Following fragmentation, 10 ug of cRNA were hybridized overnight at 46C on Affymetrix U133A arrays. GeneChips were washed and stained in the Affymetrix Fluidics Station 400.",GeneChips were scanned using the diagnostic-grade Affymetrix scanner 3000DX,Probe intensities were quantified with Microarray Suite version 5.0 (MAS 5.0) using Affymetrix default analysis settings.  CEL files were normalized using global scaling with a trimmed mean target intensity of each array arbitrarily set to 600 using the MAS5 algorithm from the simpleaffy package (http://bioconductor.org/packages/2.4/bioc/html/simpleaffy.html).,GPL96,ftp://ftp.ncbi.nlm.nih.gov/geo/samples/GSM615nnn/GSM615146/suppl/GSM615146_FL1809_ISPY94.CEL.gz,22283,Reanalyzed by: GSE205568
GSM615147,GSE25055,1164,GSM615147,Public on May 11 2011,Nov 01 2010,Jun 06 2022,RNA,1,"breast cancer, sample ISPY-1164",Homo sapiens,1164,ISPY,60.1,P,P,I,P,T3,N1,IIIA,NA,RD,RCB-II,0,2.872,P,N,SET-Int,Rx Sensitive,High,LumA,RD,RCB-II/III,breast cancer tumor,"Patients prospectively consented to a research biopsy by fine needle aspiration (FNA) or  core biopsy (CBX) prior to any systemic therapy, and to the future assessment of pathologic  response and/or survival endpoints",total RNA,Total RNA was extracted from tissue using Qiagen Rneasy columns,biotin,A single-round T7 amplification was used to generate biotin-labeled cRNA for hybridization.  At least 1 ug of RNA is required for cRNA synthesis.,9606,"Following fragmentation, 10 ug of cRNA were hybridized overnight at 46C on Affymetrix U133A arrays. GeneChips were washed and stained in the Affymetrix Fluidics Station 400.",GeneChips were scanned using the diagnostic-grade Affymetrix scanner 3000DX,Probe intensities were quantified with Microarray Suite version 5.0 (MAS 5.0) using Affymetrix default analysis settings.  CEL files were normalized using global scaling with a trimmed mean target intensity of each array arbitrarily set to 600 using the MAS5 algorithm from the simpleaffy package (http://bioconductor.org/packages/2.4/bioc/html/simpleaffy.html).,GPL96,ftp://ftp.ncbi.nlm.nih.gov/geo/samples/GSM615nnn/GSM615147/suppl/GSM615147_FL1863_ISPY54.CEL.gz,22283,Reanalyzed by: GSE205568
GSM615148,GSE25055,1165,GSM615148,Public on May 11 2011,Nov 01 2010,Jun 06 2022,RNA,1,"breast cancer, sample ISPY-1165",Homo sapiens,1165,ISPY,39.7,N,N,N,N,T3,N1,IIIA,3,RD,RCB-II,0,2.669,N,N,SET-Low,Rx Insensitive,High,Basal,pCR,RCB-II/III,breast cancer tumor,"Patients prospectively consented to a research biopsy by fine needle aspiration (FNA) or  core biopsy (CBX) prior to any systemic therapy, and to the future assessment of pathologic  response and/or survival endpoints",total RNA,Total RNA was extracted from tissue using Qiagen Rneasy columns,biotin,A single-round T7 amplification was used to generate biotin-labeled cRNA for hybridization.  At least 1 ug of RNA is required for cRNA synthesis.,9606,"Following fragmentation, 10 ug of cRNA were hybridized overnight at 46C on Affymetrix U133A arrays. GeneChips were washed and stained in the Affymetrix Fluidics Station 400.",GeneChips were scanned using the diagnostic-grade Affymetrix scanner 3000DX,Probe intensities were quantified with Microarray Suite version 5.0 (MAS 5.0) using Affymetrix default analysis settings.  CEL files were normalized using global scaling with a trimmed mean target intensity of each array arbitrarily set to 600 using the MAS5 algorithm from the simpleaffy package (http://bioconductor.org/packages/2.4/bioc/html/simpleaffy.html).,GPL96,ftp://ftp.ncbi.nlm.nih.gov/geo/samples/GSM615nnn/GSM615148/suppl/GSM615148_FL1810_ISPY95.CEL.gz,22283,Reanalyzed by: GSE205568
GSM615149,GSE25055,1169,GSM615149,Public on May 11 2011,Nov 01 2010,Jun 06 2022,RNA,1,"breast cancer, sample ISPY-1169",Homo sapiens,1169,ISPY,44.2,N,N,N,N,T3,N2,IIIA,3,RD,RCB-III,1,0.715,N,N,SET-Low,Rx Insensitive,High,Basal,pCR,RCB-II/III,breast cancer tumor,"Patients prospectively consented to a research biopsy by fine needle aspiration (FNA) or  core biopsy (CBX) prior to any systemic therapy, and to the future assessment of pathologic  response and/or survival endpoints",total RNA,Total RNA was extracted from tissue using Qiagen Rneasy columns,biotin,A single-round T7 amplification was used to generate biotin-labeled cRNA for hybridization.  At least 1 ug of RNA is required for cRNA synthesis.,9606,"Following fragmentation, 10 ug of cRNA were hybridized overnight at 46C on Affymetrix U133A arrays. GeneChips were washed and stained in the Affymetrix Fluidics Station 400.",GeneChips were scanned using the diagnostic-grade Affymetrix scanner 3000DX,Probe intensities were quantified with Microarray Suite version 5.0 (MAS 5.0) using Affymetrix default analysis settings.  CEL files were normalized using global scaling with a trimmed mean target intensity of each array arbitrarily set to 600 using the MAS5 algorithm from the simpleaffy package (http://bioconductor.org/packages/2.4/bioc/html/simpleaffy.html).,GPL96,ftp://ftp.ncbi.nlm.nih.gov/geo/samples/GSM615nnn/GSM615149/suppl/GSM615149_FL1866_ISPY57.CEL.gz,22283,Reanalyzed by: GSE205568
GSM615150,GSE25055,1170,GSM615150,Public on May 11 2011,Nov 01 2010,Jun 06 2022,RNA,1,"breast cancer, sample ISPY-1170",Homo sapiens,1170,ISPY,44.4,P,P,N,P,T3,N1,IIIA,2,RD,RCB-III,0,2.174,P,N,SET-High,Rx Sensitive,Low,LumA,RD,RCB-II/III,breast cancer tumor,"Patients prospectively consented to a research biopsy by fine needle aspiration (FNA) or  core biopsy (CBX) prior to any systemic therapy, and to the future assessment of pathologic  response and/or survival endpoints",total RNA,Total RNA was extracted from tissue using Qiagen Rneasy columns,biotin,A single-round T7 amplification was used to generate biotin-labeled cRNA for hybridization.  At least 1 ug of RNA is required for cRNA synthesis.,9606,"Following fragmentation, 10 ug of cRNA were hybridized overnight at 46C on Affymetrix U133A arrays. GeneChips were washed and stained in the Affymetrix Fluidics Station 400.",GeneChips were scanned using the diagnostic-grade Affymetrix scanner 3000DX,Probe intensities were quantified with Microarray Suite version 5.0 (MAS 5.0) using Affymetrix default analysis settings.  CEL files were normalized using global scaling with a trimmed mean target intensity of each array arbitrarily set to 600 using the MAS5 algorithm from the simpleaffy package (http://bioconductor.org/packages/2.4/bioc/html/simpleaffy.html).,GPL96,ftp://ftp.ncbi.nlm.nih.gov/geo/samples/GSM615nnn/GSM615150/suppl/GSM615150_FL1827_ISPY116.CEL.gz,22283,Reanalyzed by: GSE205568
GSM615151,GSE25055,1172,GSM615151,Public on May 11 2011,Nov 01 2010,Jun 06 2022,RNA,1,"breast cancer, sample ISPY-1172",Homo sapiens,1172,ISPY,44.6,N,N,N,N,T2,N0,IIA,2,RD,RCB-II,0,0.914,N,N,SET-Low,Rx Insensitive,High,Basal,pCR,RCB-II/III,breast cancer tumor,"Patients prospectively consented to a research biopsy by fine needle aspiration (FNA) or  core biopsy (CBX) prior to any systemic therapy, and to the future assessment of pathologic  response and/or survival endpoints",total RNA,Total RNA was extracted from tissue using Qiagen Rneasy columns,biotin,A single-round T7 amplification was used to generate biotin-labeled cRNA for hybridization.  At least 1 ug of RNA is required for cRNA synthesis.,9606,"Following fragmentation, 10 ug of cRNA were hybridized overnight at 46C on Affymetrix U133A arrays. GeneChips were washed and stained in the Affymetrix Fluidics Station 400.",GeneChips were scanned using the diagnostic-grade Affymetrix scanner 3000DX,Probe intensities were quantified with Microarray Suite version 5.0 (MAS 5.0) using Affymetrix default analysis settings.  CEL files were normalized using global scaling with a trimmed mean target intensity of each array arbitrarily set to 600 using the MAS5 algorithm from the simpleaffy package (http://bioconductor.org/packages/2.4/bioc/html/simpleaffy.html).,GPL96,ftp://ftp.ncbi.nlm.nih.gov/geo/samples/GSM615nnn/GSM615151/suppl/GSM615151_FL1867_ISPY58.CEL.gz,22283,Reanalyzed by: GSE205568
GSM615152,GSE25055,1173,GSM615152,Public on May 11 2011,Nov 01 2010,Jun 06 2022,RNA,1,"breast cancer, sample ISPY-1173",Homo sapiens,1173,ISPY,44.0,I,I,NA,N,T2,N2,IIIA,3,RD,RCB-II,0,2.798,N,N,SET-Low,Rx Insensitive,High,Basal,pCR,RCB-II/III,breast cancer tumor,"Patients prospectively consented to a research biopsy by fine needle aspiration (FNA) or  core biopsy (CBX) prior to any systemic therapy, and to the future assessment of pathologic  response and/or survival endpoints",total RNA,Total RNA was extracted from tissue using Qiagen Rneasy columns,biotin,A single-round T7 amplification was used to generate biotin-labeled cRNA for hybridization.  At least 1 ug of RNA is required for cRNA synthesis.,9606,"Following fragmentation, 10 ug of cRNA were hybridized overnight at 46C on Affymetrix U133A arrays. GeneChips were washed and stained in the Affymetrix Fluidics Station 400.",GeneChips were scanned using the diagnostic-grade Affymetrix scanner 3000DX,Probe intensities were quantified with Microarray Suite version 5.0 (MAS 5.0) using Affymetrix default analysis settings.  CEL files were normalized using global scaling with a trimmed mean target intensity of each array arbitrarily set to 600 using the MAS5 algorithm from the simpleaffy package (http://bioconductor.org/packages/2.4/bioc/html/simpleaffy.html).,GPL96,ftp://ftp.ncbi.nlm.nih.gov/geo/samples/GSM615nnn/GSM615152/suppl/GSM615152_FL1811_ISPY96.CEL.gz,22283,Reanalyzed by: GSE205568
GSM615153,GSE25055,1175,GSM615153,Public on May 11 2011,Nov 01 2010,Jun 06 2022,RNA,1,"breast cancer, sample ISPY-1175",Homo sapiens,1175,ISPY,64.3,P,P,N,P,T3,N1,IIIA,2,RD,RCB-II,0,2.672,P,N,SET-Low,Rx Insensitive,High,LumB,RD,RCB-II/III,breast cancer tumor,"Patients prospectively consented to a research biopsy by fine needle aspiration (FNA) or  core biopsy (CBX) prior to any systemic therapy, and to the future assessment of pathologic  response and/or survival endpoints",total RNA,Total RNA was extracted from tissue using Qiagen Rneasy columns,biotin,A single-round T7 amplification was used to generate biotin-labeled cRNA for hybridization.  At least 1 ug of RNA is required for cRNA synthesis.,9606,"Following fragmentation, 10 ug of cRNA were hybridized overnight at 46C on Affymetrix U133A arrays. GeneChips were washed and stained in the Affymetrix Fluidics Station 400.",GeneChips were scanned using the diagnostic-grade Affymetrix scanner 3000DX,Probe intensities were quantified with Microarray Suite version 5.0 (MAS 5.0) using Affymetrix default analysis settings.  CEL files were normalized using global scaling with a trimmed mean target intensity of each array arbitrarily set to 600 using the MAS5 algorithm from the simpleaffy package (http://bioconductor.org/packages/2.4/bioc/html/simpleaffy.html).,GPL96,ftp://ftp.ncbi.nlm.nih.gov/geo/samples/GSM615nnn/GSM615153/suppl/GSM615153_FL1868_ISPY59.CEL.gz,22283,Reanalyzed by: GSE205568
GSM615154,GSE25055,1177,GSM615154,Public on May 11 2011,Nov 01 2010,Jun 06 2022,RNA,1,"breast cancer, sample ISPY-1177",Homo sapiens,1177,ISPY,40.8,N,N,N,N,T2,N1,IIB,3,pCR,RCB-0/I,0,2.530,N,N,SET-Low,Rx Sensitive,High,Basal,pCR,RCB-0/I,breast cancer tumor,"Patients prospectively consented to a research biopsy by fine needle aspiration (FNA) or  core biopsy (CBX) prior to any systemic therapy, and to the future assessment of pathologic  response and/or survival endpoints",total RNA,Total RNA was extracted from tissue using Qiagen Rneasy columns,biotin,A single-round T7 amplification was used to generate biotin-labeled cRNA for hybridization.  At least 1 ug of RNA is required for cRNA synthesis.,9606,"Following fragmentation, 10 ug of cRNA were hybridized overnight at 46C on Affymetrix U133A arrays. GeneChips were washed and stained in the Affymetrix Fluidics Station 400.",GeneChips were scanned using the diagnostic-grade Affymetrix scanner 3000DX,Probe intensities were quantified with Microarray Suite version 5.0 (MAS 5.0) using Affymetrix default analysis settings.  CEL files were normalized using global scaling with a trimmed mean target intensity of each array arbitrarily set to 600 using the MAS5 algorithm from the simpleaffy package (http://bioconductor.org/packages/2.4/bioc/html/simpleaffy.html).,GPL96,ftp://ftp.ncbi.nlm.nih.gov/geo/samples/GSM615nnn/GSM615154/suppl/GSM615154_FL1870_ISPY61.CEL.gz,22283,Reanalyzed by: GSE205568
GSM615155,GSE25055,1180,GSM615155,Public on May 11 2011,Nov 01 2010,Jun 06 2022,RNA,1,"breast cancer, sample ISPY-1180",Homo sapiens,1180,ISPY,31.5,P,P,N,P,T4,N1,IIIB,3,RD,RCB-II,0,3.192,P,N,SET-Int,Rx Sensitive,High,Basal,RD,RCB-0/I,breast cancer tumor,"Patients prospectively consented to a research biopsy by fine needle aspiration (FNA) or  core biopsy (CBX) prior to any systemic therapy, and to the future assessment of pathologic  response and/or survival endpoints",total RNA,Total RNA was extracted from tissue using Qiagen Rneasy columns,biotin,A single-round T7 amplification was used to generate biotin-labeled cRNA for hybridization.  At least 1 ug of RNA is required for cRNA synthesis.,9606,"Following fragmentation, 10 ug of cRNA were hybridized overnight at 46C on Affymetrix U133A arrays. GeneChips were washed and stained in the Affymetrix Fluidics Station 400.",GeneChips were scanned using the diagnostic-grade Affymetrix scanner 3000DX,Probe intensities were quantified with Microarray Suite version 5.0 (MAS 5.0) using Affymetrix default analysis settings.  CEL files were normalized using global scaling with a trimmed mean target intensity of each array arbitrarily set to 600 using the MAS5 algorithm from the simpleaffy package (http://bioconductor.org/packages/2.4/bioc/html/simpleaffy.html).,GPL96,ftp://ftp.ncbi.nlm.nih.gov/geo/samples/GSM615nnn/GSM615155/suppl/GSM615155_FL1820_ISPY105.CEL.gz,22283,Reanalyzed by: GSE205568
GSM615156,GSE25055,1188,GSM615156,Public on May 11 2011,Nov 01 2010,Jun 06 2022,RNA,1,"breast cancer, sample ISPY-1188",Homo sapiens,1188,ISPY,38.3,N,N,N,N,T2,N1,IIB,3,RD,RCB-II,0,2.026,N,N,SET-Low,Rx Insensitive,High,Basal,pCR,RCB-II/III,breast cancer tumor,"Patients prospectively consented to a research biopsy by fine needle aspiration (FNA) or  core biopsy (CBX) prior to any systemic therapy, and to the future assessment of pathologic  response and/or survival endpoints",total RNA,Total RNA was extracted from tissue using Qiagen Rneasy columns,biotin,A single-round T7 amplification was used to generate biotin-labeled cRNA for hybridization.  At least 1 ug of RNA is required for cRNA synthesis.,9606,"Following fragmentation, 10 ug of cRNA were hybridized overnight at 46C on Affymetrix U133A arrays. GeneChips were washed and stained in the Affymetrix Fluidics Station 400.",GeneChips were scanned using the diagnostic-grade Affymetrix scanner 3000DX,Probe intensities were quantified with Microarray Suite version 5.0 (MAS 5.0) using Affymetrix default analysis settings.  CEL files were normalized using global scaling with a trimmed mean target intensity of each array arbitrarily set to 600 using the MAS5 algorithm from the simpleaffy package (http://bioconductor.org/packages/2.4/bioc/html/simpleaffy.html).,GPL96,ftp://ftp.ncbi.nlm.nih.gov/geo/samples/GSM615nnn/GSM615156/suppl/GSM615156_FL1871_ISPY62.CEL.gz,22283,Reanalyzed by: GSE205568
GSM615157,GSE25055,1191,GSM615157,Public on May 11 2011,Nov 01 2010,Jun 06 2022,RNA,1,"breast cancer, sample ISPY-1191",Homo sapiens,1191,ISPY,45.9,P,I,N,P,T2,N1,IIB,2,RD,RCB-II,0,2.045,P,N,SET-Low,Rx Insensitive,High,Her2,RD,RCB-II/III,breast cancer tumor,"Patients prospectively consented to a research biopsy by fine needle aspiration (FNA) or  core biopsy (CBX) prior to any systemic therapy, and to the future assessment of pathologic  response and/or survival endpoints",total RNA,Total RNA was extracted from tissue using Qiagen Rneasy columns,biotin,A single-round T7 amplification was used to generate biotin-labeled cRNA for hybridization.  At least 1 ug of RNA is required for cRNA synthesis.,9606,"Following fragmentation, 10 ug of cRNA were hybridized overnight at 46C on Affymetrix U133A arrays. GeneChips were washed and stained in the Affymetrix Fluidics Station 400.",GeneChips were scanned using the diagnostic-grade Affymetrix scanner 3000DX,Probe intensities were quantified with Microarray Suite version 5.0 (MAS 5.0) using Affymetrix default analysis settings.  CEL files were normalized using global scaling with a trimmed mean target intensity of each array arbitrarily set to 600 using the MAS5 algorithm from the simpleaffy package (http://bioconductor.org/packages/2.4/bioc/html/simpleaffy.html).,GPL96,ftp://ftp.ncbi.nlm.nih.gov/geo/samples/GSM615nnn/GSM615157/suppl/GSM615157_FL1812_ISPY97.CEL.gz,22283,Reanalyzed by: GSE205568
GSM615158,GSE25055,1193,GSM615158,Public on May 11 2011,Nov 01 2010,Jun 06 2022,RNA,1,"breast cancer, sample ISPY-1193",Homo sapiens,1193,ISPY,59.6,P,P,N,P,T2,N0,IIA,1,RD,RCB-III,0,2.275,P,N,SET-Low,Rx Insensitive,Low,LumA,RD,RCB-II/III,breast cancer tumor,"Patients prospectively consented to a research biopsy by fine needle aspiration (FNA) or  core biopsy (CBX) prior to any systemic therapy, and to the future assessment of pathologic  response and/or survival endpoints",total RNA,Total RNA was extracted from tissue using Qiagen Rneasy columns,biotin,A single-round T7 amplification was used to generate biotin-labeled cRNA for hybridization.  At least 1 ug of RNA is required for cRNA synthesis.,9606,"Following fragmentation, 10 ug of cRNA were hybridized overnight at 46C on Affymetrix U133A arrays. GeneChips were washed and stained in the Affymetrix Fluidics Station 400.",GeneChips were scanned using the diagnostic-grade Affymetrix scanner 3000DX,Probe intensities were quantified with Microarray Suite version 5.0 (MAS 5.0) using Affymetrix default analysis settings.  CEL files were normalized using global scaling with a trimmed mean target intensity of each array arbitrarily set to 600 using the MAS5 algorithm from the simpleaffy package (http://bioconductor.org/packages/2.4/bioc/html/simpleaffy.html).,GPL96,ftp://ftp.ncbi.nlm.nih.gov/geo/samples/GSM615nnn/GSM615158/suppl/GSM615158_FL1821_ISPY106.CEL.gz,22283,Reanalyzed by: GSE205568
GSM615159,GSE25055,1197,GSM615159,Public on May 11 2011,Nov 01 2010,Jun 06 2022,RNA,1,"breast cancer, sample ISPY-1197",Homo sapiens,1197,ISPY,44.7,N,P,NA,N,T2,N1,IIB,4=Indeterminate,RD,RCB-II,0,1.692,N,N,SET-Low,Rx Insensitive,High,Her2,pCR,RCB-II/III,breast cancer tumor,"Patients prospectively consented to a research biopsy by fine needle aspiration (FNA) or  core biopsy (CBX) prior to any systemic therapy, and to the future assessment of pathologic  response and/or survival endpoints",total RNA,Total RNA was extracted from tissue using Qiagen Rneasy columns,biotin,A single-round T7 amplification was used to generate biotin-labeled cRNA for hybridization.  At least 1 ug of RNA is required for cRNA synthesis.,9606,"Following fragmentation, 10 ug of cRNA were hybridized overnight at 46C on Affymetrix U133A arrays. GeneChips were washed and stained in the Affymetrix Fluidics Station 400.",GeneChips were scanned using the diagnostic-grade Affymetrix scanner 3000DX,Probe intensities were quantified with Microarray Suite version 5.0 (MAS 5.0) using Affymetrix default analysis settings.  CEL files were normalized using global scaling with a trimmed mean target intensity of each array arbitrarily set to 600 using the MAS5 algorithm from the simpleaffy package (http://bioconductor.org/packages/2.4/bioc/html/simpleaffy.html).,GPL96,ftp://ftp.ncbi.nlm.nih.gov/geo/samples/GSM615nnn/GSM615159/suppl/GSM615159_FL1861_ISPY72.CEL.gz,22283,Reanalyzed by: GSE205568
GSM615160,GSE25055,1199,GSM615160,Public on May 11 2011,Nov 01 2010,Jun 06 2022,RNA,1,"breast cancer, sample ISPY-1199",Homo sapiens,1199,ISPY,37.7,N,N,N,N,T3,N1,IIIA,3,RD,RCB-III,1,0.383,N,N,SET-Low,Rx Insensitive,High,Basal,pCR,RCB-II/III,breast cancer tumor,"Patients prospectively consented to a research biopsy by fine needle aspiration (FNA) or  core biopsy (CBX) prior to any systemic therapy, and to the future assessment of pathologic  response and/or survival endpoints",total RNA,Total RNA was extracted from tissue using Qiagen Rneasy columns,biotin,A single-round T7 amplification was used to generate biotin-labeled cRNA for hybridization.  At least 1 ug of RNA is required for cRNA synthesis.,9606,"Following fragmentation, 10 ug of cRNA were hybridized overnight at 46C on Affymetrix U133A arrays. GeneChips were washed and stained in the Affymetrix Fluidics Station 400.",GeneChips were scanned using the diagnostic-grade Affymetrix scanner 3000DX,Probe intensities were quantified with Microarray Suite version 5.0 (MAS 5.0) using Affymetrix default analysis settings.  CEL files were normalized using global scaling with a trimmed mean target intensity of each array arbitrarily set to 600 using the MAS5 algorithm from the simpleaffy package (http://bioconductor.org/packages/2.4/bioc/html/simpleaffy.html).,GPL96,ftp://ftp.ncbi.nlm.nih.gov/geo/samples/GSM615nnn/GSM615160/suppl/GSM615160_FL1822_ISPY107.CEL.gz,22283,Reanalyzed by: GSE205568
GSM615161,GSE25055,1200,GSM615161,Public on May 11 2011,Nov 01 2010,Jun 06 2022,RNA,1,"breast cancer, sample ISPY-1200",Homo sapiens,1200,ISPY,43.8,I,I,N,P,T2,N0,IIA,2,RD,RCB-III,0,2.401,P,N,SET-High,Rx Sensitive,High,LumA,RD,RCB-II/III,breast cancer tumor,"Patients prospectively consented to a research biopsy by fine needle aspiration (FNA) or  core biopsy (CBX) prior to any systemic therapy, and to the future assessment of pathologic  response and/or survival endpoints",total RNA,Total RNA was extracted from tissue using Qiagen Rneasy columns,biotin,A single-round T7 amplification was used to generate biotin-labeled cRNA for hybridization.  At least 1 ug of RNA is required for cRNA synthesis.,9606,"Following fragmentation, 10 ug of cRNA were hybridized overnight at 46C on Affymetrix U133A arrays. GeneChips were washed and stained in the Affymetrix Fluidics Station 400.",GeneChips were scanned using the diagnostic-grade Affymetrix scanner 3000DX,Probe intensities were quantified with Microarray Suite version 5.0 (MAS 5.0) using Affymetrix default analysis settings.  CEL files were normalized using global scaling with a trimmed mean target intensity of each array arbitrarily set to 600 using the MAS5 algorithm from the simpleaffy package (http://bioconductor.org/packages/2.4/bioc/html/simpleaffy.html).,GPL96,ftp://ftp.ncbi.nlm.nih.gov/geo/samples/GSM615nnn/GSM615161/suppl/GSM615161_FL1823_ISPY108.CEL.gz,22283,Reanalyzed by: GSE205568
GSM615162,GSE25055,1203,GSM615162,Public on May 11 2011,Nov 01 2010,Jun 06 2022,RNA,1,"breast cancer, sample ISPY-1203",Homo sapiens,1203,ISPY,42.3,P,P,N,P,T3,N2,IIIA,1,RD,NA,0,2.508,P,N,SET-Int,Rx Sensitive,Low,LumA,RD,RCB-II/III,breast cancer tumor,"Patients prospectively consented to a research biopsy by fine needle aspiration (FNA) or  core biopsy (CBX) prior to any systemic therapy, and to the future assessment of pathologic  response and/or survival endpoints",total RNA,Total RNA was extracted from tissue using Qiagen Rneasy columns,biotin,A single-round T7 amplification was used to generate biotin-labeled cRNA for hybridization.  At least 1 ug of RNA is required for cRNA synthesis.,9606,"Following fragmentation, 10 ug of cRNA were hybridized overnight at 46C on Affymetrix U133A arrays. GeneChips were washed and stained in the Affymetrix Fluidics Station 400.",GeneChips were scanned using the diagnostic-grade Affymetrix scanner 3000DX,Probe intensities were quantified with Microarray Suite version 5.0 (MAS 5.0) using Affymetrix default analysis settings.  CEL files were normalized using global scaling with a trimmed mean target intensity of each array arbitrarily set to 600 using the MAS5 algorithm from the simpleaffy package (http://bioconductor.org/packages/2.4/bioc/html/simpleaffy.html).,GPL96,ftp://ftp.ncbi.nlm.nih.gov/geo/samples/GSM615nnn/GSM615162/suppl/GSM615162_FL1824_ISPY109.CEL.gz,22283,Reanalyzed by: GSE205568
GSM615163,GSE25055,1205,GSM615163,Public on May 11 2011,Nov 01 2010,Jun 06 2022,RNA,1,"breast cancer, sample ISPY-1205",Homo sapiens,1205,ISPY,42.6,P,P,N,P,T3,N1,IIIA,NA,NA,NA,0,0.523,P,N,SET-High,Rx Sensitive,High,LumB,RD,RCB-II/III,breast cancer tumor,"Patients prospectively consented to a research biopsy by fine needle aspiration (FNA) or  core biopsy (CBX) prior to any systemic therapy, and to the future assessment of pathologic  response and/or survival endpoints",total RNA,Total RNA was extracted from tissue using Qiagen Rneasy columns,biotin,A single-round T7 amplification was used to generate biotin-labeled cRNA for hybridization.  At least 1 ug of RNA is required for cRNA synthesis.,9606,"Following fragmentation, 10 ug of cRNA were hybridized overnight at 46C on Affymetrix U133A arrays. GeneChips were washed and stained in the Affymetrix Fluidics Station 400.",GeneChips were scanned using the diagnostic-grade Affymetrix scanner 3000DX,Probe intensities were quantified with Microarray Suite version 5.0 (MAS 5.0) using Affymetrix default analysis settings.  CEL files were normalized using global scaling with a trimmed mean target intensity of each array arbitrarily set to 600 using the MAS5 algorithm from the simpleaffy package (http://bioconductor.org/packages/2.4/bioc/html/simpleaffy.html).,GPL96,ftp://ftp.ncbi.nlm.nih.gov/geo/samples/GSM615nnn/GSM615163/suppl/GSM615163_FL1712_C254891.CEL.gz,22283,Reanalyzed by: GSE205568
GSM615164,GSE25055,1208,GSM615164,Public on May 11 2011,Nov 01 2010,Jun 06 2022,RNA,1,"breast cancer, sample ISPY-1208",Homo sapiens,1208,ISPY,42.1,N,N,N,N,T3,N0,IIB,3,pCR,RCB-0/I,0,1.432,N,N,SET-Low,Rx Sensitive,High,Basal,pCR,RCB-0/I,breast cancer tumor,"Patients prospectively consented to a research biopsy by fine needle aspiration (FNA) or  core biopsy (CBX) prior to any systemic therapy, and to the future assessment of pathologic  response and/or survival endpoints",total RNA,Total RNA was extracted from tissue using Qiagen Rneasy columns,biotin,A single-round T7 amplification was used to generate biotin-labeled cRNA for hybridization.  At least 1 ug of RNA is required for cRNA synthesis.,9606,"Following fragmentation, 10 ug of cRNA were hybridized overnight at 46C on Affymetrix U133A arrays. GeneChips were washed and stained in the Affymetrix Fluidics Station 400.",GeneChips were scanned using the diagnostic-grade Affymetrix scanner 3000DX,Probe intensities were quantified with Microarray Suite version 5.0 (MAS 5.0) using Affymetrix default analysis settings.  CEL files were normalized using global scaling with a trimmed mean target intensity of each array arbitrarily set to 600 using the MAS5 algorithm from the simpleaffy package (http://bioconductor.org/packages/2.4/bioc/html/simpleaffy.html).,GPL96,ftp://ftp.ncbi.nlm.nih.gov/geo/samples/GSM615nnn/GSM615164/suppl/GSM615164_FL1825_ISPY110.CEL.gz,22283,Reanalyzed by: GSE205568
GSM615165,GSE25055,1209,GSM615165,Public on May 11 2011,Nov 01 2010,Jun 06 2022,RNA,1,"breast cancer, sample ISPY-1209",Homo sapiens,1209,ISPY,43.4,P,N,N,P,T2,N0,IIA,2,RD,RCB-II,0,1.640,P,N,SET-Low,Rx Insensitive,High,Normal,RD,RCB-II/III,breast cancer tumor,"Patients prospectively consented to a research biopsy by fine needle aspiration (FNA) or  core biopsy (CBX) prior to any systemic therapy, and to the future assessment of pathologic  response and/or survival endpoints",total RNA,Total RNA was extracted from tissue using Qiagen Rneasy columns,biotin,A single-round T7 amplification was used to generate biotin-labeled cRNA for hybridization.  At least 1 ug of RNA is required for cRNA synthesis.,9606,"Following fragmentation, 10 ug of cRNA were hybridized overnight at 46C on Affymetrix U133A arrays. GeneChips were washed and stained in the Affymetrix Fluidics Station 400.",GeneChips were scanned using the diagnostic-grade Affymetrix scanner 3000DX,Probe intensities were quantified with Microarray Suite version 5.0 (MAS 5.0) using Affymetrix default analysis settings.  CEL files were normalized using global scaling with a trimmed mean target intensity of each array arbitrarily set to 600 using the MAS5 algorithm from the simpleaffy package (http://bioconductor.org/packages/2.4/bioc/html/simpleaffy.html).,GPL96,ftp://ftp.ncbi.nlm.nih.gov/geo/samples/GSM615nnn/GSM615165/suppl/GSM615165_FL1833_ISPY74.CEL.gz,22283,Reanalyzed by: GSE205568
GSM615166,GSE25055,1210,GSM615166,Public on May 11 2011,Nov 01 2010,Jun 06 2022,RNA,1,"breast cancer, sample ISPY-1210",Homo sapiens,1210,ISPY,40.6,P,P,NA,P,T3,N0,IIB,2,RD,RCB-II,0,2.119,P,N,SET-High,Rx Sensitive,High,Normal,RD,RCB-II/III,breast cancer tumor,"Patients prospectively consented to a research biopsy by fine needle aspiration (FNA) or  core biopsy (CBX) prior to any systemic therapy, and to the future assessment of pathologic  response and/or survival endpoints",total RNA,Total RNA was extracted from tissue using Qiagen Rneasy columns,biotin,A single-round T7 amplification was used to generate biotin-labeled cRNA for hybridization.  At least 1 ug of RNA is required for cRNA synthesis.,9606,"Following fragmentation, 10 ug of cRNA were hybridized overnight at 46C on Affymetrix U133A arrays. GeneChips were washed and stained in the Affymetrix Fluidics Station 400.",GeneChips were scanned using the diagnostic-grade Affymetrix scanner 3000DX,Probe intensities were quantified with Microarray Suite version 5.0 (MAS 5.0) using Affymetrix default analysis settings.  CEL files were normalized using global scaling with a trimmed mean target intensity of each array arbitrarily set to 600 using the MAS5 algorithm from the simpleaffy package (http://bioconductor.org/packages/2.4/bioc/html/simpleaffy.html).,GPL96,ftp://ftp.ncbi.nlm.nih.gov/geo/samples/GSM615nnn/GSM615166/suppl/GSM615166_FL1828_ISPY117.CEL.gz,22283,Reanalyzed by: GSE205568
GSM615167,GSE25055,1216,GSM615167,Public on May 11 2011,Nov 01 2010,Jun 06 2022,RNA,1,"breast cancer, sample ISPY-1216",Homo sapiens,1216,ISPY,34.4,N,N,N,N,T2,N2,IIIA,2,pCR,RCB-0/I,0,1.133,P,N,SET-Low,Rx Insensitive,Low,Normal,RD,RCB-0/I,breast cancer tumor,"Patients prospectively consented to a research biopsy by fine needle aspiration (FNA) or  core biopsy (CBX) prior to any systemic therapy, and to the future assessment of pathologic  response and/or survival endpoints",total RNA,Total RNA was extracted from tissue using Qiagen Rneasy columns,biotin,A single-round T7 amplification was used to generate biotin-labeled cRNA for hybridization.  At least 1 ug of RNA is required for cRNA synthesis.,9606,"Following fragmentation, 10 ug of cRNA were hybridized overnight at 46C on Affymetrix U133A arrays. GeneChips were washed and stained in the Affymetrix Fluidics Station 400.",GeneChips were scanned using the diagnostic-grade Affymetrix scanner 3000DX,Probe intensities were quantified with Microarray Suite version 5.0 (MAS 5.0) using Affymetrix default analysis settings.  CEL files were normalized using global scaling with a trimmed mean target intensity of each array arbitrarily set to 600 using the MAS5 algorithm from the simpleaffy package (http://bioconductor.org/packages/2.4/bioc/html/simpleaffy.html).,GPL96,ftp://ftp.ncbi.nlm.nih.gov/geo/samples/GSM615nnn/GSM615167/suppl/GSM615167_FL1834_ISPY75.CEL.gz,22283,Reanalyzed by: GSE205568
GSM615168,GSE25055,1217,GSM615168,Public on May 11 2011,Nov 01 2010,Jun 06 2022,RNA,1,"breast cancer, sample ISPY-1217",Homo sapiens,1217,ISPY,50.1,P,P,N,P,T2,N0,IIA,4=Indeterminate,RD,NA,0,1.361,P,N,SET-Low,Rx Insensitive,Low,LumA,RD,RCB-II/III,breast cancer tumor,"Patients prospectively consented to a research biopsy by fine needle aspiration (FNA) or  core biopsy (CBX) prior to any systemic therapy, and to the future assessment of pathologic  response and/or survival endpoints",total RNA,Total RNA was extracted from tissue using Qiagen Rneasy columns,biotin,A single-round T7 amplification was used to generate biotin-labeled cRNA for hybridization.  At least 1 ug of RNA is required for cRNA synthesis.,9606,"Following fragmentation, 10 ug of cRNA were hybridized overnight at 46C on Affymetrix U133A arrays. GeneChips were washed and stained in the Affymetrix Fluidics Station 400.",GeneChips were scanned using the diagnostic-grade Affymetrix scanner 3000DX,Probe intensities were quantified with Microarray Suite version 5.0 (MAS 5.0) using Affymetrix default analysis settings.  CEL files were normalized using global scaling with a trimmed mean target intensity of each array arbitrarily set to 600 using the MAS5 algorithm from the simpleaffy package (http://bioconductor.org/packages/2.4/bioc/html/simpleaffy.html).,GPL96,ftp://ftp.ncbi.nlm.nih.gov/geo/samples/GSM615nnn/GSM615168/suppl/GSM615168_FL1835_ISPY76.CEL.gz,22283,Reanalyzed by: GSE205568
GSM615169,GSE25055,1218,GSM615169,Public on May 11 2011,Nov 01 2010,Jun 06 2022,RNA,1,"breast cancer, sample ISPY-1218",Homo sapiens,1218,ISPY,47.8,N,N,N,N,T3,N1,IIIA,3,RD,RCB-II,0,2.264,P,N,SET-Low,Rx Insensitive,High,Basal,pCR,RCB-0/I,breast cancer tumor,"Patients prospectively consented to a research biopsy by fine needle aspiration (FNA) or  core biopsy (CBX) prior to any systemic therapy, and to the future assessment of pathologic  response and/or survival endpoints",total RNA,Total RNA was extracted from tissue using Qiagen Rneasy columns,biotin,A single-round T7 amplification was used to generate biotin-labeled cRNA for hybridization.  At least 1 ug of RNA is required for cRNA synthesis.,9606,"Following fragmentation, 10 ug of cRNA were hybridized overnight at 46C on Affymetrix U133A arrays. GeneChips were washed and stained in the Affymetrix Fluidics Station 400.",GeneChips were scanned using the diagnostic-grade Affymetrix scanner 3000DX,Probe intensities were quantified with Microarray Suite version 5.0 (MAS 5.0) using Affymetrix default analysis settings.  CEL files were normalized using global scaling with a trimmed mean target intensity of each array arbitrarily set to 600 using the MAS5 algorithm from the simpleaffy package (http://bioconductor.org/packages/2.4/bioc/html/simpleaffy.html).,GPL96,ftp://ftp.ncbi.nlm.nih.gov/geo/samples/GSM615nnn/GSM615169/suppl/GSM615169_FL1805_ISPY112.CEL.gz,22283,Reanalyzed by: GSE205568
GSM615170,GSE25055,1219,GSM615170,Public on May 11 2011,Nov 01 2010,Jun 06 2022,RNA,1,"breast cancer, sample ISPY-1219",Homo sapiens,1219,ISPY,46.0,P,P,NA,P,T3,N0,IIB,2,RD,RCB-II,0,2.198,P,N,SET-High,Rx Sensitive,Low,LumA,RD,RCB-II/III,breast cancer tumor,"Patients prospectively consented to a research biopsy by fine needle aspiration (FNA) or  core biopsy (CBX) prior to any systemic therapy, and to the future assessment of pathologic  response and/or survival endpoints",total RNA,Total RNA was extracted from tissue using Qiagen Rneasy columns,biotin,A single-round T7 amplification was used to generate biotin-labeled cRNA for hybridization.  At least 1 ug of RNA is required for cRNA synthesis.,9606,"Following fragmentation, 10 ug of cRNA were hybridized overnight at 46C on Affymetrix U133A arrays. GeneChips were washed and stained in the Affymetrix Fluidics Station 400.",GeneChips were scanned using the diagnostic-grade Affymetrix scanner 3000DX,Probe intensities were quantified with Microarray Suite version 5.0 (MAS 5.0) using Affymetrix default analysis settings.  CEL files were normalized using global scaling with a trimmed mean target intensity of each array arbitrarily set to 600 using the MAS5 algorithm from the simpleaffy package (http://bioconductor.org/packages/2.4/bioc/html/simpleaffy.html).,GPL96,ftp://ftp.ncbi.nlm.nih.gov/geo/samples/GSM615nnn/GSM615170/suppl/GSM615170_FL1806_ISPY113.CEL.gz,22283,Reanalyzed by: GSE205568
GSM615171,GSE25055,1220,GSM615171,Public on May 11 2011,Nov 01 2010,Jun 06 2022,RNA,1,"breast cancer, sample ISPY-1220",Homo sapiens,1220,ISPY,43.1,N,N,NA,N,T2,N1,IIB,NA,pCR,RCB-0/I,0,2.390,N,N,SET-Low,Rx Insensitive,High,Basal,pCR,RCB-0/I,breast cancer tumor,"Patients prospectively consented to a research biopsy by fine needle aspiration (FNA) or  core biopsy (CBX) prior to any systemic therapy, and to the future assessment of pathologic  response and/or survival endpoints",total RNA,Total RNA was extracted from tissue using Qiagen Rneasy columns,biotin,A single-round T7 amplification was used to generate biotin-labeled cRNA for hybridization.  At least 1 ug of RNA is required for cRNA synthesis.,9606,"Following fragmentation, 10 ug of cRNA were hybridized overnight at 46C on Affymetrix U133A arrays. GeneChips were washed and stained in the Affymetrix Fluidics Station 400.",GeneChips were scanned using the diagnostic-grade Affymetrix scanner 3000DX,Probe intensities were quantified with Microarray Suite version 5.0 (MAS 5.0) using Affymetrix default analysis settings.  CEL files were normalized using global scaling with a trimmed mean target intensity of each array arbitrarily set to 600 using the MAS5 algorithm from the simpleaffy package (http://bioconductor.org/packages/2.4/bioc/html/simpleaffy.html).,GPL96,ftp://ftp.ncbi.nlm.nih.gov/geo/samples/GSM615nnn/GSM615171/suppl/GSM615171_FL1836_ISPY77.CEL.gz,22283,Reanalyzed by: GSE205568
GSM615172,GSE25055,1223,GSM615172,Public on May 11 2011,Nov 01 2010,Jun 06 2022,RNA,1,"breast cancer, sample ISPY-1223",Homo sapiens,1223,ISPY,59.8,P,P,N,P,T2,N0,IIA,2,RD,RCB-II,0,2.587,P,N,SET-Int,Rx Sensitive,Low,LumA,RD,RCB-II/III,breast cancer tumor,"Patients prospectively consented to a research biopsy by fine needle aspiration (FNA) or  core biopsy (CBX) prior to any systemic therapy, and to the future assessment of pathologic  response and/or survival endpoints",total RNA,Total RNA was extracted from tissue using Qiagen Rneasy columns,biotin,A single-round T7 amplification was used to generate biotin-labeled cRNA for hybridization.  At least 1 ug of RNA is required for cRNA synthesis.,9606,"Following fragmentation, 10 ug of cRNA were hybridized overnight at 46C on Affymetrix U133A arrays. GeneChips were washed and stained in the Affymetrix Fluidics Station 400.",GeneChips were scanned using the diagnostic-grade Affymetrix scanner 3000DX,Probe intensities were quantified with Microarray Suite version 5.0 (MAS 5.0) using Affymetrix default analysis settings.  CEL files were normalized using global scaling with a trimmed mean target intensity of each array arbitrarily set to 600 using the MAS5 algorithm from the simpleaffy package (http://bioconductor.org/packages/2.4/bioc/html/simpleaffy.html).,GPL96,ftp://ftp.ncbi.nlm.nih.gov/geo/samples/GSM615nnn/GSM615172/suppl/GSM615172_FL1837_ISPY78.CEL.gz,22283,Reanalyzed by: GSE205568
GSM615173,GSE25055,1225,GSM615173,Public on May 11 2011,Nov 01 2010,Jun 06 2022,RNA,1,"breast cancer, sample ISPY-1225",Homo sapiens,1225,ISPY,47.8,P,P,N,P,T1,N1,IIA,NA,RD,RCB-II,0,2.086,P,N,SET-High,Rx Sensitive,Low,LumA,RD,RCB-II/III,breast cancer tumor,"Patients prospectively consented to a research biopsy by fine needle aspiration (FNA) or  core biopsy (CBX) prior to any systemic therapy, and to the future assessment of pathologic  response and/or survival endpoints",total RNA,Total RNA was extracted from tissue using Qiagen Rneasy columns,biotin,A single-round T7 amplification was used to generate biotin-labeled cRNA for hybridization.  At least 1 ug of RNA is required for cRNA synthesis.,9606,"Following fragmentation, 10 ug of cRNA were hybridized overnight at 46C on Affymetrix U133A arrays. GeneChips were washed and stained in the Affymetrix Fluidics Station 400.",GeneChips were scanned using the diagnostic-grade Affymetrix scanner 3000DX,Probe intensities were quantified with Microarray Suite version 5.0 (MAS 5.0) using Affymetrix default analysis settings.  CEL files were normalized using global scaling with a trimmed mean target intensity of each array arbitrarily set to 600 using the MAS5 algorithm from the simpleaffy package (http://bioconductor.org/packages/2.4/bioc/html/simpleaffy.html).,GPL96,ftp://ftp.ncbi.nlm.nih.gov/geo/samples/GSM615nnn/GSM615173/suppl/GSM615173_FL1807_ISPY114.CEL.gz,22283,Reanalyzed by: GSE205568
GSM615174,GSE25055,1226,GSM615174,Public on May 11 2011,Nov 01 2010,Jun 06 2022,RNA,1,"breast cancer, sample ISPY-1226",Homo sapiens,1226,ISPY,42.1,P,P,N,P,T2,N2,IIIA,3,RD,RCB-II,0,2.478,P,N,SET-Low,Rx Insensitive,High,LumB,RD,RCB-II/III,breast cancer tumor,"Patients prospectively consented to a research biopsy by fine needle aspiration (FNA) or  core biopsy (CBX) prior to any systemic therapy, and to the future assessment of pathologic  response and/or survival endpoints",total RNA,Total RNA was extracted from tissue using Qiagen Rneasy columns,biotin,A single-round T7 amplification was used to generate biotin-labeled cRNA for hybridization.  At least 1 ug of RNA is required for cRNA synthesis.,9606,"Following fragmentation, 10 ug of cRNA were hybridized overnight at 46C on Affymetrix U133A arrays. GeneChips were washed and stained in the Affymetrix Fluidics Station 400.",GeneChips were scanned using the diagnostic-grade Affymetrix scanner 3000DX,Probe intensities were quantified with Microarray Suite version 5.0 (MAS 5.0) using Affymetrix default analysis settings.  CEL files were normalized using global scaling with a trimmed mean target intensity of each array arbitrarily set to 600 using the MAS5 algorithm from the simpleaffy package (http://bioconductor.org/packages/2.4/bioc/html/simpleaffy.html).,GPL96,ftp://ftp.ncbi.nlm.nih.gov/geo/samples/GSM615nnn/GSM615174/suppl/GSM615174_FL1838_ISPY79.CEL.gz,22283,Reanalyzed by: GSE205568
GSM615175,GSE25055,1227,GSM615175,Public on May 11 2011,Nov 01 2010,Jun 06 2022,RNA,1,"breast cancer, sample ISPY-1227",Homo sapiens,1227,ISPY,42.5,N,N,N,N,T3,N0,IIB,3,pCR,RCB-0/I,0,2.527,N,N,SET-Low,Rx Insensitive,High,Basal,pCR,RCB-0/I,breast cancer tumor,"Patients prospectively consented to a research biopsy by fine needle aspiration (FNA) or  core biopsy (CBX) prior to any systemic therapy, and to the future assessment of pathologic  response and/or survival endpoints",total RNA,Total RNA was extracted from tissue using Qiagen Rneasy columns,biotin,A single-round T7 amplification was used to generate biotin-labeled cRNA for hybridization.  At least 1 ug of RNA is required for cRNA synthesis.,9606,"Following fragmentation, 10 ug of cRNA were hybridized overnight at 46C on Affymetrix U133A arrays. GeneChips were washed and stained in the Affymetrix Fluidics Station 400.",GeneChips were scanned using the diagnostic-grade Affymetrix scanner 3000DX,Probe intensities were quantified with Microarray Suite version 5.0 (MAS 5.0) using Affymetrix default analysis settings.  CEL files were normalized using global scaling with a trimmed mean target intensity of each array arbitrarily set to 600 using the MAS5 algorithm from the simpleaffy package (http://bioconductor.org/packages/2.4/bioc/html/simpleaffy.html).,GPL96,ftp://ftp.ncbi.nlm.nih.gov/geo/samples/GSM615nnn/GSM615175/suppl/GSM615175_FL1839_ISPY80.CEL.gz,22283,Reanalyzed by: GSE205568
GSM615176,GSE25055,1231,GSM615176,Public on May 11 2011,Nov 01 2010,Jun 06 2022,RNA,1,"breast cancer, sample ISPY-1231",Homo sapiens,1231,ISPY,45.5,P,P,N,P,T3,N0,IIB,1,RD,RCB-II,0,2.453,P,N,SET-Int,Rx Sensitive,Low,Normal,RD,RCB-II/III,breast cancer tumor,"Patients prospectively consented to a research biopsy by fine needle aspiration (FNA) or  core biopsy (CBX) prior to any systemic therapy, and to the future assessment of pathologic  response and/or survival endpoints",total RNA,Total RNA was extracted from tissue using Qiagen Rneasy columns,biotin,A single-round T7 amplification was used to generate biotin-labeled cRNA for hybridization.  At least 1 ug of RNA is required for cRNA synthesis.,9606,"Following fragmentation, 10 ug of cRNA were hybridized overnight at 46C on Affymetrix U133A arrays. GeneChips were washed and stained in the Affymetrix Fluidics Station 400.",GeneChips were scanned using the diagnostic-grade Affymetrix scanner 3000DX,Probe intensities were quantified with Microarray Suite version 5.0 (MAS 5.0) using Affymetrix default analysis settings.  CEL files were normalized using global scaling with a trimmed mean target intensity of each array arbitrarily set to 600 using the MAS5 algorithm from the simpleaffy package (http://bioconductor.org/packages/2.4/bioc/html/simpleaffy.html).,GPL96,ftp://ftp.ncbi.nlm.nih.gov/geo/samples/GSM615nnn/GSM615176/suppl/GSM615176_FL1840_ISPY81.CEL.gz,22283,Reanalyzed by: GSE205568
GSM615177,GSE25055,1232,GSM615177,Public on May 11 2011,Nov 01 2010,Jun 06 2022,RNA,1,"breast cancer, sample ISPY-1232",Homo sapiens,1232,ISPY,50.0,P,P,N,P,T3,N1,IIIA,NA,RD,RCB-II,0,1.744,P,N,SET-Int,Rx Sensitive,High,LumA,RD,RCB-II/III,breast cancer tumor,"Patients prospectively consented to a research biopsy by fine needle aspiration (FNA) or  core biopsy (CBX) prior to any systemic therapy, and to the future assessment of pathologic  response and/or survival endpoints",total RNA,Total RNA was extracted from tissue using Qiagen Rneasy columns,biotin,A single-round T7 amplification was used to generate biotin-labeled cRNA for hybridization.  At least 1 ug of RNA is required for cRNA synthesis.,9606,"Following fragmentation, 10 ug of cRNA were hybridized overnight at 46C on Affymetrix U133A arrays. GeneChips were washed and stained in the Affymetrix Fluidics Station 400.",GeneChips were scanned using the diagnostic-grade Affymetrix scanner 3000DX,Probe intensities were quantified with Microarray Suite version 5.0 (MAS 5.0) using Affymetrix default analysis settings.  CEL files were normalized using global scaling with a trimmed mean target intensity of each array arbitrarily set to 600 using the MAS5 algorithm from the simpleaffy package (http://bioconductor.org/packages/2.4/bioc/html/simpleaffy.html).,GPL96,ftp://ftp.ncbi.nlm.nih.gov/geo/samples/GSM615nnn/GSM615177/suppl/GSM615177_FL1709_C244678.CEL.gz,22283,Reanalyzed by: GSE205568
GSM615178,GSE25055,1236,GSM615178,Public on May 11 2011,Nov 01 2010,Jun 06 2022,RNA,1,"breast cancer, sample ISPY-1236",Homo sapiens,1236,ISPY,38.6,N,P,N,N,T2,N1,IIB,3,RD,RCB-III,0,1.936,N,N,SET-Low,Rx Insensitive,High,Basal,pCR,RCB-II/III,breast cancer tumor,"Patients prospectively consented to a research biopsy by fine needle aspiration (FNA) or  core biopsy (CBX) prior to any systemic therapy, and to the future assessment of pathologic  response and/or survival endpoints",total RNA,Total RNA was extracted from tissue using Qiagen Rneasy columns,biotin,A single-round T7 amplification was used to generate biotin-labeled cRNA for hybridization.  At least 1 ug of RNA is required for cRNA synthesis.,9606,"Following fragmentation, 10 ug of cRNA were hybridized overnight at 46C on Affymetrix U133A arrays. GeneChips were washed and stained in the Affymetrix Fluidics Station 400.",GeneChips were scanned using the diagnostic-grade Affymetrix scanner 3000DX,Probe intensities were quantified with Microarray Suite version 5.0 (MAS 5.0) using Affymetrix default analysis settings.  CEL files were normalized using global scaling with a trimmed mean target intensity of each array arbitrarily set to 600 using the MAS5 algorithm from the simpleaffy package (http://bioconductor.org/packages/2.4/bioc/html/simpleaffy.html).,GPL96,ftp://ftp.ncbi.nlm.nih.gov/geo/samples/GSM615nnn/GSM615178/suppl/GSM615178_FL1826_ISPY115.CEL.gz,22283,Reanalyzed by: GSE205568
GSM615179,GSE25055,M106,GSM615179,Public on May 11 2011,Nov 01 2010,Jun 06 2022,RNA,1,"breast cancer, sample MDACC-M106",Homo sapiens,M106,MDACC,56.0,P,P,N,P,T2,N0,IIA,2,RD,RCB-0/I,0,7.083,P,N,SET-Low,Rx Insensitive,Low,LumA,RD,RCB-0/I,breast cancer tumor,"Patients prospectively consented to a research biopsy by fine needle aspiration (FNA) or  core biopsy (CBX) prior to any systemic therapy, and to the future assessment of pathologic  response and/or survival endpoints",total RNA,Total RNA was extracted from tissue using Qiagen Rneasy columns,biotin,A single-round T7 amplification was used to generate biotin-labeled cRNA for hybridization.  At least 1 ug of RNA is required for cRNA synthesis.,9606,"Following fragmentation, 10 ug of cRNA were hybridized overnight at 46C on Affymetrix U133A arrays. GeneChips were washed and stained in the Affymetrix Fluidics Station 400.",GeneChips were scanned using the diagnostic-grade Affymetrix scanner 3000DX,Probe intensities were quantified with Microarray Suite version 5.0 (MAS 5.0) using Affymetrix default analysis settings.  CEL files were normalized using global scaling with a trimmed mean target intensity of each array arbitrarily set to 600 using the MAS5 algorithm from the simpleaffy package (http://bioconductor.org/packages/2.4/bioc/html/simpleaffy.html).,GPL96,ftp://ftp.ncbi.nlm.nih.gov/geo/samples/GSM615nnn/GSM615179/suppl/GSM615179_20537_AB01913244_17054.CEL.gz,22283,Reanalyzed by: GSE205568
GSM615180,GSE25055,M107,GSM615180,Public on May 11 2011,Nov 01 2010,Jun 06 2022,RNA,1,"breast cancer, sample MDACC-M107",Homo sapiens,M107,MDACC,47.0,P,P,N,P,T3,N1,IIIA,2,RD,RCB-II,0,5.758,P,N,SET-Low,Rx Insensitive,Low,LumA,RD,RCB-II/III,breast cancer tumor,"Patients prospectively consented to a research biopsy by fine needle aspiration (FNA) or  core biopsy (CBX) prior to any systemic therapy, and to the future assessment of pathologic  response and/or survival endpoints",total RNA,Total RNA was extracted from tissue using Qiagen Rneasy columns,biotin,A single-round T7 amplification was used to generate biotin-labeled cRNA for hybridization.  At least 1 ug of RNA is required for cRNA synthesis.,9606,"Following fragmentation, 10 ug of cRNA were hybridized overnight at 46C on Affymetrix U133A arrays. GeneChips were washed and stained in the Affymetrix Fluidics Station 400.",GeneChips were scanned using the diagnostic-grade Affymetrix scanner 3000DX,Probe intensities were quantified with Microarray Suite version 5.0 (MAS 5.0) using Affymetrix default analysis settings.  CEL files were normalized using global scaling with a trimmed mean target intensity of each array arbitrarily set to 600 using the MAS5 algorithm from the simpleaffy package (http://bioconductor.org/packages/2.4/bioc/html/simpleaffy.html).,GPL96,ftp://ftp.ncbi.nlm.nih.gov/geo/samples/GSM615nnn/GSM615180/suppl/GSM615180_29539_AB01833535_35695.CEL.gz,22283,Reanalyzed by: GSE205568
GSM615181,GSE25055,M111,GSM615181,Public on May 11 2011,Nov 01 2010,Jun 06 2022,RNA,1,"breast cancer, sample MDACC-M111",Homo sapiens,M111,MDACC,49.0,N,N,N,N,T3,N1,IIIA,3,pCR,RCB-0/I,0,7.395,N,N,SET-Low,Rx Insensitive,High,Basal,pCR,RCB-0/I,breast cancer tumor,"Patients prospectively consented to a research biopsy by fine needle aspiration (FNA) or  core biopsy (CBX) prior to any systemic therapy, and to the future assessment of pathologic  response and/or survival endpoints",total RNA,Total RNA was extracted from tissue using Qiagen Rneasy columns,biotin,A single-round T7 amplification was used to generate biotin-labeled cRNA for hybridization.  At least 1 ug of RNA is required for cRNA synthesis.,9606,"Following fragmentation, 10 ug of cRNA were hybridized overnight at 46C on Affymetrix U133A arrays. GeneChips were washed and stained in the Affymetrix Fluidics Station 400.",GeneChips were scanned using the diagnostic-grade Affymetrix scanner 3000DX,Probe intensities were quantified with Microarray Suite version 5.0 (MAS 5.0) using Affymetrix default analysis settings.  CEL files were normalized using global scaling with a trimmed mean target intensity of each array arbitrarily set to 600 using the MAS5 algorithm from the simpleaffy package (http://bioconductor.org/packages/2.4/bioc/html/simpleaffy.html).,GPL96,ftp://ftp.ncbi.nlm.nih.gov/geo/samples/GSM615nnn/GSM615181/suppl/GSM615181_19893_AB01988634_17017.CEL.gz,22283,Reanalyzed by: GSE205568
GSM615182,GSE25055,M113,GSM615182,Public on May 11 2011,Nov 01 2010,Jun 06 2022,RNA,1,"breast cancer, sample MDACC-M113",Homo sapiens,M113,MDACC,75.0,N,N,N,N,T2,N0,IIA,3,RD,RCB-0/I,0,7.439,N,N,SET-Low,Rx Insensitive,High,Her2,RD,RCB-0/I,,"Patients prospectively consented to a research biopsy by fine needle aspiration (FNA) or  core biopsy (CBX) prior to any systemic therapy, and to the future assessment of pathologic  response and/or survival endpoints",total RNA,Total RNA was extracted from tissue using Qiagen Rneasy columns,biotin,A single-round T7 amplification was used to generate biotin-labeled cRNA for hybridization.  At least 1 ug of RNA is required for cRNA synthesis.,9606,"Following fragmentation, 10 ug of cRNA were hybridized overnight at 46C on Affymetrix U133A arrays. GeneChips were washed and stained in the Affymetrix Fluidics Station 400.",GeneChips were scanned using the diagnostic-grade Affymetrix scanner 3000DX,Probe intensities were quantified with Microarray Suite version 5.0 (MAS 5.0) using Affymetrix default analysis settings.  CEL files were normalized using global scaling with a trimmed mean target intensity of each array arbitrarily set to 600 using the MAS5 algorithm from the simpleaffy package (http://bioconductor.org/packages/2.4/bioc/html/simpleaffy.html).,GPL96,ftp://ftp.ncbi.nlm.nih.gov/geo/samples/GSM615nnn/GSM615182/suppl/GSM615182_19893_AB01779189_17018.CEL.gz,22283,Reanalyzed by: GSE205568
GSM615183,GSE25055,M117,GSM615183,Public on May 11 2011,Nov 01 2010,Jun 06 2022,RNA,1,"breast cancer, sample MDACC-M117",Homo sapiens,M117,MDACC,34.0,P,P,N,P,T2,N1,IIB,2,RD,RCB-II,0,6.710,P,N,SET-Low,Rx Insensitive,Low,LumA,RD,RCB-II/III,,"Patients prospectively consented to a research biopsy by fine needle aspiration (FNA) or  core biopsy (CBX) prior to any systemic therapy, and to the future assessment of pathologic  response and/or survival endpoints",total RNA,Total RNA was extracted from tissue using Qiagen Rneasy columns,biotin,A single-round T7 amplification was used to generate biotin-labeled cRNA for hybridization.  At least 1 ug of RNA is required for cRNA synthesis.,9606,"Following fragmentation, 10 ug of cRNA were hybridized overnight at 46C on Affymetrix U133A arrays. GeneChips were washed and stained in the Affymetrix Fluidics Station 400.",GeneChips were scanned using the diagnostic-grade Affymetrix scanner 3000DX,Probe intensities were quantified with Microarray Suite version 5.0 (MAS 5.0) using Affymetrix default analysis settings.  CEL files were normalized using global scaling with a trimmed mean target intensity of each array arbitrarily set to 600 using the MAS5 algorithm from the simpleaffy package (http://bioconductor.org/packages/2.4/bioc/html/simpleaffy.html).,GPL96,ftp://ftp.ncbi.nlm.nih.gov/geo/samples/GSM615nnn/GSM615183/suppl/GSM615183_20537_AB01913201_17055.CEL.gz,22283,Reanalyzed by: GSE205568
GSM615184,GSE25055,M120,GSM615184,Public on May 11 2011,Nov 01 2010,Jun 06 2022,RNA,1,"breast cancer, sample MDACC-M120",Homo sapiens,M120,MDACC,51.0,N,P,N,N,T2,N0,IIA,3,RD,RCB-0/I,0,7.302,N,N,SET-Low,Rx Insensitive,High,Basal,pCR,RCB-0/I,,"Patients prospectively consented to a research biopsy by fine needle aspiration (FNA) or  core biopsy (CBX) prior to any systemic therapy, and to the future assessment of pathologic  response and/or survival endpoints",total RNA,Total RNA was extracted from tissue using Qiagen Rneasy columns,biotin,A single-round T7 amplification was used to generate biotin-labeled cRNA for hybridization.  At least 1 ug of RNA is required for cRNA synthesis.,9606,"Following fragmentation, 10 ug of cRNA were hybridized overnight at 46C on Affymetrix U133A arrays. GeneChips were washed and stained in the Affymetrix Fluidics Station 400.",GeneChips were scanned using the diagnostic-grade Affymetrix scanner 3000DX,Probe intensities were quantified with Microarray Suite version 5.0 (MAS 5.0) using Affymetrix default analysis settings.  CEL files were normalized using global scaling with a trimmed mean target intensity of each array arbitrarily set to 600 using the MAS5 algorithm from the simpleaffy package (http://bioconductor.org/packages/2.4/bioc/html/simpleaffy.html).,GPL96,ftp://ftp.ncbi.nlm.nih.gov/geo/samples/GSM615nnn/GSM615184/suppl/GSM615184_29539_AB01833504_35681.CEL.gz,22283,Reanalyzed by: GSE205568
GSM615185,GSE25055,M121,GSM615185,Public on May 11 2011,Nov 01 2010,Jun 06 2022,RNA,1,"breast cancer, sample MDACC-M121",Homo sapiens,M121,MDACC,65.0,N,N,N,N,T1,N0,I,3,RD,RCB-0/I,1,5.591,N,N,SET-Low,Rx Sensitive,High,Basal,pCR,RCB-0/I,,"Patients prospectively consented to a research biopsy by fine needle aspiration (FNA) or  core biopsy (CBX) prior to any systemic therapy, and to the future assessment of pathologic  response and/or survival endpoints",total RNA,Total RNA was extracted from tissue using Qiagen Rneasy columns,biotin,A single-round T7 amplification was used to generate biotin-labeled cRNA for hybridization.  At least 1 ug of RNA is required for cRNA synthesis.,9606,"Following fragmentation, 10 ug of cRNA were hybridized overnight at 46C on Affymetrix U133A arrays. GeneChips were washed and stained in the Affymetrix Fluidics Station 400.",GeneChips were scanned using the diagnostic-grade Affymetrix scanner 3000DX,Probe intensities were quantified with Microarray Suite version 5.0 (MAS 5.0) using Affymetrix default analysis settings.  CEL files were normalized using global scaling with a trimmed mean target intensity of each array arbitrarily set to 600 using the MAS5 algorithm from the simpleaffy package (http://bioconductor.org/packages/2.4/bioc/html/simpleaffy.html).,GPL96,ftp://ftp.ncbi.nlm.nih.gov/geo/samples/GSM615nnn/GSM615185/suppl/GSM615185_19893_AB01983888_17050.CEL.gz,22283,Reanalyzed by: GSE205568
GSM615186,GSE25055,M123,GSM615186,Public on May 11 2011,Nov 01 2010,Jun 06 2022,RNA,1,"breast cancer, sample MDACC-M123",Homo sapiens,M123,MDACC,51.0,P,N,N,P,T3,N3,IIIB,1,pCR,RCB-0/I,0,6.661,P,N,SET-Int,Rx Sensitive,High,LumA,RD,RCB-0/I,,"Patients prospectively consented to a research biopsy by fine needle aspiration (FNA) or  core biopsy (CBX) prior to any systemic therapy, and to the future assessment of pathologic  response and/or survival endpoints",total RNA,Total RNA was extracted from tissue using Qiagen Rneasy columns,biotin,A single-round T7 amplification was used to generate biotin-labeled cRNA for hybridization.  At least 1 ug of RNA is required for cRNA synthesis.,9606,"Following fragmentation, 10 ug of cRNA were hybridized overnight at 46C on Affymetrix U133A arrays. GeneChips were washed and stained in the Affymetrix Fluidics Station 400.",GeneChips were scanned using the diagnostic-grade Affymetrix scanner 3000DX,Probe intensities were quantified with Microarray Suite version 5.0 (MAS 5.0) using Affymetrix default analysis settings.  CEL files were normalized using global scaling with a trimmed mean target intensity of each array arbitrarily set to 600 using the MAS5 algorithm from the simpleaffy package (http://bioconductor.org/packages/2.4/bioc/html/simpleaffy.html).,GPL96,ftp://ftp.ncbi.nlm.nih.gov/geo/samples/GSM615nnn/GSM615186/suppl/GSM615186_20558_AB01711719_17202.CEL.gz,22283,Reanalyzed by: GSE205568
GSM615187,GSE25055,M128,GSM615187,Public on May 11 2011,Nov 01 2010,Jun 06 2022,RNA,1,"breast cancer, sample MDACC-M128",Homo sapiens,M128,MDACC,66.0,P,P,N,P,T2,N0,IIA,2,RD,RCB-II,0,6.834,P,N,SET-Low,Rx Insensitive,Low,LumA,RD,RCB-II/III,,"Patients prospectively consented to a research biopsy by fine needle aspiration (FNA) or  core biopsy (CBX) prior to any systemic therapy, and to the future assessment of pathologic  response and/or survival endpoints",total RNA,Total RNA was extracted from tissue using Qiagen Rneasy columns,biotin,A single-round T7 amplification was used to generate biotin-labeled cRNA for hybridization.  At least 1 ug of RNA is required for cRNA synthesis.,9606,"Following fragmentation, 10 ug of cRNA were hybridized overnight at 46C on Affymetrix U133A arrays. GeneChips were washed and stained in the Affymetrix Fluidics Station 400.",GeneChips were scanned using the diagnostic-grade Affymetrix scanner 3000DX,Probe intensities were quantified with Microarray Suite version 5.0 (MAS 5.0) using Affymetrix default analysis settings.  CEL files were normalized using global scaling with a trimmed mean target intensity of each array arbitrarily set to 600 using the MAS5 algorithm from the simpleaffy package (http://bioconductor.org/packages/2.4/bioc/html/simpleaffy.html).,GPL96,ftp://ftp.ncbi.nlm.nih.gov/geo/samples/GSM615nnn/GSM615187/suppl/GSM615187_19893_AB01983905_17019.CEL.gz,22283,Reanalyzed by: GSE205568
GSM615188,GSE25055,M129,GSM615188,Public on May 11 2011,Nov 01 2010,Jun 06 2022,RNA,1,"breast cancer, sample MDACC-M129",Homo sapiens,M129,MDACC,61.0,N,N,N,N,T2,N0,IIA,2,RD,RCB-II,0,5.717,P,N,SET-High,Rx Sensitive,High,LumB,RD,RCB-II/III,,"Patients prospectively consented to a research biopsy by fine needle aspiration (FNA) or  core biopsy (CBX) prior to any systemic therapy, and to the future assessment of pathologic  response and/or survival endpoints",total RNA,Total RNA was extracted from tissue using Qiagen Rneasy columns,biotin,A single-round T7 amplification was used to generate biotin-labeled cRNA for hybridization.  At least 1 ug of RNA is required for cRNA synthesis.,9606,"Following fragmentation, 10 ug of cRNA were hybridized overnight at 46C on Affymetrix U133A arrays. GeneChips were washed and stained in the Affymetrix Fluidics Station 400.",GeneChips were scanned using the diagnostic-grade Affymetrix scanner 3000DX,Probe intensities were quantified with Microarray Suite version 5.0 (MAS 5.0) using Affymetrix default analysis settings.  CEL files were normalized using global scaling with a trimmed mean target intensity of each array arbitrarily set to 600 using the MAS5 algorithm from the simpleaffy package (http://bioconductor.org/packages/2.4/bioc/html/simpleaffy.html).,GPL96,ftp://ftp.ncbi.nlm.nih.gov/geo/samples/GSM615nnn/GSM615188/suppl/GSM615188_29539_AB01833758_35698.CEL.gz,22283,Reanalyzed by: GSE205568
GSM615189,GSE25055,M130,GSM615189,Public on May 11 2011,Nov 01 2010,Jun 06 2022,RNA,1,"breast cancer, sample MDACC-M130",Homo sapiens,M130,MDACC,65.0,N,P,N,N,T2,N1,IIB,3,RD,RCB-II,1,1.144,N,N,SET-Low,Rx Insensitive,High,Her2,pCR,RCB-II/III,,"Patients prospectively consented to a research biopsy by fine needle aspiration (FNA) or  core biopsy (CBX) prior to any systemic therapy, and to the future assessment of pathologic  response and/or survival endpoints",total RNA,Total RNA was extracted from tissue using Qiagen Rneasy columns,biotin,A single-round T7 amplification was used to generate biotin-labeled cRNA for hybridization.  At least 1 ug of RNA is required for cRNA synthesis.,9606,"Following fragmentation, 10 ug of cRNA were hybridized overnight at 46C on Affymetrix U133A arrays. GeneChips were washed and stained in the Affymetrix Fluidics Station 400.",GeneChips were scanned using the diagnostic-grade Affymetrix scanner 3000DX,Probe intensities were quantified with Microarray Suite version 5.0 (MAS 5.0) using Affymetrix default analysis settings.  CEL files were normalized using global scaling with a trimmed mean target intensity of each array arbitrarily set to 600 using the MAS5 algorithm from the simpleaffy package (http://bioconductor.org/packages/2.4/bioc/html/simpleaffy.html).,GPL96,ftp://ftp.ncbi.nlm.nih.gov/geo/samples/GSM615nnn/GSM615189/suppl/GSM615189_19893_AB01983478_17035.CEL.gz,22283,Reanalyzed by: GSE205568
GSM615190,GSE25055,M133,GSM615190,Public on May 11 2011,Nov 01 2010,Jun 06 2022,RNA,1,"breast cancer, sample MDACC-M133",Homo sapiens,M133,MDACC,37.0,N,N,N,N,T2,N0,IIA,3,RD,RCB-0/I,0,7.127,N,N,SET-Low,Rx Sensitive,High,Basal,pCR,RCB-0/I,,"Patients prospectively consented to a research biopsy by fine needle aspiration (FNA) or  core biopsy (CBX) prior to any systemic therapy, and to the future assessment of pathologic  response and/or survival endpoints",total RNA,Total RNA was extracted from tissue using Qiagen Rneasy columns,biotin,A single-round T7 amplification was used to generate biotin-labeled cRNA for hybridization.  At least 1 ug of RNA is required for cRNA synthesis.,9606,"Following fragmentation, 10 ug of cRNA were hybridized overnight at 46C on Affymetrix U133A arrays. GeneChips were washed and stained in the Affymetrix Fluidics Station 400.",GeneChips were scanned using the diagnostic-grade Affymetrix scanner 3000DX,Probe intensities were quantified with Microarray Suite version 5.0 (MAS 5.0) using Affymetrix default analysis settings.  CEL files were normalized using global scaling with a trimmed mean target intensity of each array arbitrarily set to 600 using the MAS5 algorithm from the simpleaffy package (http://bioconductor.org/packages/2.4/bioc/html/simpleaffy.html).,GPL96,ftp://ftp.ncbi.nlm.nih.gov/geo/samples/GSM615nnn/GSM615190/suppl/GSM615190_20979_AB01913684_16983.CEL.gz,22283,Reanalyzed by: GSE205568
GSM615191,GSE25055,M136,GSM615191,Public on May 11 2011,Nov 01 2010,Jun 06 2022,RNA,1,"breast cancer, sample MDACC-M136",Homo sapiens,M136,MDACC,37.0,N,P,N,N,T1,N0,I,3,pCR,RCB-0/I,0,6.341,N,N,SET-Low,Rx Insensitive,High,Basal,pCR,RCB-0/I,,"Patients prospectively consented to a research biopsy by fine needle aspiration (FNA) or  core biopsy (CBX) prior to any systemic therapy, and to the future assessment of pathologic  response and/or survival endpoints",total RNA,Total RNA was extracted from tissue using Qiagen Rneasy columns,biotin,A single-round T7 amplification was used to generate biotin-labeled cRNA for hybridization.  At least 1 ug of RNA is required for cRNA synthesis.,9606,"Following fragmentation, 10 ug of cRNA were hybridized overnight at 46C on Affymetrix U133A arrays. GeneChips were washed and stained in the Affymetrix Fluidics Station 400.",GeneChips were scanned using the diagnostic-grade Affymetrix scanner 3000DX,Probe intensities were quantified with Microarray Suite version 5.0 (MAS 5.0) using Affymetrix default analysis settings.  CEL files were normalized using global scaling with a trimmed mean target intensity of each array arbitrarily set to 600 using the MAS5 algorithm from the simpleaffy package (http://bioconductor.org/packages/2.4/bioc/html/simpleaffy.html).,GPL96,ftp://ftp.ncbi.nlm.nih.gov/geo/samples/GSM615nnn/GSM615191/suppl/GSM615191_19893_AB01988722_17036.CEL.gz,22283,Reanalyzed by: GSE205568
GSM615192,GSE25055,M139,GSM615192,Public on May 11 2011,Nov 01 2010,Jun 06 2022,RNA,1,"breast cancer, sample MDACC-M139",Homo sapiens,M139,MDACC,51.0,P,P,N,P,T2,N0,IIA,2,RD,RCB-II,0,7.326,P,N,SET-Low,Rx Sensitive,High,LumA,RD,RCB-0/I,,"Patients prospectively consented to a research biopsy by fine needle aspiration (FNA) or  core biopsy (CBX) prior to any systemic therapy, and to the future assessment of pathologic  response and/or survival endpoints",total RNA,Total RNA was extracted from tissue using Qiagen Rneasy columns,biotin,A single-round T7 amplification was used to generate biotin-labeled cRNA for hybridization.  At least 1 ug of RNA is required for cRNA synthesis.,9606,"Following fragmentation, 10 ug of cRNA were hybridized overnight at 46C on Affymetrix U133A arrays. GeneChips were washed and stained in the Affymetrix Fluidics Station 400.",GeneChips were scanned using the diagnostic-grade Affymetrix scanner 3000DX,Probe intensities were quantified with Microarray Suite version 5.0 (MAS 5.0) using Affymetrix default analysis settings.  CEL files were normalized using global scaling with a trimmed mean target intensity of each array arbitrarily set to 600 using the MAS5 algorithm from the simpleaffy package (http://bioconductor.org/packages/2.4/bioc/html/simpleaffy.html).,GPL96,ftp://ftp.ncbi.nlm.nih.gov/geo/samples/GSM615nnn/GSM615192/suppl/GSM615192_19893_AB02014587_17020.CEL.gz,22283,Reanalyzed by: GSE205568
GSM615193,GSE25055,M146,GSM615193,Public on May 11 2011,Nov 01 2010,Jun 06 2022,RNA,1,"breast cancer, sample MDACC-M146",Homo sapiens,M146,MDACC,40.0,N,N,N,N,T1,N0,I,3,pCR,RCB-0/I,0,6.439,N,N,SET-Low,Rx Sensitive,Low,Normal,pCR,RCB-0/I,,"Patients prospectively consented to a research biopsy by fine needle aspiration (FNA) or  core biopsy (CBX) prior to any systemic therapy, and to the future assessment of pathologic  response and/or survival endpoints",total RNA,Total RNA was extracted from tissue using Qiagen Rneasy columns,biotin,A single-round T7 amplification was used to generate biotin-labeled cRNA for hybridization.  At least 1 ug of RNA is required for cRNA synthesis.,9606,"Following fragmentation, 10 ug of cRNA were hybridized overnight at 46C on Affymetrix U133A arrays. GeneChips were washed and stained in the Affymetrix Fluidics Station 400.",GeneChips were scanned using the diagnostic-grade Affymetrix scanner 3000DX,Probe intensities were quantified with Microarray Suite version 5.0 (MAS 5.0) using Affymetrix default analysis settings.  CEL files were normalized using global scaling with a trimmed mean target intensity of each array arbitrarily set to 600 using the MAS5 algorithm from the simpleaffy package (http://bioconductor.org/packages/2.4/bioc/html/simpleaffy.html).,GPL96,ftp://ftp.ncbi.nlm.nih.gov/geo/samples/GSM615nnn/GSM615193/suppl/GSM615193_29539_AB01833769_35700.CEL.gz,22283,Reanalyzed by: GSE205568
GSM615194,GSE25055,M153,GSM615194,Public on May 11 2011,Nov 01 2010,Jun 06 2022,RNA,1,"breast cancer, sample MDACC-M153",Homo sapiens,M153,MDACC,61.0,N,P,N,N,T1,N1,IIA,3,pCR,RCB-0/I,0,6.519,N,N,SET-Low,Rx Sensitive,High,Basal,pCR,RCB-0/I,,"Patients prospectively consented to a research biopsy by fine needle aspiration (FNA) or  core biopsy (CBX) prior to any systemic therapy, and to the future assessment of pathologic  response and/or survival endpoints",total RNA,Total RNA was extracted from tissue using Qiagen Rneasy columns,biotin,A single-round T7 amplification was used to generate biotin-labeled cRNA for hybridization.  At least 1 ug of RNA is required for cRNA synthesis.,9606,"Following fragmentation, 10 ug of cRNA were hybridized overnight at 46C on Affymetrix U133A arrays. GeneChips were washed and stained in the Affymetrix Fluidics Station 400.",GeneChips were scanned using the diagnostic-grade Affymetrix scanner 3000DX,Probe intensities were quantified with Microarray Suite version 5.0 (MAS 5.0) using Affymetrix default analysis settings.  CEL files were normalized using global scaling with a trimmed mean target intensity of each array arbitrarily set to 600 using the MAS5 algorithm from the simpleaffy package (http://bioconductor.org/packages/2.4/bioc/html/simpleaffy.html).,GPL96,ftp://ftp.ncbi.nlm.nih.gov/geo/samples/GSM615nnn/GSM615194/suppl/GSM615194_19893_AB01913261_17092.CEL.gz,22283,Reanalyzed by: GSE205568
GSM615195,GSE25055,M154,GSM615195,Public on May 11 2011,Nov 01 2010,Jun 06 2022,RNA,1,"breast cancer, sample MDACC-M154",Homo sapiens,M154,MDACC,29.0,N,N,N,N,T4,N2,IIIB,3,RD,RCB-III,1,0.764,N,N,SET-Low,Rx Insensitive,High,Basal,pCR,RCB-II/III,,"Patients prospectively consented to a research biopsy by fine needle aspiration (FNA) or  core biopsy (CBX) prior to any systemic therapy, and to the future assessment of pathologic  response and/or survival endpoints",total RNA,Total RNA was extracted from tissue using Qiagen Rneasy columns,biotin,A single-round T7 amplification was used to generate biotin-labeled cRNA for hybridization.  At least 1 ug of RNA is required for cRNA synthesis.,9606,"Following fragmentation, 10 ug of cRNA were hybridized overnight at 46C on Affymetrix U133A arrays. GeneChips were washed and stained in the Affymetrix Fluidics Station 400.",GeneChips were scanned using the diagnostic-grade Affymetrix scanner 3000DX,Probe intensities were quantified with Microarray Suite version 5.0 (MAS 5.0) using Affymetrix default analysis settings.  CEL files were normalized using global scaling with a trimmed mean target intensity of each array arbitrarily set to 600 using the MAS5 algorithm from the simpleaffy package (http://bioconductor.org/packages/2.4/bioc/html/simpleaffy.html).,GPL96,ftp://ftp.ncbi.nlm.nih.gov/geo/samples/GSM615nnn/GSM615195/suppl/GSM615195_19893_AB01860198_17037.CEL.gz,22283,Reanalyzed by: GSE205568
GSM615196,GSE25055,M155,GSM615196,Public on May 11 2011,Nov 01 2010,Jun 06 2022,RNA,1,"breast cancer, sample MDACC-M155",Homo sapiens,M155,MDACC,61.0,P,P,N,P,T2,N0,IIA,3,RD,RCB-II,0,6.467,P,N,SET-Low,Rx Sensitive,High,LumB,RD,RCB-0/I,,"Patients prospectively consented to a research biopsy by fine needle aspiration (FNA) or  core biopsy (CBX) prior to any systemic therapy, and to the future assessment of pathologic  response and/or survival endpoints",total RNA,Total RNA was extracted from tissue using Qiagen Rneasy columns,biotin,A single-round T7 amplification was used to generate biotin-labeled cRNA for hybridization.  At least 1 ug of RNA is required for cRNA synthesis.,9606,"Following fragmentation, 10 ug of cRNA were hybridized overnight at 46C on Affymetrix U133A arrays. GeneChips were washed and stained in the Affymetrix Fluidics Station 400.",GeneChips were scanned using the diagnostic-grade Affymetrix scanner 3000DX,Probe intensities were quantified with Microarray Suite version 5.0 (MAS 5.0) using Affymetrix default analysis settings.  CEL files were normalized using global scaling with a trimmed mean target intensity of each array arbitrarily set to 600 using the MAS5 algorithm from the simpleaffy package (http://bioconductor.org/packages/2.4/bioc/html/simpleaffy.html).,GPL96,ftp://ftp.ncbi.nlm.nih.gov/geo/samples/GSM615nnn/GSM615196/suppl/GSM615196_19893_AB01983892_17029.CEL.gz,22283,Reanalyzed by: GSE205568
GSM615197,GSE25055,M156,GSM615197,Public on May 11 2011,Nov 01 2010,Jun 06 2022,RNA,1,"breast cancer, sample MDACC-M156",Homo sapiens,M156,MDACC,67.0,N,N,N,N,T2,N2,IIIA,3,RD,RCB-III,0,6.612,N,N,SET-Low,Rx Insensitive,High,Her2,RD,RCB-II/III,,"Patients prospectively consented to a research biopsy by fine needle aspiration (FNA) or  core biopsy (CBX) prior to any systemic therapy, and to the future assessment of pathologic  response and/or survival endpoints",total RNA,Total RNA was extracted from tissue using Qiagen Rneasy columns,biotin,A single-round T7 amplification was used to generate biotin-labeled cRNA for hybridization.  At least 1 ug of RNA is required for cRNA synthesis.,9606,"Following fragmentation, 10 ug of cRNA were hybridized overnight at 46C on Affymetrix U133A arrays. GeneChips were washed and stained in the Affymetrix Fluidics Station 400.",GeneChips were scanned using the diagnostic-grade Affymetrix scanner 3000DX,Probe intensities were quantified with Microarray Suite version 5.0 (MAS 5.0) using Affymetrix default analysis settings.  CEL files were normalized using global scaling with a trimmed mean target intensity of each array arbitrarily set to 600 using the MAS5 algorithm from the simpleaffy package (http://bioconductor.org/packages/2.4/bioc/html/simpleaffy.html).,GPL96,ftp://ftp.ncbi.nlm.nih.gov/geo/samples/GSM615nnn/GSM615197/suppl/GSM615197_19893_AB01988622_17021.CEL.gz,22283,Reanalyzed by: GSE205568
GSM615198,GSE25055,M157,GSM615198,Public on May 11 2011,Nov 01 2010,Jun 06 2022,RNA,1,"breast cancer, sample MDACC-M157",Homo sapiens,M157,MDACC,57.0,P,P,N,P,T2,N0,IIA,2,RD,RCB-II,0,6.593,P,N,SET-Int,Rx Sensitive,High,LumA,RD,RCB-0/I,,"Patients prospectively consented to a research biopsy by fine needle aspiration (FNA) or  core biopsy (CBX) prior to any systemic therapy, and to the future assessment of pathologic  response and/or survival endpoints",total RNA,Total RNA was extracted from tissue using Qiagen Rneasy columns,biotin,A single-round T7 amplification was used to generate biotin-labeled cRNA for hybridization.  At least 1 ug of RNA is required for cRNA synthesis.,9606,"Following fragmentation, 10 ug of cRNA were hybridized overnight at 46C on Affymetrix U133A arrays. GeneChips were washed and stained in the Affymetrix Fluidics Station 400.",GeneChips were scanned using the diagnostic-grade Affymetrix scanner 3000DX,Probe intensities were quantified with Microarray Suite version 5.0 (MAS 5.0) using Affymetrix default analysis settings.  CEL files were normalized using global scaling with a trimmed mean target intensity of each array arbitrarily set to 600 using the MAS5 algorithm from the simpleaffy package (http://bioconductor.org/packages/2.4/bioc/html/simpleaffy.html).,GPL96,ftp://ftp.ncbi.nlm.nih.gov/geo/samples/GSM615nnn/GSM615198/suppl/GSM615198_19893_AB01778470_17038.CEL.gz,22283,Reanalyzed by: GSE205568
GSM615199,GSE25055,M158,GSM615199,Public on May 11 2011,Nov 01 2010,Jun 06 2022,RNA,1,"breast cancer, sample MDACC-M158",Homo sapiens,M158,MDACC,38.0,P,P,N,P,T2,N2,IIIA,2,RD,RCB-II,0,6.535,P,N,SET-Low,Rx Insensitive,Low,LumA,RD,RCB-II/III,,"Patients prospectively consented to a research biopsy by fine needle aspiration (FNA) or  core biopsy (CBX) prior to any systemic therapy, and to the future assessment of pathologic  response and/or survival endpoints",total RNA,Total RNA was extracted from tissue using Qiagen Rneasy columns,biotin,A single-round T7 amplification was used to generate biotin-labeled cRNA for hybridization.  At least 1 ug of RNA is required for cRNA synthesis.,9606,"Following fragmentation, 10 ug of cRNA were hybridized overnight at 46C on Affymetrix U133A arrays. GeneChips were washed and stained in the Affymetrix Fluidics Station 400.",GeneChips were scanned using the diagnostic-grade Affymetrix scanner 3000DX,Probe intensities were quantified with Microarray Suite version 5.0 (MAS 5.0) using Affymetrix default analysis settings.  CEL files were normalized using global scaling with a trimmed mean target intensity of each array arbitrarily set to 600 using the MAS5 algorithm from the simpleaffy package (http://bioconductor.org/packages/2.4/bioc/html/simpleaffy.html).,GPL96,ftp://ftp.ncbi.nlm.nih.gov/geo/samples/GSM615nnn/GSM615199/suppl/GSM615199_19893_AB01988706_17039.CEL.gz,22283,Reanalyzed by: GSE205568
GSM615200,GSE25055,M165,GSM615200,Public on May 11 2011,Nov 01 2010,Jun 06 2022,RNA,1,"breast cancer, sample MDACC-M165",Homo sapiens,M165,MDACC,49.0,P,N,N,P,T2,N1,IIA,3,RD,RCB-II,1,3.452,P,N,SET-Low,Rx Sensitive,High,LumB,RD,RCB-0/I,,"Patients prospectively consented to a research biopsy by fine needle aspiration (FNA) or  core biopsy (CBX) prior to any systemic therapy, and to the future assessment of pathologic  response and/or survival endpoints",total RNA,Total RNA was extracted from tissue using Qiagen Rneasy columns,biotin,A single-round T7 amplification was used to generate biotin-labeled cRNA for hybridization.  At least 1 ug of RNA is required for cRNA synthesis.,9606,"Following fragmentation, 10 ug of cRNA were hybridized overnight at 46C on Affymetrix U133A arrays. GeneChips were washed and stained in the Affymetrix Fluidics Station 400.",GeneChips were scanned using the diagnostic-grade Affymetrix scanner 3000DX,Probe intensities were quantified with Microarray Suite version 5.0 (MAS 5.0) using Affymetrix default analysis settings.  CEL files were normalized using global scaling with a trimmed mean target intensity of each array arbitrarily set to 600 using the MAS5 algorithm from the simpleaffy package (http://bioconductor.org/packages/2.4/bioc/html/simpleaffy.html).,GPL96,ftp://ftp.ncbi.nlm.nih.gov/geo/samples/GSM615nnn/GSM615200/suppl/GSM615200_19893_AB01860313_17041.CEL.gz,22283,Reanalyzed by: GSE205568
GSM615201,GSE25055,M177,GSM615201,Public on May 11 2011,Nov 01 2010,Jun 06 2022,RNA,1,"breast cancer, sample MDACC-M177",Homo sapiens,M177,MDACC,41.0,P,N,N,P,T3,N0,IIB,3,pCR,RCB-0/I,0,6.111,P,N,SET-Low,Rx Sensitive,High,LumB,RD,RCB-0/I,,"Patients prospectively consented to a research biopsy by fine needle aspiration (FNA) or  core biopsy (CBX) prior to any systemic therapy, and to the future assessment of pathologic  response and/or survival endpoints",total RNA,Total RNA was extracted from tissue using Qiagen Rneasy columns,biotin,A single-round T7 amplification was used to generate biotin-labeled cRNA for hybridization.  At least 1 ug of RNA is required for cRNA synthesis.,9606,"Following fragmentation, 10 ug of cRNA were hybridized overnight at 46C on Affymetrix U133A arrays. GeneChips were washed and stained in the Affymetrix Fluidics Station 400.",GeneChips were scanned using the diagnostic-grade Affymetrix scanner 3000DX,Probe intensities were quantified with Microarray Suite version 5.0 (MAS 5.0) using Affymetrix default analysis settings.  CEL files were normalized using global scaling with a trimmed mean target intensity of each array arbitrarily set to 600 using the MAS5 algorithm from the simpleaffy package (http://bioconductor.org/packages/2.4/bioc/html/simpleaffy.html).,GPL96,ftp://ftp.ncbi.nlm.nih.gov/geo/samples/GSM615nnn/GSM615201/suppl/GSM615201_19893_AB01943851_17042.CEL.gz,22283,Reanalyzed by: GSE205568
GSM615202,GSE25055,M180,GSM615202,Public on May 11 2011,Nov 01 2010,Jun 06 2022,RNA,1,"breast cancer, sample MDACC-M180",Homo sapiens,M180,MDACC,42.0,N,P,N,N,T2,N1,IIB,3,pCR,RCB-0/I,0,6.453,P,N,SET-High,Rx Sensitive,High,Basal,RD,RCB-0/I,,"Patients prospectively consented to a research biopsy by fine needle aspiration (FNA) or  core biopsy (CBX) prior to any systemic therapy, and to the future assessment of pathologic  response and/or survival endpoints",total RNA,Total RNA was extracted from tissue using Qiagen Rneasy columns,biotin,A single-round T7 amplification was used to generate biotin-labeled cRNA for hybridization.  At least 1 ug of RNA is required for cRNA synthesis.,9606,"Following fragmentation, 10 ug of cRNA were hybridized overnight at 46C on Affymetrix U133A arrays. GeneChips were washed and stained in the Affymetrix Fluidics Station 400.",GeneChips were scanned using the diagnostic-grade Affymetrix scanner 3000DX,Probe intensities were quantified with Microarray Suite version 5.0 (MAS 5.0) using Affymetrix default analysis settings.  CEL files were normalized using global scaling with a trimmed mean target intensity of each array arbitrarily set to 600 using the MAS5 algorithm from the simpleaffy package (http://bioconductor.org/packages/2.4/bioc/html/simpleaffy.html).,GPL96,ftp://ftp.ncbi.nlm.nih.gov/geo/samples/GSM615nnn/GSM615202/suppl/GSM615202_19893_AB01983865_17043.CEL.gz,22283,Reanalyzed by: GSE205568
GSM615203,GSE25055,M181,GSM615203,Public on May 11 2011,Nov 01 2010,Jun 06 2022,RNA,1,"breast cancer, sample MDACC-M181",Homo sapiens,M181,MDACC,73.0,P,P,N,P,T3,N1,IIIA,2,RD,RCB-II,0,6.505,P,P,SET-Low,Rx Insensitive,Low,LumA,RD,RCB-0/I,,"Patients prospectively consented to a research biopsy by fine needle aspiration (FNA) or  core biopsy (CBX) prior to any systemic therapy, and to the future assessment of pathologic  response and/or survival endpoints",total RNA,Total RNA was extracted from tissue using Qiagen Rneasy columns,biotin,A single-round T7 amplification was used to generate biotin-labeled cRNA for hybridization.  At least 1 ug of RNA is required for cRNA synthesis.,9606,"Following fragmentation, 10 ug of cRNA were hybridized overnight at 46C on Affymetrix U133A arrays. GeneChips were washed and stained in the Affymetrix Fluidics Station 400.",GeneChips were scanned using the diagnostic-grade Affymetrix scanner 3000DX,Probe intensities were quantified with Microarray Suite version 5.0 (MAS 5.0) using Affymetrix default analysis settings.  CEL files were normalized using global scaling with a trimmed mean target intensity of each array arbitrarily set to 600 using the MAS5 algorithm from the simpleaffy package (http://bioconductor.org/packages/2.4/bioc/html/simpleaffy.html).,GPL96,ftp://ftp.ncbi.nlm.nih.gov/geo/samples/GSM615nnn/GSM615203/suppl/GSM615203_20979_AB01988749_16984.CEL.gz,22283,Reanalyzed by: GSE205568
GSM615204,GSE25055,M182,GSM615204,Public on May 11 2011,Nov 01 2010,Jun 06 2022,RNA,1,"breast cancer, sample MDACC-M182",Homo sapiens,M182,MDACC,46.0,P,P,N,P,T1,N0,I,2,RD,RCB-II,0,6.311,P,N,SET-Low,Rx Insensitive,Low,LumA,RD,RCB-II/III,,"Patients prospectively consented to a research biopsy by fine needle aspiration (FNA) or  core biopsy (CBX) prior to any systemic therapy, and to the future assessment of pathologic  response and/or survival endpoints",total RNA,Total RNA was extracted from tissue using Qiagen Rneasy columns,biotin,A single-round T7 amplification was used to generate biotin-labeled cRNA for hybridization.  At least 1 ug of RNA is required for cRNA synthesis.,9606,"Following fragmentation, 10 ug of cRNA were hybridized overnight at 46C on Affymetrix U133A arrays. GeneChips were washed and stained in the Affymetrix Fluidics Station 400.",GeneChips were scanned using the diagnostic-grade Affymetrix scanner 3000DX,Probe intensities were quantified with Microarray Suite version 5.0 (MAS 5.0) using Affymetrix default analysis settings.  CEL files were normalized using global scaling with a trimmed mean target intensity of each array arbitrarily set to 600 using the MAS5 algorithm from the simpleaffy package (http://bioconductor.org/packages/2.4/bioc/html/simpleaffy.html).,GPL96,ftp://ftp.ncbi.nlm.nih.gov/geo/samples/GSM615nnn/GSM615204/suppl/GSM615204_20979_AB01913192_16985.CEL.gz,22283,Reanalyzed by: GSE205568
GSM615205,GSE25055,M188,GSM615205,Public on May 11 2011,Nov 01 2010,Jun 06 2022,RNA,1,"breast cancer, sample MDACC-M188",Homo sapiens,M188,MDACC,68.0,P,N,N,P,T2,N1,IIB,2,RD,RCB-III,0,6.059,P,N,SET-Low,Rx Insensitive,High,LumB,RD,RCB-II/III,,"Patients prospectively consented to a research biopsy by fine needle aspiration (FNA) or  core biopsy (CBX) prior to any systemic therapy, and to the future assessment of pathologic  response and/or survival endpoints",total RNA,Total RNA was extracted from tissue using Qiagen Rneasy columns,biotin,A single-round T7 amplification was used to generate biotin-labeled cRNA for hybridization.  At least 1 ug of RNA is required for cRNA synthesis.,9606,"Following fragmentation, 10 ug of cRNA were hybridized overnight at 46C on Affymetrix U133A arrays. GeneChips were washed and stained in the Affymetrix Fluidics Station 400.",GeneChips were scanned using the diagnostic-grade Affymetrix scanner 3000DX,Probe intensities were quantified with Microarray Suite version 5.0 (MAS 5.0) using Affymetrix default analysis settings.  CEL files were normalized using global scaling with a trimmed mean target intensity of each array arbitrarily set to 600 using the MAS5 algorithm from the simpleaffy package (http://bioconductor.org/packages/2.4/bioc/html/simpleaffy.html).,GPL96,ftp://ftp.ncbi.nlm.nih.gov/geo/samples/GSM615nnn/GSM615205/suppl/GSM615205_19893_AB01988665_17044.CEL.gz,22283,Reanalyzed by: GSE205568
GSM615206,GSE25055,M189,GSM615206,Public on May 11 2011,Nov 01 2010,Jun 06 2022,RNA,1,"breast cancer, sample MDACC-M189",Homo sapiens,M189,MDACC,47.0,P,P,N,P,T3,N0,IIB,3,RD,RCB-0/I,0,5.829,P,N,SET-Low,Rx Sensitive,High,LumB,RD,RCB-0/I,,"Patients prospectively consented to a research biopsy by fine needle aspiration (FNA) or  core biopsy (CBX) prior to any systemic therapy, and to the future assessment of pathologic  response and/or survival endpoints",total RNA,Total RNA was extracted from tissue using Qiagen Rneasy columns,biotin,A single-round T7 amplification was used to generate biotin-labeled cRNA for hybridization.  At least 1 ug of RNA is required for cRNA synthesis.,9606,"Following fragmentation, 10 ug of cRNA were hybridized overnight at 46C on Affymetrix U133A arrays. GeneChips were washed and stained in the Affymetrix Fluidics Station 400.",GeneChips were scanned using the diagnostic-grade Affymetrix scanner 3000DX,Probe intensities were quantified with Microarray Suite version 5.0 (MAS 5.0) using Affymetrix default analysis settings.  CEL files were normalized using global scaling with a trimmed mean target intensity of each array arbitrarily set to 600 using the MAS5 algorithm from the simpleaffy package (http://bioconductor.org/packages/2.4/bioc/html/simpleaffy.html).,GPL96,ftp://ftp.ncbi.nlm.nih.gov/geo/samples/GSM615nnn/GSM615206/suppl/GSM615206_20979_AB01988666_16986.CEL.gz,22283,Reanalyzed by: GSE205568
GSM615207,GSE25055,M195,GSM615207,Public on May 11 2011,Nov 01 2010,Jun 06 2022,RNA,1,"breast cancer, sample MDACC-M195",Homo sapiens,M195,MDACC,42.0,P,P,N,P,T2,N0,IIA,2,RD,RCB-II,0,5.793,P,N,SET-Int,Rx Sensitive,Low,LumA,RD,RCB-II/III,,"Patients prospectively consented to a research biopsy by fine needle aspiration (FNA) or  core biopsy (CBX) prior to any systemic therapy, and to the future assessment of pathologic  response and/or survival endpoints",total RNA,Total RNA was extracted from tissue using Qiagen Rneasy columns,biotin,A single-round T7 amplification was used to generate biotin-labeled cRNA for hybridization.  At least 1 ug of RNA is required for cRNA synthesis.,9606,"Following fragmentation, 10 ug of cRNA were hybridized overnight at 46C on Affymetrix U133A arrays. GeneChips were washed and stained in the Affymetrix Fluidics Station 400.",GeneChips were scanned using the diagnostic-grade Affymetrix scanner 3000DX,Probe intensities were quantified with Microarray Suite version 5.0 (MAS 5.0) using Affymetrix default analysis settings.  CEL files were normalized using global scaling with a trimmed mean target intensity of each array arbitrarily set to 600 using the MAS5 algorithm from the simpleaffy package (http://bioconductor.org/packages/2.4/bioc/html/simpleaffy.html).,GPL96,ftp://ftp.ncbi.nlm.nih.gov/geo/samples/GSM615nnn/GSM615207/suppl/GSM615207_FL824-195.CEL.gz,22283,Reanalyzed by: GSE205568
GSM615208,GSE25055,M196,GSM615208,Public on May 11 2011,Nov 01 2010,Jun 06 2022,RNA,1,"breast cancer, sample MDACC-M196",Homo sapiens,M196,MDACC,69.0,P,P,N,P,T2,N1,IIB,2,RD,RCB-III,0,5.870,P,N,SET-Low,Rx Insensitive,Low,LumA,RD,RCB-II/III,,"Patients prospectively consented to a research biopsy by fine needle aspiration (FNA) or  core biopsy (CBX) prior to any systemic therapy, and to the future assessment of pathologic  response and/or survival endpoints",total RNA,Total RNA was extracted from tissue using Qiagen Rneasy columns,biotin,A single-round T7 amplification was used to generate biotin-labeled cRNA for hybridization.  At least 1 ug of RNA is required for cRNA synthesis.,9606,"Following fragmentation, 10 ug of cRNA were hybridized overnight at 46C on Affymetrix U133A arrays. GeneChips were washed and stained in the Affymetrix Fluidics Station 400.",GeneChips were scanned using the diagnostic-grade Affymetrix scanner 3000DX,Probe intensities were quantified with Microarray Suite version 5.0 (MAS 5.0) using Affymetrix default analysis settings.  CEL files were normalized using global scaling with a trimmed mean target intensity of each array arbitrarily set to 600 using the MAS5 algorithm from the simpleaffy package (http://bioconductor.org/packages/2.4/bioc/html/simpleaffy.html).,GPL96,ftp://ftp.ncbi.nlm.nih.gov/geo/samples/GSM615nnn/GSM615208/suppl/GSM615208_19893_AB01778504_17045.CEL.gz,22283,Reanalyzed by: GSE205568
GSM615209,GSE25055,M199,GSM615209,Public on May 11 2011,Nov 01 2010,Jun 06 2022,RNA,1,"breast cancer, sample MDACC-M199",Homo sapiens,M199,MDACC,56.0,N,N,N,N,T2,N3,IIIC,3,pCR,RCB-0/I,1,2.133,N,P,SET-Low,Rx Insensitive,High,Basal,pCR,RCB-0/I,,"Patients prospectively consented to a research biopsy by fine needle aspiration (FNA) or  core biopsy (CBX) prior to any systemic therapy, and to the future assessment of pathologic  response and/or survival endpoints",total RNA,Total RNA was extracted from tissue using Qiagen Rneasy columns,biotin,A single-round T7 amplification was used to generate biotin-labeled cRNA for hybridization.  At least 1 ug of RNA is required for cRNA synthesis.,9606,"Following fragmentation, 10 ug of cRNA were hybridized overnight at 46C on Affymetrix U133A arrays. GeneChips were washed and stained in the Affymetrix Fluidics Station 400.",GeneChips were scanned using the diagnostic-grade Affymetrix scanner 3000DX,Probe intensities were quantified with Microarray Suite version 5.0 (MAS 5.0) using Affymetrix default analysis settings.  CEL files were normalized using global scaling with a trimmed mean target intensity of each array arbitrarily set to 600 using the MAS5 algorithm from the simpleaffy package (http://bioconductor.org/packages/2.4/bioc/html/simpleaffy.html).,GPL96,ftp://ftp.ncbi.nlm.nih.gov/geo/samples/GSM615nnn/GSM615209/suppl/GSM615209_19893_AB01988711_17032.CEL.gz,22283,Reanalyzed by: GSE205568
GSM615210,GSE25055,M201,GSM615210,Public on May 11 2011,Nov 01 2010,Jun 06 2022,RNA,1,"breast cancer, sample MDACC-M201",Homo sapiens,M201,MDACC,75.0,P,N,N,P,T2,N1,IIB,2,RD,RCB-II,0,5.892,P,P,SET-Low,Rx Insensitive,Low,LumA,RD,RCB-II/III,,"Patients prospectively consented to a research biopsy by fine needle aspiration (FNA) or  core biopsy (CBX) prior to any systemic therapy, and to the future assessment of pathologic  response and/or survival endpoints",total RNA,Total RNA was extracted from tissue using Qiagen Rneasy columns,biotin,A single-round T7 amplification was used to generate biotin-labeled cRNA for hybridization.  At least 1 ug of RNA is required for cRNA synthesis.,9606,"Following fragmentation, 10 ug of cRNA were hybridized overnight at 46C on Affymetrix U133A arrays. GeneChips were washed and stained in the Affymetrix Fluidics Station 400.",GeneChips were scanned using the diagnostic-grade Affymetrix scanner 3000DX,Probe intensities were quantified with Microarray Suite version 5.0 (MAS 5.0) using Affymetrix default analysis settings.  CEL files were normalized using global scaling with a trimmed mean target intensity of each array arbitrarily set to 600 using the MAS5 algorithm from the simpleaffy package (http://bioconductor.org/packages/2.4/bioc/html/simpleaffy.html).,GPL96,ftp://ftp.ncbi.nlm.nih.gov/geo/samples/GSM615nnn/GSM615210/suppl/GSM615210_19893_AB01988641_17024.CEL.gz,22283,Reanalyzed by: GSE205568
GSM615211,GSE25055,M205,GSM615211,Public on May 11 2011,Nov 01 2010,Jun 06 2022,RNA,1,"breast cancer, sample MDACC-M205",Homo sapiens,M205,MDACC,35.0,N,N,N,N,T2,N1,IIB,3,pCR,RCB-0/I,0,5.142,N,N,SET-Low,Rx Sensitive,High,Basal,pCR,RCB-0/I,,"Patients prospectively consented to a research biopsy by fine needle aspiration (FNA) or  core biopsy (CBX) prior to any systemic therapy, and to the future assessment of pathologic  response and/or survival endpoints",total RNA,Total RNA was extracted from tissue using Qiagen Rneasy columns,biotin,A single-round T7 amplification was used to generate biotin-labeled cRNA for hybridization.  At least 1 ug of RNA is required for cRNA synthesis.,9606,"Following fragmentation, 10 ug of cRNA were hybridized overnight at 46C on Affymetrix U133A arrays. GeneChips were washed and stained in the Affymetrix Fluidics Station 400.",GeneChips were scanned using the diagnostic-grade Affymetrix scanner 3000DX,Probe intensities were quantified with Microarray Suite version 5.0 (MAS 5.0) using Affymetrix default analysis settings.  CEL files were normalized using global scaling with a trimmed mean target intensity of each array arbitrarily set to 600 using the MAS5 algorithm from the simpleaffy package (http://bioconductor.org/packages/2.4/bioc/html/simpleaffy.html).,GPL96,ftp://ftp.ncbi.nlm.nih.gov/geo/samples/GSM615nnn/GSM615211/suppl/GSM615211_20558_AB01724707_17204.CEL.gz,22283,Reanalyzed by: GSE205568
GSM615212,GSE25055,M206,GSM615212,Public on May 11 2011,Nov 01 2010,Jun 06 2022,RNA,1,"breast cancer, sample MDACC-M206",Homo sapiens,M206,MDACC,48.0,N,N,N,N,T2,N0,IIA,3,pCR,RCB-0/I,0,4.684,N,N,SET-Low,Rx Sensitive,High,Basal,pCR,RCB-0/I,,"Patients prospectively consented to a research biopsy by fine needle aspiration (FNA) or  core biopsy (CBX) prior to any systemic therapy, and to the future assessment of pathologic  response and/or survival endpoints",total RNA,Total RNA was extracted from tissue using Qiagen Rneasy columns,biotin,A single-round T7 amplification was used to generate biotin-labeled cRNA for hybridization.  At least 1 ug of RNA is required for cRNA synthesis.,9606,"Following fragmentation, 10 ug of cRNA were hybridized overnight at 46C on Affymetrix U133A arrays. GeneChips were washed and stained in the Affymetrix Fluidics Station 400.",GeneChips were scanned using the diagnostic-grade Affymetrix scanner 3000DX,Probe intensities were quantified with Microarray Suite version 5.0 (MAS 5.0) using Affymetrix default analysis settings.  CEL files were normalized using global scaling with a trimmed mean target intensity of each array arbitrarily set to 600 using the MAS5 algorithm from the simpleaffy package (http://bioconductor.org/packages/2.4/bioc/html/simpleaffy.html).,GPL96,ftp://ftp.ncbi.nlm.nih.gov/geo/samples/GSM615nnn/GSM615212/suppl/GSM615212_19893_AB01988742_17046.CEL.gz,22283,Reanalyzed by: GSE205568
GSM615213,GSE25055,M211,GSM615213,Public on May 11 2011,Nov 01 2010,Jun 06 2022,RNA,1,"breast cancer, sample MDACC-M211",Homo sapiens,M211,MDACC,53.0,N,N,N,N,T3,N2,IIIA,3,pCR,RCB-0/I,0,4.624,N,N,SET-Low,Rx Sensitive,High,Basal,pCR,RCB-0/I,,"Patients prospectively consented to a research biopsy by fine needle aspiration (FNA) or  core biopsy (CBX) prior to any systemic therapy, and to the future assessment of pathologic  response and/or survival endpoints",total RNA,Total RNA was extracted from tissue using Qiagen Rneasy columns,biotin,A single-round T7 amplification was used to generate biotin-labeled cRNA for hybridization.  At least 1 ug of RNA is required for cRNA synthesis.,9606,"Following fragmentation, 10 ug of cRNA were hybridized overnight at 46C on Affymetrix U133A arrays. GeneChips were washed and stained in the Affymetrix Fluidics Station 400.",GeneChips were scanned using the diagnostic-grade Affymetrix scanner 3000DX,Probe intensities were quantified with Microarray Suite version 5.0 (MAS 5.0) using Affymetrix default analysis settings.  CEL files were normalized using global scaling with a trimmed mean target intensity of each array arbitrarily set to 600 using the MAS5 algorithm from the simpleaffy package (http://bioconductor.org/packages/2.4/bioc/html/simpleaffy.html).,GPL96,ftp://ftp.ncbi.nlm.nih.gov/geo/samples/GSM615nnn/GSM615213/suppl/GSM615213_19893_AB01988743_17025.CEL.gz,22283,Reanalyzed by: GSE205568
GSM615214,GSE25055,M214,GSM615214,Public on May 11 2011,Nov 01 2010,Jun 06 2022,RNA,1,"breast cancer, sample MDACC-M214",Homo sapiens,M214,MDACC,54.0,P,N,N,P,T2,N1,IIB,2,RD,RCB-III,0,5.536,P,N,SET-Low,Rx Insensitive,Low,LumA,RD,RCB-II/III,,"Patients prospectively consented to a research biopsy by fine needle aspiration (FNA) or  core biopsy (CBX) prior to any systemic therapy, and to the future assessment of pathologic  response and/or survival endpoints",total RNA,Total RNA was extracted from tissue using Qiagen Rneasy columns,biotin,A single-round T7 amplification was used to generate biotin-labeled cRNA for hybridization.  At least 1 ug of RNA is required for cRNA synthesis.,9606,"Following fragmentation, 10 ug of cRNA were hybridized overnight at 46C on Affymetrix U133A arrays. GeneChips were washed and stained in the Affymetrix Fluidics Station 400.",GeneChips were scanned using the diagnostic-grade Affymetrix scanner 3000DX,Probe intensities were quantified with Microarray Suite version 5.0 (MAS 5.0) using Affymetrix default analysis settings.  CEL files were normalized using global scaling with a trimmed mean target intensity of each array arbitrarily set to 600 using the MAS5 algorithm from the simpleaffy package (http://bioconductor.org/packages/2.4/bioc/html/simpleaffy.html).,GPL96,ftp://ftp.ncbi.nlm.nih.gov/geo/samples/GSM615nnn/GSM615214/suppl/GSM615214_19893_AB01779182_17047.CEL.gz,22283,Reanalyzed by: GSE205568
GSM615215,GSE25055,M215,GSM615215,Public on May 11 2011,Nov 01 2010,Jun 06 2022,RNA,1,"breast cancer, sample MDACC-M215",Homo sapiens,M215,MDACC,44.0,N,N,N,N,T2,N1,IIB,3,pCR,RCB-0/I,0,5.251,N,N,SET-Low,Rx Sensitive,High,Her2,pCR,RCB-0/I,,"Patients prospectively consented to a research biopsy by fine needle aspiration (FNA) or  core biopsy (CBX) prior to any systemic therapy, and to the future assessment of pathologic  response and/or survival endpoints",total RNA,Total RNA was extracted from tissue using Qiagen Rneasy columns,biotin,A single-round T7 amplification was used to generate biotin-labeled cRNA for hybridization.  At least 1 ug of RNA is required for cRNA synthesis.,9606,"Following fragmentation, 10 ug of cRNA were hybridized overnight at 46C on Affymetrix U133A arrays. GeneChips were washed and stained in the Affymetrix Fluidics Station 400.",GeneChips were scanned using the diagnostic-grade Affymetrix scanner 3000DX,Probe intensities were quantified with Microarray Suite version 5.0 (MAS 5.0) using Affymetrix default analysis settings.  CEL files were normalized using global scaling with a trimmed mean target intensity of each array arbitrarily set to 600 using the MAS5 algorithm from the simpleaffy package (http://bioconductor.org/packages/2.4/bioc/html/simpleaffy.html).,GPL96,ftp://ftp.ncbi.nlm.nih.gov/geo/samples/GSM615nnn/GSM615215/suppl/GSM615215_19893_AB01988712_17033.CEL.gz,22283,Reanalyzed by: GSE205568
GSM615216,GSE25055,M216,GSM615216,Public on May 11 2011,Nov 01 2010,Jun 06 2022,RNA,1,"breast cancer, sample MDACC-M216",Homo sapiens,M216,MDACC,58.0,P,P,N,P,T2,N1,IIB,2,RD,RCB-II,1,2.669,P,N,SET-Low,Rx Sensitive,High,LumB,RD,RCB-0/I,,"Patients prospectively consented to a research biopsy by fine needle aspiration (FNA) or  core biopsy (CBX) prior to any systemic therapy, and to the future assessment of pathologic  response and/or survival endpoints",total RNA,Total RNA was extracted from tissue using Qiagen Rneasy columns,biotin,A single-round T7 amplification was used to generate biotin-labeled cRNA for hybridization.  At least 1 ug of RNA is required for cRNA synthesis.,9606,"Following fragmentation, 10 ug of cRNA were hybridized overnight at 46C on Affymetrix U133A arrays. GeneChips were washed and stained in the Affymetrix Fluidics Station 400.",GeneChips were scanned using the diagnostic-grade Affymetrix scanner 3000DX,Probe intensities were quantified with Microarray Suite version 5.0 (MAS 5.0) using Affymetrix default analysis settings.  CEL files were normalized using global scaling with a trimmed mean target intensity of each array arbitrarily set to 600 using the MAS5 algorithm from the simpleaffy package (http://bioconductor.org/packages/2.4/bioc/html/simpleaffy.html).,GPL96,ftp://ftp.ncbi.nlm.nih.gov/geo/samples/GSM615nnn/GSM615216/suppl/GSM615216_19893_AB02014530_17059.CEL.gz,22283,Reanalyzed by: GSE205568
GSM615217,GSE25055,M217,GSM615217,Public on May 11 2011,Nov 01 2010,Jun 06 2022,RNA,1,"breast cancer, sample MDACC-M217",Homo sapiens,M217,MDACC,52.0,P,P,N,P,T2,N0,IIA,2,RD,RCB-II,0,5.645,P,N,SET-High,Rx Sensitive,Low,LumA,RD,RCB-0/I,,"Patients prospectively consented to a research biopsy by fine needle aspiration (FNA) or  core biopsy (CBX) prior to any systemic therapy, and to the future assessment of pathologic  response and/or survival endpoints",total RNA,Total RNA was extracted from tissue using Qiagen Rneasy columns,biotin,A single-round T7 amplification was used to generate biotin-labeled cRNA for hybridization.  At least 1 ug of RNA is required for cRNA synthesis.,9606,"Following fragmentation, 10 ug of cRNA were hybridized overnight at 46C on Affymetrix U133A arrays. GeneChips were washed and stained in the Affymetrix Fluidics Station 400.",GeneChips were scanned using the diagnostic-grade Affymetrix scanner 3000DX,Probe intensities were quantified with Microarray Suite version 5.0 (MAS 5.0) using Affymetrix default analysis settings.  CEL files were normalized using global scaling with a trimmed mean target intensity of each array arbitrarily set to 600 using the MAS5 algorithm from the simpleaffy package (http://bioconductor.org/packages/2.4/bioc/html/simpleaffy.html).,GPL96,ftp://ftp.ncbi.nlm.nih.gov/geo/samples/GSM615nnn/GSM615217/suppl/GSM615217_19893_AB01988746_17026.CEL.gz,22283,Reanalyzed by: GSE205568
GSM615218,GSE25055,M219,GSM615218,Public on May 11 2011,Nov 01 2010,Jun 06 2022,RNA,1,"breast cancer, sample MDACC-M219",Homo sapiens,M219,MDACC,56.0,N,N,N,N,T4,N3,IIIB,3,RD,RCB-III,1,0.575,N,N,SET-Low,Rx Insensitive,High,Basal,pCR,RCB-II/III,,"Patients prospectively consented to a research biopsy by fine needle aspiration (FNA) or  core biopsy (CBX) prior to any systemic therapy, and to the future assessment of pathologic  response and/or survival endpoints",total RNA,Total RNA was extracted from tissue using Qiagen Rneasy columns,biotin,A single-round T7 amplification was used to generate biotin-labeled cRNA for hybridization.  At least 1 ug of RNA is required for cRNA synthesis.,9606,"Following fragmentation, 10 ug of cRNA were hybridized overnight at 46C on Affymetrix U133A arrays. GeneChips were washed and stained in the Affymetrix Fluidics Station 400.",GeneChips were scanned using the diagnostic-grade Affymetrix scanner 3000DX,Probe intensities were quantified with Microarray Suite version 5.0 (MAS 5.0) using Affymetrix default analysis settings.  CEL files were normalized using global scaling with a trimmed mean target intensity of each array arbitrarily set to 600 using the MAS5 algorithm from the simpleaffy package (http://bioconductor.org/packages/2.4/bioc/html/simpleaffy.html).,GPL96,ftp://ftp.ncbi.nlm.nih.gov/geo/samples/GSM615nnn/GSM615218/suppl/GSM615218_FL486-219.CEL.gz,22283,Reanalyzed by: GSE205568
GSM615219,GSE25055,M220,GSM615219,Public on May 11 2011,Nov 01 2010,Jun 06 2022,RNA,1,"breast cancer, sample MDACC-M220",Homo sapiens,M220,MDACC,38.0,P,N,N,P,T4,N1,IIIB,3,RD,RCB-0/I,0,0.482,P,N,SET-Low,Rx Sensitive,High,Basal,RD,RCB-0/I,,"Patients prospectively consented to a research biopsy by fine needle aspiration (FNA) or  core biopsy (CBX) prior to any systemic therapy, and to the future assessment of pathologic  response and/or survival endpoints",total RNA,Total RNA was extracted from tissue using Qiagen Rneasy columns,biotin,A single-round T7 amplification was used to generate biotin-labeled cRNA for hybridization.  At least 1 ug of RNA is required for cRNA synthesis.,9606,"Following fragmentation, 10 ug of cRNA were hybridized overnight at 46C on Affymetrix U133A arrays. GeneChips were washed and stained in the Affymetrix Fluidics Station 400.",GeneChips were scanned using the diagnostic-grade Affymetrix scanner 3000DX,Probe intensities were quantified with Microarray Suite version 5.0 (MAS 5.0) using Affymetrix default analysis settings.  CEL files were normalized using global scaling with a trimmed mean target intensity of each array arbitrarily set to 600 using the MAS5 algorithm from the simpleaffy package (http://bioconductor.org/packages/2.4/bioc/html/simpleaffy.html).,GPL96,ftp://ftp.ncbi.nlm.nih.gov/geo/samples/GSM615nnn/GSM615219/suppl/GSM615219_19893_AB01913300_16991.CEL.gz,22283,Reanalyzed by: GSE205568
GSM615220,GSE25055,M226,GSM615220,Public on May 11 2011,Nov 01 2010,Jun 06 2022,RNA,1,"breast cancer, sample MDACC-M226",Homo sapiens,M226,MDACC,31.0,P,P,N,P,T4,N2,IIIB,3,RD,RCB-0/I,0,4.966,P,N,SET-Low,Rx Sensitive,High,Normal,RD,RCB-0/I,,"Patients prospectively consented to a research biopsy by fine needle aspiration (FNA) or  core biopsy (CBX) prior to any systemic therapy, and to the future assessment of pathologic  response and/or survival endpoints",total RNA,Total RNA was extracted from tissue using Qiagen Rneasy columns,biotin,A single-round T7 amplification was used to generate biotin-labeled cRNA for hybridization.  At least 1 ug of RNA is required for cRNA synthesis.,9606,"Following fragmentation, 10 ug of cRNA were hybridized overnight at 46C on Affymetrix U133A arrays. GeneChips were washed and stained in the Affymetrix Fluidics Station 400.",GeneChips were scanned using the diagnostic-grade Affymetrix scanner 3000DX,Probe intensities were quantified with Microarray Suite version 5.0 (MAS 5.0) using Affymetrix default analysis settings.  CEL files were normalized using global scaling with a trimmed mean target intensity of each array arbitrarily set to 600 using the MAS5 algorithm from the simpleaffy package (http://bioconductor.org/packages/2.4/bioc/html/simpleaffy.html).,GPL96,ftp://ftp.ncbi.nlm.nih.gov/geo/samples/GSM615nnn/GSM615220/suppl/GSM615220_19893_AB01988709_17027.CEL.gz,22283,Reanalyzed by: GSE205568
GSM615221,GSE25055,M227,GSM615221,Public on May 11 2011,Nov 01 2010,Jun 06 2022,RNA,1,"breast cancer, sample MDACC-M227",Homo sapiens,M227,MDACC,38.0,P,P,N,P,T4,N1,IIB,3,RD,RCB-II,1,3.362,P,N,SET-Low,Rx Sensitive,High,LumA,RD,RCB-0/I,,"Patients prospectively consented to a research biopsy by fine needle aspiration (FNA) or  core biopsy (CBX) prior to any systemic therapy, and to the future assessment of pathologic  response and/or survival endpoints",total RNA,Total RNA was extracted from tissue using Qiagen Rneasy columns,biotin,A single-round T7 amplification was used to generate biotin-labeled cRNA for hybridization.  At least 1 ug of RNA is required for cRNA synthesis.,9606,"Following fragmentation, 10 ug of cRNA were hybridized overnight at 46C on Affymetrix U133A arrays. GeneChips were washed and stained in the Affymetrix Fluidics Station 400.",GeneChips were scanned using the diagnostic-grade Affymetrix scanner 3000DX,Probe intensities were quantified with Microarray Suite version 5.0 (MAS 5.0) using Affymetrix default analysis settings.  CEL files were normalized using global scaling with a trimmed mean target intensity of each array arbitrarily set to 600 using the MAS5 algorithm from the simpleaffy package (http://bioconductor.org/packages/2.4/bioc/html/simpleaffy.html).,GPL96,ftp://ftp.ncbi.nlm.nih.gov/geo/samples/GSM615nnn/GSM615221/suppl/GSM615221_19893_AB01988136_17034.CEL.gz,22283,Reanalyzed by: GSE205568
GSM615222,GSE25055,M228,GSM615222,Public on May 11 2011,Nov 01 2010,Jun 06 2022,RNA,1,"breast cancer, sample MDACC-M228",Homo sapiens,M228,MDACC,48.0,P,N,N,P,T4,N1,IIIB,2,RD,RCB-II,1,1.536,P,N,SET-Low,Rx Insensitive,Low,LumA,RD,RCB-0/I,,"Patients prospectively consented to a research biopsy by fine needle aspiration (FNA) or  core biopsy (CBX) prior to any systemic therapy, and to the future assessment of pathologic  response and/or survival endpoints",total RNA,Total RNA was extracted from tissue using Qiagen Rneasy columns,biotin,A single-round T7 amplification was used to generate biotin-labeled cRNA for hybridization.  At least 1 ug of RNA is required for cRNA synthesis.,9606,"Following fragmentation, 10 ug of cRNA were hybridized overnight at 46C on Affymetrix U133A arrays. GeneChips were washed and stained in the Affymetrix Fluidics Station 400.",GeneChips were scanned using the diagnostic-grade Affymetrix scanner 3000DX,Probe intensities were quantified with Microarray Suite version 5.0 (MAS 5.0) using Affymetrix default analysis settings.  CEL files were normalized using global scaling with a trimmed mean target intensity of each array arbitrarily set to 600 using the MAS5 algorithm from the simpleaffy package (http://bioconductor.org/packages/2.4/bioc/html/simpleaffy.html).,GPL96,ftp://ftp.ncbi.nlm.nih.gov/geo/samples/GSM615nnn/GSM615222/suppl/GSM615222_19893_AB01923090_16992.CEL.gz,22283,Reanalyzed by: GSE205568
GSM615223,GSE25055,M229,GSM615223,Public on May 11 2011,Nov 01 2010,Jun 06 2022,RNA,1,"breast cancer, sample MDACC-M229",Homo sapiens,M229,MDACC,57.0,N,N,N,N,T3,N1,IIIA,3,RD,RCB-III,1,0.624,N,N,SET-Low,Rx Insensitive,High,Basal,pCR,RCB-II/III,,"Patients prospectively consented to a research biopsy by fine needle aspiration (FNA) or  core biopsy (CBX) prior to any systemic therapy, and to the future assessment of pathologic  response and/or survival endpoints",total RNA,Total RNA was extracted from tissue using Qiagen Rneasy columns,biotin,A single-round T7 amplification was used to generate biotin-labeled cRNA for hybridization.  At least 1 ug of RNA is required for cRNA synthesis.,9606,"Following fragmentation, 10 ug of cRNA were hybridized overnight at 46C on Affymetrix U133A arrays. GeneChips were washed and stained in the Affymetrix Fluidics Station 400.",GeneChips were scanned using the diagnostic-grade Affymetrix scanner 3000DX,Probe intensities were quantified with Microarray Suite version 5.0 (MAS 5.0) using Affymetrix default analysis settings.  CEL files were normalized using global scaling with a trimmed mean target intensity of each array arbitrarily set to 600 using the MAS5 algorithm from the simpleaffy package (http://bioconductor.org/packages/2.4/bioc/html/simpleaffy.html).,GPL96,ftp://ftp.ncbi.nlm.nih.gov/geo/samples/GSM615nnn/GSM615223/suppl/GSM615223_FL795-229.CEL.gz,22283,Reanalyzed by: GSE205568
GSM615224,GSE25055,M231,GSM615224,Public on May 11 2011,Nov 01 2010,Jun 06 2022,RNA,1,"breast cancer, sample MDACC-M231",Homo sapiens,M231,MDACC,52.0,P,P,N,P,T2,N0,IIA,2,RD,RCB-III,0,4.597,P,P,SET-Low,Rx Insensitive,Low,LumA,RD,RCB-II/III,,"Patients prospectively consented to a research biopsy by fine needle aspiration (FNA) or  core biopsy (CBX) prior to any systemic therapy, and to the future assessment of pathologic  response and/or survival endpoints",total RNA,Total RNA was extracted from tissue using Qiagen Rneasy columns,biotin,A single-round T7 amplification was used to generate biotin-labeled cRNA for hybridization.  At least 1 ug of RNA is required for cRNA synthesis.,9606,"Following fragmentation, 10 ug of cRNA were hybridized overnight at 46C on Affymetrix U133A arrays. GeneChips were washed and stained in the Affymetrix Fluidics Station 400.",GeneChips were scanned using the diagnostic-grade Affymetrix scanner 3000DX,Probe intensities were quantified with Microarray Suite version 5.0 (MAS 5.0) using Affymetrix default analysis settings.  CEL files were normalized using global scaling with a trimmed mean target intensity of each array arbitrarily set to 600 using the MAS5 algorithm from the simpleaffy package (http://bioconductor.org/packages/2.4/bioc/html/simpleaffy.html).,GPL96,ftp://ftp.ncbi.nlm.nih.gov/geo/samples/GSM615nnn/GSM615224/suppl/GSM615224_23678_AB01562130_24648.CEL.gz,22283,Reanalyzed by: GSE205568
GSM615225,GSE25055,M233,GSM615225,Public on May 11 2011,Nov 01 2010,Jun 06 2022,RNA,1,"breast cancer, sample MDACC-M233",Homo sapiens,M233,MDACC,60.0,N,N,N,N,T4,N3,IIIB,3,RD,RCB-III,0,4.329,N,N,SET-Low,Rx Insensitive,High,Basal,pCR,RCB-II/III,,"Patients prospectively consented to a research biopsy by fine needle aspiration (FNA) or  core biopsy (CBX) prior to any systemic therapy, and to the future assessment of pathologic  response and/or survival endpoints",total RNA,Total RNA was extracted from tissue using Qiagen Rneasy columns,biotin,A single-round T7 amplification was used to generate biotin-labeled cRNA for hybridization.  At least 1 ug of RNA is required for cRNA synthesis.,9606,"Following fragmentation, 10 ug of cRNA were hybridized overnight at 46C on Affymetrix U133A arrays. GeneChips were washed and stained in the Affymetrix Fluidics Station 400.",GeneChips were scanned using the diagnostic-grade Affymetrix scanner 3000DX,Probe intensities were quantified with Microarray Suite version 5.0 (MAS 5.0) using Affymetrix default analysis settings.  CEL files were normalized using global scaling with a trimmed mean target intensity of each array arbitrarily set to 600 using the MAS5 algorithm from the simpleaffy package (http://bioconductor.org/packages/2.4/bioc/html/simpleaffy.html).,GPL96,ftp://ftp.ncbi.nlm.nih.gov/geo/samples/GSM615nnn/GSM615225/suppl/GSM615225_24817_AB02263389_26164.CEL.gz,22283,Reanalyzed by: GSE205568
GSM615226,GSE25055,M234,GSM615226,Public on May 11 2011,Nov 01 2010,Jun 06 2022,RNA,1,"breast cancer, sample MDACC-M234",Homo sapiens,M234,MDACC,58.0,P,N,N,P,T3,N0,IIB,1,RD,RCB-0/I,0,4.378,N,N,SET-Low,Rx Sensitive,Low,Normal,RD,RCB-0/I,,"Patients prospectively consented to a research biopsy by fine needle aspiration (FNA) or  core biopsy (CBX) prior to any systemic therapy, and to the future assessment of pathologic  response and/or survival endpoints",total RNA,Total RNA was extracted from tissue using Qiagen Rneasy columns,biotin,A single-round T7 amplification was used to generate biotin-labeled cRNA for hybridization.  At least 1 ug of RNA is required for cRNA synthesis.,9606,"Following fragmentation, 10 ug of cRNA were hybridized overnight at 46C on Affymetrix U133A arrays. GeneChips were washed and stained in the Affymetrix Fluidics Station 400.",GeneChips were scanned using the diagnostic-grade Affymetrix scanner 3000DX,Probe intensities were quantified with Microarray Suite version 5.0 (MAS 5.0) using Affymetrix default analysis settings.  CEL files were normalized using global scaling with a trimmed mean target intensity of each array arbitrarily set to 600 using the MAS5 algorithm from the simpleaffy package (http://bioconductor.org/packages/2.4/bioc/html/simpleaffy.html).,GPL96,ftp://ftp.ncbi.nlm.nih.gov/geo/samples/GSM615nnn/GSM615226/suppl/GSM615226_24817_AB02261485_26161.CEL.gz,22283,Reanalyzed by: GSE205568
GSM615227,GSE25055,M236,GSM615227,Public on May 11 2011,Nov 01 2010,Jun 06 2022,RNA,1,"breast cancer, sample MDACC-M236",Homo sapiens,M236,MDACC,52.0,P,P,N,P,T2,N1,IIB,2,RD,RCB-0/I,0,5.183,P,N,SET-Low,Rx Sensitive,High,LumB,RD,RCB-0/I,,"Patients prospectively consented to a research biopsy by fine needle aspiration (FNA) or  core biopsy (CBX) prior to any systemic therapy, and to the future assessment of pathologic  response and/or survival endpoints",total RNA,Total RNA was extracted from tissue using Qiagen Rneasy columns,biotin,A single-round T7 amplification was used to generate biotin-labeled cRNA for hybridization.  At least 1 ug of RNA is required for cRNA synthesis.,9606,"Following fragmentation, 10 ug of cRNA were hybridized overnight at 46C on Affymetrix U133A arrays. GeneChips were washed and stained in the Affymetrix Fluidics Station 400.",GeneChips were scanned using the diagnostic-grade Affymetrix scanner 3000DX,Probe intensities were quantified with Microarray Suite version 5.0 (MAS 5.0) using Affymetrix default analysis settings.  CEL files were normalized using global scaling with a trimmed mean target intensity of each array arbitrarily set to 600 using the MAS5 algorithm from the simpleaffy package (http://bioconductor.org/packages/2.4/bioc/html/simpleaffy.html).,GPL96,ftp://ftp.ncbi.nlm.nih.gov/geo/samples/GSM615nnn/GSM615227/suppl/GSM615227_23678_AB01233040_24639.CEL.gz,22283,Reanalyzed by: GSE205568
GSM615228,GSE25055,M246,GSM615228,Public on May 11 2011,Nov 01 2010,Jun 06 2022,RNA,1,"breast cancer, sample MDACC-M246",Homo sapiens,M246,MDACC,42.0,P,N,N,P,T1,N1,IIA,3,RD,RCB-III,0,4.580,P,N,SET-Low,Rx Insensitive,Low,LumA,RD,RCB-0/I,,"Patients prospectively consented to a research biopsy by fine needle aspiration (FNA) or  core biopsy (CBX) prior to any systemic therapy, and to the future assessment of pathologic  response and/or survival endpoints",total RNA,Total RNA was extracted from tissue using Qiagen Rneasy columns,biotin,A single-round T7 amplification was used to generate biotin-labeled cRNA for hybridization.  At least 1 ug of RNA is required for cRNA synthesis.,9606,"Following fragmentation, 10 ug of cRNA were hybridized overnight at 46C on Affymetrix U133A arrays. GeneChips were washed and stained in the Affymetrix Fluidics Station 400.",GeneChips were scanned using the diagnostic-grade Affymetrix scanner 3000DX,Probe intensities were quantified with Microarray Suite version 5.0 (MAS 5.0) using Affymetrix default analysis settings.  CEL files were normalized using global scaling with a trimmed mean target intensity of each array arbitrarily set to 600 using the MAS5 algorithm from the simpleaffy package (http://bioconductor.org/packages/2.4/bioc/html/simpleaffy.html).,GPL96,ftp://ftp.ncbi.nlm.nih.gov/geo/samples/GSM615nnn/GSM615228/suppl/GSM615228_23678_AB01299779_24642.CEL.gz,22283,Reanalyzed by: GSE205568
GSM615229,GSE25055,M255,GSM615229,Public on May 11 2011,Nov 01 2010,Jun 06 2022,RNA,1,"breast cancer, sample MDACC-M255",Homo sapiens,M255,MDACC,48.0,N,N,N,N,T4,N3,IIIB,2,RD,RCB-II,0,4.890,N,N,SET-Int,Rx Sensitive,Low,Normal,RD,RCB-II/III,,"Patients prospectively consented to a research biopsy by fine needle aspiration (FNA) or  core biopsy (CBX) prior to any systemic therapy, and to the future assessment of pathologic  response and/or survival endpoints",total RNA,Total RNA was extracted from tissue using Qiagen Rneasy columns,biotin,A single-round T7 amplification was used to generate biotin-labeled cRNA for hybridization.  At least 1 ug of RNA is required for cRNA synthesis.,9606,"Following fragmentation, 10 ug of cRNA were hybridized overnight at 46C on Affymetrix U133A arrays. GeneChips were washed and stained in the Affymetrix Fluidics Station 400.",GeneChips were scanned using the diagnostic-grade Affymetrix scanner 3000DX,Probe intensities were quantified with Microarray Suite version 5.0 (MAS 5.0) using Affymetrix default analysis settings.  CEL files were normalized using global scaling with a trimmed mean target intensity of each array arbitrarily set to 600 using the MAS5 algorithm from the simpleaffy package (http://bioconductor.org/packages/2.4/bioc/html/simpleaffy.html).,GPL96,ftp://ftp.ncbi.nlm.nih.gov/geo/samples/GSM615nnn/GSM615229/suppl/GSM615229_24817_AB02262603_26162.CEL.gz,22283,Reanalyzed by: GSE205568
GSM615230,GSE25055,M259,GSM615230,Public on May 11 2011,Nov 01 2010,Jun 06 2022,RNA,1,"breast cancer, sample MDACC-M259",Homo sapiens,M259,MDACC,39.0,P,P,N,P,T2,N0,IIA,3,RD,RCB-0/I,0,4.008,P,P,SET-Low,Rx Sensitive,High,Her2,RD,RCB-0/I,,"Patients prospectively consented to a research biopsy by fine needle aspiration (FNA) or  core biopsy (CBX) prior to any systemic therapy, and to the future assessment of pathologic  response and/or survival endpoints",total RNA,Total RNA was extracted from tissue using Qiagen Rneasy columns,biotin,A single-round T7 amplification was used to generate biotin-labeled cRNA for hybridization.  At least 1 ug of RNA is required for cRNA synthesis.,9606,"Following fragmentation, 10 ug of cRNA were hybridized overnight at 46C on Affymetrix U133A arrays. GeneChips were washed and stained in the Affymetrix Fluidics Station 400.",GeneChips were scanned using the diagnostic-grade Affymetrix scanner 3000DX,Probe intensities were quantified with Microarray Suite version 5.0 (MAS 5.0) using Affymetrix default analysis settings.  CEL files were normalized using global scaling with a trimmed mean target intensity of each array arbitrarily set to 600 using the MAS5 algorithm from the simpleaffy package (http://bioconductor.org/packages/2.4/bioc/html/simpleaffy.html).,GPL96,ftp://ftp.ncbi.nlm.nih.gov/geo/samples/GSM615nnn/GSM615230/suppl/GSM615230_24817_AB02260707_26166.CEL.gz,22283,Reanalyzed by: GSE205568
GSM615231,GSE25055,M260,GSM615231,Public on May 11 2011,Nov 01 2010,Jun 06 2022,RNA,1,"breast cancer, sample MDACC-M260",Homo sapiens,M260,MDACC,49.0,P,P,N,P,T3,N1,IIIA,2,RD,RCB-III,0,4.528,P,N,SET-Int,Rx Sensitive,Low,LumA,RD,RCB-0/I,,"Patients prospectively consented to a research biopsy by fine needle aspiration (FNA) or  core biopsy (CBX) prior to any systemic therapy, and to the future assessment of pathologic  response and/or survival endpoints",total RNA,Total RNA was extracted from tissue using Qiagen Rneasy columns,biotin,A single-round T7 amplification was used to generate biotin-labeled cRNA for hybridization.  At least 1 ug of RNA is required for cRNA synthesis.,9606,"Following fragmentation, 10 ug of cRNA were hybridized overnight at 46C on Affymetrix U133A arrays. GeneChips were washed and stained in the Affymetrix Fluidics Station 400.",GeneChips were scanned using the diagnostic-grade Affymetrix scanner 3000DX,Probe intensities were quantified with Microarray Suite version 5.0 (MAS 5.0) using Affymetrix default analysis settings.  CEL files were normalized using global scaling with a trimmed mean target intensity of each array arbitrarily set to 600 using the MAS5 algorithm from the simpleaffy package (http://bioconductor.org/packages/2.4/bioc/html/simpleaffy.html).,GPL96,ftp://ftp.ncbi.nlm.nih.gov/geo/samples/GSM615nnn/GSM615231/suppl/GSM615231_24817_AB02261512_26160.CEL.gz,22283,Reanalyzed by: GSE205568
GSM615232,GSE25055,M261,GSM615232,Public on May 11 2011,Nov 01 2010,Jun 06 2022,RNA,1,"breast cancer, sample MDACC-M261",Homo sapiens,M261,MDACC,56.0,P,P,N,P,T2,N0,IIA,2,RD,RCB-II,0,3.888,P,N,SET-Int,Rx Sensitive,Low,LumA,RD,RCB-II/III,,"Patients prospectively consented to a research biopsy by fine needle aspiration (FNA) or  core biopsy (CBX) prior to any systemic therapy, and to the future assessment of pathologic  response and/or survival endpoints",total RNA,Total RNA was extracted from tissue using Qiagen Rneasy columns,biotin,A single-round T7 amplification was used to generate biotin-labeled cRNA for hybridization.  At least 1 ug of RNA is required for cRNA synthesis.,9606,"Following fragmentation, 10 ug of cRNA were hybridized overnight at 46C on Affymetrix U133A arrays. GeneChips were washed and stained in the Affymetrix Fluidics Station 400.",GeneChips were scanned using the diagnostic-grade Affymetrix scanner 3000DX,Probe intensities were quantified with Microarray Suite version 5.0 (MAS 5.0) using Affymetrix default analysis settings.  CEL files were normalized using global scaling with a trimmed mean target intensity of each array arbitrarily set to 600 using the MAS5 algorithm from the simpleaffy package (http://bioconductor.org/packages/2.4/bioc/html/simpleaffy.html).,GPL96,ftp://ftp.ncbi.nlm.nih.gov/geo/samples/GSM615nnn/GSM615232/suppl/GSM615232_24817_AB02263410_26165.CEL.gz,22283,Reanalyzed by: GSE205568
GSM615233,GSE25055,M263,GSM615233,Public on May 11 2011,Nov 01 2010,Jun 06 2022,RNA,1,"breast cancer, sample MDACC-M263",Homo sapiens,M263,MDACC,72.0,P,P,N,P,T2,N1,IIB,1,RD,RCB-III,1,0.791,P,N,SET-Low,Rx Insensitive,Low,Normal,RD,RCB-II/III,,"Patients prospectively consented to a research biopsy by fine needle aspiration (FNA) or  core biopsy (CBX) prior to any systemic therapy, and to the future assessment of pathologic  response and/or survival endpoints",total RNA,Total RNA was extracted from tissue using Qiagen Rneasy columns,biotin,A single-round T7 amplification was used to generate biotin-labeled cRNA for hybridization.  At least 1 ug of RNA is required for cRNA synthesis.,9606,"Following fragmentation, 10 ug of cRNA were hybridized overnight at 46C on Affymetrix U133A arrays. GeneChips were washed and stained in the Affymetrix Fluidics Station 400.",GeneChips were scanned using the diagnostic-grade Affymetrix scanner 3000DX,Probe intensities were quantified with Microarray Suite version 5.0 (MAS 5.0) using Affymetrix default analysis settings.  CEL files were normalized using global scaling with a trimmed mean target intensity of each array arbitrarily set to 600 using the MAS5 algorithm from the simpleaffy package (http://bioconductor.org/packages/2.4/bioc/html/simpleaffy.html).,GPL96,ftp://ftp.ncbi.nlm.nih.gov/geo/samples/GSM615nnn/GSM615233/suppl/GSM615233_FL644-263.CEL.gz,22283,Reanalyzed by: GSE205568
GSM615234,GSE25055,M266,GSM615234,Public on May 11 2011,Nov 01 2010,Jun 06 2022,RNA,1,"breast cancer, sample MDACC-M266",Homo sapiens,M266,MDACC,45.0,P,N,N,P,T2,N2,IIIA,3,RD,RCB-II,0,4.348,P,N,SET-Low,Rx Sensitive,High,Normal,RD,RCB-0/I,,"Patients prospectively consented to a research biopsy by fine needle aspiration (FNA) or  core biopsy (CBX) prior to any systemic therapy, and to the future assessment of pathologic  response and/or survival endpoints",total RNA,Total RNA was extracted from tissue using Qiagen Rneasy columns,biotin,A single-round T7 amplification was used to generate biotin-labeled cRNA for hybridization.  At least 1 ug of RNA is required for cRNA synthesis.,9606,"Following fragmentation, 10 ug of cRNA were hybridized overnight at 46C on Affymetrix U133A arrays. GeneChips were washed and stained in the Affymetrix Fluidics Station 400.",GeneChips were scanned using the diagnostic-grade Affymetrix scanner 3000DX,Probe intensities were quantified with Microarray Suite version 5.0 (MAS 5.0) using Affymetrix default analysis settings.  CEL files were normalized using global scaling with a trimmed mean target intensity of each array arbitrarily set to 600 using the MAS5 algorithm from the simpleaffy package (http://bioconductor.org/packages/2.4/bioc/html/simpleaffy.html).,GPL96,ftp://ftp.ncbi.nlm.nih.gov/geo/samples/GSM615nnn/GSM615234/suppl/GSM615234_23678_AB01562113_24644.CEL.gz,22283,Reanalyzed by: GSE205568
GSM615235,GSE25055,M270,GSM615235,Public on May 11 2011,Nov 01 2010,Jun 06 2022,RNA,1,"breast cancer, sample MDACC-M270",Homo sapiens,M270,MDACC,67.0,P,N,N,P,T4,N0,IIIB,3,RD,RCB-0/I,0,4.887,P,N,SET-Low,Rx Sensitive,High,LumB,RD,RCB-0/I,,"Patients prospectively consented to a research biopsy by fine needle aspiration (FNA) or  core biopsy (CBX) prior to any systemic therapy, and to the future assessment of pathologic  response and/or survival endpoints",total RNA,Total RNA was extracted from tissue using Qiagen Rneasy columns,biotin,A single-round T7 amplification was used to generate biotin-labeled cRNA for hybridization.  At least 1 ug of RNA is required for cRNA synthesis.,9606,"Following fragmentation, 10 ug of cRNA were hybridized overnight at 46C on Affymetrix U133A arrays. GeneChips were washed and stained in the Affymetrix Fluidics Station 400.",GeneChips were scanned using the diagnostic-grade Affymetrix scanner 3000DX,Probe intensities were quantified with Microarray Suite version 5.0 (MAS 5.0) using Affymetrix default analysis settings.  CEL files were normalized using global scaling with a trimmed mean target intensity of each array arbitrarily set to 600 using the MAS5 algorithm from the simpleaffy package (http://bioconductor.org/packages/2.4/bioc/html/simpleaffy.html).,GPL96,ftp://ftp.ncbi.nlm.nih.gov/geo/samples/GSM615nnn/GSM615235/suppl/GSM615235_23678_AB01562218_24640.CEL.gz,22283,Reanalyzed by: GSE205568
GSM615236,GSE25055,M280,GSM615236,Public on May 11 2011,Nov 01 2010,Jun 06 2022,RNA,1,"breast cancer, sample MDACC-M280",Homo sapiens,M280,MDACC,71.0,P,P,N,P,T2,N3,IIIB,3,RD,RCB-II,1,2.877,P,P,SET-Low,Rx Insensitive,High,LumA,RD,RCB-0/I,,"Patients prospectively consented to a research biopsy by fine needle aspiration (FNA) or  core biopsy (CBX) prior to any systemic therapy, and to the future assessment of pathologic  response and/or survival endpoints",total RNA,Total RNA was extracted from tissue using Qiagen Rneasy columns,biotin,A single-round T7 amplification was used to generate biotin-labeled cRNA for hybridization.  At least 1 ug of RNA is required for cRNA synthesis.,9606,"Following fragmentation, 10 ug of cRNA were hybridized overnight at 46C on Affymetrix U133A arrays. GeneChips were washed and stained in the Affymetrix Fluidics Station 400.",GeneChips were scanned using the diagnostic-grade Affymetrix scanner 3000DX,Probe intensities were quantified with Microarray Suite version 5.0 (MAS 5.0) using Affymetrix default analysis settings.  CEL files were normalized using global scaling with a trimmed mean target intensity of each array arbitrarily set to 600 using the MAS5 algorithm from the simpleaffy package (http://bioconductor.org/packages/2.4/bioc/html/simpleaffy.html).,GPL96,ftp://ftp.ncbi.nlm.nih.gov/geo/samples/GSM615nnn/GSM615236/suppl/GSM615236_23678_AB01542230_24645.CEL.gz,22283,Reanalyzed by: GSE205568
GSM615237,GSE25055,M281,GSM615237,Public on May 11 2011,Nov 01 2010,Jun 06 2022,RNA,1,"breast cancer, sample MDACC-M281",Homo sapiens,M281,MDACC,45.0,P,P,N,P,T2,N0,IIA,2,RD,RCB-II,0,4.575,P,N,SET-Low,Rx Insensitive,Low,LumA,RD,RCB-II/III,,"Patients prospectively consented to a research biopsy by fine needle aspiration (FNA) or  core biopsy (CBX) prior to any systemic therapy, and to the future assessment of pathologic  response and/or survival endpoints",total RNA,Total RNA was extracted from tissue using Qiagen Rneasy columns,biotin,A single-round T7 amplification was used to generate biotin-labeled cRNA for hybridization.  At least 1 ug of RNA is required for cRNA synthesis.,9606,"Following fragmentation, 10 ug of cRNA were hybridized overnight at 46C on Affymetrix U133A arrays. GeneChips were washed and stained in the Affymetrix Fluidics Station 400.",GeneChips were scanned using the diagnostic-grade Affymetrix scanner 3000DX,Probe intensities were quantified with Microarray Suite version 5.0 (MAS 5.0) using Affymetrix default analysis settings.  CEL files were normalized using global scaling with a trimmed mean target intensity of each array arbitrarily set to 600 using the MAS5 algorithm from the simpleaffy package (http://bioconductor.org/packages/2.4/bioc/html/simpleaffy.html).,GPL96,ftp://ftp.ncbi.nlm.nih.gov/geo/samples/GSM615nnn/GSM615237/suppl/GSM615237_FL747-281.CEL.gz,22283,Reanalyzed by: GSE205568
GSM615238,GSE25055,M282,GSM615238,Public on May 11 2011,Nov 01 2010,Jun 06 2022,RNA,1,"breast cancer, sample MDACC-M282",Homo sapiens,M282,MDACC,44.0,P,N,N,P,T2,N1,IIB,2,RD,RCB-II,0,4.233,P,P,SET-Low,Rx Insensitive,High,LumB,RD,RCB-II/III,,"Patients prospectively consented to a research biopsy by fine needle aspiration (FNA) or  core biopsy (CBX) prior to any systemic therapy, and to the future assessment of pathologic  response and/or survival endpoints",total RNA,Total RNA was extracted from tissue using Qiagen Rneasy columns,biotin,A single-round T7 amplification was used to generate biotin-labeled cRNA for hybridization.  At least 1 ug of RNA is required for cRNA synthesis.,9606,"Following fragmentation, 10 ug of cRNA were hybridized overnight at 46C on Affymetrix U133A arrays. GeneChips were washed and stained in the Affymetrix Fluidics Station 400.",GeneChips were scanned using the diagnostic-grade Affymetrix scanner 3000DX,Probe intensities were quantified with Microarray Suite version 5.0 (MAS 5.0) using Affymetrix default analysis settings.  CEL files were normalized using global scaling with a trimmed mean target intensity of each array arbitrarily set to 600 using the MAS5 algorithm from the simpleaffy package (http://bioconductor.org/packages/2.4/bioc/html/simpleaffy.html).,GPL96,ftp://ftp.ncbi.nlm.nih.gov/geo/samples/GSM615nnn/GSM615238/suppl/GSM615238_24817_AB02263400_26163.CEL.gz,22283,Reanalyzed by: GSE205568
GSM615239,GSE25055,M283,GSM615239,Public on May 11 2011,Nov 01 2010,Jun 06 2022,RNA,1,"breast cancer, sample MDACC-M283",Homo sapiens,M283,MDACC,46.0,P,N,N,P,T4,N1,IIIB,3,RD,RCB-II,0,4.110,P,N,SET-Low,Rx Insensitive,Low,LumA,RD,RCB-II/III,,"Patients prospectively consented to a research biopsy by fine needle aspiration (FNA) or  core biopsy (CBX) prior to any systemic therapy, and to the future assessment of pathologic  response and/or survival endpoints",total RNA,Total RNA was extracted from tissue using Qiagen Rneasy columns,biotin,A single-round T7 amplification was used to generate biotin-labeled cRNA for hybridization.  At least 1 ug of RNA is required for cRNA synthesis.,9606,"Following fragmentation, 10 ug of cRNA were hybridized overnight at 46C on Affymetrix U133A arrays. GeneChips were washed and stained in the Affymetrix Fluidics Station 400.",GeneChips were scanned using the diagnostic-grade Affymetrix scanner 3000DX,Probe intensities were quantified with Microarray Suite version 5.0 (MAS 5.0) using Affymetrix default analysis settings.  CEL files were normalized using global scaling with a trimmed mean target intensity of each array arbitrarily set to 600 using the MAS5 algorithm from the simpleaffy package (http://bioconductor.org/packages/2.4/bioc/html/simpleaffy.html).,GPL96,ftp://ftp.ncbi.nlm.nih.gov/geo/samples/GSM615nnn/GSM615239/suppl/GSM615239_FL826-283.CEL.gz,22283,Reanalyzed by: GSE205568
GSM615240,GSE25055,M295,GSM615240,Public on May 11 2011,Nov 01 2010,Jun 06 2022,RNA,1,"breast cancer, sample MDACC-M295",Homo sapiens,M295,MDACC,48.0,N,N,N,N,T2,N1,IIB,3,pCR,RCB-0/I,0,3.803,N,N,SET-Low,Rx Insensitive,High,Basal,pCR,RCB-0/I,,"Patients prospectively consented to a research biopsy by fine needle aspiration (FNA) or  core biopsy (CBX) prior to any systemic therapy, and to the future assessment of pathologic  response and/or survival endpoints",total RNA,Total RNA was extracted from tissue using Qiagen Rneasy columns,biotin,A single-round T7 amplification was used to generate biotin-labeled cRNA for hybridization.  At least 1 ug of RNA is required for cRNA synthesis.,9606,"Following fragmentation, 10 ug of cRNA were hybridized overnight at 46C on Affymetrix U133A arrays. GeneChips were washed and stained in the Affymetrix Fluidics Station 400.",GeneChips were scanned using the diagnostic-grade Affymetrix scanner 3000DX,Probe intensities were quantified with Microarray Suite version 5.0 (MAS 5.0) using Affymetrix default analysis settings.  CEL files were normalized using global scaling with a trimmed mean target intensity of each array arbitrarily set to 600 using the MAS5 algorithm from the simpleaffy package (http://bioconductor.org/packages/2.4/bioc/html/simpleaffy.html).,GPL96,ftp://ftp.ncbi.nlm.nih.gov/geo/samples/GSM615nnn/GSM615240/suppl/GSM615240_24817_AB02263399_26158.CEL.gz,22283,Reanalyzed by: GSE205568
GSM615241,GSE25055,M297,GSM615241,Public on May 11 2011,Nov 01 2010,Jun 06 2022,RNA,1,"breast cancer, sample MDACC-M297",Homo sapiens,M297,MDACC,63.0,P,N,N,P,T4,N2,IIIB,2,RD,RCB-III,1,0.052,P,N,SET-Low,Rx Insensitive,Low,LumA,RD,RCB-0/I,,"Patients prospectively consented to a research biopsy by fine needle aspiration (FNA) or  core biopsy (CBX) prior to any systemic therapy, and to the future assessment of pathologic  response and/or survival endpoints",total RNA,Total RNA was extracted from tissue using Qiagen Rneasy columns,biotin,A single-round T7 amplification was used to generate biotin-labeled cRNA for hybridization.  At least 1 ug of RNA is required for cRNA synthesis.,9606,"Following fragmentation, 10 ug of cRNA were hybridized overnight at 46C on Affymetrix U133A arrays. GeneChips were washed and stained in the Affymetrix Fluidics Station 400.",GeneChips were scanned using the diagnostic-grade Affymetrix scanner 3000DX,Probe intensities were quantified with Microarray Suite version 5.0 (MAS 5.0) using Affymetrix default analysis settings.  CEL files were normalized using global scaling with a trimmed mean target intensity of each array arbitrarily set to 600 using the MAS5 algorithm from the simpleaffy package (http://bioconductor.org/packages/2.4/bioc/html/simpleaffy.html).,GPL96,ftp://ftp.ncbi.nlm.nih.gov/geo/samples/GSM615nnn/GSM615241/suppl/GSM615241_24817_AB02263395_26170.CEL.gz,22283,Reanalyzed by: GSE205568
GSM615242,GSE25055,M301,GSM615242,Public on May 11 2011,Nov 01 2010,Jun 06 2022,RNA,1,"breast cancer, sample MDACC-M301",Homo sapiens,M301,MDACC,46.0,N,N,N,N,T3,N1,IIIA,3,pCR,RCB-0/I,0,4.485,N,N,SET-Low,Rx Sensitive,High,Basal,pCR,RCB-0/I,,"Patients prospectively consented to a research biopsy by fine needle aspiration (FNA) or  core biopsy (CBX) prior to any systemic therapy, and to the future assessment of pathologic  response and/or survival endpoints",total RNA,Total RNA was extracted from tissue using Qiagen Rneasy columns,biotin,A single-round T7 amplification was used to generate biotin-labeled cRNA for hybridization.  At least 1 ug of RNA is required for cRNA synthesis.,9606,"Following fragmentation, 10 ug of cRNA were hybridized overnight at 46C on Affymetrix U133A arrays. GeneChips were washed and stained in the Affymetrix Fluidics Station 400.",GeneChips were scanned using the diagnostic-grade Affymetrix scanner 3000DX,Probe intensities were quantified with Microarray Suite version 5.0 (MAS 5.0) using Affymetrix default analysis settings.  CEL files were normalized using global scaling with a trimmed mean target intensity of each array arbitrarily set to 600 using the MAS5 algorithm from the simpleaffy package (http://bioconductor.org/packages/2.4/bioc/html/simpleaffy.html).,GPL96,ftp://ftp.ncbi.nlm.nih.gov/geo/samples/GSM615nnn/GSM615242/suppl/GSM615242_24817_AB02260970_26172.CEL.gz,22283,Reanalyzed by: GSE205568
GSM615243,GSE25055,M304,GSM615243,Public on May 11 2011,Nov 01 2010,Jun 06 2022,RNA,1,"breast cancer, sample MDACC-M304",Homo sapiens,M304,MDACC,46.0,P,P,N,P,T2,N0,IIA,2,RD,RCB-0/I,0,4.298,P,N,SET-Low,Rx Sensitive,High,LumA,RD,RCB-0/I,,"Patients prospectively consented to a research biopsy by fine needle aspiration (FNA) or  core biopsy (CBX) prior to any systemic therapy, and to the future assessment of pathologic  response and/or survival endpoints",total RNA,Total RNA was extracted from tissue using Qiagen Rneasy columns,biotin,A single-round T7 amplification was used to generate biotin-labeled cRNA for hybridization.  At least 1 ug of RNA is required for cRNA synthesis.,9606,"Following fragmentation, 10 ug of cRNA were hybridized overnight at 46C on Affymetrix U133A arrays. GeneChips were washed and stained in the Affymetrix Fluidics Station 400.",GeneChips were scanned using the diagnostic-grade Affymetrix scanner 3000DX,Probe intensities were quantified with Microarray Suite version 5.0 (MAS 5.0) using Affymetrix default analysis settings.  CEL files were normalized using global scaling with a trimmed mean target intensity of each array arbitrarily set to 600 using the MAS5 algorithm from the simpleaffy package (http://bioconductor.org/packages/2.4/bioc/html/simpleaffy.html).,GPL96,ftp://ftp.ncbi.nlm.nih.gov/geo/samples/GSM615nnn/GSM615243/suppl/GSM615243_24817_AB02263375_26169.CEL.gz,22283,Reanalyzed by: GSE205568
GSM615244,GSE25055,M310,GSM615244,Public on May 11 2011,Nov 01 2010,Jun 06 2022,RNA,1,"breast cancer, sample MDACC-M310",Homo sapiens,M310,MDACC,51.0,N,N,N,N,T1,N1,IIA,3,RD,RCB-0/I,0,4.063,N,N,SET-Low,Rx Sensitive,Low,Basal,pCR,RCB-0/I,,"Patients prospectively consented to a research biopsy by fine needle aspiration (FNA) or  core biopsy (CBX) prior to any systemic therapy, and to the future assessment of pathologic  response and/or survival endpoints",total RNA,Total RNA was extracted from tissue using Qiagen Rneasy columns,biotin,A single-round T7 amplification was used to generate biotin-labeled cRNA for hybridization.  At least 1 ug of RNA is required for cRNA synthesis.,9606,"Following fragmentation, 10 ug of cRNA were hybridized overnight at 46C on Affymetrix U133A arrays. GeneChips were washed and stained in the Affymetrix Fluidics Station 400.",GeneChips were scanned using the diagnostic-grade Affymetrix scanner 3000DX,Probe intensities were quantified with Microarray Suite version 5.0 (MAS 5.0) using Affymetrix default analysis settings.  CEL files were normalized using global scaling with a trimmed mean target intensity of each array arbitrarily set to 600 using the MAS5 algorithm from the simpleaffy package (http://bioconductor.org/packages/2.4/bioc/html/simpleaffy.html).,GPL96,ftp://ftp.ncbi.nlm.nih.gov/geo/samples/GSM615nnn/GSM615244/suppl/GSM615244_24817_AB02261505_26168.CEL.gz,22283,Reanalyzed by: GSE205568
GSM615245,GSE25055,M315,GSM615245,Public on May 11 2011,Nov 01 2010,Jun 06 2022,RNA,1,"breast cancer, sample MDACC-M315",Homo sapiens,M315,MDACC,36.0,P,P,N,P,T2,N1,IIB,2,RD,RCB-III,1,2.256,P,N,SET-Low,Rx Insensitive,Low,LumA,RD,RCB-II/III,,"Patients prospectively consented to a research biopsy by fine needle aspiration (FNA) or  core biopsy (CBX) prior to any systemic therapy, and to the future assessment of pathologic  response and/or survival endpoints",total RNA,Total RNA was extracted from tissue using Qiagen Rneasy columns,biotin,A single-round T7 amplification was used to generate biotin-labeled cRNA for hybridization.  At least 1 ug of RNA is required for cRNA synthesis.,9606,"Following fragmentation, 10 ug of cRNA were hybridized overnight at 46C on Affymetrix U133A arrays. GeneChips were washed and stained in the Affymetrix Fluidics Station 400.",GeneChips were scanned using the diagnostic-grade Affymetrix scanner 3000DX,Probe intensities were quantified with Microarray Suite version 5.0 (MAS 5.0) using Affymetrix default analysis settings.  CEL files were normalized using global scaling with a trimmed mean target intensity of each array arbitrarily set to 600 using the MAS5 algorithm from the simpleaffy package (http://bioconductor.org/packages/2.4/bioc/html/simpleaffy.html).,GPL96,ftp://ftp.ncbi.nlm.nih.gov/geo/samples/GSM615nnn/GSM615245/suppl/GSM615245_29539_AB01723032_35694.CEL.gz,22283,Reanalyzed by: GSE205568
GSM615246,GSE25055,M319,GSM615246,Public on May 11 2011,Nov 01 2010,Jun 06 2022,RNA,1,"breast cancer, sample MDACC-M319",Homo sapiens,M319,MDACC,26.0,P,P,N,P,T2,N0,IIA,2,RD,RCB-0/I,0,4.542,P,N,SET-Low,Rx Sensitive,Low,LumA,RD,RCB-0/I,,"Patients prospectively consented to a research biopsy by fine needle aspiration (FNA) or  core biopsy (CBX) prior to any systemic therapy, and to the future assessment of pathologic  response and/or survival endpoints",total RNA,Total RNA was extracted from tissue using Qiagen Rneasy columns,biotin,A single-round T7 amplification was used to generate biotin-labeled cRNA for hybridization.  At least 1 ug of RNA is required for cRNA synthesis.,9606,"Following fragmentation, 10 ug of cRNA were hybridized overnight at 46C on Affymetrix U133A arrays. GeneChips were washed and stained in the Affymetrix Fluidics Station 400.",GeneChips were scanned using the diagnostic-grade Affymetrix scanner 3000DX,Probe intensities were quantified with Microarray Suite version 5.0 (MAS 5.0) using Affymetrix default analysis settings.  CEL files were normalized using global scaling with a trimmed mean target intensity of each array arbitrarily set to 600 using the MAS5 algorithm from the simpleaffy package (http://bioconductor.org/packages/2.4/bioc/html/simpleaffy.html).,GPL96,ftp://ftp.ncbi.nlm.nih.gov/geo/samples/GSM615nnn/GSM615246/suppl/GSM615246_FL645-319.CEL.gz,22283,Reanalyzed by: GSE205568
GSM615247,GSE25055,M323,GSM615247,Public on May 11 2011,Nov 01 2010,Jun 06 2022,RNA,1,"breast cancer, sample MDACC-M323",Homo sapiens,M323,MDACC,40.0,P,P,N,P,T1,N1,IIA,3,RD,RCB-III,0,4.027,P,N,SET-High,Rx Sensitive,Low,LumA,RD,RCB-II/III,,"Patients prospectively consented to a research biopsy by fine needle aspiration (FNA) or  core biopsy (CBX) prior to any systemic therapy, and to the future assessment of pathologic  response and/or survival endpoints",total RNA,Total RNA was extracted from tissue using Qiagen Rneasy columns,biotin,A single-round T7 amplification was used to generate biotin-labeled cRNA for hybridization.  At least 1 ug of RNA is required for cRNA synthesis.,9606,"Following fragmentation, 10 ug of cRNA were hybridized overnight at 46C on Affymetrix U133A arrays. GeneChips were washed and stained in the Affymetrix Fluidics Station 400.",GeneChips were scanned using the diagnostic-grade Affymetrix scanner 3000DX,Probe intensities were quantified with Microarray Suite version 5.0 (MAS 5.0) using Affymetrix default analysis settings.  CEL files were normalized using global scaling with a trimmed mean target intensity of each array arbitrarily set to 600 using the MAS5 algorithm from the simpleaffy package (http://bioconductor.org/packages/2.4/bioc/html/simpleaffy.html).,GPL96,ftp://ftp.ncbi.nlm.nih.gov/geo/samples/GSM615nnn/GSM615247/suppl/GSM615247_29539_AB01723009_35679.CEL.gz,22283,Reanalyzed by: GSE205568
GSM615248,GSE25055,M332,GSM615248,Public on May 11 2011,Nov 01 2010,Jun 06 2022,RNA,1,"breast cancer, sample MDACC-M332",Homo sapiens,M332,MDACC,42.0,P,P,N,P,T3,N1,IIIA,3,RD,RCB-II,0,3.214,N,N,SET-Low,Rx Insensitive,High,Basal,pCR,RCB-II/III,,"Patients prospectively consented to a research biopsy by fine needle aspiration (FNA) or  core biopsy (CBX) prior to any systemic therapy, and to the future assessment of pathologic  response and/or survival endpoints",total RNA,Total RNA was extracted from tissue using Qiagen Rneasy columns,biotin,A single-round T7 amplification was used to generate biotin-labeled cRNA for hybridization.  At least 1 ug of RNA is required for cRNA synthesis.,9606,"Following fragmentation, 10 ug of cRNA were hybridized overnight at 46C on Affymetrix U133A arrays. GeneChips were washed and stained in the Affymetrix Fluidics Station 400.",GeneChips were scanned using the diagnostic-grade Affymetrix scanner 3000DX,Probe intensities were quantified with Microarray Suite version 5.0 (MAS 5.0) using Affymetrix default analysis settings.  CEL files were normalized using global scaling with a trimmed mean target intensity of each array arbitrarily set to 600 using the MAS5 algorithm from the simpleaffy package (http://bioconductor.org/packages/2.4/bioc/html/simpleaffy.html).,GPL96,ftp://ftp.ncbi.nlm.nih.gov/geo/samples/GSM615nnn/GSM615248/suppl/GSM615248_28998_AB02090243_34890.CEL.gz,22283,Reanalyzed by: GSE205568
GSM615249,GSE25055,M333,GSM615249,Public on May 11 2011,Nov 01 2010,Jun 06 2022,RNA,1,"breast cancer, sample MDACC-M333",Homo sapiens,M333,MDACC,67.0,P,P,N,P,T2,N1,IIB,3,RD,RCB-II,1,3.756,P,N,SET-Low,Rx Insensitive,High,Her2,RD,RCB-II/III,,"Patients prospectively consented to a research biopsy by fine needle aspiration (FNA) or  core biopsy (CBX) prior to any systemic therapy, and to the future assessment of pathologic  response and/or survival endpoints",total RNA,Total RNA was extracted from tissue using Qiagen Rneasy columns,biotin,A single-round T7 amplification was used to generate biotin-labeled cRNA for hybridization.  At least 1 ug of RNA is required for cRNA synthesis.,9606,"Following fragmentation, 10 ug of cRNA were hybridized overnight at 46C on Affymetrix U133A arrays. GeneChips were washed and stained in the Affymetrix Fluidics Station 400.",GeneChips were scanned using the diagnostic-grade Affymetrix scanner 3000DX,Probe intensities were quantified with Microarray Suite version 5.0 (MAS 5.0) using Affymetrix default analysis settings.  CEL files were normalized using global scaling with a trimmed mean target intensity of each array arbitrarily set to 600 using the MAS5 algorithm from the simpleaffy package (http://bioconductor.org/packages/2.4/bioc/html/simpleaffy.html).,GPL96,ftp://ftp.ncbi.nlm.nih.gov/geo/samples/GSM615nnn/GSM615249/suppl/GSM615249_28998_AB02077268_34965.CEL.gz,22283,Reanalyzed by: GSE205568
GSM615250,GSE25055,M334,GSM615250,Public on May 11 2011,Nov 01 2010,Jun 06 2022,RNA,1,"breast cancer, sample MDACC-M334",Homo sapiens,M334,MDACC,63.0,N,N,N,N,T1,N1,IIA,3,RD,RCB-II,0,3.745,N,N,SET-Low,Rx Insensitive,High,Her2,pCR,RCB-II/III,,"Patients prospectively consented to a research biopsy by fine needle aspiration (FNA) or  core biopsy (CBX) prior to any systemic therapy, and to the future assessment of pathologic  response and/or survival endpoints",total RNA,Total RNA was extracted from tissue using Qiagen Rneasy columns,biotin,A single-round T7 amplification was used to generate biotin-labeled cRNA for hybridization.  At least 1 ug of RNA is required for cRNA synthesis.,9606,"Following fragmentation, 10 ug of cRNA were hybridized overnight at 46C on Affymetrix U133A arrays. GeneChips were washed and stained in the Affymetrix Fluidics Station 400.",GeneChips were scanned using the diagnostic-grade Affymetrix scanner 3000DX,Probe intensities were quantified with Microarray Suite version 5.0 (MAS 5.0) using Affymetrix default analysis settings.  CEL files were normalized using global scaling with a trimmed mean target intensity of each array arbitrarily set to 600 using the MAS5 algorithm from the simpleaffy package (http://bioconductor.org/packages/2.4/bioc/html/simpleaffy.html).,GPL96,ftp://ftp.ncbi.nlm.nih.gov/geo/samples/GSM615nnn/GSM615250/suppl/GSM615250_29539_AB01833931_35690.CEL.gz,22283,Reanalyzed by: GSE205568
GSM615251,GSE25055,M339,GSM615251,Public on May 11 2011,Nov 01 2010,Jun 06 2022,RNA,1,"breast cancer, sample MDACC-M339",Homo sapiens,M339,MDACC,44.0,N,N,N,N,T2,N1,IIB,3,RD,RCB-II,0,3.754,N,N,SET-Low,Rx Insensitive,High,Basal,pCR,RCB-II/III,,"Patients prospectively consented to a research biopsy by fine needle aspiration (FNA) or  core biopsy (CBX) prior to any systemic therapy, and to the future assessment of pathologic  response and/or survival endpoints",total RNA,Total RNA was extracted from tissue using Qiagen Rneasy columns,biotin,A single-round T7 amplification was used to generate biotin-labeled cRNA for hybridization.  At least 1 ug of RNA is required for cRNA synthesis.,9606,"Following fragmentation, 10 ug of cRNA were hybridized overnight at 46C on Affymetrix U133A arrays. GeneChips were washed and stained in the Affymetrix Fluidics Station 400.",GeneChips were scanned using the diagnostic-grade Affymetrix scanner 3000DX,Probe intensities were quantified with Microarray Suite version 5.0 (MAS 5.0) using Affymetrix default analysis settings.  CEL files were normalized using global scaling with a trimmed mean target intensity of each array arbitrarily set to 600 using the MAS5 algorithm from the simpleaffy package (http://bioconductor.org/packages/2.4/bioc/html/simpleaffy.html).,GPL96,ftp://ftp.ncbi.nlm.nih.gov/geo/samples/GSM615nnn/GSM615251/suppl/GSM615251_FL494-339.CEL.gz,22283,Reanalyzed by: GSE205568
GSM615252,GSE25055,M340,GSM615252,Public on May 11 2011,Nov 01 2010,Jun 06 2022,RNA,1,"breast cancer, sample MDACC-M340",Homo sapiens,M340,MDACC,54.0,P,N,N,P,T4,N1,IIIB,2,RD,RCB-II,0,4.194,P,N,SET-Low,Rx Insensitive,Low,LumA,RD,RCB-II/III,,"Patients prospectively consented to a research biopsy by fine needle aspiration (FNA) or  core biopsy (CBX) prior to any systemic therapy, and to the future assessment of pathologic  response and/or survival endpoints",total RNA,Total RNA was extracted from tissue using Qiagen Rneasy columns,biotin,A single-round T7 amplification was used to generate biotin-labeled cRNA for hybridization.  At least 1 ug of RNA is required for cRNA synthesis.,9606,"Following fragmentation, 10 ug of cRNA were hybridized overnight at 46C on Affymetrix U133A arrays. GeneChips were washed and stained in the Affymetrix Fluidics Station 400.",GeneChips were scanned using the diagnostic-grade Affymetrix scanner 3000DX,Probe intensities were quantified with Microarray Suite version 5.0 (MAS 5.0) using Affymetrix default analysis settings.  CEL files were normalized using global scaling with a trimmed mean target intensity of each array arbitrarily set to 600 using the MAS5 algorithm from the simpleaffy package (http://bioconductor.org/packages/2.4/bioc/html/simpleaffy.html).,GPL96,ftp://ftp.ncbi.nlm.nih.gov/geo/samples/GSM615nnn/GSM615252/suppl/GSM615252_FL489-340.CEL.gz,22283,Reanalyzed by: GSE205568
GSM615253,GSE25055,M341,GSM615253,Public on May 11 2011,Nov 01 2010,Jun 06 2022,RNA,1,"breast cancer, sample MDACC-M341",Homo sapiens,M341,MDACC,41.0,P,N,N,P,T2,N1,IIB,2,RD,RCB-III,0,4.057,P,N,SET-Low,Rx Insensitive,High,LumB,RD,RCB-II/III,,"Patients prospectively consented to a research biopsy by fine needle aspiration (FNA) or  core biopsy (CBX) prior to any systemic therapy, and to the future assessment of pathologic  response and/or survival endpoints",total RNA,Total RNA was extracted from tissue using Qiagen Rneasy columns,biotin,A single-round T7 amplification was used to generate biotin-labeled cRNA for hybridization.  At least 1 ug of RNA is required for cRNA synthesis.,9606,"Following fragmentation, 10 ug of cRNA were hybridized overnight at 46C on Affymetrix U133A arrays. GeneChips were washed and stained in the Affymetrix Fluidics Station 400.",GeneChips were scanned using the diagnostic-grade Affymetrix scanner 3000DX,Probe intensities were quantified with Microarray Suite version 5.0 (MAS 5.0) using Affymetrix default analysis settings.  CEL files were normalized using global scaling with a trimmed mean target intensity of each array arbitrarily set to 600 using the MAS5 algorithm from the simpleaffy package (http://bioconductor.org/packages/2.4/bioc/html/simpleaffy.html).,GPL96,ftp://ftp.ncbi.nlm.nih.gov/geo/samples/GSM615nnn/GSM615253/suppl/GSM615253_29539_AB01833841_35702.CEL.gz,22283,Reanalyzed by: GSE205568
GSM615254,GSE25055,M343,GSM615254,Public on May 11 2011,Nov 01 2010,Jun 06 2022,RNA,1,"breast cancer, sample MDACC-M343",Homo sapiens,M343,MDACC,49.0,P,P,N,P,T2,N3,IIIC,2,RD,RCB-II,0,4.153,P,N,SET-Int,Rx Sensitive,Low,LumA,RD,RCB-0/I,,"Patients prospectively consented to a research biopsy by fine needle aspiration (FNA) or  core biopsy (CBX) prior to any systemic therapy, and to the future assessment of pathologic  response and/or survival endpoints",total RNA,Total RNA was extracted from tissue using Qiagen Rneasy columns,biotin,A single-round T7 amplification was used to generate biotin-labeled cRNA for hybridization.  At least 1 ug of RNA is required for cRNA synthesis.,9606,"Following fragmentation, 10 ug of cRNA were hybridized overnight at 46C on Affymetrix U133A arrays. GeneChips were washed and stained in the Affymetrix Fluidics Station 400.",GeneChips were scanned using the diagnostic-grade Affymetrix scanner 3000DX,Probe intensities were quantified with Microarray Suite version 5.0 (MAS 5.0) using Affymetrix default analysis settings.  CEL files were normalized using global scaling with a trimmed mean target intensity of each array arbitrarily set to 600 using the MAS5 algorithm from the simpleaffy package (http://bioconductor.org/packages/2.4/bioc/html/simpleaffy.html).,GPL96,ftp://ftp.ncbi.nlm.nih.gov/geo/samples/GSM615nnn/GSM615254/suppl/GSM615254_29539_AB01833542_35683.CEL.gz,22283,Reanalyzed by: GSE205568
GSM615255,GSE25055,M345,GSM615255,Public on May 11 2011,Nov 01 2010,Jun 06 2022,RNA,1,"breast cancer, sample MDACC-M345",Homo sapiens,M345,MDACC,39.0,N,N,N,N,T4,N2,IIIB,3,RD,RCB-III,1,0.854,N,N,SET-Low,Rx Insensitive,High,Basal,pCR,RCB-II/III,,"Patients prospectively consented to a research biopsy by fine needle aspiration (FNA) or  core biopsy (CBX) prior to any systemic therapy, and to the future assessment of pathologic  response and/or survival endpoints",total RNA,Total RNA was extracted from tissue using Qiagen Rneasy columns,biotin,A single-round T7 amplification was used to generate biotin-labeled cRNA for hybridization.  At least 1 ug of RNA is required for cRNA synthesis.,9606,"Following fragmentation, 10 ug of cRNA were hybridized overnight at 46C on Affymetrix U133A arrays. GeneChips were washed and stained in the Affymetrix Fluidics Station 400.",GeneChips were scanned using the diagnostic-grade Affymetrix scanner 3000DX,Probe intensities were quantified with Microarray Suite version 5.0 (MAS 5.0) using Affymetrix default analysis settings.  CEL files were normalized using global scaling with a trimmed mean target intensity of each array arbitrarily set to 600 using the MAS5 algorithm from the simpleaffy package (http://bioconductor.org/packages/2.4/bioc/html/simpleaffy.html).,GPL96,ftp://ftp.ncbi.nlm.nih.gov/geo/samples/GSM615nnn/GSM615255/suppl/GSM615255_FL490-345.CEL.gz,22283,Reanalyzed by: GSE205568
GSM615256,GSE25055,M353,GSM615256,Public on May 11 2011,Nov 01 2010,Jun 06 2022,RNA,1,"breast cancer, sample MDACC-M353",Homo sapiens,M353,MDACC,51.0,P,N,N,P,T3,N1,IIIA,3,pCR,RCB-0/I,0,3.647,P,N,SET-Low,Rx Sensitive,High,LumB,RD,RCB-0/I,,"Patients prospectively consented to a research biopsy by fine needle aspiration (FNA) or  core biopsy (CBX) prior to any systemic therapy, and to the future assessment of pathologic  response and/or survival endpoints",total RNA,Total RNA was extracted from tissue using Qiagen Rneasy columns,biotin,A single-round T7 amplification was used to generate biotin-labeled cRNA for hybridization.  At least 1 ug of RNA is required for cRNA synthesis.,9606,"Following fragmentation, 10 ug of cRNA were hybridized overnight at 46C on Affymetrix U133A arrays. GeneChips were washed and stained in the Affymetrix Fluidics Station 400.",GeneChips were scanned using the diagnostic-grade Affymetrix scanner 3000DX,Probe intensities were quantified with Microarray Suite version 5.0 (MAS 5.0) using Affymetrix default analysis settings.  CEL files were normalized using global scaling with a trimmed mean target intensity of each array arbitrarily set to 600 using the MAS5 algorithm from the simpleaffy package (http://bioconductor.org/packages/2.4/bioc/html/simpleaffy.html).,GPL96,ftp://ftp.ncbi.nlm.nih.gov/geo/samples/GSM615nnn/GSM615256/suppl/GSM615256_29539_AB01723041_35689.CEL.gz,22283,Reanalyzed by: GSE205568
GSM615257,GSE25055,M355,GSM615257,Public on May 11 2011,Nov 01 2010,Jun 06 2022,RNA,1,"breast cancer, sample MDACC-M355",Homo sapiens,M355,MDACC,59.0,P,P,N,P,T3,N2,IIIA,1,RD,RCB-II,0,3.540,P,N,SET-Low,Rx Insensitive,Low,Normal,RD,RCB-II/III,,"Patients prospectively consented to a research biopsy by fine needle aspiration (FNA) or  core biopsy (CBX) prior to any systemic therapy, and to the future assessment of pathologic  response and/or survival endpoints",total RNA,Total RNA was extracted from tissue using Qiagen Rneasy columns,biotin,A single-round T7 amplification was used to generate biotin-labeled cRNA for hybridization.  At least 1 ug of RNA is required for cRNA synthesis.,9606,"Following fragmentation, 10 ug of cRNA were hybridized overnight at 46C on Affymetrix U133A arrays. GeneChips were washed and stained in the Affymetrix Fluidics Station 400.",GeneChips were scanned using the diagnostic-grade Affymetrix scanner 3000DX,Probe intensities were quantified with Microarray Suite version 5.0 (MAS 5.0) using Affymetrix default analysis settings.  CEL files were normalized using global scaling with a trimmed mean target intensity of each array arbitrarily set to 600 using the MAS5 algorithm from the simpleaffy package (http://bioconductor.org/packages/2.4/bioc/html/simpleaffy.html).,GPL96,ftp://ftp.ncbi.nlm.nih.gov/geo/samples/GSM615nnn/GSM615257/suppl/GSM615257_FL495-355.CEL.gz,22283,Reanalyzed by: GSE205568
GSM615258,GSE25055,M356,GSM615258,Public on May 11 2011,Nov 01 2010,Jun 06 2022,RNA,1,"breast cancer, sample MDACC-M356",Homo sapiens,M356,MDACC,55.0,P,P,N,P,T2,N1,IIB,2,RD,RCB-II,0,3.469,P,N,SET-Int,Rx Sensitive,Low,Normal,RD,RCB-II/III,,"Patients prospectively consented to a research biopsy by fine needle aspiration (FNA) or  core biopsy (CBX) prior to any systemic therapy, and to the future assessment of pathologic  response and/or survival endpoints",total RNA,Total RNA was extracted from tissue using Qiagen Rneasy columns,biotin,A single-round T7 amplification was used to generate biotin-labeled cRNA for hybridization.  At least 1 ug of RNA is required for cRNA synthesis.,9606,"Following fragmentation, 10 ug of cRNA were hybridized overnight at 46C on Affymetrix U133A arrays. GeneChips were washed and stained in the Affymetrix Fluidics Station 400.",GeneChips were scanned using the diagnostic-grade Affymetrix scanner 3000DX,Probe intensities were quantified with Microarray Suite version 5.0 (MAS 5.0) using Affymetrix default analysis settings.  CEL files were normalized using global scaling with a trimmed mean target intensity of each array arbitrarily set to 600 using the MAS5 algorithm from the simpleaffy package (http://bioconductor.org/packages/2.4/bioc/html/simpleaffy.html).,GPL96,ftp://ftp.ncbi.nlm.nih.gov/geo/samples/GSM615nnn/GSM615258/suppl/GSM615258_29539_AB01723056_35693.CEL.gz,22283,Reanalyzed by: GSE205568
GSM615259,GSE25055,M357,GSM615259,Public on May 11 2011,Nov 01 2010,Jun 06 2022,RNA,1,"breast cancer, sample MDACC-M357",Homo sapiens,M357,MDACC,62.0,P,P,N,P,T2,N0,IIA,2,RD,RCB-III,0,3.775,P,N,SET-High,Rx Sensitive,High,LumA,RD,RCB-II/III,,"Patients prospectively consented to a research biopsy by fine needle aspiration (FNA) or  core biopsy (CBX) prior to any systemic therapy, and to the future assessment of pathologic  response and/or survival endpoints",total RNA,Total RNA was extracted from tissue using Qiagen Rneasy columns,biotin,A single-round T7 amplification was used to generate biotin-labeled cRNA for hybridization.  At least 1 ug of RNA is required for cRNA synthesis.,9606,"Following fragmentation, 10 ug of cRNA were hybridized overnight at 46C on Affymetrix U133A arrays. GeneChips were washed and stained in the Affymetrix Fluidics Station 400.",GeneChips were scanned using the diagnostic-grade Affymetrix scanner 3000DX,Probe intensities were quantified with Microarray Suite version 5.0 (MAS 5.0) using Affymetrix default analysis settings.  CEL files were normalized using global scaling with a trimmed mean target intensity of each array arbitrarily set to 600 using the MAS5 algorithm from the simpleaffy package (http://bioconductor.org/packages/2.4/bioc/html/simpleaffy.html).,GPL96,ftp://ftp.ncbi.nlm.nih.gov/geo/samples/GSM615nnn/GSM615259/suppl/GSM615259_29539_AB01833732_35677.CEL.gz,22283,Reanalyzed by: GSE205568
GSM615260,GSE25055,M360,GSM615260,Public on May 11 2011,Nov 01 2010,Jun 06 2022,RNA,1,"breast cancer, sample MDACC-M360",Homo sapiens,M360,MDACC,56.0,P,P,N,P,T0,N3,IIIB,3,RD,RCB-II,1,1.752,P,N,SET-Low,Rx Insensitive,High,Basal,pCR,RCB-0/I,,"Patients prospectively consented to a research biopsy by fine needle aspiration (FNA) or  core biopsy (CBX) prior to any systemic therapy, and to the future assessment of pathologic  response and/or survival endpoints",total RNA,Total RNA was extracted from tissue using Qiagen Rneasy columns,biotin,A single-round T7 amplification was used to generate biotin-labeled cRNA for hybridization.  At least 1 ug of RNA is required for cRNA synthesis.,9606,"Following fragmentation, 10 ug of cRNA were hybridized overnight at 46C on Affymetrix U133A arrays. GeneChips were washed and stained in the Affymetrix Fluidics Station 400.",GeneChips were scanned using the diagnostic-grade Affymetrix scanner 3000DX,Probe intensities were quantified with Microarray Suite version 5.0 (MAS 5.0) using Affymetrix default analysis settings.  CEL files were normalized using global scaling with a trimmed mean target intensity of each array arbitrarily set to 600 using the MAS5 algorithm from the simpleaffy package (http://bioconductor.org/packages/2.4/bioc/html/simpleaffy.html).,GPL96,ftp://ftp.ncbi.nlm.nih.gov/geo/samples/GSM615nnn/GSM615260/suppl/GSM615260_FL745-360.CEL.gz,22283,Reanalyzed by: GSE205568
GSM615261,GSE25055,M363,GSM615261,Public on May 11 2011,Nov 01 2010,Jun 06 2022,RNA,1,"breast cancer, sample MDACC-M363",Homo sapiens,M363,MDACC,58.0,P,P,N,P,T3,N0,IIB,3,RD,RCB-II,0,2.973,P,N,SET-Low,Rx Sensitive,High,LumA,RD,RCB-0/I,,"Patients prospectively consented to a research biopsy by fine needle aspiration (FNA) or  core biopsy (CBX) prior to any systemic therapy, and to the future assessment of pathologic  response and/or survival endpoints",total RNA,Total RNA was extracted from tissue using Qiagen Rneasy columns,biotin,A single-round T7 amplification was used to generate biotin-labeled cRNA for hybridization.  At least 1 ug of RNA is required for cRNA synthesis.,9606,"Following fragmentation, 10 ug of cRNA were hybridized overnight at 46C on Affymetrix U133A arrays. GeneChips were washed and stained in the Affymetrix Fluidics Station 400.",GeneChips were scanned using the diagnostic-grade Affymetrix scanner 3000DX,Probe intensities were quantified with Microarray Suite version 5.0 (MAS 5.0) using Affymetrix default analysis settings.  CEL files were normalized using global scaling with a trimmed mean target intensity of each array arbitrarily set to 600 using the MAS5 algorithm from the simpleaffy package (http://bioconductor.org/packages/2.4/bioc/html/simpleaffy.html).,GPL96,ftp://ftp.ncbi.nlm.nih.gov/geo/samples/GSM615nnn/GSM615261/suppl/GSM615261_FL746-363.CEL.gz,22283,Reanalyzed by: GSE205568
GSM615262,GSE25055,M365,GSM615262,Public on May 11 2011,Nov 01 2010,Jun 06 2022,RNA,1,"breast cancer, sample MDACC-M365",Homo sapiens,M365,MDACC,42.0,P,P,N,P,T2,N1,IIB,1,RD,RCB-II,0,4.783,P,N,SET-Low,Rx Insensitive,Low,LumA,RD,RCB-II/III,,"Patients prospectively consented to a research biopsy by fine needle aspiration (FNA) or  core biopsy (CBX) prior to any systemic therapy, and to the future assessment of pathologic  response and/or survival endpoints",total RNA,Total RNA was extracted from tissue using Qiagen Rneasy columns,biotin,A single-round T7 amplification was used to generate biotin-labeled cRNA for hybridization.  At least 1 ug of RNA is required for cRNA synthesis.,9606,"Following fragmentation, 10 ug of cRNA were hybridized overnight at 46C on Affymetrix U133A arrays. GeneChips were washed and stained in the Affymetrix Fluidics Station 400.",GeneChips were scanned using the diagnostic-grade Affymetrix scanner 3000DX,Probe intensities were quantified with Microarray Suite version 5.0 (MAS 5.0) using Affymetrix default analysis settings.  CEL files were normalized using global scaling with a trimmed mean target intensity of each array arbitrarily set to 600 using the MAS5 algorithm from the simpleaffy package (http://bioconductor.org/packages/2.4/bioc/html/simpleaffy.html).,GPL96,ftp://ftp.ncbi.nlm.nih.gov/geo/samples/GSM615nnn/GSM615262/suppl/GSM615262_U133A_80_FL_080_FL256-365_04_18_06.CEL.gz,22283,Reanalyzed by: GSE205568
GSM615263,GSE25055,M367,GSM615263,Public on May 11 2011,Nov 01 2010,Jun 06 2022,RNA,1,"breast cancer, sample MDACC-M367",Homo sapiens,M367,MDACC,61.0,N,N,N,N,T4,N1,IIIB,3,pCR,RCB-0/I,0,2.992,N,N,SET-Low,Rx Sensitive,High,Normal,RD,RCB-0/I,,"Patients prospectively consented to a research biopsy by fine needle aspiration (FNA) or  core biopsy (CBX) prior to any systemic therapy, and to the future assessment of pathologic  response and/or survival endpoints",total RNA,Total RNA was extracted from tissue using Qiagen Rneasy columns,biotin,A single-round T7 amplification was used to generate biotin-labeled cRNA for hybridization.  At least 1 ug of RNA is required for cRNA synthesis.,9606,"Following fragmentation, 10 ug of cRNA were hybridized overnight at 46C on Affymetrix U133A arrays. GeneChips were washed and stained in the Affymetrix Fluidics Station 400.",GeneChips were scanned using the diagnostic-grade Affymetrix scanner 3000DX,Probe intensities were quantified with Microarray Suite version 5.0 (MAS 5.0) using Affymetrix default analysis settings.  CEL files were normalized using global scaling with a trimmed mean target intensity of each array arbitrarily set to 600 using the MAS5 algorithm from the simpleaffy package (http://bioconductor.org/packages/2.4/bioc/html/simpleaffy.html).,GPL96,ftp://ftp.ncbi.nlm.nih.gov/geo/samples/GSM615nnn/GSM615263/suppl/GSM615263_FL748-367.CEL.gz,22283,Reanalyzed by: GSE205568
GSM615264,GSE25055,M373,GSM615264,Public on May 11 2011,Nov 01 2010,Jun 06 2022,RNA,1,"breast cancer, sample MDACC-M373",Homo sapiens,M373,MDACC,45.0,N,N,N,N,T2,N0,IIA,3,pCR,RCB-0/I,0,3.732,N,N,SET-Low,Rx Insensitive,High,Basal,pCR,RCB-0/I,,"Patients prospectively consented to a research biopsy by fine needle aspiration (FNA) or  core biopsy (CBX) prior to any systemic therapy, and to the future assessment of pathologic  response and/or survival endpoints",total RNA,Total RNA was extracted from tissue using Qiagen Rneasy columns,biotin,A single-round T7 amplification was used to generate biotin-labeled cRNA for hybridization.  At least 1 ug of RNA is required for cRNA synthesis.,9606,"Following fragmentation, 10 ug of cRNA were hybridized overnight at 46C on Affymetrix U133A arrays. GeneChips were washed and stained in the Affymetrix Fluidics Station 400.",GeneChips were scanned using the diagnostic-grade Affymetrix scanner 3000DX,Probe intensities were quantified with Microarray Suite version 5.0 (MAS 5.0) using Affymetrix default analysis settings.  CEL files were normalized using global scaling with a trimmed mean target intensity of each array arbitrarily set to 600 using the MAS5 algorithm from the simpleaffy package (http://bioconductor.org/packages/2.4/bioc/html/simpleaffy.html).,GPL96,ftp://ftp.ncbi.nlm.nih.gov/geo/samples/GSM615nnn/GSM615264/suppl/GSM615264_29539_AB01833716_35658.CEL.gz,22283,Reanalyzed by: GSE205568
GSM615265,GSE25055,M375,GSM615265,Public on May 11 2011,Nov 01 2010,Jun 06 2022,RNA,1,"breast cancer, sample MDACC-M375",Homo sapiens,M375,MDACC,63.0,N,N,N,N,T2,N1,IIB,3,RD,RCB-II,0,3.685,P,N,SET-Int,Rx Sensitive,Low,Normal,RD,RCB-II/III,,"Patients prospectively consented to a research biopsy by fine needle aspiration (FNA) or  core biopsy (CBX) prior to any systemic therapy, and to the future assessment of pathologic  response and/or survival endpoints",total RNA,Total RNA was extracted from tissue using Qiagen Rneasy columns,biotin,A single-round T7 amplification was used to generate biotin-labeled cRNA for hybridization.  At least 1 ug of RNA is required for cRNA synthesis.,9606,"Following fragmentation, 10 ug of cRNA were hybridized overnight at 46C on Affymetrix U133A arrays. GeneChips were washed and stained in the Affymetrix Fluidics Station 400.",GeneChips were scanned using the diagnostic-grade Affymetrix scanner 3000DX,Probe intensities were quantified with Microarray Suite version 5.0 (MAS 5.0) using Affymetrix default analysis settings.  CEL files were normalized using global scaling with a trimmed mean target intensity of each array arbitrarily set to 600 using the MAS5 algorithm from the simpleaffy package (http://bioconductor.org/packages/2.4/bioc/html/simpleaffy.html).,GPL96,ftp://ftp.ncbi.nlm.nih.gov/geo/samples/GSM615nnn/GSM615265/suppl/GSM615265_28998_AB02090183_34891.CEL.gz,22283,Reanalyzed by: GSE205568
GSM615266,GSE25055,M384,GSM615266,Public on May 11 2011,Nov 01 2010,Jun 06 2022,RNA,1,"breast cancer, sample MDACC-M384",Homo sapiens,M384,MDACC,60.0,P,P,N,P,T3,N0,IIB,2,RD,RCB-II,0,3.518,P,N,SET-Int,Rx Sensitive,Low,LumA,RD,RCB-II/III,,"Patients prospectively consented to a research biopsy by fine needle aspiration (FNA) or  core biopsy (CBX) prior to any systemic therapy, and to the future assessment of pathologic  response and/or survival endpoints",total RNA,Total RNA was extracted from tissue using Qiagen Rneasy columns,biotin,A single-round T7 amplification was used to generate biotin-labeled cRNA for hybridization.  At least 1 ug of RNA is required for cRNA synthesis.,9606,"Following fragmentation, 10 ug of cRNA were hybridized overnight at 46C on Affymetrix U133A arrays. GeneChips were washed and stained in the Affymetrix Fluidics Station 400.",GeneChips were scanned using the diagnostic-grade Affymetrix scanner 3000DX,Probe intensities were quantified with Microarray Suite version 5.0 (MAS 5.0) using Affymetrix default analysis settings.  CEL files were normalized using global scaling with a trimmed mean target intensity of each array arbitrarily set to 600 using the MAS5 algorithm from the simpleaffy package (http://bioconductor.org/packages/2.4/bioc/html/simpleaffy.html).,GPL96,ftp://ftp.ncbi.nlm.nih.gov/geo/samples/GSM615nnn/GSM615266/suppl/GSM615266_29539_AB01833747_35697.CEL.gz,22283,Reanalyzed by: GSE205568
GSM615267,GSE25055,M386,GSM615267,Public on May 11 2011,Nov 01 2010,Jun 06 2022,RNA,1,"breast cancer, sample MDACC-M386",Homo sapiens,M386,MDACC,42.0,P,N,N,P,T2,N0,IIA,2,RD,RCB-II,1,3.277,P,P,SET-Low,Rx Sensitive,High,LumB,RD,RCB-0/I,,"Patients prospectively consented to a research biopsy by fine needle aspiration (FNA) or  core biopsy (CBX) prior to any systemic therapy, and to the future assessment of pathologic  response and/or survival endpoints",total RNA,Total RNA was extracted from tissue using Qiagen Rneasy columns,biotin,A single-round T7 amplification was used to generate biotin-labeled cRNA for hybridization.  At least 1 ug of RNA is required for cRNA synthesis.,9606,"Following fragmentation, 10 ug of cRNA were hybridized overnight at 46C on Affymetrix U133A arrays. GeneChips were washed and stained in the Affymetrix Fluidics Station 400.",GeneChips were scanned using the diagnostic-grade Affymetrix scanner 3000DX,Probe intensities were quantified with Microarray Suite version 5.0 (MAS 5.0) using Affymetrix default analysis settings.  CEL files were normalized using global scaling with a trimmed mean target intensity of each array arbitrarily set to 600 using the MAS5 algorithm from the simpleaffy package (http://bioconductor.org/packages/2.4/bioc/html/simpleaffy.html).,GPL96,ftp://ftp.ncbi.nlm.nih.gov/geo/samples/GSM615nnn/GSM615267/suppl/GSM615267_28998_AB02086509_34967.CEL.gz,22283,Reanalyzed by: GSE205568
GSM615268,GSE25055,M396,GSM615268,Public on May 11 2011,Nov 01 2010,Jun 06 2022,RNA,1,"breast cancer, sample MDACC-M396",Homo sapiens,M396,MDACC,35.0,P,N,N,P,T2,N2,IIIA,1,RD,RCB-III,0,3.504,P,N,SET-Low,Rx Insensitive,Low,LumA,RD,RCB-II/III,,"Patients prospectively consented to a research biopsy by fine needle aspiration (FNA) or  core biopsy (CBX) prior to any systemic therapy, and to the future assessment of pathologic  response and/or survival endpoints",total RNA,Total RNA was extracted from tissue using Qiagen Rneasy columns,biotin,A single-round T7 amplification was used to generate biotin-labeled cRNA for hybridization.  At least 1 ug of RNA is required for cRNA synthesis.,9606,"Following fragmentation, 10 ug of cRNA were hybridized overnight at 46C on Affymetrix U133A arrays. GeneChips were washed and stained in the Affymetrix Fluidics Station 400.",GeneChips were scanned using the diagnostic-grade Affymetrix scanner 3000DX,Probe intensities were quantified with Microarray Suite version 5.0 (MAS 5.0) using Affymetrix default analysis settings.  CEL files were normalized using global scaling with a trimmed mean target intensity of each array arbitrarily set to 600 using the MAS5 algorithm from the simpleaffy package (http://bioconductor.org/packages/2.4/bioc/html/simpleaffy.html).,GPL96,ftp://ftp.ncbi.nlm.nih.gov/geo/samples/GSM615nnn/GSM615268/suppl/GSM615268_FL556-396.CEL.gz,22283,Reanalyzed by: GSE205568
GSM615269,GSE25055,M399,GSM615269,Public on May 11 2011,Nov 01 2010,Jun 06 2022,RNA,1,"breast cancer, sample MDACC-M399",Homo sapiens,M399,MDACC,40.0,P,P,N,P,T2,N1,IIB,2,RD,RCB-II,0,3.283,P,N,SET-Low,Rx Insensitive,Low,LumB,RD,RCB-II/III,,"Patients prospectively consented to a research biopsy by fine needle aspiration (FNA) or  core biopsy (CBX) prior to any systemic therapy, and to the future assessment of pathologic  response and/or survival endpoints",total RNA,Total RNA was extracted from tissue using Qiagen Rneasy columns,biotin,A single-round T7 amplification was used to generate biotin-labeled cRNA for hybridization.  At least 1 ug of RNA is required for cRNA synthesis.,9606,"Following fragmentation, 10 ug of cRNA were hybridized overnight at 46C on Affymetrix U133A arrays. GeneChips were washed and stained in the Affymetrix Fluidics Station 400.",GeneChips were scanned using the diagnostic-grade Affymetrix scanner 3000DX,Probe intensities were quantified with Microarray Suite version 5.0 (MAS 5.0) using Affymetrix default analysis settings.  CEL files were normalized using global scaling with a trimmed mean target intensity of each array arbitrarily set to 600 using the MAS5 algorithm from the simpleaffy package (http://bioconductor.org/packages/2.4/bioc/html/simpleaffy.html).,GPL96,ftp://ftp.ncbi.nlm.nih.gov/geo/samples/GSM615nnn/GSM615269/suppl/GSM615269_29539_AB01723039_35684.CEL.gz,22283,Reanalyzed by: GSE205568
GSM615270,GSE25055,M402,GSM615270,Public on May 11 2011,Nov 01 2010,Jun 06 2022,RNA,1,"breast cancer, sample MDACC-M402",Homo sapiens,M402,MDACC,38.0,N,N,N,N,T4,N2,IIIB,3,pCR,RCB-0/I,0,3.715,N,N,SET-Low,Rx Insensitive,High,Basal,pCR,RCB-0/I,,"Patients prospectively consented to a research biopsy by fine needle aspiration (FNA) or  core biopsy (CBX) prior to any systemic therapy, and to the future assessment of pathologic  response and/or survival endpoints",total RNA,Total RNA was extracted from tissue using Qiagen Rneasy columns,biotin,A single-round T7 amplification was used to generate biotin-labeled cRNA for hybridization.  At least 1 ug of RNA is required for cRNA synthesis.,9606,"Following fragmentation, 10 ug of cRNA were hybridized overnight at 46C on Affymetrix U133A arrays. GeneChips were washed and stained in the Affymetrix Fluidics Station 400.",GeneChips were scanned using the diagnostic-grade Affymetrix scanner 3000DX,Probe intensities were quantified with Microarray Suite version 5.0 (MAS 5.0) using Affymetrix default analysis settings.  CEL files were normalized using global scaling with a trimmed mean target intensity of each array arbitrarily set to 600 using the MAS5 algorithm from the simpleaffy package (http://bioconductor.org/packages/2.4/bioc/html/simpleaffy.html).,GPL96,ftp://ftp.ncbi.nlm.nih.gov/geo/samples/GSM615nnn/GSM615270/suppl/GSM615270_28998_AB02086473_34898.CEL.gz,22283,Reanalyzed by: GSE205568
GSM615271,GSE25055,M411,GSM615271,Public on May 11 2011,Nov 01 2010,Jun 06 2022,RNA,1,"breast cancer, sample MDACC-M411",Homo sapiens,M411,MDACC,44.0,P,P,N,P,T2,N1,IIB,2,RD,RCB-III,1,1.881,N,P,SET-Low,Rx Sensitive,High,Her2,pCR,RCB-0/I,,"Patients prospectively consented to a research biopsy by fine needle aspiration (FNA) or  core biopsy (CBX) prior to any systemic therapy, and to the future assessment of pathologic  response and/or survival endpoints",total RNA,Total RNA was extracted from tissue using Qiagen Rneasy columns,biotin,A single-round T7 amplification was used to generate biotin-labeled cRNA for hybridization.  At least 1 ug of RNA is required for cRNA synthesis.,9606,"Following fragmentation, 10 ug of cRNA were hybridized overnight at 46C on Affymetrix U133A arrays. GeneChips were washed and stained in the Affymetrix Fluidics Station 400.",GeneChips were scanned using the diagnostic-grade Affymetrix scanner 3000DX,Probe intensities were quantified with Microarray Suite version 5.0 (MAS 5.0) using Affymetrix default analysis settings.  CEL files were normalized using global scaling with a trimmed mean target intensity of each array arbitrarily set to 600 using the MAS5 algorithm from the simpleaffy package (http://bioconductor.org/packages/2.4/bioc/html/simpleaffy.html).,GPL96,ftp://ftp.ncbi.nlm.nih.gov/geo/samples/GSM615nnn/GSM615271/suppl/GSM615271_FL498-411.CEL.gz,22283,Reanalyzed by: GSE205568
GSM615272,GSE25055,M417,GSM615272,Public on May 11 2011,Nov 01 2010,Jun 06 2022,RNA,1,"breast cancer, sample MDACC-M417",Homo sapiens,M417,MDACC,63.0,P,P,N,P,T2,N1,IIB,2,RD,RCB-II,0,3.775,P,N,SET-Low,Rx Insensitive,Low,LumB,pCR,RCB-II/III,,"Patients prospectively consented to a research biopsy by fine needle aspiration (FNA) or  core biopsy (CBX) prior to any systemic therapy, and to the future assessment of pathologic  response and/or survival endpoints",total RNA,Total RNA was extracted from tissue using Qiagen Rneasy columns,biotin,A single-round T7 amplification was used to generate biotin-labeled cRNA for hybridization.  At least 1 ug of RNA is required for cRNA synthesis.,9606,"Following fragmentation, 10 ug of cRNA were hybridized overnight at 46C on Affymetrix U133A arrays. GeneChips were washed and stained in the Affymetrix Fluidics Station 400.",GeneChips were scanned using the diagnostic-grade Affymetrix scanner 3000DX,Probe intensities were quantified with Microarray Suite version 5.0 (MAS 5.0) using Affymetrix default analysis settings.  CEL files were normalized using global scaling with a trimmed mean target intensity of each array arbitrarily set to 600 using the MAS5 algorithm from the simpleaffy package (http://bioconductor.org/packages/2.4/bioc/html/simpleaffy.html).,GPL96,ftp://ftp.ncbi.nlm.nih.gov/geo/samples/GSM615nnn/GSM615272/suppl/GSM615272_FL574-417.CEL.gz,22283,Reanalyzed by: GSE205568
GSM615273,GSE25055,M421,GSM615273,Public on May 11 2011,Nov 01 2010,Jun 06 2022,RNA,1,"breast cancer, sample MDACC-M421",Homo sapiens,M421,MDACC,48.0,P,P,N,P,T2,N1,IIB,2,RD,RCB-III,0,2.281,P,N,SET-Low,Rx Insensitive,High,LumA,RD,RCB-II/III,,"Patients prospectively consented to a research biopsy by fine needle aspiration (FNA) or  core biopsy (CBX) prior to any systemic therapy, and to the future assessment of pathologic  response and/or survival endpoints",total RNA,Total RNA was extracted from tissue using Qiagen Rneasy columns,biotin,A single-round T7 amplification was used to generate biotin-labeled cRNA for hybridization.  At least 1 ug of RNA is required for cRNA synthesis.,9606,"Following fragmentation, 10 ug of cRNA were hybridized overnight at 46C on Affymetrix U133A arrays. GeneChips were washed and stained in the Affymetrix Fluidics Station 400.",GeneChips were scanned using the diagnostic-grade Affymetrix scanner 3000DX,Probe intensities were quantified with Microarray Suite version 5.0 (MAS 5.0) using Affymetrix default analysis settings.  CEL files were normalized using global scaling with a trimmed mean target intensity of each array arbitrarily set to 600 using the MAS5 algorithm from the simpleaffy package (http://bioconductor.org/packages/2.4/bioc/html/simpleaffy.html).,GPL96,ftp://ftp.ncbi.nlm.nih.gov/geo/samples/GSM615nnn/GSM615273/suppl/GSM615273_29539_AB01833759_35699.CEL.gz,22283,Reanalyzed by: GSE205568
GSM615274,GSE25055,M423,GSM615274,Public on May 11 2011,Nov 01 2010,Jun 06 2022,RNA,1,"breast cancer, sample MDACC-M423",Homo sapiens,M423,MDACC,68.0,P,P,N,P,T0,N3,IIIC,2,RD,RCB-II,1,0.794,N,N,SET-Low,Rx Insensitive,High,Her2,pCR,RCB-0/I,,"Patients prospectively consented to a research biopsy by fine needle aspiration (FNA) or  core biopsy (CBX) prior to any systemic therapy, and to the future assessment of pathologic  response and/or survival endpoints",total RNA,Total RNA was extracted from tissue using Qiagen Rneasy columns,biotin,A single-round T7 amplification was used to generate biotin-labeled cRNA for hybridization.  At least 1 ug of RNA is required for cRNA synthesis.,9606,"Following fragmentation, 10 ug of cRNA were hybridized overnight at 46C on Affymetrix U133A arrays. GeneChips were washed and stained in the Affymetrix Fluidics Station 400.",GeneChips were scanned using the diagnostic-grade Affymetrix scanner 3000DX,Probe intensities were quantified with Microarray Suite version 5.0 (MAS 5.0) using Affymetrix default analysis settings.  CEL files were normalized using global scaling with a trimmed mean target intensity of each array arbitrarily set to 600 using the MAS5 algorithm from the simpleaffy package (http://bioconductor.org/packages/2.4/bioc/html/simpleaffy.html).,GPL96,ftp://ftp.ncbi.nlm.nih.gov/geo/samples/GSM615nnn/GSM615274/suppl/GSM615274_U133A_80_FL_082_FL258-423_04_18_06.CEL.gz,22283,Reanalyzed by: GSE205568
GSM615275,GSE25055,M425,GSM615275,Public on May 11 2011,Nov 01 2010,Jun 06 2022,RNA,1,"breast cancer, sample MDACC-M425",Homo sapiens,M425,MDACC,60.0,N,N,N,N,T4,N1,IIIB,2,RD,RCB-II,1,2.396,N,N,SET-Low,Rx Insensitive,High,Basal,pCR,RCB-II/III,,"Patients prospectively consented to a research biopsy by fine needle aspiration (FNA) or  core biopsy (CBX) prior to any systemic therapy, and to the future assessment of pathologic  response and/or survival endpoints",total RNA,Total RNA was extracted from tissue using Qiagen Rneasy columns,biotin,A single-round T7 amplification was used to generate biotin-labeled cRNA for hybridization.  At least 1 ug of RNA is required for cRNA synthesis.,9606,"Following fragmentation, 10 ug of cRNA were hybridized overnight at 46C on Affymetrix U133A arrays. GeneChips were washed and stained in the Affymetrix Fluidics Station 400.",GeneChips were scanned using the diagnostic-grade Affymetrix scanner 3000DX,Probe intensities were quantified with Microarray Suite version 5.0 (MAS 5.0) using Affymetrix default analysis settings.  CEL files were normalized using global scaling with a trimmed mean target intensity of each array arbitrarily set to 600 using the MAS5 algorithm from the simpleaffy package (http://bioconductor.org/packages/2.4/bioc/html/simpleaffy.html).,GPL96,ftp://ftp.ncbi.nlm.nih.gov/geo/samples/GSM615nnn/GSM615275/suppl/GSM615275_FL749-425.CEL.gz,22283,Reanalyzed by: GSE205568
GSM615276,GSE25055,M430,GSM615276,Public on May 11 2011,Nov 01 2010,Jun 06 2022,RNA,1,"breast cancer, sample MDACC-M430",Homo sapiens,M430,MDACC,52.0,N,N,N,N,T3,N1,IIIA,3,RD,RCB-0/I,0,3.272,N,N,SET-Low,Rx Sensitive,High,Basal,pCR,RCB-0/I,,"Patients prospectively consented to a research biopsy by fine needle aspiration (FNA) or  core biopsy (CBX) prior to any systemic therapy, and to the future assessment of pathologic  response and/or survival endpoints",total RNA,Total RNA was extracted from tissue using Qiagen Rneasy columns,biotin,A single-round T7 amplification was used to generate biotin-labeled cRNA for hybridization.  At least 1 ug of RNA is required for cRNA synthesis.,9606,"Following fragmentation, 10 ug of cRNA were hybridized overnight at 46C on Affymetrix U133A arrays. GeneChips were washed and stained in the Affymetrix Fluidics Station 400.",GeneChips were scanned using the diagnostic-grade Affymetrix scanner 3000DX,Probe intensities were quantified with Microarray Suite version 5.0 (MAS 5.0) using Affymetrix default analysis settings.  CEL files were normalized using global scaling with a trimmed mean target intensity of each array arbitrarily set to 600 using the MAS5 algorithm from the simpleaffy package (http://bioconductor.org/packages/2.4/bioc/html/simpleaffy.html).,GPL96,ftp://ftp.ncbi.nlm.nih.gov/geo/samples/GSM615nnn/GSM615276/suppl/GSM615276_FL499-430.CEL.gz,22283,Reanalyzed by: GSE205568
GSM615277,GSE25055,M431,GSM615277,Public on May 11 2011,Nov 01 2010,Jun 06 2022,RNA,1,"breast cancer, sample MDACC-M431",Homo sapiens,M431,MDACC,50.0,P,P,N,P,T2,N1,IIB,2,RD,RCB-II,0,3.587,P,N,SET-High,Rx Sensitive,Low,LumA,RD,RCB-II/III,,"Patients prospectively consented to a research biopsy by fine needle aspiration (FNA) or  core biopsy (CBX) prior to any systemic therapy, and to the future assessment of pathologic  response and/or survival endpoints",total RNA,Total RNA was extracted from tissue using Qiagen Rneasy columns,biotin,A single-round T7 amplification was used to generate biotin-labeled cRNA for hybridization.  At least 1 ug of RNA is required for cRNA synthesis.,9606,"Following fragmentation, 10 ug of cRNA were hybridized overnight at 46C on Affymetrix U133A arrays. GeneChips were washed and stained in the Affymetrix Fluidics Station 400.",GeneChips were scanned using the diagnostic-grade Affymetrix scanner 3000DX,Probe intensities were quantified with Microarray Suite version 5.0 (MAS 5.0) using Affymetrix default analysis settings.  CEL files were normalized using global scaling with a trimmed mean target intensity of each array arbitrarily set to 600 using the MAS5 algorithm from the simpleaffy package (http://bioconductor.org/packages/2.4/bioc/html/simpleaffy.html).,GPL96,ftp://ftp.ncbi.nlm.nih.gov/geo/samples/GSM615nnn/GSM615277/suppl/GSM615277_FL557-431.CEL.gz,22283,Reanalyzed by: GSE205568
GSM615278,GSE25055,M433,GSM615278,Public on May 11 2011,Nov 01 2010,Jun 06 2022,RNA,1,"breast cancer, sample MDACC-M433",Homo sapiens,M433,MDACC,47.0,P,P,N,P,T2,N0,IIA,3,RD,RCB-II,0,3.250,P,N,SET-Low,Rx Insensitive,Low,LumA,RD,RCB-II/III,,"Patients prospectively consented to a research biopsy by fine needle aspiration (FNA) or  core biopsy (CBX) prior to any systemic therapy, and to the future assessment of pathologic  response and/or survival endpoints",total RNA,Total RNA was extracted from tissue using Qiagen Rneasy columns,biotin,A single-round T7 amplification was used to generate biotin-labeled cRNA for hybridization.  At least 1 ug of RNA is required for cRNA synthesis.,9606,"Following fragmentation, 10 ug of cRNA were hybridized overnight at 46C on Affymetrix U133A arrays. GeneChips were washed and stained in the Affymetrix Fluidics Station 400.",GeneChips were scanned using the diagnostic-grade Affymetrix scanner 3000DX,Probe intensities were quantified with Microarray Suite version 5.0 (MAS 5.0) using Affymetrix default analysis settings.  CEL files were normalized using global scaling with a trimmed mean target intensity of each array arbitrarily set to 600 using the MAS5 algorithm from the simpleaffy package (http://bioconductor.org/packages/2.4/bioc/html/simpleaffy.html).,GPL96,ftp://ftp.ncbi.nlm.nih.gov/geo/samples/GSM615nnn/GSM615278/suppl/GSM615278_FL575-433.CEL.gz,22283,Reanalyzed by: GSE205568
GSM615279,GSE25055,M434,GSM615279,Public on May 11 2011,Nov 01 2010,Jun 06 2022,RNA,1,"breast cancer, sample MDACC-M434",Homo sapiens,M434,MDACC,50.0,P,P,N,P,T2,N1,IIB,2,RD,RCB-III,1,2.188,P,N,SET-Low,Rx Insensitive,High,LumB,RD,RCB-II/III,,"Patients prospectively consented to a research biopsy by fine needle aspiration (FNA) or  core biopsy (CBX) prior to any systemic therapy, and to the future assessment of pathologic  response and/or survival endpoints",total RNA,Total RNA was extracted from tissue using Qiagen Rneasy columns,biotin,A single-round T7 amplification was used to generate biotin-labeled cRNA for hybridization.  At least 1 ug of RNA is required for cRNA synthesis.,9606,"Following fragmentation, 10 ug of cRNA were hybridized overnight at 46C on Affymetrix U133A arrays. GeneChips were washed and stained in the Affymetrix Fluidics Station 400.",GeneChips were scanned using the diagnostic-grade Affymetrix scanner 3000DX,Probe intensities were quantified with Microarray Suite version 5.0 (MAS 5.0) using Affymetrix default analysis settings.  CEL files were normalized using global scaling with a trimmed mean target intensity of each array arbitrarily set to 600 using the MAS5 algorithm from the simpleaffy package (http://bioconductor.org/packages/2.4/bioc/html/simpleaffy.html).,GPL96,ftp://ftp.ncbi.nlm.nih.gov/geo/samples/GSM615nnn/GSM615279/suppl/GSM615279_29539_AB01833876_35613.CEL.gz,22283,Reanalyzed by: GSE205568
GSM615280,GSE25055,M442,GSM615280,Public on May 11 2011,Nov 01 2010,Jun 06 2022,RNA,1,"breast cancer, sample MDACC-M442",Homo sapiens,M442,MDACC,41.0,P,P,N,P,T3,N1,IIIA,3,pCR,RCB-0/I,0,3.447,P,P,SET-High,Rx Sensitive,High,Her2,RD,RCB-0/I,,"Patients prospectively consented to a research biopsy by fine needle aspiration (FNA) or  core biopsy (CBX) prior to any systemic therapy, and to the future assessment of pathologic  response and/or survival endpoints",total RNA,Total RNA was extracted from tissue using Qiagen Rneasy columns,biotin,A single-round T7 amplification was used to generate biotin-labeled cRNA for hybridization.  At least 1 ug of RNA is required for cRNA synthesis.,9606,"Following fragmentation, 10 ug of cRNA were hybridized overnight at 46C on Affymetrix U133A arrays. GeneChips were washed and stained in the Affymetrix Fluidics Station 400.",GeneChips were scanned using the diagnostic-grade Affymetrix scanner 3000DX,Probe intensities were quantified with Microarray Suite version 5.0 (MAS 5.0) using Affymetrix default analysis settings.  CEL files were normalized using global scaling with a trimmed mean target intensity of each array arbitrarily set to 600 using the MAS5 algorithm from the simpleaffy package (http://bioconductor.org/packages/2.4/bioc/html/simpleaffy.html).,GPL96,ftp://ftp.ncbi.nlm.nih.gov/geo/samples/GSM615nnn/GSM615280/suppl/GSM615280_29539_AB01723028_35692.CEL.gz,22283,Reanalyzed by: GSE205568
GSM615281,GSE25055,M447,GSM615281,Public on May 11 2011,Nov 01 2010,Jun 06 2022,RNA,1,"breast cancer, sample MDACC-M447",Homo sapiens,M447,MDACC,44.0,P,N,N,P,T2,N0,IIA,2,RD,RCB-0/I,0,2.489,P,N,SET-Low,Rx Sensitive,High,LumB,RD,RCB-0/I,,"Patients prospectively consented to a research biopsy by fine needle aspiration (FNA) or  core biopsy (CBX) prior to any systemic therapy, and to the future assessment of pathologic  response and/or survival endpoints",total RNA,Total RNA was extracted from tissue using Qiagen Rneasy columns,biotin,A single-round T7 amplification was used to generate biotin-labeled cRNA for hybridization.  At least 1 ug of RNA is required for cRNA synthesis.,9606,"Following fragmentation, 10 ug of cRNA were hybridized overnight at 46C on Affymetrix U133A arrays. GeneChips were washed and stained in the Affymetrix Fluidics Station 400.",GeneChips were scanned using the diagnostic-grade Affymetrix scanner 3000DX,Probe intensities were quantified with Microarray Suite version 5.0 (MAS 5.0) using Affymetrix default analysis settings.  CEL files were normalized using global scaling with a trimmed mean target intensity of each array arbitrarily set to 600 using the MAS5 algorithm from the simpleaffy package (http://bioconductor.org/packages/2.4/bioc/html/simpleaffy.html).,GPL96,ftp://ftp.ncbi.nlm.nih.gov/geo/samples/GSM615nnn/GSM615281/suppl/GSM615281_29539_AB01723044_35687.CEL.gz,22283,Reanalyzed by: GSE205568
GSM615282,GSE25055,M463,GSM615282,Public on May 11 2011,Nov 01 2010,Jun 06 2022,RNA,1,"breast cancer, sample MDACC-M463",Homo sapiens,M463,MDACC,60.0,P,N,N,P,T4,N1,IIIB,2,RD,RCB-II,0,3.009,P,N,SET-Low,Rx Sensitive,High,Her2,RD,RCB-0/I,,"Patients prospectively consented to a research biopsy by fine needle aspiration (FNA) or  core biopsy (CBX) prior to any systemic therapy, and to the future assessment of pathologic  response and/or survival endpoints",total RNA,Total RNA was extracted from tissue using Qiagen Rneasy columns,biotin,A single-round T7 amplification was used to generate biotin-labeled cRNA for hybridization.  At least 1 ug of RNA is required for cRNA synthesis.,9606,"Following fragmentation, 10 ug of cRNA were hybridized overnight at 46C on Affymetrix U133A arrays. GeneChips were washed and stained in the Affymetrix Fluidics Station 400.",GeneChips were scanned using the diagnostic-grade Affymetrix scanner 3000DX,Probe intensities were quantified with Microarray Suite version 5.0 (MAS 5.0) using Affymetrix default analysis settings.  CEL files were normalized using global scaling with a trimmed mean target intensity of each array arbitrarily set to 600 using the MAS5 algorithm from the simpleaffy package (http://bioconductor.org/packages/2.4/bioc/html/simpleaffy.html).,GPL96,ftp://ftp.ncbi.nlm.nih.gov/geo/samples/GSM615nnn/GSM615282/suppl/GSM615282_29539_AB01833728_35659.CEL.gz,22283,Reanalyzed by: GSE205568
GSM615283,GSE25055,M469,GSM615283,Public on May 11 2011,Nov 01 2010,Jun 06 2022,RNA,1,"breast cancer, sample MDACC-M469",Homo sapiens,M469,MDACC,57.0,P,N,N,P,T2,N3,IIIC,2,RD,RCB-II,0,3.187,P,N,SET-Low,Rx Insensitive,High,LumA,RD,RCB-II/III,,"Patients prospectively consented to a research biopsy by fine needle aspiration (FNA) or  core biopsy (CBX) prior to any systemic therapy, and to the future assessment of pathologic  response and/or survival endpoints",total RNA,Total RNA was extracted from tissue using Qiagen Rneasy columns,biotin,A single-round T7 amplification was used to generate biotin-labeled cRNA for hybridization.  At least 1 ug of RNA is required for cRNA synthesis.,9606,"Following fragmentation, 10 ug of cRNA were hybridized overnight at 46C on Affymetrix U133A arrays. GeneChips were washed and stained in the Affymetrix Fluidics Station 400.",GeneChips were scanned using the diagnostic-grade Affymetrix scanner 3000DX,Probe intensities were quantified with Microarray Suite version 5.0 (MAS 5.0) using Affymetrix default analysis settings.  CEL files were normalized using global scaling with a trimmed mean target intensity of each array arbitrarily set to 600 using the MAS5 algorithm from the simpleaffy package (http://bioconductor.org/packages/2.4/bioc/html/simpleaffy.html).,GPL96,ftp://ftp.ncbi.nlm.nih.gov/geo/samples/GSM615nnn/GSM615283/suppl/GSM615283_29539_AB01833832_35608.CEL.gz,22283,Reanalyzed by: GSE205568
GSM615284,GSE25055,M485,GSM615284,Public on May 11 2011,Nov 01 2010,Jun 06 2022,RNA,1,"breast cancer, sample MDACC-M485",Homo sapiens,M485,MDACC,50.0,N,N,N,N,T4,N2,IIIB,3,pCR,RCB-0/I,0,2.842,N,N,SET-Low,Rx Sensitive,High,Basal,pCR,RCB-0/I,,"Patients prospectively consented to a research biopsy by fine needle aspiration (FNA) or  core biopsy (CBX) prior to any systemic therapy, and to the future assessment of pathologic  response and/or survival endpoints",total RNA,Total RNA was extracted from tissue using Qiagen Rneasy columns,biotin,A single-round T7 amplification was used to generate biotin-labeled cRNA for hybridization.  At least 1 ug of RNA is required for cRNA synthesis.,9606,"Following fragmentation, 10 ug of cRNA were hybridized overnight at 46C on Affymetrix U133A arrays. GeneChips were washed and stained in the Affymetrix Fluidics Station 400.",GeneChips were scanned using the diagnostic-grade Affymetrix scanner 3000DX,Probe intensities were quantified with Microarray Suite version 5.0 (MAS 5.0) using Affymetrix default analysis settings.  CEL files were normalized using global scaling with a trimmed mean target intensity of each array arbitrarily set to 600 using the MAS5 algorithm from the simpleaffy package (http://bioconductor.org/packages/2.4/bioc/html/simpleaffy.html).,GPL96,ftp://ftp.ncbi.nlm.nih.gov/geo/samples/GSM615nnn/GSM615284/suppl/GSM615284_29539_AB01833699_35605.CEL.gz,22283,Reanalyzed by: GSE205568
GSM615285,GSE25055,M486,GSM615285,Public on May 11 2011,Nov 01 2010,Jun 06 2022,RNA,1,"breast cancer, sample MDACC-M486",Homo sapiens,M486,MDACC,44.0,P,P,N,P,T2,N0,IIA,3,RD,RCB-II,0,3.368,P,N,SET-Low,Rx Insensitive,Low,LumA,RD,RCB-II/III,,"Patients prospectively consented to a research biopsy by fine needle aspiration (FNA) or  core biopsy (CBX) prior to any systemic therapy, and to the future assessment of pathologic  response and/or survival endpoints",total RNA,Total RNA was extracted from tissue using Qiagen Rneasy columns,biotin,A single-round T7 amplification was used to generate biotin-labeled cRNA for hybridization.  At least 1 ug of RNA is required for cRNA synthesis.,9606,"Following fragmentation, 10 ug of cRNA were hybridized overnight at 46C on Affymetrix U133A arrays. GeneChips were washed and stained in the Affymetrix Fluidics Station 400.",GeneChips were scanned using the diagnostic-grade Affymetrix scanner 3000DX,Probe intensities were quantified with Microarray Suite version 5.0 (MAS 5.0) using Affymetrix default analysis settings.  CEL files were normalized using global scaling with a trimmed mean target intensity of each array arbitrarily set to 600 using the MAS5 algorithm from the simpleaffy package (http://bioconductor.org/packages/2.4/bioc/html/simpleaffy.html).,GPL96,ftp://ftp.ncbi.nlm.nih.gov/geo/samples/GSM615nnn/GSM615285/suppl/GSM615285_FL750-486.CEL.gz,22283,Reanalyzed by: GSE205568
GSM615286,GSE25055,M497,GSM615286,Public on May 11 2011,Nov 01 2010,Jun 06 2022,RNA,1,"breast cancer, sample MDACC-M497",Homo sapiens,M497,MDACC,62.0,P,N,N,P,T2,N3,IIIC,2,RD,RCB-0/I,0,3.159,N,N,SET-Low,Rx Sensitive,High,Her2,RD,RCB-0/I,,"Patients prospectively consented to a research biopsy by fine needle aspiration (FNA) or  core biopsy (CBX) prior to any systemic therapy, and to the future assessment of pathologic  response and/or survival endpoints",total RNA,Total RNA was extracted from tissue using Qiagen Rneasy columns,biotin,A single-round T7 amplification was used to generate biotin-labeled cRNA for hybridization.  At least 1 ug of RNA is required for cRNA synthesis.,9606,"Following fragmentation, 10 ug of cRNA were hybridized overnight at 46C on Affymetrix U133A arrays. GeneChips were washed and stained in the Affymetrix Fluidics Station 400.",GeneChips were scanned using the diagnostic-grade Affymetrix scanner 3000DX,Probe intensities were quantified with Microarray Suite version 5.0 (MAS 5.0) using Affymetrix default analysis settings.  CEL files were normalized using global scaling with a trimmed mean target intensity of each array arbitrarily set to 600 using the MAS5 algorithm from the simpleaffy package (http://bioconductor.org/packages/2.4/bioc/html/simpleaffy.html).,GPL96,ftp://ftp.ncbi.nlm.nih.gov/geo/samples/GSM615nnn/GSM615286/suppl/GSM615286_29539_AB01833749_35607.CEL.gz,22283,Reanalyzed by: GSE205568
GSM615287,GSE25055,M502,GSM615287,Public on May 11 2011,Nov 01 2010,Jun 06 2022,RNA,1,"breast cancer, sample MDACC-M502",Homo sapiens,M502,MDACC,50.0,N,N,N,N,T2,N0,IIA,2,RD,RCB-III,1,1.717,N,N,SET-Low,Rx Insensitive,Low,Normal,RD,RCB-II/III,,"Patients prospectively consented to a research biopsy by fine needle aspiration (FNA) or  core biopsy (CBX) prior to any systemic therapy, and to the future assessment of pathologic  response and/or survival endpoints",total RNA,Total RNA was extracted from tissue using Qiagen Rneasy columns,biotin,A single-round T7 amplification was used to generate biotin-labeled cRNA for hybridization.  At least 1 ug of RNA is required for cRNA synthesis.,9606,"Following fragmentation, 10 ug of cRNA were hybridized overnight at 46C on Affymetrix U133A arrays. GeneChips were washed and stained in the Affymetrix Fluidics Station 400.",GeneChips were scanned using the diagnostic-grade Affymetrix scanner 3000DX,Probe intensities were quantified with Microarray Suite version 5.0 (MAS 5.0) using Affymetrix default analysis settings.  CEL files were normalized using global scaling with a trimmed mean target intensity of each array arbitrarily set to 600 using the MAS5 algorithm from the simpleaffy package (http://bioconductor.org/packages/2.4/bioc/html/simpleaffy.html).,GPL96,ftp://ftp.ncbi.nlm.nih.gov/geo/samples/GSM615nnn/GSM615287/suppl/GSM615287_FL686-502.CEL.gz,22283,Reanalyzed by: GSE205568
GSM615288,GSE25055,M503,GSM615288,Public on May 11 2011,Nov 01 2010,Jun 06 2022,RNA,1,"breast cancer, sample MDACC-M503",Homo sapiens,M503,MDACC,38.0,N,N,N,N,T1,N0,I,3,RD,RCB-0/I,0,2.604,N,N,SET-Low,Rx Insensitive,High,Basal,pCR,RCB-0/I,,"Patients prospectively consented to a research biopsy by fine needle aspiration (FNA) or  core biopsy (CBX) prior to any systemic therapy, and to the future assessment of pathologic  response and/or survival endpoints",total RNA,Total RNA was extracted from tissue using Qiagen Rneasy columns,biotin,A single-round T7 amplification was used to generate biotin-labeled cRNA for hybridization.  At least 1 ug of RNA is required for cRNA synthesis.,9606,"Following fragmentation, 10 ug of cRNA were hybridized overnight at 46C on Affymetrix U133A arrays. GeneChips were washed and stained in the Affymetrix Fluidics Station 400.",GeneChips were scanned using the diagnostic-grade Affymetrix scanner 3000DX,Probe intensities were quantified with Microarray Suite version 5.0 (MAS 5.0) using Affymetrix default analysis settings.  CEL files were normalized using global scaling with a trimmed mean target intensity of each array arbitrarily set to 600 using the MAS5 algorithm from the simpleaffy package (http://bioconductor.org/packages/2.4/bioc/html/simpleaffy.html).,GPL96,ftp://ftp.ncbi.nlm.nih.gov/geo/samples/GSM615nnn/GSM615288/suppl/GSM615288_29539_AB01833756_35615.CEL.gz,22283,Reanalyzed by: GSE205568
GSM615289,GSE25055,M506,GSM615289,Public on May 11 2011,Nov 01 2010,Jun 06 2022,RNA,1,"breast cancer, sample MDACC-M506",Homo sapiens,M506,MDACC,46.0,P,P,N,P,T2,N1,IIB,2,RD,RCB-II,0,3.028,P,N,SET-Low,Rx Sensitive,High,LumB,RD,RCB-0/I,,"Patients prospectively consented to a research biopsy by fine needle aspiration (FNA) or  core biopsy (CBX) prior to any systemic therapy, and to the future assessment of pathologic  response and/or survival endpoints",total RNA,Total RNA was extracted from tissue using Qiagen Rneasy columns,biotin,A single-round T7 amplification was used to generate biotin-labeled cRNA for hybridization.  At least 1 ug of RNA is required for cRNA synthesis.,9606,"Following fragmentation, 10 ug of cRNA were hybridized overnight at 46C on Affymetrix U133A arrays. GeneChips were washed and stained in the Affymetrix Fluidics Station 400.",GeneChips were scanned using the diagnostic-grade Affymetrix scanner 3000DX,Probe intensities were quantified with Microarray Suite version 5.0 (MAS 5.0) using Affymetrix default analysis settings.  CEL files were normalized using global scaling with a trimmed mean target intensity of each array arbitrarily set to 600 using the MAS5 algorithm from the simpleaffy package (http://bioconductor.org/packages/2.4/bioc/html/simpleaffy.html).,GPL96,ftp://ftp.ncbi.nlm.nih.gov/geo/samples/GSM615nnn/GSM615289/suppl/GSM615289_29539_AB01833780_35612.CEL.gz,22283,Reanalyzed by: GSE205568
GSM615290,GSE25055,M507,GSM615290,Public on May 11 2011,Nov 01 2010,Jun 06 2022,RNA,1,"breast cancer, sample MDACC-M507",Homo sapiens,M507,MDACC,66.0,P,P,N,P,T2,N0,IIA,2,RD,RCB-II,0,3.151,N,N,SET-Low,Rx Insensitive,High,Basal,pCR,RCB-II/III,,"Patients prospectively consented to a research biopsy by fine needle aspiration (FNA) or  core biopsy (CBX) prior to any systemic therapy, and to the future assessment of pathologic  response and/or survival endpoints",total RNA,Total RNA was extracted from tissue using Qiagen Rneasy columns,biotin,A single-round T7 amplification was used to generate biotin-labeled cRNA for hybridization.  At least 1 ug of RNA is required for cRNA synthesis.,9606,"Following fragmentation, 10 ug of cRNA were hybridized overnight at 46C on Affymetrix U133A arrays. GeneChips were washed and stained in the Affymetrix Fluidics Station 400.",GeneChips were scanned using the diagnostic-grade Affymetrix scanner 3000DX,Probe intensities were quantified with Microarray Suite version 5.0 (MAS 5.0) using Affymetrix default analysis settings.  CEL files were normalized using global scaling with a trimmed mean target intensity of each array arbitrarily set to 600 using the MAS5 algorithm from the simpleaffy package (http://bioconductor.org/packages/2.4/bioc/html/simpleaffy.html).,GPL96,ftp://ftp.ncbi.nlm.nih.gov/geo/samples/GSM615nnn/GSM615290/suppl/GSM615290_FL646-507.CEL.gz,22283,Reanalyzed by: GSE205568
GSM615291,GSE25055,M513,GSM615291,Public on May 11 2011,Nov 01 2010,Jun 06 2022,RNA,1,"breast cancer, sample MDACC-M513",Homo sapiens,M513,MDACC,59.0,N,N,N,N,T2,N1,IIB,3,pCR,RCB-0/I,1,0.709,N,N,SET-Low,Rx Sensitive,High,Basal,pCR,RCB-0/I,,"Patients prospectively consented to a research biopsy by fine needle aspiration (FNA) or  core biopsy (CBX) prior to any systemic therapy, and to the future assessment of pathologic  response and/or survival endpoints",total RNA,Total RNA was extracted from tissue using Qiagen Rneasy columns,biotin,A single-round T7 amplification was used to generate biotin-labeled cRNA for hybridization.  At least 1 ug of RNA is required for cRNA synthesis.,9606,"Following fragmentation, 10 ug of cRNA were hybridized overnight at 46C on Affymetrix U133A arrays. GeneChips were washed and stained in the Affymetrix Fluidics Station 400.",GeneChips were scanned using the diagnostic-grade Affymetrix scanner 3000DX,Probe intensities were quantified with Microarray Suite version 5.0 (MAS 5.0) using Affymetrix default analysis settings.  CEL files were normalized using global scaling with a trimmed mean target intensity of each array arbitrarily set to 600 using the MAS5 algorithm from the simpleaffy package (http://bioconductor.org/packages/2.4/bioc/html/simpleaffy.html).,GPL96,ftp://ftp.ncbi.nlm.nih.gov/geo/samples/GSM615nnn/GSM615291/suppl/GSM615291_FL491-513.CEL.gz,22283,Reanalyzed by: GSE205568
GSM615292,GSE25055,M523,GSM615292,Public on May 11 2011,Nov 01 2010,Jun 06 2022,RNA,1,"breast cancer, sample MDACC-M523",Homo sapiens,M523,MDACC,47.0,P,P,N,P,T2,N1,IIB,2,RD,RCB-II,0,2.371,P,N,SET-High,Rx Sensitive,Low,LumA,RD,RCB-0/I,,"Patients prospectively consented to a research biopsy by fine needle aspiration (FNA) or  core biopsy (CBX) prior to any systemic therapy, and to the future assessment of pathologic  response and/or survival endpoints",total RNA,Total RNA was extracted from tissue using Qiagen Rneasy columns,biotin,A single-round T7 amplification was used to generate biotin-labeled cRNA for hybridization.  At least 1 ug of RNA is required for cRNA synthesis.,9606,"Following fragmentation, 10 ug of cRNA were hybridized overnight at 46C on Affymetrix U133A arrays. GeneChips were washed and stained in the Affymetrix Fluidics Station 400.",GeneChips were scanned using the diagnostic-grade Affymetrix scanner 3000DX,Probe intensities were quantified with Microarray Suite version 5.0 (MAS 5.0) using Affymetrix default analysis settings.  CEL files were normalized using global scaling with a trimmed mean target intensity of each array arbitrarily set to 600 using the MAS5 algorithm from the simpleaffy package (http://bioconductor.org/packages/2.4/bioc/html/simpleaffy.html).,GPL96,ftp://ftp.ncbi.nlm.nih.gov/geo/samples/GSM615nnn/GSM615292/suppl/GSM615292_29539_AB01723031_35678.CEL.gz,22283,Reanalyzed by: GSE205568
GSM615293,GSE25055,M524,GSM615293,Public on May 11 2011,Nov 01 2010,Jun 06 2022,RNA,1,"breast cancer, sample MDACC-M524",Homo sapiens,M524,MDACC,31.0,N,N,N,N,T2,N1,IIA,3,pCR,RCB-0/I,1,1.372,N,N,SET-Low,Rx Insensitive,High,Basal,pCR,RCB-0/I,,"Patients prospectively consented to a research biopsy by fine needle aspiration (FNA) or  core biopsy (CBX) prior to any systemic therapy, and to the future assessment of pathologic  response and/or survival endpoints",total RNA,Total RNA was extracted from tissue using Qiagen Rneasy columns,biotin,A single-round T7 amplification was used to generate biotin-labeled cRNA for hybridization.  At least 1 ug of RNA is required for cRNA synthesis.,9606,"Following fragmentation, 10 ug of cRNA were hybridized overnight at 46C on Affymetrix U133A arrays. GeneChips were washed and stained in the Affymetrix Fluidics Station 400.",GeneChips were scanned using the diagnostic-grade Affymetrix scanner 3000DX,Probe intensities were quantified with Microarray Suite version 5.0 (MAS 5.0) using Affymetrix default analysis settings.  CEL files were normalized using global scaling with a trimmed mean target intensity of each array arbitrarily set to 600 using the MAS5 algorithm from the simpleaffy package (http://bioconductor.org/packages/2.4/bioc/html/simpleaffy.html).,GPL96,ftp://ftp.ncbi.nlm.nih.gov/geo/samples/GSM615nnn/GSM615293/suppl/GSM615293_29539_AB01723040_35686.CEL.gz,22283,Reanalyzed by: GSE205568
GSM615294,GSE25055,M525,GSM615294,Public on May 11 2011,Nov 01 2010,Jun 06 2022,RNA,1,"breast cancer, sample MDACC-M525",Homo sapiens,M525,MDACC,45.0,P,N,N,P,T2,N0,IIA,3,RD,RCB-II,0,3.047,P,N,SET-Int,Rx Sensitive,High,Normal,RD,RCB-II/III,,"Patients prospectively consented to a research biopsy by fine needle aspiration (FNA) or  core biopsy (CBX) prior to any systemic therapy, and to the future assessment of pathologic  response and/or survival endpoints",total RNA,Total RNA was extracted from tissue using Qiagen Rneasy columns,biotin,A single-round T7 amplification was used to generate biotin-labeled cRNA for hybridization.  At least 1 ug of RNA is required for cRNA synthesis.,9606,"Following fragmentation, 10 ug of cRNA were hybridized overnight at 46C on Affymetrix U133A arrays. GeneChips were washed and stained in the Affymetrix Fluidics Station 400.",GeneChips were scanned using the diagnostic-grade Affymetrix scanner 3000DX,Probe intensities were quantified with Microarray Suite version 5.0 (MAS 5.0) using Affymetrix default analysis settings.  CEL files were normalized using global scaling with a trimmed mean target intensity of each array arbitrarily set to 600 using the MAS5 algorithm from the simpleaffy package (http://bioconductor.org/packages/2.4/bioc/html/simpleaffy.html).,GPL96,ftp://ftp.ncbi.nlm.nih.gov/geo/samples/GSM615nnn/GSM615294/suppl/GSM615294_29539_AB01833821_35682.CEL.gz,22283,Reanalyzed by: GSE205568
GSM615295,GSE25055,M531,GSM615295,Public on May 11 2011,Nov 01 2010,Jun 06 2022,RNA,1,"breast cancer, sample MDACC-M531",Homo sapiens,M531,MDACC,53.0,N,N,N,N,T4,N3,IIIB,3,RD,RCB-II,0,1.856,P,N,SET-Low,Rx Insensitive,Low,Normal,RD,RCB-0/I,,"Patients prospectively consented to a research biopsy by fine needle aspiration (FNA) or  core biopsy (CBX) prior to any systemic therapy, and to the future assessment of pathologic  response and/or survival endpoints",total RNA,Total RNA was extracted from tissue using Qiagen Rneasy columns,biotin,A single-round T7 amplification was used to generate biotin-labeled cRNA for hybridization.  At least 1 ug of RNA is required for cRNA synthesis.,9606,"Following fragmentation, 10 ug of cRNA were hybridized overnight at 46C on Affymetrix U133A arrays. GeneChips were washed and stained in the Affymetrix Fluidics Station 400.",GeneChips were scanned using the diagnostic-grade Affymetrix scanner 3000DX,Probe intensities were quantified with Microarray Suite version 5.0 (MAS 5.0) using Affymetrix default analysis settings.  CEL files were normalized using global scaling with a trimmed mean target intensity of each array arbitrarily set to 600 using the MAS5 algorithm from the simpleaffy package (http://bioconductor.org/packages/2.4/bioc/html/simpleaffy.html).,GPL96,ftp://ftp.ncbi.nlm.nih.gov/geo/samples/GSM615nnn/GSM615295/suppl/GSM615295_FL500-531.CEL.gz,22283,Reanalyzed by: GSE205568
GSM615296,GSE25055,M534,GSM615296,Public on May 11 2011,Nov 01 2010,Jun 06 2022,RNA,1,"breast cancer, sample MDACC-M534",Homo sapiens,M534,MDACC,46.0,P,P,N,P,T4,N3,IIIC,2,RD,RCB-II,0,2.105,P,N,SET-Int,Rx Sensitive,High,LumA,RD,RCB-0/I,,"Patients prospectively consented to a research biopsy by fine needle aspiration (FNA) or  core biopsy (CBX) prior to any systemic therapy, and to the future assessment of pathologic  response and/or survival endpoints",total RNA,Total RNA was extracted from tissue using Qiagen Rneasy columns,biotin,A single-round T7 amplification was used to generate biotin-labeled cRNA for hybridization.  At least 1 ug of RNA is required for cRNA synthesis.,9606,"Following fragmentation, 10 ug of cRNA were hybridized overnight at 46C on Affymetrix U133A arrays. GeneChips were washed and stained in the Affymetrix Fluidics Station 400.",GeneChips were scanned using the diagnostic-grade Affymetrix scanner 3000DX,Probe intensities were quantified with Microarray Suite version 5.0 (MAS 5.0) using Affymetrix default analysis settings.  CEL files were normalized using global scaling with a trimmed mean target intensity of each array arbitrarily set to 600 using the MAS5 algorithm from the simpleaffy package (http://bioconductor.org/packages/2.4/bioc/html/simpleaffy.html).,GPL96,ftp://ftp.ncbi.nlm.nih.gov/geo/samples/GSM615nnn/GSM615296/suppl/GSM615296_29539_AB01723043_35685.CEL.gz,22283,Reanalyzed by: GSE205568
GSM615297,GSE25055,M545,GSM615297,Public on May 11 2011,Nov 01 2010,Jun 06 2022,RNA,1,"breast cancer, sample MDACC-M545",Homo sapiens,M545,MDACC,58.0,N,N,N,N,T2,N1,IIB,3,RD,RCB-II,1,2.341,P,N,SET-Low,Rx Insensitive,High,Basal,RD,RCB-II/III,,"Patients prospectively consented to a research biopsy by fine needle aspiration (FNA) or  core biopsy (CBX) prior to any systemic therapy, and to the future assessment of pathologic  response and/or survival endpoints",total RNA,Total RNA was extracted from tissue using Qiagen Rneasy columns,biotin,A single-round T7 amplification was used to generate biotin-labeled cRNA for hybridization.  At least 1 ug of RNA is required for cRNA synthesis.,9606,"Following fragmentation, 10 ug of cRNA were hybridized overnight at 46C on Affymetrix U133A arrays. GeneChips were washed and stained in the Affymetrix Fluidics Station 400.",GeneChips were scanned using the diagnostic-grade Affymetrix scanner 3000DX,Probe intensities were quantified with Microarray Suite version 5.0 (MAS 5.0) using Affymetrix default analysis settings.  CEL files were normalized using global scaling with a trimmed mean target intensity of each array arbitrarily set to 600 using the MAS5 algorithm from the simpleaffy package (http://bioconductor.org/packages/2.4/bioc/html/simpleaffy.html).,GPL96,ftp://ftp.ncbi.nlm.nih.gov/geo/samples/GSM615nnn/GSM615297/suppl/GSM615297_FL501-545.CEL.gz,22283,Reanalyzed by: GSE205568
GSM615298,GSE25055,M549,GSM615298,Public on May 11 2011,Nov 01 2010,Jun 06 2022,RNA,1,"breast cancer, sample MDACC-M549",Homo sapiens,M549,MDACC,40.0,P,P,N,P,T2,N1,IIB,2,RD,RCB-III,0,2.990,P,N,SET-Low,Rx Insensitive,Low,LumA,RD,RCB-II/III,,"Patients prospectively consented to a research biopsy by fine needle aspiration (FNA) or  core biopsy (CBX) prior to any systemic therapy, and to the future assessment of pathologic  response and/or survival endpoints",total RNA,Total RNA was extracted from tissue using Qiagen Rneasy columns,biotin,A single-round T7 amplification was used to generate biotin-labeled cRNA for hybridization.  At least 1 ug of RNA is required for cRNA synthesis.,9606,"Following fragmentation, 10 ug of cRNA were hybridized overnight at 46C on Affymetrix U133A arrays. GeneChips were washed and stained in the Affymetrix Fluidics Station 400.",GeneChips were scanned using the diagnostic-grade Affymetrix scanner 3000DX,Probe intensities were quantified with Microarray Suite version 5.0 (MAS 5.0) using Affymetrix default analysis settings.  CEL files were normalized using global scaling with a trimmed mean target intensity of each array arbitrarily set to 600 using the MAS5 algorithm from the simpleaffy package (http://bioconductor.org/packages/2.4/bioc/html/simpleaffy.html).,GPL96,ftp://ftp.ncbi.nlm.nih.gov/geo/samples/GSM615nnn/GSM615298/suppl/GSM615298_FL796-549.CEL.gz,22283,Reanalyzed by: GSE205568
GSM615299,GSE25055,M556,GSM615299,Public on May 11 2011,Nov 01 2010,Jun 06 2022,RNA,1,"breast cancer, sample MDACC-M556",Homo sapiens,M556,MDACC,47.0,P,P,N,P,T1,N1,IIA,2,RD,RCB-II,0,2.667,P,N,SET-Low,Rx Insensitive,Low,LumA,RD,RCB-0/I,,"Patients prospectively consented to a research biopsy by fine needle aspiration (FNA) or  core biopsy (CBX) prior to any systemic therapy, and to the future assessment of pathologic  response and/or survival endpoints",total RNA,Total RNA was extracted from tissue using Qiagen Rneasy columns,biotin,A single-round T7 amplification was used to generate biotin-labeled cRNA for hybridization.  At least 1 ug of RNA is required for cRNA synthesis.,9606,"Following fragmentation, 10 ug of cRNA were hybridized overnight at 46C on Affymetrix U133A arrays. GeneChips were washed and stained in the Affymetrix Fluidics Station 400.",GeneChips were scanned using the diagnostic-grade Affymetrix scanner 3000DX,Probe intensities were quantified with Microarray Suite version 5.0 (MAS 5.0) using Affymetrix default analysis settings.  CEL files were normalized using global scaling with a trimmed mean target intensity of each array arbitrarily set to 600 using the MAS5 algorithm from the simpleaffy package (http://bioconductor.org/packages/2.4/bioc/html/simpleaffy.html).,GPL96,ftp://ftp.ncbi.nlm.nih.gov/geo/samples/GSM615nnn/GSM615299/suppl/GSM615299_FL457-556.CEL.gz,22283,Reanalyzed by: GSE205568
GSM615300,GSE25055,M557,GSM615300,Public on May 11 2011,Nov 01 2010,Jun 06 2022,RNA,1,"breast cancer, sample MDACC-M557",Homo sapiens,M557,MDACC,57.0,N,N,N,N,T2,N3,IIIB,3,pCR,RCB-0/I,0,1.884,N,N,SET-Low,Rx Insensitive,High,Basal,pCR,RCB-0/I,,"Patients prospectively consented to a research biopsy by fine needle aspiration (FNA) or  core biopsy (CBX) prior to any systemic therapy, and to the future assessment of pathologic  response and/or survival endpoints",total RNA,Total RNA was extracted from tissue using Qiagen Rneasy columns,biotin,A single-round T7 amplification was used to generate biotin-labeled cRNA for hybridization.  At least 1 ug of RNA is required for cRNA synthesis.,9606,"Following fragmentation, 10 ug of cRNA were hybridized overnight at 46C on Affymetrix U133A arrays. GeneChips were washed and stained in the Affymetrix Fluidics Station 400.",GeneChips were scanned using the diagnostic-grade Affymetrix scanner 3000DX,Probe intensities were quantified with Microarray Suite version 5.0 (MAS 5.0) using Affymetrix default analysis settings.  CEL files were normalized using global scaling with a trimmed mean target intensity of each array arbitrarily set to 600 using the MAS5 algorithm from the simpleaffy package (http://bioconductor.org/packages/2.4/bioc/html/simpleaffy.html).,GPL96,ftp://ftp.ncbi.nlm.nih.gov/geo/samples/GSM615nnn/GSM615300/suppl/GSM615300_FL597-557.CEL.gz,22283,Reanalyzed by: GSE205568
GSM615301,GSE25055,M558,GSM615301,Public on May 11 2011,Nov 01 2010,Jun 06 2022,RNA,1,"breast cancer, sample MDACC-M558",Homo sapiens,M558,MDACC,62.0,N,N,N,N,T4,N3,IIIB,3,RD,RCB-III,1,2.552,N,N,SET-Low,Rx Insensitive,High,Basal,pCR,RCB-II/III,,"Patients prospectively consented to a research biopsy by fine needle aspiration (FNA) or  core biopsy (CBX) prior to any systemic therapy, and to the future assessment of pathologic  response and/or survival endpoints",total RNA,Total RNA was extracted from tissue using Qiagen Rneasy columns,biotin,A single-round T7 amplification was used to generate biotin-labeled cRNA for hybridization.  At least 1 ug of RNA is required for cRNA synthesis.,9606,"Following fragmentation, 10 ug of cRNA were hybridized overnight at 46C on Affymetrix U133A arrays. GeneChips were washed and stained in the Affymetrix Fluidics Station 400.",GeneChips were scanned using the diagnostic-grade Affymetrix scanner 3000DX,Probe intensities were quantified with Microarray Suite version 5.0 (MAS 5.0) using Affymetrix default analysis settings.  CEL files were normalized using global scaling with a trimmed mean target intensity of each array arbitrarily set to 600 using the MAS5 algorithm from the simpleaffy package (http://bioconductor.org/packages/2.4/bioc/html/simpleaffy.html).,GPL96,ftp://ftp.ncbi.nlm.nih.gov/geo/samples/GSM615nnn/GSM615301/suppl/GSM615301_FL752-558.CEL.gz,22283,Reanalyzed by: GSE205568
GSM615302,GSE25055,M559,GSM615302,Public on May 11 2011,Nov 01 2010,Jun 06 2022,RNA,1,"breast cancer, sample MDACC-M559",Homo sapiens,M559,MDACC,55.0,P,N,N,P,T2,N1,IIB,2,RD,RCB-II,0,1.851,P,N,SET-Low,Rx Insensitive,High,Her2,RD,RCB-II/III,,"Patients prospectively consented to a research biopsy by fine needle aspiration (FNA) or  core biopsy (CBX) prior to any systemic therapy, and to the future assessment of pathologic  response and/or survival endpoints",total RNA,Total RNA was extracted from tissue using Qiagen Rneasy columns,biotin,A single-round T7 amplification was used to generate biotin-labeled cRNA for hybridization.  At least 1 ug of RNA is required for cRNA synthesis.,9606,"Following fragmentation, 10 ug of cRNA were hybridized overnight at 46C on Affymetrix U133A arrays. GeneChips were washed and stained in the Affymetrix Fluidics Station 400.",GeneChips were scanned using the diagnostic-grade Affymetrix scanner 3000DX,Probe intensities were quantified with Microarray Suite version 5.0 (MAS 5.0) using Affymetrix default analysis settings.  CEL files were normalized using global scaling with a trimmed mean target intensity of each array arbitrarily set to 600 using the MAS5 algorithm from the simpleaffy package (http://bioconductor.org/packages/2.4/bioc/html/simpleaffy.html).,GPL96,ftp://ftp.ncbi.nlm.nih.gov/geo/samples/GSM615nnn/GSM615302/suppl/GSM615302_FL598-559.CEL.gz,22283,Reanalyzed by: GSE205568
GSM615303,GSE25055,M564,GSM615303,Public on May 11 2011,Nov 01 2010,Jun 06 2022,RNA,1,"breast cancer, sample MDACC-M564",Homo sapiens,M564,MDACC,68.0,N,N,N,N,T4,N2,IIIB,3,RD,RCB-III,0,2.344,N,N,SET-Low,Rx Insensitive,High,Basal,pCR,RCB-II/III,,"Patients prospectively consented to a research biopsy by fine needle aspiration (FNA) or  core biopsy (CBX) prior to any systemic therapy, and to the future assessment of pathologic  response and/or survival endpoints",total RNA,Total RNA was extracted from tissue using Qiagen Rneasy columns,biotin,A single-round T7 amplification was used to generate biotin-labeled cRNA for hybridization.  At least 1 ug of RNA is required for cRNA synthesis.,9606,"Following fragmentation, 10 ug of cRNA were hybridized overnight at 46C on Affymetrix U133A arrays. GeneChips were washed and stained in the Affymetrix Fluidics Station 400.",GeneChips were scanned using the diagnostic-grade Affymetrix scanner 3000DX,Probe intensities were quantified with Microarray Suite version 5.0 (MAS 5.0) using Affymetrix default analysis settings.  CEL files were normalized using global scaling with a trimmed mean target intensity of each array arbitrarily set to 600 using the MAS5 algorithm from the simpleaffy package (http://bioconductor.org/packages/2.4/bioc/html/simpleaffy.html).,GPL96,ftp://ftp.ncbi.nlm.nih.gov/geo/samples/GSM615nnn/GSM615303/suppl/GSM615303_FL599-564.CEL.gz,22283,Reanalyzed by: GSE205568
GSM615304,GSE25055,M565,GSM615304,Public on May 11 2011,Nov 01 2010,Jun 06 2022,RNA,1,"breast cancer, sample MDACC-M565",Homo sapiens,M565,MDACC,57.0,P,P,N,P,T1,N2,IIIA,3,RD,RCB-II,0,1.916,P,N,SET-Low,Rx Insensitive,High,LumB,RD,RCB-II/III,,"Patients prospectively consented to a research biopsy by fine needle aspiration (FNA) or  core biopsy (CBX) prior to any systemic therapy, and to the future assessment of pathologic  response and/or survival endpoints",total RNA,Total RNA was extracted from tissue using Qiagen Rneasy columns,biotin,A single-round T7 amplification was used to generate biotin-labeled cRNA for hybridization.  At least 1 ug of RNA is required for cRNA synthesis.,9606,"Following fragmentation, 10 ug of cRNA were hybridized overnight at 46C on Affymetrix U133A arrays. GeneChips were washed and stained in the Affymetrix Fluidics Station 400.",GeneChips were scanned using the diagnostic-grade Affymetrix scanner 3000DX,Probe intensities were quantified with Microarray Suite version 5.0 (MAS 5.0) using Affymetrix default analysis settings.  CEL files were normalized using global scaling with a trimmed mean target intensity of each array arbitrarily set to 600 using the MAS5 algorithm from the simpleaffy package (http://bioconductor.org/packages/2.4/bioc/html/simpleaffy.html).,GPL96,ftp://ftp.ncbi.nlm.nih.gov/geo/samples/GSM615nnn/GSM615304/suppl/GSM615304_U133A_80_FL_083_FL259-565_04_20_06.CEL.gz,22283,Reanalyzed by: GSE205568
GSM615305,GSE25055,M566,GSM615305,Public on May 11 2011,Nov 01 2010,Jun 06 2022,RNA,1,"breast cancer, sample MDACC-M566",Homo sapiens,M566,MDACC,39.0,P,N,N,P,T2,N3,IIIB,2,RD,RCB-III,1,2.648,P,N,SET-Low,Rx Insensitive,Low,LumA,RD,RCB-II/III,,"Patients prospectively consented to a research biopsy by fine needle aspiration (FNA) or  core biopsy (CBX) prior to any systemic therapy, and to the future assessment of pathologic  response and/or survival endpoints",total RNA,Total RNA was extracted from tissue using Qiagen Rneasy columns,biotin,A single-round T7 amplification was used to generate biotin-labeled cRNA for hybridization.  At least 1 ug of RNA is required for cRNA synthesis.,9606,"Following fragmentation, 10 ug of cRNA were hybridized overnight at 46C on Affymetrix U133A arrays. GeneChips were washed and stained in the Affymetrix Fluidics Station 400.",GeneChips were scanned using the diagnostic-grade Affymetrix scanner 3000DX,Probe intensities were quantified with Microarray Suite version 5.0 (MAS 5.0) using Affymetrix default analysis settings.  CEL files were normalized using global scaling with a trimmed mean target intensity of each array arbitrarily set to 600 using the MAS5 algorithm from the simpleaffy package (http://bioconductor.org/packages/2.4/bioc/html/simpleaffy.html).,GPL96,ftp://ftp.ncbi.nlm.nih.gov/geo/samples/GSM615nnn/GSM615305/suppl/GSM615305_FL600-566.CEL.gz,22283,Reanalyzed by: GSE205568
GSM615306,GSE25055,M569,GSM615306,Public on May 11 2011,Nov 01 2010,Jun 06 2022,RNA,1,"breast cancer, sample MDACC-M569",Homo sapiens,M569,MDACC,58.0,P,P,N,P,T3,N2,IIIA,2,RD,RCB-III,1,1.818,P,N,SET-Low,Rx Insensitive,High,LumA,RD,RCB-II/III,,"Patients prospectively consented to a research biopsy by fine needle aspiration (FNA) or  core biopsy (CBX) prior to any systemic therapy, and to the future assessment of pathologic  response and/or survival endpoints",total RNA,Total RNA was extracted from tissue using Qiagen Rneasy columns,biotin,A single-round T7 amplification was used to generate biotin-labeled cRNA for hybridization.  At least 1 ug of RNA is required for cRNA synthesis.,9606,"Following fragmentation, 10 ug of cRNA were hybridized overnight at 46C on Affymetrix U133A arrays. GeneChips were washed and stained in the Affymetrix Fluidics Station 400.",GeneChips were scanned using the diagnostic-grade Affymetrix scanner 3000DX,Probe intensities were quantified with Microarray Suite version 5.0 (MAS 5.0) using Affymetrix default analysis settings.  CEL files were normalized using global scaling with a trimmed mean target intensity of each array arbitrarily set to 600 using the MAS5 algorithm from the simpleaffy package (http://bioconductor.org/packages/2.4/bioc/html/simpleaffy.html).,GPL96,ftp://ftp.ncbi.nlm.nih.gov/geo/samples/GSM615nnn/GSM615306/suppl/GSM615306_U133A_80-FL-107_FL283-569_05_19_06.CEL.gz,22283,Reanalyzed by: GSE205568
GSM615307,GSE25055,M571,GSM615307,Public on May 11 2011,Nov 01 2010,Jun 06 2022,RNA,1,"breast cancer, sample MDACC-M571",Homo sapiens,M571,MDACC,32.0,N,N,N,N,T2,N1,IIB,3,pCR,RCB-0/I,0,2.817,N,N,SET-Low,Rx Sensitive,High,Basal,pCR,RCB-0/I,,"Patients prospectively consented to a research biopsy by fine needle aspiration (FNA) or  core biopsy (CBX) prior to any systemic therapy, and to the future assessment of pathologic  response and/or survival endpoints",total RNA,Total RNA was extracted from tissue using Qiagen Rneasy columns,biotin,A single-round T7 amplification was used to generate biotin-labeled cRNA for hybridization.  At least 1 ug of RNA is required for cRNA synthesis.,9606,"Following fragmentation, 10 ug of cRNA were hybridized overnight at 46C on Affymetrix U133A arrays. GeneChips were washed and stained in the Affymetrix Fluidics Station 400.",GeneChips were scanned using the diagnostic-grade Affymetrix scanner 3000DX,Probe intensities were quantified with Microarray Suite version 5.0 (MAS 5.0) using Affymetrix default analysis settings.  CEL files were normalized using global scaling with a trimmed mean target intensity of each array arbitrarily set to 600 using the MAS5 algorithm from the simpleaffy package (http://bioconductor.org/packages/2.4/bioc/html/simpleaffy.html).,GPL96,ftp://ftp.ncbi.nlm.nih.gov/geo/samples/GSM615nnn/GSM615307/suppl/GSM615307_U133A_80-FL-206-FL370-571_08_25_06.CEL.gz,22283,Reanalyzed by: GSE205568
GSM615308,GSE25055,M577,GSM615308,Public on May 11 2011,Nov 01 2010,Jun 06 2022,RNA,1,"breast cancer, sample MDACC-M577",Homo sapiens,M577,MDACC,51.0,P,P,N,P,T2,N1,IIB,3,RD,RCB-II,0,2.754,P,N,SET-Low,Rx Insensitive,High,LumB,RD,RCB-II/III,,"Patients prospectively consented to a research biopsy by fine needle aspiration (FNA) or  core biopsy (CBX) prior to any systemic therapy, and to the future assessment of pathologic  response and/or survival endpoints",total RNA,Total RNA was extracted from tissue using Qiagen Rneasy columns,biotin,A single-round T7 amplification was used to generate biotin-labeled cRNA for hybridization.  At least 1 ug of RNA is required for cRNA synthesis.,9606,"Following fragmentation, 10 ug of cRNA were hybridized overnight at 46C on Affymetrix U133A arrays. GeneChips were washed and stained in the Affymetrix Fluidics Station 400.",GeneChips were scanned using the diagnostic-grade Affymetrix scanner 3000DX,Probe intensities were quantified with Microarray Suite version 5.0 (MAS 5.0) using Affymetrix default analysis settings.  CEL files were normalized using global scaling with a trimmed mean target intensity of each array arbitrarily set to 600 using the MAS5 algorithm from the simpleaffy package (http://bioconductor.org/packages/2.4/bioc/html/simpleaffy.html).,GPL96,ftp://ftp.ncbi.nlm.nih.gov/geo/samples/GSM615nnn/GSM615308/suppl/GSM615308_U133A_80-FL-111_FL287-577_05_22_06.CEL.gz,22283,Reanalyzed by: GSE205568
GSM615309,GSE25055,M578,GSM615309,Public on May 11 2011,Nov 01 2010,Jun 06 2022,RNA,1,"breast cancer, sample MDACC-M578",Homo sapiens,M578,MDACC,45.0,P,P,N,P,T4,N1,IIIB,3,RD,RCB-III,1,1.845,P,N,SET-Low,Rx Insensitive,High,LumB,RD,RCB-II/III,,"Patients prospectively consented to a research biopsy by fine needle aspiration (FNA) or  core biopsy (CBX) prior to any systemic therapy, and to the future assessment of pathologic  response and/or survival endpoints",total RNA,Total RNA was extracted from tissue using Qiagen Rneasy columns,biotin,A single-round T7 amplification was used to generate biotin-labeled cRNA for hybridization.  At least 1 ug of RNA is required for cRNA synthesis.,9606,"Following fragmentation, 10 ug of cRNA were hybridized overnight at 46C on Affymetrix U133A arrays. GeneChips were washed and stained in the Affymetrix Fluidics Station 400.",GeneChips were scanned using the diagnostic-grade Affymetrix scanner 3000DX,Probe intensities were quantified with Microarray Suite version 5.0 (MAS 5.0) using Affymetrix default analysis settings.  CEL files were normalized using global scaling with a trimmed mean target intensity of each array arbitrarily set to 600 using the MAS5 algorithm from the simpleaffy package (http://bioconductor.org/packages/2.4/bioc/html/simpleaffy.html).,GPL96,ftp://ftp.ncbi.nlm.nih.gov/geo/samples/GSM615nnn/GSM615309/suppl/GSM615309_FL502-578.CEL.gz,22283,Reanalyzed by: GSE205568
GSM615310,GSE25055,M580,GSM615310,Public on May 11 2011,Nov 01 2010,Jun 06 2022,RNA,1,"breast cancer, sample MDACC-M580",Homo sapiens,M580,MDACC,64.0,P,N,N,P,T2,N2,IIIA,3,pCR,RCB-0/I,0,2.338,N,N,SET-Low,Rx Sensitive,High,Basal,pCR,RCB-0/I,,"Patients prospectively consented to a research biopsy by fine needle aspiration (FNA) or  core biopsy (CBX) prior to any systemic therapy, and to the future assessment of pathologic  response and/or survival endpoints",total RNA,Total RNA was extracted from tissue using Qiagen Rneasy columns,biotin,A single-round T7 amplification was used to generate biotin-labeled cRNA for hybridization.  At least 1 ug of RNA is required for cRNA synthesis.,9606,"Following fragmentation, 10 ug of cRNA were hybridized overnight at 46C on Affymetrix U133A arrays. GeneChips were washed and stained in the Affymetrix Fluidics Station 400.",GeneChips were scanned using the diagnostic-grade Affymetrix scanner 3000DX,Probe intensities were quantified with Microarray Suite version 5.0 (MAS 5.0) using Affymetrix default analysis settings.  CEL files were normalized using global scaling with a trimmed mean target intensity of each array arbitrarily set to 600 using the MAS5 algorithm from the simpleaffy package (http://bioconductor.org/packages/2.4/bioc/html/simpleaffy.html).,GPL96,ftp://ftp.ncbi.nlm.nih.gov/geo/samples/GSM615nnn/GSM615310/suppl/GSM615310_U133A_80-FL-112_FL288-580_05_22_06.CEL.gz,22283,Reanalyzed by: GSE205568
GSM615311,GSE25055,M581,GSM615311,Public on May 11 2011,Nov 01 2010,Jun 06 2022,RNA,1,"breast cancer, sample MDACC-M581",Homo sapiens,M581,MDACC,34.0,P,P,N,P,T3,N1,IIIA,2,RD,RCB-II,0,2.694,P,N,SET-Low,Rx Insensitive,High,LumA,RD,RCB-II/III,,"Patients prospectively consented to a research biopsy by fine needle aspiration (FNA) or  core biopsy (CBX) prior to any systemic therapy, and to the future assessment of pathologic  response and/or survival endpoints",total RNA,Total RNA was extracted from tissue using Qiagen Rneasy columns,biotin,A single-round T7 amplification was used to generate biotin-labeled cRNA for hybridization.  At least 1 ug of RNA is required for cRNA synthesis.,9606,"Following fragmentation, 10 ug of cRNA were hybridized overnight at 46C on Affymetrix U133A arrays. GeneChips were washed and stained in the Affymetrix Fluidics Station 400.",GeneChips were scanned using the diagnostic-grade Affymetrix scanner 3000DX,Probe intensities were quantified with Microarray Suite version 5.0 (MAS 5.0) using Affymetrix default analysis settings.  CEL files were normalized using global scaling with a trimmed mean target intensity of each array arbitrarily set to 600 using the MAS5 algorithm from the simpleaffy package (http://bioconductor.org/packages/2.4/bioc/html/simpleaffy.html).,GPL96,ftp://ftp.ncbi.nlm.nih.gov/geo/samples/GSM615nnn/GSM615311/suppl/GSM615311_U133A_80-FL-113_FL289-581_05_22_06.CEL.gz,22283,Reanalyzed by: GSE205568
GSM615312,GSE25055,M583,GSM615312,Public on May 11 2011,Nov 01 2010,Jun 06 2022,RNA,1,"breast cancer, sample MDACC-M583",Homo sapiens,M583,MDACC,51.0,N,P,N,N,T2,N3,IIIB,2,RD,RCB-III,1,1.706,N,N,SET-Low,Rx Insensitive,Low,Basal,RD,RCB-II/III,,"Patients prospectively consented to a research biopsy by fine needle aspiration (FNA) or  core biopsy (CBX) prior to any systemic therapy, and to the future assessment of pathologic  response and/or survival endpoints",total RNA,Total RNA was extracted from tissue using Qiagen Rneasy columns,biotin,A single-round T7 amplification was used to generate biotin-labeled cRNA for hybridization.  At least 1 ug of RNA is required for cRNA synthesis.,9606,"Following fragmentation, 10 ug of cRNA were hybridized overnight at 46C on Affymetrix U133A arrays. GeneChips were washed and stained in the Affymetrix Fluidics Station 400.",GeneChips were scanned using the diagnostic-grade Affymetrix scanner 3000DX,Probe intensities were quantified with Microarray Suite version 5.0 (MAS 5.0) using Affymetrix default analysis settings.  CEL files were normalized using global scaling with a trimmed mean target intensity of each array arbitrarily set to 600 using the MAS5 algorithm from the simpleaffy package (http://bioconductor.org/packages/2.4/bioc/html/simpleaffy.html).,GPL96,ftp://ftp.ncbi.nlm.nih.gov/geo/samples/GSM615nnn/GSM615312/suppl/GSM615312_FL503-583.CEL.gz,22283,Reanalyzed by: GSE205568
GSM615313,GSE25055,M599,GSM615313,Public on May 11 2011,Nov 01 2010,Jun 06 2022,RNA,1,"breast cancer, sample MDACC-M599",Homo sapiens,M599,MDACC,50.0,P,P,N,P,T1,N1,IIA,1,RD,RCB-II,0,2.617,P,N,SET-Int,Rx Sensitive,Low,Normal,RD,RCB-II/III,,"Patients prospectively consented to a research biopsy by fine needle aspiration (FNA) or  core biopsy (CBX) prior to any systemic therapy, and to the future assessment of pathologic  response and/or survival endpoints",total RNA,Total RNA was extracted from tissue using Qiagen Rneasy columns,biotin,A single-round T7 amplification was used to generate biotin-labeled cRNA for hybridization.  At least 1 ug of RNA is required for cRNA synthesis.,9606,"Following fragmentation, 10 ug of cRNA were hybridized overnight at 46C on Affymetrix U133A arrays. GeneChips were washed and stained in the Affymetrix Fluidics Station 400.",GeneChips were scanned using the diagnostic-grade Affymetrix scanner 3000DX,Probe intensities were quantified with Microarray Suite version 5.0 (MAS 5.0) using Affymetrix default analysis settings.  CEL files were normalized using global scaling with a trimmed mean target intensity of each array arbitrarily set to 600 using the MAS5 algorithm from the simpleaffy package (http://bioconductor.org/packages/2.4/bioc/html/simpleaffy.html).,GPL96,ftp://ftp.ncbi.nlm.nih.gov/geo/samples/GSM615nnn/GSM615313/suppl/GSM615313_FL557-599.CEL.gz,22283,Reanalyzed by: GSE205568
GSM615314,GSE25055,M601,GSM615314,Public on May 11 2011,Nov 01 2010,Jun 06 2022,RNA,1,"breast cancer, sample MDACC-M601",Homo sapiens,M601,MDACC,71.0,P,P,N,P,T2,N1,IIB,2,RD,RCB-III,0,2.264,P,N,SET-Low,Rx Insensitive,Low,LumA,RD,RCB-II/III,,"Patients prospectively consented to a research biopsy by fine needle aspiration (FNA) or  core biopsy (CBX) prior to any systemic therapy, and to the future assessment of pathologic  response and/or survival endpoints",total RNA,Total RNA was extracted from tissue using Qiagen Rneasy columns,biotin,A single-round T7 amplification was used to generate biotin-labeled cRNA for hybridization.  At least 1 ug of RNA is required for cRNA synthesis.,9606,"Following fragmentation, 10 ug of cRNA were hybridized overnight at 46C on Affymetrix U133A arrays. GeneChips were washed and stained in the Affymetrix Fluidics Station 400.",GeneChips were scanned using the diagnostic-grade Affymetrix scanner 3000DX,Probe intensities were quantified with Microarray Suite version 5.0 (MAS 5.0) using Affymetrix default analysis settings.  CEL files were normalized using global scaling with a trimmed mean target intensity of each array arbitrarily set to 600 using the MAS5 algorithm from the simpleaffy package (http://bioconductor.org/packages/2.4/bioc/html/simpleaffy.html).,GPL96,ftp://ftp.ncbi.nlm.nih.gov/geo/samples/GSM615nnn/GSM615314/suppl/GSM615314_FL753-601.CEL.gz,22283,Reanalyzed by: GSE205568
GSM615315,GSE25055,M603,GSM615315,Public on May 11 2011,Nov 01 2010,Jun 06 2022,RNA,1,"breast cancer, sample MDACC-M603",Homo sapiens,M603,MDACC,32.0,N,N,N,N,T4,N3,IIIC,3,RD,RCB-II,1,0.890,N,N,SET-Low,Rx Insensitive,High,Basal,pCR,RCB-II/III,,"Patients prospectively consented to a research biopsy by fine needle aspiration (FNA) or  core biopsy (CBX) prior to any systemic therapy, and to the future assessment of pathologic  response and/or survival endpoints",total RNA,Total RNA was extracted from tissue using Qiagen Rneasy columns,biotin,A single-round T7 amplification was used to generate biotin-labeled cRNA for hybridization.  At least 1 ug of RNA is required for cRNA synthesis.,9606,"Following fragmentation, 10 ug of cRNA were hybridized overnight at 46C on Affymetrix U133A arrays. GeneChips were washed and stained in the Affymetrix Fluidics Station 400.",GeneChips were scanned using the diagnostic-grade Affymetrix scanner 3000DX,Probe intensities were quantified with Microarray Suite version 5.0 (MAS 5.0) using Affymetrix default analysis settings.  CEL files were normalized using global scaling with a trimmed mean target intensity of each array arbitrarily set to 600 using the MAS5 algorithm from the simpleaffy package (http://bioconductor.org/packages/2.4/bioc/html/simpleaffy.html).,GPL96,ftp://ftp.ncbi.nlm.nih.gov/geo/samples/GSM615nnn/GSM615315/suppl/GSM615315_U133A_80-FL-118_FL294-603_05_23_06.CEL.gz,22283,Reanalyzed by: GSE205568
GSM615316,GSE25055,M607,GSM615316,Public on May 11 2011,Nov 01 2010,Jun 06 2022,RNA,1,"breast cancer, sample MDACC-M607",Homo sapiens,M607,MDACC,67.0,P,N,N,P,T1,N1,IIA,2,RD,RCB-II,0,1.884,P,N,SET-Low,Rx Insensitive,Low,LumA,RD,RCB-II/III,,"Patients prospectively consented to a research biopsy by fine needle aspiration (FNA) or  core biopsy (CBX) prior to any systemic therapy, and to the future assessment of pathologic  response and/or survival endpoints",total RNA,Total RNA was extracted from tissue using Qiagen Rneasy columns,biotin,A single-round T7 amplification was used to generate biotin-labeled cRNA for hybridization.  At least 1 ug of RNA is required for cRNA synthesis.,9606,"Following fragmentation, 10 ug of cRNA were hybridized overnight at 46C on Affymetrix U133A arrays. GeneChips were washed and stained in the Affymetrix Fluidics Station 400.",GeneChips were scanned using the diagnostic-grade Affymetrix scanner 3000DX,Probe intensities were quantified with Microarray Suite version 5.0 (MAS 5.0) using Affymetrix default analysis settings.  CEL files were normalized using global scaling with a trimmed mean target intensity of each array arbitrarily set to 600 using the MAS5 algorithm from the simpleaffy package (http://bioconductor.org/packages/2.4/bioc/html/simpleaffy.html).,GPL96,ftp://ftp.ncbi.nlm.nih.gov/geo/samples/GSM615nnn/GSM615316/suppl/GSM615316_FL647-607-2.CEL.gz,22283,Reanalyzed by: GSE205568
GSM615317,GSE25055,M608,GSM615317,Public on May 11 2011,Nov 01 2010,Jun 06 2022,RNA,1,"breast cancer, sample MDACC-M608",Homo sapiens,M608,MDACC,47.0,N,N,N,N,T2,N3,IIIC,3,RD,RCB-II,0,2.700,N,N,SET-Low,Rx Insensitive,High,Basal,pCR,RCB-II/III,,"Patients prospectively consented to a research biopsy by fine needle aspiration (FNA) or  core biopsy (CBX) prior to any systemic therapy, and to the future assessment of pathologic  response and/or survival endpoints",total RNA,Total RNA was extracted from tissue using Qiagen Rneasy columns,biotin,A single-round T7 amplification was used to generate biotin-labeled cRNA for hybridization.  At least 1 ug of RNA is required for cRNA synthesis.,9606,"Following fragmentation, 10 ug of cRNA were hybridized overnight at 46C on Affymetrix U133A arrays. GeneChips were washed and stained in the Affymetrix Fluidics Station 400.",GeneChips were scanned using the diagnostic-grade Affymetrix scanner 3000DX,Probe intensities were quantified with Microarray Suite version 5.0 (MAS 5.0) using Affymetrix default analysis settings.  CEL files were normalized using global scaling with a trimmed mean target intensity of each array arbitrarily set to 600 using the MAS5 algorithm from the simpleaffy package (http://bioconductor.org/packages/2.4/bioc/html/simpleaffy.html).,GPL96,ftp://ftp.ncbi.nlm.nih.gov/geo/samples/GSM615nnn/GSM615317/suppl/GSM615317_U133A_80-FL-120_FL296-608_05_23_06.CEL.gz,22283,Reanalyzed by: GSE205568
GSM615318,GSE25055,M610,GSM615318,Public on May 11 2011,Nov 01 2010,Jun 06 2022,RNA,1,"breast cancer, sample MDACC-M610",Homo sapiens,M610,MDACC,47.0,P,P,N,P,T3,N2,IIIA,2,RD,RCB-III,0,2.371,P,N,SET-Low,Rx Insensitive,Low,LumA,RD,RCB-II/III,,"Patients prospectively consented to a research biopsy by fine needle aspiration (FNA) or  core biopsy (CBX) prior to any systemic therapy, and to the future assessment of pathologic  response and/or survival endpoints",total RNA,Total RNA was extracted from tissue using Qiagen Rneasy columns,biotin,A single-round T7 amplification was used to generate biotin-labeled cRNA for hybridization.  At least 1 ug of RNA is required for cRNA synthesis.,9606,"Following fragmentation, 10 ug of cRNA were hybridized overnight at 46C on Affymetrix U133A arrays. GeneChips were washed and stained in the Affymetrix Fluidics Station 400.",GeneChips were scanned using the diagnostic-grade Affymetrix scanner 3000DX,Probe intensities were quantified with Microarray Suite version 5.0 (MAS 5.0) using Affymetrix default analysis settings.  CEL files were normalized using global scaling with a trimmed mean target intensity of each array arbitrarily set to 600 using the MAS5 algorithm from the simpleaffy package (http://bioconductor.org/packages/2.4/bioc/html/simpleaffy.html).,GPL96,ftp://ftp.ncbi.nlm.nih.gov/geo/samples/GSM615nnn/GSM615318/suppl/GSM615318_FL602-610.CEL.gz,22283,Reanalyzed by: GSE205568
GSM615319,GSE25055,M611,GSM615319,Public on May 11 2011,Nov 01 2010,Jun 06 2022,RNA,1,"breast cancer, sample MDACC-M611",Homo sapiens,M611,MDACC,63.0,N,N,N,N,T2,N3,IIIC,3,RD,RCB-II,1,2.278,N,N,SET-Low,Rx Insensitive,Low,Basal,pCR,RCB-II/III,,"Patients prospectively consented to a research biopsy by fine needle aspiration (FNA) or  core biopsy (CBX) prior to any systemic therapy, and to the future assessment of pathologic  response and/or survival endpoints",total RNA,Total RNA was extracted from tissue using Qiagen Rneasy columns,biotin,A single-round T7 amplification was used to generate biotin-labeled cRNA for hybridization.  At least 1 ug of RNA is required for cRNA synthesis.,9606,"Following fragmentation, 10 ug of cRNA were hybridized overnight at 46C on Affymetrix U133A arrays. GeneChips were washed and stained in the Affymetrix Fluidics Station 400.",GeneChips were scanned using the diagnostic-grade Affymetrix scanner 3000DX,Probe intensities were quantified with Microarray Suite version 5.0 (MAS 5.0) using Affymetrix default analysis settings.  CEL files were normalized using global scaling with a trimmed mean target intensity of each array arbitrarily set to 600 using the MAS5 algorithm from the simpleaffy package (http://bioconductor.org/packages/2.4/bioc/html/simpleaffy.html).,GPL96,ftp://ftp.ncbi.nlm.nih.gov/geo/samples/GSM615nnn/GSM615319/suppl/GSM615319_U133A_80-FL-121_FL297-611_05_23_06.CEL.gz,22283,Reanalyzed by: GSE205568
GSM615320,GSE25055,M612,GSM615320,Public on May 11 2011,Nov 01 2010,Jun 06 2022,RNA,1,"breast cancer, sample MDACC-M612",Homo sapiens,M612,MDACC,40.0,N,N,N,N,T2,N2,IIIA,3,RD,RCB-III,1,1.350,N,N,SET-Low,Rx Insensitive,High,Basal,pCR,RCB-II/III,,"Patients prospectively consented to a research biopsy by fine needle aspiration (FNA) or  core biopsy (CBX) prior to any systemic therapy, and to the future assessment of pathologic  response and/or survival endpoints",total RNA,Total RNA was extracted from tissue using Qiagen Rneasy columns,biotin,A single-round T7 amplification was used to generate biotin-labeled cRNA for hybridization.  At least 1 ug of RNA is required for cRNA synthesis.,9606,"Following fragmentation, 10 ug of cRNA were hybridized overnight at 46C on Affymetrix U133A arrays. GeneChips were washed and stained in the Affymetrix Fluidics Station 400.",GeneChips were scanned using the diagnostic-grade Affymetrix scanner 3000DX,Probe intensities were quantified with Microarray Suite version 5.0 (MAS 5.0) using Affymetrix default analysis settings.  CEL files were normalized using global scaling with a trimmed mean target intensity of each array arbitrarily set to 600 using the MAS5 algorithm from the simpleaffy package (http://bioconductor.org/packages/2.4/bioc/html/simpleaffy.html).,GPL96,ftp://ftp.ncbi.nlm.nih.gov/geo/samples/GSM615nnn/GSM615320/suppl/GSM615320_FL690-612.CEL.gz,22283,Reanalyzed by: GSE205568
GSM615321,GSE25055,M617,GSM615321,Public on May 11 2011,Nov 01 2010,Jun 06 2022,RNA,1,"breast cancer, sample MDACC-M617",Homo sapiens,M617,MDACC,50.0,N,N,N,N,T2,N1,IIB,3,RD,RCB-II,0,2.516,N,N,SET-Low,Rx Insensitive,High,Basal,pCR,RCB-II/III,,"Patients prospectively consented to a research biopsy by fine needle aspiration (FNA) or  core biopsy (CBX) prior to any systemic therapy, and to the future assessment of pathologic  response and/or survival endpoints",total RNA,Total RNA was extracted from tissue using Qiagen Rneasy columns,biotin,A single-round T7 amplification was used to generate biotin-labeled cRNA for hybridization.  At least 1 ug of RNA is required for cRNA synthesis.,9606,"Following fragmentation, 10 ug of cRNA were hybridized overnight at 46C on Affymetrix U133A arrays. GeneChips were washed and stained in the Affymetrix Fluidics Station 400.",GeneChips were scanned using the diagnostic-grade Affymetrix scanner 3000DX,Probe intensities were quantified with Microarray Suite version 5.0 (MAS 5.0) using Affymetrix default analysis settings.  CEL files were normalized using global scaling with a trimmed mean target intensity of each array arbitrarily set to 600 using the MAS5 algorithm from the simpleaffy package (http://bioconductor.org/packages/2.4/bioc/html/simpleaffy.html).,GPL96,ftp://ftp.ncbi.nlm.nih.gov/geo/samples/GSM615nnn/GSM615321/suppl/GSM615321_U133A_80-FL-131-FL299-617_06_09_06.CEL.gz,22283,Reanalyzed by: GSE205568
GSM615322,GSE25055,M619,GSM615322,Public on May 11 2011,Nov 01 2010,Jun 06 2022,RNA,1,"breast cancer, sample MDACC-M619",Homo sapiens,M619,MDACC,52.0,N,N,N,N,T4,N2,IIIB,3,RD,RCB-III,1,0.799,N,N,SET-Low,Rx Insensitive,High,Basal,pCR,RCB-II/III,,"Patients prospectively consented to a research biopsy by fine needle aspiration (FNA) or  core biopsy (CBX) prior to any systemic therapy, and to the future assessment of pathologic  response and/or survival endpoints",total RNA,Total RNA was extracted from tissue using Qiagen Rneasy columns,biotin,A single-round T7 amplification was used to generate biotin-labeled cRNA for hybridization.  At least 1 ug of RNA is required for cRNA synthesis.,9606,"Following fragmentation, 10 ug of cRNA were hybridized overnight at 46C on Affymetrix U133A arrays. GeneChips were washed and stained in the Affymetrix Fluidics Station 400.",GeneChips were scanned using the diagnostic-grade Affymetrix scanner 3000DX,Probe intensities were quantified with Microarray Suite version 5.0 (MAS 5.0) using Affymetrix default analysis settings.  CEL files were normalized using global scaling with a trimmed mean target intensity of each array arbitrarily set to 600 using the MAS5 algorithm from the simpleaffy package (http://bioconductor.org/packages/2.4/bioc/html/simpleaffy.html).,GPL96,ftp://ftp.ncbi.nlm.nih.gov/geo/samples/GSM615nnn/GSM615322/suppl/GSM615322_FL678-619.CEL.gz,22283,Reanalyzed by: GSE205568
GSM615323,GSE25055,M624,GSM615323,Public on May 11 2011,Nov 01 2010,Jun 06 2022,RNA,1,"breast cancer, sample MDACC-M624",Homo sapiens,M624,MDACC,32.0,N,N,N,N,T4,N3,IIIC,3,RD,RCB-II,0,1.881,N,N,SET-Low,Rx Insensitive,Low,Normal,RD,RCB-II/III,,"Patients prospectively consented to a research biopsy by fine needle aspiration (FNA) or  core biopsy (CBX) prior to any systemic therapy, and to the future assessment of pathologic  response and/or survival endpoints",total RNA,Total RNA was extracted from tissue using Qiagen Rneasy columns,biotin,A single-round T7 amplification was used to generate biotin-labeled cRNA for hybridization.  At least 1 ug of RNA is required for cRNA synthesis.,9606,"Following fragmentation, 10 ug of cRNA were hybridized overnight at 46C on Affymetrix U133A arrays. GeneChips were washed and stained in the Affymetrix Fluidics Station 400.",GeneChips were scanned using the diagnostic-grade Affymetrix scanner 3000DX,Probe intensities were quantified with Microarray Suite version 5.0 (MAS 5.0) using Affymetrix default analysis settings.  CEL files were normalized using global scaling with a trimmed mean target intensity of each array arbitrarily set to 600 using the MAS5 algorithm from the simpleaffy package (http://bioconductor.org/packages/2.4/bioc/html/simpleaffy.html).,GPL96,ftp://ftp.ncbi.nlm.nih.gov/geo/samples/GSM615nnn/GSM615323/suppl/GSM615323_U133A_80-FL-133-FL301-624_06_09_06.CEL.gz,22283,Reanalyzed by: GSE205568
GSM615324,GSE25055,M625,GSM615324,Public on May 11 2011,Nov 01 2010,Jun 06 2022,RNA,1,"breast cancer, sample MDACC-M625",Homo sapiens,M625,MDACC,49.0,N,N,N,N,T1,N1,IIA,3,pCR,RCB-0/I,0,2.456,N,N,SET-Low,Rx Sensitive,High,Basal,pCR,RCB-0/I,,"Patients prospectively consented to a research biopsy by fine needle aspiration (FNA) or  core biopsy (CBX) prior to any systemic therapy, and to the future assessment of pathologic  response and/or survival endpoints",total RNA,Total RNA was extracted from tissue using Qiagen Rneasy columns,biotin,A single-round T7 amplification was used to generate biotin-labeled cRNA for hybridization.  At least 1 ug of RNA is required for cRNA synthesis.,9606,"Following fragmentation, 10 ug of cRNA were hybridized overnight at 46C on Affymetrix U133A arrays. GeneChips were washed and stained in the Affymetrix Fluidics Station 400.",GeneChips were scanned using the diagnostic-grade Affymetrix scanner 3000DX,Probe intensities were quantified with Microarray Suite version 5.0 (MAS 5.0) using Affymetrix default analysis settings.  CEL files were normalized using global scaling with a trimmed mean target intensity of each array arbitrarily set to 600 using the MAS5 algorithm from the simpleaffy package (http://bioconductor.org/packages/2.4/bioc/html/simpleaffy.html).,GPL96,ftp://ftp.ncbi.nlm.nih.gov/geo/samples/GSM615nnn/GSM615324/suppl/GSM615324_U133A_80-FL-096_FL272-625_05_11_06.CEL.gz,22283,Reanalyzed by: GSE205568
GSM615325,GSE25055,M635,GSM615325,Public on May 11 2011,Nov 01 2010,Jun 06 2022,RNA,1,"breast cancer, sample MDACC-M635",Homo sapiens,M635,MDACC,43.0,N,N,N,N,T1,N3,IIIC,3,pCR,RCB-0/I,0,2.146,N,N,SET-Low,Rx Sensitive,High,Basal,pCR,RCB-0/I,,"Patients prospectively consented to a research biopsy by fine needle aspiration (FNA) or  core biopsy (CBX) prior to any systemic therapy, and to the future assessment of pathologic  response and/or survival endpoints",total RNA,Total RNA was extracted from tissue using Qiagen Rneasy columns,biotin,A single-round T7 amplification was used to generate biotin-labeled cRNA for hybridization.  At least 1 ug of RNA is required for cRNA synthesis.,9606,"Following fragmentation, 10 ug of cRNA were hybridized overnight at 46C on Affymetrix U133A arrays. GeneChips were washed and stained in the Affymetrix Fluidics Station 400.",GeneChips were scanned using the diagnostic-grade Affymetrix scanner 3000DX,Probe intensities were quantified with Microarray Suite version 5.0 (MAS 5.0) using Affymetrix default analysis settings.  CEL files were normalized using global scaling with a trimmed mean target intensity of each array arbitrarily set to 600 using the MAS5 algorithm from the simpleaffy package (http://bioconductor.org/packages/2.4/bioc/html/simpleaffy.html).,GPL96,ftp://ftp.ncbi.nlm.nih.gov/geo/samples/GSM615nnn/GSM615325/suppl/GSM615325_U133A_80-FL-135-FL303-635_06_15_06.CEL.gz,22283,Reanalyzed by: GSE205568
GSM615326,GSE25055,M636,GSM615326,Public on May 11 2011,Nov 01 2010,Jun 06 2022,RNA,1,"breast cancer, sample MDACC-M636",Homo sapiens,M636,MDACC,57.0,P,N,N,P,T2,N0,IIA,3,RD,RCB-II,0,2.480,N,N,SET-Low,Rx Insensitive,High,Basal,pCR,RCB-II/III,,"Patients prospectively consented to a research biopsy by fine needle aspiration (FNA) or  core biopsy (CBX) prior to any systemic therapy, and to the future assessment of pathologic  response and/or survival endpoints",total RNA,Total RNA was extracted from tissue using Qiagen Rneasy columns,biotin,A single-round T7 amplification was used to generate biotin-labeled cRNA for hybridization.  At least 1 ug of RNA is required for cRNA synthesis.,9606,"Following fragmentation, 10 ug of cRNA were hybridized overnight at 46C on Affymetrix U133A arrays. GeneChips were washed and stained in the Affymetrix Fluidics Station 400.",GeneChips were scanned using the diagnostic-grade Affymetrix scanner 3000DX,Probe intensities were quantified with Microarray Suite version 5.0 (MAS 5.0) using Affymetrix default analysis settings.  CEL files were normalized using global scaling with a trimmed mean target intensity of each array arbitrarily set to 600 using the MAS5 algorithm from the simpleaffy package (http://bioconductor.org/packages/2.4/bioc/html/simpleaffy.html).,GPL96,ftp://ftp.ncbi.nlm.nih.gov/geo/samples/GSM615nnn/GSM615326/suppl/GSM615326_U133A_80-FL-136-FL304-636_06_15_06.CEL.gz,22283,Reanalyzed by: GSE205568
GSM615327,GSE25055,M639,GSM615327,Public on May 11 2011,Nov 01 2010,Jun 06 2022,RNA,1,"breast cancer, sample MDACC-M639",Homo sapiens,M639,MDACC,65.0,N,N,N,N,T3,N0,IIB,3,RD,RCB-II,1,2.533,N,N,SET-Low,Rx Insensitive,High,Basal,pCR,RCB-II/III,,"Patients prospectively consented to a research biopsy by fine needle aspiration (FNA) or  core biopsy (CBX) prior to any systemic therapy, and to the future assessment of pathologic  response and/or survival endpoints",total RNA,Total RNA was extracted from tissue using Qiagen Rneasy columns,biotin,A single-round T7 amplification was used to generate biotin-labeled cRNA for hybridization.  At least 1 ug of RNA is required for cRNA synthesis.,9606,"Following fragmentation, 10 ug of cRNA were hybridized overnight at 46C on Affymetrix U133A arrays. GeneChips were washed and stained in the Affymetrix Fluidics Station 400.",GeneChips were scanned using the diagnostic-grade Affymetrix scanner 3000DX,Probe intensities were quantified with Microarray Suite version 5.0 (MAS 5.0) using Affymetrix default analysis settings.  CEL files were normalized using global scaling with a trimmed mean target intensity of each array arbitrarily set to 600 using the MAS5 algorithm from the simpleaffy package (http://bioconductor.org/packages/2.4/bioc/html/simpleaffy.html).,GPL96,ftp://ftp.ncbi.nlm.nih.gov/geo/samples/GSM615nnn/GSM615327/suppl/GSM615327_FL779-639.CEL.gz,22283,Reanalyzed by: GSE205568
GSM615328,GSE25055,M642,GSM615328,Public on May 11 2011,Nov 01 2010,Jun 06 2022,RNA,1,"breast cancer, sample MDACC-M642",Homo sapiens,M642,MDACC,45.0,P,P,N,P,T4,N2,IIIB,2,RD,RCB-III,0,2.357,P,N,SET-Low,Rx Insensitive,Low,LumA,RD,RCB-II/III,,"Patients prospectively consented to a research biopsy by fine needle aspiration (FNA) or  core biopsy (CBX) prior to any systemic therapy, and to the future assessment of pathologic  response and/or survival endpoints",total RNA,Total RNA was extracted from tissue using Qiagen Rneasy columns,biotin,A single-round T7 amplification was used to generate biotin-labeled cRNA for hybridization.  At least 1 ug of RNA is required for cRNA synthesis.,9606,"Following fragmentation, 10 ug of cRNA were hybridized overnight at 46C on Affymetrix U133A arrays. GeneChips were washed and stained in the Affymetrix Fluidics Station 400.",GeneChips were scanned using the diagnostic-grade Affymetrix scanner 3000DX,Probe intensities were quantified with Microarray Suite version 5.0 (MAS 5.0) using Affymetrix default analysis settings.  CEL files were normalized using global scaling with a trimmed mean target intensity of each array arbitrarily set to 600 using the MAS5 algorithm from the simpleaffy package (http://bioconductor.org/packages/2.4/bioc/html/simpleaffy.html).,GPL96,ftp://ftp.ncbi.nlm.nih.gov/geo/samples/GSM615nnn/GSM615328/suppl/GSM615328_FL786_642.CEL.gz,22283,Reanalyzed by: GSE205568
GSM615329,GSE25055,M643,GSM615329,Public on May 11 2011,Nov 01 2010,Jun 06 2022,RNA,1,"breast cancer, sample MDACC-M643",Homo sapiens,M643,MDACC,41.0,P,P,N,P,T2,N0,IIA,2,RD,RCB-III,0,2.059,P,N,SET-Low,Rx Insensitive,Low,LumA,RD,RCB-II/III,,"Patients prospectively consented to a research biopsy by fine needle aspiration (FNA) or  core biopsy (CBX) prior to any systemic therapy, and to the future assessment of pathologic  response and/or survival endpoints",total RNA,Total RNA was extracted from tissue using Qiagen Rneasy columns,biotin,A single-round T7 amplification was used to generate biotin-labeled cRNA for hybridization.  At least 1 ug of RNA is required for cRNA synthesis.,9606,"Following fragmentation, 10 ug of cRNA were hybridized overnight at 46C on Affymetrix U133A arrays. GeneChips were washed and stained in the Affymetrix Fluidics Station 400.",GeneChips were scanned using the diagnostic-grade Affymetrix scanner 3000DX,Probe intensities were quantified with Microarray Suite version 5.0 (MAS 5.0) using Affymetrix default analysis settings.  CEL files were normalized using global scaling with a trimmed mean target intensity of each array arbitrarily set to 600 using the MAS5 algorithm from the simpleaffy package (http://bioconductor.org/packages/2.4/bioc/html/simpleaffy.html).,GPL96,ftp://ftp.ncbi.nlm.nih.gov/geo/samples/GSM615nnn/GSM615329/suppl/GSM615329_FL797-643.CEL.gz,22283,Reanalyzed by: GSE205568
GSM615330,GSE25055,M647,GSM615330,Public on May 11 2011,Nov 01 2010,Jun 06 2022,RNA,1,"breast cancer, sample MDACC-M647",Homo sapiens,M647,MDACC,65.0,N,N,N,N,T3,N1,IIIA,3,RD,RCB-III,1,0.797,P,N,SET-Low,Rx Insensitive,High,Basal,RD,RCB-0/I,,"Patients prospectively consented to a research biopsy by fine needle aspiration (FNA) or  core biopsy (CBX) prior to any systemic therapy, and to the future assessment of pathologic  response and/or survival endpoints",total RNA,Total RNA was extracted from tissue using Qiagen Rneasy columns,biotin,A single-round T7 amplification was used to generate biotin-labeled cRNA for hybridization.  At least 1 ug of RNA is required for cRNA synthesis.,9606,"Following fragmentation, 10 ug of cRNA were hybridized overnight at 46C on Affymetrix U133A arrays. GeneChips were washed and stained in the Affymetrix Fluidics Station 400.",GeneChips were scanned using the diagnostic-grade Affymetrix scanner 3000DX,Probe intensities were quantified with Microarray Suite version 5.0 (MAS 5.0) using Affymetrix default analysis settings.  CEL files were normalized using global scaling with a trimmed mean target intensity of each array arbitrarily set to 600 using the MAS5 algorithm from the simpleaffy package (http://bioconductor.org/packages/2.4/bioc/html/simpleaffy.html).,GPL96,ftp://ftp.ncbi.nlm.nih.gov/geo/samples/GSM615nnn/GSM615330/suppl/GSM615330_FL688-647.CEL.gz,22283,Reanalyzed by: GSE205568
GSM615331,GSE25055,M651,GSM615331,Public on May 11 2011,Nov 01 2010,Jun 06 2022,RNA,1,"breast cancer, sample MDACC-M651",Homo sapiens,M651,MDACC,61.0,P,P,N,P,T2,N1,IIB,3,pCR,RCB-0/I,0,2.188,P,N,SET-Low,Rx Sensitive,High,Basal,RD,RCB-0/I,,"Patients prospectively consented to a research biopsy by fine needle aspiration (FNA) or  core biopsy (CBX) prior to any systemic therapy, and to the future assessment of pathologic  response and/or survival endpoints",total RNA,Total RNA was extracted from tissue using Qiagen Rneasy columns,biotin,A single-round T7 amplification was used to generate biotin-labeled cRNA for hybridization.  At least 1 ug of RNA is required for cRNA synthesis.,9606,"Following fragmentation, 10 ug of cRNA were hybridized overnight at 46C on Affymetrix U133A arrays. GeneChips were washed and stained in the Affymetrix Fluidics Station 400.",GeneChips were scanned using the diagnostic-grade Affymetrix scanner 3000DX,Probe intensities were quantified with Microarray Suite version 5.0 (MAS 5.0) using Affymetrix default analysis settings.  CEL files were normalized using global scaling with a trimmed mean target intensity of each array arbitrarily set to 600 using the MAS5 algorithm from the simpleaffy package (http://bioconductor.org/packages/2.4/bioc/html/simpleaffy.html).,GPL96,ftp://ftp.ncbi.nlm.nih.gov/geo/samples/GSM615nnn/GSM615331/suppl/GSM615331_FL604-651.CEL.gz,22283,Reanalyzed by: GSE205568
GSM615332,GSE25055,M652,GSM615332,Public on May 11 2011,Nov 01 2010,Jun 06 2022,RNA,1,"breast cancer, sample MDACC-M652",Homo sapiens,M652,MDACC,66.0,P,N,N,P,T2,N1,IIB,2,RD,RCB-II,1,1.437,P,N,SET-Low,Rx Insensitive,High,LumB,RD,RCB-II/III,,"Patients prospectively consented to a research biopsy by fine needle aspiration (FNA) or  core biopsy (CBX) prior to any systemic therapy, and to the future assessment of pathologic  response and/or survival endpoints",total RNA,Total RNA was extracted from tissue using Qiagen Rneasy columns,biotin,A single-round T7 amplification was used to generate biotin-labeled cRNA for hybridization.  At least 1 ug of RNA is required for cRNA synthesis.,9606,"Following fragmentation, 10 ug of cRNA were hybridized overnight at 46C on Affymetrix U133A arrays. GeneChips were washed and stained in the Affymetrix Fluidics Station 400.",GeneChips were scanned using the diagnostic-grade Affymetrix scanner 3000DX,Probe intensities were quantified with Microarray Suite version 5.0 (MAS 5.0) using Affymetrix default analysis settings.  CEL files were normalized using global scaling with a trimmed mean target intensity of each array arbitrarily set to 600 using the MAS5 algorithm from the simpleaffy package (http://bioconductor.org/packages/2.4/bioc/html/simpleaffy.html).,GPL96,ftp://ftp.ncbi.nlm.nih.gov/geo/samples/GSM615nnn/GSM615332/suppl/GSM615332_FL605-652.CEL.gz,22283,Reanalyzed by: GSE205568
GSM615333,GSE25055,M657,GSM615333,Public on May 11 2011,Nov 01 2010,Jun 06 2022,RNA,1,"breast cancer, sample MDACC-M657",Homo sapiens,M657,MDACC,48.0,N,P,N,N,T1,N0,I,2,RD,RCB-0/I,0,2.234,N,N,SET-Low,Rx Insensitive,High,Basal,pCR,RCB-0/I,,"Patients prospectively consented to a research biopsy by fine needle aspiration (FNA) or  core biopsy (CBX) prior to any systemic therapy, and to the future assessment of pathologic  response and/or survival endpoints",total RNA,Total RNA was extracted from tissue using Qiagen Rneasy columns,biotin,A single-round T7 amplification was used to generate biotin-labeled cRNA for hybridization.  At least 1 ug of RNA is required for cRNA synthesis.,9606,"Following fragmentation, 10 ug of cRNA were hybridized overnight at 46C on Affymetrix U133A arrays. GeneChips were washed and stained in the Affymetrix Fluidics Station 400.",GeneChips were scanned using the diagnostic-grade Affymetrix scanner 3000DX,Probe intensities were quantified with Microarray Suite version 5.0 (MAS 5.0) using Affymetrix default analysis settings.  CEL files were normalized using global scaling with a trimmed mean target intensity of each array arbitrarily set to 600 using the MAS5 algorithm from the simpleaffy package (http://bioconductor.org/packages/2.4/bioc/html/simpleaffy.html).,GPL96,ftp://ftp.ncbi.nlm.nih.gov/geo/samples/GSM615nnn/GSM615333/suppl/GSM615333_FL756-657.CEL.gz,22283,Reanalyzed by: GSE205568
GSM615334,GSE25055,M658,GSM615334,Public on May 11 2011,Nov 01 2010,Jun 06 2022,RNA,1,"breast cancer, sample MDACC-M658",Homo sapiens,M658,MDACC,61.0,N,N,N,N,T3,N3,IIIB,3,pCR,RCB-0/I,0,2.198,N,N,SET-Low,Rx Sensitive,High,Basal,pCR,RCB-0/I,,"Patients prospectively consented to a research biopsy by fine needle aspiration (FNA) or  core biopsy (CBX) prior to any systemic therapy, and to the future assessment of pathologic  response and/or survival endpoints",total RNA,Total RNA was extracted from tissue using Qiagen Rneasy columns,biotin,A single-round T7 amplification was used to generate biotin-labeled cRNA for hybridization.  At least 1 ug of RNA is required for cRNA synthesis.,9606,"Following fragmentation, 10 ug of cRNA were hybridized overnight at 46C on Affymetrix U133A arrays. GeneChips were washed and stained in the Affymetrix Fluidics Station 400.",GeneChips were scanned using the diagnostic-grade Affymetrix scanner 3000DX,Probe intensities were quantified with Microarray Suite version 5.0 (MAS 5.0) using Affymetrix default analysis settings.  CEL files were normalized using global scaling with a trimmed mean target intensity of each array arbitrarily set to 600 using the MAS5 algorithm from the simpleaffy package (http://bioconductor.org/packages/2.4/bioc/html/simpleaffy.html).,GPL96,ftp://ftp.ncbi.nlm.nih.gov/geo/samples/GSM615nnn/GSM615334/suppl/GSM615334_FL606-658.CEL.gz,22283,Reanalyzed by: GSE205568
GSM615335,GSE25055,M659,GSM615335,Public on May 11 2011,Nov 01 2010,Jun 06 2022,RNA,1,"breast cancer, sample MDACC-M659",Homo sapiens,M659,MDACC,51.0,N,N,N,N,T2,N1,IIB,3,RD,RCB-III,1,0.923,N,N,SET-Low,Rx Insensitive,High,Basal,pCR,RCB-II/III,,"Patients prospectively consented to a research biopsy by fine needle aspiration (FNA) or  core biopsy (CBX) prior to any systemic therapy, and to the future assessment of pathologic  response and/or survival endpoints",total RNA,Total RNA was extracted from tissue using Qiagen Rneasy columns,biotin,A single-round T7 amplification was used to generate biotin-labeled cRNA for hybridization.  At least 1 ug of RNA is required for cRNA synthesis.,9606,"Following fragmentation, 10 ug of cRNA were hybridized overnight at 46C on Affymetrix U133A arrays. GeneChips were washed and stained in the Affymetrix Fluidics Station 400.",GeneChips were scanned using the diagnostic-grade Affymetrix scanner 3000DX,Probe intensities were quantified with Microarray Suite version 5.0 (MAS 5.0) using Affymetrix default analysis settings.  CEL files were normalized using global scaling with a trimmed mean target intensity of each array arbitrarily set to 600 using the MAS5 algorithm from the simpleaffy package (http://bioconductor.org/packages/2.4/bioc/html/simpleaffy.html).,GPL96,ftp://ftp.ncbi.nlm.nih.gov/geo/samples/GSM615nnn/GSM615335/suppl/GSM615335_FL827-659.CEL.gz,22283,Reanalyzed by: GSE205568
GSM615336,GSE25055,M661,GSM615336,Public on May 11 2011,Nov 01 2010,Jun 06 2022,RNA,1,"breast cancer, sample MDACC-M661",Homo sapiens,M661,MDACC,49.0,N,N,N,N,T2,N1,IIB,3,pCR,RCB-0/I,0,2.261,N,N,SET-Low,Rx Sensitive,High,Basal,pCR,RCB-0/I,,"Patients prospectively consented to a research biopsy by fine needle aspiration (FNA) or  core biopsy (CBX) prior to any systemic therapy, and to the future assessment of pathologic  response and/or survival endpoints",total RNA,Total RNA was extracted from tissue using Qiagen Rneasy columns,biotin,A single-round T7 amplification was used to generate biotin-labeled cRNA for hybridization.  At least 1 ug of RNA is required for cRNA synthesis.,9606,"Following fragmentation, 10 ug of cRNA were hybridized overnight at 46C on Affymetrix U133A arrays. GeneChips were washed and stained in the Affymetrix Fluidics Station 400.",GeneChips were scanned using the diagnostic-grade Affymetrix scanner 3000DX,Probe intensities were quantified with Microarray Suite version 5.0 (MAS 5.0) using Affymetrix default analysis settings.  CEL files were normalized using global scaling with a trimmed mean target intensity of each array arbitrarily set to 600 using the MAS5 algorithm from the simpleaffy package (http://bioconductor.org/packages/2.4/bioc/html/simpleaffy.html).,GPL96,ftp://ftp.ncbi.nlm.nih.gov/geo/samples/GSM615nnn/GSM615336/suppl/GSM615336_FL679-661.CEL.gz,22283,Reanalyzed by: GSE205568
GSM615337,GSE25055,M662,GSM615337,Public on May 11 2011,Nov 01 2010,Jun 06 2022,RNA,1,"breast cancer, sample MDACC-M662",Homo sapiens,M662,MDACC,46.0,P,P,N,P,T2,N1,IIB,2,RD,RCB-II,0,2.182,P,N,SET-Low,Rx Insensitive,Low,LumA,RD,RCB-II/III,,"Patients prospectively consented to a research biopsy by fine needle aspiration (FNA) or  core biopsy (CBX) prior to any systemic therapy, and to the future assessment of pathologic  response and/or survival endpoints",total RNA,Total RNA was extracted from tissue using Qiagen Rneasy columns,biotin,A single-round T7 amplification was used to generate biotin-labeled cRNA for hybridization.  At least 1 ug of RNA is required for cRNA synthesis.,9606,"Following fragmentation, 10 ug of cRNA were hybridized overnight at 46C on Affymetrix U133A arrays. GeneChips were washed and stained in the Affymetrix Fluidics Station 400.",GeneChips were scanned using the diagnostic-grade Affymetrix scanner 3000DX,Probe intensities were quantified with Microarray Suite version 5.0 (MAS 5.0) using Affymetrix default analysis settings.  CEL files were normalized using global scaling with a trimmed mean target intensity of each array arbitrarily set to 600 using the MAS5 algorithm from the simpleaffy package (http://bioconductor.org/packages/2.4/bioc/html/simpleaffy.html).,GPL96,ftp://ftp.ncbi.nlm.nih.gov/geo/samples/GSM615nnn/GSM615337/suppl/GSM615337_FL577-662.CEL.gz,22283,Reanalyzed by: GSE205568
GSM615338,GSE25055,M665,GSM615338,Public on May 11 2011,Nov 01 2010,Jun 06 2022,RNA,1,"breast cancer, sample MDACC-M665",Homo sapiens,M665,MDACC,57.0,N,N,N,N,T2,N1,IIB,3,pCR,RCB-0/I,0,2.064,N,N,SET-Low,Rx Sensitive,High,Basal,pCR,RCB-0/I,,"Patients prospectively consented to a research biopsy by fine needle aspiration (FNA) or  core biopsy (CBX) prior to any systemic therapy, and to the future assessment of pathologic  response and/or survival endpoints",total RNA,Total RNA was extracted from tissue using Qiagen Rneasy columns,biotin,A single-round T7 amplification was used to generate biotin-labeled cRNA for hybridization.  At least 1 ug of RNA is required for cRNA synthesis.,9606,"Following fragmentation, 10 ug of cRNA were hybridized overnight at 46C on Affymetrix U133A arrays. GeneChips were washed and stained in the Affymetrix Fluidics Station 400.",GeneChips were scanned using the diagnostic-grade Affymetrix scanner 3000DX,Probe intensities were quantified with Microarray Suite version 5.0 (MAS 5.0) using Affymetrix default analysis settings.  CEL files were normalized using global scaling with a trimmed mean target intensity of each array arbitrarily set to 600 using the MAS5 algorithm from the simpleaffy package (http://bioconductor.org/packages/2.4/bioc/html/simpleaffy.html).,GPL96,ftp://ftp.ncbi.nlm.nih.gov/geo/samples/GSM615nnn/GSM615338/suppl/GSM615338_FL780-665.CEL.gz,22283,Reanalyzed by: GSE205568
GSM615339,GSE25055,M666,GSM615339,Public on May 11 2011,Nov 01 2010,Jun 06 2022,RNA,1,"breast cancer, sample MDACC-M666",Homo sapiens,M666,MDACC,58.0,P,P,N,P,T2,N0,IIA,2,RD,RCB-0/I,0,2.171,P,N,SET-Low,Rx Sensitive,Low,LumA,RD,RCB-0/I,,"Patients prospectively consented to a research biopsy by fine needle aspiration (FNA) or  core biopsy (CBX) prior to any systemic therapy, and to the future assessment of pathologic  response and/or survival endpoints",total RNA,Total RNA was extracted from tissue using Qiagen Rneasy columns,biotin,A single-round T7 amplification was used to generate biotin-labeled cRNA for hybridization.  At least 1 ug of RNA is required for cRNA synthesis.,9606,"Following fragmentation, 10 ug of cRNA were hybridized overnight at 46C on Affymetrix U133A arrays. GeneChips were washed and stained in the Affymetrix Fluidics Station 400.",GeneChips were scanned using the diagnostic-grade Affymetrix scanner 3000DX,Probe intensities were quantified with Microarray Suite version 5.0 (MAS 5.0) using Affymetrix default analysis settings.  CEL files were normalized using global scaling with a trimmed mean target intensity of each array arbitrarily set to 600 using the MAS5 algorithm from the simpleaffy package (http://bioconductor.org/packages/2.4/bioc/html/simpleaffy.html).,GPL96,ftp://ftp.ncbi.nlm.nih.gov/geo/samples/GSM615nnn/GSM615339/suppl/GSM615339_FL559-666.CEL.gz,22283,Reanalyzed by: GSE205568
GSM615340,GSE25055,M668,GSM615340,Public on May 11 2011,Nov 01 2010,Jun 06 2022,RNA,1,"breast cancer, sample MDACC-M668",Homo sapiens,M668,MDACC,50.0,P,P,N,P,T3,N2,IIIA,3,RD,RCB-II,0,2.094,N,N,SET-Low,Rx Insensitive,High,Her2,RD,RCB-II/III,,"Patients prospectively consented to a research biopsy by fine needle aspiration (FNA) or  core biopsy (CBX) prior to any systemic therapy, and to the future assessment of pathologic  response and/or survival endpoints",total RNA,Total RNA was extracted from tissue using Qiagen Rneasy columns,biotin,A single-round T7 amplification was used to generate biotin-labeled cRNA for hybridization.  At least 1 ug of RNA is required for cRNA synthesis.,9606,"Following fragmentation, 10 ug of cRNA were hybridized overnight at 46C on Affymetrix U133A arrays. GeneChips were washed and stained in the Affymetrix Fluidics Station 400.",GeneChips were scanned using the diagnostic-grade Affymetrix scanner 3000DX,Probe intensities were quantified with Microarray Suite version 5.0 (MAS 5.0) using Affymetrix default analysis settings.  CEL files were normalized using global scaling with a trimmed mean target intensity of each array arbitrarily set to 600 using the MAS5 algorithm from the simpleaffy package (http://bioconductor.org/packages/2.4/bioc/html/simpleaffy.html).,GPL96,ftp://ftp.ncbi.nlm.nih.gov/geo/samples/GSM615nnn/GSM615340/suppl/GSM615340_FL680-668.CEL.gz,22283,Reanalyzed by: GSE205568
GSM615341,GSE25055,M669,GSM615341,Public on May 11 2011,Nov 01 2010,Jun 06 2022,RNA,1,"breast cancer, sample MDACC-M669",Homo sapiens,M669,MDACC,47.0,P,P,N,P,T2,N1,IIB,2,RD,RCB-II,0,2.223,P,N,SET-Int,Rx Sensitive,Low,LumA,RD,RCB-II/III,,"Patients prospectively consented to a research biopsy by fine needle aspiration (FNA) or  core biopsy (CBX) prior to any systemic therapy, and to the future assessment of pathologic  response and/or survival endpoints",total RNA,Total RNA was extracted from tissue using Qiagen Rneasy columns,biotin,A single-round T7 amplification was used to generate biotin-labeled cRNA for hybridization.  At least 1 ug of RNA is required for cRNA synthesis.,9606,"Following fragmentation, 10 ug of cRNA were hybridized overnight at 46C on Affymetrix U133A arrays. GeneChips were washed and stained in the Affymetrix Fluidics Station 400.",GeneChips were scanned using the diagnostic-grade Affymetrix scanner 3000DX,Probe intensities were quantified with Microarray Suite version 5.0 (MAS 5.0) using Affymetrix default analysis settings.  CEL files were normalized using global scaling with a trimmed mean target intensity of each array arbitrarily set to 600 using the MAS5 algorithm from the simpleaffy package (http://bioconductor.org/packages/2.4/bioc/html/simpleaffy.html).,GPL96,ftp://ftp.ncbi.nlm.nih.gov/geo/samples/GSM615nnn/GSM615341/suppl/GSM615341_FL578-669.CEL.gz,22283,Reanalyzed by: GSE205568
GSM615342,GSE25055,M670,GSM615342,Public on May 11 2011,Nov 01 2010,Jun 06 2022,RNA,1,"breast cancer, sample MDACC-M670",Homo sapiens,M670,MDACC,43.0,N,N,N,N,T2,N1,IIB,2,RD,RCB-II,0,1.958,N,N,SET-Low,Rx Insensitive,High,Her2,pCR,RCB-II/III,,"Patients prospectively consented to a research biopsy by fine needle aspiration (FNA) or  core biopsy (CBX) prior to any systemic therapy, and to the future assessment of pathologic  response and/or survival endpoints",total RNA,Total RNA was extracted from tissue using Qiagen Rneasy columns,biotin,A single-round T7 amplification was used to generate biotin-labeled cRNA for hybridization.  At least 1 ug of RNA is required for cRNA synthesis.,9606,"Following fragmentation, 10 ug of cRNA were hybridized overnight at 46C on Affymetrix U133A arrays. GeneChips were washed and stained in the Affymetrix Fluidics Station 400.",GeneChips were scanned using the diagnostic-grade Affymetrix scanner 3000DX,Probe intensities were quantified with Microarray Suite version 5.0 (MAS 5.0) using Affymetrix default analysis settings.  CEL files were normalized using global scaling with a trimmed mean target intensity of each array arbitrarily set to 600 using the MAS5 algorithm from the simpleaffy package (http://bioconductor.org/packages/2.4/bioc/html/simpleaffy.html).,GPL96,ftp://ftp.ncbi.nlm.nih.gov/geo/samples/GSM615nnn/GSM615342/suppl/GSM615342_FL781-670.CEL.gz,22283,Reanalyzed by: GSE205568
GSM615343,GSE25055,M671,GSM615343,Public on May 11 2011,Nov 01 2010,Jun 06 2022,RNA,1,"breast cancer, sample MDACC-M671",Homo sapiens,M671,MDACC,30.0,P,P,N,P,T1,N1,IIA,3,RD,RCB-II,0,1.845,P,N,SET-Low,Rx Insensitive,High,LumB,RD,RCB-II/III,,"Patients prospectively consented to a research biopsy by fine needle aspiration (FNA) or  core biopsy (CBX) prior to any systemic therapy, and to the future assessment of pathologic  response and/or survival endpoints",total RNA,Total RNA was extracted from tissue using Qiagen Rneasy columns,biotin,A single-round T7 amplification was used to generate biotin-labeled cRNA for hybridization.  At least 1 ug of RNA is required for cRNA synthesis.,9606,"Following fragmentation, 10 ug of cRNA were hybridized overnight at 46C on Affymetrix U133A arrays. GeneChips were washed and stained in the Affymetrix Fluidics Station 400.",GeneChips were scanned using the diagnostic-grade Affymetrix scanner 3000DX,Probe intensities were quantified with Microarray Suite version 5.0 (MAS 5.0) using Affymetrix default analysis settings.  CEL files were normalized using global scaling with a trimmed mean target intensity of each array arbitrarily set to 600 using the MAS5 algorithm from the simpleaffy package (http://bioconductor.org/packages/2.4/bioc/html/simpleaffy.html).,GPL96,ftp://ftp.ncbi.nlm.nih.gov/geo/samples/GSM615nnn/GSM615343/suppl/GSM615343_FL560-671.CEL.gz,22283,Reanalyzed by: GSE205568
GSM615344,GSE25055,M673,GSM615344,Public on May 11 2011,Nov 01 2010,Jun 06 2022,RNA,1,"breast cancer, sample MDACC-M673",Homo sapiens,M673,MDACC,58.0,N,N,N,N,T2,N3,IIIB,3,RD,RCB-II,1,1.377,N,N,SET-Low,Rx Insensitive,Low,Normal,pCR,RCB-II/III,,"Patients prospectively consented to a research biopsy by fine needle aspiration (FNA) or  core biopsy (CBX) prior to any systemic therapy, and to the future assessment of pathologic  response and/or survival endpoints",total RNA,Total RNA was extracted from tissue using Qiagen Rneasy columns,biotin,A single-round T7 amplification was used to generate biotin-labeled cRNA for hybridization.  At least 1 ug of RNA is required for cRNA synthesis.,9606,"Following fragmentation, 10 ug of cRNA were hybridized overnight at 46C on Affymetrix U133A arrays. GeneChips were washed and stained in the Affymetrix Fluidics Station 400.",GeneChips were scanned using the diagnostic-grade Affymetrix scanner 3000DX,Probe intensities were quantified with Microarray Suite version 5.0 (MAS 5.0) using Affymetrix default analysis settings.  CEL files were normalized using global scaling with a trimmed mean target intensity of each array arbitrarily set to 600 using the MAS5 algorithm from the simpleaffy package (http://bioconductor.org/packages/2.4/bioc/html/simpleaffy.html).,GPL96,ftp://ftp.ncbi.nlm.nih.gov/geo/samples/GSM615nnn/GSM615344/suppl/GSM615344_FL689-673.CEL.gz,22283,Reanalyzed by: GSE205568
GSM615345,GSE25055,M675,GSM615345,Public on May 11 2011,Nov 01 2010,Jun 06 2022,RNA,1,"breast cancer, sample MDACC-M675",Homo sapiens,M675,MDACC,64.0,N,N,N,N,T2,N1,IIB,2,RD,RCB-III,0,2.059,P,N,SET-Low,Rx Insensitive,High,LumB,RD,RCB-II/III,,"Patients prospectively consented to a research biopsy by fine needle aspiration (FNA) or  core biopsy (CBX) prior to any systemic therapy, and to the future assessment of pathologic  response and/or survival endpoints",total RNA,Total RNA was extracted from tissue using Qiagen Rneasy columns,biotin,A single-round T7 amplification was used to generate biotin-labeled cRNA for hybridization.  At least 1 ug of RNA is required for cRNA synthesis.,9606,"Following fragmentation, 10 ug of cRNA were hybridized overnight at 46C on Affymetrix U133A arrays. GeneChips were washed and stained in the Affymetrix Fluidics Station 400.",GeneChips were scanned using the diagnostic-grade Affymetrix scanner 3000DX,Probe intensities were quantified with Microarray Suite version 5.0 (MAS 5.0) using Affymetrix default analysis settings.  CEL files were normalized using global scaling with a trimmed mean target intensity of each array arbitrarily set to 600 using the MAS5 algorithm from the simpleaffy package (http://bioconductor.org/packages/2.4/bioc/html/simpleaffy.html).,GPL96,ftp://ftp.ncbi.nlm.nih.gov/geo/samples/GSM615nnn/GSM615345/suppl/GSM615345_FL579-675.CEL.gz,22283,Reanalyzed by: GSE205568
GSM615346,GSE25055,M677,GSM615346,Public on May 11 2011,Nov 01 2010,Jun 06 2022,RNA,1,"breast cancer, sample MDACC-M677",Homo sapiens,M677,MDACC,42.0,N,N,N,N,T2,N1,IIB,3,RD,RCB-II,0,1.306,N,N,SET-Low,Rx Insensitive,High,Basal,pCR,RCB-II/III,,"Patients prospectively consented to a research biopsy by fine needle aspiration (FNA) or  core biopsy (CBX) prior to any systemic therapy, and to the future assessment of pathologic  response and/or survival endpoints",total RNA,Total RNA was extracted from tissue using Qiagen Rneasy columns,biotin,A single-round T7 amplification was used to generate biotin-labeled cRNA for hybridization.  At least 1 ug of RNA is required for cRNA synthesis.,9606,"Following fragmentation, 10 ug of cRNA were hybridized overnight at 46C on Affymetrix U133A arrays. GeneChips were washed and stained in the Affymetrix Fluidics Station 400.",GeneChips were scanned using the diagnostic-grade Affymetrix scanner 3000DX,Probe intensities were quantified with Microarray Suite version 5.0 (MAS 5.0) using Affymetrix default analysis settings.  CEL files were normalized using global scaling with a trimmed mean target intensity of each array arbitrarily set to 600 using the MAS5 algorithm from the simpleaffy package (http://bioconductor.org/packages/2.4/bioc/html/simpleaffy.html).,GPL96,ftp://ftp.ncbi.nlm.nih.gov/geo/samples/GSM615nnn/GSM615346/suppl/GSM615346_FL782-677.CEL.gz,22283,Reanalyzed by: GSE205568
GSM615347,GSE25055,M679,GSM615347,Public on May 11 2011,Nov 01 2010,Jun 06 2022,RNA,1,"breast cancer, sample MDACC-M679",Homo sapiens,M679,MDACC,72.0,N,N,N,N,T2,N0,IIA,3,RD,RCB-II,1,2.253,N,N,SET-Low,Rx Insensitive,High,Basal,pCR,RCB-II/III,,"Patients prospectively consented to a research biopsy by fine needle aspiration (FNA) or  core biopsy (CBX) prior to any systemic therapy, and to the future assessment of pathologic  response and/or survival endpoints",total RNA,Total RNA was extracted from tissue using Qiagen Rneasy columns,biotin,A single-round T7 amplification was used to generate biotin-labeled cRNA for hybridization.  At least 1 ug of RNA is required for cRNA synthesis.,9606,"Following fragmentation, 10 ug of cRNA were hybridized overnight at 46C on Affymetrix U133A arrays. GeneChips were washed and stained in the Affymetrix Fluidics Station 400.",GeneChips were scanned using the diagnostic-grade Affymetrix scanner 3000DX,Probe intensities were quantified with Microarray Suite version 5.0 (MAS 5.0) using Affymetrix default analysis settings.  CEL files were normalized using global scaling with a trimmed mean target intensity of each array arbitrarily set to 600 using the MAS5 algorithm from the simpleaffy package (http://bioconductor.org/packages/2.4/bioc/html/simpleaffy.html).,GPL96,ftp://ftp.ncbi.nlm.nih.gov/geo/samples/GSM615nnn/GSM615347/suppl/GSM615347_FL580-679.CEL.gz,22283,Reanalyzed by: GSE205568
GSM615348,GSE25055,M681,GSM615348,Public on May 11 2011,Nov 01 2010,Jun 06 2022,RNA,1,"breast cancer, sample MDACC-M681",Homo sapiens,M681,MDACC,33.0,N,N,N,N,T3,N0,IIB,3,RD,RCB-II,0,2.303,N,N,SET-Low,Rx Insensitive,High,Basal,pCR,RCB-II/III,,"Patients prospectively consented to a research biopsy by fine needle aspiration (FNA) or  core biopsy (CBX) prior to any systemic therapy, and to the future assessment of pathologic  response and/or survival endpoints",total RNA,Total RNA was extracted from tissue using Qiagen Rneasy columns,biotin,A single-round T7 amplification was used to generate biotin-labeled cRNA for hybridization.  At least 1 ug of RNA is required for cRNA synthesis.,9606,"Following fragmentation, 10 ug of cRNA were hybridized overnight at 46C on Affymetrix U133A arrays. GeneChips were washed and stained in the Affymetrix Fluidics Station 400.",GeneChips were scanned using the diagnostic-grade Affymetrix scanner 3000DX,Probe intensities were quantified with Microarray Suite version 5.0 (MAS 5.0) using Affymetrix default analysis settings.  CEL files were normalized using global scaling with a trimmed mean target intensity of each array arbitrarily set to 600 using the MAS5 algorithm from the simpleaffy package (http://bioconductor.org/packages/2.4/bioc/html/simpleaffy.html).,GPL96,ftp://ftp.ncbi.nlm.nih.gov/geo/samples/GSM615nnn/GSM615348/suppl/GSM615348_FL783-681.CEL.gz,22283,Reanalyzed by: GSE205568
GSM615349,GSE25055,M682,GSM615349,Public on May 11 2011,Nov 01 2010,Jun 06 2022,RNA,1,"breast cancer, sample MDACC-M682",Homo sapiens,M682,MDACC,50.0,P,P,N,P,T2,N0,IIA,2,RD,RCB-II,0,2.333,P,N,SET-Low,Rx Insensitive,Low,LumA,RD,RCB-II/III,,"Patients prospectively consented to a research biopsy by fine needle aspiration (FNA) or  core biopsy (CBX) prior to any systemic therapy, and to the future assessment of pathologic  response and/or survival endpoints",total RNA,Total RNA was extracted from tissue using Qiagen Rneasy columns,biotin,A single-round T7 amplification was used to generate biotin-labeled cRNA for hybridization.  At least 1 ug of RNA is required for cRNA synthesis.,9606,"Following fragmentation, 10 ug of cRNA were hybridized overnight at 46C on Affymetrix U133A arrays. GeneChips were washed and stained in the Affymetrix Fluidics Station 400.",GeneChips were scanned using the diagnostic-grade Affymetrix scanner 3000DX,Probe intensities were quantified with Microarray Suite version 5.0 (MAS 5.0) using Affymetrix default analysis settings.  CEL files were normalized using global scaling with a trimmed mean target intensity of each array arbitrarily set to 600 using the MAS5 algorithm from the simpleaffy package (http://bioconductor.org/packages/2.4/bioc/html/simpleaffy.html).,GPL96,ftp://ftp.ncbi.nlm.nih.gov/geo/samples/GSM615nnn/GSM615349/suppl/GSM615349_FL761-682.CEL.gz,22283,Reanalyzed by: GSE205568
GSM615350,GSE25055,M683,GSM615350,Public on May 11 2011,Nov 01 2010,Jun 06 2022,RNA,1,"breast cancer, sample MDACC-M683",Homo sapiens,M683,MDACC,59.0,N,P,N,N,T2,N0,IIA,3,RD,RCB-II,0,2.281,P,N,SET-Low,Rx Insensitive,High,LumB,RD,RCB-0/I,,"Patients prospectively consented to a research biopsy by fine needle aspiration (FNA) or  core biopsy (CBX) prior to any systemic therapy, and to the future assessment of pathologic  response and/or survival endpoints",total RNA,Total RNA was extracted from tissue using Qiagen Rneasy columns,biotin,A single-round T7 amplification was used to generate biotin-labeled cRNA for hybridization.  At least 1 ug of RNA is required for cRNA synthesis.,9606,"Following fragmentation, 10 ug of cRNA were hybridized overnight at 46C on Affymetrix U133A arrays. GeneChips were washed and stained in the Affymetrix Fluidics Station 400.",GeneChips were scanned using the diagnostic-grade Affymetrix scanner 3000DX,Probe intensities were quantified with Microarray Suite version 5.0 (MAS 5.0) using Affymetrix default analysis settings.  CEL files were normalized using global scaling with a trimmed mean target intensity of each array arbitrarily set to 600 using the MAS5 algorithm from the simpleaffy package (http://bioconductor.org/packages/2.4/bioc/html/simpleaffy.html).,GPL96,ftp://ftp.ncbi.nlm.nih.gov/geo/samples/GSM615nnn/GSM615350/suppl/GSM615350_FL581-683.CEL.gz,22283,Reanalyzed by: GSE205568
GSM615351,GSE25055,M685,GSM615351,Public on May 11 2011,Nov 01 2010,Jun 06 2022,RNA,1,"breast cancer, sample MDACC-M685",Homo sapiens,M685,MDACC,53.0,P,P,N,P,T2,N0,IIA,1,RD,RCB-III,0,2.393,P,N,SET-Low,Rx Insensitive,Low,LumA,RD,RCB-0/I,,"Patients prospectively consented to a research biopsy by fine needle aspiration (FNA) or  core biopsy (CBX) prior to any systemic therapy, and to the future assessment of pathologic  response and/or survival endpoints",total RNA,Total RNA was extracted from tissue using Qiagen Rneasy columns,biotin,A single-round T7 amplification was used to generate biotin-labeled cRNA for hybridization.  At least 1 ug of RNA is required for cRNA synthesis.,9606,"Following fragmentation, 10 ug of cRNA were hybridized overnight at 46C on Affymetrix U133A arrays. GeneChips were washed and stained in the Affymetrix Fluidics Station 400.",GeneChips were scanned using the diagnostic-grade Affymetrix scanner 3000DX,Probe intensities were quantified with Microarray Suite version 5.0 (MAS 5.0) using Affymetrix default analysis settings.  CEL files were normalized using global scaling with a trimmed mean target intensity of each array arbitrarily set to 600 using the MAS5 algorithm from the simpleaffy package (http://bioconductor.org/packages/2.4/bioc/html/simpleaffy.html).,GPL96,ftp://ftp.ncbi.nlm.nih.gov/geo/samples/GSM615nnn/GSM615351/suppl/GSM615351_FL787-685.CEL.gz,22283,Reanalyzed by: GSE205568
GSM615352,GSE25055,M690,GSM615352,Public on May 11 2011,Nov 01 2010,Jun 06 2022,RNA,1,"breast cancer, sample MDACC-M690",Homo sapiens,M690,MDACC,73.0,P,P,N,P,T2,N1,IIB,1,RD,RCB-II,0,2.160,P,N,SET-Int,Rx Sensitive,Low,LumA,RD,RCB-II/III,,"Patients prospectively consented to a research biopsy by fine needle aspiration (FNA) or  core biopsy (CBX) prior to any systemic therapy, and to the future assessment of pathologic  response and/or survival endpoints",total RNA,Total RNA was extracted from tissue using Qiagen Rneasy columns,biotin,A single-round T7 amplification was used to generate biotin-labeled cRNA for hybridization.  At least 1 ug of RNA is required for cRNA synthesis.,9606,"Following fragmentation, 10 ug of cRNA were hybridized overnight at 46C on Affymetrix U133A arrays. GeneChips were washed and stained in the Affymetrix Fluidics Station 400.",GeneChips were scanned using the diagnostic-grade Affymetrix scanner 3000DX,Probe intensities were quantified with Microarray Suite version 5.0 (MAS 5.0) using Affymetrix default analysis settings.  CEL files were normalized using global scaling with a trimmed mean target intensity of each array arbitrarily set to 600 using the MAS5 algorithm from the simpleaffy package (http://bioconductor.org/packages/2.4/bioc/html/simpleaffy.html).,GPL96,ftp://ftp.ncbi.nlm.nih.gov/geo/samples/GSM615nnn/GSM615352/suppl/GSM615352_FL561-690.CEL.gz,22283,Reanalyzed by: GSE205568
GSM615353,GSE25055,M691,GSM615353,Public on May 11 2011,Nov 01 2010,Jun 06 2022,RNA,1,"breast cancer, sample MDACC-M691",Homo sapiens,M691,MDACC,46.0,P,P,N,P,T1,N1,IIA,3,pCR,RCB-0/I,0,1.670,P,N,SET-Low,Rx Sensitive,High,LumB,RD,RCB-0/I,,"Patients prospectively consented to a research biopsy by fine needle aspiration (FNA) or  core biopsy (CBX) prior to any systemic therapy, and to the future assessment of pathologic  response and/or survival endpoints",total RNA,Total RNA was extracted from tissue using Qiagen Rneasy columns,biotin,A single-round T7 amplification was used to generate biotin-labeled cRNA for hybridization.  At least 1 ug of RNA is required for cRNA synthesis.,9606,"Following fragmentation, 10 ug of cRNA were hybridized overnight at 46C on Affymetrix U133A arrays. GeneChips were washed and stained in the Affymetrix Fluidics Station 400.",GeneChips were scanned using the diagnostic-grade Affymetrix scanner 3000DX,Probe intensities were quantified with Microarray Suite version 5.0 (MAS 5.0) using Affymetrix default analysis settings.  CEL files were normalized using global scaling with a trimmed mean target intensity of each array arbitrarily set to 600 using the MAS5 algorithm from the simpleaffy package (http://bioconductor.org/packages/2.4/bioc/html/simpleaffy.html).,GPL96,ftp://ftp.ncbi.nlm.nih.gov/geo/samples/GSM615nnn/GSM615353/suppl/GSM615353_FL402-691.CEL.gz,22283,Reanalyzed by: GSE205568
GSM615354,GSE25055,M692,GSM615354,Public on May 11 2011,Nov 01 2010,Jun 06 2022,RNA,1,"breast cancer, sample MDACC-M692",Homo sapiens,M692,MDACC,46.0,N,N,N,N,T2,N3,IIIB,2,pCR,RCB-0/I,0,1.415,N,N,SET-Low,Rx Sensitive,High,Basal,pCR,RCB-0/I,,"Patients prospectively consented to a research biopsy by fine needle aspiration (FNA) or  core biopsy (CBX) prior to any systemic therapy, and to the future assessment of pathologic  response and/or survival endpoints",total RNA,Total RNA was extracted from tissue using Qiagen Rneasy columns,biotin,A single-round T7 amplification was used to generate biotin-labeled cRNA for hybridization.  At least 1 ug of RNA is required for cRNA synthesis.,9606,"Following fragmentation, 10 ug of cRNA were hybridized overnight at 46C on Affymetrix U133A arrays. GeneChips were washed and stained in the Affymetrix Fluidics Station 400.",GeneChips were scanned using the diagnostic-grade Affymetrix scanner 3000DX,Probe intensities were quantified with Microarray Suite version 5.0 (MAS 5.0) using Affymetrix default analysis settings.  CEL files were normalized using global scaling with a trimmed mean target intensity of each array arbitrarily set to 600 using the MAS5 algorithm from the simpleaffy package (http://bioconductor.org/packages/2.4/bioc/html/simpleaffy.html).,GPL96,ftp://ftp.ncbi.nlm.nih.gov/geo/samples/GSM615nnn/GSM615354/suppl/GSM615354_FL582-692.CEL.gz,22283,Reanalyzed by: GSE205568
GSM615355,GSE25055,M693,GSM615355,Public on May 11 2011,Nov 01 2010,Jun 06 2022,RNA,1,"breast cancer, sample MDACC-M693",Homo sapiens,M693,MDACC,47.0,P,P,N,P,T2,N0,IIA,2,RD,RCB-II,0,2.010,P,N,SET-Low,Rx Insensitive,Low,LumA,RD,RCB-II/III,,"Patients prospectively consented to a research biopsy by fine needle aspiration (FNA) or  core biopsy (CBX) prior to any systemic therapy, and to the future assessment of pathologic  response and/or survival endpoints",total RNA,Total RNA was extracted from tissue using Qiagen Rneasy columns,biotin,A single-round T7 amplification was used to generate biotin-labeled cRNA for hybridization.  At least 1 ug of RNA is required for cRNA synthesis.,9606,"Following fragmentation, 10 ug of cRNA were hybridized overnight at 46C on Affymetrix U133A arrays. GeneChips were washed and stained in the Affymetrix Fluidics Station 400.",GeneChips were scanned using the diagnostic-grade Affymetrix scanner 3000DX,Probe intensities were quantified with Microarray Suite version 5.0 (MAS 5.0) using Affymetrix default analysis settings.  CEL files were normalized using global scaling with a trimmed mean target intensity of each array arbitrarily set to 600 using the MAS5 algorithm from the simpleaffy package (http://bioconductor.org/packages/2.4/bioc/html/simpleaffy.html).,GPL96,ftp://ftp.ncbi.nlm.nih.gov/geo/samples/GSM615nnn/GSM615355/suppl/GSM615355_FL562-693.CEL.gz,22283,Reanalyzed by: GSE205568
GSM615356,GSE25055,M695,GSM615356,Public on May 11 2011,Nov 01 2010,Jun 06 2022,RNA,1,"breast cancer, sample MDACC-M695",Homo sapiens,M695,MDACC,43.0,N,N,N,N,T2,N0,IIA,3,RD,RCB-II,0,1.161,P,N,SET-Low,Rx Insensitive,High,LumB,RD,RCB-II/III,,"Patients prospectively consented to a research biopsy by fine needle aspiration (FNA) or  core biopsy (CBX) prior to any systemic therapy, and to the future assessment of pathologic  response and/or survival endpoints",total RNA,Total RNA was extracted from tissue using Qiagen Rneasy columns,biotin,A single-round T7 amplification was used to generate biotin-labeled cRNA for hybridization.  At least 1 ug of RNA is required for cRNA synthesis.,9606,"Following fragmentation, 10 ug of cRNA were hybridized overnight at 46C on Affymetrix U133A arrays. GeneChips were washed and stained in the Affymetrix Fluidics Station 400.",GeneChips were scanned using the diagnostic-grade Affymetrix scanner 3000DX,Probe intensities were quantified with Microarray Suite version 5.0 (MAS 5.0) using Affymetrix default analysis settings.  CEL files were normalized using global scaling with a trimmed mean target intensity of each array arbitrarily set to 600 using the MAS5 algorithm from the simpleaffy package (http://bioconductor.org/packages/2.4/bioc/html/simpleaffy.html).,GPL96,ftp://ftp.ncbi.nlm.nih.gov/geo/samples/GSM615nnn/GSM615356/suppl/GSM615356_FL648-695.CEL.gz,22283,Reanalyzed by: GSE205568
GSM615357,GSE25055,M696,GSM615357,Public on May 11 2011,Nov 01 2010,Jun 06 2022,RNA,1,"breast cancer, sample MDACC-M696",Homo sapiens,M696,MDACC,53.0,N,N,N,N,T2,N1,IIB,3,pCR,RCB-0/I,0,1.744,N,N,SET-Low,Rx Insensitive,High,Basal,pCR,RCB-0/I,,"Patients prospectively consented to a research biopsy by fine needle aspiration (FNA) or  core biopsy (CBX) prior to any systemic therapy, and to the future assessment of pathologic  response and/or survival endpoints",total RNA,Total RNA was extracted from tissue using Qiagen Rneasy columns,biotin,A single-round T7 amplification was used to generate biotin-labeled cRNA for hybridization.  At least 1 ug of RNA is required for cRNA synthesis.,9606,"Following fragmentation, 10 ug of cRNA were hybridized overnight at 46C on Affymetrix U133A arrays. GeneChips were washed and stained in the Affymetrix Fluidics Station 400.",GeneChips were scanned using the diagnostic-grade Affymetrix scanner 3000DX,Probe intensities were quantified with Microarray Suite version 5.0 (MAS 5.0) using Affymetrix default analysis settings.  CEL files were normalized using global scaling with a trimmed mean target intensity of each array arbitrarily set to 600 using the MAS5 algorithm from the simpleaffy package (http://bioconductor.org/packages/2.4/bioc/html/simpleaffy.html).,GPL96,ftp://ftp.ncbi.nlm.nih.gov/geo/samples/GSM615nnn/GSM615357/suppl/GSM615357_FL607-696.CEL.gz,22283,Reanalyzed by: GSE205568
GSM615358,GSE25055,M706,GSM615358,Public on May 11 2011,Nov 01 2010,Jun 06 2022,RNA,1,"breast cancer, sample MDACC-M706",Homo sapiens,M706,MDACC,69.0,P,N,N,P,T4,N0,IIIB,2,RD,RCB-III,0,1.076,P,N,SET-Low,Rx Insensitive,High,LumB,RD,RCB-II/III,,"Patients prospectively consented to a research biopsy by fine needle aspiration (FNA) or  core biopsy (CBX) prior to any systemic therapy, and to the future assessment of pathologic  response and/or survival endpoints",total RNA,Total RNA was extracted from tissue using Qiagen Rneasy columns,biotin,A single-round T7 amplification was used to generate biotin-labeled cRNA for hybridization.  At least 1 ug of RNA is required for cRNA synthesis.,9606,"Following fragmentation, 10 ug of cRNA were hybridized overnight at 46C on Affymetrix U133A arrays. GeneChips were washed and stained in the Affymetrix Fluidics Station 400.",GeneChips were scanned using the diagnostic-grade Affymetrix scanner 3000DX,Probe intensities were quantified with Microarray Suite version 5.0 (MAS 5.0) using Affymetrix default analysis settings.  CEL files were normalized using global scaling with a trimmed mean target intensity of each array arbitrarily set to 600 using the MAS5 algorithm from the simpleaffy package (http://bioconductor.org/packages/2.4/bioc/html/simpleaffy.html).,GPL96,ftp://ftp.ncbi.nlm.nih.gov/geo/samples/GSM615nnn/GSM615358/suppl/GSM615358_FL469-706_3_.CEL.gz,22283,Reanalyzed by: GSE205568
GSM615359,GSE25055,M709,GSM615359,Public on May 11 2011,Nov 01 2010,Jun 06 2022,RNA,1,"breast cancer, sample MDACC-M709",Homo sapiens,M709,MDACC,51.0,N,N,N,N,T4,N2,IIIB,3,pCR,RCB-0/I,0,1.728,N,N,SET-Low,Rx Insensitive,High,Basal,pCR,RCB-0/I,,"Patients prospectively consented to a research biopsy by fine needle aspiration (FNA) or  core biopsy (CBX) prior to any systemic therapy, and to the future assessment of pathologic  response and/or survival endpoints",total RNA,Total RNA was extracted from tissue using Qiagen Rneasy columns,biotin,A single-round T7 amplification was used to generate biotin-labeled cRNA for hybridization.  At least 1 ug of RNA is required for cRNA synthesis.,9606,"Following fragmentation, 10 ug of cRNA were hybridized overnight at 46C on Affymetrix U133A arrays. GeneChips were washed and stained in the Affymetrix Fluidics Station 400.",GeneChips were scanned using the diagnostic-grade Affymetrix scanner 3000DX,Probe intensities were quantified with Microarray Suite version 5.0 (MAS 5.0) using Affymetrix default analysis settings.  CEL files were normalized using global scaling with a trimmed mean target intensity of each array arbitrarily set to 600 using the MAS5 algorithm from the simpleaffy package (http://bioconductor.org/packages/2.4/bioc/html/simpleaffy.html).,GPL96,ftp://ftp.ncbi.nlm.nih.gov/geo/samples/GSM615nnn/GSM615359/suppl/GSM615359_FL608-709.CEL.gz,22283,Reanalyzed by: GSE205568
GSM615360,GSE25055,M710,GSM615360,Public on May 11 2011,Nov 01 2010,Jun 06 2022,RNA,1,"breast cancer, sample MDACC-M710",Homo sapiens,M710,MDACC,53.0,P,P,N,P,T2,N1,IIB,2,RD,RCB-II,0,1.979,P,N,SET-Low,Rx Insensitive,High,LumA,RD,RCB-II/III,,"Patients prospectively consented to a research biopsy by fine needle aspiration (FNA) or  core biopsy (CBX) prior to any systemic therapy, and to the future assessment of pathologic  response and/or survival endpoints",total RNA,Total RNA was extracted from tissue using Qiagen Rneasy columns,biotin,A single-round T7 amplification was used to generate biotin-labeled cRNA for hybridization.  At least 1 ug of RNA is required for cRNA synthesis.,9606,"Following fragmentation, 10 ug of cRNA were hybridized overnight at 46C on Affymetrix U133A arrays. GeneChips were washed and stained in the Affymetrix Fluidics Station 400.",GeneChips were scanned using the diagnostic-grade Affymetrix scanner 3000DX,Probe intensities were quantified with Microarray Suite version 5.0 (MAS 5.0) using Affymetrix default analysis settings.  CEL files were normalized using global scaling with a trimmed mean target intensity of each array arbitrarily set to 600 using the MAS5 algorithm from the simpleaffy package (http://bioconductor.org/packages/2.4/bioc/html/simpleaffy.html).,GPL96,ftp://ftp.ncbi.nlm.nih.gov/geo/samples/GSM615nnn/GSM615360/suppl/GSM615360_FL682-710.CEL.gz,22283,Reanalyzed by: GSE205568
GSM615361,GSE25055,M714,GSM615361,Public on May 11 2011,Nov 01 2010,Jun 06 2022,RNA,1,"breast cancer, sample MDACC-M714",Homo sapiens,M714,MDACC,64.0,P,N,N,P,T2,N1,IIB,3,RD,RCB-II,0,1.892,N,N,SET-Low,Rx Insensitive,Low,Normal,RD,RCB-II/III,,"Patients prospectively consented to a research biopsy by fine needle aspiration (FNA) or  core biopsy (CBX) prior to any systemic therapy, and to the future assessment of pathologic  response and/or survival endpoints",total RNA,Total RNA was extracted from tissue using Qiagen Rneasy columns,biotin,A single-round T7 amplification was used to generate biotin-labeled cRNA for hybridization.  At least 1 ug of RNA is required for cRNA synthesis.,9606,"Following fragmentation, 10 ug of cRNA were hybridized overnight at 46C on Affymetrix U133A arrays. GeneChips were washed and stained in the Affymetrix Fluidics Station 400.",GeneChips were scanned using the diagnostic-grade Affymetrix scanner 3000DX,Probe intensities were quantified with Microarray Suite version 5.0 (MAS 5.0) using Affymetrix default analysis settings.  CEL files were normalized using global scaling with a trimmed mean target intensity of each array arbitrarily set to 600 using the MAS5 algorithm from the simpleaffy package (http://bioconductor.org/packages/2.4/bioc/html/simpleaffy.html).,GPL96,ftp://ftp.ncbi.nlm.nih.gov/geo/samples/GSM615nnn/GSM615361/suppl/GSM615361_FL788-714.CEL.gz,22283,Reanalyzed by: GSE205568
GSM615362,GSE25055,M717,GSM615362,Public on May 11 2011,Nov 01 2010,Jun 06 2022,RNA,1,"breast cancer, sample MDACC-M717",Homo sapiens,M717,MDACC,52.0,P,P,N,P,T2,N0,IIA,1,RD,RCB-II,0,1.963,P,N,SET-Low,Rx Sensitive,Low,LumA,RD,RCB-0/I,,"Patients prospectively consented to a research biopsy by fine needle aspiration (FNA) or  core biopsy (CBX) prior to any systemic therapy, and to the future assessment of pathologic  response and/or survival endpoints",total RNA,Total RNA was extracted from tissue using Qiagen Rneasy columns,biotin,A single-round T7 amplification was used to generate biotin-labeled cRNA for hybridization.  At least 1 ug of RNA is required for cRNA synthesis.,9606,"Following fragmentation, 10 ug of cRNA were hybridized overnight at 46C on Affymetrix U133A arrays. GeneChips were washed and stained in the Affymetrix Fluidics Station 400.",GeneChips were scanned using the diagnostic-grade Affymetrix scanner 3000DX,Probe intensities were quantified with Microarray Suite version 5.0 (MAS 5.0) using Affymetrix default analysis settings.  CEL files were normalized using global scaling with a trimmed mean target intensity of each array arbitrarily set to 600 using the MAS5 algorithm from the simpleaffy package (http://bioconductor.org/packages/2.4/bioc/html/simpleaffy.html).,GPL96,ftp://ftp.ncbi.nlm.nih.gov/geo/samples/GSM615nnn/GSM615362/suppl/GSM615362_FL609-717.CEL.gz,22283,Reanalyzed by: GSE205568
GSM615363,GSE25055,M718,GSM615363,Public on May 11 2011,Nov 01 2010,Jun 06 2022,RNA,1,"breast cancer, sample MDACC-M718",Homo sapiens,M718,MDACC,36.0,N,N,N,N,T2,N0,IIA,3,RD,RCB-0/I,0,1.613,N,N,SET-Low,Rx Insensitive,High,Basal,pCR,RCB-0/I,,"Patients prospectively consented to a research biopsy by fine needle aspiration (FNA) or  core biopsy (CBX) prior to any systemic therapy, and to the future assessment of pathologic  response and/or survival endpoints",total RNA,Total RNA was extracted from tissue using Qiagen Rneasy columns,biotin,A single-round T7 amplification was used to generate biotin-labeled cRNA for hybridization.  At least 1 ug of RNA is required for cRNA synthesis.,9606,"Following fragmentation, 10 ug of cRNA were hybridized overnight at 46C on Affymetrix U133A arrays. GeneChips were washed and stained in the Affymetrix Fluidics Station 400.",GeneChips were scanned using the diagnostic-grade Affymetrix scanner 3000DX,Probe intensities were quantified with Microarray Suite version 5.0 (MAS 5.0) using Affymetrix default analysis settings.  CEL files were normalized using global scaling with a trimmed mean target intensity of each array arbitrarily set to 600 using the MAS5 algorithm from the simpleaffy package (http://bioconductor.org/packages/2.4/bioc/html/simpleaffy.html).,GPL96,ftp://ftp.ncbi.nlm.nih.gov/geo/samples/GSM615nnn/GSM615363/suppl/GSM615363_FL610-718.CEL.gz,22283,Reanalyzed by: GSE205568
GSM615364,GSE25055,M722,GSM615364,Public on May 11 2011,Nov 01 2010,Jun 06 2022,RNA,1,"breast cancer, sample MDACC-M722",Homo sapiens,M722,MDACC,34.0,N,N,N,N,T2,N2,IIIA,3,RD,RCB-II,0,1.541,N,N,SET-Low,Rx Insensitive,High,Basal,pCR,RCB-II/III,,"Patients prospectively consented to a research biopsy by fine needle aspiration (FNA) or  core biopsy (CBX) prior to any systemic therapy, and to the future assessment of pathologic  response and/or survival endpoints",total RNA,Total RNA was extracted from tissue using Qiagen Rneasy columns,biotin,A single-round T7 amplification was used to generate biotin-labeled cRNA for hybridization.  At least 1 ug of RNA is required for cRNA synthesis.,9606,"Following fragmentation, 10 ug of cRNA were hybridized overnight at 46C on Affymetrix U133A arrays. GeneChips were washed and stained in the Affymetrix Fluidics Station 400.",GeneChips were scanned using the diagnostic-grade Affymetrix scanner 3000DX,Probe intensities were quantified with Microarray Suite version 5.0 (MAS 5.0) using Affymetrix default analysis settings.  CEL files were normalized using global scaling with a trimmed mean target intensity of each array arbitrarily set to 600 using the MAS5 algorithm from the simpleaffy package (http://bioconductor.org/packages/2.4/bioc/html/simpleaffy.html).,GPL96,ftp://ftp.ncbi.nlm.nih.gov/geo/samples/GSM615nnn/GSM615364/suppl/GSM615364_FL563-722.CEL.gz,22283,Reanalyzed by: GSE205568
GSM615365,GSE25055,M723,GSM615365,Public on May 11 2011,Nov 01 2010,Jun 06 2022,RNA,1,"breast cancer, sample MDACC-M723",Homo sapiens,M723,MDACC,63.0,P,P,N,P,T2,N1,IIB,2,RD,RCB-II,0,1.927,P,P,SET-Low,Rx Sensitive,Low,LumA,RD,RCB-0/I,,"Patients prospectively consented to a research biopsy by fine needle aspiration (FNA) or  core biopsy (CBX) prior to any systemic therapy, and to the future assessment of pathologic  response and/or survival endpoints",total RNA,Total RNA was extracted from tissue using Qiagen Rneasy columns,biotin,A single-round T7 amplification was used to generate biotin-labeled cRNA for hybridization.  At least 1 ug of RNA is required for cRNA synthesis.,9606,"Following fragmentation, 10 ug of cRNA were hybridized overnight at 46C on Affymetrix U133A arrays. GeneChips were washed and stained in the Affymetrix Fluidics Station 400.",GeneChips were scanned using the diagnostic-grade Affymetrix scanner 3000DX,Probe intensities were quantified with Microarray Suite version 5.0 (MAS 5.0) using Affymetrix default analysis settings.  CEL files were normalized using global scaling with a trimmed mean target intensity of each array arbitrarily set to 600 using the MAS5 algorithm from the simpleaffy package (http://bioconductor.org/packages/2.4/bioc/html/simpleaffy.html).,GPL96,ftp://ftp.ncbi.nlm.nih.gov/geo/samples/GSM615nnn/GSM615365/suppl/GSM615365_FL564-723.CEL.gz,22283,Reanalyzed by: GSE205568
GSM615366,GSE25055,M725,GSM615366,Public on May 11 2011,Nov 01 2010,Jun 06 2022,RNA,1,"breast cancer, sample MDACC-M725",Homo sapiens,M725,MDACC,46.0,P,P,N,P,T2,N3,IIIB,1,RD,RCB-II,0,1.878,P,N,SET-Low,Rx Insensitive,High,LumA,RD,RCB-II/III,,"Patients prospectively consented to a research biopsy by fine needle aspiration (FNA) or  core biopsy (CBX) prior to any systemic therapy, and to the future assessment of pathologic  response and/or survival endpoints",total RNA,Total RNA was extracted from tissue using Qiagen Rneasy columns,biotin,A single-round T7 amplification was used to generate biotin-labeled cRNA for hybridization.  At least 1 ug of RNA is required for cRNA synthesis.,9606,"Following fragmentation, 10 ug of cRNA were hybridized overnight at 46C on Affymetrix U133A arrays. GeneChips were washed and stained in the Affymetrix Fluidics Station 400.",GeneChips were scanned using the diagnostic-grade Affymetrix scanner 3000DX,Probe intensities were quantified with Microarray Suite version 5.0 (MAS 5.0) using Affymetrix default analysis settings.  CEL files were normalized using global scaling with a trimmed mean target intensity of each array arbitrarily set to 600 using the MAS5 algorithm from the simpleaffy package (http://bioconductor.org/packages/2.4/bioc/html/simpleaffy.html).,GPL96,ftp://ftp.ncbi.nlm.nih.gov/geo/samples/GSM615nnn/GSM615366/suppl/GSM615366_FL683-725.CEL.gz,22283,Reanalyzed by: GSE205568
GSM615367,GSE25055,M728,GSM615367,Public on May 11 2011,Nov 01 2010,Jun 06 2022,RNA,1,"breast cancer, sample MDACC-M728",Homo sapiens,M728,MDACC,49.0,P,P,N,P,T3,N1,IIIA,3,RD,RCB-III,0,1.517,P,N,SET-Low,Rx Insensitive,High,LumB,RD,RCB-0/I,,"Patients prospectively consented to a research biopsy by fine needle aspiration (FNA) or  core biopsy (CBX) prior to any systemic therapy, and to the future assessment of pathologic  response and/or survival endpoints",total RNA,Total RNA was extracted from tissue using Qiagen Rneasy columns,biotin,A single-round T7 amplification was used to generate biotin-labeled cRNA for hybridization.  At least 1 ug of RNA is required for cRNA synthesis.,9606,"Following fragmentation, 10 ug of cRNA were hybridized overnight at 46C on Affymetrix U133A arrays. GeneChips were washed and stained in the Affymetrix Fluidics Station 400.",GeneChips were scanned using the diagnostic-grade Affymetrix scanner 3000DX,Probe intensities were quantified with Microarray Suite version 5.0 (MAS 5.0) using Affymetrix default analysis settings.  CEL files were normalized using global scaling with a trimmed mean target intensity of each array arbitrarily set to 600 using the MAS5 algorithm from the simpleaffy package (http://bioconductor.org/packages/2.4/bioc/html/simpleaffy.html).,GPL96,ftp://ftp.ncbi.nlm.nih.gov/geo/samples/GSM615nnn/GSM615367/suppl/GSM615367_FL611-728.CEL.gz,22283,Reanalyzed by: GSE205568
GSM615368,GSE25055,M729,GSM615368,Public on May 11 2011,Nov 01 2010,Jun 06 2022,RNA,1,"breast cancer, sample MDACC-M729",Homo sapiens,M729,MDACC,28.0,N,N,N,N,T2,N1,IIB,3,RD,RCB-III,1,0.728,N,N,SET-Low,Rx Insensitive,High,Basal,pCR,RCB-II/III,,"Patients prospectively consented to a research biopsy by fine needle aspiration (FNA) or  core biopsy (CBX) prior to any systemic therapy, and to the future assessment of pathologic  response and/or survival endpoints",total RNA,Total RNA was extracted from tissue using Qiagen Rneasy columns,biotin,A single-round T7 amplification was used to generate biotin-labeled cRNA for hybridization.  At least 1 ug of RNA is required for cRNA synthesis.,9606,"Following fragmentation, 10 ug of cRNA were hybridized overnight at 46C on Affymetrix U133A arrays. GeneChips were washed and stained in the Affymetrix Fluidics Station 400.",GeneChips were scanned using the diagnostic-grade Affymetrix scanner 3000DX,Probe intensities were quantified with Microarray Suite version 5.0 (MAS 5.0) using Affymetrix default analysis settings.  CEL files were normalized using global scaling with a trimmed mean target intensity of each array arbitrarily set to 600 using the MAS5 algorithm from the simpleaffy package (http://bioconductor.org/packages/2.4/bioc/html/simpleaffy.html).,GPL96,ftp://ftp.ncbi.nlm.nih.gov/geo/samples/GSM615nnn/GSM615368/suppl/GSM615368_FL785-729.CEL.gz,22283,Reanalyzed by: GSE205568
GSM615369,GSE25055,M732,GSM615369,Public on May 11 2011,Nov 01 2010,Jun 06 2022,RNA,1,"breast cancer, sample MDACC-M732",Homo sapiens,M732,MDACC,50.0,N,N,N,N,T2,N2,IIIA,3,RD,RCB-III,0,1.900,N,N,SET-Low,Rx Insensitive,High,Basal,pCR,RCB-II/III,,"Patients prospectively consented to a research biopsy by fine needle aspiration (FNA) or  core biopsy (CBX) prior to any systemic therapy, and to the future assessment of pathologic  response and/or survival endpoints",total RNA,Total RNA was extracted from tissue using Qiagen Rneasy columns,biotin,A single-round T7 amplification was used to generate biotin-labeled cRNA for hybridization.  At least 1 ug of RNA is required for cRNA synthesis.,9606,"Following fragmentation, 10 ug of cRNA were hybridized overnight at 46C on Affymetrix U133A arrays. GeneChips were washed and stained in the Affymetrix Fluidics Station 400.",GeneChips were scanned using the diagnostic-grade Affymetrix scanner 3000DX,Probe intensities were quantified with Microarray Suite version 5.0 (MAS 5.0) using Affymetrix default analysis settings.  CEL files were normalized using global scaling with a trimmed mean target intensity of each array arbitrarily set to 600 using the MAS5 algorithm from the simpleaffy package (http://bioconductor.org/packages/2.4/bioc/html/simpleaffy.html).,GPL96,ftp://ftp.ncbi.nlm.nih.gov/geo/samples/GSM615nnn/GSM615369/suppl/GSM615369_FL612-732.CEL.gz,22283,Reanalyzed by: GSE205568
GSM615370,GSE25055,M734,GSM615370,Public on May 11 2011,Nov 01 2010,Jun 06 2022,RNA,1,"breast cancer, sample MDACC-M734",Homo sapiens,M734,MDACC,36.0,P,P,N,P,T2,N0,IIA,2,RD,RCB-0/I,0,1.336,P,N,SET-Low,Rx Insensitive,Low,LumA,RD,RCB-0/I,,"Patients prospectively consented to a research biopsy by fine needle aspiration (FNA) or  core biopsy (CBX) prior to any systemic therapy, and to the future assessment of pathologic  response and/or survival endpoints",total RNA,Total RNA was extracted from tissue using Qiagen Rneasy columns,biotin,A single-round T7 amplification was used to generate biotin-labeled cRNA for hybridization.  At least 1 ug of RNA is required for cRNA synthesis.,9606,"Following fragmentation, 10 ug of cRNA were hybridized overnight at 46C on Affymetrix U133A arrays. GeneChips were washed and stained in the Affymetrix Fluidics Station 400.",GeneChips were scanned using the diagnostic-grade Affymetrix scanner 3000DX,Probe intensities were quantified with Microarray Suite version 5.0 (MAS 5.0) using Affymetrix default analysis settings.  CEL files were normalized using global scaling with a trimmed mean target intensity of each array arbitrarily set to 600 using the MAS5 algorithm from the simpleaffy package (http://bioconductor.org/packages/2.4/bioc/html/simpleaffy.html).,GPL96,ftp://ftp.ncbi.nlm.nih.gov/geo/samples/GSM615nnn/GSM615370/suppl/GSM615370_FL789-734.CEL.gz,22283,Reanalyzed by: GSE205568
GSM615371,GSE25055,M735,GSM615371,Public on May 11 2011,Nov 01 2010,Jun 06 2022,RNA,1,"breast cancer, sample MDACC-M735",Homo sapiens,M735,MDACC,67.0,N,N,N,N,T2,N1,IIB,3,pCR,RCB-0/I,0,1.711,N,N,SET-Low,Rx Sensitive,High,Basal,pCR,RCB-0/I,,"Patients prospectively consented to a research biopsy by fine needle aspiration (FNA) or  core biopsy (CBX) prior to any systemic therapy, and to the future assessment of pathologic  response and/or survival endpoints",total RNA,Total RNA was extracted from tissue using Qiagen Rneasy columns,biotin,A single-round T7 amplification was used to generate biotin-labeled cRNA for hybridization.  At least 1 ug of RNA is required for cRNA synthesis.,9606,"Following fragmentation, 10 ug of cRNA were hybridized overnight at 46C on Affymetrix U133A arrays. GeneChips were washed and stained in the Affymetrix Fluidics Station 400.",GeneChips were scanned using the diagnostic-grade Affymetrix scanner 3000DX,Probe intensities were quantified with Microarray Suite version 5.0 (MAS 5.0) using Affymetrix default analysis settings.  CEL files were normalized using global scaling with a trimmed mean target intensity of each array arbitrarily set to 600 using the MAS5 algorithm from the simpleaffy package (http://bioconductor.org/packages/2.4/bioc/html/simpleaffy.html).,GPL96,ftp://ftp.ncbi.nlm.nih.gov/geo/samples/GSM615nnn/GSM615371/suppl/GSM615371_FL613-735.CEL.gz,22283,Reanalyzed by: GSE205568
GSM615372,GSE25055,M739,GSM615372,Public on May 11 2011,Nov 01 2010,Jun 06 2022,RNA,1,"breast cancer, sample MDACC-M739",Homo sapiens,M739,MDACC,39.0,N,N,N,N,T2,N1,IIB,3,RD,RCB-0/I,0,1.695,N,N,SET-Low,Rx Sensitive,High,Basal,pCR,RCB-0/I,,"Patients prospectively consented to a research biopsy by fine needle aspiration (FNA) or  core biopsy (CBX) prior to any systemic therapy, and to the future assessment of pathologic  response and/or survival endpoints",total RNA,Total RNA was extracted from tissue using Qiagen Rneasy columns,biotin,A single-round T7 amplification was used to generate biotin-labeled cRNA for hybridization.  At least 1 ug of RNA is required for cRNA synthesis.,9606,"Following fragmentation, 10 ug of cRNA were hybridized overnight at 46C on Affymetrix U133A arrays. GeneChips were washed and stained in the Affymetrix Fluidics Station 400.",GeneChips were scanned using the diagnostic-grade Affymetrix scanner 3000DX,Probe intensities were quantified with Microarray Suite version 5.0 (MAS 5.0) using Affymetrix default analysis settings.  CEL files were normalized using global scaling with a trimmed mean target intensity of each array arbitrarily set to 600 using the MAS5 algorithm from the simpleaffy package (http://bioconductor.org/packages/2.4/bioc/html/simpleaffy.html).,GPL96,ftp://ftp.ncbi.nlm.nih.gov/geo/samples/GSM615nnn/GSM615372/suppl/GSM615372_FL790-739.CEL.gz,22283,Reanalyzed by: GSE205568
GSM615373,GSE25055,M744,GSM615373,Public on May 11 2011,Nov 01 2010,Jun 06 2022,RNA,1,"breast cancer, sample MDACC-M744",Homo sapiens,M744,MDACC,44.0,P,N,N,P,T2,N1,IIB,2,RD,RCB-III,0,1.029,P,N,SET-Low,Rx Insensitive,Low,LumB,RD,RCB-0/I,,"Patients prospectively consented to a research biopsy by fine needle aspiration (FNA) or  core biopsy (CBX) prior to any systemic therapy, and to the future assessment of pathologic  response and/or survival endpoints",total RNA,Total RNA was extracted from tissue using Qiagen Rneasy columns,biotin,A single-round T7 amplification was used to generate biotin-labeled cRNA for hybridization.  At least 1 ug of RNA is required for cRNA synthesis.,9606,"Following fragmentation, 10 ug of cRNA were hybridized overnight at 46C on Affymetrix U133A arrays. GeneChips were washed and stained in the Affymetrix Fluidics Station 400.",GeneChips were scanned using the diagnostic-grade Affymetrix scanner 3000DX,Probe intensities were quantified with Microarray Suite version 5.0 (MAS 5.0) using Affymetrix default analysis settings.  CEL files were normalized using global scaling with a trimmed mean target intensity of each array arbitrarily set to 600 using the MAS5 algorithm from the simpleaffy package (http://bioconductor.org/packages/2.4/bioc/html/simpleaffy.html).,GPL96,ftp://ftp.ncbi.nlm.nih.gov/geo/samples/GSM615nnn/GSM615373/suppl/GSM615373_FL614-744.CEL.gz,22283,Reanalyzed by: GSE205568
GSM615374,GSE25055,M746,GSM615374,Public on May 11 2011,Nov 01 2010,Jun 06 2022,RNA,1,"breast cancer, sample MDACC-M746",Homo sapiens,M746,MDACC,56.0,P,P,N,P,T3,N0,IIB,1,RD,RCB-II,0,1.665,P,P,SET-Int,Rx Sensitive,Low,LumA,RD,RCB-II/III,,"Patients prospectively consented to a research biopsy by fine needle aspiration (FNA) or  core biopsy (CBX) prior to any systemic therapy, and to the future assessment of pathologic  response and/or survival endpoints",total RNA,Total RNA was extracted from tissue using Qiagen Rneasy columns,biotin,A single-round T7 amplification was used to generate biotin-labeled cRNA for hybridization.  At least 1 ug of RNA is required for cRNA synthesis.,9606,"Following fragmentation, 10 ug of cRNA were hybridized overnight at 46C on Affymetrix U133A arrays. GeneChips were washed and stained in the Affymetrix Fluidics Station 400.",GeneChips were scanned using the diagnostic-grade Affymetrix scanner 3000DX,Probe intensities were quantified with Microarray Suite version 5.0 (MAS 5.0) using Affymetrix default analysis settings.  CEL files were normalized using global scaling with a trimmed mean target intensity of each array arbitrarily set to 600 using the MAS5 algorithm from the simpleaffy package (http://bioconductor.org/packages/2.4/bioc/html/simpleaffy.html).,GPL96,ftp://ftp.ncbi.nlm.nih.gov/geo/samples/GSM615nnn/GSM615374/suppl/GSM615374_FL685-746.CEL.gz,22283,Reanalyzed by: GSE205568
GSM615375,GSE25055,M750,GSM615375,Public on May 11 2011,Nov 01 2010,Jun 06 2022,RNA,1,"breast cancer, sample MDACC-M750",Homo sapiens,M750,MDACC,75.0,N,P,N,N,T2,N2,IIIA,3,pCR,RCB-0/I,0,1.240,N,N,SET-Low,Rx Insensitive,High,Basal,pCR,RCB-0/I,,"Patients prospectively consented to a research biopsy by fine needle aspiration (FNA) or  core biopsy (CBX) prior to any systemic therapy, and to the future assessment of pathologic  response and/or survival endpoints",total RNA,Total RNA was extracted from tissue using Qiagen Rneasy columns,biotin,A single-round T7 amplification was used to generate biotin-labeled cRNA for hybridization.  At least 1 ug of RNA is required for cRNA synthesis.,9606,"Following fragmentation, 10 ug of cRNA were hybridized overnight at 46C on Affymetrix U133A arrays. GeneChips were washed and stained in the Affymetrix Fluidics Station 400.",GeneChips were scanned using the diagnostic-grade Affymetrix scanner 3000DX,Probe intensities were quantified with Microarray Suite version 5.0 (MAS 5.0) using Affymetrix default analysis settings.  CEL files were normalized using global scaling with a trimmed mean target intensity of each array arbitrarily set to 600 using the MAS5 algorithm from the simpleaffy package (http://bioconductor.org/packages/2.4/bioc/html/simpleaffy.html).,GPL96,ftp://ftp.ncbi.nlm.nih.gov/geo/samples/GSM615nnn/GSM615375/suppl/GSM615375_FL791-750.CEL.gz,22283,Reanalyzed by: GSE205568
GSM615376,GSE25055,M751,GSM615376,Public on May 11 2011,Nov 01 2010,Jun 06 2022,RNA,1,"breast cancer, sample MDACC-M751",Homo sapiens,M751,MDACC,51.0,N,N,N,N,T2,N1,IIB,2,RD,RCB-III,1,1.133,N,N,SET-Low,Rx Insensitive,High,Basal,pCR,RCB-II/III,,"Patients prospectively consented to a research biopsy by fine needle aspiration (FNA) or  core biopsy (CBX) prior to any systemic therapy, and to the future assessment of pathologic  response and/or survival endpoints",total RNA,Total RNA was extracted from tissue using Qiagen Rneasy columns,biotin,A single-round T7 amplification was used to generate biotin-labeled cRNA for hybridization.  At least 1 ug of RNA is required for cRNA synthesis.,9606,"Following fragmentation, 10 ug of cRNA were hybridized overnight at 46C on Affymetrix U133A arrays. GeneChips were washed and stained in the Affymetrix Fluidics Station 400.",GeneChips were scanned using the diagnostic-grade Affymetrix scanner 3000DX,Probe intensities were quantified with Microarray Suite version 5.0 (MAS 5.0) using Affymetrix default analysis settings.  CEL files were normalized using global scaling with a trimmed mean target intensity of each array arbitrarily set to 600 using the MAS5 algorithm from the simpleaffy package (http://bioconductor.org/packages/2.4/bioc/html/simpleaffy.html).,GPL96,ftp://ftp.ncbi.nlm.nih.gov/geo/samples/GSM615nnn/GSM615376/suppl/GSM615376_U133A_80-FL-196-FL360-751_08_18_06.CEL.gz,22283,Reanalyzed by: GSE205568
GSM615377,GSE25055,M753,GSM615377,Public on May 11 2011,Nov 01 2010,Jun 06 2022,RNA,1,"breast cancer, sample MDACC-M753",Homo sapiens,M753,MDACC,49.0,P,P,N,P,T4,N0,IIIB,2,RD,RCB-II,0,1.719,P,N,SET-Low,Rx Insensitive,High,LumB,RD,RCB-II/III,,"Patients prospectively consented to a research biopsy by fine needle aspiration (FNA) or  core biopsy (CBX) prior to any systemic therapy, and to the future assessment of pathologic  response and/or survival endpoints",total RNA,Total RNA was extracted from tissue using Qiagen Rneasy columns,biotin,A single-round T7 amplification was used to generate biotin-labeled cRNA for hybridization.  At least 1 ug of RNA is required for cRNA synthesis.,9606,"Following fragmentation, 10 ug of cRNA were hybridized overnight at 46C on Affymetrix U133A arrays. GeneChips were washed and stained in the Affymetrix Fluidics Station 400.",GeneChips were scanned using the diagnostic-grade Affymetrix scanner 3000DX,Probe intensities were quantified with Microarray Suite version 5.0 (MAS 5.0) using Affymetrix default analysis settings.  CEL files were normalized using global scaling with a trimmed mean target intensity of each array arbitrarily set to 600 using the MAS5 algorithm from the simpleaffy package (http://bioconductor.org/packages/2.4/bioc/html/simpleaffy.html).,GPL96,ftp://ftp.ncbi.nlm.nih.gov/geo/samples/GSM615nnn/GSM615377/suppl/GSM615377_FL701-753.CEL.gz,22283,Reanalyzed by: GSE205568
GSM615378,GSE25055,M757,GSM615378,Public on May 11 2011,Nov 01 2010,Jun 06 2022,RNA,1,"breast cancer, sample MDACC-M757",Homo sapiens,M757,MDACC,41.0,N,N,N,N,T2,N3,IIIB,3,RD,RCB-0/I,0,1.120,N,N,SET-Low,Rx Insensitive,High,Basal,pCR,RCB-0/I,,"Patients prospectively consented to a research biopsy by fine needle aspiration (FNA) or  core biopsy (CBX) prior to any systemic therapy, and to the future assessment of pathologic  response and/or survival endpoints",total RNA,Total RNA was extracted from tissue using Qiagen Rneasy columns,biotin,A single-round T7 amplification was used to generate biotin-labeled cRNA for hybridization.  At least 1 ug of RNA is required for cRNA synthesis.,9606,"Following fragmentation, 10 ug of cRNA were hybridized overnight at 46C on Affymetrix U133A arrays. GeneChips were washed and stained in the Affymetrix Fluidics Station 400.",GeneChips were scanned using the diagnostic-grade Affymetrix scanner 3000DX,Probe intensities were quantified with Microarray Suite version 5.0 (MAS 5.0) using Affymetrix default analysis settings.  CEL files were normalized using global scaling with a trimmed mean target intensity of each array arbitrarily set to 600 using the MAS5 algorithm from the simpleaffy package (http://bioconductor.org/packages/2.4/bioc/html/simpleaffy.html).,GPL96,ftp://ftp.ncbi.nlm.nih.gov/geo/samples/GSM615nnn/GSM615378/suppl/GSM615378_FL667-757.CEL.gz,22283,Reanalyzed by: GSE205568
GSM615379,GSE25055,M758,GSM615379,Public on May 11 2011,Nov 01 2010,Jun 06 2022,RNA,1,"breast cancer, sample MDACC-M758",Homo sapiens,M758,MDACC,62.0,N,N,N,N,T4,N1,IIIB,3,pCR,RCB-0/I,0,1.144,N,N,SET-Low,Rx Insensitive,High,Basal,pCR,RCB-0/I,,"Patients prospectively consented to a research biopsy by fine needle aspiration (FNA) or  core biopsy (CBX) prior to any systemic therapy, and to the future assessment of pathologic  response and/or survival endpoints",total RNA,Total RNA was extracted from tissue using Qiagen Rneasy columns,biotin,A single-round T7 amplification was used to generate biotin-labeled cRNA for hybridization.  At least 1 ug of RNA is required for cRNA synthesis.,9606,"Following fragmentation, 10 ug of cRNA were hybridized overnight at 46C on Affymetrix U133A arrays. GeneChips were washed and stained in the Affymetrix Fluidics Station 400.",GeneChips were scanned using the diagnostic-grade Affymetrix scanner 3000DX,Probe intensities were quantified with Microarray Suite version 5.0 (MAS 5.0) using Affymetrix default analysis settings.  CEL files were normalized using global scaling with a trimmed mean target intensity of each array arbitrarily set to 600 using the MAS5 algorithm from the simpleaffy package (http://bioconductor.org/packages/2.4/bioc/html/simpleaffy.html).,GPL96,ftp://ftp.ncbi.nlm.nih.gov/geo/samples/GSM615nnn/GSM615379/suppl/GSM615379_FL668-758.CEL.gz,22283,Reanalyzed by: GSE205568
GSM615380,GSE25055,M763,GSM615380,Public on May 11 2011,Nov 01 2010,Jun 06 2022,RNA,1,"breast cancer, sample MDACC-M763",Homo sapiens,M763,MDACC,40.0,N,N,N,N,T3,N2,IIIA,3,RD,RCB-III,1,0.170,N,N,SET-Low,Rx Insensitive,High,Basal,pCR,RCB-II/III,,"Patients prospectively consented to a research biopsy by fine needle aspiration (FNA) or  core biopsy (CBX) prior to any systemic therapy, and to the future assessment of pathologic  response and/or survival endpoints",total RNA,Total RNA was extracted from tissue using Qiagen Rneasy columns,biotin,A single-round T7 amplification was used to generate biotin-labeled cRNA for hybridization.  At least 1 ug of RNA is required for cRNA synthesis.,9606,"Following fragmentation, 10 ug of cRNA were hybridized overnight at 46C on Affymetrix U133A arrays. GeneChips were washed and stained in the Affymetrix Fluidics Station 400.",GeneChips were scanned using the diagnostic-grade Affymetrix scanner 3000DX,Probe intensities were quantified with Microarray Suite version 5.0 (MAS 5.0) using Affymetrix default analysis settings.  CEL files were normalized using global scaling with a trimmed mean target intensity of each array arbitrarily set to 600 using the MAS5 algorithm from the simpleaffy package (http://bioconductor.org/packages/2.4/bioc/html/simpleaffy.html).,GPL96,ftp://ftp.ncbi.nlm.nih.gov/geo/samples/GSM615nnn/GSM615380/suppl/GSM615380_FL792-763.CEL.gz,22283,Reanalyzed by: GSE205568
GSM615381,GSE25055,M765,GSM615381,Public on May 11 2011,Nov 01 2010,Jun 06 2022,RNA,1,"breast cancer, sample MDACC-M765",Homo sapiens,M765,MDACC,62.0,P,P,N,P,T4,N1,IIIB,3,RD,RCB-III,0,1.008,P,N,SET-Low,Rx Insensitive,Low,LumA,RD,RCB-II/III,,"Patients prospectively consented to a research biopsy by fine needle aspiration (FNA) or  core biopsy (CBX) prior to any systemic therapy, and to the future assessment of pathologic  response and/or survival endpoints",total RNA,Total RNA was extracted from tissue using Qiagen Rneasy columns,biotin,A single-round T7 amplification was used to generate biotin-labeled cRNA for hybridization.  At least 1 ug of RNA is required for cRNA synthesis.,9606,"Following fragmentation, 10 ug of cRNA were hybridized overnight at 46C on Affymetrix U133A arrays. GeneChips were washed and stained in the Affymetrix Fluidics Station 400.",GeneChips were scanned using the diagnostic-grade Affymetrix scanner 3000DX,Probe intensities were quantified with Microarray Suite version 5.0 (MAS 5.0) using Affymetrix default analysis settings.  CEL files were normalized using global scaling with a trimmed mean target intensity of each array arbitrarily set to 600 using the MAS5 algorithm from the simpleaffy package (http://bioconductor.org/packages/2.4/bioc/html/simpleaffy.html).,GPL96,ftp://ftp.ncbi.nlm.nih.gov/geo/samples/GSM615nnn/GSM615381/suppl/GSM615381_FL681-765.CEL.gz,22283,Reanalyzed by: GSE205568
GSM615382,GSE25055,M766,GSM615382,Public on May 11 2011,Nov 01 2010,Jun 06 2022,RNA,1,"breast cancer, sample MDACC-M766",Homo sapiens,M766,MDACC,59.0,N,N,N,N,T2,N0,IIA,3,RD,RCB-II,0,1.142,N,N,SET-Low,Rx Insensitive,Low,Basal,pCR,RCB-II/III,,"Patients prospectively consented to a research biopsy by fine needle aspiration (FNA) or  core biopsy (CBX) prior to any systemic therapy, and to the future assessment of pathologic  response and/or survival endpoints",total RNA,Total RNA was extracted from tissue using Qiagen Rneasy columns,biotin,A single-round T7 amplification was used to generate biotin-labeled cRNA for hybridization.  At least 1 ug of RNA is required for cRNA synthesis.,9606,"Following fragmentation, 10 ug of cRNA were hybridized overnight at 46C on Affymetrix U133A arrays. GeneChips were washed and stained in the Affymetrix Fluidics Station 400.",GeneChips were scanned using the diagnostic-grade Affymetrix scanner 3000DX,Probe intensities were quantified with Microarray Suite version 5.0 (MAS 5.0) using Affymetrix default analysis settings.  CEL files were normalized using global scaling with a trimmed mean target intensity of each array arbitrarily set to 600 using the MAS5 algorithm from the simpleaffy package (http://bioconductor.org/packages/2.4/bioc/html/simpleaffy.html).,GPL96,ftp://ftp.ncbi.nlm.nih.gov/geo/samples/GSM615nnn/GSM615382/suppl/GSM615382_FL566-766.CEL.gz,22283,Reanalyzed by: GSE205568
GSM615383,GSE25055,M767,GSM615383,Public on May 11 2011,Nov 01 2010,Jun 06 2022,RNA,1,"breast cancer, sample MDACC-M767",Homo sapiens,M767,MDACC,51.0,P,P,N,P,T2,N0,IIA,2,pCR,RCB-0/I,0,1.243,P,N,SET-Int,Rx Sensitive,Low,LumA,RD,RCB-0/I,,"Patients prospectively consented to a research biopsy by fine needle aspiration (FNA) or  core biopsy (CBX) prior to any systemic therapy, and to the future assessment of pathologic  response and/or survival endpoints",total RNA,Total RNA was extracted from tissue using Qiagen Rneasy columns,biotin,A single-round T7 amplification was used to generate biotin-labeled cRNA for hybridization.  At least 1 ug of RNA is required for cRNA synthesis.,9606,"Following fragmentation, 10 ug of cRNA were hybridized overnight at 46C on Affymetrix U133A arrays. GeneChips were washed and stained in the Affymetrix Fluidics Station 400.",GeneChips were scanned using the diagnostic-grade Affymetrix scanner 3000DX,Probe intensities were quantified with Microarray Suite version 5.0 (MAS 5.0) using Affymetrix default analysis settings.  CEL files were normalized using global scaling with a trimmed mean target intensity of each array arbitrarily set to 600 using the MAS5 algorithm from the simpleaffy package (http://bioconductor.org/packages/2.4/bioc/html/simpleaffy.html).,GPL96,ftp://ftp.ncbi.nlm.nih.gov/geo/samples/GSM615nnn/GSM615383/suppl/GSM615383_FL670-767.CEL.gz,22283,Reanalyzed by: GSE205568
GSM615384,GSE25055,M768,GSM615384,Public on May 11 2011,Nov 01 2010,Jun 06 2022,RNA,1,"breast cancer, sample MDACC-M768",Homo sapiens,M768,MDACC,57.0,N,N,N,N,T3,N1,IIIA,3,RD,RCB-II,0,1.284,N,N,SET-Low,Rx Insensitive,High,Basal,pCR,RCB-II/III,,"Patients prospectively consented to a research biopsy by fine needle aspiration (FNA) or  core biopsy (CBX) prior to any systemic therapy, and to the future assessment of pathologic  response and/or survival endpoints",total RNA,Total RNA was extracted from tissue using Qiagen Rneasy columns,biotin,A single-round T7 amplification was used to generate biotin-labeled cRNA for hybridization.  At least 1 ug of RNA is required for cRNA synthesis.,9606,"Following fragmentation, 10 ug of cRNA were hybridized overnight at 46C on Affymetrix U133A arrays. GeneChips were washed and stained in the Affymetrix Fluidics Station 400.",GeneChips were scanned using the diagnostic-grade Affymetrix scanner 3000DX,Probe intensities were quantified with Microarray Suite version 5.0 (MAS 5.0) using Affymetrix default analysis settings.  CEL files were normalized using global scaling with a trimmed mean target intensity of each array arbitrarily set to 600 using the MAS5 algorithm from the simpleaffy package (http://bioconductor.org/packages/2.4/bioc/html/simpleaffy.html).,GPL96,ftp://ftp.ncbi.nlm.nih.gov/geo/samples/GSM615nnn/GSM615384/suppl/GSM615384_FL671-768.CEL.gz,22283,Reanalyzed by: GSE205568
GSM615385,GSE25055,M771,GSM615385,Public on May 11 2011,Nov 01 2010,Jun 06 2022,RNA,1,"breast cancer, sample MDACC-M771",Homo sapiens,M771,MDACC,37.0,N,N,N,N,T3,N1,IIIA,2,RD,RCB-II,0,1.128,N,N,SET-Low,Rx Insensitive,Low,Basal,pCR,RCB-II/III,,"Patients prospectively consented to a research biopsy by fine needle aspiration (FNA) or  core biopsy (CBX) prior to any systemic therapy, and to the future assessment of pathologic  response and/or survival endpoints",total RNA,Total RNA was extracted from tissue using Qiagen Rneasy columns,biotin,A single-round T7 amplification was used to generate biotin-labeled cRNA for hybridization.  At least 1 ug of RNA is required for cRNA synthesis.,9606,"Following fragmentation, 10 ug of cRNA were hybridized overnight at 46C on Affymetrix U133A arrays. GeneChips were washed and stained in the Affymetrix Fluidics Station 400.",GeneChips were scanned using the diagnostic-grade Affymetrix scanner 3000DX,Probe intensities were quantified with Microarray Suite version 5.0 (MAS 5.0) using Affymetrix default analysis settings.  CEL files were normalized using global scaling with a trimmed mean target intensity of each array arbitrarily set to 600 using the MAS5 algorithm from the simpleaffy package (http://bioconductor.org/packages/2.4/bioc/html/simpleaffy.html).,GPL96,ftp://ftp.ncbi.nlm.nih.gov/geo/samples/GSM615nnn/GSM615385/suppl/GSM615385_FL702-771.CEL.gz,22283,Reanalyzed by: GSE205568
GSM615386,GSE25055,M774,GSM615386,Public on May 11 2011,Nov 01 2010,Jun 06 2022,RNA,1,"breast cancer, sample MDACC-M774",Homo sapiens,M774,MDACC,49.0,P,P,N,P,T2,N1,IIB,2,RD,RCB-III,0,0.879,P,N,SET-Low,Rx Insensitive,Low,LumA,RD,RCB-II/III,,"Patients prospectively consented to a research biopsy by fine needle aspiration (FNA) or  core biopsy (CBX) prior to any systemic therapy, and to the future assessment of pathologic  response and/or survival endpoints",total RNA,Total RNA was extracted from tissue using Qiagen Rneasy columns,biotin,A single-round T7 amplification was used to generate biotin-labeled cRNA for hybridization.  At least 1 ug of RNA is required for cRNA synthesis.,9606,"Following fragmentation, 10 ug of cRNA were hybridized overnight at 46C on Affymetrix U133A arrays. GeneChips were washed and stained in the Affymetrix Fluidics Station 400.",GeneChips were scanned using the diagnostic-grade Affymetrix scanner 3000DX,Probe intensities were quantified with Microarray Suite version 5.0 (MAS 5.0) using Affymetrix default analysis settings.  CEL files were normalized using global scaling with a trimmed mean target intensity of each array arbitrarily set to 600 using the MAS5 algorithm from the simpleaffy package (http://bioconductor.org/packages/2.4/bioc/html/simpleaffy.html).,GPL96,ftp://ftp.ncbi.nlm.nih.gov/geo/samples/GSM615nnn/GSM615386/suppl/GSM615386_FL658-774.CEL.gz,22283,Reanalyzed by: GSE205568
GSM615387,GSE25055,M779,GSM615387,Public on May 11 2011,Nov 01 2010,Jun 06 2022,RNA,1,"breast cancer, sample MDACC-M779",Homo sapiens,M779,MDACC,38.0,N,N,N,N,T2,N1,IIB,3,RD,RCB-III,0,1.391,N,N,SET-Low,Rx Insensitive,High,Basal,RD,RCB-II/III,,"Patients prospectively consented to a research biopsy by fine needle aspiration (FNA) or  core biopsy (CBX) prior to any systemic therapy, and to the future assessment of pathologic  response and/or survival endpoints",total RNA,Total RNA was extracted from tissue using Qiagen Rneasy columns,biotin,A single-round T7 amplification was used to generate biotin-labeled cRNA for hybridization.  At least 1 ug of RNA is required for cRNA synthesis.,9606,"Following fragmentation, 10 ug of cRNA were hybridized overnight at 46C on Affymetrix U133A arrays. GeneChips were washed and stained in the Affymetrix Fluidics Station 400.",GeneChips were scanned using the diagnostic-grade Affymetrix scanner 3000DX,Probe intensities were quantified with Microarray Suite version 5.0 (MAS 5.0) using Affymetrix default analysis settings.  CEL files were normalized using global scaling with a trimmed mean target intensity of each array arbitrarily set to 600 using the MAS5 algorithm from the simpleaffy package (http://bioconductor.org/packages/2.4/bioc/html/simpleaffy.html).,GPL96,ftp://ftp.ncbi.nlm.nih.gov/geo/samples/GSM615nnn/GSM615387/suppl/GSM615387_FL663-779.CEL.gz,22283,Reanalyzed by: GSE205568
GSM615388,GSE25055,M781,GSM615388,Public on May 11 2011,Nov 01 2010,Jun 06 2022,RNA,1,"breast cancer, sample MDACC-M781",Homo sapiens,M781,MDACC,40.0,P,P,N,P,T3,N0,IIB,2,RD,RCB-II,0,0.778,P,N,SET-Int,Rx Sensitive,Low,LumA,RD,RCB-II/III,,"Patients prospectively consented to a research biopsy by fine needle aspiration (FNA) or  core biopsy (CBX) prior to any systemic therapy, and to the future assessment of pathologic  response and/or survival endpoints",total RNA,Total RNA was extracted from tissue using Qiagen Rneasy columns,biotin,A single-round T7 amplification was used to generate biotin-labeled cRNA for hybridization.  At least 1 ug of RNA is required for cRNA synthesis.,9606,"Following fragmentation, 10 ug of cRNA were hybridized overnight at 46C on Affymetrix U133A arrays. GeneChips were washed and stained in the Affymetrix Fluidics Station 400.",GeneChips were scanned using the diagnostic-grade Affymetrix scanner 3000DX,Probe intensities were quantified with Microarray Suite version 5.0 (MAS 5.0) using Affymetrix default analysis settings.  CEL files were normalized using global scaling with a trimmed mean target intensity of each array arbitrarily set to 600 using the MAS5 algorithm from the simpleaffy package (http://bioconductor.org/packages/2.4/bioc/html/simpleaffy.html).,GPL96,ftp://ftp.ncbi.nlm.nih.gov/geo/samples/GSM615nnn/GSM615388/suppl/GSM615388_FL660-781.CEL.gz,22283,Reanalyzed by: GSE205568
GSM615389,GSE25055,M782,GSM615389,Public on May 11 2011,Nov 01 2010,Jun 06 2022,RNA,1,"breast cancer, sample MDACC-M782",Homo sapiens,M782,MDACC,53.0,P,N,N,P,T2,N3,IIIB,1,RD,RCB-III,0,1.147,P,N,SET-Low,Rx Insensitive,Low,LumA,RD,RCB-II/III,,"Patients prospectively consented to a research biopsy by fine needle aspiration (FNA) or  core biopsy (CBX) prior to any systemic therapy, and to the future assessment of pathologic  response and/or survival endpoints",total RNA,Total RNA was extracted from tissue using Qiagen Rneasy columns,biotin,A single-round T7 amplification was used to generate biotin-labeled cRNA for hybridization.  At least 1 ug of RNA is required for cRNA synthesis.,9606,"Following fragmentation, 10 ug of cRNA were hybridized overnight at 46C on Affymetrix U133A arrays. GeneChips were washed and stained in the Affymetrix Fluidics Station 400.",GeneChips were scanned using the diagnostic-grade Affymetrix scanner 3000DX,Probe intensities were quantified with Microarray Suite version 5.0 (MAS 5.0) using Affymetrix default analysis settings.  CEL files were normalized using global scaling with a trimmed mean target intensity of each array arbitrarily set to 600 using the MAS5 algorithm from the simpleaffy package (http://bioconductor.org/packages/2.4/bioc/html/simpleaffy.html).,GPL96,ftp://ftp.ncbi.nlm.nih.gov/geo/samples/GSM615nnn/GSM615389/suppl/GSM615389_FL703-782.CEL.gz,22283,Reanalyzed by: GSE205568
GSM615390,GSE25055,M783,GSM615390,Public on May 11 2011,Nov 01 2010,Jun 06 2022,RNA,1,"breast cancer, sample MDACC-M783",Homo sapiens,M783,MDACC,46.0,N,N,N,N,T2,N2,IIIA,3,RD,RCB-III,0,1.487,N,N,SET-Low,Rx Insensitive,High,Basal,pCR,RCB-II/III,,"Patients prospectively consented to a research biopsy by fine needle aspiration (FNA) or  core biopsy (CBX) prior to any systemic therapy, and to the future assessment of pathologic  response and/or survival endpoints",total RNA,Total RNA was extracted from tissue using Qiagen Rneasy columns,biotin,A single-round T7 amplification was used to generate biotin-labeled cRNA for hybridization.  At least 1 ug of RNA is required for cRNA synthesis.,9606,"Following fragmentation, 10 ug of cRNA were hybridized overnight at 46C on Affymetrix U133A arrays. GeneChips were washed and stained in the Affymetrix Fluidics Station 400.",GeneChips were scanned using the diagnostic-grade Affymetrix scanner 3000DX,Probe intensities were quantified with Microarray Suite version 5.0 (MAS 5.0) using Affymetrix default analysis settings.  CEL files were normalized using global scaling with a trimmed mean target intensity of each array arbitrarily set to 600 using the MAS5 algorithm from the simpleaffy package (http://bioconductor.org/packages/2.4/bioc/html/simpleaffy.html).,GPL96,ftp://ftp.ncbi.nlm.nih.gov/geo/samples/GSM615nnn/GSM615390/suppl/GSM615390_FL661-783.CEL.gz,22283,Reanalyzed by: GSE205568
GSM615391,GSE25055,M784,GSM615391,Public on May 11 2011,Nov 01 2010,Jun 06 2022,RNA,1,"breast cancer, sample MDACC-M784",Homo sapiens,M784,MDACC,58.0,P,P,N,P,T4,N0,IIIB,3,RD,RCB-II,0,1.188,P,N,SET-Low,Rx Insensitive,High,LumB,RD,RCB-II/III,,"Patients prospectively consented to a research biopsy by fine needle aspiration (FNA) or  core biopsy (CBX) prior to any systemic therapy, and to the future assessment of pathologic  response and/or survival endpoints",total RNA,Total RNA was extracted from tissue using Qiagen Rneasy columns,biotin,A single-round T7 amplification was used to generate biotin-labeled cRNA for hybridization.  At least 1 ug of RNA is required for cRNA synthesis.,9606,"Following fragmentation, 10 ug of cRNA were hybridized overnight at 46C on Affymetrix U133A arrays. GeneChips were washed and stained in the Affymetrix Fluidics Station 400.",GeneChips were scanned using the diagnostic-grade Affymetrix scanner 3000DX,Probe intensities were quantified with Microarray Suite version 5.0 (MAS 5.0) using Affymetrix default analysis settings.  CEL files were normalized using global scaling with a trimmed mean target intensity of each array arbitrarily set to 600 using the MAS5 algorithm from the simpleaffy package (http://bioconductor.org/packages/2.4/bioc/html/simpleaffy.html).,GPL96,ftp://ftp.ncbi.nlm.nih.gov/geo/samples/GSM615nnn/GSM615391/suppl/GSM615391_FL704-784.CEL.gz,22283,Reanalyzed by: GSE205568
GSM615392,GSE25055,M791,GSM615392,Public on May 11 2011,Nov 01 2010,Jun 06 2022,RNA,1,"breast cancer, sample MDACC-M791",Homo sapiens,M791,MDACC,65.0,N,N,N,N,T4,N2,IIIB,3,RD,RCB-III,1,0.085,N,N,SET-Low,Rx Insensitive,High,Basal,pCR,RCB-II/III,,"Patients prospectively consented to a research biopsy by fine needle aspiration (FNA) or  core biopsy (CBX) prior to any systemic therapy, and to the future assessment of pathologic  response and/or survival endpoints",total RNA,Total RNA was extracted from tissue using Qiagen Rneasy columns,biotin,A single-round T7 amplification was used to generate biotin-labeled cRNA for hybridization.  At least 1 ug of RNA is required for cRNA synthesis.,9606,"Following fragmentation, 10 ug of cRNA were hybridized overnight at 46C on Affymetrix U133A arrays. GeneChips were washed and stained in the Affymetrix Fluidics Station 400.",GeneChips were scanned using the diagnostic-grade Affymetrix scanner 3000DX,Probe intensities were quantified with Microarray Suite version 5.0 (MAS 5.0) using Affymetrix default analysis settings.  CEL files were normalized using global scaling with a trimmed mean target intensity of each array arbitrarily set to 600 using the MAS5 algorithm from the simpleaffy package (http://bioconductor.org/packages/2.4/bioc/html/simpleaffy.html).,GPL96,ftp://ftp.ncbi.nlm.nih.gov/geo/samples/GSM615nnn/GSM615392/suppl/GSM615392_FL830-791_B_.CEL.gz,22283,Reanalyzed by: GSE205568
GSM615393,GSE25055,M792,GSM615393,Public on May 11 2011,Nov 01 2010,Jun 06 2022,RNA,1,"breast cancer, sample MDACC-M792",Homo sapiens,M792,MDACC,43.0,N,N,N,N,T3,N2,IIIA,3,pCR,RCB-0/I,0,1.265,N,N,SET-Low,Rx Insensitive,High,Basal,pCR,RCB-0/I,,"Patients prospectively consented to a research biopsy by fine needle aspiration (FNA) or  core biopsy (CBX) prior to any systemic therapy, and to the future assessment of pathologic  response and/or survival endpoints",total RNA,Total RNA was extracted from tissue using Qiagen Rneasy columns,biotin,A single-round T7 amplification was used to generate biotin-labeled cRNA for hybridization.  At least 1 ug of RNA is required for cRNA synthesis.,9606,"Following fragmentation, 10 ug of cRNA were hybridized overnight at 46C on Affymetrix U133A arrays. GeneChips were washed and stained in the Affymetrix Fluidics Station 400.",GeneChips were scanned using the diagnostic-grade Affymetrix scanner 3000DX,Probe intensities were quantified with Microarray Suite version 5.0 (MAS 5.0) using Affymetrix default analysis settings.  CEL files were normalized using global scaling with a trimmed mean target intensity of each array arbitrarily set to 600 using the MAS5 algorithm from the simpleaffy package (http://bioconductor.org/packages/2.4/bioc/html/simpleaffy.html).,GPL96,ftp://ftp.ncbi.nlm.nih.gov/geo/samples/GSM615nnn/GSM615393/suppl/GSM615393_FL706-792.CEL.gz,22283,Reanalyzed by: GSE205568
GSM615394,GSE25055,M794,GSM615394,Public on May 11 2011,Nov 01 2010,Jun 06 2022,RNA,1,"breast cancer, sample MDACC-M794",Homo sapiens,M794,MDACC,62.0,N,N,N,N,T2,N0,IIA,3,pCR,RCB-0/I,0,1.194,N,N,SET-Low,Rx Insensitive,High,Basal,pCR,RCB-0/I,,"Patients prospectively consented to a research biopsy by fine needle aspiration (FNA) or  core biopsy (CBX) prior to any systemic therapy, and to the future assessment of pathologic  response and/or survival endpoints",total RNA,Total RNA was extracted from tissue using Qiagen Rneasy columns,biotin,A single-round T7 amplification was used to generate biotin-labeled cRNA for hybridization.  At least 1 ug of RNA is required for cRNA synthesis.,9606,"Following fragmentation, 10 ug of cRNA were hybridized overnight at 46C on Affymetrix U133A arrays. GeneChips were washed and stained in the Affymetrix Fluidics Station 400.",GeneChips were scanned using the diagnostic-grade Affymetrix scanner 3000DX,Probe intensities were quantified with Microarray Suite version 5.0 (MAS 5.0) using Affymetrix default analysis settings.  CEL files were normalized using global scaling with a trimmed mean target intensity of each array arbitrarily set to 600 using the MAS5 algorithm from the simpleaffy package (http://bioconductor.org/packages/2.4/bioc/html/simpleaffy.html).,GPL96,ftp://ftp.ncbi.nlm.nih.gov/geo/samples/GSM615nnn/GSM615394/suppl/GSM615394_FL775-794.CEL.gz,22283,Reanalyzed by: GSE205568
GSM615395,GSE25055,M795,GSM615395,Public on May 11 2011,Nov 01 2010,Jun 06 2022,RNA,1,"breast cancer, sample MDACC-M795",Homo sapiens,M795,MDACC,64.0,P,N,N,P,T2,N0,IIA,2,RD,RCB-0/I,0,1.062,P,N,SET-Low,Rx Sensitive,Low,LumA,RD,RCB-0/I,,"Patients prospectively consented to a research biopsy by fine needle aspiration (FNA) or  core biopsy (CBX) prior to any systemic therapy, and to the future assessment of pathologic  response and/or survival endpoints",total RNA,Total RNA was extracted from tissue using Qiagen Rneasy columns,biotin,A single-round T7 amplification was used to generate biotin-labeled cRNA for hybridization.  At least 1 ug of RNA is required for cRNA synthesis.,9606,"Following fragmentation, 10 ug of cRNA were hybridized overnight at 46C on Affymetrix U133A arrays. GeneChips were washed and stained in the Affymetrix Fluidics Station 400.",GeneChips were scanned using the diagnostic-grade Affymetrix scanner 3000DX,Probe intensities were quantified with Microarray Suite version 5.0 (MAS 5.0) using Affymetrix default analysis settings.  CEL files were normalized using global scaling with a trimmed mean target intensity of each array arbitrarily set to 600 using the MAS5 algorithm from the simpleaffy package (http://bioconductor.org/packages/2.4/bioc/html/simpleaffy.html).,GPL96,ftp://ftp.ncbi.nlm.nih.gov/geo/samples/GSM615nnn/GSM615395/suppl/GSM615395_FL799-795.CEL.gz,22283,Reanalyzed by: GSE205568
GSM615396,GSE25055,M802,GSM615396,Public on May 11 2011,Nov 01 2010,Jun 06 2022,RNA,1,"breast cancer, sample MDACC-M802",Homo sapiens,M802,MDACC,32.0,N,N,N,N,T3,N1,IIIA,3,pCR,RCB-0/I,0,0.824,N,N,SET-Low,Rx Sensitive,High,Basal,pCR,RCB-0/I,,"Patients prospectively consented to a research biopsy by fine needle aspiration (FNA) or  core biopsy (CBX) prior to any systemic therapy, and to the future assessment of pathologic  response and/or survival endpoints",total RNA,Total RNA was extracted from tissue using Qiagen Rneasy columns,biotin,A single-round T7 amplification was used to generate biotin-labeled cRNA for hybridization.  At least 1 ug of RNA is required for cRNA synthesis.,9606,"Following fragmentation, 10 ug of cRNA were hybridized overnight at 46C on Affymetrix U133A arrays. GeneChips were washed and stained in the Affymetrix Fluidics Station 400.",GeneChips were scanned using the diagnostic-grade Affymetrix scanner 3000DX,Probe intensities were quantified with Microarray Suite version 5.0 (MAS 5.0) using Affymetrix default analysis settings.  CEL files were normalized using global scaling with a trimmed mean target intensity of each array arbitrarily set to 600 using the MAS5 algorithm from the simpleaffy package (http://bioconductor.org/packages/2.4/bioc/html/simpleaffy.html).,GPL96,ftp://ftp.ncbi.nlm.nih.gov/geo/samples/GSM615nnn/GSM615396/suppl/GSM615396_FL833-802.CEL.gz,22283,Reanalyzed by: GSE205568
GSM615397,GSE25055,M805,GSM615397,Public on May 11 2011,Nov 01 2010,Jun 06 2022,RNA,1,"breast cancer, sample MDACC-M805",Homo sapiens,M805,MDACC,57.0,N,N,N,N,T2,N1,IIB,2,pCR,RCB-0/I,0,0.931,N,N,SET-Low,Rx Sensitive,High,Basal,pCR,RCB-0/I,,"Patients prospectively consented to a research biopsy by fine needle aspiration (FNA) or  core biopsy (CBX) prior to any systemic therapy, and to the future assessment of pathologic  response and/or survival endpoints",total RNA,Total RNA was extracted from tissue using Qiagen Rneasy columns,biotin,A single-round T7 amplification was used to generate biotin-labeled cRNA for hybridization.  At least 1 ug of RNA is required for cRNA synthesis.,9606,"Following fragmentation, 10 ug of cRNA were hybridized overnight at 46C on Affymetrix U133A arrays. GeneChips were washed and stained in the Affymetrix Fluidics Station 400.",GeneChips were scanned using the diagnostic-grade Affymetrix scanner 3000DX,Probe intensities were quantified with Microarray Suite version 5.0 (MAS 5.0) using Affymetrix default analysis settings.  CEL files were normalized using global scaling with a trimmed mean target intensity of each array arbitrarily set to 600 using the MAS5 algorithm from the simpleaffy package (http://bioconductor.org/packages/2.4/bioc/html/simpleaffy.html).,GPL96,ftp://ftp.ncbi.nlm.nih.gov/geo/samples/GSM615nnn/GSM615397/suppl/GSM615397_FL801-805.CEL.gz,22283,Reanalyzed by: GSE205568
GSM615398,GSE25055,M806,GSM615398,Public on May 11 2011,Nov 01 2010,Jun 06 2022,RNA,1,"breast cancer, sample MDACC-M806",Homo sapiens,M806,MDACC,49.0,P,P,N,P,T4,N2,IIIB,3,RD,RCB-III,1,0.192,P,N,SET-Low,Rx Insensitive,High,LumB,RD,RCB-II/III,,"Patients prospectively consented to a research biopsy by fine needle aspiration (FNA) or  core biopsy (CBX) prior to any systemic therapy, and to the future assessment of pathologic  response and/or survival endpoints",total RNA,Total RNA was extracted from tissue using Qiagen Rneasy columns,biotin,A single-round T7 amplification was used to generate biotin-labeled cRNA for hybridization.  At least 1 ug of RNA is required for cRNA synthesis.,9606,"Following fragmentation, 10 ug of cRNA were hybridized overnight at 46C on Affymetrix U133A arrays. GeneChips were washed and stained in the Affymetrix Fluidics Station 400.",GeneChips were scanned using the diagnostic-grade Affymetrix scanner 3000DX,Probe intensities were quantified with Microarray Suite version 5.0 (MAS 5.0) using Affymetrix default analysis settings.  CEL files were normalized using global scaling with a trimmed mean target intensity of each array arbitrarily set to 600 using the MAS5 algorithm from the simpleaffy package (http://bioconductor.org/packages/2.4/bioc/html/simpleaffy.html).,GPL96,ftp://ftp.ncbi.nlm.nih.gov/geo/samples/GSM615nnn/GSM615398/suppl/GSM615398_FL802-806.CEL.gz,22283,Reanalyzed by: GSE205568
GSM615399,GSE25055,M810,GSM615399,Public on May 11 2011,Nov 01 2010,Jun 06 2022,RNA,1,"breast cancer, sample MDACC-M810",Homo sapiens,M810,MDACC,51.0,P,P,N,P,T3,N2,IIIA,2,RD,RCB-III,0,1.051,P,N,SET-Low,Rx Insensitive,Low,LumA,RD,RCB-II/III,,"Patients prospectively consented to a research biopsy by fine needle aspiration (FNA) or  core biopsy (CBX) prior to any systemic therapy, and to the future assessment of pathologic  response and/or survival endpoints",total RNA,Total RNA was extracted from tissue using Qiagen Rneasy columns,biotin,A single-round T7 amplification was used to generate biotin-labeled cRNA for hybridization.  At least 1 ug of RNA is required for cRNA synthesis.,9606,"Following fragmentation, 10 ug of cRNA were hybridized overnight at 46C on Affymetrix U133A arrays. GeneChips were washed and stained in the Affymetrix Fluidics Station 400.",GeneChips were scanned using the diagnostic-grade Affymetrix scanner 3000DX,Probe intensities were quantified with Microarray Suite version 5.0 (MAS 5.0) using Affymetrix default analysis settings.  CEL files were normalized using global scaling with a trimmed mean target intensity of each array arbitrarily set to 600 using the MAS5 algorithm from the simpleaffy package (http://bioconductor.org/packages/2.4/bioc/html/simpleaffy.html).,GPL96,ftp://ftp.ncbi.nlm.nih.gov/geo/samples/GSM615nnn/GSM615399/suppl/GSM615399_FL803-810.CEL.gz,22283,Reanalyzed by: GSE205568
GSM615400,GSE25055,PERU01,GSM615400,Public on May 11 2011,Nov 01 2010,Jun 06 2022,RNA,1,"breast cancer, sample MDACC-PERU01",Homo sapiens,PERU01,MDACC,73.0,P,N,N,P,T4,N1,IIIB,2,RD,RCB-II,0,2.746,P,N,SET-Low,Rx Insensitive,Low,LumA,RD,RCB-0/I,,"Patients prospectively consented to a research biopsy by fine needle aspiration (FNA) or  core biopsy (CBX) prior to any systemic therapy, and to the future assessment of pathologic  response and/or survival endpoints",total RNA,Total RNA was extracted from tissue using Qiagen Rneasy columns,biotin,A single-round T7 amplification was used to generate biotin-labeled cRNA for hybridization.  At least 1 ug of RNA is required for cRNA synthesis.,9606,"Following fragmentation, 10 ug of cRNA were hybridized overnight at 46C on Affymetrix U133A arrays. GeneChips were washed and stained in the Affymetrix Fluidics Station 400.",GeneChips were scanned using the diagnostic-grade Affymetrix scanner 3000DX,Probe intensities were quantified with Microarray Suite version 5.0 (MAS 5.0) using Affymetrix default analysis settings.  CEL files were normalized using global scaling with a trimmed mean target intensity of each array arbitrarily set to 600 using the MAS5 algorithm from the simpleaffy package (http://bioconductor.org/packages/2.4/bioc/html/simpleaffy.html).,GPL96,ftp://ftp.ncbi.nlm.nih.gov/geo/samples/GSM615nnn/GSM615400/suppl/GSM615400_29539_AB01833935_35648.CEL.gz,22283,Reanalyzed by: GSE205568
GSM615401,GSE25055,PERU07,GSM615401,Public on May 11 2011,Nov 01 2010,Jun 06 2022,RNA,1,"breast cancer, sample MDACC-PERU07",Homo sapiens,PERU07,MDACC,71.0,P,N,N,P,T4,N1,IIIB,3,RD,RCB-II,0,2.511,P,N,SET-Low,Rx Insensitive,High,LumB,RD,RCB-II/III,,"Patients prospectively consented to a research biopsy by fine needle aspiration (FNA) or  core biopsy (CBX) prior to any systemic therapy, and to the future assessment of pathologic  response and/or survival endpoints",total RNA,Total RNA was extracted from tissue using Qiagen Rneasy columns,biotin,A single-round T7 amplification was used to generate biotin-labeled cRNA for hybridization.  At least 1 ug of RNA is required for cRNA synthesis.,9606,"Following fragmentation, 10 ug of cRNA were hybridized overnight at 46C on Affymetrix U133A arrays. GeneChips were washed and stained in the Affymetrix Fluidics Station 400.",GeneChips were scanned using the diagnostic-grade Affymetrix scanner 3000DX,Probe intensities were quantified with Microarray Suite version 5.0 (MAS 5.0) using Affymetrix default analysis settings.  CEL files were normalized using global scaling with a trimmed mean target intensity of each array arbitrarily set to 600 using the MAS5 algorithm from the simpleaffy package (http://bioconductor.org/packages/2.4/bioc/html/simpleaffy.html).,GPL96,ftp://ftp.ncbi.nlm.nih.gov/geo/samples/GSM615nnn/GSM615401/suppl/GSM615401_29539_AB01833754_35654.CEL.gz,22283,Reanalyzed by: GSE205568
GSM615402,GSE25055,PERU09,GSM615402,Public on May 11 2011,Nov 01 2010,Jun 06 2022,RNA,1,"breast cancer, sample MDACC-PERU09",Homo sapiens,PERU09,MDACC,47.0,P,P,N,P,T4,N1,IIIB,2,RD,RCB-III,0,2.363,P,N,SET-Low,Rx Insensitive,High,LumA,RD,RCB-II/III,,"Patients prospectively consented to a research biopsy by fine needle aspiration (FNA) or  core biopsy (CBX) prior to any systemic therapy, and to the future assessment of pathologic  response and/or survival endpoints",total RNA,Total RNA was extracted from tissue using Qiagen Rneasy columns,biotin,A single-round T7 amplification was used to generate biotin-labeled cRNA for hybridization.  At least 1 ug of RNA is required for cRNA synthesis.,9606,"Following fragmentation, 10 ug of cRNA were hybridized overnight at 46C on Affymetrix U133A arrays. GeneChips were washed and stained in the Affymetrix Fluidics Station 400.",GeneChips were scanned using the diagnostic-grade Affymetrix scanner 3000DX,Probe intensities were quantified with Microarray Suite version 5.0 (MAS 5.0) using Affymetrix default analysis settings.  CEL files were normalized using global scaling with a trimmed mean target intensity of each array arbitrarily set to 600 using the MAS5 algorithm from the simpleaffy package (http://bioconductor.org/packages/2.4/bioc/html/simpleaffy.html).,GPL96,ftp://ftp.ncbi.nlm.nih.gov/geo/samples/GSM615nnn/GSM615402/suppl/GSM615402_29539_AB01833820_35655.CEL.gz,22283,Reanalyzed by: GSE205568
GSM615403,GSE25055,PERU11,GSM615403,Public on May 11 2011,Nov 01 2010,Jun 06 2022,RNA,1,"breast cancer, sample MDACC-PERU11",Homo sapiens,PERU11,MDACC,50.0,N,N,N,N,T4,N1,IIIB,2,RD,RCB-II,1,1.265,N,N,SET-Low,Rx Insensitive,High,Basal,pCR,RCB-II/III,,"Patients prospectively consented to a research biopsy by fine needle aspiration (FNA) or  core biopsy (CBX) prior to any systemic therapy, and to the future assessment of pathologic  response and/or survival endpoints",total RNA,Total RNA was extracted from tissue using Qiagen Rneasy columns,biotin,A single-round T7 amplification was used to generate biotin-labeled cRNA for hybridization.  At least 1 ug of RNA is required for cRNA synthesis.,9606,"Following fragmentation, 10 ug of cRNA were hybridized overnight at 46C on Affymetrix U133A arrays. GeneChips were washed and stained in the Affymetrix Fluidics Station 400.",GeneChips were scanned using the diagnostic-grade Affymetrix scanner 3000DX,Probe intensities were quantified with Microarray Suite version 5.0 (MAS 5.0) using Affymetrix default analysis settings.  CEL files were normalized using global scaling with a trimmed mean target intensity of each array arbitrarily set to 600 using the MAS5 algorithm from the simpleaffy package (http://bioconductor.org/packages/2.4/bioc/html/simpleaffy.html).,GPL96,ftp://ftp.ncbi.nlm.nih.gov/geo/samples/GSM615nnn/GSM615403/suppl/GSM615403_29539_AB01833522_35706.CEL.gz,22283,Reanalyzed by: GSE205568
GSM615404,GSE25055,PERU12_14,GSM615404,Public on May 11 2011,Nov 01 2010,Jun 06 2022,RNA,1,"breast cancer, sample MDACC-PERU12_14",Homo sapiens,PERU12_14,MDACC,65.0,P,P,N,P,T2,N2,IIIA,3,RD,RCB-III,0,2.198,P,N,SET-Low,Rx Insensitive,High,LumB,RD,RCB-II/III,,"Patients prospectively consented to a research biopsy by fine needle aspiration (FNA) or  core biopsy (CBX) prior to any systemic therapy, and to the future assessment of pathologic  response and/or survival endpoints",total RNA,Total RNA was extracted from tissue using Qiagen Rneasy columns,biotin,A single-round T7 amplification was used to generate biotin-labeled cRNA for hybridization.  At least 1 ug of RNA is required for cRNA synthesis.,9606,"Following fragmentation, 10 ug of cRNA were hybridized overnight at 46C on Affymetrix U133A arrays. GeneChips were washed and stained in the Affymetrix Fluidics Station 400.",GeneChips were scanned using the diagnostic-grade Affymetrix scanner 3000DX,Probe intensities were quantified with Microarray Suite version 5.0 (MAS 5.0) using Affymetrix default analysis settings.  CEL files were normalized using global scaling with a trimmed mean target intensity of each array arbitrarily set to 600 using the MAS5 algorithm from the simpleaffy package (http://bioconductor.org/packages/2.4/bioc/html/simpleaffy.html).,GPL96,ftp://ftp.ncbi.nlm.nih.gov/geo/samples/GSM615nnn/GSM615404/suppl/GSM615404_29539_AB01833741_35650.CEL.gz,22283,Reanalyzed by: GSE205568
GSM615405,GSE25055,PERU14_16,GSM615405,Public on May 11 2011,Nov 01 2010,Jun 06 2022,RNA,1,"breast cancer, sample MDACC-PERU14_16",Homo sapiens,PERU14_16,MDACC,58.0,N,N,N,N,T4,N2,IIIB,3,RD,RCB-III,1,0.517,N,N,SET-Low,Rx Insensitive,High,Her2,pCR,RCB-II/III,,"Patients prospectively consented to a research biopsy by fine needle aspiration (FNA) or  core biopsy (CBX) prior to any systemic therapy, and to the future assessment of pathologic  response and/or survival endpoints",total RNA,Total RNA was extracted from tissue using Qiagen Rneasy columns,biotin,A single-round T7 amplification was used to generate biotin-labeled cRNA for hybridization.  At least 1 ug of RNA is required for cRNA synthesis.,9606,"Following fragmentation, 10 ug of cRNA were hybridized overnight at 46C on Affymetrix U133A arrays. GeneChips were washed and stained in the Affymetrix Fluidics Station 400.",GeneChips were scanned using the diagnostic-grade Affymetrix scanner 3000DX,Probe intensities were quantified with Microarray Suite version 5.0 (MAS 5.0) using Affymetrix default analysis settings.  CEL files were normalized using global scaling with a trimmed mean target intensity of each array arbitrarily set to 600 using the MAS5 algorithm from the simpleaffy package (http://bioconductor.org/packages/2.4/bioc/html/simpleaffy.html).,GPL96,ftp://ftp.ncbi.nlm.nih.gov/geo/samples/GSM615nnn/GSM615405/suppl/GSM615405_29539_AB01723030_35657.CEL.gz,22283,Reanalyzed by: GSE205568
