GSM,accession,title,geo_accession,status,submission_date,last_update_date,type,channel_count,source_name_ch1,organism_ch1,tissue,age,clinical t stage,lymph node status,clinical stage,histological grade,er status ihc,pr status ihc,her2 status fish,pathologic response pcr ncr,treatment_protocol_ch1,molecule_ch1,extract_protocol_ch1,label_ch1,label_protocol_ch1,taxid_ch1,hyb_protocol,scan_protocol,data_processing,platform_id,supplementary_file,data_row_count,relation
GSM809184,GSE32646,Breast cancer tumor OU-1,GSM809184,Public on Mar 20 2012,Oct 05 2011,Jun 06 2022,RNA,1,breast cancer,Homo sapiens,breast cancer tumor,46,3,positive,IIIA,3,positive,negative,negative,nCR,"Patients prospectively consented to a research biopsy by vacuum-assisted core-biopsy instrument (Mammotome 8G; HH Ethicon Endosurgery, Johnson and Johnson Company) under ultrasonographic guidance for histologic examination and gene expression analysis prior to any systemic therapy, and to the future assessment of pathologic response",total RNA,"Trizol (Invitrogen, Carlsbad, Calif) was used to extract RNA from core-needle tumor biopsy samples that were obtained with the Mammotome.",biotin,"RNA (50 ng) was subjected to the generation of second-strand combinational DNA (cDNA), and cRNA was amplified with a random primer (WT-Ovation FFPE RNA Amplification System V2; NuGEN, Cincinnati, Ohio). Next, the amplified cRNA was biotinylated and fragmented with the FL-Ovation cDNA Biotin Module V2 (NuGEN).",9606,"Following fragmentation, 5 ug of cRNA were hybridized overnight at 46C on Affymetrix U133 plus2.0 arrays. GeneChips were washed and stained in the Affymetrix GeneChip Fluidics Station 450.",GeneChips were scanned using the diagnostic-grade Affymetrix scanner 3000.,Probe intensities were quantified with Microarray Suite version 5.0 (MAS 5.0) using Affymetrix default analysis settings.,GPL570,ftp://ftp.ncbi.nlm.nih.gov/geo/samples/GSM809nnn/GSM809184/suppl/GSM809184_OU-1.CEL.gz,54613,Reanalyzed by: GSE205568
GSM809185,GSE32646,Breast cancer tumor OU-2,GSM809185,Public on Mar 20 2012,Oct 05 2011,Jun 06 2022,RNA,1,breast cancer,Homo sapiens,breast cancer tumor,56,3,positive,IIIA,3,negative,negative,negative,pCR,"Patients prospectively consented to a research biopsy by vacuum-assisted core-biopsy instrument (Mammotome 8G; HH Ethicon Endosurgery, Johnson and Johnson Company) under ultrasonographic guidance for histologic examination and gene expression analysis prior to any systemic therapy, and to the future assessment of pathologic response",total RNA,"Trizol (Invitrogen, Carlsbad, Calif) was used to extract RNA from core-needle tumor biopsy samples that were obtained with the Mammotome.",biotin,"RNA (50 ng) was subjected to the generation of second-strand combinational DNA (cDNA), and cRNA was amplified with a random primer (WT-Ovation FFPE RNA Amplification System V2; NuGEN, Cincinnati, Ohio). Next, the amplified cRNA was biotinylated and fragmented with the FL-Ovation cDNA Biotin Module V2 (NuGEN).",9606,"Following fragmentation, 5 ug of cRNA were hybridized overnight at 46C on Affymetrix U133 plus2.0 arrays. GeneChips were washed and stained in the Affymetrix GeneChip Fluidics Station 450.",GeneChips were scanned using the diagnostic-grade Affymetrix scanner 3000.,Probe intensities were quantified with Microarray Suite version 5.0 (MAS 5.0) using Affymetrix default analysis settings.,GPL570,ftp://ftp.ncbi.nlm.nih.gov/geo/samples/GSM809nnn/GSM809185/suppl/GSM809185_OU-2.CEL.gz,54613,Reanalyzed by: GSE205568
GSM809186,GSE32646,Breast cancer tumor OU-3,GSM809186,Public on Mar 20 2012,Oct 05 2011,Jun 06 2022,RNA,1,breast cancer,Homo sapiens,breast cancer tumor,67,3,positive,IIIA,2,negative,negative,negative,nCR,"Patients prospectively consented to a research biopsy by vacuum-assisted core-biopsy instrument (Mammotome 8G; HH Ethicon Endosurgery, Johnson and Johnson Company) under ultrasonographic guidance for histologic examination and gene expression analysis prior to any systemic therapy, and to the future assessment of pathologic response",total RNA,"Trizol (Invitrogen, Carlsbad, Calif) was used to extract RNA from core-needle tumor biopsy samples that were obtained with the Mammotome.",biotin,"RNA (50 ng) was subjected to the generation of second-strand combinational DNA (cDNA), and cRNA was amplified with a random primer (WT-Ovation FFPE RNA Amplification System V2; NuGEN, Cincinnati, Ohio). Next, the amplified cRNA was biotinylated and fragmented with the FL-Ovation cDNA Biotin Module V2 (NuGEN).",9606,"Following fragmentation, 5 ug of cRNA were hybridized overnight at 46C on Affymetrix U133 plus2.0 arrays. GeneChips were washed and stained in the Affymetrix GeneChip Fluidics Station 450.",GeneChips were scanned using the diagnostic-grade Affymetrix scanner 3000.,Probe intensities were quantified with Microarray Suite version 5.0 (MAS 5.0) using Affymetrix default analysis settings.,GPL570,ftp://ftp.ncbi.nlm.nih.gov/geo/samples/GSM809nnn/GSM809186/suppl/GSM809186_OU-3.CEL.gz,54613,Reanalyzed by: GSE205568
GSM809187,GSE32646,Breast cancer tumor OU-4,GSM809187,Public on Mar 20 2012,Oct 05 2011,Jun 06 2022,RNA,1,breast cancer,Homo sapiens,breast cancer tumor,56,3,positive,IIIA,2,positive,positive,positive,nCR,"Patients prospectively consented to a research biopsy by vacuum-assisted core-biopsy instrument (Mammotome 8G; HH Ethicon Endosurgery, Johnson and Johnson Company) under ultrasonographic guidance for histologic examination and gene expression analysis prior to any systemic therapy, and to the future assessment of pathologic response",total RNA,"Trizol (Invitrogen, Carlsbad, Calif) was used to extract RNA from core-needle tumor biopsy samples that were obtained with the Mammotome.",biotin,"RNA (50 ng) was subjected to the generation of second-strand combinational DNA (cDNA), and cRNA was amplified with a random primer (WT-Ovation FFPE RNA Amplification System V2; NuGEN, Cincinnati, Ohio). Next, the amplified cRNA was biotinylated and fragmented with the FL-Ovation cDNA Biotin Module V2 (NuGEN).",9606,"Following fragmentation, 5 ug of cRNA were hybridized overnight at 46C on Affymetrix U133 plus2.0 arrays. GeneChips were washed and stained in the Affymetrix GeneChip Fluidics Station 450.",GeneChips were scanned using the diagnostic-grade Affymetrix scanner 3000.,Probe intensities were quantified with Microarray Suite version 5.0 (MAS 5.0) using Affymetrix default analysis settings.,GPL570,ftp://ftp.ncbi.nlm.nih.gov/geo/samples/GSM809nnn/GSM809187/suppl/GSM809187_OU-4.CEL.gz,54613,Reanalyzed by: GSE205568
GSM809188,GSE32646,Breast cancer tumor OU-5,GSM809188,Public on Mar 20 2012,Oct 05 2011,Jun 06 2022,RNA,1,breast cancer,Homo sapiens,breast cancer tumor,40,2,positive,IIB,2,positive,positive,negative,nCR,"Patients prospectively consented to a research biopsy by vacuum-assisted core-biopsy instrument (Mammotome 8G; HH Ethicon Endosurgery, Johnson and Johnson Company) under ultrasonographic guidance for histologic examination and gene expression analysis prior to any systemic therapy, and to the future assessment of pathologic response",total RNA,"Trizol (Invitrogen, Carlsbad, Calif) was used to extract RNA from core-needle tumor biopsy samples that were obtained with the Mammotome.",biotin,"RNA (50 ng) was subjected to the generation of second-strand combinational DNA (cDNA), and cRNA was amplified with a random primer (WT-Ovation FFPE RNA Amplification System V2; NuGEN, Cincinnati, Ohio). Next, the amplified cRNA was biotinylated and fragmented with the FL-Ovation cDNA Biotin Module V2 (NuGEN).",9606,"Following fragmentation, 5 ug of cRNA were hybridized overnight at 46C on Affymetrix U133 plus2.0 arrays. GeneChips were washed and stained in the Affymetrix GeneChip Fluidics Station 450.",GeneChips were scanned using the diagnostic-grade Affymetrix scanner 3000.,Probe intensities were quantified with Microarray Suite version 5.0 (MAS 5.0) using Affymetrix default analysis settings.,GPL570,ftp://ftp.ncbi.nlm.nih.gov/geo/samples/GSM809nnn/GSM809188/suppl/GSM809188_OU-5.CEL.gz,54613,Reanalyzed by: GSE205568
GSM809189,GSE32646,Breast cancer tumor OU-6,GSM809189,Public on Mar 20 2012,Oct 05 2011,Jun 06 2022,RNA,1,breast cancer,Homo sapiens,breast cancer tumor,57,3,positive,IIIA,2,positive,negative,negative,nCR,"Patients prospectively consented to a research biopsy by vacuum-assisted core-biopsy instrument (Mammotome 8G; HH Ethicon Endosurgery, Johnson and Johnson Company) under ultrasonographic guidance for histologic examination and gene expression analysis prior to any systemic therapy, and to the future assessment of pathologic response",total RNA,"Trizol (Invitrogen, Carlsbad, Calif) was used to extract RNA from core-needle tumor biopsy samples that were obtained with the Mammotome.",biotin,"RNA (50 ng) was subjected to the generation of second-strand combinational DNA (cDNA), and cRNA was amplified with a random primer (WT-Ovation FFPE RNA Amplification System V2; NuGEN, Cincinnati, Ohio). Next, the amplified cRNA was biotinylated and fragmented with the FL-Ovation cDNA Biotin Module V2 (NuGEN).",9606,"Following fragmentation, 5 ug of cRNA were hybridized overnight at 46C on Affymetrix U133 plus2.0 arrays. GeneChips were washed and stained in the Affymetrix GeneChip Fluidics Station 450.",GeneChips were scanned using the diagnostic-grade Affymetrix scanner 3000.,Probe intensities were quantified with Microarray Suite version 5.0 (MAS 5.0) using Affymetrix default analysis settings.,GPL570,ftp://ftp.ncbi.nlm.nih.gov/geo/samples/GSM809nnn/GSM809189/suppl/GSM809189_OU-6.CEL.gz,54613,Reanalyzed by: GSE205568
GSM809190,GSE32646,Breast cancer tumor OU-7,GSM809190,Public on Mar 20 2012,Oct 05 2011,Jun 06 2022,RNA,1,breast cancer,Homo sapiens,breast cancer tumor,48,4,positive,IIIB,2,positive,negative,positive,nCR,"Patients prospectively consented to a research biopsy by vacuum-assisted core-biopsy instrument (Mammotome 8G; HH Ethicon Endosurgery, Johnson and Johnson Company) under ultrasonographic guidance for histologic examination and gene expression analysis prior to any systemic therapy, and to the future assessment of pathologic response",total RNA,"Trizol (Invitrogen, Carlsbad, Calif) was used to extract RNA from core-needle tumor biopsy samples that were obtained with the Mammotome.",biotin,"RNA (50 ng) was subjected to the generation of second-strand combinational DNA (cDNA), and cRNA was amplified with a random primer (WT-Ovation FFPE RNA Amplification System V2; NuGEN, Cincinnati, Ohio). Next, the amplified cRNA was biotinylated and fragmented with the FL-Ovation cDNA Biotin Module V2 (NuGEN).",9606,"Following fragmentation, 5 ug of cRNA were hybridized overnight at 46C on Affymetrix U133 plus2.0 arrays. GeneChips were washed and stained in the Affymetrix GeneChip Fluidics Station 450.",GeneChips were scanned using the diagnostic-grade Affymetrix scanner 3000.,Probe intensities were quantified with Microarray Suite version 5.0 (MAS 5.0) using Affymetrix default analysis settings.,GPL570,ftp://ftp.ncbi.nlm.nih.gov/geo/samples/GSM809nnn/GSM809190/suppl/GSM809190_OU-7.CEL.gz,54613,Reanalyzed by: GSE205568
GSM809191,GSE32646,Breast cancer tumor OU-8,GSM809191,Public on Mar 20 2012,Oct 05 2011,Jun 06 2022,RNA,1,breast cancer,Homo sapiens,breast cancer tumor,49,2,negative,IIA,1,positive,positive,negative,nCR,"Patients prospectively consented to a research biopsy by vacuum-assisted core-biopsy instrument (Mammotome 8G; HH Ethicon Endosurgery, Johnson and Johnson Company) under ultrasonographic guidance for histologic examination and gene expression analysis prior to any systemic therapy, and to the future assessment of pathologic response",total RNA,"Trizol (Invitrogen, Carlsbad, Calif) was used to extract RNA from core-needle tumor biopsy samples that were obtained with the Mammotome.",biotin,"RNA (50 ng) was subjected to the generation of second-strand combinational DNA (cDNA), and cRNA was amplified with a random primer (WT-Ovation FFPE RNA Amplification System V2; NuGEN, Cincinnati, Ohio). Next, the amplified cRNA was biotinylated and fragmented with the FL-Ovation cDNA Biotin Module V2 (NuGEN).",9606,"Following fragmentation, 5 ug of cRNA were hybridized overnight at 46C on Affymetrix U133 plus2.0 arrays. GeneChips were washed and stained in the Affymetrix GeneChip Fluidics Station 450.",GeneChips were scanned using the diagnostic-grade Affymetrix scanner 3000.,Probe intensities were quantified with Microarray Suite version 5.0 (MAS 5.0) using Affymetrix default analysis settings.,GPL570,ftp://ftp.ncbi.nlm.nih.gov/geo/samples/GSM809nnn/GSM809191/suppl/GSM809191_OU-8.CEL.gz,54613,Reanalyzed by: GSE205568
GSM809192,GSE32646,Breast cancer tumor OU-9,GSM809192,Public on Mar 20 2012,Oct 05 2011,Jun 06 2022,RNA,1,breast cancer,Homo sapiens,breast cancer tumor,55,2,negative,IIA,2,positive,negative,positive,pCR,"Patients prospectively consented to a research biopsy by vacuum-assisted core-biopsy instrument (Mammotome 8G; HH Ethicon Endosurgery, Johnson and Johnson Company) under ultrasonographic guidance for histologic examination and gene expression analysis prior to any systemic therapy, and to the future assessment of pathologic response",total RNA,"Trizol (Invitrogen, Carlsbad, Calif) was used to extract RNA from core-needle tumor biopsy samples that were obtained with the Mammotome.",biotin,"RNA (50 ng) was subjected to the generation of second-strand combinational DNA (cDNA), and cRNA was amplified with a random primer (WT-Ovation FFPE RNA Amplification System V2; NuGEN, Cincinnati, Ohio). Next, the amplified cRNA was biotinylated and fragmented with the FL-Ovation cDNA Biotin Module V2 (NuGEN).",9606,"Following fragmentation, 5 ug of cRNA were hybridized overnight at 46C on Affymetrix U133 plus2.0 arrays. GeneChips were washed and stained in the Affymetrix GeneChip Fluidics Station 450.",GeneChips were scanned using the diagnostic-grade Affymetrix scanner 3000.,Probe intensities were quantified with Microarray Suite version 5.0 (MAS 5.0) using Affymetrix default analysis settings.,GPL570,ftp://ftp.ncbi.nlm.nih.gov/geo/samples/GSM809nnn/GSM809192/suppl/GSM809192_OU-9.CEL.gz,54613,Reanalyzed by: GSE205568
GSM809193,GSE32646,Breast cancer tumor OU-10,GSM809193,Public on Mar 20 2012,Oct 05 2011,Jun 06 2022,RNA,1,breast cancer,Homo sapiens,breast cancer tumor,45,3,negative,IIB,2,positive,negative,positive,nCR,"Patients prospectively consented to a research biopsy by vacuum-assisted core-biopsy instrument (Mammotome 8G; HH Ethicon Endosurgery, Johnson and Johnson Company) under ultrasonographic guidance for histologic examination and gene expression analysis prior to any systemic therapy, and to the future assessment of pathologic response",total RNA,"Trizol (Invitrogen, Carlsbad, Calif) was used to extract RNA from core-needle tumor biopsy samples that were obtained with the Mammotome.",biotin,"RNA (50 ng) was subjected to the generation of second-strand combinational DNA (cDNA), and cRNA was amplified with a random primer (WT-Ovation FFPE RNA Amplification System V2; NuGEN, Cincinnati, Ohio). Next, the amplified cRNA was biotinylated and fragmented with the FL-Ovation cDNA Biotin Module V2 (NuGEN).",9606,"Following fragmentation, 5 ug of cRNA were hybridized overnight at 46C on Affymetrix U133 plus2.0 arrays. GeneChips were washed and stained in the Affymetrix GeneChip Fluidics Station 450.",GeneChips were scanned using the diagnostic-grade Affymetrix scanner 3000.,Probe intensities were quantified with Microarray Suite version 5.0 (MAS 5.0) using Affymetrix default analysis settings.,GPL570,ftp://ftp.ncbi.nlm.nih.gov/geo/samples/GSM809nnn/GSM809193/suppl/GSM809193_OU-10.CEL.gz,54613,Reanalyzed by: GSE205568
GSM809194,GSE32646,Breast cancer tumor OU-11,GSM809194,Public on Mar 20 2012,Oct 05 2011,Jun 06 2022,RNA,1,breast cancer,Homo sapiens,breast cancer tumor,36,2,positive,IIB,2,positive,positive,negative,pCR,"Patients prospectively consented to a research biopsy by vacuum-assisted core-biopsy instrument (Mammotome 8G; HH Ethicon Endosurgery, Johnson and Johnson Company) under ultrasonographic guidance for histologic examination and gene expression analysis prior to any systemic therapy, and to the future assessment of pathologic response",total RNA,"Trizol (Invitrogen, Carlsbad, Calif) was used to extract RNA from core-needle tumor biopsy samples that were obtained with the Mammotome.",biotin,"RNA (50 ng) was subjected to the generation of second-strand combinational DNA (cDNA), and cRNA was amplified with a random primer (WT-Ovation FFPE RNA Amplification System V2; NuGEN, Cincinnati, Ohio). Next, the amplified cRNA was biotinylated and fragmented with the FL-Ovation cDNA Biotin Module V2 (NuGEN).",9606,"Following fragmentation, 5 ug of cRNA were hybridized overnight at 46C on Affymetrix U133 plus2.0 arrays. GeneChips were washed and stained in the Affymetrix GeneChip Fluidics Station 450.",GeneChips were scanned using the diagnostic-grade Affymetrix scanner 3000.,Probe intensities were quantified with Microarray Suite version 5.0 (MAS 5.0) using Affymetrix default analysis settings.,GPL570,ftp://ftp.ncbi.nlm.nih.gov/geo/samples/GSM809nnn/GSM809194/suppl/GSM809194_OU-11.CEL.gz,54613,Reanalyzed by: GSE205568
GSM809195,GSE32646,Breast cancer tumor OU-12,GSM809195,Public on Mar 20 2012,Oct 05 2011,Jun 06 2022,RNA,1,breast cancer,Homo sapiens,breast cancer tumor,58,2,negative,IIA,2,positive,positive,negative,nCR,"Patients prospectively consented to a research biopsy by vacuum-assisted core-biopsy instrument (Mammotome 8G; HH Ethicon Endosurgery, Johnson and Johnson Company) under ultrasonographic guidance for histologic examination and gene expression analysis prior to any systemic therapy, and to the future assessment of pathologic response",total RNA,"Trizol (Invitrogen, Carlsbad, Calif) was used to extract RNA from core-needle tumor biopsy samples that were obtained with the Mammotome.",biotin,"RNA (50 ng) was subjected to the generation of second-strand combinational DNA (cDNA), and cRNA was amplified with a random primer (WT-Ovation FFPE RNA Amplification System V2; NuGEN, Cincinnati, Ohio). Next, the amplified cRNA was biotinylated and fragmented with the FL-Ovation cDNA Biotin Module V2 (NuGEN).",9606,"Following fragmentation, 5 ug of cRNA were hybridized overnight at 46C on Affymetrix U133 plus2.0 arrays. GeneChips were washed and stained in the Affymetrix GeneChip Fluidics Station 450.",GeneChips were scanned using the diagnostic-grade Affymetrix scanner 3000.,Probe intensities were quantified with Microarray Suite version 5.0 (MAS 5.0) using Affymetrix default analysis settings.,GPL570,ftp://ftp.ncbi.nlm.nih.gov/geo/samples/GSM809nnn/GSM809195/suppl/GSM809195_OU-12.CEL.gz,54613,Reanalyzed by: GSE205568
GSM809196,GSE32646,Breast cancer tumor OU-13,GSM809196,Public on Mar 20 2012,Oct 05 2011,Jun 06 2022,RNA,1,breast cancer,Homo sapiens,breast cancer tumor,33,3,positive,IIIA,2,positive,positive,negative,nCR,"Patients prospectively consented to a research biopsy by vacuum-assisted core-biopsy instrument (Mammotome 8G; HH Ethicon Endosurgery, Johnson and Johnson Company) under ultrasonographic guidance for histologic examination and gene expression analysis prior to any systemic therapy, and to the future assessment of pathologic response",total RNA,"Trizol (Invitrogen, Carlsbad, Calif) was used to extract RNA from core-needle tumor biopsy samples that were obtained with the Mammotome.",biotin,"RNA (50 ng) was subjected to the generation of second-strand combinational DNA (cDNA), and cRNA was amplified with a random primer (WT-Ovation FFPE RNA Amplification System V2; NuGEN, Cincinnati, Ohio). Next, the amplified cRNA was biotinylated and fragmented with the FL-Ovation cDNA Biotin Module V2 (NuGEN).",9606,"Following fragmentation, 5 ug of cRNA were hybridized overnight at 46C on Affymetrix U133 plus2.0 arrays. GeneChips were washed and stained in the Affymetrix GeneChip Fluidics Station 450.",GeneChips were scanned using the diagnostic-grade Affymetrix scanner 3000.,Probe intensities were quantified with Microarray Suite version 5.0 (MAS 5.0) using Affymetrix default analysis settings.,GPL570,ftp://ftp.ncbi.nlm.nih.gov/geo/samples/GSM809nnn/GSM809196/suppl/GSM809196_OU-13.CEL.gz,54613,Reanalyzed by: GSE205568
GSM809197,GSE32646,Breast cancer tumor OU-14,GSM809197,Public on Mar 20 2012,Oct 05 2011,Jun 06 2022,RNA,1,breast cancer,Homo sapiens,breast cancer tumor,44,4,positive,IIIB,1,positive,positive,negative,nCR,"Patients prospectively consented to a research biopsy by vacuum-assisted core-biopsy instrument (Mammotome 8G; HH Ethicon Endosurgery, Johnson and Johnson Company) under ultrasonographic guidance for histologic examination and gene expression analysis prior to any systemic therapy, and to the future assessment of pathologic response",total RNA,"Trizol (Invitrogen, Carlsbad, Calif) was used to extract RNA from core-needle tumor biopsy samples that were obtained with the Mammotome.",biotin,"RNA (50 ng) was subjected to the generation of second-strand combinational DNA (cDNA), and cRNA was amplified with a random primer (WT-Ovation FFPE RNA Amplification System V2; NuGEN, Cincinnati, Ohio). Next, the amplified cRNA was biotinylated and fragmented with the FL-Ovation cDNA Biotin Module V2 (NuGEN).",9606,"Following fragmentation, 5 ug of cRNA were hybridized overnight at 46C on Affymetrix U133 plus2.0 arrays. GeneChips were washed and stained in the Affymetrix GeneChip Fluidics Station 450.",GeneChips were scanned using the diagnostic-grade Affymetrix scanner 3000.,Probe intensities were quantified with Microarray Suite version 5.0 (MAS 5.0) using Affymetrix default analysis settings.,GPL570,ftp://ftp.ncbi.nlm.nih.gov/geo/samples/GSM809nnn/GSM809197/suppl/GSM809197_OU-14.CEL.gz,54613,Reanalyzed by: GSE205568
GSM809198,GSE32646,Breast cancer tumor OU-15,GSM809198,Public on Mar 20 2012,Oct 05 2011,Jun 06 2022,RNA,1,breast cancer,Homo sapiens,breast cancer tumor,51,2,positive,IIB,2,positive,positive,negative,nCR,"Patients prospectively consented to a research biopsy by vacuum-assisted core-biopsy instrument (Mammotome 8G; HH Ethicon Endosurgery, Johnson and Johnson Company) under ultrasonographic guidance for histologic examination and gene expression analysis prior to any systemic therapy, and to the future assessment of pathologic response",total RNA,"Trizol (Invitrogen, Carlsbad, Calif) was used to extract RNA from core-needle tumor biopsy samples that were obtained with the Mammotome.",biotin,"RNA (50 ng) was subjected to the generation of second-strand combinational DNA (cDNA), and cRNA was amplified with a random primer (WT-Ovation FFPE RNA Amplification System V2; NuGEN, Cincinnati, Ohio). Next, the amplified cRNA was biotinylated and fragmented with the FL-Ovation cDNA Biotin Module V2 (NuGEN).",9606,"Following fragmentation, 5 ug of cRNA were hybridized overnight at 46C on Affymetrix U133 plus2.0 arrays. GeneChips were washed and stained in the Affymetrix GeneChip Fluidics Station 450.",GeneChips were scanned using the diagnostic-grade Affymetrix scanner 3000.,Probe intensities were quantified with Microarray Suite version 5.0 (MAS 5.0) using Affymetrix default analysis settings.,GPL570,ftp://ftp.ncbi.nlm.nih.gov/geo/samples/GSM809nnn/GSM809198/suppl/GSM809198_OU-15.CEL.gz,54613,Reanalyzed by: GSE205568
GSM809199,GSE32646,Breast cancer tumor OU-16,GSM809199,Public on Mar 20 2012,Oct 05 2011,Jun 06 2022,RNA,1,breast cancer,Homo sapiens,breast cancer tumor,46,3,positive,IIIA,2,positive,negative,positive,nCR,"Patients prospectively consented to a research biopsy by vacuum-assisted core-biopsy instrument (Mammotome 8G; HH Ethicon Endosurgery, Johnson and Johnson Company) under ultrasonographic guidance for histologic examination and gene expression analysis prior to any systemic therapy, and to the future assessment of pathologic response",total RNA,"Trizol (Invitrogen, Carlsbad, Calif) was used to extract RNA from core-needle tumor biopsy samples that were obtained with the Mammotome.",biotin,"RNA (50 ng) was subjected to the generation of second-strand combinational DNA (cDNA), and cRNA was amplified with a random primer (WT-Ovation FFPE RNA Amplification System V2; NuGEN, Cincinnati, Ohio). Next, the amplified cRNA was biotinylated and fragmented with the FL-Ovation cDNA Biotin Module V2 (NuGEN).",9606,"Following fragmentation, 5 ug of cRNA were hybridized overnight at 46C on Affymetrix U133 plus2.0 arrays. GeneChips were washed and stained in the Affymetrix GeneChip Fluidics Station 450.",GeneChips were scanned using the diagnostic-grade Affymetrix scanner 3000.,Probe intensities were quantified with Microarray Suite version 5.0 (MAS 5.0) using Affymetrix default analysis settings.,GPL570,ftp://ftp.ncbi.nlm.nih.gov/geo/samples/GSM809nnn/GSM809199/suppl/GSM809199_OU-16.CEL.gz,54613,Reanalyzed by: GSE205568
GSM809200,GSE32646,Breast cancer tumor OU-17,GSM809200,Public on Mar 20 2012,Oct 05 2011,Jun 06 2022,RNA,1,breast cancer,Homo sapiens,breast cancer tumor,48,2,positive,IIB,2,negative,negative,positive,nCR,"Patients prospectively consented to a research biopsy by vacuum-assisted core-biopsy instrument (Mammotome 8G; HH Ethicon Endosurgery, Johnson and Johnson Company) under ultrasonographic guidance for histologic examination and gene expression analysis prior to any systemic therapy, and to the future assessment of pathologic response",total RNA,"Trizol (Invitrogen, Carlsbad, Calif) was used to extract RNA from core-needle tumor biopsy samples that were obtained with the Mammotome.",biotin,"RNA (50 ng) was subjected to the generation of second-strand combinational DNA (cDNA), and cRNA was amplified with a random primer (WT-Ovation FFPE RNA Amplification System V2; NuGEN, Cincinnati, Ohio). Next, the amplified cRNA was biotinylated and fragmented with the FL-Ovation cDNA Biotin Module V2 (NuGEN).",9606,"Following fragmentation, 5 ug of cRNA were hybridized overnight at 46C on Affymetrix U133 plus2.0 arrays. GeneChips were washed and stained in the Affymetrix GeneChip Fluidics Station 450.",GeneChips were scanned using the diagnostic-grade Affymetrix scanner 3000.,Probe intensities were quantified with Microarray Suite version 5.0 (MAS 5.0) using Affymetrix default analysis settings.,GPL570,ftp://ftp.ncbi.nlm.nih.gov/geo/samples/GSM809nnn/GSM809200/suppl/GSM809200_OU-17.CEL.gz,54613,Reanalyzed by: GSE205568
GSM809201,GSE32646,Breast cancer tumor OU-18,GSM809201,Public on Mar 20 2012,Oct 05 2011,Jun 06 2022,RNA,1,breast cancer,Homo sapiens,breast cancer tumor,46,2,positive,IIB,2,positive,negative,negative,nCR,"Patients prospectively consented to a research biopsy by vacuum-assisted core-biopsy instrument (Mammotome 8G; HH Ethicon Endosurgery, Johnson and Johnson Company) under ultrasonographic guidance for histologic examination and gene expression analysis prior to any systemic therapy, and to the future assessment of pathologic response",total RNA,"Trizol (Invitrogen, Carlsbad, Calif) was used to extract RNA from core-needle tumor biopsy samples that were obtained with the Mammotome.",biotin,"RNA (50 ng) was subjected to the generation of second-strand combinational DNA (cDNA), and cRNA was amplified with a random primer (WT-Ovation FFPE RNA Amplification System V2; NuGEN, Cincinnati, Ohio). Next, the amplified cRNA was biotinylated and fragmented with the FL-Ovation cDNA Biotin Module V2 (NuGEN).",9606,"Following fragmentation, 5 ug of cRNA were hybridized overnight at 46C on Affymetrix U133 plus2.0 arrays. GeneChips were washed and stained in the Affymetrix GeneChip Fluidics Station 450.",GeneChips were scanned using the diagnostic-grade Affymetrix scanner 3000.,Probe intensities were quantified with Microarray Suite version 5.0 (MAS 5.0) using Affymetrix default analysis settings.,GPL570,ftp://ftp.ncbi.nlm.nih.gov/geo/samples/GSM809nnn/GSM809201/suppl/GSM809201_OU-18.CEL.gz,54613,Reanalyzed by: GSE205568
GSM809202,GSE32646,Breast cancer tumor OU-19,GSM809202,Public on Mar 20 2012,Oct 05 2011,Jun 06 2022,RNA,1,breast cancer,Homo sapiens,breast cancer tumor,65,2,positive,IIB,2,negative,negative,positive,pCR,"Patients prospectively consented to a research biopsy by vacuum-assisted core-biopsy instrument (Mammotome 8G; HH Ethicon Endosurgery, Johnson and Johnson Company) under ultrasonographic guidance for histologic examination and gene expression analysis prior to any systemic therapy, and to the future assessment of pathologic response",total RNA,"Trizol (Invitrogen, Carlsbad, Calif) was used to extract RNA from core-needle tumor biopsy samples that were obtained with the Mammotome.",biotin,"RNA (50 ng) was subjected to the generation of second-strand combinational DNA (cDNA), and cRNA was amplified with a random primer (WT-Ovation FFPE RNA Amplification System V2; NuGEN, Cincinnati, Ohio). Next, the amplified cRNA was biotinylated and fragmented with the FL-Ovation cDNA Biotin Module V2 (NuGEN).",9606,"Following fragmentation, 5 ug of cRNA were hybridized overnight at 46C on Affymetrix U133 plus2.0 arrays. GeneChips were washed and stained in the Affymetrix GeneChip Fluidics Station 450.",GeneChips were scanned using the diagnostic-grade Affymetrix scanner 3000.,Probe intensities were quantified with Microarray Suite version 5.0 (MAS 5.0) using Affymetrix default analysis settings.,GPL570,ftp://ftp.ncbi.nlm.nih.gov/geo/samples/GSM809nnn/GSM809202/suppl/GSM809202_OU-19.CEL.gz,54613,Reanalyzed by: GSE205568
GSM809203,GSE32646,Breast cancer tumor OU-20,GSM809203,Public on Mar 20 2012,Oct 05 2011,Jun 06 2022,RNA,1,breast cancer,Homo sapiens,breast cancer tumor,52,2,positive,IIB,2,negative,negative,positive,pCR,"Patients prospectively consented to a research biopsy by vacuum-assisted core-biopsy instrument (Mammotome 8G; HH Ethicon Endosurgery, Johnson and Johnson Company) under ultrasonographic guidance for histologic examination and gene expression analysis prior to any systemic therapy, and to the future assessment of pathologic response",total RNA,"Trizol (Invitrogen, Carlsbad, Calif) was used to extract RNA from core-needle tumor biopsy samples that were obtained with the Mammotome.",biotin,"RNA (50 ng) was subjected to the generation of second-strand combinational DNA (cDNA), and cRNA was amplified with a random primer (WT-Ovation FFPE RNA Amplification System V2; NuGEN, Cincinnati, Ohio). Next, the amplified cRNA was biotinylated and fragmented with the FL-Ovation cDNA Biotin Module V2 (NuGEN).",9606,"Following fragmentation, 5 ug of cRNA were hybridized overnight at 46C on Affymetrix U133 plus2.0 arrays. GeneChips were washed and stained in the Affymetrix GeneChip Fluidics Station 450.",GeneChips were scanned using the diagnostic-grade Affymetrix scanner 3000.,Probe intensities were quantified with Microarray Suite version 5.0 (MAS 5.0) using Affymetrix default analysis settings.,GPL570,ftp://ftp.ncbi.nlm.nih.gov/geo/samples/GSM809nnn/GSM809203/suppl/GSM809203_OU-20.CEL.gz,54613,Reanalyzed by: GSE205568
GSM809204,GSE32646,Breast cancer tumor OU-21,GSM809204,Public on Mar 20 2012,Oct 05 2011,Jun 06 2022,RNA,1,breast cancer,Homo sapiens,breast cancer tumor,30,2,negative,IIA,2,negative,negative,negative,nCR,"Patients prospectively consented to a research biopsy by vacuum-assisted core-biopsy instrument (Mammotome 8G; HH Ethicon Endosurgery, Johnson and Johnson Company) under ultrasonographic guidance for histologic examination and gene expression analysis prior to any systemic therapy, and to the future assessment of pathologic response",total RNA,"Trizol (Invitrogen, Carlsbad, Calif) was used to extract RNA from core-needle tumor biopsy samples that were obtained with the Mammotome.",biotin,"RNA (50 ng) was subjected to the generation of second-strand combinational DNA (cDNA), and cRNA was amplified with a random primer (WT-Ovation FFPE RNA Amplification System V2; NuGEN, Cincinnati, Ohio). Next, the amplified cRNA was biotinylated and fragmented with the FL-Ovation cDNA Biotin Module V2 (NuGEN).",9606,"Following fragmentation, 5 ug of cRNA were hybridized overnight at 46C on Affymetrix U133 plus2.0 arrays. GeneChips were washed and stained in the Affymetrix GeneChip Fluidics Station 450.",GeneChips were scanned using the diagnostic-grade Affymetrix scanner 3000.,Probe intensities were quantified with Microarray Suite version 5.0 (MAS 5.0) using Affymetrix default analysis settings.,GPL570,ftp://ftp.ncbi.nlm.nih.gov/geo/samples/GSM809nnn/GSM809204/suppl/GSM809204_OU-21.CEL.gz,54613,Reanalyzed by: GSE205568
GSM809205,GSE32646,Breast cancer tumor OU-22,GSM809205,Public on Mar 20 2012,Oct 05 2011,Jun 06 2022,RNA,1,breast cancer,Homo sapiens,breast cancer tumor,40,2,negative,IIA,2,positive,positive,negative,nCR,"Patients prospectively consented to a research biopsy by vacuum-assisted core-biopsy instrument (Mammotome 8G; HH Ethicon Endosurgery, Johnson and Johnson Company) under ultrasonographic guidance for histologic examination and gene expression analysis prior to any systemic therapy, and to the future assessment of pathologic response",total RNA,"Trizol (Invitrogen, Carlsbad, Calif) was used to extract RNA from core-needle tumor biopsy samples that were obtained with the Mammotome.",biotin,"RNA (50 ng) was subjected to the generation of second-strand combinational DNA (cDNA), and cRNA was amplified with a random primer (WT-Ovation FFPE RNA Amplification System V2; NuGEN, Cincinnati, Ohio). Next, the amplified cRNA was biotinylated and fragmented with the FL-Ovation cDNA Biotin Module V2 (NuGEN).",9606,"Following fragmentation, 5 ug of cRNA were hybridized overnight at 46C on Affymetrix U133 plus2.0 arrays. GeneChips were washed and stained in the Affymetrix GeneChip Fluidics Station 450.",GeneChips were scanned using the diagnostic-grade Affymetrix scanner 3000.,Probe intensities were quantified with Microarray Suite version 5.0 (MAS 5.0) using Affymetrix default analysis settings.,GPL570,ftp://ftp.ncbi.nlm.nih.gov/geo/samples/GSM809nnn/GSM809205/suppl/GSM809205_OU-22.CEL.gz,54613,Reanalyzed by: GSE205568
GSM809206,GSE32646,Breast cancer tumor OU-23,GSM809206,Public on Mar 20 2012,Oct 05 2011,Jun 06 2022,RNA,1,breast cancer,Homo sapiens,breast cancer tumor,35,2,positive,IIB,2,positive,negative,negative,nCR,"Patients prospectively consented to a research biopsy by vacuum-assisted core-biopsy instrument (Mammotome 8G; HH Ethicon Endosurgery, Johnson and Johnson Company) under ultrasonographic guidance for histologic examination and gene expression analysis prior to any systemic therapy, and to the future assessment of pathologic response",total RNA,"Trizol (Invitrogen, Carlsbad, Calif) was used to extract RNA from core-needle tumor biopsy samples that were obtained with the Mammotome.",biotin,"RNA (50 ng) was subjected to the generation of second-strand combinational DNA (cDNA), and cRNA was amplified with a random primer (WT-Ovation FFPE RNA Amplification System V2; NuGEN, Cincinnati, Ohio). Next, the amplified cRNA was biotinylated and fragmented with the FL-Ovation cDNA Biotin Module V2 (NuGEN).",9606,"Following fragmentation, 5 ug of cRNA were hybridized overnight at 46C on Affymetrix U133 plus2.0 arrays. GeneChips were washed and stained in the Affymetrix GeneChip Fluidics Station 450.",GeneChips were scanned using the diagnostic-grade Affymetrix scanner 3000.,Probe intensities were quantified with Microarray Suite version 5.0 (MAS 5.0) using Affymetrix default analysis settings.,GPL570,ftp://ftp.ncbi.nlm.nih.gov/geo/samples/GSM809nnn/GSM809206/suppl/GSM809206_OU-23.CEL.gz,54613,Reanalyzed by: GSE205568
GSM809207,GSE32646,Breast cancer tumor OU-24,GSM809207,Public on Mar 20 2012,Oct 05 2011,Jun 06 2022,RNA,1,breast cancer,Homo sapiens,breast cancer tumor,59,2,positive,IIB,1,positive,positive,positive,nCR,"Patients prospectively consented to a research biopsy by vacuum-assisted core-biopsy instrument (Mammotome 8G; HH Ethicon Endosurgery, Johnson and Johnson Company) under ultrasonographic guidance for histologic examination and gene expression analysis prior to any systemic therapy, and to the future assessment of pathologic response",total RNA,"Trizol (Invitrogen, Carlsbad, Calif) was used to extract RNA from core-needle tumor biopsy samples that were obtained with the Mammotome.",biotin,"RNA (50 ng) was subjected to the generation of second-strand combinational DNA (cDNA), and cRNA was amplified with a random primer (WT-Ovation FFPE RNA Amplification System V2; NuGEN, Cincinnati, Ohio). Next, the amplified cRNA was biotinylated and fragmented with the FL-Ovation cDNA Biotin Module V2 (NuGEN).",9606,"Following fragmentation, 5 ug of cRNA were hybridized overnight at 46C on Affymetrix U133 plus2.0 arrays. GeneChips were washed and stained in the Affymetrix GeneChip Fluidics Station 450.",GeneChips were scanned using the diagnostic-grade Affymetrix scanner 3000.,Probe intensities were quantified with Microarray Suite version 5.0 (MAS 5.0) using Affymetrix default analysis settings.,GPL570,ftp://ftp.ncbi.nlm.nih.gov/geo/samples/GSM809nnn/GSM809207/suppl/GSM809207_OU-24.CEL.gz,54613,Reanalyzed by: GSE205568
GSM809208,GSE32646,Breast cancer tumor OU-25,GSM809208,Public on Mar 20 2012,Oct 05 2011,Jun 06 2022,RNA,1,breast cancer,Homo sapiens,breast cancer tumor,50,2,positive,IIB,2,negative,negative,negative,nCR,"Patients prospectively consented to a research biopsy by vacuum-assisted core-biopsy instrument (Mammotome 8G; HH Ethicon Endosurgery, Johnson and Johnson Company) under ultrasonographic guidance for histologic examination and gene expression analysis prior to any systemic therapy, and to the future assessment of pathologic response",total RNA,"Trizol (Invitrogen, Carlsbad, Calif) was used to extract RNA from core-needle tumor biopsy samples that were obtained with the Mammotome.",biotin,"RNA (50 ng) was subjected to the generation of second-strand combinational DNA (cDNA), and cRNA was amplified with a random primer (WT-Ovation FFPE RNA Amplification System V2; NuGEN, Cincinnati, Ohio). Next, the amplified cRNA was biotinylated and fragmented with the FL-Ovation cDNA Biotin Module V2 (NuGEN).",9606,"Following fragmentation, 5 ug of cRNA were hybridized overnight at 46C on Affymetrix U133 plus2.0 arrays. GeneChips were washed and stained in the Affymetrix GeneChip Fluidics Station 450.",GeneChips were scanned using the diagnostic-grade Affymetrix scanner 3000.,Probe intensities were quantified with Microarray Suite version 5.0 (MAS 5.0) using Affymetrix default analysis settings.,GPL570,ftp://ftp.ncbi.nlm.nih.gov/geo/samples/GSM809nnn/GSM809208/suppl/GSM809208_OU-25.CEL.gz,54613,Reanalyzed by: GSE205568
GSM809209,GSE32646,Breast cancer tumor OU-26,GSM809209,Public on Mar 20 2012,Oct 05 2011,Jun 06 2022,RNA,1,breast cancer,Homo sapiens,breast cancer tumor,43,3,positive,IIIA,3,negative,negative,negative,nCR,"Patients prospectively consented to a research biopsy by vacuum-assisted core-biopsy instrument (Mammotome 8G; HH Ethicon Endosurgery, Johnson and Johnson Company) under ultrasonographic guidance for histologic examination and gene expression analysis prior to any systemic therapy, and to the future assessment of pathologic response",total RNA,"Trizol (Invitrogen, Carlsbad, Calif) was used to extract RNA from core-needle tumor biopsy samples that were obtained with the Mammotome.",biotin,"RNA (50 ng) was subjected to the generation of second-strand combinational DNA (cDNA), and cRNA was amplified with a random primer (WT-Ovation FFPE RNA Amplification System V2; NuGEN, Cincinnati, Ohio). Next, the amplified cRNA was biotinylated and fragmented with the FL-Ovation cDNA Biotin Module V2 (NuGEN).",9606,"Following fragmentation, 5 ug of cRNA were hybridized overnight at 46C on Affymetrix U133 plus2.0 arrays. GeneChips were washed and stained in the Affymetrix GeneChip Fluidics Station 450.",GeneChips were scanned using the diagnostic-grade Affymetrix scanner 3000.,Probe intensities were quantified with Microarray Suite version 5.0 (MAS 5.0) using Affymetrix default analysis settings.,GPL570,ftp://ftp.ncbi.nlm.nih.gov/geo/samples/GSM809nnn/GSM809209/suppl/GSM809209_OU-26.CEL.gz,54613,Reanalyzed by: GSE205568
GSM809210,GSE32646,Breast cancer tumor OU-27,GSM809210,Public on Mar 20 2012,Oct 05 2011,Jun 06 2022,RNA,1,breast cancer,Homo sapiens,breast cancer tumor,49,2,positive,IIB,2,positive,positive,negative,nCR,"Patients prospectively consented to a research biopsy by vacuum-assisted core-biopsy instrument (Mammotome 8G; HH Ethicon Endosurgery, Johnson and Johnson Company) under ultrasonographic guidance for histologic examination and gene expression analysis prior to any systemic therapy, and to the future assessment of pathologic response",total RNA,"Trizol (Invitrogen, Carlsbad, Calif) was used to extract RNA from core-needle tumor biopsy samples that were obtained with the Mammotome.",biotin,"RNA (50 ng) was subjected to the generation of second-strand combinational DNA (cDNA), and cRNA was amplified with a random primer (WT-Ovation FFPE RNA Amplification System V2; NuGEN, Cincinnati, Ohio). Next, the amplified cRNA was biotinylated and fragmented with the FL-Ovation cDNA Biotin Module V2 (NuGEN).",9606,"Following fragmentation, 5 ug of cRNA were hybridized overnight at 46C on Affymetrix U133 plus2.0 arrays. GeneChips were washed and stained in the Affymetrix GeneChip Fluidics Station 450.",GeneChips were scanned using the diagnostic-grade Affymetrix scanner 3000.,Probe intensities were quantified with Microarray Suite version 5.0 (MAS 5.0) using Affymetrix default analysis settings.,GPL570,ftp://ftp.ncbi.nlm.nih.gov/geo/samples/GSM809nnn/GSM809210/suppl/GSM809210_OU-27.CEL.gz,54613,Reanalyzed by: GSE205568
GSM809211,GSE32646,Breast cancer tumor OU-28,GSM809211,Public on Mar 20 2012,Oct 05 2011,Jun 06 2022,RNA,1,breast cancer,Homo sapiens,breast cancer tumor,65,2,positive,IIB,3,negative,negative,positive,nCR,"Patients prospectively consented to a research biopsy by vacuum-assisted core-biopsy instrument (Mammotome 8G; HH Ethicon Endosurgery, Johnson and Johnson Company) under ultrasonographic guidance for histologic examination and gene expression analysis prior to any systemic therapy, and to the future assessment of pathologic response",total RNA,"Trizol (Invitrogen, Carlsbad, Calif) was used to extract RNA from core-needle tumor biopsy samples that were obtained with the Mammotome.",biotin,"RNA (50 ng) was subjected to the generation of second-strand combinational DNA (cDNA), and cRNA was amplified with a random primer (WT-Ovation FFPE RNA Amplification System V2; NuGEN, Cincinnati, Ohio). Next, the amplified cRNA was biotinylated and fragmented with the FL-Ovation cDNA Biotin Module V2 (NuGEN).",9606,"Following fragmentation, 5 ug of cRNA were hybridized overnight at 46C on Affymetrix U133 plus2.0 arrays. GeneChips were washed and stained in the Affymetrix GeneChip Fluidics Station 450.",GeneChips were scanned using the diagnostic-grade Affymetrix scanner 3000.,Probe intensities were quantified with Microarray Suite version 5.0 (MAS 5.0) using Affymetrix default analysis settings.,GPL570,ftp://ftp.ncbi.nlm.nih.gov/geo/samples/GSM809nnn/GSM809211/suppl/GSM809211_OU-28.CEL.gz,54613,Reanalyzed by: GSE205568
GSM809212,GSE32646,Breast cancer tumor OU-29,GSM809212,Public on Mar 20 2012,Oct 05 2011,Jun 06 2022,RNA,1,breast cancer,Homo sapiens,breast cancer tumor,31,2,positive,IIB,2,positive,negative,positive,nCR,"Patients prospectively consented to a research biopsy by vacuum-assisted core-biopsy instrument (Mammotome 8G; HH Ethicon Endosurgery, Johnson and Johnson Company) under ultrasonographic guidance for histologic examination and gene expression analysis prior to any systemic therapy, and to the future assessment of pathologic response",total RNA,"Trizol (Invitrogen, Carlsbad, Calif) was used to extract RNA from core-needle tumor biopsy samples that were obtained with the Mammotome.",biotin,"RNA (50 ng) was subjected to the generation of second-strand combinational DNA (cDNA), and cRNA was amplified with a random primer (WT-Ovation FFPE RNA Amplification System V2; NuGEN, Cincinnati, Ohio). Next, the amplified cRNA was biotinylated and fragmented with the FL-Ovation cDNA Biotin Module V2 (NuGEN).",9606,"Following fragmentation, 5 ug of cRNA were hybridized overnight at 46C on Affymetrix U133 plus2.0 arrays. GeneChips were washed and stained in the Affymetrix GeneChip Fluidics Station 450.",GeneChips were scanned using the diagnostic-grade Affymetrix scanner 3000.,Probe intensities were quantified with Microarray Suite version 5.0 (MAS 5.0) using Affymetrix default analysis settings.,GPL570,ftp://ftp.ncbi.nlm.nih.gov/geo/samples/GSM809nnn/GSM809212/suppl/GSM809212_OU-29.CEL.gz,54613,Reanalyzed by: GSE205568
GSM809213,GSE32646,Breast cancer tumor OU-30,GSM809213,Public on Mar 20 2012,Oct 05 2011,Jun 06 2022,RNA,1,breast cancer,Homo sapiens,breast cancer tumor,46,2,positive,IIB,1,positive,positive,negative,pCR,"Patients prospectively consented to a research biopsy by vacuum-assisted core-biopsy instrument (Mammotome 8G; HH Ethicon Endosurgery, Johnson and Johnson Company) under ultrasonographic guidance for histologic examination and gene expression analysis prior to any systemic therapy, and to the future assessment of pathologic response",total RNA,"Trizol (Invitrogen, Carlsbad, Calif) was used to extract RNA from core-needle tumor biopsy samples that were obtained with the Mammotome.",biotin,"RNA (50 ng) was subjected to the generation of second-strand combinational DNA (cDNA), and cRNA was amplified with a random primer (WT-Ovation FFPE RNA Amplification System V2; NuGEN, Cincinnati, Ohio). Next, the amplified cRNA was biotinylated and fragmented with the FL-Ovation cDNA Biotin Module V2 (NuGEN).",9606,"Following fragmentation, 5 ug of cRNA were hybridized overnight at 46C on Affymetrix U133 plus2.0 arrays. GeneChips were washed and stained in the Affymetrix GeneChip Fluidics Station 450.",GeneChips were scanned using the diagnostic-grade Affymetrix scanner 3000.,Probe intensities were quantified with Microarray Suite version 5.0 (MAS 5.0) using Affymetrix default analysis settings.,GPL570,ftp://ftp.ncbi.nlm.nih.gov/geo/samples/GSM809nnn/GSM809213/suppl/GSM809213_OU-30.CEL.gz,54613,Reanalyzed by: GSE205568
GSM809214,GSE32646,Breast cancer tumor OU-31,GSM809214,Public on Mar 20 2012,Oct 05 2011,Jun 06 2022,RNA,1,breast cancer,Homo sapiens,breast cancer tumor,42,2,positive,IIB,2,negative,negative,negative,nCR,"Patients prospectively consented to a research biopsy by vacuum-assisted core-biopsy instrument (Mammotome 8G; HH Ethicon Endosurgery, Johnson and Johnson Company) under ultrasonographic guidance for histologic examination and gene expression analysis prior to any systemic therapy, and to the future assessment of pathologic response",total RNA,"Trizol (Invitrogen, Carlsbad, Calif) was used to extract RNA from core-needle tumor biopsy samples that were obtained with the Mammotome.",biotin,"RNA (50 ng) was subjected to the generation of second-strand combinational DNA (cDNA), and cRNA was amplified with a random primer (WT-Ovation FFPE RNA Amplification System V2; NuGEN, Cincinnati, Ohio). Next, the amplified cRNA was biotinylated and fragmented with the FL-Ovation cDNA Biotin Module V2 (NuGEN).",9606,"Following fragmentation, 5 ug of cRNA were hybridized overnight at 46C on Affymetrix U133 plus2.0 arrays. GeneChips were washed and stained in the Affymetrix GeneChip Fluidics Station 450.",GeneChips were scanned using the diagnostic-grade Affymetrix scanner 3000.,Probe intensities were quantified with Microarray Suite version 5.0 (MAS 5.0) using Affymetrix default analysis settings.,GPL570,ftp://ftp.ncbi.nlm.nih.gov/geo/samples/GSM809nnn/GSM809214/suppl/GSM809214_OU-31.CEL.gz,54613,Reanalyzed by: GSE205568
GSM809215,GSE32646,Breast cancer tumor OU-32,GSM809215,Public on Mar 20 2012,Oct 05 2011,Jun 06 2022,RNA,1,breast cancer,Homo sapiens,breast cancer tumor,33,2,negative,IIA,2,positive,positive,negative,nCR,"Patients prospectively consented to a research biopsy by vacuum-assisted core-biopsy instrument (Mammotome 8G; HH Ethicon Endosurgery, Johnson and Johnson Company) under ultrasonographic guidance for histologic examination and gene expression analysis prior to any systemic therapy, and to the future assessment of pathologic response",total RNA,"Trizol (Invitrogen, Carlsbad, Calif) was used to extract RNA from core-needle tumor biopsy samples that were obtained with the Mammotome.",biotin,"RNA (50 ng) was subjected to the generation of second-strand combinational DNA (cDNA), and cRNA was amplified with a random primer (WT-Ovation FFPE RNA Amplification System V2; NuGEN, Cincinnati, Ohio). Next, the amplified cRNA was biotinylated and fragmented with the FL-Ovation cDNA Biotin Module V2 (NuGEN).",9606,"Following fragmentation, 5 ug of cRNA were hybridized overnight at 46C on Affymetrix U133 plus2.0 arrays. GeneChips were washed and stained in the Affymetrix GeneChip Fluidics Station 450.",GeneChips were scanned using the diagnostic-grade Affymetrix scanner 3000.,Probe intensities were quantified with Microarray Suite version 5.0 (MAS 5.0) using Affymetrix default analysis settings.,GPL570,ftp://ftp.ncbi.nlm.nih.gov/geo/samples/GSM809nnn/GSM809215/suppl/GSM809215_OU-32.CEL.gz,54613,Reanalyzed by: GSE205568
GSM809216,GSE32646,Breast cancer tumor OU-33,GSM809216,Public on Mar 20 2012,Oct 05 2011,Jun 06 2022,RNA,1,breast cancer,Homo sapiens,breast cancer tumor,56,2,positive,IIB,2,positive,positive,negative,nCR,"Patients prospectively consented to a research biopsy by vacuum-assisted core-biopsy instrument (Mammotome 8G; HH Ethicon Endosurgery, Johnson and Johnson Company) under ultrasonographic guidance for histologic examination and gene expression analysis prior to any systemic therapy, and to the future assessment of pathologic response",total RNA,"Trizol (Invitrogen, Carlsbad, Calif) was used to extract RNA from core-needle tumor biopsy samples that were obtained with the Mammotome.",biotin,"RNA (50 ng) was subjected to the generation of second-strand combinational DNA (cDNA), and cRNA was amplified with a random primer (WT-Ovation FFPE RNA Amplification System V2; NuGEN, Cincinnati, Ohio). Next, the amplified cRNA was biotinylated and fragmented with the FL-Ovation cDNA Biotin Module V2 (NuGEN).",9606,"Following fragmentation, 5 ug of cRNA were hybridized overnight at 46C on Affymetrix U133 plus2.0 arrays. GeneChips were washed and stained in the Affymetrix GeneChip Fluidics Station 450.",GeneChips were scanned using the diagnostic-grade Affymetrix scanner 3000.,Probe intensities were quantified with Microarray Suite version 5.0 (MAS 5.0) using Affymetrix default analysis settings.,GPL570,ftp://ftp.ncbi.nlm.nih.gov/geo/samples/GSM809nnn/GSM809216/suppl/GSM809216_OU-33.CEL.gz,54613,Reanalyzed by: GSE205568
GSM809217,GSE32646,Breast cancer tumor OU-34,GSM809217,Public on Mar 20 2012,Oct 05 2011,Jun 06 2022,RNA,1,breast cancer,Homo sapiens,breast cancer tumor,56,2,positive,IIB,2,positive,negative,negative,nCR,"Patients prospectively consented to a research biopsy by vacuum-assisted core-biopsy instrument (Mammotome 8G; HH Ethicon Endosurgery, Johnson and Johnson Company) under ultrasonographic guidance for histologic examination and gene expression analysis prior to any systemic therapy, and to the future assessment of pathologic response",total RNA,"Trizol (Invitrogen, Carlsbad, Calif) was used to extract RNA from core-needle tumor biopsy samples that were obtained with the Mammotome.",biotin,"RNA (50 ng) was subjected to the generation of second-strand combinational DNA (cDNA), and cRNA was amplified with a random primer (WT-Ovation FFPE RNA Amplification System V2; NuGEN, Cincinnati, Ohio). Next, the amplified cRNA was biotinylated and fragmented with the FL-Ovation cDNA Biotin Module V2 (NuGEN).",9606,"Following fragmentation, 5 ug of cRNA were hybridized overnight at 46C on Affymetrix U133 plus2.0 arrays. GeneChips were washed and stained in the Affymetrix GeneChip Fluidics Station 450.",GeneChips were scanned using the diagnostic-grade Affymetrix scanner 3000.,Probe intensities were quantified with Microarray Suite version 5.0 (MAS 5.0) using Affymetrix default analysis settings.,GPL570,ftp://ftp.ncbi.nlm.nih.gov/geo/samples/GSM809nnn/GSM809217/suppl/GSM809217_OU-34.CEL.gz,54613,Reanalyzed by: GSE205568
GSM809218,GSE32646,Breast cancer tumor OU-35,GSM809218,Public on Mar 20 2012,Oct 05 2011,Jun 06 2022,RNA,1,breast cancer,Homo sapiens,breast cancer tumor,43,2,negative,IIA,2,positive,positive,negative,nCR,"Patients prospectively consented to a research biopsy by vacuum-assisted core-biopsy instrument (Mammotome 8G; HH Ethicon Endosurgery, Johnson and Johnson Company) under ultrasonographic guidance for histologic examination and gene expression analysis prior to any systemic therapy, and to the future assessment of pathologic response",total RNA,"Trizol (Invitrogen, Carlsbad, Calif) was used to extract RNA from core-needle tumor biopsy samples that were obtained with the Mammotome.",biotin,"RNA (50 ng) was subjected to the generation of second-strand combinational DNA (cDNA), and cRNA was amplified with a random primer (WT-Ovation FFPE RNA Amplification System V2; NuGEN, Cincinnati, Ohio). Next, the amplified cRNA was biotinylated and fragmented with the FL-Ovation cDNA Biotin Module V2 (NuGEN).",9606,"Following fragmentation, 5 ug of cRNA were hybridized overnight at 46C on Affymetrix U133 plus2.0 arrays. GeneChips were washed and stained in the Affymetrix GeneChip Fluidics Station 450.",GeneChips were scanned using the diagnostic-grade Affymetrix scanner 3000.,Probe intensities were quantified with Microarray Suite version 5.0 (MAS 5.0) using Affymetrix default analysis settings.,GPL570,ftp://ftp.ncbi.nlm.nih.gov/geo/samples/GSM809nnn/GSM809218/suppl/GSM809218_OU-35.CEL.gz,54613,Reanalyzed by: GSE205568
GSM809219,GSE32646,Breast cancer tumor OU-36,GSM809219,Public on Mar 20 2012,Oct 05 2011,Jun 06 2022,RNA,1,breast cancer,Homo sapiens,breast cancer tumor,60,2,positive,IIB,2,positive,positive,negative,nCR,"Patients prospectively consented to a research biopsy by vacuum-assisted core-biopsy instrument (Mammotome 8G; HH Ethicon Endosurgery, Johnson and Johnson Company) under ultrasonographic guidance for histologic examination and gene expression analysis prior to any systemic therapy, and to the future assessment of pathologic response",total RNA,"Trizol (Invitrogen, Carlsbad, Calif) was used to extract RNA from core-needle tumor biopsy samples that were obtained with the Mammotome.",biotin,"RNA (50 ng) was subjected to the generation of second-strand combinational DNA (cDNA), and cRNA was amplified with a random primer (WT-Ovation FFPE RNA Amplification System V2; NuGEN, Cincinnati, Ohio). Next, the amplified cRNA was biotinylated and fragmented with the FL-Ovation cDNA Biotin Module V2 (NuGEN).",9606,"Following fragmentation, 5 ug of cRNA were hybridized overnight at 46C on Affymetrix U133 plus2.0 arrays. GeneChips were washed and stained in the Affymetrix GeneChip Fluidics Station 450.",GeneChips were scanned using the diagnostic-grade Affymetrix scanner 3000.,Probe intensities were quantified with Microarray Suite version 5.0 (MAS 5.0) using Affymetrix default analysis settings.,GPL570,ftp://ftp.ncbi.nlm.nih.gov/geo/samples/GSM809nnn/GSM809219/suppl/GSM809219_OU-36.CEL.gz,54613,Reanalyzed by: GSE205568
GSM809220,GSE32646,Breast cancer tumor OU-37,GSM809220,Public on Mar 20 2012,Oct 05 2011,Jun 06 2022,RNA,1,breast cancer,Homo sapiens,breast cancer tumor,58,2,positive,IIB,1,negative,negative,negative,nCR,"Patients prospectively consented to a research biopsy by vacuum-assisted core-biopsy instrument (Mammotome 8G; HH Ethicon Endosurgery, Johnson and Johnson Company) under ultrasonographic guidance for histologic examination and gene expression analysis prior to any systemic therapy, and to the future assessment of pathologic response",total RNA,"Trizol (Invitrogen, Carlsbad, Calif) was used to extract RNA from core-needle tumor biopsy samples that were obtained with the Mammotome.",biotin,"RNA (50 ng) was subjected to the generation of second-strand combinational DNA (cDNA), and cRNA was amplified with a random primer (WT-Ovation FFPE RNA Amplification System V2; NuGEN, Cincinnati, Ohio). Next, the amplified cRNA was biotinylated and fragmented with the FL-Ovation cDNA Biotin Module V2 (NuGEN).",9606,"Following fragmentation, 5 ug of cRNA were hybridized overnight at 46C on Affymetrix U133 plus2.0 arrays. GeneChips were washed and stained in the Affymetrix GeneChip Fluidics Station 450.",GeneChips were scanned using the diagnostic-grade Affymetrix scanner 3000.,Probe intensities were quantified with Microarray Suite version 5.0 (MAS 5.0) using Affymetrix default analysis settings.,GPL570,ftp://ftp.ncbi.nlm.nih.gov/geo/samples/GSM809nnn/GSM809220/suppl/GSM809220_OU-37.CEL.gz,54613,Reanalyzed by: GSE205568
GSM809221,GSE32646,Breast cancer tumor OU-38,GSM809221,Public on Mar 20 2012,Oct 05 2011,Jun 06 2022,RNA,1,breast cancer,Homo sapiens,breast cancer tumor,48,2,positive,IIB,3,negative,negative,positive,nCR,"Patients prospectively consented to a research biopsy by vacuum-assisted core-biopsy instrument (Mammotome 8G; HH Ethicon Endosurgery, Johnson and Johnson Company) under ultrasonographic guidance for histologic examination and gene expression analysis prior to any systemic therapy, and to the future assessment of pathologic response",total RNA,"Trizol (Invitrogen, Carlsbad, Calif) was used to extract RNA from core-needle tumor biopsy samples that were obtained with the Mammotome.",biotin,"RNA (50 ng) was subjected to the generation of second-strand combinational DNA (cDNA), and cRNA was amplified with a random primer (WT-Ovation FFPE RNA Amplification System V2; NuGEN, Cincinnati, Ohio). Next, the amplified cRNA was biotinylated and fragmented with the FL-Ovation cDNA Biotin Module V2 (NuGEN).",9606,"Following fragmentation, 5 ug of cRNA were hybridized overnight at 46C on Affymetrix U133 plus2.0 arrays. GeneChips were washed and stained in the Affymetrix GeneChip Fluidics Station 450.",GeneChips were scanned using the diagnostic-grade Affymetrix scanner 3000.,Probe intensities were quantified with Microarray Suite version 5.0 (MAS 5.0) using Affymetrix default analysis settings.,GPL570,ftp://ftp.ncbi.nlm.nih.gov/geo/samples/GSM809nnn/GSM809221/suppl/GSM809221_OU-38.CEL.gz,54613,Reanalyzed by: GSE205568
GSM809222,GSE32646,Breast cancer tumor OU-39,GSM809222,Public on Mar 20 2012,Oct 05 2011,Jun 06 2022,RNA,1,breast cancer,Homo sapiens,breast cancer tumor,72,2,negative,IIA,2,positive,negative,negative,nCR,"Patients prospectively consented to a research biopsy by vacuum-assisted core-biopsy instrument (Mammotome 8G; HH Ethicon Endosurgery, Johnson and Johnson Company) under ultrasonographic guidance for histologic examination and gene expression analysis prior to any systemic therapy, and to the future assessment of pathologic response",total RNA,"Trizol (Invitrogen, Carlsbad, Calif) was used to extract RNA from core-needle tumor biopsy samples that were obtained with the Mammotome.",biotin,"RNA (50 ng) was subjected to the generation of second-strand combinational DNA (cDNA), and cRNA was amplified with a random primer (WT-Ovation FFPE RNA Amplification System V2; NuGEN, Cincinnati, Ohio). Next, the amplified cRNA was biotinylated and fragmented with the FL-Ovation cDNA Biotin Module V2 (NuGEN).",9606,"Following fragmentation, 5 ug of cRNA were hybridized overnight at 46C on Affymetrix U133 plus2.0 arrays. GeneChips were washed and stained in the Affymetrix GeneChip Fluidics Station 450.",GeneChips were scanned using the diagnostic-grade Affymetrix scanner 3000.,Probe intensities were quantified with Microarray Suite version 5.0 (MAS 5.0) using Affymetrix default analysis settings.,GPL570,ftp://ftp.ncbi.nlm.nih.gov/geo/samples/GSM809nnn/GSM809222/suppl/GSM809222_OU-39.CEL.gz,54613,Reanalyzed by: GSE205568
GSM809223,GSE32646,Breast cancer tumor OU-40,GSM809223,Public on Mar 20 2012,Oct 05 2011,Jun 06 2022,RNA,1,breast cancer,Homo sapiens,breast cancer tumor,52,4,positive,IIIB,3,positive,negative,negative,nCR,"Patients prospectively consented to a research biopsy by vacuum-assisted core-biopsy instrument (Mammotome 8G; HH Ethicon Endosurgery, Johnson and Johnson Company) under ultrasonographic guidance for histologic examination and gene expression analysis prior to any systemic therapy, and to the future assessment of pathologic response",total RNA,"Trizol (Invitrogen, Carlsbad, Calif) was used to extract RNA from core-needle tumor biopsy samples that were obtained with the Mammotome.",biotin,"RNA (50 ng) was subjected to the generation of second-strand combinational DNA (cDNA), and cRNA was amplified with a random primer (WT-Ovation FFPE RNA Amplification System V2; NuGEN, Cincinnati, Ohio). Next, the amplified cRNA was biotinylated and fragmented with the FL-Ovation cDNA Biotin Module V2 (NuGEN).",9606,"Following fragmentation, 5 ug of cRNA were hybridized overnight at 46C on Affymetrix U133 plus2.0 arrays. GeneChips were washed and stained in the Affymetrix GeneChip Fluidics Station 450.",GeneChips were scanned using the diagnostic-grade Affymetrix scanner 3000.,Probe intensities were quantified with Microarray Suite version 5.0 (MAS 5.0) using Affymetrix default analysis settings.,GPL570,ftp://ftp.ncbi.nlm.nih.gov/geo/samples/GSM809nnn/GSM809223/suppl/GSM809223_OU-40.CEL.gz,54613,Reanalyzed by: GSE205568
GSM809224,GSE32646,Breast cancer tumor OU-41,GSM809224,Public on Mar 20 2012,Oct 05 2011,Jun 06 2022,RNA,1,breast cancer,Homo sapiens,breast cancer tumor,63,2,negative,IIA,2,negative,negative,negative,nCR,"Patients prospectively consented to a research biopsy by vacuum-assisted core-biopsy instrument (Mammotome 8G; HH Ethicon Endosurgery, Johnson and Johnson Company) under ultrasonographic guidance for histologic examination and gene expression analysis prior to any systemic therapy, and to the future assessment of pathologic response",total RNA,"Trizol (Invitrogen, Carlsbad, Calif) was used to extract RNA from core-needle tumor biopsy samples that were obtained with the Mammotome.",biotin,"RNA (50 ng) was subjected to the generation of second-strand combinational DNA (cDNA), and cRNA was amplified with a random primer (WT-Ovation FFPE RNA Amplification System V2; NuGEN, Cincinnati, Ohio). Next, the amplified cRNA was biotinylated and fragmented with the FL-Ovation cDNA Biotin Module V2 (NuGEN).",9606,"Following fragmentation, 5 ug of cRNA were hybridized overnight at 46C on Affymetrix U133 plus2.0 arrays. GeneChips were washed and stained in the Affymetrix GeneChip Fluidics Station 450.",GeneChips were scanned using the diagnostic-grade Affymetrix scanner 3000.,Probe intensities were quantified with Microarray Suite version 5.0 (MAS 5.0) using Affymetrix default analysis settings.,GPL570,ftp://ftp.ncbi.nlm.nih.gov/geo/samples/GSM809nnn/GSM809224/suppl/GSM809224_OU-41.CEL.gz,54613,Reanalyzed by: GSE205568
GSM809225,GSE32646,Breast cancer tumor OU-42,GSM809225,Public on Mar 20 2012,Oct 05 2011,Jun 06 2022,RNA,1,breast cancer,Homo sapiens,breast cancer tumor,61,2,positive,IIB,3,negative,negative,negative,pCR,"Patients prospectively consented to a research biopsy by vacuum-assisted core-biopsy instrument (Mammotome 8G; HH Ethicon Endosurgery, Johnson and Johnson Company) under ultrasonographic guidance for histologic examination and gene expression analysis prior to any systemic therapy, and to the future assessment of pathologic response",total RNA,"Trizol (Invitrogen, Carlsbad, Calif) was used to extract RNA from core-needle tumor biopsy samples that were obtained with the Mammotome.",biotin,"RNA (50 ng) was subjected to the generation of second-strand combinational DNA (cDNA), and cRNA was amplified with a random primer (WT-Ovation FFPE RNA Amplification System V2; NuGEN, Cincinnati, Ohio). Next, the amplified cRNA was biotinylated and fragmented with the FL-Ovation cDNA Biotin Module V2 (NuGEN).",9606,"Following fragmentation, 5 ug of cRNA were hybridized overnight at 46C on Affymetrix U133 plus2.0 arrays. GeneChips were washed and stained in the Affymetrix GeneChip Fluidics Station 450.",GeneChips were scanned using the diagnostic-grade Affymetrix scanner 3000.,Probe intensities were quantified with Microarray Suite version 5.0 (MAS 5.0) using Affymetrix default analysis settings.,GPL570,ftp://ftp.ncbi.nlm.nih.gov/geo/samples/GSM809nnn/GSM809225/suppl/GSM809225_OU-42.CEL.gz,54613,Reanalyzed by: GSE205568
GSM809226,GSE32646,Breast cancer tumor OU-43,GSM809226,Public on Mar 20 2012,Oct 05 2011,Jun 06 2022,RNA,1,breast cancer,Homo sapiens,breast cancer tumor,62,2,positive,IIB,2,negative,negative,positive,pCR,"Patients prospectively consented to a research biopsy by vacuum-assisted core-biopsy instrument (Mammotome 8G; HH Ethicon Endosurgery, Johnson and Johnson Company) under ultrasonographic guidance for histologic examination and gene expression analysis prior to any systemic therapy, and to the future assessment of pathologic response",total RNA,"Trizol (Invitrogen, Carlsbad, Calif) was used to extract RNA from core-needle tumor biopsy samples that were obtained with the Mammotome.",biotin,"RNA (50 ng) was subjected to the generation of second-strand combinational DNA (cDNA), and cRNA was amplified with a random primer (WT-Ovation FFPE RNA Amplification System V2; NuGEN, Cincinnati, Ohio). Next, the amplified cRNA was biotinylated and fragmented with the FL-Ovation cDNA Biotin Module V2 (NuGEN).",9606,"Following fragmentation, 5 ug of cRNA were hybridized overnight at 46C on Affymetrix U133 plus2.0 arrays. GeneChips were washed and stained in the Affymetrix GeneChip Fluidics Station 450.",GeneChips were scanned using the diagnostic-grade Affymetrix scanner 3000.,Probe intensities were quantified with Microarray Suite version 5.0 (MAS 5.0) using Affymetrix default analysis settings.,GPL570,ftp://ftp.ncbi.nlm.nih.gov/geo/samples/GSM809nnn/GSM809226/suppl/GSM809226_OU-43.CEL.gz,54613,Reanalyzed by: GSE205568
GSM809227,GSE32646,Breast cancer tumor OU-44,GSM809227,Public on Mar 20 2012,Oct 05 2011,Jun 06 2022,RNA,1,breast cancer,Homo sapiens,breast cancer tumor,49,2,positive,IIB,2,negative,negative,negative,nCR,"Patients prospectively consented to a research biopsy by vacuum-assisted core-biopsy instrument (Mammotome 8G; HH Ethicon Endosurgery, Johnson and Johnson Company) under ultrasonographic guidance for histologic examination and gene expression analysis prior to any systemic therapy, and to the future assessment of pathologic response",total RNA,"Trizol (Invitrogen, Carlsbad, Calif) was used to extract RNA from core-needle tumor biopsy samples that were obtained with the Mammotome.",biotin,"RNA (50 ng) was subjected to the generation of second-strand combinational DNA (cDNA), and cRNA was amplified with a random primer (WT-Ovation FFPE RNA Amplification System V2; NuGEN, Cincinnati, Ohio). Next, the amplified cRNA was biotinylated and fragmented with the FL-Ovation cDNA Biotin Module V2 (NuGEN).",9606,"Following fragmentation, 5 ug of cRNA were hybridized overnight at 46C on Affymetrix U133 plus2.0 arrays. GeneChips were washed and stained in the Affymetrix GeneChip Fluidics Station 450.",GeneChips were scanned using the diagnostic-grade Affymetrix scanner 3000.,Probe intensities were quantified with Microarray Suite version 5.0 (MAS 5.0) using Affymetrix default analysis settings.,GPL570,ftp://ftp.ncbi.nlm.nih.gov/geo/samples/GSM809nnn/GSM809227/suppl/GSM809227_OU-44.CEL.gz,54613,Reanalyzed by: GSE205568
GSM809228,GSE32646,Breast cancer tumor OU-45,GSM809228,Public on Mar 20 2012,Oct 05 2011,Jun 06 2022,RNA,1,breast cancer,Homo sapiens,breast cancer tumor,59,2,negative,IIA,2,positive,positive,negative,nCR,"Patients prospectively consented to a research biopsy by vacuum-assisted core-biopsy instrument (Mammotome 8G; HH Ethicon Endosurgery, Johnson and Johnson Company) under ultrasonographic guidance for histologic examination and gene expression analysis prior to any systemic therapy, and to the future assessment of pathologic response",total RNA,"Trizol (Invitrogen, Carlsbad, Calif) was used to extract RNA from core-needle tumor biopsy samples that were obtained with the Mammotome.",biotin,"RNA (50 ng) was subjected to the generation of second-strand combinational DNA (cDNA), and cRNA was amplified with a random primer (WT-Ovation FFPE RNA Amplification System V2; NuGEN, Cincinnati, Ohio). Next, the amplified cRNA was biotinylated and fragmented with the FL-Ovation cDNA Biotin Module V2 (NuGEN).",9606,"Following fragmentation, 5 ug of cRNA were hybridized overnight at 46C on Affymetrix U133 plus2.0 arrays. GeneChips were washed and stained in the Affymetrix GeneChip Fluidics Station 450.",GeneChips were scanned using the diagnostic-grade Affymetrix scanner 3000.,Probe intensities were quantified with Microarray Suite version 5.0 (MAS 5.0) using Affymetrix default analysis settings.,GPL570,ftp://ftp.ncbi.nlm.nih.gov/geo/samples/GSM809nnn/GSM809228/suppl/GSM809228_OU-45.CEL.gz,54613,Reanalyzed by: GSE205568
GSM809229,GSE32646,Breast cancer tumor OU-46,GSM809229,Public on Mar 20 2012,Oct 05 2011,Jun 06 2022,RNA,1,breast cancer,Homo sapiens,breast cancer tumor,53,2,positive,IIB,2,positive,positive,negative,pCR,"Patients prospectively consented to a research biopsy by vacuum-assisted core-biopsy instrument (Mammotome 8G; HH Ethicon Endosurgery, Johnson and Johnson Company) under ultrasonographic guidance for histologic examination and gene expression analysis prior to any systemic therapy, and to the future assessment of pathologic response",total RNA,"Trizol (Invitrogen, Carlsbad, Calif) was used to extract RNA from core-needle tumor biopsy samples that were obtained with the Mammotome.",biotin,"RNA (50 ng) was subjected to the generation of second-strand combinational DNA (cDNA), and cRNA was amplified with a random primer (WT-Ovation FFPE RNA Amplification System V2; NuGEN, Cincinnati, Ohio). Next, the amplified cRNA was biotinylated and fragmented with the FL-Ovation cDNA Biotin Module V2 (NuGEN).",9606,"Following fragmentation, 5 ug of cRNA were hybridized overnight at 46C on Affymetrix U133 plus2.0 arrays. GeneChips were washed and stained in the Affymetrix GeneChip Fluidics Station 450.",GeneChips were scanned using the diagnostic-grade Affymetrix scanner 3000.,Probe intensities were quantified with Microarray Suite version 5.0 (MAS 5.0) using Affymetrix default analysis settings.,GPL570,ftp://ftp.ncbi.nlm.nih.gov/geo/samples/GSM809nnn/GSM809229/suppl/GSM809229_OU-46.CEL.gz,54613,Reanalyzed by: GSE205568
GSM809230,GSE32646,Breast cancer tumor OU-47,GSM809230,Public on Mar 20 2012,Oct 05 2011,Jun 06 2022,RNA,1,breast cancer,Homo sapiens,breast cancer tumor,42,2,negative,IIA,2,negative,negative,negative,nCR,"Patients prospectively consented to a research biopsy by vacuum-assisted core-biopsy instrument (Mammotome 8G; HH Ethicon Endosurgery, Johnson and Johnson Company) under ultrasonographic guidance for histologic examination and gene expression analysis prior to any systemic therapy, and to the future assessment of pathologic response",total RNA,"Trizol (Invitrogen, Carlsbad, Calif) was used to extract RNA from core-needle tumor biopsy samples that were obtained with the Mammotome.",biotin,"RNA (50 ng) was subjected to the generation of second-strand combinational DNA (cDNA), and cRNA was amplified with a random primer (WT-Ovation FFPE RNA Amplification System V2; NuGEN, Cincinnati, Ohio). Next, the amplified cRNA was biotinylated and fragmented with the FL-Ovation cDNA Biotin Module V2 (NuGEN).",9606,"Following fragmentation, 5 ug of cRNA were hybridized overnight at 46C on Affymetrix U133 plus2.0 arrays. GeneChips were washed and stained in the Affymetrix GeneChip Fluidics Station 450.",GeneChips were scanned using the diagnostic-grade Affymetrix scanner 3000.,Probe intensities were quantified with Microarray Suite version 5.0 (MAS 5.0) using Affymetrix default analysis settings.,GPL570,ftp://ftp.ncbi.nlm.nih.gov/geo/samples/GSM809nnn/GSM809230/suppl/GSM809230_OU-47.CEL.gz,54613,Reanalyzed by: GSE205568
GSM809231,GSE32646,Breast cancer tumor OU-48,GSM809231,Public on Mar 20 2012,Oct 05 2011,Jun 06 2022,RNA,1,breast cancer,Homo sapiens,breast cancer tumor,28,2,positive,IIB,2,negative,negative,negative,pCR,"Patients prospectively consented to a research biopsy by vacuum-assisted core-biopsy instrument (Mammotome 8G; HH Ethicon Endosurgery, Johnson and Johnson Company) under ultrasonographic guidance for histologic examination and gene expression analysis prior to any systemic therapy, and to the future assessment of pathologic response",total RNA,"Trizol (Invitrogen, Carlsbad, Calif) was used to extract RNA from core-needle tumor biopsy samples that were obtained with the Mammotome.",biotin,"RNA (50 ng) was subjected to the generation of second-strand combinational DNA (cDNA), and cRNA was amplified with a random primer (WT-Ovation FFPE RNA Amplification System V2; NuGEN, Cincinnati, Ohio). Next, the amplified cRNA was biotinylated and fragmented with the FL-Ovation cDNA Biotin Module V2 (NuGEN).",9606,"Following fragmentation, 5 ug of cRNA were hybridized overnight at 46C on Affymetrix U133 plus2.0 arrays. GeneChips were washed and stained in the Affymetrix GeneChip Fluidics Station 450.",GeneChips were scanned using the diagnostic-grade Affymetrix scanner 3000.,Probe intensities were quantified with Microarray Suite version 5.0 (MAS 5.0) using Affymetrix default analysis settings.,GPL570,ftp://ftp.ncbi.nlm.nih.gov/geo/samples/GSM809nnn/GSM809231/suppl/GSM809231_OU-48.CEL.gz,54613,Reanalyzed by: GSE205568
GSM809232,GSE32646,Breast cancer tumor OU-49,GSM809232,Public on Mar 20 2012,Oct 05 2011,Jun 06 2022,RNA,1,breast cancer,Homo sapiens,breast cancer tumor,68,2,positive,IIB,2,negative,negative,negative,pCR,"Patients prospectively consented to a research biopsy by vacuum-assisted core-biopsy instrument (Mammotome 8G; HH Ethicon Endosurgery, Johnson and Johnson Company) under ultrasonographic guidance for histologic examination and gene expression analysis prior to any systemic therapy, and to the future assessment of pathologic response",total RNA,"Trizol (Invitrogen, Carlsbad, Calif) was used to extract RNA from core-needle tumor biopsy samples that were obtained with the Mammotome.",biotin,"RNA (50 ng) was subjected to the generation of second-strand combinational DNA (cDNA), and cRNA was amplified with a random primer (WT-Ovation FFPE RNA Amplification System V2; NuGEN, Cincinnati, Ohio). Next, the amplified cRNA was biotinylated and fragmented with the FL-Ovation cDNA Biotin Module V2 (NuGEN).",9606,"Following fragmentation, 5 ug of cRNA were hybridized overnight at 46C on Affymetrix U133 plus2.0 arrays. GeneChips were washed and stained in the Affymetrix GeneChip Fluidics Station 450.",GeneChips were scanned using the diagnostic-grade Affymetrix scanner 3000.,Probe intensities were quantified with Microarray Suite version 5.0 (MAS 5.0) using Affymetrix default analysis settings.,GPL570,ftp://ftp.ncbi.nlm.nih.gov/geo/samples/GSM809nnn/GSM809232/suppl/GSM809232_OU-49.CEL.gz,54613,Reanalyzed by: GSE205568
GSM809233,GSE32646,Breast cancer tumor OU-50,GSM809233,Public on Mar 20 2012,Oct 05 2011,Jun 06 2022,RNA,1,breast cancer,Homo sapiens,breast cancer tumor,47,2,positive,IIB,2,positive,negative,negative,nCR,"Patients prospectively consented to a research biopsy by vacuum-assisted core-biopsy instrument (Mammotome 8G; HH Ethicon Endosurgery, Johnson and Johnson Company) under ultrasonographic guidance for histologic examination and gene expression analysis prior to any systemic therapy, and to the future assessment of pathologic response",total RNA,"Trizol (Invitrogen, Carlsbad, Calif) was used to extract RNA from core-needle tumor biopsy samples that were obtained with the Mammotome.",biotin,"RNA (50 ng) was subjected to the generation of second-strand combinational DNA (cDNA), and cRNA was amplified with a random primer (WT-Ovation FFPE RNA Amplification System V2; NuGEN, Cincinnati, Ohio). Next, the amplified cRNA was biotinylated and fragmented with the FL-Ovation cDNA Biotin Module V2 (NuGEN).",9606,"Following fragmentation, 5 ug of cRNA were hybridized overnight at 46C on Affymetrix U133 plus2.0 arrays. GeneChips were washed and stained in the Affymetrix GeneChip Fluidics Station 450.",GeneChips were scanned using the diagnostic-grade Affymetrix scanner 3000.,Probe intensities were quantified with Microarray Suite version 5.0 (MAS 5.0) using Affymetrix default analysis settings.,GPL570,ftp://ftp.ncbi.nlm.nih.gov/geo/samples/GSM809nnn/GSM809233/suppl/GSM809233_OU-50.CEL.gz,54613,Reanalyzed by: GSE205568
GSM809234,GSE32646,Breast cancer tumor OU-51,GSM809234,Public on Mar 20 2012,Oct 05 2011,Jun 06 2022,RNA,1,breast cancer,Homo sapiens,breast cancer tumor,57,3,positive,IIIA,2,positive,negative,negative,nCR,"Patients prospectively consented to a research biopsy by vacuum-assisted core-biopsy instrument (Mammotome 8G; HH Ethicon Endosurgery, Johnson and Johnson Company) under ultrasonographic guidance for histologic examination and gene expression analysis prior to any systemic therapy, and to the future assessment of pathologic response",total RNA,"Trizol (Invitrogen, Carlsbad, Calif) was used to extract RNA from core-needle tumor biopsy samples that were obtained with the Mammotome.",biotin,"RNA (50 ng) was subjected to the generation of second-strand combinational DNA (cDNA), and cRNA was amplified with a random primer (WT-Ovation FFPE RNA Amplification System V2; NuGEN, Cincinnati, Ohio). Next, the amplified cRNA was biotinylated and fragmented with the FL-Ovation cDNA Biotin Module V2 (NuGEN).",9606,"Following fragmentation, 5 ug of cRNA were hybridized overnight at 46C on Affymetrix U133 plus2.0 arrays. GeneChips were washed and stained in the Affymetrix GeneChip Fluidics Station 450.",GeneChips were scanned using the diagnostic-grade Affymetrix scanner 3000.,Probe intensities were quantified with Microarray Suite version 5.0 (MAS 5.0) using Affymetrix default analysis settings.,GPL570,ftp://ftp.ncbi.nlm.nih.gov/geo/samples/GSM809nnn/GSM809234/suppl/GSM809234_OU-51.CEL.gz,54613,Reanalyzed by: GSE205568
GSM809235,GSE32646,Breast cancer tumor OU-52,GSM809235,Public on Mar 20 2012,Oct 05 2011,Jun 06 2022,RNA,1,breast cancer,Homo sapiens,breast cancer tumor,57,2,positive,IIB,3,positive,positive,negative,nCR,"Patients prospectively consented to a research biopsy by vacuum-assisted core-biopsy instrument (Mammotome 8G; HH Ethicon Endosurgery, Johnson and Johnson Company) under ultrasonographic guidance for histologic examination and gene expression analysis prior to any systemic therapy, and to the future assessment of pathologic response",total RNA,"Trizol (Invitrogen, Carlsbad, Calif) was used to extract RNA from core-needle tumor biopsy samples that were obtained with the Mammotome.",biotin,"RNA (50 ng) was subjected to the generation of second-strand combinational DNA (cDNA), and cRNA was amplified with a random primer (WT-Ovation FFPE RNA Amplification System V2; NuGEN, Cincinnati, Ohio). Next, the amplified cRNA was biotinylated and fragmented with the FL-Ovation cDNA Biotin Module V2 (NuGEN).",9606,"Following fragmentation, 5 ug of cRNA were hybridized overnight at 46C on Affymetrix U133 plus2.0 arrays. GeneChips were washed and stained in the Affymetrix GeneChip Fluidics Station 450.",GeneChips were scanned using the diagnostic-grade Affymetrix scanner 3000.,Probe intensities were quantified with Microarray Suite version 5.0 (MAS 5.0) using Affymetrix default analysis settings.,GPL570,ftp://ftp.ncbi.nlm.nih.gov/geo/samples/GSM809nnn/GSM809235/suppl/GSM809235_OU-52.CEL.gz,54613,Reanalyzed by: GSE205568
GSM809236,GSE32646,Breast cancer tumor OU-53,GSM809236,Public on Mar 20 2012,Oct 05 2011,Jun 06 2022,RNA,1,breast cancer,Homo sapiens,breast cancer tumor,47,2,positive,IIB,2,negative,negative,positive,pCR,"Patients prospectively consented to a research biopsy by vacuum-assisted core-biopsy instrument (Mammotome 8G; HH Ethicon Endosurgery, Johnson and Johnson Company) under ultrasonographic guidance for histologic examination and gene expression analysis prior to any systemic therapy, and to the future assessment of pathologic response",total RNA,"Trizol (Invitrogen, Carlsbad, Calif) was used to extract RNA from core-needle tumor biopsy samples that were obtained with the Mammotome.",biotin,"RNA (50 ng) was subjected to the generation of second-strand combinational DNA (cDNA), and cRNA was amplified with a random primer (WT-Ovation FFPE RNA Amplification System V2; NuGEN, Cincinnati, Ohio). Next, the amplified cRNA was biotinylated and fragmented with the FL-Ovation cDNA Biotin Module V2 (NuGEN).",9606,"Following fragmentation, 5 ug of cRNA were hybridized overnight at 46C on Affymetrix U133 plus2.0 arrays. GeneChips were washed and stained in the Affymetrix GeneChip Fluidics Station 450.",GeneChips were scanned using the diagnostic-grade Affymetrix scanner 3000.,Probe intensities were quantified with Microarray Suite version 5.0 (MAS 5.0) using Affymetrix default analysis settings.,GPL570,ftp://ftp.ncbi.nlm.nih.gov/geo/samples/GSM809nnn/GSM809236/suppl/GSM809236_OU-53.CEL.gz,54613,Reanalyzed by: GSE205568
GSM809237,GSE32646,Breast cancer tumor OU-54,GSM809237,Public on Mar 20 2012,Oct 05 2011,Jun 06 2022,RNA,1,breast cancer,Homo sapiens,breast cancer tumor,63,2,positive,IIB,3,negative,negative,negative,pCR,"Patients prospectively consented to a research biopsy by vacuum-assisted core-biopsy instrument (Mammotome 8G; HH Ethicon Endosurgery, Johnson and Johnson Company) under ultrasonographic guidance for histologic examination and gene expression analysis prior to any systemic therapy, and to the future assessment of pathologic response",total RNA,"Trizol (Invitrogen, Carlsbad, Calif) was used to extract RNA from core-needle tumor biopsy samples that were obtained with the Mammotome.",biotin,"RNA (50 ng) was subjected to the generation of second-strand combinational DNA (cDNA), and cRNA was amplified with a random primer (WT-Ovation FFPE RNA Amplification System V2; NuGEN, Cincinnati, Ohio). Next, the amplified cRNA was biotinylated and fragmented with the FL-Ovation cDNA Biotin Module V2 (NuGEN).",9606,"Following fragmentation, 5 ug of cRNA were hybridized overnight at 46C on Affymetrix U133 plus2.0 arrays. GeneChips were washed and stained in the Affymetrix GeneChip Fluidics Station 450.",GeneChips were scanned using the diagnostic-grade Affymetrix scanner 3000.,Probe intensities were quantified with Microarray Suite version 5.0 (MAS 5.0) using Affymetrix default analysis settings.,GPL570,ftp://ftp.ncbi.nlm.nih.gov/geo/samples/GSM809nnn/GSM809237/suppl/GSM809237_OU-54.CEL.gz,54613,Reanalyzed by: GSE205568
GSM809238,GSE32646,Breast cancer tumor OU-55,GSM809238,Public on Mar 20 2012,Oct 05 2011,Jun 06 2022,RNA,1,breast cancer,Homo sapiens,breast cancer tumor,56,2,positive,IIB,2,negative,negative,positive,pCR,"Patients prospectively consented to a research biopsy by vacuum-assisted core-biopsy instrument (Mammotome 8G; HH Ethicon Endosurgery, Johnson and Johnson Company) under ultrasonographic guidance for histologic examination and gene expression analysis prior to any systemic therapy, and to the future assessment of pathologic response",total RNA,"Trizol (Invitrogen, Carlsbad, Calif) was used to extract RNA from core-needle tumor biopsy samples that were obtained with the Mammotome.",biotin,"RNA (50 ng) was subjected to the generation of second-strand combinational DNA (cDNA), and cRNA was amplified with a random primer (WT-Ovation FFPE RNA Amplification System V2; NuGEN, Cincinnati, Ohio). Next, the amplified cRNA was biotinylated and fragmented with the FL-Ovation cDNA Biotin Module V2 (NuGEN).",9606,"Following fragmentation, 5 ug of cRNA were hybridized overnight at 46C on Affymetrix U133 plus2.0 arrays. GeneChips were washed and stained in the Affymetrix GeneChip Fluidics Station 450.",GeneChips were scanned using the diagnostic-grade Affymetrix scanner 3000.,Probe intensities were quantified with Microarray Suite version 5.0 (MAS 5.0) using Affymetrix default analysis settings.,GPL570,ftp://ftp.ncbi.nlm.nih.gov/geo/samples/GSM809nnn/GSM809238/suppl/GSM809238_OU-55.CEL.gz,54613,Reanalyzed by: GSE205568
GSM809239,GSE32646,Breast cancer tumor OU-56,GSM809239,Public on Mar 20 2012,Oct 05 2011,Jun 06 2022,RNA,1,breast cancer,Homo sapiens,breast cancer tumor,68,2,positive,IIB,2,negative,negative,negative,nCR,"Patients prospectively consented to a research biopsy by vacuum-assisted core-biopsy instrument (Mammotome 8G; HH Ethicon Endosurgery, Johnson and Johnson Company) under ultrasonographic guidance for histologic examination and gene expression analysis prior to any systemic therapy, and to the future assessment of pathologic response",total RNA,"Trizol (Invitrogen, Carlsbad, Calif) was used to extract RNA from core-needle tumor biopsy samples that were obtained with the Mammotome.",biotin,"RNA (50 ng) was subjected to the generation of second-strand combinational DNA (cDNA), and cRNA was amplified with a random primer (WT-Ovation FFPE RNA Amplification System V2; NuGEN, Cincinnati, Ohio). Next, the amplified cRNA was biotinylated and fragmented with the FL-Ovation cDNA Biotin Module V2 (NuGEN).",9606,"Following fragmentation, 5 ug of cRNA were hybridized overnight at 46C on Affymetrix U133 plus2.0 arrays. GeneChips were washed and stained in the Affymetrix GeneChip Fluidics Station 450.",GeneChips were scanned using the diagnostic-grade Affymetrix scanner 3000.,Probe intensities were quantified with Microarray Suite version 5.0 (MAS 5.0) using Affymetrix default analysis settings.,GPL570,ftp://ftp.ncbi.nlm.nih.gov/geo/samples/GSM809nnn/GSM809239/suppl/GSM809239_OU-56.CEL.gz,54613,Reanalyzed by: GSE205568
GSM809240,GSE32646,Breast cancer tumor OU-57,GSM809240,Public on Mar 20 2012,Oct 05 2011,Jun 06 2022,RNA,1,breast cancer,Homo sapiens,breast cancer tumor,45,3,negative,IIB,2,positive,positive,negative,nCR,"Patients prospectively consented to a research biopsy by vacuum-assisted core-biopsy instrument (Mammotome 8G; HH Ethicon Endosurgery, Johnson and Johnson Company) under ultrasonographic guidance for histologic examination and gene expression analysis prior to any systemic therapy, and to the future assessment of pathologic response",total RNA,"Trizol (Invitrogen, Carlsbad, Calif) was used to extract RNA from core-needle tumor biopsy samples that were obtained with the Mammotome.",biotin,"RNA (50 ng) was subjected to the generation of second-strand combinational DNA (cDNA), and cRNA was amplified with a random primer (WT-Ovation FFPE RNA Amplification System V2; NuGEN, Cincinnati, Ohio). Next, the amplified cRNA was biotinylated and fragmented with the FL-Ovation cDNA Biotin Module V2 (NuGEN).",9606,"Following fragmentation, 5 ug of cRNA were hybridized overnight at 46C on Affymetrix U133 plus2.0 arrays. GeneChips were washed and stained in the Affymetrix GeneChip Fluidics Station 450.",GeneChips were scanned using the diagnostic-grade Affymetrix scanner 3000.,Probe intensities were quantified with Microarray Suite version 5.0 (MAS 5.0) using Affymetrix default analysis settings.,GPL570,ftp://ftp.ncbi.nlm.nih.gov/geo/samples/GSM809nnn/GSM809240/suppl/GSM809240_OU-57.CEL.gz,54613,Reanalyzed by: GSE205568
GSM809241,GSE32646,Breast cancer tumor OU-58,GSM809241,Public on Mar 20 2012,Oct 05 2011,Jun 06 2022,RNA,1,breast cancer,Homo sapiens,breast cancer tumor,27,2,negative,IIA,2,positive,positive,negative,nCR,"Patients prospectively consented to a research biopsy by vacuum-assisted core-biopsy instrument (Mammotome 8G; HH Ethicon Endosurgery, Johnson and Johnson Company) under ultrasonographic guidance for histologic examination and gene expression analysis prior to any systemic therapy, and to the future assessment of pathologic response",total RNA,"Trizol (Invitrogen, Carlsbad, Calif) was used to extract RNA from core-needle tumor biopsy samples that were obtained with the Mammotome.",biotin,"RNA (50 ng) was subjected to the generation of second-strand combinational DNA (cDNA), and cRNA was amplified with a random primer (WT-Ovation FFPE RNA Amplification System V2; NuGEN, Cincinnati, Ohio). Next, the amplified cRNA was biotinylated and fragmented with the FL-Ovation cDNA Biotin Module V2 (NuGEN).",9606,"Following fragmentation, 5 ug of cRNA were hybridized overnight at 46C on Affymetrix U133 plus2.0 arrays. GeneChips were washed and stained in the Affymetrix GeneChip Fluidics Station 450.",GeneChips were scanned using the diagnostic-grade Affymetrix scanner 3000.,Probe intensities were quantified with Microarray Suite version 5.0 (MAS 5.0) using Affymetrix default analysis settings.,GPL570,ftp://ftp.ncbi.nlm.nih.gov/geo/samples/GSM809nnn/GSM809241/suppl/GSM809241_OU-58.CEL.gz,54613,Reanalyzed by: GSE205568
GSM809242,GSE32646,Breast cancer tumor OU-59,GSM809242,Public on Mar 20 2012,Oct 05 2011,Jun 06 2022,RNA,1,breast cancer,Homo sapiens,breast cancer tumor,58,2,negative,IIA,2,positive,negative,negative,nCR,"Patients prospectively consented to a research biopsy by vacuum-assisted core-biopsy instrument (Mammotome 8G; HH Ethicon Endosurgery, Johnson and Johnson Company) under ultrasonographic guidance for histologic examination and gene expression analysis prior to any systemic therapy, and to the future assessment of pathologic response",total RNA,"Trizol (Invitrogen, Carlsbad, Calif) was used to extract RNA from core-needle tumor biopsy samples that were obtained with the Mammotome.",biotin,"RNA (50 ng) was subjected to the generation of second-strand combinational DNA (cDNA), and cRNA was amplified with a random primer (WT-Ovation FFPE RNA Amplification System V2; NuGEN, Cincinnati, Ohio). Next, the amplified cRNA was biotinylated and fragmented with the FL-Ovation cDNA Biotin Module V2 (NuGEN).",9606,"Following fragmentation, 5 ug of cRNA were hybridized overnight at 46C on Affymetrix U133 plus2.0 arrays. GeneChips were washed and stained in the Affymetrix GeneChip Fluidics Station 450.",GeneChips were scanned using the diagnostic-grade Affymetrix scanner 3000.,Probe intensities were quantified with Microarray Suite version 5.0 (MAS 5.0) using Affymetrix default analysis settings.,GPL570,ftp://ftp.ncbi.nlm.nih.gov/geo/samples/GSM809nnn/GSM809242/suppl/GSM809242_OU-59.CEL.gz,54613,Reanalyzed by: GSE205568
GSM809243,GSE32646,Breast cancer tumor OU-60,GSM809243,Public on Mar 20 2012,Oct 05 2011,Jun 06 2022,RNA,1,breast cancer,Homo sapiens,breast cancer tumor,37,3,negative,IIB,2,positive,negative,positive,nCR,"Patients prospectively consented to a research biopsy by vacuum-assisted core-biopsy instrument (Mammotome 8G; HH Ethicon Endosurgery, Johnson and Johnson Company) under ultrasonographic guidance for histologic examination and gene expression analysis prior to any systemic therapy, and to the future assessment of pathologic response",total RNA,"Trizol (Invitrogen, Carlsbad, Calif) was used to extract RNA from core-needle tumor biopsy samples that were obtained with the Mammotome.",biotin,"RNA (50 ng) was subjected to the generation of second-strand combinational DNA (cDNA), and cRNA was amplified with a random primer (WT-Ovation FFPE RNA Amplification System V2; NuGEN, Cincinnati, Ohio). Next, the amplified cRNA was biotinylated and fragmented with the FL-Ovation cDNA Biotin Module V2 (NuGEN).",9606,"Following fragmentation, 5 ug of cRNA were hybridized overnight at 46C on Affymetrix U133 plus2.0 arrays. GeneChips were washed and stained in the Affymetrix GeneChip Fluidics Station 450.",GeneChips were scanned using the diagnostic-grade Affymetrix scanner 3000.,Probe intensities were quantified with Microarray Suite version 5.0 (MAS 5.0) using Affymetrix default analysis settings.,GPL570,ftp://ftp.ncbi.nlm.nih.gov/geo/samples/GSM809nnn/GSM809243/suppl/GSM809243_OU-60.CEL.gz,54613,Reanalyzed by: GSE205568
GSM809244,GSE32646,Breast cancer tumor OU-61,GSM809244,Public on Mar 20 2012,Oct 05 2011,Jun 06 2022,RNA,1,breast cancer,Homo sapiens,breast cancer tumor,39,3,positive,IIIA,1,positive,negative,negative,nCR,"Patients prospectively consented to a research biopsy by vacuum-assisted core-biopsy instrument (Mammotome 8G; HH Ethicon Endosurgery, Johnson and Johnson Company) under ultrasonographic guidance for histologic examination and gene expression analysis prior to any systemic therapy, and to the future assessment of pathologic response",total RNA,"Trizol (Invitrogen, Carlsbad, Calif) was used to extract RNA from core-needle tumor biopsy samples that were obtained with the Mammotome.",biotin,"RNA (50 ng) was subjected to the generation of second-strand combinational DNA (cDNA), and cRNA was amplified with a random primer (WT-Ovation FFPE RNA Amplification System V2; NuGEN, Cincinnati, Ohio). Next, the amplified cRNA was biotinylated and fragmented with the FL-Ovation cDNA Biotin Module V2 (NuGEN).",9606,"Following fragmentation, 5 ug of cRNA were hybridized overnight at 46C on Affymetrix U133 plus2.0 arrays. GeneChips were washed and stained in the Affymetrix GeneChip Fluidics Station 450.",GeneChips were scanned using the diagnostic-grade Affymetrix scanner 3000.,Probe intensities were quantified with Microarray Suite version 5.0 (MAS 5.0) using Affymetrix default analysis settings.,GPL570,ftp://ftp.ncbi.nlm.nih.gov/geo/samples/GSM809nnn/GSM809244/suppl/GSM809244_OU-61.CEL.gz,54613,Reanalyzed by: GSE205568
GSM809245,GSE32646,Breast cancer tumor OU-62,GSM809245,Public on Mar 20 2012,Oct 05 2011,Jun 06 2022,RNA,1,breast cancer,Homo sapiens,breast cancer tumor,44,2,positive,IIB,2,negative,negative,positive,nCR,"Patients prospectively consented to a research biopsy by vacuum-assisted core-biopsy instrument (Mammotome 8G; HH Ethicon Endosurgery, Johnson and Johnson Company) under ultrasonographic guidance for histologic examination and gene expression analysis prior to any systemic therapy, and to the future assessment of pathologic response",total RNA,"Trizol (Invitrogen, Carlsbad, Calif) was used to extract RNA from core-needle tumor biopsy samples that were obtained with the Mammotome.",biotin,"RNA (50 ng) was subjected to the generation of second-strand combinational DNA (cDNA), and cRNA was amplified with a random primer (WT-Ovation FFPE RNA Amplification System V2; NuGEN, Cincinnati, Ohio). Next, the amplified cRNA was biotinylated and fragmented with the FL-Ovation cDNA Biotin Module V2 (NuGEN).",9606,"Following fragmentation, 5 ug of cRNA were hybridized overnight at 46C on Affymetrix U133 plus2.0 arrays. GeneChips were washed and stained in the Affymetrix GeneChip Fluidics Station 450.",GeneChips were scanned using the diagnostic-grade Affymetrix scanner 3000.,Probe intensities were quantified with Microarray Suite version 5.0 (MAS 5.0) using Affymetrix default analysis settings.,GPL570,ftp://ftp.ncbi.nlm.nih.gov/geo/samples/GSM809nnn/GSM809245/suppl/GSM809245_OU-62.CEL.gz,54613,Reanalyzed by: GSE205568
GSM809246,GSE32646,Breast cancer tumor OU-63,GSM809246,Public on Mar 20 2012,Oct 05 2011,Jun 06 2022,RNA,1,breast cancer,Homo sapiens,breast cancer tumor,50,2,negative,IIA,2,negative,negative,positive,pCR,"Patients prospectively consented to a research biopsy by vacuum-assisted core-biopsy instrument (Mammotome 8G; HH Ethicon Endosurgery, Johnson and Johnson Company) under ultrasonographic guidance for histologic examination and gene expression analysis prior to any systemic therapy, and to the future assessment of pathologic response",total RNA,"Trizol (Invitrogen, Carlsbad, Calif) was used to extract RNA from core-needle tumor biopsy samples that were obtained with the Mammotome.",biotin,"RNA (50 ng) was subjected to the generation of second-strand combinational DNA (cDNA), and cRNA was amplified with a random primer (WT-Ovation FFPE RNA Amplification System V2; NuGEN, Cincinnati, Ohio). Next, the amplified cRNA was biotinylated and fragmented with the FL-Ovation cDNA Biotin Module V2 (NuGEN).",9606,"Following fragmentation, 5 ug of cRNA were hybridized overnight at 46C on Affymetrix U133 plus2.0 arrays. GeneChips were washed and stained in the Affymetrix GeneChip Fluidics Station 450.",GeneChips were scanned using the diagnostic-grade Affymetrix scanner 3000.,Probe intensities were quantified with Microarray Suite version 5.0 (MAS 5.0) using Affymetrix default analysis settings.,GPL570,ftp://ftp.ncbi.nlm.nih.gov/geo/samples/GSM809nnn/GSM809246/suppl/GSM809246_OU-63.CEL.gz,54613,Reanalyzed by: GSE205568
GSM809247,GSE32646,Breast cancer tumor OU-64,GSM809247,Public on Mar 20 2012,Oct 05 2011,Jun 06 2022,RNA,1,breast cancer,Homo sapiens,breast cancer tumor,54,4,positive,IIIB,3,negative,negative,negative,nCR,"Patients prospectively consented to a research biopsy by vacuum-assisted core-biopsy instrument (Mammotome 8G; HH Ethicon Endosurgery, Johnson and Johnson Company) under ultrasonographic guidance for histologic examination and gene expression analysis prior to any systemic therapy, and to the future assessment of pathologic response",total RNA,"Trizol (Invitrogen, Carlsbad, Calif) was used to extract RNA from core-needle tumor biopsy samples that were obtained with the Mammotome.",biotin,"RNA (50 ng) was subjected to the generation of second-strand combinational DNA (cDNA), and cRNA was amplified with a random primer (WT-Ovation FFPE RNA Amplification System V2; NuGEN, Cincinnati, Ohio). Next, the amplified cRNA was biotinylated and fragmented with the FL-Ovation cDNA Biotin Module V2 (NuGEN).",9606,"Following fragmentation, 5 ug of cRNA were hybridized overnight at 46C on Affymetrix U133 plus2.0 arrays. GeneChips were washed and stained in the Affymetrix GeneChip Fluidics Station 450.",GeneChips were scanned using the diagnostic-grade Affymetrix scanner 3000.,Probe intensities were quantified with Microarray Suite version 5.0 (MAS 5.0) using Affymetrix default analysis settings.,GPL570,ftp://ftp.ncbi.nlm.nih.gov/geo/samples/GSM809nnn/GSM809247/suppl/GSM809247_OU-64.CEL.gz,54613,Reanalyzed by: GSE205568
GSM809248,GSE32646,Breast cancer tumor OU-65,GSM809248,Public on Mar 20 2012,Oct 05 2011,Jun 06 2022,RNA,1,breast cancer,Homo sapiens,breast cancer tumor,36,2,positive,IIB,2,negative,negative,negative,pCR,"Patients prospectively consented to a research biopsy by vacuum-assisted core-biopsy instrument (Mammotome 8G; HH Ethicon Endosurgery, Johnson and Johnson Company) under ultrasonographic guidance for histologic examination and gene expression analysis prior to any systemic therapy, and to the future assessment of pathologic response",total RNA,"Trizol (Invitrogen, Carlsbad, Calif) was used to extract RNA from core-needle tumor biopsy samples that were obtained with the Mammotome.",biotin,"RNA (50 ng) was subjected to the generation of second-strand combinational DNA (cDNA), and cRNA was amplified with a random primer (WT-Ovation FFPE RNA Amplification System V2; NuGEN, Cincinnati, Ohio). Next, the amplified cRNA was biotinylated and fragmented with the FL-Ovation cDNA Biotin Module V2 (NuGEN).",9606,"Following fragmentation, 5 ug of cRNA were hybridized overnight at 46C on Affymetrix U133 plus2.0 arrays. GeneChips were washed and stained in the Affymetrix GeneChip Fluidics Station 450.",GeneChips were scanned using the diagnostic-grade Affymetrix scanner 3000.,Probe intensities were quantified with Microarray Suite version 5.0 (MAS 5.0) using Affymetrix default analysis settings.,GPL570,ftp://ftp.ncbi.nlm.nih.gov/geo/samples/GSM809nnn/GSM809248/suppl/GSM809248_OU-65.CEL.gz,54613,Reanalyzed by: GSE205568
GSM809249,GSE32646,Breast cancer tumor OU-66,GSM809249,Public on Mar 20 2012,Oct 05 2011,Jun 06 2022,RNA,1,breast cancer,Homo sapiens,breast cancer tumor,54,3,positive,IIIA,2,positive,positive,positive,nCR,"Patients prospectively consented to a research biopsy by vacuum-assisted core-biopsy instrument (Mammotome 8G; HH Ethicon Endosurgery, Johnson and Johnson Company) under ultrasonographic guidance for histologic examination and gene expression analysis prior to any systemic therapy, and to the future assessment of pathologic response",total RNA,"Trizol (Invitrogen, Carlsbad, Calif) was used to extract RNA from core-needle tumor biopsy samples that were obtained with the Mammotome.",biotin,"RNA (50 ng) was subjected to the generation of second-strand combinational DNA (cDNA), and cRNA was amplified with a random primer (WT-Ovation FFPE RNA Amplification System V2; NuGEN, Cincinnati, Ohio). Next, the amplified cRNA was biotinylated and fragmented with the FL-Ovation cDNA Biotin Module V2 (NuGEN).",9606,"Following fragmentation, 5 ug of cRNA were hybridized overnight at 46C on Affymetrix U133 plus2.0 arrays. GeneChips were washed and stained in the Affymetrix GeneChip Fluidics Station 450.",GeneChips were scanned using the diagnostic-grade Affymetrix scanner 3000.,Probe intensities were quantified with Microarray Suite version 5.0 (MAS 5.0) using Affymetrix default analysis settings.,GPL570,ftp://ftp.ncbi.nlm.nih.gov/geo/samples/GSM809nnn/GSM809249/suppl/GSM809249_OU-66.CEL.gz,54613,Reanalyzed by: GSE205568
GSM809250,GSE32646,Breast cancer tumor OU-67,GSM809250,Public on Mar 20 2012,Oct 05 2011,Jun 06 2022,RNA,1,breast cancer,Homo sapiens,breast cancer tumor,36,3,negative,IIB,2,positive,positive,negative,nCR,"Patients prospectively consented to a research biopsy by vacuum-assisted core-biopsy instrument (Mammotome 8G; HH Ethicon Endosurgery, Johnson and Johnson Company) under ultrasonographic guidance for histologic examination and gene expression analysis prior to any systemic therapy, and to the future assessment of pathologic response",total RNA,"Trizol (Invitrogen, Carlsbad, Calif) was used to extract RNA from core-needle tumor biopsy samples that were obtained with the Mammotome.",biotin,"RNA (50 ng) was subjected to the generation of second-strand combinational DNA (cDNA), and cRNA was amplified with a random primer (WT-Ovation FFPE RNA Amplification System V2; NuGEN, Cincinnati, Ohio). Next, the amplified cRNA was biotinylated and fragmented with the FL-Ovation cDNA Biotin Module V2 (NuGEN).",9606,"Following fragmentation, 5 ug of cRNA were hybridized overnight at 46C on Affymetrix U133 plus2.0 arrays. GeneChips were washed and stained in the Affymetrix GeneChip Fluidics Station 450.",GeneChips were scanned using the diagnostic-grade Affymetrix scanner 3000.,Probe intensities were quantified with Microarray Suite version 5.0 (MAS 5.0) using Affymetrix default analysis settings.,GPL570,ftp://ftp.ncbi.nlm.nih.gov/geo/samples/GSM809nnn/GSM809250/suppl/GSM809250_OU-67.CEL.gz,54613,Reanalyzed by: GSE205568
GSM809251,GSE32646,Breast cancer tumor OU-68,GSM809251,Public on Mar 20 2012,Oct 05 2011,Jun 06 2022,RNA,1,breast cancer,Homo sapiens,breast cancer tumor,61,2,positive,IIB,2,negative,negative,negative,nCR,"Patients prospectively consented to a research biopsy by vacuum-assisted core-biopsy instrument (Mammotome 8G; HH Ethicon Endosurgery, Johnson and Johnson Company) under ultrasonographic guidance for histologic examination and gene expression analysis prior to any systemic therapy, and to the future assessment of pathologic response",total RNA,"Trizol (Invitrogen, Carlsbad, Calif) was used to extract RNA from core-needle tumor biopsy samples that were obtained with the Mammotome.",biotin,"RNA (50 ng) was subjected to the generation of second-strand combinational DNA (cDNA), and cRNA was amplified with a random primer (WT-Ovation FFPE RNA Amplification System V2; NuGEN, Cincinnati, Ohio). Next, the amplified cRNA was biotinylated and fragmented with the FL-Ovation cDNA Biotin Module V2 (NuGEN).",9606,"Following fragmentation, 5 ug of cRNA were hybridized overnight at 46C on Affymetrix U133 plus2.0 arrays. GeneChips were washed and stained in the Affymetrix GeneChip Fluidics Station 450.",GeneChips were scanned using the diagnostic-grade Affymetrix scanner 3000.,Probe intensities were quantified with Microarray Suite version 5.0 (MAS 5.0) using Affymetrix default analysis settings.,GPL570,ftp://ftp.ncbi.nlm.nih.gov/geo/samples/GSM809nnn/GSM809251/suppl/GSM809251_OU-68.CEL.gz,54613,Reanalyzed by: GSE205568
GSM809252,GSE32646,Breast cancer tumor OU-69,GSM809252,Public on Mar 20 2012,Oct 05 2011,Jun 06 2022,RNA,1,breast cancer,Homo sapiens,breast cancer tumor,43,2,negative,IIA,3,positive,positive,positive,nCR,"Patients prospectively consented to a research biopsy by vacuum-assisted core-biopsy instrument (Mammotome 8G; HH Ethicon Endosurgery, Johnson and Johnson Company) under ultrasonographic guidance for histologic examination and gene expression analysis prior to any systemic therapy, and to the future assessment of pathologic response",total RNA,"Trizol (Invitrogen, Carlsbad, Calif) was used to extract RNA from core-needle tumor biopsy samples that were obtained with the Mammotome.",biotin,"RNA (50 ng) was subjected to the generation of second-strand combinational DNA (cDNA), and cRNA was amplified with a random primer (WT-Ovation FFPE RNA Amplification System V2; NuGEN, Cincinnati, Ohio). Next, the amplified cRNA was biotinylated and fragmented with the FL-Ovation cDNA Biotin Module V2 (NuGEN).",9606,"Following fragmentation, 5 ug of cRNA were hybridized overnight at 46C on Affymetrix U133 plus2.0 arrays. GeneChips were washed and stained in the Affymetrix GeneChip Fluidics Station 450.",GeneChips were scanned using the diagnostic-grade Affymetrix scanner 3000.,Probe intensities were quantified with Microarray Suite version 5.0 (MAS 5.0) using Affymetrix default analysis settings.,GPL570,ftp://ftp.ncbi.nlm.nih.gov/geo/samples/GSM809nnn/GSM809252/suppl/GSM809252_OU-69.CEL.gz,54613,Reanalyzed by: GSE205568
GSM809253,GSE32646,Breast cancer tumor OU-70,GSM809253,Public on Mar 20 2012,Oct 05 2011,Jun 06 2022,RNA,1,breast cancer,Homo sapiens,breast cancer tumor,54,2,negative,IIA,1,positive,positive,negative,pCR,"Patients prospectively consented to a research biopsy by vacuum-assisted core-biopsy instrument (Mammotome 8G; HH Ethicon Endosurgery, Johnson and Johnson Company) under ultrasonographic guidance for histologic examination and gene expression analysis prior to any systemic therapy, and to the future assessment of pathologic response",total RNA,"Trizol (Invitrogen, Carlsbad, Calif) was used to extract RNA from core-needle tumor biopsy samples that were obtained with the Mammotome.",biotin,"RNA (50 ng) was subjected to the generation of second-strand combinational DNA (cDNA), and cRNA was amplified with a random primer (WT-Ovation FFPE RNA Amplification System V2; NuGEN, Cincinnati, Ohio). Next, the amplified cRNA was biotinylated and fragmented with the FL-Ovation cDNA Biotin Module V2 (NuGEN).",9606,"Following fragmentation, 5 ug of cRNA were hybridized overnight at 46C on Affymetrix U133 plus2.0 arrays. GeneChips were washed and stained in the Affymetrix GeneChip Fluidics Station 450.",GeneChips were scanned using the diagnostic-grade Affymetrix scanner 3000.,Probe intensities were quantified with Microarray Suite version 5.0 (MAS 5.0) using Affymetrix default analysis settings.,GPL570,ftp://ftp.ncbi.nlm.nih.gov/geo/samples/GSM809nnn/GSM809253/suppl/GSM809253_OU-70.CEL.gz,54613,Reanalyzed by: GSE205568
GSM809254,GSE32646,Breast cancer tumor OU-71,GSM809254,Public on Mar 20 2012,Oct 05 2011,Jun 06 2022,RNA,1,breast cancer,Homo sapiens,breast cancer tumor,47,2,positive,IIB,2,positive,positive,negative,nCR,"Patients prospectively consented to a research biopsy by vacuum-assisted core-biopsy instrument (Mammotome 8G; HH Ethicon Endosurgery, Johnson and Johnson Company) under ultrasonographic guidance for histologic examination and gene expression analysis prior to any systemic therapy, and to the future assessment of pathologic response",total RNA,"Trizol (Invitrogen, Carlsbad, Calif) was used to extract RNA from core-needle tumor biopsy samples that were obtained with the Mammotome.",biotin,"RNA (50 ng) was subjected to the generation of second-strand combinational DNA (cDNA), and cRNA was amplified with a random primer (WT-Ovation FFPE RNA Amplification System V2; NuGEN, Cincinnati, Ohio). Next, the amplified cRNA was biotinylated and fragmented with the FL-Ovation cDNA Biotin Module V2 (NuGEN).",9606,"Following fragmentation, 5 ug of cRNA were hybridized overnight at 46C on Affymetrix U133 plus2.0 arrays. GeneChips were washed and stained in the Affymetrix GeneChip Fluidics Station 450.",GeneChips were scanned using the diagnostic-grade Affymetrix scanner 3000.,Probe intensities were quantified with Microarray Suite version 5.0 (MAS 5.0) using Affymetrix default analysis settings.,GPL570,ftp://ftp.ncbi.nlm.nih.gov/geo/samples/GSM809nnn/GSM809254/suppl/GSM809254_OU-71.CEL.gz,54613,Reanalyzed by: GSE205568
GSM809255,GSE32646,Breast cancer tumor OU-72,GSM809255,Public on Mar 20 2012,Oct 05 2011,Jun 06 2022,RNA,1,breast cancer,Homo sapiens,breast cancer tumor,62,2,positive,IIB,3,negative,negative,negative,nCR,"Patients prospectively consented to a research biopsy by vacuum-assisted core-biopsy instrument (Mammotome 8G; HH Ethicon Endosurgery, Johnson and Johnson Company) under ultrasonographic guidance for histologic examination and gene expression analysis prior to any systemic therapy, and to the future assessment of pathologic response",total RNA,"Trizol (Invitrogen, Carlsbad, Calif) was used to extract RNA from core-needle tumor biopsy samples that were obtained with the Mammotome.",biotin,"RNA (50 ng) was subjected to the generation of second-strand combinational DNA (cDNA), and cRNA was amplified with a random primer (WT-Ovation FFPE RNA Amplification System V2; NuGEN, Cincinnati, Ohio). Next, the amplified cRNA was biotinylated and fragmented with the FL-Ovation cDNA Biotin Module V2 (NuGEN).",9606,"Following fragmentation, 5 ug of cRNA were hybridized overnight at 46C on Affymetrix U133 plus2.0 arrays. GeneChips were washed and stained in the Affymetrix GeneChip Fluidics Station 450.",GeneChips were scanned using the diagnostic-grade Affymetrix scanner 3000.,Probe intensities were quantified with Microarray Suite version 5.0 (MAS 5.0) using Affymetrix default analysis settings.,GPL570,ftp://ftp.ncbi.nlm.nih.gov/geo/samples/GSM809nnn/GSM809255/suppl/GSM809255_OU-72.CEL.gz,54613,Reanalyzed by: GSE205568
GSM809256,GSE32646,Breast cancer tumor OU-73,GSM809256,Public on Mar 20 2012,Oct 05 2011,Jun 06 2022,RNA,1,breast cancer,Homo sapiens,breast cancer tumor,50,2,positive,IIB,3,negative,negative,positive,pCR,"Patients prospectively consented to a research biopsy by vacuum-assisted core-biopsy instrument (Mammotome 8G; HH Ethicon Endosurgery, Johnson and Johnson Company) under ultrasonographic guidance for histologic examination and gene expression analysis prior to any systemic therapy, and to the future assessment of pathologic response",total RNA,"Trizol (Invitrogen, Carlsbad, Calif) was used to extract RNA from core-needle tumor biopsy samples that were obtained with the Mammotome.",biotin,"RNA (50 ng) was subjected to the generation of second-strand combinational DNA (cDNA), and cRNA was amplified with a random primer (WT-Ovation FFPE RNA Amplification System V2; NuGEN, Cincinnati, Ohio). Next, the amplified cRNA was biotinylated and fragmented with the FL-Ovation cDNA Biotin Module V2 (NuGEN).",9606,"Following fragmentation, 5 ug of cRNA were hybridized overnight at 46C on Affymetrix U133 plus2.0 arrays. GeneChips were washed and stained in the Affymetrix GeneChip Fluidics Station 450.",GeneChips were scanned using the diagnostic-grade Affymetrix scanner 3000.,Probe intensities were quantified with Microarray Suite version 5.0 (MAS 5.0) using Affymetrix default analysis settings.,GPL570,ftp://ftp.ncbi.nlm.nih.gov/geo/samples/GSM809nnn/GSM809256/suppl/GSM809256_OU-73.CEL.gz,54613,Reanalyzed by: GSE205568
GSM809257,GSE32646,Breast cancer tumor OU-74,GSM809257,Public on Mar 20 2012,Oct 05 2011,Jun 06 2022,RNA,1,breast cancer,Homo sapiens,breast cancer tumor,48,2,positive,IIB,1,positive,positive,negative,nCR,"Patients prospectively consented to a research biopsy by vacuum-assisted core-biopsy instrument (Mammotome 8G; HH Ethicon Endosurgery, Johnson and Johnson Company) under ultrasonographic guidance for histologic examination and gene expression analysis prior to any systemic therapy, and to the future assessment of pathologic response",total RNA,"Trizol (Invitrogen, Carlsbad, Calif) was used to extract RNA from core-needle tumor biopsy samples that were obtained with the Mammotome.",biotin,"RNA (50 ng) was subjected to the generation of second-strand combinational DNA (cDNA), and cRNA was amplified with a random primer (WT-Ovation FFPE RNA Amplification System V2; NuGEN, Cincinnati, Ohio). Next, the amplified cRNA was biotinylated and fragmented with the FL-Ovation cDNA Biotin Module V2 (NuGEN).",9606,"Following fragmentation, 5 ug of cRNA were hybridized overnight at 46C on Affymetrix U133 plus2.0 arrays. GeneChips were washed and stained in the Affymetrix GeneChip Fluidics Station 450.",GeneChips were scanned using the diagnostic-grade Affymetrix scanner 3000.,Probe intensities were quantified with Microarray Suite version 5.0 (MAS 5.0) using Affymetrix default analysis settings.,GPL570,ftp://ftp.ncbi.nlm.nih.gov/geo/samples/GSM809nnn/GSM809257/suppl/GSM809257_OU-74.CEL.gz,54613,Reanalyzed by: GSE205568
GSM809258,GSE32646,Breast cancer tumor OU-75,GSM809258,Public on Mar 20 2012,Oct 05 2011,Jun 06 2022,RNA,1,breast cancer,Homo sapiens,breast cancer tumor,59,2,negative,IIA,2,positive,positive,positive,nCR,"Patients prospectively consented to a research biopsy by vacuum-assisted core-biopsy instrument (Mammotome 8G; HH Ethicon Endosurgery, Johnson and Johnson Company) under ultrasonographic guidance for histologic examination and gene expression analysis prior to any systemic therapy, and to the future assessment of pathologic response",total RNA,"Trizol (Invitrogen, Carlsbad, Calif) was used to extract RNA from core-needle tumor biopsy samples that were obtained with the Mammotome.",biotin,"RNA (50 ng) was subjected to the generation of second-strand combinational DNA (cDNA), and cRNA was amplified with a random primer (WT-Ovation FFPE RNA Amplification System V2; NuGEN, Cincinnati, Ohio). Next, the amplified cRNA was biotinylated and fragmented with the FL-Ovation cDNA Biotin Module V2 (NuGEN).",9606,"Following fragmentation, 5 ug of cRNA were hybridized overnight at 46C on Affymetrix U133 plus2.0 arrays. GeneChips were washed and stained in the Affymetrix GeneChip Fluidics Station 450.",GeneChips were scanned using the diagnostic-grade Affymetrix scanner 3000.,Probe intensities were quantified with Microarray Suite version 5.0 (MAS 5.0) using Affymetrix default analysis settings.,GPL570,ftp://ftp.ncbi.nlm.nih.gov/geo/samples/GSM809nnn/GSM809258/suppl/GSM809258_OU-75.CEL.gz,54613,Reanalyzed by: GSE205568
GSM809259,GSE32646,Breast cancer tumor OU-76,GSM809259,Public on Mar 20 2012,Oct 05 2011,Jun 06 2022,RNA,1,breast cancer,Homo sapiens,breast cancer tumor,48,2,negative,IIA,1,positive,positive,negative,nCR,"Patients prospectively consented to a research biopsy by vacuum-assisted core-biopsy instrument (Mammotome 8G; HH Ethicon Endosurgery, Johnson and Johnson Company) under ultrasonographic guidance for histologic examination and gene expression analysis prior to any systemic therapy, and to the future assessment of pathologic response",total RNA,"Trizol (Invitrogen, Carlsbad, Calif) was used to extract RNA from core-needle tumor biopsy samples that were obtained with the Mammotome.",biotin,"RNA (50 ng) was subjected to the generation of second-strand combinational DNA (cDNA), and cRNA was amplified with a random primer (WT-Ovation FFPE RNA Amplification System V2; NuGEN, Cincinnati, Ohio). Next, the amplified cRNA was biotinylated and fragmented with the FL-Ovation cDNA Biotin Module V2 (NuGEN).",9606,"Following fragmentation, 5 ug of cRNA were hybridized overnight at 46C on Affymetrix U133 plus2.0 arrays. GeneChips were washed and stained in the Affymetrix GeneChip Fluidics Station 450.",GeneChips were scanned using the diagnostic-grade Affymetrix scanner 3000.,Probe intensities were quantified with Microarray Suite version 5.0 (MAS 5.0) using Affymetrix default analysis settings.,GPL570,ftp://ftp.ncbi.nlm.nih.gov/geo/samples/GSM809nnn/GSM809259/suppl/GSM809259_OU-76.CEL.gz,54613,Reanalyzed by: GSE205568
GSM809260,GSE32646,Breast cancer tumor OU-77,GSM809260,Public on Mar 20 2012,Oct 05 2011,Jun 06 2022,RNA,1,breast cancer,Homo sapiens,breast cancer tumor,48,2,negative,IIA,1,positive,positive,negative,nCR,"Patients prospectively consented to a research biopsy by vacuum-assisted core-biopsy instrument (Mammotome 8G; HH Ethicon Endosurgery, Johnson and Johnson Company) under ultrasonographic guidance for histologic examination and gene expression analysis prior to any systemic therapy, and to the future assessment of pathologic response",total RNA,"Trizol (Invitrogen, Carlsbad, Calif) was used to extract RNA from core-needle tumor biopsy samples that were obtained with the Mammotome.",biotin,"RNA (50 ng) was subjected to the generation of second-strand combinational DNA (cDNA), and cRNA was amplified with a random primer (WT-Ovation FFPE RNA Amplification System V2; NuGEN, Cincinnati, Ohio). Next, the amplified cRNA was biotinylated and fragmented with the FL-Ovation cDNA Biotin Module V2 (NuGEN).",9606,"Following fragmentation, 5 ug of cRNA were hybridized overnight at 46C on Affymetrix U133 plus2.0 arrays. GeneChips were washed and stained in the Affymetrix GeneChip Fluidics Station 450.",GeneChips were scanned using the diagnostic-grade Affymetrix scanner 3000.,Probe intensities were quantified with Microarray Suite version 5.0 (MAS 5.0) using Affymetrix default analysis settings.,GPL570,ftp://ftp.ncbi.nlm.nih.gov/geo/samples/GSM809nnn/GSM809260/suppl/GSM809260_OU-77.CEL.gz,54613,Reanalyzed by: GSE205568
GSM809261,GSE32646,Breast cancer tumor OU-78,GSM809261,Public on Mar 20 2012,Oct 05 2011,Jun 06 2022,RNA,1,breast cancer,Homo sapiens,breast cancer tumor,70,2,positive,IIB,2,positive,negative,negative,nCR,"Patients prospectively consented to a research biopsy by vacuum-assisted core-biopsy instrument (Mammotome 8G; HH Ethicon Endosurgery, Johnson and Johnson Company) under ultrasonographic guidance for histologic examination and gene expression analysis prior to any systemic therapy, and to the future assessment of pathologic response",total RNA,"Trizol (Invitrogen, Carlsbad, Calif) was used to extract RNA from core-needle tumor biopsy samples that were obtained with the Mammotome.",biotin,"RNA (50 ng) was subjected to the generation of second-strand combinational DNA (cDNA), and cRNA was amplified with a random primer (WT-Ovation FFPE RNA Amplification System V2; NuGEN, Cincinnati, Ohio). Next, the amplified cRNA was biotinylated and fragmented with the FL-Ovation cDNA Biotin Module V2 (NuGEN).",9606,"Following fragmentation, 5 ug of cRNA were hybridized overnight at 46C on Affymetrix U133 plus2.0 arrays. GeneChips were washed and stained in the Affymetrix GeneChip Fluidics Station 450.",GeneChips were scanned using the diagnostic-grade Affymetrix scanner 3000.,Probe intensities were quantified with Microarray Suite version 5.0 (MAS 5.0) using Affymetrix default analysis settings.,GPL570,ftp://ftp.ncbi.nlm.nih.gov/geo/samples/GSM809nnn/GSM809261/suppl/GSM809261_OU-78.CEL.gz,54613,Reanalyzed by: GSE205568
GSM809262,GSE32646,Breast cancer tumor OU-79,GSM809262,Public on Mar 20 2012,Oct 05 2011,Jun 06 2022,RNA,1,breast cancer,Homo sapiens,breast cancer tumor,48,1,positive,IIA,2,positive,positive,negative,nCR,"Patients prospectively consented to a research biopsy by vacuum-assisted core-biopsy instrument (Mammotome 8G; HH Ethicon Endosurgery, Johnson and Johnson Company) under ultrasonographic guidance for histologic examination and gene expression analysis prior to any systemic therapy, and to the future assessment of pathologic response",total RNA,"Trizol (Invitrogen, Carlsbad, Calif) was used to extract RNA from core-needle tumor biopsy samples that were obtained with the Mammotome.",biotin,"RNA (50 ng) was subjected to the generation of second-strand combinational DNA (cDNA), and cRNA was amplified with a random primer (WT-Ovation FFPE RNA Amplification System V2; NuGEN, Cincinnati, Ohio). Next, the amplified cRNA was biotinylated and fragmented with the FL-Ovation cDNA Biotin Module V2 (NuGEN).",9606,"Following fragmentation, 5 ug of cRNA were hybridized overnight at 46C on Affymetrix U133 plus2.0 arrays. GeneChips were washed and stained in the Affymetrix GeneChip Fluidics Station 450.",GeneChips were scanned using the diagnostic-grade Affymetrix scanner 3000.,Probe intensities were quantified with Microarray Suite version 5.0 (MAS 5.0) using Affymetrix default analysis settings.,GPL570,ftp://ftp.ncbi.nlm.nih.gov/geo/samples/GSM809nnn/GSM809262/suppl/GSM809262_OU-79.CEL.gz,54613,Reanalyzed by: GSE205568
GSM809263,GSE32646,Breast cancer tumor OU-80,GSM809263,Public on Mar 20 2012,Oct 05 2011,Jun 06 2022,RNA,1,breast cancer,Homo sapiens,breast cancer tumor,49,1,positive,IIA,2,positive,positive,negative,nCR,"Patients prospectively consented to a research biopsy by vacuum-assisted core-biopsy instrument (Mammotome 8G; HH Ethicon Endosurgery, Johnson and Johnson Company) under ultrasonographic guidance for histologic examination and gene expression analysis prior to any systemic therapy, and to the future assessment of pathologic response",total RNA,"Trizol (Invitrogen, Carlsbad, Calif) was used to extract RNA from core-needle tumor biopsy samples that were obtained with the Mammotome.",biotin,"RNA (50 ng) was subjected to the generation of second-strand combinational DNA (cDNA), and cRNA was amplified with a random primer (WT-Ovation FFPE RNA Amplification System V2; NuGEN, Cincinnati, Ohio). Next, the amplified cRNA was biotinylated and fragmented with the FL-Ovation cDNA Biotin Module V2 (NuGEN).",9606,"Following fragmentation, 5 ug of cRNA were hybridized overnight at 46C on Affymetrix U133 plus2.0 arrays. GeneChips were washed and stained in the Affymetrix GeneChip Fluidics Station 450.",GeneChips were scanned using the diagnostic-grade Affymetrix scanner 3000.,Probe intensities were quantified with Microarray Suite version 5.0 (MAS 5.0) using Affymetrix default analysis settings.,GPL570,ftp://ftp.ncbi.nlm.nih.gov/geo/samples/GSM809nnn/GSM809263/suppl/GSM809263_OU-80.CEL.gz,54613,Reanalyzed by: GSE205568
GSM809264,GSE32646,Breast cancer tumor OU-81,GSM809264,Public on Mar 20 2012,Oct 05 2011,Jun 06 2022,RNA,1,breast cancer,Homo sapiens,breast cancer tumor,57,2,positive,IIB,2,negative,negative,positive,nCR,"Patients prospectively consented to a research biopsy by vacuum-assisted core-biopsy instrument (Mammotome 8G; HH Ethicon Endosurgery, Johnson and Johnson Company) under ultrasonographic guidance for histologic examination and gene expression analysis prior to any systemic therapy, and to the future assessment of pathologic response",total RNA,"Trizol (Invitrogen, Carlsbad, Calif) was used to extract RNA from core-needle tumor biopsy samples that were obtained with the Mammotome.",biotin,"RNA (50 ng) was subjected to the generation of second-strand combinational DNA (cDNA), and cRNA was amplified with a random primer (WT-Ovation FFPE RNA Amplification System V2; NuGEN, Cincinnati, Ohio). Next, the amplified cRNA was biotinylated and fragmented with the FL-Ovation cDNA Biotin Module V2 (NuGEN).",9606,"Following fragmentation, 5 ug of cRNA were hybridized overnight at 46C on Affymetrix U133 plus2.0 arrays. GeneChips were washed and stained in the Affymetrix GeneChip Fluidics Station 450.",GeneChips were scanned using the diagnostic-grade Affymetrix scanner 3000.,Probe intensities were quantified with Microarray Suite version 5.0 (MAS 5.0) using Affymetrix default analysis settings.,GPL570,ftp://ftp.ncbi.nlm.nih.gov/geo/samples/GSM809nnn/GSM809264/suppl/GSM809264_OU-81.CEL.gz,54613,Reanalyzed by: GSE205568
GSM809265,GSE32646,Breast cancer tumor OU-82,GSM809265,Public on Mar 20 2012,Oct 05 2011,Jun 06 2022,RNA,1,breast cancer,Homo sapiens,breast cancer tumor,54,2,positive,IIB,2,positive,negative,negative,nCR,"Patients prospectively consented to a research biopsy by vacuum-assisted core-biopsy instrument (Mammotome 8G; HH Ethicon Endosurgery, Johnson and Johnson Company) under ultrasonographic guidance for histologic examination and gene expression analysis prior to any systemic therapy, and to the future assessment of pathologic response",total RNA,"Trizol (Invitrogen, Carlsbad, Calif) was used to extract RNA from core-needle tumor biopsy samples that were obtained with the Mammotome.",biotin,"RNA (50 ng) was subjected to the generation of second-strand combinational DNA (cDNA), and cRNA was amplified with a random primer (WT-Ovation FFPE RNA Amplification System V2; NuGEN, Cincinnati, Ohio). Next, the amplified cRNA was biotinylated and fragmented with the FL-Ovation cDNA Biotin Module V2 (NuGEN).",9606,"Following fragmentation, 5 ug of cRNA were hybridized overnight at 46C on Affymetrix U133 plus2.0 arrays. GeneChips were washed and stained in the Affymetrix GeneChip Fluidics Station 450.",GeneChips were scanned using the diagnostic-grade Affymetrix scanner 3000.,Probe intensities were quantified with Microarray Suite version 5.0 (MAS 5.0) using Affymetrix default analysis settings.,GPL570,ftp://ftp.ncbi.nlm.nih.gov/geo/samples/GSM809nnn/GSM809265/suppl/GSM809265_OU-82.CEL.gz,54613,Reanalyzed by: GSE205568
GSM809266,GSE32646,Breast cancer tumor OU-83,GSM809266,Public on Mar 20 2012,Oct 05 2011,Jun 06 2022,RNA,1,breast cancer,Homo sapiens,breast cancer tumor,70,2,positive,IIB,2,negative,negative,negative,pCR,"Patients prospectively consented to a research biopsy by vacuum-assisted core-biopsy instrument (Mammotome 8G; HH Ethicon Endosurgery, Johnson and Johnson Company) under ultrasonographic guidance for histologic examination and gene expression analysis prior to any systemic therapy, and to the future assessment of pathologic response",total RNA,"Trizol (Invitrogen, Carlsbad, Calif) was used to extract RNA from core-needle tumor biopsy samples that were obtained with the Mammotome.",biotin,"RNA (50 ng) was subjected to the generation of second-strand combinational DNA (cDNA), and cRNA was amplified with a random primer (WT-Ovation FFPE RNA Amplification System V2; NuGEN, Cincinnati, Ohio). Next, the amplified cRNA was biotinylated and fragmented with the FL-Ovation cDNA Biotin Module V2 (NuGEN).",9606,"Following fragmentation, 5 ug of cRNA were hybridized overnight at 46C on Affymetrix U133 plus2.0 arrays. GeneChips were washed and stained in the Affymetrix GeneChip Fluidics Station 450.",GeneChips were scanned using the diagnostic-grade Affymetrix scanner 3000.,Probe intensities were quantified with Microarray Suite version 5.0 (MAS 5.0) using Affymetrix default analysis settings.,GPL570,ftp://ftp.ncbi.nlm.nih.gov/geo/samples/GSM809nnn/GSM809266/suppl/GSM809266_OU-83.CEL.gz,54613,Reanalyzed by: GSE205568
GSM809267,GSE32646,Breast cancer tumor OU-84,GSM809267,Public on Mar 20 2012,Oct 05 2011,Jun 06 2022,RNA,1,breast cancer,Homo sapiens,breast cancer tumor,51,2,positive,IIB,3,negative,negative,positive,nCR,"Patients prospectively consented to a research biopsy by vacuum-assisted core-biopsy instrument (Mammotome 8G; HH Ethicon Endosurgery, Johnson and Johnson Company) under ultrasonographic guidance for histologic examination and gene expression analysis prior to any systemic therapy, and to the future assessment of pathologic response",total RNA,"Trizol (Invitrogen, Carlsbad, Calif) was used to extract RNA from core-needle tumor biopsy samples that were obtained with the Mammotome.",biotin,"RNA (50 ng) was subjected to the generation of second-strand combinational DNA (cDNA), and cRNA was amplified with a random primer (WT-Ovation FFPE RNA Amplification System V2; NuGEN, Cincinnati, Ohio). Next, the amplified cRNA was biotinylated and fragmented with the FL-Ovation cDNA Biotin Module V2 (NuGEN).",9606,"Following fragmentation, 5 ug of cRNA were hybridized overnight at 46C on Affymetrix U133 plus2.0 arrays. GeneChips were washed and stained in the Affymetrix GeneChip Fluidics Station 450.",GeneChips were scanned using the diagnostic-grade Affymetrix scanner 3000.,Probe intensities were quantified with Microarray Suite version 5.0 (MAS 5.0) using Affymetrix default analysis settings.,GPL570,ftp://ftp.ncbi.nlm.nih.gov/geo/samples/GSM809nnn/GSM809267/suppl/GSM809267_OU-84.CEL.gz,54613,Reanalyzed by: GSE205568
GSM809268,GSE32646,Breast cancer tumor OU-85,GSM809268,Public on Mar 20 2012,Oct 05 2011,Jun 06 2022,RNA,1,breast cancer,Homo sapiens,breast cancer tumor,63,2,positive,IIB,1,positive,positive,negative,nCR,"Patients prospectively consented to a research biopsy by vacuum-assisted core-biopsy instrument (Mammotome 8G; HH Ethicon Endosurgery, Johnson and Johnson Company) under ultrasonographic guidance for histologic examination and gene expression analysis prior to any systemic therapy, and to the future assessment of pathologic response",total RNA,"Trizol (Invitrogen, Carlsbad, Calif) was used to extract RNA from core-needle tumor biopsy samples that were obtained with the Mammotome.",biotin,"RNA (50 ng) was subjected to the generation of second-strand combinational DNA (cDNA), and cRNA was amplified with a random primer (WT-Ovation FFPE RNA Amplification System V2; NuGEN, Cincinnati, Ohio). Next, the amplified cRNA was biotinylated and fragmented with the FL-Ovation cDNA Biotin Module V2 (NuGEN).",9606,"Following fragmentation, 5 ug of cRNA were hybridized overnight at 46C on Affymetrix U133 plus2.0 arrays. GeneChips were washed and stained in the Affymetrix GeneChip Fluidics Station 450.",GeneChips were scanned using the diagnostic-grade Affymetrix scanner 3000.,Probe intensities were quantified with Microarray Suite version 5.0 (MAS 5.0) using Affymetrix default analysis settings.,GPL570,ftp://ftp.ncbi.nlm.nih.gov/geo/samples/GSM809nnn/GSM809268/suppl/GSM809268_OU-85.CEL.gz,54613,Reanalyzed by: GSE205568
GSM809269,GSE32646,Breast cancer tumor OU-86,GSM809269,Public on Mar 20 2012,Oct 05 2011,Jun 06 2022,RNA,1,breast cancer,Homo sapiens,breast cancer tumor,42,2,positive,IIB,2,positive,positive,negative,nCR,"Patients prospectively consented to a research biopsy by vacuum-assisted core-biopsy instrument (Mammotome 8G; HH Ethicon Endosurgery, Johnson and Johnson Company) under ultrasonographic guidance for histologic examination and gene expression analysis prior to any systemic therapy, and to the future assessment of pathologic response",total RNA,"Trizol (Invitrogen, Carlsbad, Calif) was used to extract RNA from core-needle tumor biopsy samples that were obtained with the Mammotome.",biotin,"RNA (50 ng) was subjected to the generation of second-strand combinational DNA (cDNA), and cRNA was amplified with a random primer (WT-Ovation FFPE RNA Amplification System V2; NuGEN, Cincinnati, Ohio). Next, the amplified cRNA was biotinylated and fragmented with the FL-Ovation cDNA Biotin Module V2 (NuGEN).",9606,"Following fragmentation, 5 ug of cRNA were hybridized overnight at 46C on Affymetrix U133 plus2.0 arrays. GeneChips were washed and stained in the Affymetrix GeneChip Fluidics Station 450.",GeneChips were scanned using the diagnostic-grade Affymetrix scanner 3000.,Probe intensities were quantified with Microarray Suite version 5.0 (MAS 5.0) using Affymetrix default analysis settings.,GPL570,ftp://ftp.ncbi.nlm.nih.gov/geo/samples/GSM809nnn/GSM809269/suppl/GSM809269_OU-86.CEL.gz,54613,Reanalyzed by: GSE205568
GSM809270,GSE32646,Breast cancer tumor OU-87,GSM809270,Public on Mar 20 2012,Oct 05 2011,Jun 06 2022,RNA,1,breast cancer,Homo sapiens,breast cancer tumor,66,2,positive,IIB,1,positive,negative,positive,nCR,"Patients prospectively consented to a research biopsy by vacuum-assisted core-biopsy instrument (Mammotome 8G; HH Ethicon Endosurgery, Johnson and Johnson Company) under ultrasonographic guidance for histologic examination and gene expression analysis prior to any systemic therapy, and to the future assessment of pathologic response",total RNA,"Trizol (Invitrogen, Carlsbad, Calif) was used to extract RNA from core-needle tumor biopsy samples that were obtained with the Mammotome.",biotin,"RNA (50 ng) was subjected to the generation of second-strand combinational DNA (cDNA), and cRNA was amplified with a random primer (WT-Ovation FFPE RNA Amplification System V2; NuGEN, Cincinnati, Ohio). Next, the amplified cRNA was biotinylated and fragmented with the FL-Ovation cDNA Biotin Module V2 (NuGEN).",9606,"Following fragmentation, 5 ug of cRNA were hybridized overnight at 46C on Affymetrix U133 plus2.0 arrays. GeneChips were washed and stained in the Affymetrix GeneChip Fluidics Station 450.",GeneChips were scanned using the diagnostic-grade Affymetrix scanner 3000.,Probe intensities were quantified with Microarray Suite version 5.0 (MAS 5.0) using Affymetrix default analysis settings.,GPL570,ftp://ftp.ncbi.nlm.nih.gov/geo/samples/GSM809nnn/GSM809270/suppl/GSM809270_OU-87.CEL.gz,54613,Reanalyzed by: GSE205568
GSM809271,GSE32646,Breast cancer tumor OU-88,GSM809271,Public on Mar 20 2012,Oct 05 2011,Jun 06 2022,RNA,1,breast cancer,Homo sapiens,breast cancer tumor,61,2,positive,IIB,2,positive,negative,positive,pCR,"Patients prospectively consented to a research biopsy by vacuum-assisted core-biopsy instrument (Mammotome 8G; HH Ethicon Endosurgery, Johnson and Johnson Company) under ultrasonographic guidance for histologic examination and gene expression analysis prior to any systemic therapy, and to the future assessment of pathologic response",total RNA,"Trizol (Invitrogen, Carlsbad, Calif) was used to extract RNA from core-needle tumor biopsy samples that were obtained with the Mammotome.",biotin,"RNA (50 ng) was subjected to the generation of second-strand combinational DNA (cDNA), and cRNA was amplified with a random primer (WT-Ovation FFPE RNA Amplification System V2; NuGEN, Cincinnati, Ohio). Next, the amplified cRNA was biotinylated and fragmented with the FL-Ovation cDNA Biotin Module V2 (NuGEN).",9606,"Following fragmentation, 5 ug of cRNA were hybridized overnight at 46C on Affymetrix U133 plus2.0 arrays. GeneChips were washed and stained in the Affymetrix GeneChip Fluidics Station 450.",GeneChips were scanned using the diagnostic-grade Affymetrix scanner 3000.,Probe intensities were quantified with Microarray Suite version 5.0 (MAS 5.0) using Affymetrix default analysis settings.,GPL570,ftp://ftp.ncbi.nlm.nih.gov/geo/samples/GSM809nnn/GSM809271/suppl/GSM809271_OU-88.CEL.gz,54613,Reanalyzed by: GSE205568
GSM809272,GSE32646,Breast cancer tumor OU-89,GSM809272,Public on Mar 20 2012,Oct 05 2011,Jun 06 2022,RNA,1,breast cancer,Homo sapiens,breast cancer tumor,49,3,positive,IIIA,2,negative,negative,positive,pCR,"Patients prospectively consented to a research biopsy by vacuum-assisted core-biopsy instrument (Mammotome 8G; HH Ethicon Endosurgery, Johnson and Johnson Company) under ultrasonographic guidance for histologic examination and gene expression analysis prior to any systemic therapy, and to the future assessment of pathologic response",total RNA,"Trizol (Invitrogen, Carlsbad, Calif) was used to extract RNA from core-needle tumor biopsy samples that were obtained with the Mammotome.",biotin,"RNA (50 ng) was subjected to the generation of second-strand combinational DNA (cDNA), and cRNA was amplified with a random primer (WT-Ovation FFPE RNA Amplification System V2; NuGEN, Cincinnati, Ohio). Next, the amplified cRNA was biotinylated and fragmented with the FL-Ovation cDNA Biotin Module V2 (NuGEN).",9606,"Following fragmentation, 5 ug of cRNA were hybridized overnight at 46C on Affymetrix U133 plus2.0 arrays. GeneChips were washed and stained in the Affymetrix GeneChip Fluidics Station 450.",GeneChips were scanned using the diagnostic-grade Affymetrix scanner 3000.,Probe intensities were quantified with Microarray Suite version 5.0 (MAS 5.0) using Affymetrix default analysis settings.,GPL570,ftp://ftp.ncbi.nlm.nih.gov/geo/samples/GSM809nnn/GSM809272/suppl/GSM809272_OU-89.CEL.gz,54613,Reanalyzed by: GSE205568
GSM809273,GSE32646,Breast cancer tumor OU-90,GSM809273,Public on Mar 20 2012,Oct 05 2011,Jun 06 2022,RNA,1,breast cancer,Homo sapiens,breast cancer tumor,63,3,positive,IIIA,3,negative,negative,negative,nCR,"Patients prospectively consented to a research biopsy by vacuum-assisted core-biopsy instrument (Mammotome 8G; HH Ethicon Endosurgery, Johnson and Johnson Company) under ultrasonographic guidance for histologic examination and gene expression analysis prior to any systemic therapy, and to the future assessment of pathologic response",total RNA,"Trizol (Invitrogen, Carlsbad, Calif) was used to extract RNA from core-needle tumor biopsy samples that were obtained with the Mammotome.",biotin,"RNA (50 ng) was subjected to the generation of second-strand combinational DNA (cDNA), and cRNA was amplified with a random primer (WT-Ovation FFPE RNA Amplification System V2; NuGEN, Cincinnati, Ohio). Next, the amplified cRNA was biotinylated and fragmented with the FL-Ovation cDNA Biotin Module V2 (NuGEN).",9606,"Following fragmentation, 5 ug of cRNA were hybridized overnight at 46C on Affymetrix U133 plus2.0 arrays. GeneChips were washed and stained in the Affymetrix GeneChip Fluidics Station 450.",GeneChips were scanned using the diagnostic-grade Affymetrix scanner 3000.,Probe intensities were quantified with Microarray Suite version 5.0 (MAS 5.0) using Affymetrix default analysis settings.,GPL570,ftp://ftp.ncbi.nlm.nih.gov/geo/samples/GSM809nnn/GSM809273/suppl/GSM809273_OU-90.CEL.gz,54613,Reanalyzed by: GSE205568
GSM809274,GSE32646,Breast cancer tumor OU-91,GSM809274,Public on Mar 20 2012,Oct 05 2011,Jun 06 2022,RNA,1,breast cancer,Homo sapiens,breast cancer tumor,53,1,positive,IIA,3,negative,negative,negative,pCR,"Patients prospectively consented to a research biopsy by vacuum-assisted core-biopsy instrument (Mammotome 8G; HH Ethicon Endosurgery, Johnson and Johnson Company) under ultrasonographic guidance for histologic examination and gene expression analysis prior to any systemic therapy, and to the future assessment of pathologic response",total RNA,"Trizol (Invitrogen, Carlsbad, Calif) was used to extract RNA from core-needle tumor biopsy samples that were obtained with the Mammotome.",biotin,"RNA (50 ng) was subjected to the generation of second-strand combinational DNA (cDNA), and cRNA was amplified with a random primer (WT-Ovation FFPE RNA Amplification System V2; NuGEN, Cincinnati, Ohio). Next, the amplified cRNA was biotinylated and fragmented with the FL-Ovation cDNA Biotin Module V2 (NuGEN).",9606,"Following fragmentation, 5 ug of cRNA were hybridized overnight at 46C on Affymetrix U133 plus2.0 arrays. GeneChips were washed and stained in the Affymetrix GeneChip Fluidics Station 450.",GeneChips were scanned using the diagnostic-grade Affymetrix scanner 3000.,Probe intensities were quantified with Microarray Suite version 5.0 (MAS 5.0) using Affymetrix default analysis settings.,GPL570,ftp://ftp.ncbi.nlm.nih.gov/geo/samples/GSM809nnn/GSM809274/suppl/GSM809274_OU-91.CEL.gz,54613,Reanalyzed by: GSE205568
GSM809275,GSE32646,Breast cancer tumor OU-92,GSM809275,Public on Mar 20 2012,Oct 05 2011,Jun 06 2022,RNA,1,breast cancer,Homo sapiens,breast cancer tumor,73,2,positive,IIB,2,positive,positive,negative,nCR,"Patients prospectively consented to a research biopsy by vacuum-assisted core-biopsy instrument (Mammotome 8G; HH Ethicon Endosurgery, Johnson and Johnson Company) under ultrasonographic guidance for histologic examination and gene expression analysis prior to any systemic therapy, and to the future assessment of pathologic response",total RNA,"Trizol (Invitrogen, Carlsbad, Calif) was used to extract RNA from core-needle tumor biopsy samples that were obtained with the Mammotome.",biotin,"RNA (50 ng) was subjected to the generation of second-strand combinational DNA (cDNA), and cRNA was amplified with a random primer (WT-Ovation FFPE RNA Amplification System V2; NuGEN, Cincinnati, Ohio). Next, the amplified cRNA was biotinylated and fragmented with the FL-Ovation cDNA Biotin Module V2 (NuGEN).",9606,"Following fragmentation, 5 ug of cRNA were hybridized overnight at 46C on Affymetrix U133 plus2.0 arrays. GeneChips were washed and stained in the Affymetrix GeneChip Fluidics Station 450.",GeneChips were scanned using the diagnostic-grade Affymetrix scanner 3000.,Probe intensities were quantified with Microarray Suite version 5.0 (MAS 5.0) using Affymetrix default analysis settings.,GPL570,ftp://ftp.ncbi.nlm.nih.gov/geo/samples/GSM809nnn/GSM809275/suppl/GSM809275_OU-92.CEL.gz,54613,Reanalyzed by: GSE205568
GSM809276,GSE32646,Breast cancer tumor OU-93,GSM809276,Public on Mar 20 2012,Oct 05 2011,Jun 06 2022,RNA,1,breast cancer,Homo sapiens,breast cancer tumor,55,4,positive,IIIB,2,negative,negative,positive,nCR,"Patients prospectively consented to a research biopsy by vacuum-assisted core-biopsy instrument (Mammotome 8G; HH Ethicon Endosurgery, Johnson and Johnson Company) under ultrasonographic guidance for histologic examination and gene expression analysis prior to any systemic therapy, and to the future assessment of pathologic response",total RNA,"Trizol (Invitrogen, Carlsbad, Calif) was used to extract RNA from core-needle tumor biopsy samples that were obtained with the Mammotome.",biotin,"RNA (50 ng) was subjected to the generation of second-strand combinational DNA (cDNA), and cRNA was amplified with a random primer (WT-Ovation FFPE RNA Amplification System V2; NuGEN, Cincinnati, Ohio). Next, the amplified cRNA was biotinylated and fragmented with the FL-Ovation cDNA Biotin Module V2 (NuGEN).",9606,"Following fragmentation, 5 ug of cRNA were hybridized overnight at 46C on Affymetrix U133 plus2.0 arrays. GeneChips were washed and stained in the Affymetrix GeneChip Fluidics Station 450.",GeneChips were scanned using the diagnostic-grade Affymetrix scanner 3000.,Probe intensities were quantified with Microarray Suite version 5.0 (MAS 5.0) using Affymetrix default analysis settings.,GPL570,ftp://ftp.ncbi.nlm.nih.gov/geo/samples/GSM809nnn/GSM809276/suppl/GSM809276_OU-93.CEL.gz,54613,Reanalyzed by: GSE205568
GSM809277,GSE32646,Breast cancer tumor OU-94,GSM809277,Public on Mar 20 2012,Oct 05 2011,Jun 06 2022,RNA,1,breast cancer,Homo sapiens,breast cancer tumor,36,2,negative,IIA,3,negative,negative,negative,nCR,"Patients prospectively consented to a research biopsy by vacuum-assisted core-biopsy instrument (Mammotome 8G; HH Ethicon Endosurgery, Johnson and Johnson Company) under ultrasonographic guidance for histologic examination and gene expression analysis prior to any systemic therapy, and to the future assessment of pathologic response",total RNA,"Trizol (Invitrogen, Carlsbad, Calif) was used to extract RNA from core-needle tumor biopsy samples that were obtained with the Mammotome.",biotin,"RNA (50 ng) was subjected to the generation of second-strand combinational DNA (cDNA), and cRNA was amplified with a random primer (WT-Ovation FFPE RNA Amplification System V2; NuGEN, Cincinnati, Ohio). Next, the amplified cRNA was biotinylated and fragmented with the FL-Ovation cDNA Biotin Module V2 (NuGEN).",9606,"Following fragmentation, 5 ug of cRNA were hybridized overnight at 46C on Affymetrix U133 plus2.0 arrays. GeneChips were washed and stained in the Affymetrix GeneChip Fluidics Station 450.",GeneChips were scanned using the diagnostic-grade Affymetrix scanner 3000.,Probe intensities were quantified with Microarray Suite version 5.0 (MAS 5.0) using Affymetrix default analysis settings.,GPL570,ftp://ftp.ncbi.nlm.nih.gov/geo/samples/GSM809nnn/GSM809277/suppl/GSM809277_OU-94.CEL.gz,54613,Reanalyzed by: GSE205568
GSM809278,GSE32646,Breast cancer tumor OU-95,GSM809278,Public on Mar 20 2012,Oct 05 2011,Jun 06 2022,RNA,1,breast cancer,Homo sapiens,breast cancer tumor,63,2,positive,IIB,2,negative,negative,negative,nCR,"Patients prospectively consented to a research biopsy by vacuum-assisted core-biopsy instrument (Mammotome 8G; HH Ethicon Endosurgery, Johnson and Johnson Company) under ultrasonographic guidance for histologic examination and gene expression analysis prior to any systemic therapy, and to the future assessment of pathologic response",total RNA,"Trizol (Invitrogen, Carlsbad, Calif) was used to extract RNA from core-needle tumor biopsy samples that were obtained with the Mammotome.",biotin,"RNA (50 ng) was subjected to the generation of second-strand combinational DNA (cDNA), and cRNA was amplified with a random primer (WT-Ovation FFPE RNA Amplification System V2; NuGEN, Cincinnati, Ohio). Next, the amplified cRNA was biotinylated and fragmented with the FL-Ovation cDNA Biotin Module V2 (NuGEN).",9606,"Following fragmentation, 5 ug of cRNA were hybridized overnight at 46C on Affymetrix U133 plus2.0 arrays. GeneChips were washed and stained in the Affymetrix GeneChip Fluidics Station 450.",GeneChips were scanned using the diagnostic-grade Affymetrix scanner 3000.,Probe intensities were quantified with Microarray Suite version 5.0 (MAS 5.0) using Affymetrix default analysis settings.,GPL570,ftp://ftp.ncbi.nlm.nih.gov/geo/samples/GSM809nnn/GSM809278/suppl/GSM809278_OU-95.CEL.gz,54613,Reanalyzed by: GSE205568
GSM809279,GSE32646,Breast cancer tumor OU-96,GSM809279,Public on Mar 20 2012,Oct 05 2011,Jun 06 2022,RNA,1,breast cancer,Homo sapiens,breast cancer tumor,48,3,negative,IIB,2,positive,positive,negative,nCR,"Patients prospectively consented to a research biopsy by vacuum-assisted core-biopsy instrument (Mammotome 8G; HH Ethicon Endosurgery, Johnson and Johnson Company) under ultrasonographic guidance for histologic examination and gene expression analysis prior to any systemic therapy, and to the future assessment of pathologic response",total RNA,"Trizol (Invitrogen, Carlsbad, Calif) was used to extract RNA from core-needle tumor biopsy samples that were obtained with the Mammotome.",biotin,"RNA (50 ng) was subjected to the generation of second-strand combinational DNA (cDNA), and cRNA was amplified with a random primer (WT-Ovation FFPE RNA Amplification System V2; NuGEN, Cincinnati, Ohio). Next, the amplified cRNA was biotinylated and fragmented with the FL-Ovation cDNA Biotin Module V2 (NuGEN).",9606,"Following fragmentation, 5 ug of cRNA were hybridized overnight at 46C on Affymetrix U133 plus2.0 arrays. GeneChips were washed and stained in the Affymetrix GeneChip Fluidics Station 450.",GeneChips were scanned using the diagnostic-grade Affymetrix scanner 3000.,Probe intensities were quantified with Microarray Suite version 5.0 (MAS 5.0) using Affymetrix default analysis settings.,GPL570,ftp://ftp.ncbi.nlm.nih.gov/geo/samples/GSM809nnn/GSM809279/suppl/GSM809279_OU-96.CEL.gz,54613,Reanalyzed by: GSE205568
GSM809280,GSE32646,Breast cancer tumor OU-97,GSM809280,Public on Mar 20 2012,Oct 05 2011,Jun 06 2022,RNA,1,breast cancer,Homo sapiens,breast cancer tumor,60,2,positive,IIB,3,negative,negative,negative,pCR,"Patients prospectively consented to a research biopsy by vacuum-assisted core-biopsy instrument (Mammotome 8G; HH Ethicon Endosurgery, Johnson and Johnson Company) under ultrasonographic guidance for histologic examination and gene expression analysis prior to any systemic therapy, and to the future assessment of pathologic response",total RNA,"Trizol (Invitrogen, Carlsbad, Calif) was used to extract RNA from core-needle tumor biopsy samples that were obtained with the Mammotome.",biotin,"RNA (50 ng) was subjected to the generation of second-strand combinational DNA (cDNA), and cRNA was amplified with a random primer (WT-Ovation FFPE RNA Amplification System V2; NuGEN, Cincinnati, Ohio). Next, the amplified cRNA was biotinylated and fragmented with the FL-Ovation cDNA Biotin Module V2 (NuGEN).",9606,"Following fragmentation, 5 ug of cRNA were hybridized overnight at 46C on Affymetrix U133 plus2.0 arrays. GeneChips were washed and stained in the Affymetrix GeneChip Fluidics Station 450.",GeneChips were scanned using the diagnostic-grade Affymetrix scanner 3000.,Probe intensities were quantified with Microarray Suite version 5.0 (MAS 5.0) using Affymetrix default analysis settings.,GPL570,ftp://ftp.ncbi.nlm.nih.gov/geo/samples/GSM809nnn/GSM809280/suppl/GSM809280_OU-97.CEL.gz,54613,Reanalyzed by: GSE205568
GSM809281,GSE32646,Breast cancer tumor OU-98,GSM809281,Public on Mar 20 2012,Oct 05 2011,Jun 06 2022,RNA,1,breast cancer,Homo sapiens,breast cancer tumor,60,2,negative,IIA,3,negative,negative,positive,nCR,"Patients prospectively consented to a research biopsy by vacuum-assisted core-biopsy instrument (Mammotome 8G; HH Ethicon Endosurgery, Johnson and Johnson Company) under ultrasonographic guidance for histologic examination and gene expression analysis prior to any systemic therapy, and to the future assessment of pathologic response",total RNA,"Trizol (Invitrogen, Carlsbad, Calif) was used to extract RNA from core-needle tumor biopsy samples that were obtained with the Mammotome.",biotin,"RNA (50 ng) was subjected to the generation of second-strand combinational DNA (cDNA), and cRNA was amplified with a random primer (WT-Ovation FFPE RNA Amplification System V2; NuGEN, Cincinnati, Ohio). Next, the amplified cRNA was biotinylated and fragmented with the FL-Ovation cDNA Biotin Module V2 (NuGEN).",9606,"Following fragmentation, 5 ug of cRNA were hybridized overnight at 46C on Affymetrix U133 plus2.0 arrays. GeneChips were washed and stained in the Affymetrix GeneChip Fluidics Station 450.",GeneChips were scanned using the diagnostic-grade Affymetrix scanner 3000.,Probe intensities were quantified with Microarray Suite version 5.0 (MAS 5.0) using Affymetrix default analysis settings.,GPL570,ftp://ftp.ncbi.nlm.nih.gov/geo/samples/GSM809nnn/GSM809281/suppl/GSM809281_OU-98.CEL.gz,54613,Reanalyzed by: GSE205568
GSM809282,GSE32646,Breast cancer tumor OU-99,GSM809282,Public on Mar 20 2012,Oct 05 2011,Jun 06 2022,RNA,1,breast cancer,Homo sapiens,breast cancer tumor,39,2,positive,IIB,2,negative,negative,positive,nCR,"Patients prospectively consented to a research biopsy by vacuum-assisted core-biopsy instrument (Mammotome 8G; HH Ethicon Endosurgery, Johnson and Johnson Company) under ultrasonographic guidance for histologic examination and gene expression analysis prior to any systemic therapy, and to the future assessment of pathologic response",total RNA,"Trizol (Invitrogen, Carlsbad, Calif) was used to extract RNA from core-needle tumor biopsy samples that were obtained with the Mammotome.",biotin,"RNA (50 ng) was subjected to the generation of second-strand combinational DNA (cDNA), and cRNA was amplified with a random primer (WT-Ovation FFPE RNA Amplification System V2; NuGEN, Cincinnati, Ohio). Next, the amplified cRNA was biotinylated and fragmented with the FL-Ovation cDNA Biotin Module V2 (NuGEN).",9606,"Following fragmentation, 5 ug of cRNA were hybridized overnight at 46C on Affymetrix U133 plus2.0 arrays. GeneChips were washed and stained in the Affymetrix GeneChip Fluidics Station 450.",GeneChips were scanned using the diagnostic-grade Affymetrix scanner 3000.,Probe intensities were quantified with Microarray Suite version 5.0 (MAS 5.0) using Affymetrix default analysis settings.,GPL570,ftp://ftp.ncbi.nlm.nih.gov/geo/samples/GSM809nnn/GSM809282/suppl/GSM809282_OU-99.CEL.gz,54613,Reanalyzed by: GSE205568
GSM809283,GSE32646,Breast cancer tumor OU-100,GSM809283,Public on Mar 20 2012,Oct 05 2011,Jun 06 2022,RNA,1,breast cancer,Homo sapiens,breast cancer tumor,56,2,positive,IIB,2,positive,positive,negative,nCR,"Patients prospectively consented to a research biopsy by vacuum-assisted core-biopsy instrument (Mammotome 8G; HH Ethicon Endosurgery, Johnson and Johnson Company) under ultrasonographic guidance for histologic examination and gene expression analysis prior to any systemic therapy, and to the future assessment of pathologic response",total RNA,"Trizol (Invitrogen, Carlsbad, Calif) was used to extract RNA from core-needle tumor biopsy samples that were obtained with the Mammotome.",biotin,"RNA (50 ng) was subjected to the generation of second-strand combinational DNA (cDNA), and cRNA was amplified with a random primer (WT-Ovation FFPE RNA Amplification System V2; NuGEN, Cincinnati, Ohio). Next, the amplified cRNA was biotinylated and fragmented with the FL-Ovation cDNA Biotin Module V2 (NuGEN).",9606,"Following fragmentation, 5 ug of cRNA were hybridized overnight at 46C on Affymetrix U133 plus2.0 arrays. GeneChips were washed and stained in the Affymetrix GeneChip Fluidics Station 450.",GeneChips were scanned using the diagnostic-grade Affymetrix scanner 3000.,Probe intensities were quantified with Microarray Suite version 5.0 (MAS 5.0) using Affymetrix default analysis settings.,GPL570,ftp://ftp.ncbi.nlm.nih.gov/geo/samples/GSM809nnn/GSM809283/suppl/GSM809283_OU-100.CEL.gz,54613,Reanalyzed by: GSE205568
GSM809284,GSE32646,Breast cancer tumor OU-101,GSM809284,Public on Mar 20 2012,Oct 05 2011,Jun 06 2022,RNA,1,breast cancer,Homo sapiens,breast cancer tumor,40,2,positive,IIB,2,positive,positive,negative,nCR,"Patients prospectively consented to a research biopsy by vacuum-assisted core-biopsy instrument (Mammotome 8G; HH Ethicon Endosurgery, Johnson and Johnson Company) under ultrasonographic guidance for histologic examination and gene expression analysis prior to any systemic therapy, and to the future assessment of pathologic response",total RNA,"Trizol (Invitrogen, Carlsbad, Calif) was used to extract RNA from core-needle tumor biopsy samples that were obtained with the Mammotome.",biotin,"RNA (50 ng) was subjected to the generation of second-strand combinational DNA (cDNA), and cRNA was amplified with a random primer (WT-Ovation FFPE RNA Amplification System V2; NuGEN, Cincinnati, Ohio). Next, the amplified cRNA was biotinylated and fragmented with the FL-Ovation cDNA Biotin Module V2 (NuGEN).",9606,"Following fragmentation, 5 ug of cRNA were hybridized overnight at 46C on Affymetrix U133 plus2.0 arrays. GeneChips were washed and stained in the Affymetrix GeneChip Fluidics Station 450.",GeneChips were scanned using the diagnostic-grade Affymetrix scanner 3000.,Probe intensities were quantified with Microarray Suite version 5.0 (MAS 5.0) using Affymetrix default analysis settings.,GPL570,ftp://ftp.ncbi.nlm.nih.gov/geo/samples/GSM809nnn/GSM809284/suppl/GSM809284_OU-101.CEL.gz,54613,Reanalyzed by: GSE205568
GSM809285,GSE32646,Breast cancer tumor OU-102,GSM809285,Public on Mar 20 2012,Oct 05 2011,Jun 06 2022,RNA,1,breast cancer,Homo sapiens,breast cancer tumor,68,2,positive,IIB,2,positive,negative,negative,nCR,"Patients prospectively consented to a research biopsy by vacuum-assisted core-biopsy instrument (Mammotome 8G; HH Ethicon Endosurgery, Johnson and Johnson Company) under ultrasonographic guidance for histologic examination and gene expression analysis prior to any systemic therapy, and to the future assessment of pathologic response",total RNA,"Trizol (Invitrogen, Carlsbad, Calif) was used to extract RNA from core-needle tumor biopsy samples that were obtained with the Mammotome.",biotin,"RNA (50 ng) was subjected to the generation of second-strand combinational DNA (cDNA), and cRNA was amplified with a random primer (WT-Ovation FFPE RNA Amplification System V2; NuGEN, Cincinnati, Ohio). Next, the amplified cRNA was biotinylated and fragmented with the FL-Ovation cDNA Biotin Module V2 (NuGEN).",9606,"Following fragmentation, 5 ug of cRNA were hybridized overnight at 46C on Affymetrix U133 plus2.0 arrays. GeneChips were washed and stained in the Affymetrix GeneChip Fluidics Station 450.",GeneChips were scanned using the diagnostic-grade Affymetrix scanner 3000.,Probe intensities were quantified with Microarray Suite version 5.0 (MAS 5.0) using Affymetrix default analysis settings.,GPL570,ftp://ftp.ncbi.nlm.nih.gov/geo/samples/GSM809nnn/GSM809285/suppl/GSM809285_OU-102.CEL.gz,54613,Reanalyzed by: GSE205568
GSM809286,GSE32646,Breast cancer tumor OU-103,GSM809286,Public on Mar 20 2012,Oct 05 2011,Jun 06 2022,RNA,1,breast cancer,Homo sapiens,breast cancer tumor,49,2,negative,IIA,1,positive,positive,negative,nCR,"Patients prospectively consented to a research biopsy by vacuum-assisted core-biopsy instrument (Mammotome 8G; HH Ethicon Endosurgery, Johnson and Johnson Company) under ultrasonographic guidance for histologic examination and gene expression analysis prior to any systemic therapy, and to the future assessment of pathologic response",total RNA,"Trizol (Invitrogen, Carlsbad, Calif) was used to extract RNA from core-needle tumor biopsy samples that were obtained with the Mammotome.",biotin,"RNA (50 ng) was subjected to the generation of second-strand combinational DNA (cDNA), and cRNA was amplified with a random primer (WT-Ovation FFPE RNA Amplification System V2; NuGEN, Cincinnati, Ohio). Next, the amplified cRNA was biotinylated and fragmented with the FL-Ovation cDNA Biotin Module V2 (NuGEN).",9606,"Following fragmentation, 5 ug of cRNA were hybridized overnight at 46C on Affymetrix U133 plus2.0 arrays. GeneChips were washed and stained in the Affymetrix GeneChip Fluidics Station 450.",GeneChips were scanned using the diagnostic-grade Affymetrix scanner 3000.,Probe intensities were quantified with Microarray Suite version 5.0 (MAS 5.0) using Affymetrix default analysis settings.,GPL570,ftp://ftp.ncbi.nlm.nih.gov/geo/samples/GSM809nnn/GSM809286/suppl/GSM809286_OU-103.CEL.gz,54613,Reanalyzed by: GSE205568
GSM809287,GSE32646,Breast cancer tumor OU-104,GSM809287,Public on Mar 20 2012,Oct 05 2011,Jun 06 2022,RNA,1,breast cancer,Homo sapiens,breast cancer tumor,55,2,negative,IIA,2,positive,negative,negative,nCR,"Patients prospectively consented to a research biopsy by vacuum-assisted core-biopsy instrument (Mammotome 8G; HH Ethicon Endosurgery, Johnson and Johnson Company) under ultrasonographic guidance for histologic examination and gene expression analysis prior to any systemic therapy, and to the future assessment of pathologic response",total RNA,"Trizol (Invitrogen, Carlsbad, Calif) was used to extract RNA from core-needle tumor biopsy samples that were obtained with the Mammotome.",biotin,"RNA (50 ng) was subjected to the generation of second-strand combinational DNA (cDNA), and cRNA was amplified with a random primer (WT-Ovation FFPE RNA Amplification System V2; NuGEN, Cincinnati, Ohio). Next, the amplified cRNA was biotinylated and fragmented with the FL-Ovation cDNA Biotin Module V2 (NuGEN).",9606,"Following fragmentation, 5 ug of cRNA were hybridized overnight at 46C on Affymetrix U133 plus2.0 arrays. GeneChips were washed and stained in the Affymetrix GeneChip Fluidics Station 450.",GeneChips were scanned using the diagnostic-grade Affymetrix scanner 3000.,Probe intensities were quantified with Microarray Suite version 5.0 (MAS 5.0) using Affymetrix default analysis settings.,GPL570,ftp://ftp.ncbi.nlm.nih.gov/geo/samples/GSM809nnn/GSM809287/suppl/GSM809287_OU-104.CEL.gz,54613,Reanalyzed by: GSE205568
GSM809288,GSE32646,Breast cancer tumor OU-105,GSM809288,Public on Mar 20 2012,Oct 05 2011,Jun 06 2022,RNA,1,breast cancer,Homo sapiens,breast cancer tumor,45,2,positive,IIB,2,positive,positive,negative,nCR,"Patients prospectively consented to a research biopsy by vacuum-assisted core-biopsy instrument (Mammotome 8G; HH Ethicon Endosurgery, Johnson and Johnson Company) under ultrasonographic guidance for histologic examination and gene expression analysis prior to any systemic therapy, and to the future assessment of pathologic response",total RNA,"Trizol (Invitrogen, Carlsbad, Calif) was used to extract RNA from core-needle tumor biopsy samples that were obtained with the Mammotome.",biotin,"RNA (50 ng) was subjected to the generation of second-strand combinational DNA (cDNA), and cRNA was amplified with a random primer (WT-Ovation FFPE RNA Amplification System V2; NuGEN, Cincinnati, Ohio). Next, the amplified cRNA was biotinylated and fragmented with the FL-Ovation cDNA Biotin Module V2 (NuGEN).",9606,"Following fragmentation, 5 ug of cRNA were hybridized overnight at 46C on Affymetrix U133 plus2.0 arrays. GeneChips were washed and stained in the Affymetrix GeneChip Fluidics Station 450.",GeneChips were scanned using the diagnostic-grade Affymetrix scanner 3000.,Probe intensities were quantified with Microarray Suite version 5.0 (MAS 5.0) using Affymetrix default analysis settings.,GPL570,ftp://ftp.ncbi.nlm.nih.gov/geo/samples/GSM809nnn/GSM809288/suppl/GSM809288_OU-105.CEL.gz,54613,Reanalyzed by: GSE205568
GSM809289,GSE32646,Breast cancer tumor OU-106,GSM809289,Public on Mar 20 2012,Oct 05 2011,Jun 06 2022,RNA,1,breast cancer,Homo sapiens,breast cancer tumor,48,2,negative,IIA,3,positive,positive,positive,pCR,"Patients prospectively consented to a research biopsy by vacuum-assisted core-biopsy instrument (Mammotome 8G; HH Ethicon Endosurgery, Johnson and Johnson Company) under ultrasonographic guidance for histologic examination and gene expression analysis prior to any systemic therapy, and to the future assessment of pathologic response",total RNA,"Trizol (Invitrogen, Carlsbad, Calif) was used to extract RNA from core-needle tumor biopsy samples that were obtained with the Mammotome.",biotin,"RNA (50 ng) was subjected to the generation of second-strand combinational DNA (cDNA), and cRNA was amplified with a random primer (WT-Ovation FFPE RNA Amplification System V2; NuGEN, Cincinnati, Ohio). Next, the amplified cRNA was biotinylated and fragmented with the FL-Ovation cDNA Biotin Module V2 (NuGEN).",9606,"Following fragmentation, 5 ug of cRNA were hybridized overnight at 46C on Affymetrix U133 plus2.0 arrays. GeneChips were washed and stained in the Affymetrix GeneChip Fluidics Station 450.",GeneChips were scanned using the diagnostic-grade Affymetrix scanner 3000.,Probe intensities were quantified with Microarray Suite version 5.0 (MAS 5.0) using Affymetrix default analysis settings.,GPL570,ftp://ftp.ncbi.nlm.nih.gov/geo/samples/GSM809nnn/GSM809289/suppl/GSM809289_OU-106.CEL.gz,54613,Reanalyzed by: GSE205568
GSM809290,GSE32646,Breast cancer tumor OU-107,GSM809290,Public on Mar 20 2012,Oct 05 2011,Jun 06 2022,RNA,1,breast cancer,Homo sapiens,breast cancer tumor,44,1,positive,IIA,1,positive,positive,positive,nCR,"Patients prospectively consented to a research biopsy by vacuum-assisted core-biopsy instrument (Mammotome 8G; HH Ethicon Endosurgery, Johnson and Johnson Company) under ultrasonographic guidance for histologic examination and gene expression analysis prior to any systemic therapy, and to the future assessment of pathologic response",total RNA,"Trizol (Invitrogen, Carlsbad, Calif) was used to extract RNA from core-needle tumor biopsy samples that were obtained with the Mammotome.",biotin,"RNA (50 ng) was subjected to the generation of second-strand combinational DNA (cDNA), and cRNA was amplified with a random primer (WT-Ovation FFPE RNA Amplification System V2; NuGEN, Cincinnati, Ohio). Next, the amplified cRNA was biotinylated and fragmented with the FL-Ovation cDNA Biotin Module V2 (NuGEN).",9606,"Following fragmentation, 5 ug of cRNA were hybridized overnight at 46C on Affymetrix U133 plus2.0 arrays. GeneChips were washed and stained in the Affymetrix GeneChip Fluidics Station 450.",GeneChips were scanned using the diagnostic-grade Affymetrix scanner 3000.,Probe intensities were quantified with Microarray Suite version 5.0 (MAS 5.0) using Affymetrix default analysis settings.,GPL570,ftp://ftp.ncbi.nlm.nih.gov/geo/samples/GSM809nnn/GSM809290/suppl/GSM809290_OU-107.CEL.gz,54613,Reanalyzed by: GSE205568
GSM809291,GSE32646,Breast cancer tumor OU-108,GSM809291,Public on Mar 20 2012,Oct 05 2011,Jun 06 2022,RNA,1,breast cancer,Homo sapiens,breast cancer tumor,37,2,negative,IIA,2,positive,negative,positive,nCR,"Patients prospectively consented to a research biopsy by vacuum-assisted core-biopsy instrument (Mammotome 8G; HH Ethicon Endosurgery, Johnson and Johnson Company) under ultrasonographic guidance for histologic examination and gene expression analysis prior to any systemic therapy, and to the future assessment of pathologic response",total RNA,"Trizol (Invitrogen, Carlsbad, Calif) was used to extract RNA from core-needle tumor biopsy samples that were obtained with the Mammotome.",biotin,"RNA (50 ng) was subjected to the generation of second-strand combinational DNA (cDNA), and cRNA was amplified with a random primer (WT-Ovation FFPE RNA Amplification System V2; NuGEN, Cincinnati, Ohio). Next, the amplified cRNA was biotinylated and fragmented with the FL-Ovation cDNA Biotin Module V2 (NuGEN).",9606,"Following fragmentation, 5 ug of cRNA were hybridized overnight at 46C on Affymetrix U133 plus2.0 arrays. GeneChips were washed and stained in the Affymetrix GeneChip Fluidics Station 450.",GeneChips were scanned using the diagnostic-grade Affymetrix scanner 3000.,Probe intensities were quantified with Microarray Suite version 5.0 (MAS 5.0) using Affymetrix default analysis settings.,GPL570,ftp://ftp.ncbi.nlm.nih.gov/geo/samples/GSM809nnn/GSM809291/suppl/GSM809291_OU-108.CEL.gz,54613,Reanalyzed by: GSE205568
GSM809292,GSE32646,Breast cancer tumor OU-109,GSM809292,Public on Mar 20 2012,Oct 05 2011,Jun 06 2022,RNA,1,breast cancer,Homo sapiens,breast cancer tumor,47,2,negative,IIA,2,positive,positive,negative,nCR,"Patients prospectively consented to a research biopsy by vacuum-assisted core-biopsy instrument (Mammotome 8G; HH Ethicon Endosurgery, Johnson and Johnson Company) under ultrasonographic guidance for histologic examination and gene expression analysis prior to any systemic therapy, and to the future assessment of pathologic response",total RNA,"Trizol (Invitrogen, Carlsbad, Calif) was used to extract RNA from core-needle tumor biopsy samples that were obtained with the Mammotome.",biotin,"RNA (50 ng) was subjected to the generation of second-strand combinational DNA (cDNA), and cRNA was amplified with a random primer (WT-Ovation FFPE RNA Amplification System V2; NuGEN, Cincinnati, Ohio). Next, the amplified cRNA was biotinylated and fragmented with the FL-Ovation cDNA Biotin Module V2 (NuGEN).",9606,"Following fragmentation, 5 ug of cRNA were hybridized overnight at 46C on Affymetrix U133 plus2.0 arrays. GeneChips were washed and stained in the Affymetrix GeneChip Fluidics Station 450.",GeneChips were scanned using the diagnostic-grade Affymetrix scanner 3000.,Probe intensities were quantified with Microarray Suite version 5.0 (MAS 5.0) using Affymetrix default analysis settings.,GPL570,ftp://ftp.ncbi.nlm.nih.gov/geo/samples/GSM809nnn/GSM809292/suppl/GSM809292_OU-109.CEL.gz,54613,Reanalyzed by: GSE205568
GSM809293,GSE32646,Breast cancer tumor OU-110,GSM809293,Public on Mar 20 2012,Oct 05 2011,Jun 06 2022,RNA,1,breast cancer,Homo sapiens,breast cancer tumor,56,2,positive,IIB,1,positive,positive,negative,nCR,"Patients prospectively consented to a research biopsy by vacuum-assisted core-biopsy instrument (Mammotome 8G; HH Ethicon Endosurgery, Johnson and Johnson Company) under ultrasonographic guidance for histologic examination and gene expression analysis prior to any systemic therapy, and to the future assessment of pathologic response",total RNA,"Trizol (Invitrogen, Carlsbad, Calif) was used to extract RNA from core-needle tumor biopsy samples that were obtained with the Mammotome.",biotin,"RNA (50 ng) was subjected to the generation of second-strand combinational DNA (cDNA), and cRNA was amplified with a random primer (WT-Ovation FFPE RNA Amplification System V2; NuGEN, Cincinnati, Ohio). Next, the amplified cRNA was biotinylated and fragmented with the FL-Ovation cDNA Biotin Module V2 (NuGEN).",9606,"Following fragmentation, 5 ug of cRNA were hybridized overnight at 46C on Affymetrix U133 plus2.0 arrays. GeneChips were washed and stained in the Affymetrix GeneChip Fluidics Station 450.",GeneChips were scanned using the diagnostic-grade Affymetrix scanner 3000.,Probe intensities were quantified with Microarray Suite version 5.0 (MAS 5.0) using Affymetrix default analysis settings.,GPL570,ftp://ftp.ncbi.nlm.nih.gov/geo/samples/GSM809nnn/GSM809293/suppl/GSM809293_OU-110.CEL.gz,54613,Reanalyzed by: GSE205568
GSM809294,GSE32646,Breast cancer tumor OU-111,GSM809294,Public on Mar 20 2012,Oct 05 2011,Jun 06 2022,RNA,1,breast cancer,Homo sapiens,breast cancer tumor,61,2,positive,IIB,2,negative,negative,positive,pCR,"Patients prospectively consented to a research biopsy by vacuum-assisted core-biopsy instrument (Mammotome 8G; HH Ethicon Endosurgery, Johnson and Johnson Company) under ultrasonographic guidance for histologic examination and gene expression analysis prior to any systemic therapy, and to the future assessment of pathologic response",total RNA,"Trizol (Invitrogen, Carlsbad, Calif) was used to extract RNA from core-needle tumor biopsy samples that were obtained with the Mammotome.",biotin,"RNA (50 ng) was subjected to the generation of second-strand combinational DNA (cDNA), and cRNA was amplified with a random primer (WT-Ovation FFPE RNA Amplification System V2; NuGEN, Cincinnati, Ohio). Next, the amplified cRNA was biotinylated and fragmented with the FL-Ovation cDNA Biotin Module V2 (NuGEN).",9606,"Following fragmentation, 5 ug of cRNA were hybridized overnight at 46C on Affymetrix U133 plus2.0 arrays. GeneChips were washed and stained in the Affymetrix GeneChip Fluidics Station 450.",GeneChips were scanned using the diagnostic-grade Affymetrix scanner 3000.,Probe intensities were quantified with Microarray Suite version 5.0 (MAS 5.0) using Affymetrix default analysis settings.,GPL570,ftp://ftp.ncbi.nlm.nih.gov/geo/samples/GSM809nnn/GSM809294/suppl/GSM809294_OU-111.CEL.gz,54613,Reanalyzed by: GSE205568
GSM809295,GSE32646,Breast cancer tumor OU-112,GSM809295,Public on Mar 20 2012,Oct 05 2011,Jun 06 2022,RNA,1,breast cancer,Homo sapiens,breast cancer tumor,68,2,positive,IIB,3,negative,negative,negative,pCR,"Patients prospectively consented to a research biopsy by vacuum-assisted core-biopsy instrument (Mammotome 8G; HH Ethicon Endosurgery, Johnson and Johnson Company) under ultrasonographic guidance for histologic examination and gene expression analysis prior to any systemic therapy, and to the future assessment of pathologic response",total RNA,"Trizol (Invitrogen, Carlsbad, Calif) was used to extract RNA from core-needle tumor biopsy samples that were obtained with the Mammotome.",biotin,"RNA (50 ng) was subjected to the generation of second-strand combinational DNA (cDNA), and cRNA was amplified with a random primer (WT-Ovation FFPE RNA Amplification System V2; NuGEN, Cincinnati, Ohio). Next, the amplified cRNA was biotinylated and fragmented with the FL-Ovation cDNA Biotin Module V2 (NuGEN).",9606,"Following fragmentation, 5 ug of cRNA were hybridized overnight at 46C on Affymetrix U133 plus2.0 arrays. GeneChips were washed and stained in the Affymetrix GeneChip Fluidics Station 450.",GeneChips were scanned using the diagnostic-grade Affymetrix scanner 3000.,Probe intensities were quantified with Microarray Suite version 5.0 (MAS 5.0) using Affymetrix default analysis settings.,GPL570,ftp://ftp.ncbi.nlm.nih.gov/geo/samples/GSM809nnn/GSM809295/suppl/GSM809295_OU-112.CEL.gz,54613,Reanalyzed by: GSE205568
GSM809296,GSE32646,Breast cancer tumor OU-113,GSM809296,Public on Mar 20 2012,Oct 05 2011,Jun 06 2022,RNA,1,breast cancer,Homo sapiens,breast cancer tumor,42,2,positive,IIB,1,positive,positive,negative,nCR,"Patients prospectively consented to a research biopsy by vacuum-assisted core-biopsy instrument (Mammotome 8G; HH Ethicon Endosurgery, Johnson and Johnson Company) under ultrasonographic guidance for histologic examination and gene expression analysis prior to any systemic therapy, and to the future assessment of pathologic response",total RNA,"Trizol (Invitrogen, Carlsbad, Calif) was used to extract RNA from core-needle tumor biopsy samples that were obtained with the Mammotome.",biotin,"RNA (50 ng) was subjected to the generation of second-strand combinational DNA (cDNA), and cRNA was amplified with a random primer (WT-Ovation FFPE RNA Amplification System V2; NuGEN, Cincinnati, Ohio). Next, the amplified cRNA was biotinylated and fragmented with the FL-Ovation cDNA Biotin Module V2 (NuGEN).",9606,"Following fragmentation, 5 ug of cRNA were hybridized overnight at 46C on Affymetrix U133 plus2.0 arrays. GeneChips were washed and stained in the Affymetrix GeneChip Fluidics Station 450.",GeneChips were scanned using the diagnostic-grade Affymetrix scanner 3000.,Probe intensities were quantified with Microarray Suite version 5.0 (MAS 5.0) using Affymetrix default analysis settings.,GPL570,ftp://ftp.ncbi.nlm.nih.gov/geo/samples/GSM809nnn/GSM809296/suppl/GSM809296_OU-113.CEL.gz,54613,Reanalyzed by: GSE205568
GSM809297,GSE32646,Breast cancer tumor OU-114,GSM809297,Public on Mar 20 2012,Oct 05 2011,Jun 06 2022,RNA,1,breast cancer,Homo sapiens,breast cancer tumor,68,2,negative,IIA,2,positive,negative,negative,nCR,"Patients prospectively consented to a research biopsy by vacuum-assisted core-biopsy instrument (Mammotome 8G; HH Ethicon Endosurgery, Johnson and Johnson Company) under ultrasonographic guidance for histologic examination and gene expression analysis prior to any systemic therapy, and to the future assessment of pathologic response",total RNA,"Trizol (Invitrogen, Carlsbad, Calif) was used to extract RNA from core-needle tumor biopsy samples that were obtained with the Mammotome.",biotin,"RNA (50 ng) was subjected to the generation of second-strand combinational DNA (cDNA), and cRNA was amplified with a random primer (WT-Ovation FFPE RNA Amplification System V2; NuGEN, Cincinnati, Ohio). Next, the amplified cRNA was biotinylated and fragmented with the FL-Ovation cDNA Biotin Module V2 (NuGEN).",9606,"Following fragmentation, 5 ug of cRNA were hybridized overnight at 46C on Affymetrix U133 plus2.0 arrays. GeneChips were washed and stained in the Affymetrix GeneChip Fluidics Station 450.",GeneChips were scanned using the diagnostic-grade Affymetrix scanner 3000.,Probe intensities were quantified with Microarray Suite version 5.0 (MAS 5.0) using Affymetrix default analysis settings.,GPL570,ftp://ftp.ncbi.nlm.nih.gov/geo/samples/GSM809nnn/GSM809297/suppl/GSM809297_OU-114.CEL.gz,54613,Reanalyzed by: GSE205568
GSM809298,GSE32646,Breast cancer tumor OU-115,GSM809298,Public on Mar 20 2012,Oct 05 2011,Jun 06 2022,RNA,1,breast cancer,Homo sapiens,breast cancer tumor,61,1,positive,IIA,2,positive,negative,negative,pCR,"Patients prospectively consented to a research biopsy by vacuum-assisted core-biopsy instrument (Mammotome 8G; HH Ethicon Endosurgery, Johnson and Johnson Company) under ultrasonographic guidance for histologic examination and gene expression analysis prior to any systemic therapy, and to the future assessment of pathologic response",total RNA,"Trizol (Invitrogen, Carlsbad, Calif) was used to extract RNA from core-needle tumor biopsy samples that were obtained with the Mammotome.",biotin,"RNA (50 ng) was subjected to the generation of second-strand combinational DNA (cDNA), and cRNA was amplified with a random primer (WT-Ovation FFPE RNA Amplification System V2; NuGEN, Cincinnati, Ohio). Next, the amplified cRNA was biotinylated and fragmented with the FL-Ovation cDNA Biotin Module V2 (NuGEN).",9606,"Following fragmentation, 5 ug of cRNA were hybridized overnight at 46C on Affymetrix U133 plus2.0 arrays. GeneChips were washed and stained in the Affymetrix GeneChip Fluidics Station 450.",GeneChips were scanned using the diagnostic-grade Affymetrix scanner 3000.,Probe intensities were quantified with Microarray Suite version 5.0 (MAS 5.0) using Affymetrix default analysis settings.,GPL570,ftp://ftp.ncbi.nlm.nih.gov/geo/samples/GSM809nnn/GSM809298/suppl/GSM809298_OU-115.CEL.gz,54613,Reanalyzed by: GSE205568
