cohort,draw,comparator,metric,difference,unique_patients
GSE25055,0,expanded,auc,0.01660195570894448,183
GSE25055,0,expanded,ap,0.020138070737674797,183
GSE25055,0,expanded,brier,-0.002140363441616294,183
GSE25055,0,expanded,logloss,-0.0009009384275664612,183
GSE25055,0,expanded_pam50,auc,0.017436008052919172,183
GSE25055,0,expanded_pam50,ap,0.01534314130002468,183
GSE25055,0,expanded_pam50,brier,-0.0016254542618113822,183
GSE25055,0,expanded_pam50,logloss,-0.0011570601218581556,183
GSE25055,1,expanded,auc,0.026499868143459913,191
GSE25055,1,expanded,ap,0.04685514638170342,191
GSE25055,1,expanded,brier,-0.005080289448038153,191
GSE25055,1,expanded,logloss,-0.006154152819828512,191
GSE25055,1,expanded_pam50,auc,0.02636141877637129,191
GSE25055,1,expanded_pam50,ap,0.06115539956374465,191
GSE25055,1,expanded_pam50,brier,-0.005893653136289606,191
GSE25055,1,expanded_pam50,logloss,-0.007666379291468034,191
GSE25055,2,expanded,auc,0.046302385557704696,184
GSE25055,2,expanded,ap,0.1018211710307374,184
GSE25055,2,expanded,brier,-0.010987563678834304,184
GSE25055,2,expanded,logloss,-0.019878444394211603,184
GSE25055,2,expanded_pam50,auc,0.03901031592520956,184
GSE25055,2,expanded_pam50,ap,0.0955830068350125,184
GSE25055,2,expanded_pam50,brier,-0.009504747184616955,184
GSE25055,2,expanded_pam50,logloss,-0.013742016799966639,184
GSE25055,3,expanded,auc,-0.010023529411764698,181
GSE25055,3,expanded,ap,-0.009169856170269053,181
GSE25055,3,expanded,brier,0.006222600262400057,181
GSE25055,3,expanded,logloss,0.014439165944998078,181
GSE25055,3,expanded_pam50,auc,-0.009764705882352943,181
GSE25055,3,expanded_pam50,ap,-0.02171410897699317,181
GSE25055,3,expanded_pam50,brier,0.006490698767180491,181
GSE25055,3,expanded_pam50,logloss,0.014299995551661832,181
GSE25055,4,expanded,auc,0.05129340277777776,179
GSE25055,4,expanded,ap,0.08708493243346696,179
GSE25055,4,expanded,brier,-0.00792349465037531,179
GSE25055,4,expanded,logloss,-0.026193157006242,179
GSE25055,4,expanded_pam50,auc,0.039852430555555554,179
GSE25055,4,expanded_pam50,ap,0.0725770768866693,179
GSE25055,4,expanded_pam50,brier,-0.0061716826950555135,179
GSE25055,4,expanded_pam50,logloss,-0.017867004078562586,179
GSE25055,5,expanded,auc,0.028494493035309387,201
GSE25055,5,expanded,ap,0.08017141154176229,201
GSE25055,5,expanded,brier,-0.005766629284750491,201
GSE25055,5,expanded,logloss,-0.021483642511629188,201
GSE25055,5,expanded_pam50,auc,0.02645367670877875,201
GSE25055,5,expanded_pam50,ap,0.07508767447949763,201
GSE25055,5,expanded_pam50,brier,-0.0042884858016373675,201
GSE25055,5,expanded_pam50,logloss,-0.01523644741181716,201
GSE25055,6,expanded,auc,0.027611688486975296,193
GSE25055,6,expanded,ap,0.09579939395433443,193
GSE25055,6,expanded,brier,-0.004537118159923634,193
GSE25055,6,expanded,logloss,-0.021318733147979618,193
GSE25055,6,expanded_pam50,auc,0.024227291132406514,193
GSE25055,6,expanded_pam50,ap,0.07683060649614024,193
GSE25055,6,expanded_pam50,brier,-0.005234844284114285,193
GSE25055,6,expanded_pam50,logloss,-0.02021687716875582,193
GSE25055,7,expanded,auc,0.026170064874884158,198
GSE25055,7,expanded,ap,0.041302373650079285,198
GSE25055,7,expanded,brier,-0.004845332860642096,198
GSE25055,7,expanded,logloss,-0.02187574536539712,198
GSE25055,7,expanded_pam50,auc,0.020868087735557605,198
GSE25055,7,expanded_pam50,ap,0.029596621469474137,198
GSE25055,7,expanded_pam50,brier,-0.0026736510298214417,198
GSE25055,7,expanded_pam50,logloss,-0.015815723787257884,198
GSE25055,8,expanded,auc,0.027971311475409842,188
GSE25055,8,expanded,ap,0.04776801015585162,188
GSE25055,8,expanded,brier,-0.004152526957571906,188
GSE25055,8,expanded,logloss,-0.018554191123789737,188
GSE25055,8,expanded_pam50,auc,0.02343579234972678,188
GSE25055,8,expanded_pam50,ap,0.03192620386614343,188
GSE25055,8,expanded_pam50,brier,-0.00387133736455014,188
GSE25055,8,expanded_pam50,logloss,-0.014861777842723356,188
GSE25055,9,expanded,auc,0.012823639774859308,185
GSE25055,9,expanded,ap,0.03085569617349327,185
GSE25055,9,expanded,brier,-0.0012884219750283893,185
GSE25055,9,expanded,logloss,-0.004819302778805534,185
GSE25055,9,expanded_pam50,auc,0.0019699812382739323,185
GSE25055,9,expanded_pam50,ap,0.02775835242310578,185
GSE25055,9,expanded_pam50,brier,-0.0010451612567548064,185
GSE25055,9,expanded_pam50,logloss,-0.0032307216878303237,185
GSE25055,10,expanded,auc,0.01679880647911338,174
GSE25055,10,expanded,ap,0.06294212048095674,174
GSE25055,10,expanded,brier,-0.002008928156619326,174
GSE25055,10,expanded,logloss,-0.005321326631744799,174
GSE25055,10,expanded_pam50,auc,0.017323103154305197,174
GSE25055,10,expanded_pam50,ap,0.06654738900520679,174
GSE25055,10,expanded_pam50,brier,-0.0029214031647085636,174
GSE25055,10,expanded_pam50,logloss,-0.0073245673667846675,174
GSE25055,11,expanded,auc,0.05213607594936709,191
GSE25055,11,expanded,ap,0.15328295489494384,191
GSE25055,11,expanded,brier,-0.017557559157912128,191
GSE25055,11,expanded,logloss,-0.04530772744733329,191
GSE25055,11,expanded_pam50,auc,0.043367616033755274,191
GSE25055,11,expanded_pam50,ap,0.16087559700728216,191
GSE25055,11,expanded_pam50,brier,-0.017153245900342076,191
GSE25055,11,expanded_pam50,logloss,-0.037740207092408815,191
GSE25055,12,expanded,auc,0.04856296427308101,193
GSE25055,12,expanded,ap,0.13039533371065196,193
GSE25055,12,expanded,brier,-0.011125764411588763,193
GSE25055,12,expanded,logloss,-0.030125866412062403,193
GSE25055,12,expanded_pam50,auc,0.03857003891050583,193
GSE25055,12,expanded_pam50,ap,0.12004146824072585,193
GSE25055,12,expanded_pam50,brier,-0.00940949382053036,193
GSE25055,12,expanded_pam50,logloss,-0.023030456535898792,193
GSE25055,13,expanded,auc,0.03116862745098038,193
GSE25055,13,expanded,ap,0.06930952083862829,193
GSE25055,13,expanded,brier,-0.004806185747314504,193
GSE25055,13,expanded,logloss,-0.007294368427660664,193
GSE25055,13,expanded_pam50,auc,0.015270588235294102,193
GSE25055,13,expanded_pam50,ap,0.057875962954680185,193
GSE25055,13,expanded_pam50,brier,-0.001953903770545054,193
GSE25055,13,expanded_pam50,logloss,-0.0010524437394072827,193
GSE25055,14,expanded,auc,0.027099087353324648,187
GSE25055,14,expanded,ap,0.08011637679128678,187
GSE25055,14,expanded,brier,-0.0065666842557984524,187
GSE25055,14,expanded,logloss,-0.01598363949919302,187
GSE25055,14,expanded_pam50,auc,0.015306388526727532,187
GSE25055,14,expanded_pam50,ap,0.065610818543584,187
GSE25055,14,expanded_pam50,brier,-0.003108989952626595,187
GSE25055,14,expanded_pam50,logloss,-0.006728729263961508,187
GSE25055,15,expanded,auc,0.03238899005462951,188
GSE25055,15,expanded,ap,0.0839553498995784,188
GSE25055,15,expanded,brier,-0.010106873262848051,188
GSE25055,15,expanded,logloss,-0.020275102544535562,188
GSE25055,15,expanded_pam50,auc,0.034444600084045394,188
GSE25055,15,expanded_pam50,ap,0.08283658039101763,188
GSE25055,15,expanded_pam50,brier,-0.009724615540353837,188
GSE25055,15,expanded_pam50,logloss,-0.019482615368692658,188
GSE25055,16,expanded,auc,0.0253163646821973,186
GSE25055,16,expanded,ap,0.08644158630526191,186
GSE25055,16,expanded,brier,-0.005273588323730286,186
GSE25055,16,expanded,logloss,-0.009731578782737638,186
GSE25055,16,expanded_pam50,auc,0.021778832326718445,186
GSE25055,16,expanded_pam50,ap,0.06844038556733438,186
GSE25055,16,expanded_pam50,brier,-0.004477307347831744,186
GSE25055,16,expanded_pam50,logloss,-0.007504217892406973,186
GSE25055,17,expanded,auc,0.043893499308437035,199
GSE25055,17,expanded,ap,0.08958931916869976,199
GSE25055,17,expanded,brier,-0.006771949295286675,199
GSE25055,17,expanded,logloss,-0.023466157863397574,199
GSE25055,17,expanded_pam50,auc,0.03450899031811897,199
GSE25055,17,expanded_pam50,ap,0.07548907171313314,199
GSE25055,17,expanded_pam50,brier,-0.0067957563788872246,199
GSE25055,17,expanded_pam50,logloss,-0.017748061171109338,199
GSE25055,18,expanded,auc,0.07556851311953353,193
GSE25055,18,expanded,ap,0.2000926187218292,193
GSE25055,18,expanded,brier,-0.02027121445722236,193
GSE25055,18,expanded,logloss,-0.052918650396217536,193
GSE25055,18,expanded_pam50,auc,0.08261661807580176,193
GSE25055,18,expanded_pam50,ap,0.19536974921204947,193
GSE25055,18,expanded_pam50,brier,-0.022565654211236373,193
GSE25055,18,expanded_pam50,logloss,-0.05678190796524668,193
GSE25055,19,expanded,auc,0.03231205290862464,190
GSE25055,19,expanded,ap,0.11662632354065532,190
GSE25055,19,expanded,brier,-0.009136928668220863,190
GSE25055,19,expanded,logloss,-0.012149791819713878,190
GSE25055,19,expanded_pam50,auc,0.017856660817924162,190
GSE25055,19,expanded_pam50,ap,0.08526891467205097,190
GSE25055,19,expanded_pam50,brier,-0.005905542034341915,190
GSE25055,19,expanded_pam50,logloss,-0.006598244707701923,190
GSE25055,20,expanded,auc,0.015765306122448974,193
GSE25055,20,expanded,ap,0.05475137888848974,193
GSE25055,20,expanded,brier,-0.00147798363486491,193
GSE25055,20,expanded,logloss,-0.0014878000009191817,193
GSE25055,20,expanded_pam50,auc,0.006512390670553925,193
GSE25055,20,expanded_pam50,ap,0.03284946330589371,193
GSE25055,20,expanded_pam50,brier,0.0007703912475478635,193
GSE25055,20,expanded_pam50,logloss,0.005431018279305621,193
GSE25055,21,expanded,auc,0.015644955300127737,198
GSE25055,21,expanded,ap,0.03302833363884651,198
GSE25055,21,expanded,brier,-0.004323715171242107,198
GSE25055,21,expanded,logloss,-0.00785606815872995,198
GSE25055,21,expanded_pam50,auc,0.004682843763303535,198
GSE25055,21,expanded_pam50,ap,0.031940087549167925,198
GSE25055,21,expanded_pam50,brier,-0.0021884442377096665,198
GSE25055,21,expanded_pam50,logloss,-0.0019144495983891396,198
GSE25055,22,expanded,auc,0.05286885245901639,189
GSE25055,22,expanded,ap,0.13815039535075885,189
GSE25055,22,expanded,brier,-0.01744981869689776,189
GSE25055,22,expanded,logloss,-0.04544968814551431,189
GSE25055,22,expanded_pam50,auc,0.04012798389416163,189
GSE25055,22,expanded_pam50,ap,0.1081531912930757,189
GSE25055,22,expanded_pam50,brier,-0.013277671504390581,189
GSE25055,22,expanded_pam50,logloss,-0.032893938412226174,189
GSE25055,23,expanded,auc,0.03589061345158907,192
GSE25055,23,expanded,ap,0.0332984756704797,192
GSE25055,23,expanded,brier,-0.0023877728009815856,192
GSE25055,23,expanded,logloss,-0.020349487845876275,192
GSE25055,23,expanded_pam50,auc,0.022830746489283082,192
GSE25055,23,expanded_pam50,ap,0.02975404958113349,192
GSE25055,23,expanded_pam50,brier,-0.0018501910661490816,192
GSE25055,23,expanded_pam50,logloss,-0.01229716065448166,192
GSE25055,24,expanded,auc,0.05666205168776371,190
GSE25055,24,expanded,ap,0.11248059836494322,190
GSE25055,24,expanded,brier,-0.01719901059975641,190
GSE25055,24,expanded,logloss,-0.050610171668800365,190
GSE25055,24,expanded_pam50,auc,0.05576542721518988,190
GSE25055,24,expanded_pam50,ap,0.11005656630539598,190
GSE25055,24,expanded_pam50,brier,-0.015472894530993505,190
GSE25055,24,expanded_pam50,logloss,-0.048886748137420125,190
GSE25055,25,expanded,auc,0.030858684117438983,200
GSE25055,25,expanded,ap,0.15311304352910812,200
GSE25055,25,expanded,brier,-0.00815085433944393,200
GSE25055,25,expanded,logloss,-0.019905282249548645,200
GSE25055,25,expanded_pam50,auc,0.032313406437920064,200
GSE25055,25,expanded_pam50,ap,0.14204969504344822,200
GSE25055,25,expanded_pam50,brier,-0.0075859518984523495,200
GSE25055,25,expanded_pam50,logloss,-0.01896485510651113,200
GSE25055,26,expanded,auc,0.05922850158182341,178
GSE25055,26,expanded,ap,0.13710099126400563,178
GSE25055,26,expanded,brier,-0.01605025083846253,178
GSE25055,26,expanded,logloss,-0.046916633478066974,178
GSE25055,26,expanded_pam50,auc,0.05001438021282715,178
GSE25055,26,expanded_pam50,ap,0.1191866661548491,178
GSE25055,26,expanded_pam50,brier,-0.014148100922375529,178
GSE25055,26,expanded_pam50,logloss,-0.04036736430958384,178
GSE25055,27,expanded,auc,0.026215127983894193,191
GSE25055,27,expanded,ap,0.13751632178326062,191
GSE25055,27,expanded,brier,-0.009375470821877775,191
GSE25055,27,expanded,logloss,-0.02220652049179072,191
GSE25055,27,expanded_pam50,auc,0.02446074201898184,191
GSE25055,27,expanded_pam50,ap,0.12854369109817534,191
GSE25055,27,expanded_pam50,brier,-0.00908213212824419,191
GSE25055,27,expanded_pam50,logloss,-0.022174793199021315,191
GSE25055,28,expanded,auc,-0.007387152777777772,186
GSE25055,28,expanded,ap,0.003761559077765478,186
GSE25055,28,expanded,brier,0.0015061767614154703,186
GSE25055,28,expanded,logloss,0.0015733292020744416,186
GSE25055,28,expanded_pam50,auc,-0.010720486111111139,186
GSE25055,28,expanded_pam50,ap,-0.007929852720939295,186
GSE25055,28,expanded_pam50,brier,0.0027868706353927643,186
GSE25055,28,expanded_pam50,logloss,0.005260753168439098,186
GSE25055,29,expanded,auc,-0.00016494227020544817,191
GSE25055,29,expanded,ap,0.015571395264433347,191
GSE25055,29,expanded,brier,0.0004696920437706309,191
GSE25055,29,expanded,logloss,-0.0003692916654177314,191
GSE25055,29,expanded_pam50,auc,-0.003043934622881983,191
GSE25055,29,expanded_pam50,ap,0.009565046006954315,191
GSE25055,29,expanded_pam50,brier,0.0012535623876264528,191
GSE25055,29,expanded_pam50,logloss,0.001967065394804851,191
GSE25055,30,expanded,auc,0.012938508736828025,195
GSE25055,30,expanded,ap,0.057789483174186286,195
GSE25055,30,expanded,brier,-0.0041245377906566575,195
GSE25055,30,expanded,logloss,-0.008166096895887737,195
GSE25055,30,expanded_pam50,auc,0.0037881819394424586,195
GSE25055,30,expanded_pam50,ap,0.038014109359427964,195
GSE25055,30,expanded_pam50,brier,-0.0006548658628330456,195
GSE25055,30,expanded_pam50,logloss,-0.0005894568106982467,195
GSE25055,31,expanded,auc,0.0016473243068987563,184
GSE25055,31,expanded,ap,0.026407706087377424,184
GSE25055,31,expanded,brier,-0.0007594448641955409,184
GSE25055,31,expanded,logloss,-0.003848646766091579,184
GSE25055,31,expanded_pam50,auc,-0.003774983881366856,184
GSE25055,31,expanded_pam50,ap,0.006406982294524488,184
GSE25055,31,expanded_pam50,brier,0.002045294027613731,184
GSE25055,31,expanded_pam50,logloss,0.0034654948367079607,184
GSE25055,32,expanded,auc,0.026103306371505607,184
GSE25055,32,expanded,ap,0.07200137739570914,184
GSE25055,32,expanded,brier,-0.008108568827698096,184
GSE25055,32,expanded,logloss,-0.016837161391572812,184
GSE25055,32,expanded_pam50,auc,0.020803178657584777,184
GSE25055,32,expanded_pam50,ap,0.07656271016662256,184
GSE25055,32,expanded_pam50,brier,-0.008305099284456857,184
GSE25055,32,expanded_pam50,logloss,-0.015608055244973457,184
GSE25055,33,expanded,auc,0.012672924901185777,183
GSE25055,33,expanded,ap,0.07779294517204877,183
GSE25055,33,expanded,brier,-0.0037677941456415024,183
GSE25055,33,expanded,logloss,-0.013268154243981995,183
GSE25055,33,expanded_pam50,auc,0.019515810276679847,183
GSE25055,33,expanded_pam50,ap,0.08902556251970921,183
GSE25055,33,expanded_pam50,brier,-0.004916557161555898,183
GSE25055,33,expanded_pam50,logloss,-0.016259097043990263,183
GSE25055,34,expanded,auc,0.0020586297760210926,187
GSE25055,34,expanded,ap,0.05935552685758812,187
GSE25055,34,expanded,brier,-0.003148079181729377,187
GSE25055,34,expanded,logloss,-0.0010707814216178058,187
GSE25055,34,expanded_pam50,auc,0.006332345191040867,187
GSE25055,34,expanded_pam50,ap,0.045442899099780554,187
GSE25055,34,expanded_pam50,brier,-0.0014284229176696167,187
GSE25055,34,expanded_pam50,logloss,0.003133079218312229,187
GSE25055,35,expanded,auc,0.009556203433754462,187
GSE25055,35,expanded,ap,0.05626271264176439,187
GSE25055,35,expanded,brier,-0.0020040921717117814,187
GSE25055,35,expanded,logloss,-0.005507338931849182,187
GSE25055,35,expanded_pam50,auc,0.0025591188856494917,187
GSE25055,35,expanded_pam50,ap,0.04730607334590666,187
GSE25055,35,expanded_pam50,brier,-0.0008650203844396354,187
GSE25055,35,expanded_pam50,logloss,-0.00265002848757645,187
GSE25055,36,expanded,auc,0.04296789617486339,189
GSE25055,36,expanded,ap,0.1190617488280941,189
GSE25055,36,expanded,brier,-0.015485959418460576,189
GSE25055,36,expanded,logloss,-0.04341483849678748,189
GSE25055,36,expanded_pam50,auc,0.046711065573770486,189
GSE25055,36,expanded_pam50,ap,0.12587527837785384,189
GSE25055,36,expanded_pam50,brier,-0.01647686255951617,189
GSE25055,36,expanded_pam50,logloss,-0.04359196904741445,189
GSE25055,37,expanded,auc,0.08380705394190871,188
GSE25055,37,expanded,ap,0.10428710795088232,188
GSE25055,37,expanded,brier,-0.013490526910267772,188
GSE25055,37,expanded,logloss,-0.03952055414897985,188
GSE25055,37,expanded_pam50,auc,0.06266597510373441,188
GSE25055,37,expanded_pam50,ap,0.08394379106667901,188
GSE25055,37,expanded_pam50,brier,-0.009127886691598594,188
GSE25055,37,expanded_pam50,logloss,-0.026363096095862938,188
GSE25055,38,expanded,auc,0.012292464878671782,200
GSE25055,38,expanded,ap,0.04468206404130465,200
GSE25055,38,expanded,brier,-0.003894137005890197,200
GSE25055,38,expanded,logloss,-0.008277043660138017,200
GSE25055,38,expanded_pam50,auc,0.011121753937845901,200
GSE25055,38,expanded_pam50,ap,0.031464624336761636,200
GSE25055,38,expanded_pam50,brier,-0.003436796347799226,200
GSE25055,38,expanded_pam50,logloss,-0.007199343110595896,200
GSE25055,39,expanded,auc,0.08741176470588234,184
GSE25055,39,expanded,ap,0.14427644992689265,184
GSE25055,39,expanded,brier,-0.013957077593149935,184
GSE25055,39,expanded,logloss,-0.03599889583068174,184
GSE25055,39,expanded_pam50,auc,0.07113725490196081,184
GSE25055,39,expanded_pam50,ap,0.1126723486958737,184
GSE25055,39,expanded_pam50,brier,-0.010622842610753956,184
GSE25055,39,expanded_pam50,logloss,-0.027932249271801473,184
GSE25055,40,expanded,auc,0.037998188405797106,193
GSE25055,40,expanded,ap,0.10419933047352452,193
GSE25055,40,expanded,brier,-0.009596892406569042,193
GSE25055,40,expanded,logloss,-0.019306555147506028,193
GSE25055,40,expanded_pam50,auc,0.02399950592885376,193
GSE25055,40,expanded_pam50,ap,0.09157812039992613,193
GSE25055,40,expanded_pam50,brier,-0.007186120706875118,193
GSE25055,40,expanded_pam50,logloss,-0.011039461970672921,193
GSE25055,41,expanded,auc,0.018742120745202418,193
GSE25055,41,expanded,ap,0.047595688852190725,193
GSE25055,41,expanded,brier,-0.003551538552772171,193
GSE25055,41,expanded,logloss,-0.0023247172849224394,193
GSE25055,41,expanded_pam50,auc,0.02148760330578514,193
GSE25055,41,expanded_pam50,ap,0.052610687836398606,193
GSE25055,41,expanded_pam50,brier,-0.0035743906381713346,193
GSE25055,41,expanded_pam50,logloss,-0.00244402322676609,193
GSE25055,42,expanded,auc,0.03493834409864942,190
GSE25055,42,expanded,ap,0.035073179921240115,190
GSE25055,42,expanded,brier,-0.0008680755036308566,190
GSE25055,42,expanded,logloss,-0.013761505259837747,190
GSE25055,42,expanded_pam50,auc,0.024809160305343535,190
GSE25055,42,expanded_pam50,ap,0.024939179962138423,190
GSE25055,42,expanded_pam50,brier,0.0003436065736891966,190
GSE25055,42,expanded_pam50,logloss,-0.006908615411111874,190
GSE25055,43,expanded,auc,0.004433077578857625,195
GSE25055,43,expanded,ap,0.025487683104564285,195
GSE25055,43,expanded,brier,-0.002023182585549717,195
GSE25055,43,expanded,logloss,-0.0060012701038525355,195
GSE25055,43,expanded_pam50,auc,0.0019607843137255275,195
GSE25055,43,expanded_pam50,ap,0.02568006711072468,195
GSE25055,43,expanded_pam50,brier,-0.0016363873325410325,195
GSE25055,43,expanded_pam50,logloss,-0.0042458615909258205,195
GSE25055,44,expanded,auc,0.051457800511508965,183
GSE25055,44,expanded,ap,0.060729692252943376,183
GSE25055,44,expanded,brier,-0.0031632245635157207,183
GSE25055,44,expanded,logloss,-0.012941169400006947,183
GSE25055,44,expanded_pam50,auc,0.039488491048593366,183
GSE25055,44,expanded_pam50,ap,0.053949711951511194,183
GSE25055,44,expanded_pam50,brier,-0.0017105977897499958,183
GSE25055,44,expanded_pam50,logloss,-0.0069487390757204505,183
GSE25055,45,expanded,auc,0.026442186316586715,183
GSE25055,45,expanded,ap,0.07326487048039985,183
GSE25055,45,expanded,brier,-0.00791974646465023,183
GSE25055,45,expanded,logloss,-0.02831717246466453,183
GSE25055,45,expanded_pam50,auc,0.021695910123706152,183
GSE25055,45,expanded_pam50,ap,0.06622213028695476,183
GSE25055,45,expanded_pam50,brier,-0.00594309059617264,183
GSE25055,45,expanded_pam50,logloss,-0.020759776399824275,183
GSE25055,46,expanded,auc,0.009475703324808172,190
GSE25055,46,expanded,ap,0.07309088707935252,190
GSE25055,46,expanded,brier,-0.005781601508973981,190
GSE25055,46,expanded,logloss,-0.00783866683830623,190
GSE25055,46,expanded_pam50,auc,0.013077578857630012,190
GSE25055,46,expanded_pam50,ap,0.09169690149832707,190
GSE25055,46,expanded_pam50,brier,-0.006230547108837673,190
GSE25055,46,expanded_pam50,logloss,-0.008456066847093763,190
GSE25055,47,expanded,auc,0.08837659996394448,195
GSE25055,47,expanded,ap,0.14854057043117228,195
GSE25055,47,expanded,brier,-0.014875431243454185,195
GSE25055,47,expanded,logloss,-0.03953977929840372,195
GSE25055,47,expanded_pam50,auc,0.07149810708491075,195
GSE25055,47,expanded_pam50,ap,0.1502316110259449,195
GSE25055,47,expanded_pam50,brier,-0.01422196369659941,195
GSE25055,47,expanded_pam50,logloss,-0.03349010672506707,195
GSE25055,48,expanded,auc,0.013899878271454658,187
GSE25055,48,expanded,ap,0.024312257019996095,187
GSE25055,48,expanded,brier,-0.00025450940181969415,187
GSE25055,48,expanded,logloss,-0.005172954503498745,187
GSE25055,48,expanded_pam50,auc,0.011891357273280579,187
GSE25055,48,expanded_pam50,ap,0.02477112319376492,187
GSE25055,48,expanded_pam50,brier,0.0006069956668085574,187
GSE25055,48,expanded_pam50,logloss,-0.0014129932902046006,187
GSE25055,49,expanded,auc,0.015869565217391312,198
GSE25055,49,expanded,ap,0.022146541279498288,198
GSE25055,49,expanded,brier,0.0002704085155308997,198
GSE25055,49,expanded,logloss,-0.004966243771828638,198
GSE25055,49,expanded_pam50,auc,0.01476555839727195,198
GSE25055,49,expanded_pam50,ap,0.02143774039404849,198
GSE25055,49,expanded_pam50,brier,0.0005285861526351896,198
GSE25055,49,expanded_pam50,logloss,-0.002829390381435515,198
GSE25055,50,expanded,auc,0.020092752372735112,186
GSE25055,50,expanded,ap,0.042547322981610285,186
GSE25055,50,expanded,brier,-0.004189837078714785,186
GSE25055,50,expanded,logloss,-0.013469485385573082,186
GSE25055,50,expanded_pam50,auc,0.016684641932700604,186
GSE25055,50,expanded_pam50,ap,0.04107163038395701,186
GSE25055,50,expanded_pam50,brier,-0.002508574275345568,186
GSE25055,50,expanded_pam50,logloss,-0.006800369063724654,186
GSE25055,51,expanded,auc,0.029132985658409372,190
GSE25055,51,expanded,ap,0.08913387424422553,190
GSE25055,51,expanded,brier,-0.009909628586237798,190
GSE25055,51,expanded,logloss,-0.02767105147165506,190
GSE25055,51,expanded_pam50,auc,0.023839634941329856,190
GSE25055,51,expanded_pam50,ap,0.08439998477890678,190
GSE25055,51,expanded_pam50,brier,-0.007817623089760722,190
GSE25055,51,expanded_pam50,logloss,-0.022294584058427498,190
GSE25055,52,expanded,auc,0.026863796280784037,190
GSE25055,52,expanded,ap,0.07177022362907322,190
GSE25055,52,expanded,brier,-0.005570622012153243,190
GSE25055,52,expanded,logloss,-0.012557028092036893,190
GSE25055,52,expanded_pam50,auc,0.030113921929971487,190
GSE25055,52,expanded_pam50,ap,0.061693100700712475,190
GSE25055,52,expanded_pam50,brier,-0.005275198107199455,190
GSE25055,52,expanded_pam50,logloss,-0.013968518909252442,190
GSE25055,53,expanded,auc,0.06309218518018625,187
GSE25055,53,expanded,ap,0.09807922900926,187
GSE25055,53,expanded,brier,-0.010562029218508096,187
GSE25055,53,expanded,logloss,-0.028614199841481884,187
GSE25055,53,expanded_pam50,auc,0.06435416385477123,187
GSE25055,53,expanded_pam50,ap,0.10175642908808828,187
GSE25055,53,expanded_pam50,brier,-0.012606196964163282,187
GSE25055,53,expanded_pam50,logloss,-0.029605975212927765,187
GSE25055,54,expanded,auc,0.02230320699708451,186
GSE25055,54,expanded,ap,0.03590145250909679,186
GSE25055,54,expanded,brier,0.0012722247156165267,186
GSE25055,54,expanded,logloss,-0.0013725631302059227,186
GSE25055,54,expanded_pam50,auc,0.012164723032069969,186
GSE25055,54,expanded_pam50,ap,0.03818632599550381,186
GSE25055,54,expanded_pam50,brier,0.0014958700889093125,186
GSE25055,54,expanded_pam50,logloss,0.0014198735655134964,186
GSE25055,55,expanded,auc,0.02075570808236451,186
GSE25055,55,expanded,ap,0.10195455674784903,186
GSE25055,55,expanded,brier,-0.008775281838932952,186
GSE25055,55,expanded,logloss,-0.01846480493940415,186
GSE25055,55,expanded_pam50,auc,0.0200168090769015,186
GSE25055,55,expanded_pam50,ap,0.09001839439138591,186
GSE25055,55,expanded_pam50,brier,-0.007813639605556515,186
GSE25055,55,expanded_pam50,logloss,-0.016224918395670723,186
GSE25055,56,expanded,auc,0.019679300291545198,190
GSE25055,56,expanded,ap,0.02385478383136087,190
GSE25055,56,expanded,brier,-0.0005186717970301069,190
GSE25055,56,expanded,logloss,-0.002850594769070891,190
GSE25055,56,expanded_pam50,auc,0.01390670553935861,190
GSE25055,56,expanded_pam50,ap,0.019065951599996418,190
GSE25055,56,expanded_pam50,brier,0.001025752586485057,190
GSE25055,56,expanded_pam50,logloss,0.0001311394238456276,190
GSE25055,57,expanded,auc,-0.0009172390685207032,191
GSE25055,57,expanded,ap,0.016709211990247785,191
GSE25055,57,expanded,brier,-0.0009369866096663445,191
GSE25055,57,expanded,logloss,-0.0010382886059432384,191
GSE25055,57,expanded_pam50,auc,-0.0031998659742000224,191
GSE25055,57,expanded_pam50,ap,0.012533674836723508,191
GSE25055,57,expanded_pam50,brier,-0.00047539297279814845,191
GSE25055,57,expanded_pam50,logloss,0.002149208709134548,191
GSE25055,58,expanded,auc,0.06305986696230599,192
GSE25055,58,expanded,ap,0.07939607364549409,192
GSE25055,58,expanded,brier,-0.010687196736647437,192
GSE25055,58,expanded,logloss,-0.03812943718437781,192
GSE25055,58,expanded_pam50,auc,0.068810051736881,192
GSE25055,58,expanded_pam50,ap,0.0915555801707741,192
GSE25055,58,expanded_pam50,brier,-0.014103944506938467,192
GSE25055,58,expanded_pam50,logloss,-0.044928065272969324,192
GSE25055,59,expanded,auc,-0.005120262390670549,199
GSE25055,59,expanded,ap,0.01922208062303869,199
GSE25055,59,expanded,brier,0.001147147344604854,199
GSE25055,59,expanded,logloss,0.005131306559899218,199
GSE25055,59,expanded_pam50,auc,-0.005327988338192402,199
GSE25055,59,expanded_pam50,ap,0.019183495491174714,199
GSE25055,59,expanded_pam50,brier,0.0010438075655304496,199
GSE25055,59,expanded_pam50,logloss,0.006374857693402148,199
GSE25055,60,expanded,auc,0.02154000617856039,191
GSE25055,60,expanded,ap,0.07497959332385776,191
GSE25055,60,expanded,brier,-0.003259800948063438,191
GSE25055,60,expanded,logloss,-0.006411715281500618,191
GSE25055,60,expanded_pam50,auc,0.007259808464627759,191
GSE25055,60,expanded_pam50,ap,0.04043664345904574,191
GSE25055,60,expanded_pam50,brier,0.00015085503621142387,191
GSE25055,60,expanded_pam50,logloss,0.0022321972255060717,191
GSE25055,61,expanded,auc,-0.00025933609958507243,186
GSE25055,61,expanded,ap,0.008824762871959796,186
GSE25055,61,expanded,brier,0.001039602488531932,186
GSE25055,61,expanded,logloss,0.003708729742861455,186
GSE25055,61,expanded_pam50,auc,-0.006234439834024908,186
GSE25055,61,expanded_pam50,ap,-0.003257440977753745,186
GSE25055,61,expanded_pam50,brier,0.001451785014017179,186
GSE25055,61,expanded_pam50,logloss,0.004934115150654977,186
GSE25055,62,expanded,auc,0.01932918395573997,192
GSE25055,62,expanded,ap,0.03297800476836613,192
GSE25055,62,expanded,brier,-0.004614471384654373,192
GSE25055,62,expanded,logloss,-0.01599170437237884,192
GSE25055,62,expanded_pam50,auc,0.01650414937759337,192
GSE25055,62,expanded_pam50,ap,0.0342417307554279,192
GSE25055,62,expanded_pam50,brier,-0.0035694722713777325,192
GSE25055,62,expanded_pam50,logloss,-0.011919316515942403,192
GSE25055,63,expanded,auc,0.022679806362378974,187
GSE25055,63,expanded,ap,0.04454925832399691,187
GSE25055,63,expanded,brier,-0.0018628987542866405,187
GSE25055,63,expanded,logloss,-0.004845467652808189,187
GSE25055,63,expanded_pam50,auc,0.018630705394190906,187
GSE25055,63,expanded_pam50,ap,0.03713466621184987,187
GSE25055,63,expanded_pam50,brier,-0.0018403988992432563,187
GSE25055,63,expanded_pam50,logloss,-0.003699626015450136,187
GSE25055,64,expanded,auc,0.001582471089470483,191
GSE25055,64,expanded,ap,0.01010768681174773,191
GSE25055,64,expanded,brier,0.000155258913306619,191
GSE25055,64,expanded,logloss,0.003011299442868376,191
GSE25055,64,expanded_pam50,auc,-0.005044126597687171,191
GSE25055,64,expanded_pam50,ap,-0.0040915633613535065,191
GSE25055,64,expanded_pam50,brier,0.0016202854776633802,191
GSE25055,64,expanded_pam50,logloss,0.006061740485621192,191
GSE25055,65,expanded,auc,0.024193989071038223,199
GSE25055,65,expanded,ap,0.02685501579495409,199
GSE25055,65,expanded,brier,-0.0014710933090937878,199
GSE25055,65,expanded,logloss,-0.005084950632986629,199
GSE25055,65,expanded_pam50,auc,0.011919398907103806,199
GSE25055,65,expanded_pam50,ap,0.016565669691663953,199
GSE25055,65,expanded_pam50,brier,0.001493063073723286,199
GSE25055,65,expanded_pam50,logloss,0.0032573370906154807,199
GSE25055,66,expanded,auc,0.02887275242047026,193
GSE25055,66,expanded,ap,0.10590340532777635,193
GSE25055,66,expanded,brier,-0.01137190596765515,193
GSE25055,66,expanded,logloss,-0.021025557444403136,193
GSE25055,66,expanded_pam50,auc,0.03141424619640386,193
GSE25055,66,expanded_pam50,ap,0.1151466842849063,193
GSE25055,66,expanded_pam50,brier,-0.011249440132578151,193
GSE25055,66,expanded_pam50,logloss,-0.02050958587862738,193
GSE25055,67,expanded,auc,0.019183359013867484,180
GSE25055,67,expanded,ap,0.03616219629399644,180
GSE25055,67,expanded,brier,-0.004462106934861548,180
GSE25055,67,expanded,logloss,-0.009716439953691957,180
GSE25055,67,expanded_pam50,auc,0.017341364336741837,180
GSE25055,67,expanded_pam50,ap,0.025321555372708398,180
GSE25055,67,expanded_pam50,brier,-0.004214736098402455,180
GSE25055,67,expanded_pam50,logloss,-0.006523545095562,180
GSE25055,68,expanded,auc,0.03609374999999998,186
GSE25055,68,expanded,ap,0.047112412956597544,186
GSE25055,68,expanded,brier,-0.0020514285486955995,186
GSE25055,68,expanded,logloss,-0.018085251127283077,186
GSE25055,68,expanded_pam50,auc,0.03408854166666666,186
GSE25055,68,expanded_pam50,ap,0.04714161423122673,186
GSE25055,68,expanded_pam50,brier,-0.002164584965290117,186
GSE25055,68,expanded_pam50,logloss,-0.018296268429386458,186
GSE25055,69,expanded,auc,0.01069105691056912,190
GSE25055,69,expanded,ap,0.010511652406688748,190
GSE25055,69,expanded,brier,-0.0006731881088955144,190
GSE25055,69,expanded,logloss,-0.002638318018777558,190
GSE25055,69,expanded_pam50,auc,0.003961566888396151,190
GSE25055,69,expanded_pam50,ap,0.002151053087640248,190
GSE25055,69,expanded_pam50,brier,0.0012487080444426423,190
GSE25055,69,expanded_pam50,logloss,0.0021229505839580943,190
GSE25055,70,expanded,auc,0.01550588235294118,199
GSE25055,70,expanded,ap,0.026675014891100544,199
GSE25055,70,expanded,brier,-0.0018265891277592095,199
GSE25055,70,expanded,logloss,-0.0028650371152264932,199
GSE25055,70,expanded_pam50,auc,0.007631372549019621,199
GSE25055,70,expanded_pam50,ap,0.008800576460299936,199
GSE25055,70,expanded_pam50,brier,0.0009102631781390924,199
GSE25055,70,expanded_pam50,logloss,0.004240724954226077,199
GSE25055,71,expanded,auc,0.0065861374748346305,188
GSE25055,71,expanded,ap,0.043379316903315646,188
GSE25055,71,expanded,brier,-0.0008159798120977113,188
GSE25055,71,expanded,logloss,-0.0012651392253513305,188
GSE25055,71,expanded_pam50,auc,0.002638769053781964,188
GSE25055,71,expanded_pam50,ap,0.040680663904363486,188
GSE25055,71,expanded_pam50,brier,0.0004249224371706703,188
GSE25055,71,expanded_pam50,logloss,0.0019382390540777228,188
GSE25055,72,expanded,auc,0.03064139941690962,192
GSE25055,72,expanded,ap,0.07261914692165199,192
GSE25055,72,expanded,brier,-0.006333031146893766,192
GSE25055,72,expanded,logloss,-0.016088442594723855,192
GSE25055,72,expanded_pam50,auc,0.0210204081632653,192
GSE25055,72,expanded_pam50,ap,0.05406040397213654,192
GSE25055,72,expanded_pam50,brier,-0.0036663743488244928,192
GSE25055,72,expanded_pam50,logloss,-0.009453605659853221,192
GSE25055,73,expanded,auc,0.05694775178596443,187
GSE25055,73,expanded,ap,0.07691545498639205,187
GSE25055,73,expanded,brier,-0.004982893062591057,187
GSE25055,73,expanded,logloss,-0.02261297128602685,187
GSE25055,73,expanded_pam50,auc,0.07031797170472057,187
GSE25055,73,expanded_pam50,ap,0.09276573420649632,187
GSE25055,73,expanded_pam50,brier,-0.009142110120242727,187
GSE25055,73,expanded_pam50,logloss,-0.03302603413083828,187
GSE25055,74,expanded,auc,0.038378465506125094,194
GSE25055,74,expanded,ap,0.11759195594040554,194
GSE25055,74,expanded,brier,-0.011534965006824337,194
GSE25055,74,expanded,logloss,-0.02516212245181319,194
GSE25055,74,expanded_pam50,auc,0.032798194713088334,194
GSE25055,74,expanded_pam50,ap,0.09961562348058624,194
GSE25055,74,expanded_pam50,brier,-0.008685002858992808,194
GSE25055,74,expanded_pam50,logloss,-0.01646465339695591,194
GSE25055,75,expanded,auc,0.0015705838876570511,195
GSE25055,75,expanded,ap,0.03933749610239577,195
GSE25055,75,expanded,brier,-0.000844916906153731,195
GSE25055,75,expanded,logloss,-0.0013568970030578664,195
GSE25055,75,expanded_pam50,auc,-0.005421286031042116,195
GSE25055,75,expanded_pam50,ap,0.025389663271185192,195
GSE25055,75,expanded_pam50,brier,0.0005623147656575039,195
GSE25055,75,expanded_pam50,logloss,0.003937965352443162,195
GSE25055,76,expanded,auc,-0.008670948616600805,193
GSE25055,76,expanded,ap,-0.004247541844369507,193
GSE25055,76,expanded,brier,0.0013765022335092871,193
GSE25055,76,expanded,logloss,0.005389223946650224,193
GSE25055,76,expanded_pam50,auc,-0.0057065217391304435,193
GSE25055,76,expanded_pam50,ap,0.008514698549782346,193
GSE25055,76,expanded_pam50,brier,0.0006473329399611982,193
GSE25055,76,expanded_pam50,logloss,0.0040964882653107436,193
GSE25055,77,expanded,auc,0.0020065835551197563,193
GSE25055,77,expanded,ap,0.041811063728173885,193
GSE25055,77,expanded,brier,-0.0006035447071653599,193
GSE25055,77,expanded,logloss,-0.0024347122383191477,193
GSE25055,77,expanded_pam50,auc,-0.0014077601905028714,193
GSE25055,77,expanded_pam50,ap,0.038064736788080464,193
GSE25055,77,expanded_pam50,brier,-7.447513568208247e-05,193
GSE25055,77,expanded_pam50,logloss,-0.0012808535868175318,193
GSE25055,78,expanded,auc,0.004553689064558631,194
GSE25055,78,expanded,ap,0.00043721977437298775,194
GSE25055,78,expanded,brier,0.000857891123933846,194
GSE25055,78,expanded,logloss,0.0019115193796515328,194
GSE25055,78,expanded_pam50,auc,-0.0047842555994729976,194
GSE25055,78,expanded_pam50,ap,-0.02051557734191751,194
GSE25055,78,expanded_pam50,brier,0.0020741565680989964,194
GSE25055,78,expanded_pam50,logloss,0.006298832195811216,194
GSE25055,79,expanded,auc,0.037682592818015816,191
GSE25055,79,expanded,ap,0.04329903584804853,191
GSE25055,79,expanded,brier,-0.005525695210558436,191
GSE25055,79,expanded,logloss,-0.02068395604952277,191
GSE25055,79,expanded_pam50,auc,0.015303560559951324,191
GSE25055,79,expanded_pam50,ap,0.019588562011497574,191
GSE25055,79,expanded_pam50,brier,-0.0013774904224648887,191
GSE25055,79,expanded_pam50,logloss,-0.006465709685894971,191
GSE25055,80,expanded,auc,0.03914804016844833,196
GSE25055,80,expanded,ap,0.09205148664969522,196
GSE25055,80,expanded,brier,-0.008575835192903164,196
GSE25055,80,expanded,logloss,-0.022186044503039775,196
GSE25055,80,expanded_pam50,auc,0.03228053126012307,196
GSE25055,80,expanded_pam50,ap,0.08141469347155103,196
GSE25055,80,expanded_pam50,brier,-0.007638814441951738,196
GSE25055,80,expanded_pam50,logloss,-0.01764569408061002,196
GSE25055,81,expanded,auc,-0.0011411764705882344,191
GSE25055,81,expanded,ap,0.008532003001154125,191
GSE25055,81,expanded,brier,-1.8817750849364766e-05,191
GSE25055,81,expanded,logloss,0.0021586614395727954,191
GSE25055,81,expanded_pam50,auc,-0.002792156862745121,191
GSE25055,81,expanded_pam50,ap,0.0030236538770928743,191
GSE25055,81,expanded_pam50,brier,0.00014520081173300254,191
GSE25055,81,expanded_pam50,logloss,0.003015571035795084,191
GSE25055,82,expanded,auc,0.014512471655328808,187
GSE25055,82,expanded,ap,0.13004942638822597,187
GSE25055,82,expanded,brier,-0.007144595722399669,187
GSE25055,82,expanded,logloss,-0.007376432671463767,187
GSE25055,82,expanded_pam50,auc,0.014965986394557807,187
GSE25055,82,expanded_pam50,ap,0.13317187345635736,187
GSE25055,82,expanded_pam50,brier,-0.00674335987090519,187
GSE25055,82,expanded_pam50,logloss,-0.004057610746773338,187
GSE25055,83,expanded,auc,0.04161862527716187,189
GSE25055,83,expanded,ap,0.08627687236285386,189
GSE25055,83,expanded,brier,-0.008037877771072979,189
GSE25055,83,expanded,logloss,-0.01984586792968011,189
GSE25055,83,expanded_pam50,auc,0.03999260901699928,189
GSE25055,83,expanded_pam50,ap,0.08082812168608884,189
GSE25055,83,expanded_pam50,brier,-0.006751877254712405,189
GSE25055,83,expanded_pam50,logloss,-0.016029663162355517,189
GSE25055,84,expanded,auc,0.0319199876428792,188
GSE25055,84,expanded,ap,0.08917263755680964,188
GSE25055,84,expanded,brier,-0.005174421065733514,188
GSE25055,84,expanded,logloss,-0.005498960434944156,188
GSE25055,84,expanded_pam50,auc,0.01938523324065493,188
GSE25055,84,expanded_pam50,ap,0.07479368156345059,188
GSE25055,84,expanded_pam50,brier,-0.0035706924304036852,188
GSE25055,84,expanded_pam50,logloss,-0.0012958399592455372,188
GSE25055,85,expanded,auc,0.013294648613797555,194
GSE25055,85,expanded,ap,0.07095822760696038,194
GSE25055,85,expanded,brier,-0.004492502204222532,194
GSE25055,85,expanded,logloss,-0.006075225572808629,194
GSE25055,85,expanded_pam50,auc,0.006879432624113469,194
GSE25055,85,expanded_pam50,ap,0.05596602185681989,194
GSE25055,85,expanded_pam50,brier,-0.0018113075494635672,194
GSE25055,85,expanded_pam50,logloss,0.0021179429632011415,194
GSE25055,86,expanded,auc,0.01629278113316076,181
GSE25055,86,expanded,ap,0.03425006117943968,181
GSE25055,86,expanded,brier,0.00014935295141309257,181
GSE25055,86,expanded,logloss,-0.0043863651383124645,181
GSE25055,86,expanded_pam50,auc,0.013675582398619513,181
GSE25055,86,expanded_pam50,ap,0.05053090663106759,181
GSE25055,86,expanded_pam50,brier,-0.0011788593375826688,181
GSE25055,86,expanded_pam50,logloss,-0.004797703765336225,181
GSE25055,87,expanded,auc,0.03431853200728392,195
GSE25055,87,expanded,ap,0.05166535901281895,195
GSE25055,87,expanded,brier,-0.00517278426189495,195
GSE25055,87,expanded,logloss,-0.025071472556163772,195
GSE25055,87,expanded_pam50,auc,0.026236167530466446,195
GSE25055,87,expanded_pam50,ap,0.04167963879916994,195
GSE25055,87,expanded_pam50,brier,-0.0032345170836768993,195
GSE25055,87,expanded_pam50,logloss,-0.016210212510788403,195
GSE25055,88,expanded,auc,-0.0005508474576271128,197
GSE25055,88,expanded,ap,0.020025186719386624,197
GSE25055,88,expanded,brier,0.0006393907406019056,197
GSE25055,88,expanded,logloss,0.001649775688030919,197
GSE25055,88,expanded_pam50,auc,-0.0048728813559321795,197
GSE25055,88,expanded_pam50,ap,0.012452832018542581,197
GSE25055,88,expanded_pam50,brier,0.0019753083339557886,197
GSE25055,88,expanded_pam50,logloss,0.00491652915228869,197
GSE25055,89,expanded,auc,0.0615530303030303,191
GSE25055,89,expanded,ap,0.10805686684321521,191
GSE25055,89,expanded,brier,-0.00739452322123887,191
GSE25055,89,expanded,logloss,-0.029284112573957216,191
GSE25055,89,expanded_pam50,auc,0.05340909090909089,191
GSE25055,89,expanded_pam50,ap,0.09943344647446167,191
GSE25055,89,expanded_pam50,brier,-0.0054141241633508305,191
GSE25055,89,expanded_pam50,logloss,-0.021898896432612742,191
GSE25055,90,expanded,auc,0.08104166666666665,194
GSE25055,90,expanded,ap,0.11950073444641829,194
GSE25055,90,expanded,brier,-0.014157892495552951,194
GSE25055,90,expanded,logloss,-0.03454534440390388,194
GSE25055,90,expanded_pam50,auc,0.0652170138888889,194
GSE25055,90,expanded_pam50,ap,0.09630066021823813,194
GSE25055,90,expanded_pam50,brier,-0.013090625385165838,194
GSE25055,90,expanded_pam50,logloss,-0.02834654285755942,194
GSE25055,91,expanded,auc,0.041824381926683696,181
GSE25055,91,expanded,ap,0.04622465330122883,181
GSE25055,91,expanded,brier,-0.0012812363279043628,181
GSE25055,91,expanded,logloss,-0.01551898570656246,181
GSE25055,91,expanded_pam50,auc,0.033231031543052,181
GSE25055,91,expanded_pam50,ap,0.040118290312260566,181
GSE25055,91,expanded_pam50,brier,-0.0003205067090208055,181
GSE25055,91,expanded_pam50,logloss,-0.010217800482812244,181
GSE25055,92,expanded,auc,0.03768930874194032,190
GSE25055,92,expanded,ap,0.03968072389701941,190
GSE25055,92,expanded,brier,-0.003338022738118657,190
GSE25055,92,expanded,logloss,-0.023341627396399667,190
GSE25055,92,expanded_pam50,auc,0.03568376068376068,190
GSE25055,92,expanded_pam50,ap,0.0332886498067671,190
GSE25055,92,expanded_pam50,brier,-0.0017841312114650592,190
GSE25055,92,expanded_pam50,logloss,-0.01719916579559702,190
GSE25055,93,expanded,auc,0.033212984208395205,201
GSE25055,93,expanded,ap,0.12943130699154337,201
GSE25055,93,expanded,brier,-0.013748761607405008,201
GSE25055,93,expanded,logloss,-0.03361670561666725,201
GSE25055,93,expanded_pam50,auc,0.0205425833445809,201
GSE25055,93,expanded_pam50,ap,0.10699619437413252,201
GSE25055,93,expanded_pam50,brier,-0.00858486247166355,201
GSE25055,93,expanded_pam50,logloss,-0.0208049840708767,201
GSE25055,94,expanded,auc,-0.0009004858435248897,184
GSE25055,94,expanded,ap,0.02617871723283466,184
GSE25055,94,expanded,brier,0.000357002307105006,184
GSE25055,94,expanded,logloss,0.0021671025821472624,184
GSE25055,94,expanded_pam50,auc,-0.008975540291506124,184
GSE25055,94,expanded_pam50,ap,0.004534681108690519,184
GSE25055,94,expanded_pam50,brier,0.002372964104807662,184
GSE25055,94,expanded_pam50,logloss,0.00734938172904494,184
GSE25055,95,expanded,auc,0.042973980523432764,189
GSE25055,95,expanded,ap,0.07102787721904943,189
GSE25055,95,expanded,brier,-0.008829069164190158,189
GSE25055,95,expanded,logloss,-0.018640949052585926,189
GSE25055,95,expanded_pam50,auc,0.03283627510651247,189
GSE25055,95,expanded_pam50,ap,0.0574483371033702,189
GSE25055,95,expanded_pam50,brier,-0.0064445338162208805,189
GSE25055,95,expanded_pam50,logloss,-0.010646016303760376,189
GSE25055,96,expanded,auc,0.06821395224756568,183
GSE25055,96,expanded,ap,0.1927381437378256,183
GSE25055,96,expanded,brier,-0.024428780670440197,183
GSE25055,96,expanded,logloss,-0.053770604495045574,183
GSE25055,96,expanded_pam50,auc,0.04842270241429904,183
GSE25055,96,expanded_pam50,ap,0.16482557874671558,183
GSE25055,96,expanded_pam50,brier,-0.017777023843294486,183
GSE25055,96,expanded_pam50,logloss,-0.03570038356043777,183
GSE25055,97,expanded,auc,0.0476527618318663,198
GSE25055,97,expanded,ap,0.11269728224709874,198
GSE25055,97,expanded,brier,-0.01733183857129516,198
GSE25055,97,expanded,logloss,-0.041738364271784595,198
GSE25055,97,expanded_pam50,auc,0.04571373899732108,198
GSE25055,97,expanded_pam50,ap,0.11299100614113419,198
GSE25055,97,expanded_pam50,brier,-0.017148394274259286,198
GSE25055,97,expanded_pam50,logloss,-0.039679879739763245,198
GSE25055,98,expanded,auc,0.03250532562385879,200
GSE25055,98,expanded,ap,0.09731359452198798,200
GSE25055,98,expanded,brier,-0.0057473021697687,200
GSE25055,98,expanded,logloss,-0.012332173601926616,200
GSE25055,98,expanded_pam50,auc,0.018757608034083984,200
GSE25055,98,expanded_pam50,ap,0.07254694087026567,200
GSE25055,98,expanded_pam50,brier,-0.0030771294820900906,200
GSE25055,98,expanded_pam50,logloss,-0.005446241900283482,200
GSE25055,99,expanded,auc,0.04803137254901961,183
GSE25055,99,expanded,ap,0.1252129847597741,183
GSE25055,99,expanded,brier,-0.012123552672675269,183
GSE25055,99,expanded,logloss,-0.03510163843202906,183
GSE25055,99,expanded_pam50,auc,0.048862745098039215,183
GSE25055,99,expanded_pam50,ap,0.13772616332619844,183
GSE25055,99,expanded_pam50,brier,-0.0127437179957857,183
GSE25055,99,expanded_pam50,logloss,-0.034311126086285774,183
GSE25055,100,expanded,auc,0.052387287509238746,181
GSE25055,100,expanded,ap,0.1456840249915826,181
GSE25055,100,expanded,brier,-0.01183528289981314,181
GSE25055,100,expanded,logloss,-0.03324308798974941,181
GSE25055,100,expanded_pam50,auc,0.037450110864745034,181
GSE25055,100,expanded_pam50,ap,0.12594651851229471,181
GSE25055,100,expanded_pam50,brier,-0.008242254238113438,181
GSE25055,100,expanded_pam50,logloss,-0.021938995946645834,181
GSE25055,101,expanded,auc,0.020059229269755584,194
GSE25055,101,expanded,ap,0.0641589913683776,194
GSE25055,101,expanded,brier,-0.003276858540144001,194
GSE25055,101,expanded,logloss,-0.009949901762154195,194
GSE25055,101,expanded_pam50,auc,0.015474583895636506,194
GSE25055,101,expanded_pam50,ap,0.05783998259302427,194
GSE25055,101,expanded_pam50,brier,-0.0027904492382011398,194
GSE25055,101,expanded_pam50,logloss,-0.00683807230223718,194
GSE25055,102,expanded,auc,0.012046936114732721,185
GSE25055,102,expanded,ap,0.010221185746308592,185
GSE25055,102,expanded,brier,-0.0006007091125038722,185
GSE25055,102,expanded,logloss,-0.0012442312609290463,185
GSE25055,102,expanded_pam50,auc,0.002079530638852678,185
GSE25055,102,expanded_pam50,ap,-0.006115258421589248,185
GSE25055,102,expanded_pam50,brier,0.0015973915247671278,185
GSE25055,102,expanded_pam50,logloss,0.003477945664937482,185
GSE25055,103,expanded,auc,0.013233646168931223,184
GSE25055,103,expanded,ap,0.06645062696122914,184
GSE25055,103,expanded,brier,-0.004634681595024584,184
GSE25055,103,expanded,logloss,-0.012152251884049763,184
GSE25055,103,expanded_pam50,auc,0.008390530886678804,184
GSE25055,103,expanded_pam50,ap,0.054473313286249735,184
GSE25055,103,expanded_pam50,brier,-0.0032675525774044645,184
GSE25055,103,expanded_pam50,logloss,-0.007931096946722827,184
GSE25055,104,expanded,auc,0.03947125527426158,193
GSE25055,104,expanded,ap,0.0661602632760175,193
GSE25055,104,expanded,brier,-0.012071995681739531,193
GSE25055,104,expanded,logloss,-0.021297230927738775,193
GSE25055,104,expanded_pam50,auc,0.0313884493670886,193
GSE25055,104,expanded_pam50,ap,0.0597419340477644,193
GSE25055,104,expanded_pam50,brier,-0.011849670653011743,193
GSE25055,104,expanded_pam50,logloss,-0.019924780612098923,193
GSE25055,105,expanded,auc,0.01838521400778209,191
GSE25055,105,expanded,ap,0.0520230980630015,191
GSE25055,105,expanded,brier,-0.0011182724961361218,191
GSE25055,105,expanded,logloss,-0.0024202605935274347,191
GSE25055,105,expanded_pam50,auc,0.011381322957198448,191
GSE25055,105,expanded_pam50,ap,0.04300987312639296,191
GSE25055,105,expanded_pam50,brier,-0.0007005476476718078,191
GSE25055,105,expanded_pam50,logloss,0.0008235018187435939,191
GSE25055,106,expanded,auc,0.008562003298845378,195
GSE25055,106,expanded,ap,0.04517742379921185,195
GSE25055,106,expanded,brier,-0.002489922990578812,195
GSE25055,106,expanded,logloss,-0.0060947124336555355,195
GSE25055,106,expanded_pam50,auc,0.008434547908232115,195
GSE25055,106,expanded_pam50,ap,0.04658539325081879,195
GSE25055,106,expanded_pam50,brier,-0.00278144345915758,195
GSE25055,106,expanded_pam50,logloss,-0.005005341616143693,195
GSE25055,107,expanded,auc,-0.0010684647302904525,189
GSE25055,107,expanded,ap,0.007798875308303826,189
GSE25055,107,expanded,brier,0.0012287308004734598,189
GSE25055,107,expanded,logloss,0.0031601273581429224,189
GSE25055,107,expanded_pam50,auc,-0.004968879668049808,189
GSE25055,107,expanded_pam50,ap,0.0006538418523325373,189
GSE25055,107,expanded_pam50,brier,0.002930861087512851,189
GSE25055,107,expanded_pam50,logloss,0.007931277537732479,189
GSE25055,108,expanded,auc,0.02046941570298235,197
GSE25055,108,expanded,ap,0.05386036095811701,197
GSE25055,108,expanded,brier,-0.003623287464387395,197
GSE25055,108,expanded,logloss,-0.009709178232375503,197
GSE25055,108,expanded_pam50,auc,0.010613207547169833,197
GSE25055,108,expanded_pam50,ap,0.02370503869189065,197
GSE25055,108,expanded_pam50,brier,-0.0005867474128616393,197
GSE25055,108,expanded_pam50,logloss,-0.002421559808205359,197
GSE25055,109,expanded,auc,0.022967479674796742,187
GSE25055,109,expanded,ap,0.09685031899061983,187
GSE25055,109,expanded,brier,-0.007824696005553244,187
GSE25055,109,expanded,logloss,-0.024678945500599025,187
GSE25055,109,expanded_pam50,auc,0.024826311899482624,187
GSE25055,109,expanded_pam50,ap,0.0951869392407392,187
GSE25055,109,expanded_pam50,brier,-0.008269753997522365,187
GSE25055,109,expanded_pam50,logloss,-0.023546058021523836,187
GSE25055,110,expanded,auc,0.037169071298501166,199
GSE25055,110,expanded,ap,0.08294320971471075,199
GSE25055,110,expanded,brier,-0.007962953734449477,199
GSE25055,110,expanded,logloss,-0.022592774742722328,199
GSE25055,110,expanded_pam50,auc,0.02710113461269085,199
GSE25055,110,expanded_pam50,ap,0.06153031257712135,199
GSE25055,110,expanded_pam50,brier,-0.004855485571499752,199
GSE25055,110,expanded_pam50,logloss,-0.011925474296415656,199
GSE25055,111,expanded,auc,0.007605235231694385,193
GSE25055,111,expanded,ap,0.03914716728768019,193
GSE25055,111,expanded,brier,-0.00014869615605631048,193
GSE25055,111,expanded,logloss,-1.5870346508467524e-05,193
GSE25055,111,expanded_pam50,auc,0.0036257516802264077,193
GSE25055,111,expanded_pam50,ap,0.02495409310260177,193
GSE25055,111,expanded_pam50,brier,0.0006469951839713162,193
GSE25055,111,expanded_pam50,logloss,0.0027495466599324393,193
GSE25055,112,expanded,auc,0.06786458333333335,192
GSE25055,112,expanded,ap,0.14863439502823386,192
GSE25055,112,expanded,brier,-0.013538508664765947,192
GSE25055,112,expanded,logloss,-0.03350319673325464,192
GSE25055,112,expanded_pam50,auc,0.06063368055555558,192
GSE25055,112,expanded_pam50,ap,0.13582896630067157,192
GSE25055,112,expanded_pam50,brier,-0.013750228809342685,192
GSE25055,112,expanded_pam50,logloss,-0.03191757559711142,192
GSE25055,113,expanded,auc,-0.016093117408906878,179
GSE25055,113,expanded,ap,0.009180814204347316,179
GSE25055,113,expanded,brier,0.0040842805911645965,179
GSE25055,113,expanded,logloss,0.019595728707997345,179
GSE25055,113,expanded_pam50,auc,-0.017791273054430946,179
GSE25055,113,expanded_pam50,ap,0.0018683777138703672,179
GSE25055,113,expanded_pam50,brier,0.004177276042838696,179
GSE25055,113,expanded_pam50,logloss,0.02133864092306471,179
GSE25055,114,expanded,auc,0.030960894704808263,183
GSE25055,114,expanded,ap,0.09905596156668275,183
GSE25055,114,expanded,brier,-0.008893368012368185,183
GSE25055,114,expanded,logloss,-0.016318000097403723,183
GSE25055,114,expanded_pam50,auc,0.03677723676202073,183
GSE25055,114,expanded_pam50,ap,0.11097519253137075,183
GSE25055,114,expanded_pam50,brier,-0.010105634382827255,183
GSE25055,114,expanded_pam50,logloss,-0.019488432753766622,183
GSE25055,115,expanded,auc,0.06992924528301887,193
GSE25055,115,expanded,ap,0.17815768314600636,193
GSE25055,115,expanded,brier,-0.022071293524081076,193
GSE25055,115,expanded,logloss,-0.040599770055386335,193
GSE25055,115,expanded_pam50,auc,0.04716220328667072,193
GSE25055,115,expanded_pam50,ap,0.1408486130968191,193
GSE25055,115,expanded_pam50,brier,-0.016779960121305493,193
GSE25055,115,expanded_pam50,logloss,-0.02768475825180658,193
GSE25055,116,expanded,auc,0.020000000000000018,199
GSE25055,116,expanded,ap,0.05815130374618639,199
GSE25055,116,expanded,brier,-0.004498188220674654,199
GSE25055,116,expanded,logloss,-0.010157282414738372,199
GSE25055,116,expanded_pam50,auc,0.02002186588921283,199
GSE25055,116,expanded_pam50,ap,0.05480819686516445,199
GSE25055,116,expanded_pam50,brier,-0.004496528806634545,199
GSE25055,116,expanded_pam50,logloss,-0.008638915817928606,199
GSE25055,117,expanded,auc,0.017597167325428188,185
GSE25055,117,expanded,ap,0.024140264750271912,185
GSE25055,117,expanded,brier,-0.0004335258942476411,185
GSE25055,117,expanded,logloss,-0.01063026616957986,185
GSE25055,117,expanded_pam50,auc,0.02108860342555995,185
GSE25055,117,expanded_pam50,ap,0.029790718195518706,185
GSE25055,117,expanded_pam50,brier,-0.0013177373875734907,185
GSE25055,117,expanded_pam50,logloss,-0.013145867027884067,185
GSE25055,118,expanded,auc,0.033997813411078694,191
GSE25055,118,expanded,ap,0.05224079603337408,191
GSE25055,118,expanded,brier,-0.004522630406090583,191
GSE25055,118,expanded,logloss,-0.01488853869526629,191
GSE25055,118,expanded_pam50,auc,0.042871720116618085,191
GSE25055,118,expanded_pam50,ap,0.07117721545558123,191
GSE25055,118,expanded_pam50,brier,-0.0077253751135570314,191
GSE25055,118,expanded_pam50,logloss,-0.018455152609191866,191
GSE25055,119,expanded,auc,-0.007898686679174483,191
GSE25055,119,expanded,ap,-0.021081105792422696,191
GSE25055,119,expanded,brier,0.004170781179651768,191
GSE25055,119,expanded,logloss,0.008774688048190926,191
GSE25055,119,expanded_pam50,auc,-0.009624765478424025,191
GSE25055,119,expanded_pam50,ap,-0.01822840802596283,191
GSE25055,119,expanded_pam50,brier,0.003510009317319046,191
GSE25055,119,expanded_pam50,logloss,0.008062682393910826,191
GSE25055,120,expanded,auc,0.015074509803921565,191
GSE25055,120,expanded,ap,0.01707824774598572,191
GSE25055,120,expanded,brier,1.4750860882967177e-05,191
GSE25055,120,expanded,logloss,-0.005760921157499965,191
GSE25055,120,expanded_pam50,auc,0.010556862745098039,191
GSE25055,120,expanded_pam50,ap,0.010909620312109092,191
GSE25055,120,expanded_pam50,brier,0.0011330728227594566,191
GSE25055,120,expanded_pam50,logloss,-0.0008384221791913115,191
GSE25055,121,expanded,auc,0.01678492239467847,187
GSE25055,121,expanded,ap,0.09030786656252635,187
GSE25055,121,expanded,brier,-0.007765120669993483,187
GSE25055,121,expanded,logloss,-0.007672147299547521,187
GSE25055,121,expanded_pam50,auc,0.009796747967479669,187
GSE25055,121,expanded_pam50,ap,0.07871398653037998,187
GSE25055,121,expanded_pam50,brier,-0.005342922127371444,187
GSE25055,121,expanded_pam50,logloss,-0.0010053904051130324,187
GSE25055,122,expanded,auc,0.02903717894139348,190
GSE25055,122,expanded,ap,0.0755453595698041,190
GSE25055,122,expanded,brier,-0.0036373083243557676,190
GSE25055,122,expanded,logloss,-0.003999215955745083,190
GSE25055,122,expanded_pam50,auc,0.025833688094224518,190
GSE25055,122,expanded_pam50,ap,0.06960335561061397,190
GSE25055,122,expanded_pam50,brier,-0.0024670091633197805,190
GSE25055,122,expanded_pam50,logloss,-8.743729052324568e-05,190
GSE25055,123,expanded,auc,0.026979307242465146,189
GSE25055,123,expanded,ap,0.06378431705047936,189
GSE25055,123,expanded,brier,-0.005732164811589485,189
GSE25055,123,expanded,logloss,-0.014232143317766798,189
GSE25055,123,expanded_pam50,auc,0.022495876443244845,189
GSE25055,123,expanded_pam50,ap,0.05126463005790862,189
GSE25055,123,expanded_pam50,brier,-0.004358222898740697,189
GSE25055,123,expanded_pam50,logloss,-0.010208990028236714,189
GSE25055,124,expanded,auc,0.029756972111553804,190
GSE25055,124,expanded,ap,0.058701133851448886,190
GSE25055,124,expanded,brier,-0.002392226388022134,190
GSE25055,124,expanded,logloss,-0.0010425128870032163,190
GSE25055,124,expanded_pam50,auc,0.013191235059760942,190
GSE25055,124,expanded_pam50,ap,0.031187252179300646,190
GSE25055,124,expanded_pam50,brier,0.000285798783555781,190
GSE25055,124,expanded_pam50,logloss,0.003772294321118064,190
GSE25055,125,expanded,auc,0.05131953816164344,201
GSE25055,125,expanded,ap,0.10419589260522966,201
GSE25055,125,expanded,brier,-0.011015119549840066,201
GSE25055,125,expanded,logloss,-0.027181224528702752,201
GSE25055,125,expanded_pam50,auc,0.05379367221472485,201
GSE25055,125,expanded_pam50,ap,0.09855764352173506,201
GSE25055,125,expanded_pam50,brier,-0.010668008974134155,201
GSE25055,125,expanded_pam50,logloss,-0.027298813530023953,201
GSE25055,126,expanded,auc,0.04077605321507759,197
GSE25055,126,expanded,ap,0.060866493155697365,197
GSE25055,126,expanded,brier,-0.005622641783248739,197
GSE25055,126,expanded,logloss,-0.027223508764815895,197
GSE25055,126,expanded_pam50,auc,0.03501847745750185,197
GSE25055,126,expanded_pam50,ap,0.0489792964531212,197
GSE25055,126,expanded_pam50,brier,-0.0036666765513296146,197
GSE25055,126,expanded_pam50,logloss,-0.02056800091542685,197
GSE25055,127,expanded,auc,0.02869877049180327,187
GSE25055,127,expanded,ap,0.050795527361408424,187
GSE25055,127,expanded,brier,-0.003069337596510094,187
GSE25055,127,expanded,logloss,-0.008563546590935656,187
GSE25055,127,expanded_pam50,auc,0.02533128415300544,187
GSE25055,127,expanded_pam50,ap,0.04527234677338776,187
GSE25055,127,expanded_pam50,brier,-0.002922298945585283,187
GSE25055,127,expanded_pam50,logloss,-0.0036450328671769503,187
GSE25055,128,expanded,auc,0.025868468973245583,183
GSE25055,128,expanded,ap,0.11239847307613433,183
GSE25055,128,expanded,brier,-0.010398768514456373,183
GSE25055,128,expanded,logloss,-0.02027733564506748,183
GSE25055,128,expanded_pam50,auc,0.027230704580473452,183
GSE25055,128,expanded_pam50,ap,0.09719677768636178,183
GSE25055,128,expanded_pam50,brier,-0.008526117100079975,183
GSE25055,128,expanded_pam50,logloss,-0.015374368229671476,183
GSE25055,129,expanded,auc,0.015033209762125433,190
GSE25055,129,expanded,ap,0.08416177197311568,190
GSE25055,129,expanded,brier,-0.005935719759776849,190
GSE25055,129,expanded,logloss,-0.013135922589075172,190
GSE25055,129,expanded_pam50,auc,0.00859592215013898,190
GSE25055,129,expanded_pam50,ap,0.07349641308918728,190
GSE25055,129,expanded_pam50,brier,-0.004193274719795343,190
GSE25055,129,expanded_pam50,logloss,-0.0074606966684477635,190
GSE25055,130,expanded,auc,0.021600391134289444,189
GSE25055,130,expanded,ap,0.02346585166720107,189
GSE25055,130,expanded,brier,-0.0005796243697814285,189
GSE25055,130,expanded,logloss,-0.004062454908258861,189
GSE25055,130,expanded_pam50,auc,0.018970013037809662,189
GSE25055,130,expanded_pam50,ap,0.020031937900096497,189
GSE25055,130,expanded_pam50,brier,0.0003739279600333739,189
GSE25055,130,expanded_pam50,logloss,-0.0013219019706196655,189
GSE25055,131,expanded,auc,0.0035592808551992094,193
GSE25055,131,expanded,ap,0.020925040216430484,193
GSE25055,131,expanded,brier,-0.0005399526930770074,193
GSE25055,131,expanded,logloss,0.00017004833274879007,193
GSE25055,131,expanded_pam50,auc,0.002478134110787156,193
GSE25055,131,expanded_pam50,ap,0.021809999776131322,193
GSE25055,131,expanded_pam50,brier,-7.865800098068171e-05,193
GSE25055,131,expanded_pam50,logloss,0.003186678160427764,193
GSE25055,132,expanded,auc,0.02669065826960563,191
GSE25055,132,expanded,ap,0.09530445846752691,191
GSE25055,132,expanded,brier,-0.00934310317482943,191
GSE25055,132,expanded,logloss,-0.023483449735304186,191
GSE25055,132,expanded_pam50,auc,0.022687059529164798,191
GSE25055,132,expanded_pam50,ap,0.0768050500839422,191
GSE25055,132,expanded_pam50,brier,-0.007626203777586667,191
GSE25055,132,expanded_pam50,logloss,-0.018726917025776602,191
GSE25055,133,expanded,auc,0.02793333333333333,202
GSE25055,133,expanded,ap,0.05529134402173452,202
GSE25055,133,expanded,brier,-0.004633985798353122,202
GSE25055,133,expanded,logloss,-0.012351003890062596,202
GSE25055,133,expanded_pam50,auc,0.027239215686274486,202
GSE25055,133,expanded_pam50,ap,0.06362621178757241,202
GSE25055,133,expanded_pam50,brier,-0.0051379792014254,202
GSE25055,133,expanded_pam50,logloss,-0.013157416322880238,202
GSE25055,134,expanded,auc,0.028099739243807032,194
GSE25055,134,expanded,ap,0.0604436209792242,194
GSE25055,134,expanded,brier,-0.0059021610924962775,194
GSE25055,134,expanded,logloss,-0.007868690427735203,194
GSE25055,134,expanded_pam50,auc,0.03571056062581488,194
GSE25055,134,expanded_pam50,ap,0.07079726281414782,194
GSE25055,134,expanded_pam50,brier,-0.008196858319319798,194
GSE25055,134,expanded_pam50,logloss,-0.013447994972615413,194
GSE25055,135,expanded,auc,0.04349320358356503,186
GSE25055,135,expanded,ap,0.05339399558805154,186
GSE25055,135,expanded,brier,-0.005223074210066442,186
GSE25055,135,expanded,logloss,-0.019170876165055705,186
GSE25055,135,expanded_pam50,auc,0.036353104726598695,186
GSE25055,135,expanded_pam50,ap,0.04634154484344511,186
GSE25055,135,expanded_pam50,brier,-0.004414846990442945,186
GSE25055,135,expanded_pam50,logloss,-0.013445105985220812,186
GSE25055,136,expanded,auc,0.02835573061476677,196
GSE25055,136,expanded,ap,0.11409111811917741,196
GSE25055,136,expanded,brier,-0.008374048286587703,196
GSE25055,136,expanded,logloss,-0.021269866582294454,196
GSE25055,136,expanded_pam50,auc,0.018462310781587898,196
GSE25055,136,expanded_pam50,ap,0.0956567128091822,196
GSE25055,136,expanded_pam50,brier,-0.006755772906858662,196
GSE25055,136,expanded_pam50,logloss,-0.012803964047502092,196
GSE25055,137,expanded,auc,-0.003973029045643184,196
GSE25055,137,expanded,ap,0.0707018234070155,196
GSE25055,137,expanded,brier,-0.0018414535723974528,196
GSE25055,137,expanded,logloss,0.009027414546492168,196
GSE25055,137,expanded_pam50,auc,-0.014640387275242028,196
GSE25055,137,expanded_pam50,ap,0.04664555898525628,196
GSE25055,137,expanded_pam50,brier,0.001626636563273258,196
GSE25055,137,expanded_pam50,logloss,0.017187197048924734,196
GSE25055,138,expanded,auc,-0.00427385892116181,194
GSE25055,138,expanded,ap,0.007220663797486998,194
GSE25055,138,expanded,brier,0.0008106820738346731,194
GSE25055,138,expanded,logloss,0.005514941415676622,194
GSE25055,138,expanded_pam50,auc,-0.003661825726141077,194
GSE25055,138,expanded_pam50,ap,0.00914191149897554,194
GSE25055,138,expanded_pam50,brier,0.0006873680536935601,194
GSE25055,138,expanded_pam50,logloss,0.0062288275889761935,194
GSE25055,139,expanded,auc,0.05633088869715269,185
GSE25055,139,expanded,ap,0.1140366247341373,185
GSE25055,139,expanded,brier,-0.012667727979109589,185
GSE25055,139,expanded,logloss,-0.029800012855255815,185
GSE25055,139,expanded_pam50,auc,0.04356125970664365,185
GSE25055,139,expanded_pam50,ap,0.12220974718535316,185
GSE25055,139,expanded_pam50,brier,-0.01351206028081533,185
GSE25055,139,expanded_pam50,logloss,-0.028433777690468405,185
GSE25055,140,expanded,auc,0.043342391304347805,184
GSE25055,140,expanded,ap,0.08115220564306946,184
GSE25055,140,expanded,brier,-0.005429575488523771,184
GSE25055,140,expanded,logloss,-0.015019485141436546,184
GSE25055,140,expanded_pam50,auc,0.029388998682476963,184
GSE25055,140,expanded_pam50,ap,0.06144030401312657,184
GSE25055,140,expanded_pam50,brier,-0.0033298283314189643,184
GSE25055,140,expanded_pam50,logloss,-0.008188595971806273,184
GSE25055,141,expanded,auc,0.028063841274126044,188
GSE25055,141,expanded,ap,0.05700053247845922,188
GSE25055,141,expanded,brier,-0.010205646631673337,188
GSE25055,141,expanded,logloss,-0.016585964461426028,188
GSE25055,141,expanded_pam50,auc,0.01175259819138883,188
GSE25055,141,expanded_pam50,ap,0.03290466415046515,188
GSE25055,141,expanded_pam50,brier,-0.006413216012134962,188
GSE25055,141,expanded_pam50,logloss,-0.00603489763609949,188
GSE25055,142,expanded,auc,0.03426575786205967,194
GSE25055,142,expanded,ap,0.08442293646328282,194
GSE25055,142,expanded,brier,-0.007398109406221887,194
GSE25055,142,expanded,logloss,-0.015995451653667732,194
GSE25055,142,expanded_pam50,auc,0.023235254420299646,194
GSE25055,142,expanded_pam50,ap,0.06769436188767422,194
GSE25055,142,expanded_pam50,brier,-0.0036167145622703345,194
GSE25055,142,expanded_pam50,logloss,-0.0065055887138743,194
GSE25055,143,expanded,auc,0.044485680011995786,190
GSE25055,143,expanded,ap,0.11196807943741156,190
GSE25055,143,expanded,brier,-0.007519046392334611,190
GSE25055,143,expanded,logloss,-0.0195540670947305,190
GSE25055,143,expanded_pam50,auc,0.042952466636677164,190
GSE25055,143,expanded_pam50,ap,0.10867941234195089,190
GSE25055,143,expanded_pam50,brier,-0.007796065738711161,190
GSE25055,143,expanded_pam50,logloss,-0.015153249800930385,190
GSE25055,144,expanded,auc,0.024650030432136337,196
GSE25055,144,expanded,ap,0.05446212811941068,196
GSE25055,144,expanded,brier,-0.004528069516074351,196
GSE25055,144,expanded,logloss,-0.01674151281319073,196
GSE25055,144,expanded_pam50,auc,0.02394248326232501,196
GSE25055,144,expanded_pam50,ap,0.061252200233107804,196
GSE25055,144,expanded_pam50,brier,-0.004648494346378941,196
GSE25055,144,expanded_pam50,logloss,-0.016350413704100515,196
GSE25055,145,expanded,auc,0.029281609195402302,196
GSE25055,145,expanded,ap,0.05016822349614514,196
GSE25055,145,expanded,brier,-0.0017659055086511528,196
GSE25055,145,expanded,logloss,-0.009906598411463307,196
GSE25055,145,expanded_pam50,auc,0.025249042145593904,196
GSE25055,145,expanded_pam50,ap,0.04635737289518972,196
GSE25055,145,expanded_pam50,brier,-0.0010699972233200363,196
GSE25055,145,expanded_pam50,logloss,-0.004981784594760235,196
GSE25055,146,expanded,auc,0.06048318433375906,198
GSE25055,146,expanded,ap,0.15741888148281996,198
GSE25055,146,expanded,brier,-0.016172385869736877,198
GSE25055,146,expanded,logloss,-0.03956629696567077,198
GSE25055,146,expanded_pam50,auc,0.038640556265077355,198
GSE25055,146,expanded_pam50,ap,0.11886700507487706,198
GSE25055,146,expanded_pam50,brier,-0.010444123480011978,198
GSE25055,146,expanded_pam50,logloss,-0.022744335197220737,198
GSE25055,147,expanded,auc,0.011921789409616546,185
GSE25055,147,expanded,ap,0.057841420211366956,185
GSE25055,147,expanded,brier,-0.003832210229586916,185
GSE25055,147,expanded,logloss,-0.0032147747427658134,185
GSE25055,147,expanded_pam50,auc,0.01529214850882532,185
GSE25055,147,expanded_pam50,ap,0.06095166782894564,185
GSE25055,147,expanded_pam50,brier,-0.0038004972011814768,185
GSE25055,147,expanded_pam50,logloss,-0.004741452472431723,185
GSE25055,148,expanded,auc,0.01998823529411764,191
GSE25055,148,expanded,ap,0.007609649417992753,191
GSE25055,148,expanded,brier,-0.0007709170088372713,191
GSE25055,148,expanded,logloss,-0.008123441457776137,191
GSE25055,148,expanded_pam50,auc,0.010788235294117664,191
GSE25055,148,expanded_pam50,ap,-0.0037787599477751175,191
GSE25055,148,expanded_pam50,brier,0.0007671505010001994,191
GSE25055,148,expanded_pam50,logloss,-0.003585077657108049,191
GSE25055,149,expanded,auc,0.008656888121944196,186
GSE25055,149,expanded,ap,0.03477438881676822,186
GSE25055,149,expanded,brier,0.0012715893972347792,186
GSE25055,149,expanded,logloss,-0.0009166527967143956,186
GSE25055,149,expanded_pam50,auc,0.006370434282427373,186
GSE25055,149,expanded_pam50,ap,0.03354674006636073,186
GSE25055,149,expanded_pam50,brier,0.0015784209908509899,186
GSE25055,149,expanded_pam50,logloss,0.00115727233434606,186
GSE25055,150,expanded,auc,0.014247197388959831,184
GSE25055,150,expanded,ap,0.019534178904197074,184
GSE25055,150,expanded,brier,-0.0018706695889631586,184
GSE25055,150,expanded,logloss,-0.001094605479625116,184
GSE25055,150,expanded_pam50,auc,0.004462892010784725,184
GSE25055,150,expanded_pam50,ap,0.007772610478321185,184
GSE25055,150,expanded_pam50,brier,0.0007641180526390013,184
GSE25055,150,expanded_pam50,logloss,0.004903456649637461,184
GSE25055,151,expanded,auc,0.03286852589641435,189
GSE25055,151,expanded,ap,0.08004287865553428,189
GSE25055,151,expanded,brier,-0.006347078460711616,189
GSE25055,151,expanded,logloss,-0.005520883764677636,189
GSE25055,151,expanded_pam50,auc,0.018525896414342637,189
GSE25055,151,expanded_pam50,ap,0.05842300118778587,189
GSE25055,151,expanded_pam50,brier,-0.004121190808742589,189
GSE25055,151,expanded_pam50,logloss,0.00063313230886195,189
GSE25055,152,expanded,auc,0.003009716732542822,193
GSE25055,152,expanded,ap,0.03474774412482663,193
GSE25055,152,expanded,brier,-0.0011787574061894763,193
GSE25055,152,expanded,logloss,0.0011033008789969102,193
GSE25055,152,expanded_pam50,auc,-0.0037837615283267457,193
GSE25055,152,expanded_pam50,ap,0.0167167478088511,193
GSE25055,152,expanded_pam50,brier,0.001248390412797007,193
GSE25055,152,expanded_pam50,logloss,0.006285078026315577,193
GSE25055,153,expanded,auc,0.03507569721115542,195
GSE25055,153,expanded,ap,0.11504524654833177,195
GSE25055,153,expanded,brier,-0.009449537637610646,195
GSE25055,153,expanded,logloss,-0.02381731693605118,195
GSE25055,153,expanded_pam50,auc,0.03276494023904384,195
GSE25055,153,expanded_pam50,ap,0.11527590452929067,195
GSE25055,153,expanded_pam50,brier,-0.008924049292863044,195
GSE25055,153,expanded_pam50,logloss,-0.019016224923754776,195
GSE25055,154,expanded,auc,0.018100517368810055,185
GSE25055,154,expanded,ap,0.04104900796443523,185
GSE25055,154,expanded,brier,-0.004296763656489141,185
GSE25055,154,expanded,logloss,-0.006880329731253421,185
GSE25055,154,expanded_pam50,auc,0.005365853658536579,185
GSE25055,154,expanded_pam50,ap,0.02030308747678885,185
GSE25055,154,expanded_pam50,brier,-0.0005318500434695839,185
GSE25055,154,expanded_pam50,logloss,0.004297265007866829,185
GSE25055,155,expanded,auc,0.018328059071729942,196
GSE25055,155,expanded,ap,0.07197841489555079,196
GSE25055,155,expanded,brier,-0.005552154850132826,196
GSE25055,155,expanded,logloss,-0.008740630961136104,196
GSE25055,155,expanded_pam50,auc,0.01251318565400844,196
GSE25055,155,expanded_pam50,ap,0.057080267346426995,196
GSE25055,155,expanded_pam50,brier,-0.00387564390242848,196
GSE25055,155,expanded_pam50,logloss,-0.0036893002411093278,196
GSE25055,156,expanded,auc,0.059010926635447714,189
GSE25055,156,expanded,ap,0.10976079179970552,189
GSE25055,156,expanded,brier,-0.009542278560080702,189
GSE25055,156,expanded,logloss,-0.029005808766255053,189
GSE25055,156,expanded_pam50,auc,0.05232723144600539,189
GSE25055,156,expanded_pam50,ap,0.09369351456300508,189
GSE25055,156,expanded_pam50,brier,-0.007906653320157827,189
GSE25055,156,expanded_pam50,logloss,-0.023210025867491674,189
GSE25055,157,expanded,auc,0.042103022562792636,195
GSE25055,157,expanded,ap,0.10162816399850624,195
GSE25055,157,expanded,brier,-0.010955903065514666,195
GSE25055,157,expanded,logloss,-0.02714753215914913,195
GSE25055,157,expanded_pam50,auc,0.03519228040300838,195
GSE25055,157,expanded_pam50,ap,0.08821641084679428,195
GSE25055,157,expanded_pam50,brier,-0.008858011436420208,195
GSE25055,157,expanded_pam50,logloss,-0.02261049413611741,195
GSE25055,158,expanded,auc,0.03597705696202532,186
GSE25055,158,expanded,ap,0.114582284290355,186
GSE25055,158,expanded,brier,-0.00963395671175218,186
GSE25055,158,expanded,logloss,-0.021945072958292327,186
GSE25055,158,expanded_pam50,auc,0.041706223628691995,186
GSE25055,158,expanded_pam50,ap,0.11669767613764892,186
GSE25055,158,expanded_pam50,brier,-0.011860856015477974,186
GSE25055,158,expanded_pam50,logloss,-0.026897360022736495,186
GSE25055,159,expanded,auc,0.027834699453551916,194
GSE25055,159,expanded,ap,0.03997796892584264,194
GSE25055,159,expanded,brier,-0.006652618633369712,194
GSE25055,159,expanded,logloss,-0.02286816825398911,194
GSE25055,159,expanded_pam50,auc,0.02650956284153002,194
GSE25055,159,expanded_pam50,ap,0.038008482418454226,194
GSE25055,159,expanded_pam50,brier,-0.0059849929612727625,194
GSE25055,159,expanded_pam50,logloss,-0.020866170673440276,194
GSE25055,160,expanded,auc,0.019547819127651057,195
GSE25055,160,expanded,ap,0.05913935992326911,195
GSE25055,160,expanded,brier,-0.005121895130142398,195
GSE25055,160,expanded,logloss,-0.0046628392107028625,195
GSE25055,160,expanded_pam50,auc,0.021261838068560766,195
GSE25055,160,expanded_pam50,ap,0.059097171004474855,195
GSE25055,160,expanded_pam50,brier,-0.005407060305528411,195
GSE25055,160,expanded_pam50,logloss,-0.0006383473996059763,195
GSE25055,161,expanded,auc,0.031793002915451875,191
GSE25055,161,expanded,ap,0.03245687937799959,191
GSE25055,161,expanded,brier,-0.002376308144056663,191
GSE25055,161,expanded,logloss,-0.01614175358796014,191
GSE25055,161,expanded_pam50,auc,0.018483965014577265,191
GSE25055,161,expanded_pam50,ap,0.019139693299801773,191
GSE25055,161,expanded_pam50,brier,0.0005365449273846773,191
GSE25055,161,expanded_pam50,logloss,-0.006570391837583284,191
GSE25055,162,expanded,auc,0.0092485325919061,190
GSE25055,162,expanded,ap,0.04881290474026012,190
GSE25055,162,expanded,brier,-0.003951533211163168,190
GSE25055,162,expanded,logloss,5.581511307510278e-05,190
GSE25055,162,expanded_pam50,auc,0.00860750695088045,190
GSE25055,162,expanded_pam50,ap,0.06022541284399637,190
GSE25055,162,expanded_pam50,brier,-0.0033671709643162003,190
GSE25055,162,expanded_pam50,logloss,0.0007538507130503858,190
GSE25055,163,expanded,auc,0.02653149266609143,185
GSE25055,163,expanded,ap,0.04918335247028041,185
GSE25055,163,expanded,brier,-0.004561362257471802,185
GSE25055,163,expanded,logloss,-0.01798181874420518,185
GSE25055,163,expanded_pam50,auc,0.023619499568593605,185
GSE25055,163,expanded_pam50,ap,0.04443918970949675,185
GSE25055,163,expanded_pam50,brier,-0.003924803040522252,185
GSE25055,163,expanded_pam50,logloss,-0.013727518841357467,185
GSE25055,164,expanded,auc,-0.006687242798353909,185
GSE25055,164,expanded,ap,0.01442411253708808,185
GSE25055,164,expanded,brier,0.0034335028545929764,185
GSE25055,164,expanded,logloss,0.011237943946306238,185
GSE25055,164,expanded_pam50,auc,-0.017652901944089684,185
GSE25055,164,expanded_pam50,ap,-0.0035097302359066995,185
GSE25055,164,expanded_pam50,brier,0.005151069548828463,185
GSE25055,164,expanded_pam50,logloss,0.014880555902669295,185
GSE25055,165,expanded,auc,0.023141399416909604,192
GSE25055,165,expanded,ap,0.05985023841288397,192
GSE25055,165,expanded,brier,-0.005627986474396898,192
GSE25055,165,expanded,logloss,-0.015999124096986887,192
GSE25055,165,expanded_pam50,auc,0.019845319080012958,192
GSE25055,165,expanded_pam50,ap,0.05481994777087331,192
GSE25055,165,expanded_pam50,brier,-0.004923877821059087,192
GSE25055,165,expanded_pam50,logloss,-0.013297765630369274,192
GSE25055,166,expanded,auc,0.02216579861111111,185
GSE25055,166,expanded,ap,0.008802093151352271,185
GSE25055,166,expanded,brier,0.0016090475933786708,185
GSE25055,166,expanded,logloss,-0.0074865016433104115,185
GSE25055,166,expanded_pam50,auc,0.02040798611111111,185
GSE25055,166,expanded_pam50,ap,0.012966522166524183,185
GSE25055,166,expanded_pam50,brier,0.0012520201547176952,185
GSE25055,166,expanded_pam50,logloss,-0.005927057556791604,185
GSE25055,167,expanded,auc,0.03155553999159547,194
GSE25055,167,expanded,ap,0.040359021421233335,194
GSE25055,167,expanded,brier,-0.0031851881588653096,194
GSE25055,167,expanded,logloss,-0.009012326103392676,194
GSE25055,167,expanded_pam50,auc,0.0338072559181958,194
GSE25055,167,expanded_pam50,ap,0.03941899715980449,194
GSE25055,167,expanded_pam50,brier,-0.003173271088504473,194
GSE25055,167,expanded_pam50,logloss,-0.006956801254441614,194
GSE25055,168,expanded,auc,0.02469107198022861,197
GSE25055,168,expanded,ap,0.06630280230290068,197
GSE25055,168,expanded,brier,-0.005135046860722167,197
GSE25055,168,expanded,logloss,-0.006235550798706979,197
GSE25055,168,expanded_pam50,auc,0.03292400370713624,197
GSE25055,168,expanded_pam50,ap,0.07667589884618387,197
GSE25055,168,expanded_pam50,brier,-0.006266673461819259,197
GSE25055,168,expanded_pam50,logloss,-0.008356472713201534,197
GSE25055,169,expanded,auc,0.02550259674987434,193
GSE25055,169,expanded,ap,0.08373475037654629,193
GSE25055,169,expanded,brier,-0.004604651602435507,193
GSE25055,169,expanded,logloss,-0.014535450445334353,193
GSE25055,169,expanded_pam50,auc,0.023450326687887425,193
GSE25055,169,expanded_pam50,ap,0.07929349683487419,193
GSE25055,169,expanded_pam50,brier,-0.0040797029069593385,193
GSE25055,169,expanded_pam50,logloss,-0.014157298303158428,193
GSE25055,170,expanded,auc,0.06271463033915144,187
GSE25055,170,expanded,ap,0.10058696405851811,187
GSE25055,170,expanded,brier,-0.011207119362148224,187
GSE25055,170,expanded,logloss,-0.0338459546056674,187
GSE25055,170,expanded_pam50,auc,0.05964949623953454,187
GSE25055,170,expanded_pam50,ap,0.09087442292272714,187
GSE25055,170,expanded_pam50,brier,-0.009804036830657243,187
GSE25055,170,expanded_pam50,logloss,-0.030596193332493915,187
GSE25055,171,expanded,auc,0.021739747410245525,184
GSE25055,171,expanded,ap,0.036968614128803055,184
GSE25055,171,expanded,brier,-0.0006962877222747132,184
GSE25055,171,expanded,logloss,-0.0028647947403260153,184
GSE25055,171,expanded_pam50,auc,0.013629913438342545,184
GSE25055,171,expanded_pam50,ap,0.02253241510353273,184
GSE25055,171,expanded_pam50,brier,0.0014889042615531395,184
GSE25055,171,expanded_pam50,logloss,0.003292632844371196,184
GSE25055,172,expanded,auc,0.008487797343219028,193
GSE25055,172,expanded,ap,0.03894194202922378,193
GSE25055,172,expanded,brier,-0.0008669240103439446,193
GSE25055,172,expanded,logloss,-0.003415779725940077,193
GSE25055,172,expanded_pam50,auc,0.006804139635464934,193
GSE25055,172,expanded_pam50,ap,0.04103081393771617,193
GSE25055,172,expanded_pam50,brier,-6.765022116497765e-05,193
GSE25055,172,expanded_pam50,logloss,-0.0004640457689019439,193
GSE25055,173,expanded,auc,0.0031049562682215594,194
GSE25055,173,expanded,ap,0.004649041487602734,194
GSE25055,173,expanded,brier,0.0010526009856109048,194
GSE25055,173,expanded,logloss,-0.002423662036038443,194
GSE25055,173,expanded_pam50,auc,0.0007543731778425599,194
GSE25055,173,expanded_pam50,ap,-0.0009175030510878313,194
GSE25055,173,expanded_pam50,brier,0.0015341607775903182,194
GSE25055,173,expanded_pam50,logloss,-0.00041513637580883336,194
GSE25055,174,expanded,auc,0.0451499413637125,195
GSE25055,174,expanded,ap,0.0923480393350534,195
GSE25055,174,expanded,brier,-0.004258307916978314,195
GSE25055,174,expanded,logloss,-0.012401979808482871,195
GSE25055,174,expanded_pam50,auc,0.040090467414977383,195
GSE25055,174,expanded_pam50,ap,0.07550414828825708,195
GSE25055,174,expanded_pam50,brier,-0.005011409673028597,195
GSE25055,174,expanded_pam50,logloss,-0.012916154549205888,195
GSE25055,175,expanded,auc,-0.002282410225197806,189
GSE25055,175,expanded,ap,0.005672888095815914,189
GSE25055,175,expanded,brier,0.002196290943011975,189
GSE25055,175,expanded,logloss,0.006219080475685673,189
GSE25055,175,expanded_pam50,auc,-0.007760194765672568,189
GSE25055,175,expanded_pam50,ap,-0.0005334706878720563,189
GSE25055,175,expanded_pam50,brier,0.0031772680531900995,189
GSE25055,175,expanded_pam50,logloss,0.008585501215350516,189
GSE25055,176,expanded,auc,0.03641100614784822,185
GSE25055,176,expanded,ap,0.16196511484887396,185
GSE25055,176,expanded,brier,-0.012545065636987934,185
GSE25055,176,expanded,logloss,-0.03256094319484501,185
GSE25055,176,expanded_pam50,auc,0.03319463187884242,185
GSE25055,176,expanded_pam50,ap,0.16423689459328325,185
GSE25055,176,expanded_pam50,brier,-0.012605883826571365,185
GSE25055,176,expanded_pam50,logloss,-0.02924911674452583,185
GSE25055,177,expanded,auc,0.03956967213114754,180
GSE25055,177,expanded,ap,0.09358620464759457,180
GSE25055,177,expanded,brier,-0.010949887717713686,180
GSE25055,177,expanded,logloss,-0.021951514961427294,180
GSE25055,177,expanded_pam50,auc,0.0365983606557377,180
GSE25055,177,expanded_pam50,ap,0.0812203343004521,180
GSE25055,177,expanded_pam50,brier,-0.008390661758101181,180
GSE25055,177,expanded_pam50,logloss,-0.016831963547887175,180
GSE25055,178,expanded,auc,-0.005200308166409873,190
GSE25055,178,expanded,ap,-0.005156941913456658,190
GSE25055,178,expanded,brier,0.002348591977433251,190
GSE25055,178,expanded,logloss,0.005481287473003554,190
GSE25055,178,expanded_pam50,auc,-0.007353971144417981,190
GSE25055,178,expanded_pam50,ap,-0.007540160701651167,190
GSE25055,178,expanded_pam50,brier,0.002824880959928347,190
GSE25055,178,expanded_pam50,logloss,0.008070353291363658,190
GSE25055,179,expanded,auc,0.026880232723144593,191
GSE25055,179,expanded,ap,0.08036028211398662,191
GSE25055,179,expanded,brier,-0.00996738574041121,191
GSE25055,179,expanded,logloss,-0.033989734515466045,191
GSE25055,179,expanded_pam50,auc,0.026294877252731653,191
GSE25055,179,expanded_pam50,ap,0.08658391822663283,191
GSE25055,179,expanded_pam50,brier,-0.009121733040683935,191
GSE25055,179,expanded_pam50,logloss,-0.03018328688748146,191
GSE25055,180,expanded,auc,0.022410669665167436,186
GSE25055,180,expanded,ap,0.031118505596613482,186
GSE25055,180,expanded,brier,-0.005978627853936424,186
GSE25055,180,expanded,logloss,-0.020367850097863772,186
GSE25055,180,expanded_pam50,auc,0.008164667666166924,186
GSE25055,180,expanded_pam50,ap,0.0020203664270767806,186
GSE25055,180,expanded_pam50,brier,-0.0011625000074387327,186
GSE25055,180,expanded_pam50,logloss,-0.005175294913674305,186
GSE25055,181,expanded,auc,0.035342565597667644,202
GSE25055,181,expanded,ap,0.041648970734763965,202
GSE25055,181,expanded,brier,-0.0031736357999904404,202
GSE25055,181,expanded,logloss,-0.02163462371002998,202
GSE25055,181,expanded_pam50,auc,0.022813411078717184,202
GSE25055,181,expanded_pam50,ap,0.04541056246915529,202
GSE25055,181,expanded_pam50,brier,-0.002522246063854941,202
GSE25055,181,expanded_pam50,logloss,-0.015566289861732785,202
GSE25055,182,expanded,auc,0.027556379363608274,191
GSE25055,182,expanded,ap,0.033236369369365325,191
GSE25055,182,expanded,brier,-0.00018928999778011492,191
GSE25055,182,expanded,logloss,-0.0028998568969020367,191
GSE25055,182,expanded_pam50,auc,0.016064257028112417,191
GSE25055,182,expanded_pam50,ap,0.019215929636031318,191
GSE25055,182,expanded_pam50,brier,-5.88951789392278e-05,191
GSE25055,182,expanded_pam50,logloss,-0.0017581577822877337,191
GSE25055,183,expanded,auc,0.0516,192
GSE25055,183,expanded,ap,0.07206017059044055,192
GSE25055,183,expanded,brier,-0.008389117350067943,192
GSE25055,183,expanded,logloss,-0.027881399004153713,192
GSE25055,183,expanded_pam50,auc,0.04407843137254902,192
GSE25055,183,expanded_pam50,ap,0.0834883052875242,192
GSE25055,183,expanded_pam50,brier,-0.009005781940822372,192
GSE25055,183,expanded_pam50,logloss,-0.025522610440760374,192
GSE25055,184,expanded,auc,0.07440392156862743,194
GSE25055,184,expanded,ap,0.18778352534642345,194
GSE25055,184,expanded,brier,-0.018444284766621206,194
GSE25055,184,expanded,logloss,-0.043311682123494684,194
GSE25055,184,expanded_pam50,auc,0.07476470588235293,194
GSE25055,184,expanded_pam50,ap,0.18466258399976787,194
GSE25055,184,expanded_pam50,brier,-0.018760858938719482,194
GSE25055,184,expanded_pam50,logloss,-0.041790084853494835,194
GSE25055,185,expanded,auc,0.01871675943104515,195
GSE25055,185,expanded,ap,0.07173084816666092,195
GSE25055,185,expanded,brier,-0.005683064248186695,195
GSE25055,185,expanded,logloss,-0.01527493622501679,195
GSE25055,185,expanded_pam50,auc,0.01025355596784171,195
GSE25055,185,expanded_pam50,ap,0.05091080058244096,195
GSE25055,185,expanded_pam50,brier,-0.0027116702349111897,195
GSE25055,185,expanded_pam50,logloss,-0.0063125995390891036,195
GSE25055,186,expanded,auc,0.017380392156862767,193
GSE25055,186,expanded,ap,0.06703815390457174,193
GSE25055,186,expanded,brier,-0.00555625654275225,193
GSE25055,186,expanded,logloss,-0.010980532693477912,193
GSE25055,186,expanded_pam50,auc,0.008996078431372545,193
GSE25055,186,expanded_pam50,ap,0.06994810432880091,193
GSE25055,186,expanded_pam50,brier,-0.00432407430041126,193
GSE25055,186,expanded_pam50,logloss,-0.00608656089231302,193
GSE25055,187,expanded,auc,0.014804138950480406,193
GSE25055,187,expanded,ap,0.05299112759840443,193
GSE25055,187,expanded,brier,-0.0009762343750621793,193
GSE25055,187,expanded,logloss,-0.0024844125217929835,193
GSE25055,187,expanded_pam50,auc,0.009175905395417572,193
GSE25055,187,expanded_pam50,ap,0.041735102619026083,193
GSE25055,187,expanded_pam50,brier,-0.0001859368288338492,193
GSE25055,187,expanded_pam50,logloss,-0.00031791165459981173,193
GSE25055,188,expanded,auc,0.024788732394366186,182
GSE25055,188,expanded,ap,0.07925254553895417,182
GSE25055,188,expanded,brier,-0.00343970256213848,182
GSE25055,188,expanded,logloss,-0.009524313927455303,182
GSE25055,188,expanded_pam50,auc,0.02738518064911205,182
GSE25055,188,expanded_pam50,ap,0.07745494480473089,182
GSE25055,188,expanded_pam50,brier,-0.004723457726437089,182
GSE25055,188,expanded_pam50,logloss,-0.011492640510423929,182
GSE25055,189,expanded,auc,0.009969383849980872,194
GSE25055,189,expanded,ap,0.02438260864738272,194
GSE25055,189,expanded,brier,-0.0001773120707622672,194
GSE25055,189,expanded,logloss,-0.0074610292192279605,194
GSE25055,189,expanded_pam50,auc,0.0017986988136242,194
GSE25055,189,expanded_pam50,ap,0.013962648238373131,194
GSE25055,189,expanded_pam50,brier,0.001851829687016565,194
GSE25055,189,expanded_pam50,logloss,0.0005803502310438913,194
GSE25055,190,expanded,auc,0.028907409906870008,184
GSE25055,190,expanded,ap,0.1001442862574202,184
GSE25055,190,expanded,brier,-0.007801001230532745,184
GSE25055,190,expanded,logloss,-0.021539640459115567,184
GSE25055,190,expanded_pam50,auc,0.031232285058712405,184
GSE25055,190,expanded_pam50,ap,0.1164521642353165,184
GSE25055,190,expanded_pam50,brier,-0.010330797988348624,184
GSE25055,190,expanded_pam50,logloss,-0.023052024402415477,184
GSE25055,191,expanded,auc,0.055932944606413994,184
GSE25055,191,expanded,ap,0.12244759496964389,184
GSE25055,191,expanded,brier,-0.009960306203149135,184
GSE25055,191,expanded,logloss,-0.024101871358098104,184
GSE25055,191,expanded_pam50,auc,0.0572521865889213,184
GSE25055,191,expanded_pam50,ap,0.10415931459913744,184
GSE25055,191,expanded_pam50,brier,-0.008593321171075538,184
GSE25055,191,expanded_pam50,logloss,-0.018575590639706985,184
GSE25055,192,expanded,auc,0.010191933916423724,197
GSE25055,192,expanded,ap,-0.006091524231962709,197
GSE25055,192,expanded,brier,0.0007587090755229564,197
GSE25055,192,expanded,logloss,-0.0015405806324242989,197
GSE25055,192,expanded_pam50,auc,0.0012309685779073542,197
GSE25055,192,expanded_pam50,ap,-0.008055262754658371,197
GSE25055,192,expanded_pam50,brier,0.0018617799090871177,197
GSE25055,192,expanded_pam50,logloss,0.003191949403876343,197
GSE25055,193,expanded,auc,0.007162964090079149,182
GSE25055,193,expanded,ap,0.02005416075997468,182
GSE25055,193,expanded,brier,-1.5086307786854603e-05,182
GSE25055,193,expanded,logloss,0.0025627387921120905,182
GSE25055,193,expanded_pam50,auc,-0.005318015824710897,182
GSE25055,193,expanded_pam50,ap,0.008613218329088984,182
GSE25055,193,expanded_pam50,brier,0.0032482786877394724,182
GSE25055,193,expanded_pam50,logloss,0.013175025614326551,182
GSE25055,194,expanded,auc,0.04232581967213115,194
GSE25055,194,expanded,ap,0.1084423364290418,194
GSE25055,194,expanded,brier,-0.01300882340675919,194
GSE25055,194,expanded,logloss,-0.03065349614982869,194
GSE25055,194,expanded_pam50,auc,0.034323770491803275,194
GSE25055,194,expanded_pam50,ap,0.08570203179728875,194
GSE25055,194,expanded_pam50,brier,-0.011003669728809886,194
GSE25055,194,expanded_pam50,logloss,-0.02576001475300075,194
GSE25055,195,expanded,auc,0.022474451331881383,186
GSE25055,195,expanded,ap,0.015039451089450937,186
GSE25055,195,expanded,brier,-2.545489979426385e-05,186
GSE25055,195,expanded,logloss,-0.008138950155525421,186
GSE25055,195,expanded_pam50,auc,0.01898978053275253,186
GSE25055,195,expanded_pam50,ap,0.022070191900909565,186
GSE25055,195,expanded_pam50,brier,-0.0007855104352980036,186
GSE25055,195,expanded_pam50,logloss,-0.007543368504517939,186
GSE25055,196,expanded,auc,0.008541112200588296,188
GSE25055,196,expanded,ap,0.012258902353337736,188
GSE25055,196,expanded,brier,-0.0007081236301783311,188
GSE25055,196,expanded,logloss,-0.001740357046402957,188
GSE25055,196,expanded_pam50,auc,0.009787785404118222,188
GSE25055,196,expanded_pam50,ap,0.01706730528696505,188
GSE25055,196,expanded_pam50,brier,-0.0017732654741079712,188
GSE25055,196,expanded_pam50,logloss,-0.0036152022250813265,188
GSE25055,197,expanded,auc,0.018800615484288973,182
GSE25055,197,expanded,ap,0.05025643254649879,182
GSE25055,197,expanded,brier,-0.0018137317348498078,182
GSE25055,197,expanded,logloss,-0.004772674063451288,182
GSE25055,197,expanded_pam50,auc,0.014872853903466132,182
GSE25055,197,expanded_pam50,ap,0.04608574980594462,182
GSE25055,197,expanded_pam50,brier,-0.0015027258890824096,182
GSE25055,197,expanded_pam50,logloss,-0.0015306824094245275,182
GSE25055,198,expanded,auc,0.03825687364843995,189
GSE25055,198,expanded,ap,0.08679029623877348,189
GSE25055,198,expanded,brier,-0.005752053114612019,189
GSE25055,198,expanded,logloss,-0.012487012211682968,189
GSE25055,198,expanded_pam50,auc,0.03582792709298732,189
GSE25055,198,expanded_pam50,ap,0.0732703074928875,189
GSE25055,198,expanded_pam50,brier,-0.004582813545634048,189
GSE25055,198,expanded_pam50,logloss,-0.0075770967865805335,189
GSE25055,199,expanded,auc,0.026772671941570337,189
GSE25055,199,expanded,ap,0.06959804516212591,189
GSE25055,199,expanded,brier,-0.0047182478884487955,189
GSE25055,199,expanded,logloss,-0.005689165545882452,189
GSE25055,199,expanded_pam50,auc,0.018175593426658587,189
GSE25055,199,expanded_pam50,ap,0.055284673975295726,189
GSE25055,199,expanded_pam50,brier,-0.0029807727504950255,189
GSE25055,199,expanded_pam50,logloss,-0.0004459532260048915,189
GSE25055,200,expanded,auc,0.04275614754098361,182
GSE25055,200,expanded,ap,0.13561015707396237,182
GSE25055,200,expanded,brier,-0.01559889580288265,182
GSE25055,200,expanded,logloss,-0.03291764308631981,182
GSE25055,200,expanded_pam50,auc,0.033722677595628435,182
GSE25055,200,expanded_pam50,ap,0.12429570041788378,182
GSE25055,200,expanded_pam50,brier,-0.011705850878949074,182
GSE25055,200,expanded_pam50,logloss,-0.021691608596185075,182
GSE25055,201,expanded,auc,0.0366479956809286,193
GSE25055,201,expanded,ap,0.05300233349543917,193
GSE25055,201,expanded,brier,-0.006548480324746364,193
GSE25055,201,expanded,logloss,-0.024626710282214227,193
GSE25055,201,expanded_pam50,auc,0.032939667971386144,193
GSE25055,201,expanded_pam50,ap,0.07095262090593309,193
GSE25055,201,expanded_pam50,brier,-0.006069195461269492,193
GSE25055,201,expanded_pam50,logloss,-0.0196961794690975,193
GSE25055,202,expanded,auc,0.03484950735591848,191
GSE25055,202,expanded,ap,0.08931300787125332,191
GSE25055,202,expanded,brier,-0.009215804003649805,191
GSE25055,202,expanded,logloss,-0.018553795152834618,191
GSE25055,202,expanded_pam50,auc,0.026386826832231036,191
GSE25055,202,expanded_pam50,ap,0.07476250030012892,191
GSE25055,202,expanded_pam50,brier,-0.006889839816640583,191
GSE25055,202,expanded_pam50,logloss,-0.012811973686332235,191
GSE25055,203,expanded,auc,0.05863814279929817,196
GSE25055,203,expanded,ap,0.17397858659983834,196
GSE25055,203,expanded,brier,-0.014026710185772246,196
GSE25055,203,expanded,logloss,-0.02839164736435406,196
GSE25055,203,expanded_pam50,auc,0.049574841409097035,196
GSE25055,203,expanded_pam50,ap,0.16735710343217475,196
GSE25055,203,expanded_pam50,brier,-0.0125623462013915,196
GSE25055,203,expanded_pam50,logloss,-0.024964390026001527,196
GSE25055,204,expanded,auc,-0.002468030690537082,190
GSE25055,204,expanded,ap,-0.007215253610532407,190
GSE25055,204,expanded,brier,0.001952497623383427,190
GSE25055,204,expanded,logloss,0.0055804640861275515,190
GSE25055,204,expanded_pam50,auc,0.0011508951406649537,190
GSE25055,204,expanded_pam50,ap,0.01042490115673202,190
GSE25055,204,expanded_pam50,brier,0.0005923430391913661,190
GSE25055,204,expanded_pam50,logloss,0.0028793309066438622,190
GSE25055,205,expanded,auc,0.039848605577689225,184
GSE25055,205,expanded,ap,0.06835701002229583,184
GSE25055,205,expanded,brier,-0.006133457139779118,184
GSE25055,205,expanded,logloss,-0.01791864765147358,184
GSE25055,205,expanded_pam50,auc,0.03772908366533867,184
GSE25055,205,expanded_pam50,ap,0.06842985972645527,184
GSE25055,205,expanded_pam50,brier,-0.006460278742415233,184
GSE25055,205,expanded_pam50,logloss,-0.01657865012333078,184
GSE25055,206,expanded,auc,-0.013722151270044003,200
GSE25055,206,expanded,ap,-0.0033532580924144793,200
GSE25055,206,expanded,brier,0.001465518573645619,200
GSE25055,206,expanded,logloss,0.005855110946419223,200
GSE25055,206,expanded_pam50,auc,-0.016751809280544937,200
GSE25055,206,expanded_pam50,ap,-0.012929803086112463,200
GSE25055,206,expanded_pam50,brier,0.0035347523946924254,200
GSE25055,206,expanded_pam50,logloss,0.010822080164054237,200
GSE25055,207,expanded,auc,0.013199939135727312,194
GSE25055,207,expanded,ap,0.029231306744953084,194
GSE25055,207,expanded,brier,-0.002943381628195746,194
GSE25055,207,expanded,logloss,-0.003987643562704335,194
GSE25055,207,expanded_pam50,auc,0.0134510042604991,194
GSE25055,207,expanded_pam50,ap,0.04739806951019482,194
GSE25055,207,expanded_pam50,brier,-0.0034486405443872672,194
GSE25055,207,expanded_pam50,logloss,-0.00583491855353494,194
GSE25055,208,expanded,auc,0.0033850652271704695,178
GSE25055,208,expanded,ap,0.01966159061390994,178
GSE25055,208,expanded,brier,0.0007284604967421088,178
GSE25055,208,expanded,logloss,-0.0012543014342208114,178
GSE25055,208,expanded_pam50,auc,0.003006447743289853,178
GSE25055,208,expanded_pam50,ap,0.02857166027909764,178
GSE25055,208,expanded_pam50,brier,0.0011096321137098685,178
GSE25055,208,expanded_pam50,logloss,0.00025024630338599805,178
GSE25055,209,expanded,auc,0.02858338405356057,189
GSE25055,209,expanded,ap,0.06459333015364459,189
GSE25055,209,expanded,brier,-0.0018367546841145416,189
GSE25055,209,expanded,logloss,-0.007054458127643043,189
GSE25055,209,expanded_pam50,auc,0.03682288496652467,189
GSE25055,209,expanded_pam50,ap,0.07410006887446101,189
GSE25055,209,expanded_pam50,brier,-0.004570249854824701,189
GSE25055,209,expanded_pam50,logloss,-0.014738518541696343,189
GSE25055,210,expanded,auc,0.030181071211199006,192
GSE25055,210,expanded,ap,0.04570127908482664,192
GSE25055,210,expanded,brier,-0.0037303956995589195,192
GSE25055,210,expanded,logloss,-0.013089089465598896,192
GSE25055,210,expanded_pam50,auc,0.012979306147291559,192
GSE25055,210,expanded_pam50,ap,0.02427293245208693,192
GSE25055,210,expanded_pam50,brier,-0.001019654914955323,192
GSE25055,210,expanded_pam50,logloss,-0.004080985245340419,192
GSE25055,211,expanded,auc,0.0797579529737206,194
GSE25055,211,expanded,ap,0.1691474789802056,194
GSE25055,211,expanded,brier,-0.01920974590627534,194
GSE25055,211,expanded,logloss,-0.04661117373893715,194
GSE25055,211,expanded_pam50,auc,0.07210926694329184,194
GSE25055,211,expanded_pam50,ap,0.14935605182527353,194
GSE25055,211,expanded_pam50,brier,-0.016874233802330527,194
GSE25055,211,expanded_pam50,logloss,-0.03901299078677952,194
GSE25055,212,expanded,auc,0.007843137254901933,192
GSE25055,212,expanded,ap,0.08130832484935283,192
GSE25055,212,expanded,brier,-0.00460385486612388,192
GSE25055,212,expanded,logloss,-0.007344571808097616,192
GSE25055,212,expanded_pam50,auc,0.006082432973189267,192
GSE25055,212,expanded_pam50,ap,0.06444739324631438,192
GSE25055,212,expanded_pam50,brier,-0.002918977040620377,192
GSE25055,212,expanded_pam50,logloss,-0.003241649436059929,192
GSE25055,213,expanded,auc,0.011665451895043732,197
GSE25055,213,expanded,ap,0.030972866449018248,197
GSE25055,213,expanded,brier,-0.002208557358439914,197
GSE25055,213,expanded,logloss,-0.004461270149027907,197
GSE25055,213,expanded_pam50,auc,0.0030612244897958996,197
GSE25055,213,expanded_pam50,ap,0.013387369998658328,197
GSE25055,213,expanded_pam50,brier,0.0011486462323876568,197
GSE25055,213,expanded_pam50,logloss,0.005685169639604715,197
GSE25055,214,expanded,auc,-0.00301863006023253,185
GSE25055,214,expanded,ap,-0.029618085064862305,185
GSE25055,214,expanded,brier,0.0029000245982225476,185
GSE25055,214,expanded,logloss,0.0029516536801410752,185
GSE25055,214,expanded_pam50,auc,-0.005561002941588467,185
GSE25055,214,expanded_pam50,ap,-0.03285340221889351,185
GSE25055,214,expanded_pam50,brier,0.003158392492540177,185
GSE25055,214,expanded_pam50,logloss,0.00442803154106175,185
GSE25055,215,expanded,auc,0.0488434794948205,191
GSE25055,215,expanded,ap,0.08846126501034393,191
GSE25055,215,expanded,brier,-0.009880302392607013,191
GSE25055,215,expanded,logloss,-0.03225563192491739,191
GSE25055,215,expanded_pam50,auc,0.028281538243224057,191
GSE25055,215,expanded_pam50,ap,0.07506179924567748,191
GSE25055,215,expanded_pam50,brier,-0.006924818742897623,191
GSE25055,215,expanded_pam50,logloss,-0.01846114657505858,191
GSE25055,216,expanded,auc,0.021704271321129554,186
GSE25055,216,expanded,ap,0.020537680614122027,186
GSE25055,216,expanded,brier,-0.0003201302052872418,186
GSE25055,216,expanded,logloss,-0.007192773423466148,186
GSE25055,216,expanded_pam50,auc,0.012132822477650051,186
GSE25055,216,expanded_pam50,ap,0.00886544746969356,186
GSE25055,216,expanded_pam50,brier,0.00047407123676635187,186
GSE25055,216,expanded_pam50,logloss,-0.0031019069238028495,186
GSE25055,217,expanded,auc,0.039829005250461194,194
GSE25055,217,expanded,ap,0.08618057498905338,194
GSE25055,217,expanded,brier,-0.008204199764322295,194
GSE25055,217,expanded,logloss,-0.0238077489951528,194
GSE25055,217,expanded_pam50,auc,0.03970838654746698,194
GSE25055,217,expanded_pam50,ap,0.09888301875354735,194
GSE25055,217,expanded_pam50,brier,-0.009573535078942295,194
GSE25055,217,expanded_pam50,logloss,-0.025862504576888108,194
GSE25055,218,expanded,auc,0.0349590163934426,188
GSE25055,218,expanded,ap,0.09718015141752993,188
GSE25055,218,expanded,brier,-0.00811119961671152,188
GSE25055,218,expanded,logloss,-0.015723374918693862,188
GSE25055,218,expanded_pam50,auc,0.02558060109289615,188
GSE25055,218,expanded_pam50,ap,0.06188120090836115,188
GSE25055,218,expanded_pam50,brier,-0.005229813706584529,188
GSE25055,218,expanded_pam50,logloss,-0.011524116596871053,188
GSE25055,219,expanded,auc,0.08928571428571427,187
GSE25055,219,expanded,ap,0.18894862749635963,187
GSE25055,219,expanded,brier,-0.016505870152670788,187
GSE25055,219,expanded,logloss,-0.05254582223877837,187
GSE25055,219,expanded_pam50,auc,0.0857871720116618,187
GSE25055,219,expanded_pam50,ap,0.19066826149263058,187
GSE25055,219,expanded_pam50,brier,-0.01772400207875755,187
GSE25055,219,expanded_pam50,logloss,-0.051970500685801294,187
GSE25055,220,expanded,auc,-0.0029766073679787118,185
GSE25055,220,expanded,ap,0.013111547765137722,185
GSE25055,220,expanded,brier,0.0017463692687090747,185
GSE25055,220,expanded,logloss,0.005366543697112941,185
GSE25055,220,expanded_pam50,auc,-0.000987533267964702,185
GSE25055,220,expanded_pam50,ap,0.038351233566533485,185
GSE25055,220,expanded_pam50,brier,0.00046254148845282226,185
GSE25055,220,expanded_pam50,logloss,0.003714804072166128,185
GSE25055,221,expanded,auc,0.02750329380764165,188
GSE25055,221,expanded,ap,0.06313477361846057,188
GSE25055,221,expanded,brier,-0.005707756353277735,188
GSE25055,221,expanded,logloss,-0.008902010267459588,188
GSE25055,221,expanded_pam50,auc,0.030566534914361,188
GSE25055,221,expanded_pam50,ap,0.07969833132946744,188
GSE25055,221,expanded_pam50,brier,-0.006766944016889936,188
GSE25055,221,expanded_pam50,logloss,-0.010093534460934089,188
GSE25055,222,expanded,auc,0.041297262059973895,179
GSE25055,222,expanded,ap,0.09133415902019901,179
GSE25055,222,expanded,brier,-0.009062614791965592,179
GSE25055,222,expanded,logloss,-0.025649341732537384,179
GSE25055,222,expanded_pam50,auc,0.041828552803129096,179
GSE25055,222,expanded_pam50,ap,0.0836940162889536,179
GSE25055,222,expanded_pam50,brier,-0.008754584118272856,179
GSE25055,222,expanded_pam50,logloss,-0.0232069258481098,179
GSE25055,223,expanded,auc,0.0180158247108947,195
GSE25055,223,expanded,ap,0.07146290288579027,195
GSE25055,223,expanded,brier,-0.00380254443032329,195
GSE25055,223,expanded,logloss,-0.011638086336939812,195
GSE25055,223,expanded_pam50,auc,0.017993000608642708,195
GSE25055,223,expanded_pam50,ap,0.06366978301805797,195
GSE25055,223,expanded_pam50,brier,-0.003983330794170353,195
GSE25055,223,expanded_pam50,logloss,-0.010204417571136437,195
GSE25055,224,expanded,auc,0.0418637621023513,192
GSE25055,224,expanded,ap,0.10740480155884724,192
GSE25055,224,expanded,brier,-0.009002884621781624,192
GSE25055,224,expanded,logloss,-0.01772145590631512,192
GSE25055,224,expanded_pam50,auc,0.035926694329183925,192
GSE25055,224,expanded_pam50,ap,0.09666659228805988,192
GSE25055,224,expanded_pam50,brier,-0.007337414807155024,192
GSE25055,224,expanded_pam50,logloss,-0.013618456124100791,192
GSE25055,225,expanded,auc,0.0008418288538770801,183
GSE25055,225,expanded,ap,0.040266572971452676,183
GSE25055,225,expanded,brier,0.00032672773377698667,183
GSE25055,225,expanded,logloss,-0.003514757135041824,183
GSE25055,225,expanded_pam50,auc,-0.0014017608897126887,183
GSE25055,225,expanded_pam50,ap,0.02387254352927904,183
GSE25055,225,expanded_pam50,brier,0.0022758600311197667,183
GSE25055,225,expanded_pam50,logloss,0.001513408642468622,183
GSE25055,226,expanded,auc,0.01154731457800513,194
GSE25055,226,expanded,ap,0.047684880603743554,194
GSE25055,226,expanded,brier,-0.0019807348004812807,194
GSE25055,226,expanded,logloss,0.00046859407749679226,194
GSE25055,226,expanded_pam50,auc,0.021125319693094648,194
GSE25055,226,expanded_pam50,ap,0.061928206288350426,194
GSE25055,226,expanded_pam50,brier,-0.0036753180568733237,194
GSE25055,226,expanded_pam50,logloss,-0.003950300922488853,194
GSE25055,227,expanded,auc,0.03241299971239574,190
GSE25055,227,expanded,ap,0.10243591117947555,190
GSE25055,227,expanded,brier,-0.013945931072461424,190
GSE25055,227,expanded,logloss,-0.02479354473999799,190
GSE25055,227,expanded_pam50,auc,0.03821541558815071,190
GSE25055,227,expanded_pam50,ap,0.10150660410756833,190
GSE25055,227,expanded_pam50,brier,-0.014474985063156757,190
GSE25055,227,expanded_pam50,logloss,-0.023833978969973725,190
GSE25055,228,expanded,auc,0.0365521064301552,193
GSE25055,228,expanded,ap,0.08066325126842913,193
GSE25055,228,expanded,brier,-0.0074465658652979145,193
GSE25055,228,expanded,logloss,-0.016402745500009874,193
GSE25055,228,expanded_pam50,auc,0.03252032520325203,193
GSE25055,228,expanded_pam50,ap,0.077900497231192,193
GSE25055,228,expanded_pam50,brier,-0.0057452064625717145,193
GSE25055,228,expanded_pam50,logloss,-0.013111399229624576,193
GSE25055,229,expanded,auc,0.008893791844187449,191
GSE25055,229,expanded,ap,0.029575601020585745,191
GSE25055,229,expanded,brier,2.7011228416209954e-05,191
GSE25055,229,expanded,logloss,0.002462417084645269,191
GSE25055,229,expanded_pam50,auc,0.0032790626902008515,191
GSE25055,229,expanded_pam50,ap,0.02399376105692046,191
GSE25055,229,expanded_pam50,brier,0.0007578105220415688,191
GSE25055,229,expanded_pam50,logloss,0.005151089668346637,191
GSE25055,230,expanded,auc,0.06792968202829527,193
GSE25055,230,expanded,ap,0.14879772367776375,193
GSE25055,230,expanded,brier,-0.011045889841063408,193
GSE25055,230,expanded,logloss,-0.027353095473979093,193
GSE25055,230,expanded_pam50,auc,0.03928421347527665,193
GSE25055,230,expanded_pam50,ap,0.12941427888954102,193
GSE25055,230,expanded_pam50,brier,-0.009368239339249431,193
GSE25055,230,expanded_pam50,logloss,-0.022894866788291918,193
GSE25055,231,expanded,auc,0.0305327868852459,186
GSE25055,231,expanded,ap,0.108201134242823,186
GSE25055,231,expanded,brier,-0.010228832725566007,186
GSE25055,231,expanded,logloss,-0.02527950625735247,186
GSE25055,231,expanded_pam50,auc,0.03106557377049183,186
GSE25055,231,expanded_pam50,ap,0.10831448813495326,186
GSE25055,231,expanded_pam50,brier,-0.009806476827072063,186
GSE25055,231,expanded_pam50,logloss,-0.02443035143876037,186
GSE25055,232,expanded,auc,0.05381819394424438,185
GSE25055,232,expanded,ap,0.127250643295568,185
GSE25055,232,expanded,brier,-0.01137978045132173,185
GSE25055,232,expanded,logloss,-0.02341376884604513,185
GSE25055,232,expanded_pam50,auc,0.03308990262771775,185
GSE25055,232,expanded_pam50,ap,0.1121099575358612,185
GSE25055,232,expanded_pam50,brier,-0.00793632232316201,185
GSE25055,232,expanded_pam50,logloss,-0.015482260023580214,185
GSE25055,233,expanded,auc,-0.0028225241630480346,189
GSE25055,233,expanded,ap,0.011311659619964077,189
GSE25055,233,expanded,brier,0.0012834177785896821,189
GSE25055,233,expanded,logloss,0.002637104591085382,189
GSE25055,233,expanded_pam50,auc,-0.006415464350749378,189
GSE25055,233,expanded_pam50,ap,-0.00011263023674768503,189
GSE25055,233,expanded_pam50,brier,0.0023304300705529538,189
GSE25055,233,expanded_pam50,logloss,0.00562600982615698,189
GSE25055,234,expanded,auc,0.023425366695427097,183
GSE25055,234,expanded,ap,0.06398851879361679,183
GSE25055,234,expanded,brier,-0.006728264810706405,183
GSE25055,234,expanded,logloss,-0.017820963761633096,183
GSE25055,234,expanded_pam50,auc,0.02163143514524014,183
GSE25055,234,expanded_pam50,ap,0.0600767776995282,183
GSE25055,234,expanded_pam50,brier,-0.006617568852948388,183
GSE25055,234,expanded_pam50,logloss,-0.016296300386640213,183
GSE25055,235,expanded,auc,0.02119607843137252,196
GSE25055,235,expanded,ap,0.03267761185445992,196
GSE25055,235,expanded,brier,-0.0012561316165757535,196
GSE25055,235,expanded,logloss,-0.006422868121616338,196
GSE25055,235,expanded_pam50,auc,0.02025098039215687,196
GSE25055,235,expanded_pam50,ap,0.037832545116236495,196
GSE25055,235,expanded_pam50,brier,-0.0018994141145677796,196
GSE25055,235,expanded_pam50,logloss,-0.005855357047220783,196
GSE25055,236,expanded,auc,0.007009548611111105,202
GSE25055,236,expanded,ap,0.0350785903046562,202
GSE25055,236,expanded,brier,-0.0023151739865159672,202
GSE25055,236,expanded,logloss,-0.008016520585185021,202
GSE25055,236,expanded_pam50,auc,-0.0014366319444444552,202
GSE25055,236,expanded_pam50,ap,0.01705283433093776,202
GSE25055,236,expanded_pam50,brier,-8.698867808612509e-05,202
GSE25055,236,expanded_pam50,logloss,-0.002293220284097569,202
GSE25055,237,expanded,auc,0.031623385837945196,200
GSE25055,237,expanded,ap,0.081231584513381,200
GSE25055,237,expanded,brier,-0.005635942974029548,200
GSE25055,237,expanded,logloss,-0.018354239496464548,200
GSE25055,237,expanded_pam50,auc,0.024003121895842215,200
GSE25055,237,expanded_pam50,ap,0.06453351021089064,200
GSE25055,237,expanded_pam50,brier,-0.00354744165197714,200
GSE25055,237,expanded_pam50,logloss,-0.011349660702336234,200
GSE25055,238,expanded,auc,0.026846452866861048,193
GSE25055,238,expanded,ap,0.1275781312548827,193
GSE25055,238,expanded,brier,-0.007201851570249033,193
GSE25055,238,expanded,logloss,-0.02246012829840164,193
GSE25055,238,expanded_pam50,auc,0.026838354389374798,193
GSE25055,238,expanded_pam50,ap,0.13874715730063056,193
GSE25055,238,expanded_pam50,brier,-0.008116034913414278,193
GSE25055,238,expanded_pam50,logloss,-0.02166400515754366,193
GSE25055,239,expanded,auc,0.013352826510721238,192
GSE25055,239,expanded,ap,0.02437301395330572,192
GSE25055,239,expanded,brier,-0.002375669465927363,192
GSE25055,239,expanded,logloss,-9.186909887359262e-05,192
GSE25055,239,expanded_pam50,auc,0.014087569350727257,192
GSE25055,239,expanded_pam50,ap,0.02326855431196531,192
GSE25055,239,expanded_pam50,brier,-0.0025659261851079277,192
GSE25055,239,expanded_pam50,logloss,-0.0008334763896179154,192
GSE25055,240,expanded,auc,-0.002025684688519924,200
GSE25055,240,expanded,ap,0.023204238172394177,200
GSE25055,240,expanded,brier,0.0003775431719552719,200
GSE25055,240,expanded,logloss,0.008998760346229795,200
GSE25055,240,expanded_pam50,auc,-0.007300979140059593,200
GSE25055,240,expanded_pam50,ap,0.016031487464683337,200
GSE25055,240,expanded_pam50,brier,0.0031434116218941877,200
GSE25055,240,expanded_pam50,logloss,0.01472607076771718,200
GSE25055,241,expanded,auc,0.016313718140929523,183
GSE25055,241,expanded,ap,0.026639570085364207,183
GSE25055,241,expanded,brier,0.0015874753903733136,183
GSE25055,241,expanded,logloss,0.0031165362169757738,183
GSE25055,241,expanded_pam50,auc,0.003007871064467771,183
GSE25055,241,expanded_pam50,ap,0.0021629030641519276,183
GSE25055,241,expanded_pam50,brier,0.004042016952203043,183
GSE25055,241,expanded_pam50,logloss,0.009013234816668898,183
GSE25055,242,expanded,auc,0.022945628668520224,195
GSE25055,242,expanded,ap,0.03690137061911118,195
GSE25055,242,expanded,brier,-0.0038383668718690754,195
GSE25055,242,expanded,logloss,-0.013121846717299495,195
GSE25055,242,expanded_pam50,auc,0.009692616620327466,195
GSE25055,242,expanded_pam50,ap,0.0021585176722368647,195
GSE25055,242,expanded_pam50,brier,-4.535277042913427e-05,195
GSE25055,242,expanded_pam50,logloss,-0.002776882794574903,195
GSE25055,243,expanded,auc,0.02590588235294119,193
GSE25055,243,expanded,ap,0.049963615025941155,193
GSE25055,243,expanded,brier,-0.003812251837330423,193
GSE25055,243,expanded,logloss,-0.007021241687169754,193
GSE25055,243,expanded_pam50,auc,0.03090588235294116,193
GSE25055,243,expanded_pam50,ap,0.05578484918725788,193
GSE25055,243,expanded_pam50,brier,-0.004683391831945133,193
GSE25055,243,expanded_pam50,logloss,-0.008443045308365798,193
GSE25055,244,expanded,auc,0.06620910268869451,187
GSE25055,244,expanded,ap,0.1703611068565838,187
GSE25055,244,expanded,brier,-0.013218392759633555,187
GSE25055,244,expanded,logloss,-0.028420663716268734,187
GSE25055,244,expanded_pam50,auc,0.05143343051506316,187
GSE25055,244,expanded_pam50,ap,0.1355607503654844,187
GSE25055,244,expanded_pam50,brier,-0.010212613885681775,187
GSE25055,244,expanded_pam50,logloss,-0.02190821599482708,187
GSE25055,245,expanded,auc,0.05916862745098041,199
GSE25055,245,expanded,ap,0.135433444266075,199
GSE25055,245,expanded,brier,-0.013938603885758499,199
GSE25055,245,expanded,logloss,-0.03201677430324991,199
GSE25055,245,expanded_pam50,auc,0.052125490196078414,199
GSE25055,245,expanded_pam50,ap,0.14310052167253975,199
GSE25055,245,expanded_pam50,brier,-0.012719607155655423,199
GSE25055,245,expanded_pam50,logloss,-0.026589868257387645,199
GSE25055,246,expanded,auc,-0.00011456023651144065,200
GSE25055,246,expanded,ap,0.015823937409649557,200
GSE25055,246,expanded,brier,0.0011958805895521784,200
GSE25055,246,expanded,logloss,0.0029041582263635234,200
GSE25055,246,expanded_pam50,auc,-0.002897265336289734,200
GSE25055,246,expanded_pam50,ap,0.010968175051933848,200
GSE25055,246,expanded_pam50,brier,0.001731624529733042,200
GSE25055,246,expanded_pam50,logloss,0.0042579502187416575,200
GSE25055,247,expanded,auc,0.03380348225131598,194
GSE25055,247,expanded,ap,0.07053771649247471,194
GSE25055,247,expanded,brier,-0.008018211055675937,194
GSE25055,247,expanded,logloss,-0.03436088971478906,194
GSE25055,247,expanded_pam50,auc,0.028590228100958293,194
GSE25055,247,expanded_pam50,ap,0.08012554911189483,194
GSE25055,247,expanded_pam50,brier,-0.006292726367299764,194
GSE25055,247,expanded_pam50,logloss,-0.02643075403270668,194
GSE25055,248,expanded,auc,0.048434262948207185,185
GSE25055,248,expanded,ap,0.07498252897483874,185
GSE25055,248,expanded,brier,-0.008685324779000787,185
GSE25055,248,expanded,logloss,-0.027314179093792846,185
GSE25055,248,expanded_pam50,auc,0.04815139442231074,185
GSE25055,248,expanded_pam50,ap,0.0723465669061055,185
GSE25055,248,expanded_pam50,brier,-0.0081152754670511,185
GSE25055,248,expanded_pam50,logloss,-0.024532865230259236,185
GSE25055,249,expanded,auc,0.02376950780312126,186
GSE25055,249,expanded,ap,0.06608611883421948,186
GSE25055,249,expanded,brier,-0.005634934663447444,186
GSE25055,249,expanded,logloss,-0.009166475627959353,186
GSE25055,249,expanded_pam50,auc,0.02105508870214754,186
GSE25055,249,expanded_pam50,ap,0.06806871418332008,186
GSE25055,249,expanded_pam50,brier,-0.005288280089651679,186
GSE25055,249,expanded_pam50,logloss,-0.004609780416761256,186
GSE25055,250,expanded,auc,0.009769080821712383,187
GSE25055,250,expanded,ap,0.034515540636134115,187
GSE25055,250,expanded,brier,0.00042813897647884234,187
GSE25055,250,expanded,logloss,-0.0010028941487744414,187
GSE25055,250,expanded_pam50,auc,0.000959664117558856,187
GSE25055,250,expanded_pam50,ap,0.029380855699004428,187
GSE25055,250,expanded_pam50,brier,0.0007393616326268323,187
GSE25055,250,expanded_pam50,logloss,7.504556185051747e-05,187
GSE25055,251,expanded,auc,0.014358600583090353,200
GSE25055,251,expanded,ap,0.05205754034711045,200
GSE25055,251,expanded,brier,-0.0029986812288869567,200
GSE25055,251,expanded,logloss,-0.009579533699335101,200
GSE25055,251,expanded_pam50,auc,-8.098477486240264e-06,200
GSE25055,251,expanded_pam50,ap,0.02128839433210835,200
GSE25055,251,expanded_pam50,brier,0.00032698051893322033,200
GSE25055,251,expanded_pam50,logloss,-0.0004707608708250322,200
GSE25055,252,expanded,auc,0.03656888121944205,192
GSE25055,252,expanded,ap,0.13849738177623366,192
GSE25055,252,expanded,brier,-0.013118940173480304,192
GSE25055,252,expanded,logloss,-0.027983391412585462,192
GSE25055,252,expanded_pam50,auc,0.033132010353753225,192
GSE25055,252,expanded_pam50,ap,0.1215711128555365,192
GSE25055,252,expanded_pam50,brier,-0.010436563803506261,192
GSE25055,252,expanded_pam50,logloss,-0.026180852772240987,192
GSE25055,253,expanded,auc,0.009344262295081973,192
GSE25055,253,expanded,ap,0.03375293644497514,192
GSE25055,253,expanded,brier,-0.0016946143556268224,192
GSE25055,253,expanded,logloss,-0.0048246239607851625,192
GSE25055,253,expanded_pam50,auc,0.01383879781420766,192
GSE25055,253,expanded_pam50,ap,0.04768305981325112,192
GSE25055,253,expanded_pam50,brier,-0.0030713344287522345,192
GSE25055,253,expanded_pam50,logloss,-0.008968500193602891,192
GSE25055,254,expanded,auc,-2.2824102251983726e-05,175
GSE25055,254,expanded,ap,0.011812141527308872,175
GSE25055,254,expanded,brier,0.00016595465287198296,175
GSE25055,254,expanded,logloss,-0.0019435710918094373,175
GSE25055,254,expanded_pam50,auc,0.0009129640900791269,175
GSE25055,254,expanded_pam50,ap,0.009010678466558859,175
GSE25055,254,expanded_pam50,brier,0.0011052452474004215,175
GSE25055,254,expanded_pam50,logloss,0.0006154321986375444,175
GSE25055,255,expanded,auc,0.0668674698795181,191
GSE25055,255,expanded,ap,0.07967377439166419,191
GSE25055,255,expanded,brier,-0.009542571241847042,191
GSE25055,255,expanded,logloss,-0.03723212297915075,191
GSE25055,255,expanded_pam50,auc,0.05900525177633611,191
GSE25055,255,expanded_pam50,ap,0.0776946507001367,191
GSE25055,255,expanded_pam50,brier,-0.00985675028810008,191
GSE25055,255,expanded_pam50,logloss,-0.032940358780080045,191
GSE25055,256,expanded,auc,0.06185511275872722,188
GSE25055,256,expanded,ap,0.1375233027970075,188
GSE25055,256,expanded,brier,-0.012658525920430944,188
GSE25055,256,expanded,logloss,-0.035147948588638414,188
GSE25055,256,expanded_pam50,auc,0.05366079703429101,188
GSE25055,256,expanded_pam50,ap,0.1271624929653157,188
GSE25055,256,expanded_pam50,brier,-0.011156330766251747,188
GSE25055,256,expanded_pam50,logloss,-0.02825104719179438,188
GSE25055,257,expanded,auc,0.05998038941028157,182
GSE25055,257,expanded,ap,0.11050488934586031,182
GSE25055,257,expanded,brier,-0.00989174107621801,182
GSE25055,257,expanded,logloss,-0.03060473266404266,182
GSE25055,257,expanded_pam50,auc,0.04443199327636923,182
GSE25055,257,expanded_pam50,ap,0.07976297815089665,182
GSE25055,257,expanded_pam50,brier,-0.006403406879928278,182
GSE25055,257,expanded_pam50,logloss,-0.021221785033666164,182
GSE25055,258,expanded,auc,0.008050291545189514,186
GSE25055,258,expanded,ap,0.014688229269002786,186
GSE25055,258,expanded,brier,0.0005410228741607348,186
GSE25055,258,expanded,logloss,0.0075473687130690305,186
GSE25055,258,expanded_pam50,auc,0.008341836734693886,186
GSE25055,258,expanded_pam50,ap,0.027386422826723544,186
GSE25055,258,expanded_pam50,brier,-0.0009703968176136585,186
GSE25055,258,expanded_pam50,logloss,0.005361509519149338,186
GSE25055,259,expanded,auc,0.05714394400486913,194
GSE25055,259,expanded,ap,0.05778409115949551,194
GSE25055,259,expanded,brier,-0.0028490098798047564,194
GSE25055,259,expanded,logloss,-0.011112376471599739,194
GSE25055,259,expanded_pam50,auc,0.02970176506390748,194
GSE25055,259,expanded_pam50,ap,0.02988663356158962,194
GSE25055,259,expanded_pam50,brier,8.476614330711896e-05,194
GSE25055,259,expanded_pam50,logloss,-0.0014143084358500424,194
GSE25055,260,expanded,auc,-0.007970346791757444,190
GSE25055,260,expanded,ap,-0.004973439328800899,190
GSE25055,260,expanded,brier,0.0021391495768210435,190
GSE25055,260,expanded,logloss,0.005595788395469386,190
GSE25055,260,expanded_pam50,auc,-0.010847713184788077,190
GSE25055,260,expanded_pam50,ap,-0.013632301837630246,190
GSE25055,260,expanded_pam50,brier,0.003156150633948468,190
GSE25055,260,expanded_pam50,logloss,0.008719036677286147,190
GSE25055,261,expanded,auc,0.01772843838574706,192
GSE25055,261,expanded,ap,0.0677710140437642,192
GSE25055,261,expanded,brier,-0.00486755802055521,192
GSE25055,261,expanded,logloss,-0.014529629956662982,192
GSE25055,261,expanded_pam50,auc,0.014900796328789356,192
GSE25055,261,expanded_pam50,ap,0.05078065831854957,192
GSE25055,261,expanded_pam50,brier,-0.0031725330925971656,192
GSE25055,261,expanded_pam50,logloss,-0.011079250006031039,192
GSE25055,262,expanded,auc,0.03473123262279887,181
GSE25055,262,expanded,ap,0.03788858225547271,181
GSE25055,262,expanded,brier,2.5091626174506e-06,181
GSE25055,262,expanded,logloss,-0.012514960456110818,181
GSE25055,262,expanded_pam50,auc,0.019586036453506327,181
GSE25055,262,expanded_pam50,ap,0.014887200690846253,181
GSE25055,262,expanded_pam50,brier,0.0033283671930355667,181
GSE25055,262,expanded_pam50,logloss,-0.0037583665935833122,181
GSE25055,263,expanded,auc,0.026519699812382745,194
GSE25055,263,expanded,ap,0.03636319784529828,194
GSE25055,263,expanded,brier,-0.003073681356033281,194
GSE25055,263,expanded,logloss,-0.010655161912031013,194
GSE25055,263,expanded_pam50,auc,0.02021575984990621,194
GSE25055,263,expanded_pam50,ap,0.03424387847618616,194
GSE25055,263,expanded_pam50,brier,-0.002718567664775018,194
GSE25055,263,expanded_pam50,logloss,-0.008205184552372647,194
GSE25055,264,expanded,auc,0.050410199556541024,187
GSE25055,264,expanded,ap,0.062247409324245606,187
GSE25055,264,expanded,brier,-0.007291796905863637,187
GSE25055,264,expanded,logloss,-0.0167873476178849,187
GSE25055,264,expanded_pam50,auc,0.023758314855875852,187
GSE25055,264,expanded_pam50,ap,0.0355036983148171,187
GSE25055,264,expanded_pam50,brier,-0.0023983901364239167,187
GSE25055,264,expanded_pam50,logloss,-0.003486378060162021,187
GSE25055,265,expanded,auc,0.031388235294117675,188
GSE25055,265,expanded,ap,0.05718261365110312,188
GSE25055,265,expanded,brier,-0.003966710348144845,188
GSE25055,265,expanded,logloss,-0.01621605576139924,188
GSE25055,265,expanded_pam50,auc,0.02098039215686277,188
GSE25055,265,expanded_pam50,ap,0.0530339100712951,188
GSE25055,265,expanded_pam50,brier,-0.002331736642199725,188
GSE25055,265,expanded_pam50,logloss,-0.008886444615185302,188
GSE25055,266,expanded,auc,0.0046030961791831415,192
GSE25055,266,expanded,ap,0.03634562482104118,192
GSE25055,266,expanded,brier,-0.001048758163877446,192
GSE25055,266,expanded,logloss,0.002692066635424839,192
GSE25055,266,expanded_pam50,auc,-0.004158432147562596,192
GSE25055,266,expanded_pam50,ap,0.02208339450241254,192
GSE25055,266,expanded_pam50,brier,0.0008022156523678603,192
GSE25055,266,expanded_pam50,logloss,0.008149813715100058,192
GSE25055,267,expanded,auc,0.023681434599156115,192
GSE25055,267,expanded,ap,0.0619444929684718,192
GSE25055,267,expanded,brier,-0.008442396055477327,192
GSE25055,267,expanded,logloss,-0.015039250471344485,192
GSE25055,267,expanded_pam50,auc,0.026199894514767917,192
GSE25055,267,expanded_pam50,ap,0.07225817862142683,192
GSE25055,267,expanded_pam50,brier,-0.00842487777383,192
GSE25055,267,expanded_pam50,logloss,-0.012805217736248565,192
GSE25055,268,expanded,auc,0.018073175216032356,184
GSE25055,268,expanded,ap,0.09305698834307033,184
GSE25055,268,expanded,brier,-0.00511527664352471,184
GSE25055,268,expanded,logloss,-0.005434267648017477,184
GSE25055,268,expanded_pam50,auc,0.019194704908990633,184
GSE25055,268,expanded_pam50,ap,0.09016471355343283,184
GSE25055,268,expanded_pam50,brier,-0.005337760221681064,184
GSE25055,268,expanded_pam50,logloss,-0.005123605870516623,184
GSE25055,269,expanded,auc,-0.003104726598702512,187
GSE25055,269,expanded,ap,-0.007103060403690659,187
GSE25055,269,expanded,brier,0.0019494197672695807,187
GSE25055,269,expanded,logloss,0.005203066642754323,187
GSE25055,269,expanded_pam50,auc,-0.005583873957367935,187
GSE25055,269,expanded_pam50,ap,-0.011337216650980775,187
GSE25055,269,expanded_pam50,brier,0.0023157293458183513,187
GSE25055,269,expanded_pam50,logloss,0.006383091645037325,187
GSE25055,270,expanded,auc,-0.005672983479105919,193
GSE25055,270,expanded,ap,-0.018752443579007377,193
GSE25055,270,expanded,brier,0.0016784186127269784,193
GSE25055,270,expanded,logloss,0.00602093463957164,193
GSE25055,270,expanded_pam50,auc,-0.0026239067055393696,193
GSE25055,270,expanded_pam50,ap,-0.014398536248396631,193
GSE25055,270,expanded_pam50,brier,0.0014677713154524388,193
GSE25055,270,expanded_pam50,logloss,0.0053574623818817505,193
GSE25055,271,expanded,auc,0.02795918367346938,194
GSE25055,271,expanded,ap,0.09063813415956049,194
GSE25055,271,expanded,brier,-0.003303332143239285,194
GSE25055,271,expanded,logloss,-0.012383865063251403,194
GSE25055,271,expanded_pam50,auc,0.022529154518950434,194
GSE25055,271,expanded_pam50,ap,0.0846077728726308,194
GSE25055,271,expanded_pam50,brier,-0.002972158130286752,194
GSE25055,271,expanded_pam50,logloss,-0.00896434851281066,194
GSE25055,272,expanded,auc,0.03982853643600737,192
GSE25055,272,expanded,ap,0.1212555124973113,192
GSE25055,272,expanded,brier,-0.016443764832935477,192
GSE25055,272,expanded,logloss,-0.02424864880748323,192
GSE25055,272,expanded_pam50,auc,0.04022045315370485,192
GSE25055,272,expanded_pam50,ap,0.12694419551126143,192
GSE25055,272,expanded_pam50,brier,-0.015514642638452286,192
GSE25055,272,expanded_pam50,logloss,-0.017989311439901613,192
GSE25055,273,expanded,auc,0.048501317523056656,189
GSE25055,273,expanded,ap,0.1349906125649856,189
GSE25055,273,expanded,brier,-0.01235086164699167,189
GSE25055,273,expanded,logloss,-0.037373175710132156,189
GSE25055,273,expanded_pam50,auc,0.04809782608695653,189
GSE25055,273,expanded_pam50,ap,0.12530394938311779,189
GSE25055,273,expanded_pam50,brier,-0.012023825993406076,189
GSE25055,273,expanded_pam50,logloss,-0.03665947464488363,189
GSE25055,274,expanded,auc,0.05617783775678513,181
GSE25055,274,expanded,ap,0.1798882238348319,181
GSE25055,274,expanded,brier,-0.014891726919582357,181
GSE25055,274,expanded,logloss,-0.04169540173124482,181
GSE25055,274,expanded_pam50,auc,0.05804468436047385,181
GSE25055,274,expanded_pam50,ap,0.1906577194254258,181
GSE25055,274,expanded_pam50,brier,-0.0167476920152214,181
GSE25055,274,expanded_pam50,logloss,-0.04067509677095467,181
GSE25055,275,expanded,auc,0.01910912190963341,195
GSE25055,275,expanded,ap,0.013210822239646425,195
GSE25055,275,expanded,brier,-0.0010713315680483337,195
GSE25055,275,expanded,logloss,-0.010334376865681939,195
GSE25055,275,expanded_pam50,auc,0.028895993179880654,195
GSE25055,275,expanded_pam50,ap,0.03279929778135925,195
GSE25055,275,expanded_pam50,brier,-0.0035259716472639743,195
GSE25055,275,expanded_pam50,logloss,-0.016695050972796704,195
GSE25055,276,expanded,auc,0.02828717201166182,192
GSE25055,276,expanded,ap,0.09447762827131012,192
GSE25055,276,expanded,brier,-0.0060279984172079805,192
GSE25055,276,expanded,logloss,-0.016967548799982735,192
GSE25055,276,expanded_pam50,auc,0.023833819241982513,192
GSE25055,276,expanded_pam50,ap,0.07907273547530302,192
GSE25055,276,expanded_pam50,brier,-0.004721011787944082,192
GSE25055,276,expanded_pam50,logloss,-0.011017647284139603,192
GSE25055,277,expanded,auc,-0.000687364843991356,181
GSE25055,277,expanded,ap,0.04420083010967134,181
GSE25055,277,expanded,brier,0.0008045958755391492,181
GSE25055,277,expanded,logloss,-0.0012674225743792788,181
GSE25055,277,expanded_pam50,auc,-0.003444547420451016,181
GSE25055,277,expanded_pam50,ap,0.05395906209597083,181
GSE25055,277,expanded_pam50,brier,0.001097551031586122,181
GSE25055,277,expanded_pam50,logloss,0.000977889517672481,181
GSE25055,278,expanded,auc,0.034518828451882866,181
GSE25055,278,expanded,ap,0.07735280435742872,181
GSE25055,278,expanded,brier,-0.008673511730503325,181
GSE25055,278,expanded,logloss,-0.024626276993062753,181
GSE25055,278,expanded_pam50,auc,0.01751923336482658,181
GSE25055,278,expanded_pam50,ap,0.04058190379879435,181
GSE25055,278,expanded_pam50,brier,-0.003647031442844048,181
GSE25055,278,expanded_pam50,logloss,-0.010894853901842022,181
GSE25055,279,expanded,auc,0.03080539358600586,188
GSE25055,279,expanded,ap,0.11321141175052418,188
GSE25055,279,expanded,brier,-0.006960131145125269,188
GSE25055,279,expanded,logloss,-0.017845997101880208,188
GSE25055,279,expanded_pam50,auc,0.021975218658892137,188
GSE25055,279,expanded_pam50,ap,0.08650153783216773,188
GSE25055,279,expanded_pam50,brier,-0.004200019000848506,188
GSE25055,279,expanded_pam50,logloss,-0.011071315542036525,188
GSE25055,280,expanded,auc,0.03868075801749271,185
GSE25055,280,expanded,ap,0.12026388152603355,185
GSE25055,280,expanded,brier,-0.010484835081936312,185
GSE25055,280,expanded,logloss,-0.020161295355361215,185
GSE25055,280,expanded_pam50,auc,0.029001457725947512,185
GSE25055,280,expanded_pam50,ap,0.09589098211054378,185
GSE25055,280,expanded_pam50,brier,-0.007237697099743012,185
GSE25055,280,expanded_pam50,logloss,-0.013151398087447924,185
GSE25055,281,expanded,auc,0.06113387978142078,190
GSE25055,281,expanded,ap,0.07534077196633641,190
GSE25055,281,expanded,brier,-0.009892481428288472,190
GSE25055,281,expanded,logloss,-0.035300263637977045,190
GSE25055,281,expanded_pam50,auc,0.054152286453839515,190
GSE25055,281,expanded_pam50,ap,0.06288075425221716,190
GSE25055,281,expanded_pam50,brier,-0.008819309248468946,190
GSE25055,281,expanded_pam50,logloss,-0.029705663610116874,190
GSE25055,282,expanded,auc,0.007673069227691098,196
GSE25055,282,expanded,ap,0.05151253656326162,196
GSE25055,282,expanded,brier,-0.002379549689085131,196
GSE25055,282,expanded,logloss,-0.002963408065177081,196
GSE25055,282,expanded_pam50,auc,0.004101640656262484,196
GSE25055,282,expanded_pam50,ap,0.03617258764824301,196
GSE25055,282,expanded_pam50,brier,-0.0006733848949133231,196
GSE25055,282,expanded_pam50,logloss,9.024995428379978e-05,196
GSE25055,283,expanded,auc,0.02224589166159464,201
GSE25055,283,expanded,ap,0.022409832026991906,201
GSE25055,283,expanded,brier,0.001102416635052697,201
GSE25055,283,expanded,logloss,0.0017724791987633937,201
GSE25055,283,expanded_pam50,auc,0.013527084601339024,201
GSE25055,283,expanded_pam50,ap,0.013386386958325214,201
GSE25055,283,expanded_pam50,brier,0.0020100268892177613,201
GSE25055,283,expanded_pam50,logloss,0.003570739506449394,201
GSE25055,284,expanded,auc,0.03565410199556539,191
GSE25055,284,expanded,ap,0.11961252183005726,191
GSE25055,284,expanded,brier,-0.013041214168100886,191
GSE25055,284,expanded,logloss,-0.031768618113803285,191
GSE25055,284,expanded_pam50,auc,0.02726533628972654,191
GSE25055,284,expanded_pam50,ap,0.1006050086369866,191
GSE25055,284,expanded_pam50,brier,-0.00879401502015153,191
GSE25055,284,expanded_pam50,logloss,-0.01998775196573944,191
GSE25055,285,expanded,auc,0.010671936758893275,190
GSE25055,285,expanded,ap,0.0214848745487695,190
GSE25055,285,expanded,brier,-0.0004261267675046823,190
GSE25055,285,expanded,logloss,-0.005657439193790864,190
GSE25055,285,expanded_pam50,auc,0.009568511198945983,190
GSE25055,285,expanded_pam50,ap,0.03331156440773973,190
GSE25055,285,expanded_pam50,brier,0.0001924778804548763,190
GSE25055,285,expanded_pam50,logloss,-0.0037233735790355438,190
GSE25055,286,expanded,auc,0.021760956175298794,191
GSE25055,286,expanded,ap,0.08158523871856167,191
GSE25055,286,expanded,brier,-0.003375770437144855,191
GSE25055,286,expanded,logloss,-0.007013362064168488,191
GSE25055,286,expanded_pam50,auc,0.02216733067729082,191
GSE25055,286,expanded_pam50,ap,0.0773330805945203,191
GSE25055,286,expanded_pam50,brier,-0.0045261438013824914,191
GSE25055,286,expanded_pam50,logloss,-0.008321343074539472,191
GSE25055,287,expanded,auc,0.024542660068975864,196
GSE25055,287,expanded,ap,0.07217043878043726,196
GSE25055,287,expanded,brier,-0.0047679773770138295,196
GSE25055,287,expanded,logloss,-0.00927110794034321,196
GSE25055,287,expanded_pam50,auc,0.025318638476533227,196
GSE25055,287,expanded_pam50,ap,0.06467139876376059,196
GSE25055,287,expanded_pam50,brier,-0.003649207989717748,196
GSE25055,287,expanded_pam50,logloss,-0.007039226347288102,196
GSE25055,288,expanded,auc,0.005545098039215701,195
GSE25055,288,expanded,ap,0.01117877089038673,195
GSE25055,288,expanded,brier,-0.00018315357850630652,195
GSE25055,288,expanded,logloss,-0.0008871435646673531,195
GSE25055,288,expanded_pam50,auc,0.0069960784313725655,195
GSE25055,288,expanded_pam50,ap,0.02513654214544061,195
GSE25055,288,expanded_pam50,brier,-0.0007993535614492897,195
GSE25055,288,expanded_pam50,logloss,-0.0017848209584911735,195
GSE25055,289,expanded,auc,0.06443479478918616,190
GSE25055,289,expanded,ap,0.11159083020160514,190
GSE25055,289,expanded,brier,-0.009951192772753619,190
GSE25055,289,expanded,logloss,-0.025138895146723496,190
GSE25055,289,expanded_pam50,auc,0.04787085025913994,190
GSE25055,289,expanded_pam50,ap,0.08097504384130172,190
GSE25055,289,expanded_pam50,brier,-0.006276495141461588,190
GSE25055,289,expanded_pam50,logloss,-0.014852070308615972,190
GSE25055,290,expanded,auc,0.00597238895558222,187
GSE25055,290,expanded,ap,0.03782932352374445,187
GSE25055,290,expanded,brier,-0.004461340566211421,187
GSE25055,290,expanded,logloss,-0.008108906628662076,187
GSE25055,290,expanded_pam50,auc,0.003791516606642664,187
GSE25055,290,expanded_pam50,ap,0.028097799155880586,187
GSE25055,290,expanded_pam50,brier,-0.0032812112395124967,187
GSE25055,290,expanded_pam50,logloss,-0.0031813883370386043,187
GSE25055,291,expanded,auc,0.02280326885590045,190
GSE25055,291,expanded,ap,0.05321013918568333,190
GSE25055,291,expanded,brier,-0.0026763444418460625,190
GSE25055,291,expanded,logloss,-0.010113684297325638,190
GSE25055,291,expanded_pam50,auc,0.02918728445044234,190
GSE25055,291,expanded_pam50,ap,0.06902758109453323,190
GSE25055,291,expanded_pam50,brier,-0.0044756375152215,190
GSE25055,291,expanded_pam50,logloss,-0.013774222337324244,190
GSE25055,292,expanded,auc,0.027372919478182656,183
GSE25055,292,expanded,ap,0.11815120586404712,183
GSE25055,292,expanded,brier,-0.011548996789853615,183
GSE25055,292,expanded,logloss,-0.01795819295218881,183
GSE25055,292,expanded_pam50,auc,0.02754535912430649,183
GSE25055,292,expanded_pam50,ap,0.10119966558142166,183
GSE25055,292,expanded_pam50,brier,-0.01072188174015217,183
GSE25055,292,expanded_pam50,logloss,-0.009684595079295361,183
GSE25055,293,expanded,auc,0.010077364279044954,187
GSE25055,293,expanded,ap,0.050390093644798475,187
GSE25055,293,expanded,brier,-0.0013688435770997404,187
GSE25055,293,expanded,logloss,-0.004002816938332365,187
GSE25055,293,expanded_pam50,auc,0.0017073496065092674,187
GSE25055,293,expanded_pam50,ap,0.032745400854204416,187
GSE25055,293,expanded_pam50,brier,0.00038467304217864315,187
GSE25055,293,expanded_pam50,logloss,0.0026151226809281447,187
GSE25055,294,expanded,auc,0.01158649070526464,190
GSE25055,294,expanded,ap,0.04241908882423701,190
GSE25055,294,expanded,brier,-0.0009654548245588521,190
GSE25055,294,expanded,logloss,-0.00746065929261539,190
GSE25055,294,expanded_pam50,auc,0.012743011210444188,190
GSE25055,294,expanded_pam50,ap,0.06548717511433368,190
GSE25055,294,expanded_pam50,brier,-0.0020628707356894816,190
GSE25055,294,expanded_pam50,logloss,-0.009406347758055794,190
GSE25055,295,expanded,auc,-0.000591188856494973,194
GSE25055,295,expanded,ap,0.0028610188543461783,194
GSE25055,295,expanded,brier,0.002485341311050662,194
GSE25055,295,expanded,logloss,0.0033201892845867663,194
GSE25055,295,expanded_pam50,auc,-0.0007936507936507798,194
GSE25055,295,expanded_pam50,ap,0.004657818519288731,194
GSE25055,295,expanded_pam50,brier,0.0026495596772884585,194
GSE25055,295,expanded_pam50,logloss,0.004024575266834962,194
GSE25055,296,expanded,auc,0.026784218462053932,192
GSE25055,296,expanded,ap,0.06752973283927047,192
GSE25055,296,expanded,brier,-0.004418659523028351,192
GSE25055,296,expanded,logloss,-0.012270877877367197,192
GSE25055,296,expanded_pam50,auc,0.01698777014575307,192
GSE25055,296,expanded_pam50,ap,0.04457920610938511,192
GSE25055,296,expanded_pam50,brier,-0.002744885614914838,192
GSE25055,296,expanded_pam50,logloss,-0.006306837878153393,192
GSE25055,297,expanded,auc,0.02441798539257456,187
GSE25055,297,expanded,ap,0.08985114614754833,187
GSE25055,297,expanded,brier,-0.00827983576705432,187
GSE25055,297,expanded,logloss,-0.016470182868485395,187
GSE25055,297,expanded_pam50,auc,0.02012325015216069,187
GSE25055,297,expanded_pam50,ap,0.08096396104021278,187
GSE25055,297,expanded_pam50,brier,-0.005909166210987779,187
GSE25055,297,expanded_pam50,logloss,-0.01037116409312538,187
GSE25055,298,expanded,auc,0.04097560975609756,191
GSE25055,298,expanded,ap,0.07249052652989593,191
GSE25055,298,expanded,brier,-0.010603937710029054,191
GSE25055,298,expanded,logloss,-0.025650895697037823,191
GSE25055,298,expanded_pam50,auc,0.0318920916481892,191
GSE25055,298,expanded_pam50,ap,0.0460588177544917,191
GSE25055,298,expanded_pam50,brier,-0.007965852585778562,191
GSE25055,298,expanded_pam50,logloss,-0.019048076045037186,191
GSE25055,299,expanded,auc,0.0317601043024772,192
GSE25055,299,expanded,ap,0.07760670248329148,192
GSE25055,299,expanded,brier,-0.0069830436836579995,192
GSE25055,299,expanded,logloss,-0.02040635656521461,192
GSE25055,299,expanded_pam50,auc,0.025941981747066467,192
GSE25055,299,expanded_pam50,ap,0.06937185384784453,192
GSE25055,299,expanded_pam50,brier,-0.006548563957076331,192
GSE25055,299,expanded_pam50,logloss,-0.014514724638745351,192
GSE25055,300,expanded,auc,0.01235325919060859,187
GSE25055,300,expanded,ap,0.03849036873367302,187
GSE25055,300,expanded,brier,-0.0028189661807913545,187
GSE25055,300,expanded,logloss,-0.005828729803236898,187
GSE25055,300,expanded_pam50,auc,0.01070821748532592,187
GSE25055,300,expanded_pam50,ap,0.034805822869950445,187
GSE25055,300,expanded_pam50,brier,-0.0020711729861929455,187
GSE25055,300,expanded_pam50,logloss,-0.00289476930619218,187
GSE25055,301,expanded,auc,0.012420908829450673,191
GSE25055,301,expanded,ap,0.039628731092288295,191
GSE25055,301,expanded,brier,-0.0008479679968392634,191
GSE25055,301,expanded,logloss,-0.000683489575586449,191
GSE25055,301,expanded_pam50,auc,0.009713833764739731,191
GSE25055,301,expanded_pam50,ap,0.03153269239761196,191
GSE25055,301,expanded_pam50,brier,-0.0010668063254654692,191
GSE25055,301,expanded_pam50,logloss,-0.0010817059397421613,191
GSE25055,302,expanded,auc,0.056381219442047756,199
GSE25055,302,expanded,ap,0.12554947835593883,199
GSE25055,302,expanded,brier,-0.013486683923251901,199
GSE25055,302,expanded,logloss,-0.0284728534450798,199
GSE25055,302,expanded_pam50,auc,0.061015243025596785,199
GSE25055,302,expanded_pam50,ap,0.12022760611014041,199
GSE25055,302,expanded_pam50,brier,-0.015576297853365931,199
GSE25055,302,expanded_pam50,logloss,-0.03235204220408273,199
GSE25055,303,expanded,auc,0.019886274509803924,195
GSE25055,303,expanded,ap,0.049990398891596274,195
GSE25055,303,expanded,brier,-0.0036582809951014234,195
GSE25055,303,expanded,logloss,-0.007914216331816354,195
GSE25055,303,expanded_pam50,auc,0.01818823529411765,195
GSE25055,303,expanded_pam50,ap,0.06052716727756211,195
GSE25055,303,expanded_pam50,brier,-0.004238888252932491,195
GSE25055,303,expanded_pam50,logloss,-0.0059100803654945685,195
GSE25055,304,expanded,auc,-0.007015027322404377,191
GSE25055,304,expanded,ap,-0.0007740191168859545,191
GSE25055,304,expanded,brier,0.001601062353387081,191
GSE25055,304,expanded,logloss,0.007793007540183555,191
GSE25055,304,expanded_pam50,auc,-0.008579234972677607,191
GSE25055,304,expanded_pam50,ap,0.001990486748943726,191
GSE25055,304,expanded_pam50,brier,0.002404177690856324,191
GSE25055,304,expanded_pam50,logloss,0.010088969485361305,191
GSE25055,305,expanded,auc,0.007938983566646362,190
GSE25055,305,expanded,ap,0.011421472206660708,190
GSE25055,305,expanded,brier,0.00047282828253228105,190
GSE25055,305,expanded,logloss,-2.3199948664964776e-05,190
GSE25055,305,expanded_pam50,auc,0.008003651856360294,190
GSE25055,305,expanded_pam50,ap,0.0098100681100162,190
GSE25055,305,expanded_pam50,brier,0.0009201779737109311,190
GSE25055,305,expanded_pam50,logloss,0.002348735124458906,190
GSE25055,306,expanded,auc,0.012351169631601055,196
GSE25055,306,expanded,ap,0.039951755797925294,196
GSE25055,306,expanded,brier,-0.0026593810759531766,196
GSE25055,306,expanded,logloss,-0.004409143632394352,196
GSE25055,306,expanded_pam50,auc,0.006734136433674209,196
GSE25055,306,expanded_pam50,ap,0.03511480961321841,196
GSE25055,306,expanded_pam50,brier,-0.0014859235469635412,196
GSE25055,306,expanded_pam50,logloss,-0.0007417687496046599,196
GSE25055,307,expanded,auc,0.0351735459662289,197
GSE25055,307,expanded,ap,0.06988357369408685,197
GSE25055,307,expanded,brier,-0.0030652380303231586,197
GSE25055,307,expanded,logloss,-0.010454069681132428,197
GSE25055,307,expanded_pam50,auc,0.0372795497185741,197
GSE25055,307,expanded_pam50,ap,0.08060159531032346,197
GSE25055,307,expanded_pam50,brier,-0.0043325250172725595,197
GSE25055,307,expanded_pam50,logloss,-0.010320974399891592,197
GSE25055,308,expanded,auc,0.035203928624981264,185
GSE25055,308,expanded,ap,0.06935790071098488,185
GSE25055,308,expanded,brier,-0.006258104807248298,185
GSE25055,308,expanded,logloss,-0.012573965225869765,185
GSE25055,308,expanded_pam50,auc,0.030326885590043505,185
GSE25055,308,expanded_pam50,ap,0.05889129508296771,185
GSE25055,308,expanded_pam50,brier,-0.005623809704089167,185
GSE25055,308,expanded_pam50,logloss,-0.010391096960540903,185
GSE25055,309,expanded,auc,0.07080036518563607,187
GSE25055,309,expanded,ap,0.09901641375092625,187
GSE25055,309,expanded,brier,-0.015083341640353003,187
GSE25055,309,expanded,logloss,-0.049261455168579216,187
GSE25055,309,expanded_pam50,auc,0.07293061472915399,187
GSE25055,309,expanded_pam50,ap,0.10581147061281844,187
GSE25055,309,expanded_pam50,brier,-0.015970978262629984,187
GSE25055,309,expanded_pam50,logloss,-0.04731879494569881,187
GSE25055,310,expanded,auc,0.03606987554355975,190
GSE25055,310,expanded,ap,0.08010233812109899,190
GSE25055,310,expanded,brier,-0.004673756850781058,190
GSE25055,310,expanded,logloss,-0.01112662631341944,190
GSE25055,310,expanded_pam50,auc,0.03733693207377418,190
GSE25055,310,expanded_pam50,ap,0.09362074082780351,190
GSE25055,310,expanded_pam50,brier,-0.00586639912765316,190
GSE25055,310,expanded_pam50,logloss,-0.011751350929163334,190
GSE25055,311,expanded,auc,-0.010366533864541828,188
GSE25055,311,expanded,ap,0.004663748237759296,188
GSE25055,311,expanded,brier,0.0013550060491826555,188
GSE25055,311,expanded,logloss,0.007846914002512912,188
GSE25055,311,expanded_pam50,auc,-0.007386454183266933,188
GSE25055,311,expanded_pam50,ap,0.008986840413182373,188
GSE25055,311,expanded_pam50,brier,0.0012212901268913723,188
GSE25055,311,expanded_pam50,logloss,0.007908008395398564,188
GSE25055,312,expanded,auc,0.07641035856573707,197
GSE25055,312,expanded,ap,0.12233554934323436,197
GSE25055,312,expanded,brier,-0.009583688125913845,197
GSE25055,312,expanded,logloss,-0.029507621602013107,197
GSE25055,312,expanded_pam50,auc,0.0714980079681275,197
GSE25055,312,expanded_pam50,ap,0.10759387252026634,197
GSE25055,312,expanded_pam50,brier,-0.008496078645027364,197
GSE25055,312,expanded_pam50,logloss,-0.024895738492375263,197
GSE25055,313,expanded,auc,0.024413098572762425,192
GSE25055,313,expanded,ap,0.04831464288226527,192
GSE25055,313,expanded,brier,-0.004216419317590045,192
GSE25055,313,expanded,logloss,-0.014477197914134366,192
GSE25055,313,expanded_pam50,auc,0.01721688675470189,192
GSE25055,313,expanded_pam50,ap,0.03951772951480449,192
GSE25055,313,expanded_pam50,brier,-0.0023878061083627165,192
GSE25055,313,expanded_pam50,logloss,-0.007118359135452413,192
GSE25055,314,expanded,auc,-0.0014293812763200519,202
GSE25055,314,expanded,ap,0.011363414730507448,202
GSE25055,314,expanded,brier,0.0005712967784215594,202
GSE25055,314,expanded,logloss,0.00178365141120283,202
GSE25055,314,expanded_pam50,auc,-0.003101716877227101,202
GSE25055,314,expanded_pam50,ap,0.007247916883090333,202
GSE25055,314,expanded_pam50,brier,0.0010674145110162515,202
GSE25055,314,expanded_pam50,logloss,0.0032480065535621825,202
GSE25055,315,expanded,auc,-0.008205900525177634,189
GSE25055,315,expanded,ap,0.0012548587787399202,189
GSE25055,315,expanded,brier,0.0012848201310465463,189
GSE25055,315,expanded,logloss,0.0069756089636196115,189
GSE25055,315,expanded_pam50,auc,-0.004521933889403762,189
GSE25055,315,expanded_pam50,ap,0.012460303877869033,189
GSE25055,315,expanded_pam50,brier,0.0010181088673377997,189
GSE25055,315,expanded_pam50,logloss,0.006286493908399887,189
GSE25055,316,expanded,auc,0.055469335732493644,195
GSE25055,316,expanded,ap,0.1313826293231482,195
GSE25055,316,expanded,brier,-0.013360048764209495,195
GSE25055,316,expanded,logloss,-0.030582354164065302,195
GSE25055,316,expanded_pam50,auc,0.04667116509221773,195
GSE25055,316,expanded_pam50,ap,0.11330197824933685,195
GSE25055,316,expanded_pam50,brier,-0.010698817295852835,195
GSE25055,316,expanded_pam50,logloss,-0.02251629877935684,195
GSE25055,317,expanded,auc,0.06637484241490405,191
GSE25055,317,expanded,ap,0.11740433362456888,191
GSE25055,317,expanded,brier,-0.011828327387465355,191
GSE25055,317,expanded,logloss,-0.027490050475088207,191
GSE25055,317,expanded_pam50,auc,0.06324064995097353,191
GSE25055,317,expanded_pam50,ap,0.12531641435771199,191
GSE25055,317,expanded_pam50,brier,-0.013541466398436782,191
GSE25055,317,expanded_pam50,logloss,-0.029657259266423198,191
GSE25055,318,expanded,auc,0.04242827868852459,193
GSE25055,318,expanded,ap,0.0925827806042366,193
GSE25055,318,expanded,brier,-0.012366857454506794,193
GSE25055,318,expanded,logloss,-0.03129521859696253,193
GSE25055,318,expanded_pam50,auc,0.040362021857923494,193
GSE25055,318,expanded_pam50,ap,0.08233927801565286,193
GSE25055,318,expanded_pam50,brier,-0.010705667918545598,193
GSE25055,318,expanded_pam50,logloss,-0.028015194147990075,193
GSE25055,319,expanded,auc,0.04373333333333331,180
GSE25055,319,expanded,ap,0.09564737021136362,180
GSE25055,319,expanded,brier,-0.010413945227105672,180
GSE25055,319,expanded,logloss,-0.028449310354492753,180
GSE25055,319,expanded_pam50,auc,0.028705882352941192,180
GSE25055,319,expanded_pam50,ap,0.09147446732148441,180
GSE25055,319,expanded_pam50,brier,-0.007043102511671964,180
GSE25055,319,expanded_pam50,logloss,-0.014056147024041237,180
GSE25055,320,expanded,auc,0.008181818181818179,184
GSE25055,320,expanded,ap,0.002740051337476901,184
GSE25055,320,expanded,brier,0.00029554762451990124,184
GSE25055,320,expanded,logloss,-5.4409069125227474e-05,184
GSE25055,320,expanded_pam50,auc,0.002609016999260916,184
GSE25055,320,expanded_pam50,ap,0.0023218050908891063,184
GSE25055,320,expanded_pam50,brier,0.002555730337108819,184
GSE25055,320,expanded_pam50,logloss,0.005932178734684651,184
GSE25055,321,expanded,auc,0.004243807040417202,190
GSE25055,321,expanded,ap,0.03582301479819218,190
GSE25055,321,expanded,brier,-0.00023546386355755567,190
GSE25055,321,expanded,logloss,-0.00045166050400851087,190
GSE25055,321,expanded_pam50,auc,0.0009908735332464168,190
GSE25055,321,expanded_pam50,ap,0.03158959368796317,190
GSE25055,321,expanded_pam50,brier,0.00011673925431558707,190
GSE25055,321,expanded_pam50,logloss,-1.9457330369104798e-05,190
GSE25055,322,expanded,auc,0.05296448087431693,190
GSE25055,322,expanded,ap,0.08445635402904791,190
GSE25055,322,expanded,brier,-0.0048925242013841295,190
GSE25055,322,expanded,logloss,-0.011089444602778642,190
GSE25055,322,expanded_pam50,auc,0.043558743169398895,190
GSE25055,322,expanded_pam50,ap,0.07211332548104923,190
GSE25055,322,expanded_pam50,brier,-0.0022978973253594465,190
GSE25055,322,expanded_pam50,logloss,-0.001957527559431371,190
GSE25055,323,expanded,auc,0.0020103869994974157,195
GSE25055,323,expanded,ap,0.01964375559432206,195
GSE25055,323,expanded,brier,0.0015822327737278707,195
GSE25055,323,expanded,logloss,0.00024093885851166896,195
GSE25055,323,expanded_pam50,auc,-0.005109733623722556,195
GSE25055,323,expanded_pam50,ap,0.011425631105864743,195
GSE25055,323,expanded_pam50,brier,0.002211749231561312,195
GSE25055,323,expanded_pam50,logloss,0.003870732322796289,195
GSE25055,324,expanded,auc,0.04530651340996169,203
GSE25055,324,expanded,ap,0.11800648294978563,203
GSE25055,324,expanded,brier,-0.011783828204898199,203
GSE25055,324,expanded,logloss,-0.027268347886874527,203
GSE25055,324,expanded_pam50,auc,0.025251880232723144,203
GSE25055,324,expanded_pam50,ap,0.09112943913408507,203
GSE25055,324,expanded_pam50,brier,-0.007897639356143496,203
GSE25055,324,expanded_pam50,logloss,-0.017691805356281492,203
GSE25055,325,expanded,auc,0.023845987920621203,197
GSE25055,325,expanded,ap,0.06382180084562021,197
GSE25055,325,expanded,brier,-0.004531999062586256,197
GSE25055,325,expanded,logloss,-0.010727663888882272,197
GSE25055,325,expanded_pam50,auc,0.022368421052631583,197
GSE25055,325,expanded_pam50,ap,0.05826456301712231,197
GSE25055,325,expanded_pam50,brier,-0.00440913606386904,197
GSE25055,325,expanded_pam50,logloss,-0.008416352627729218,197
GSE25055,326,expanded,auc,0.03660422874982259,185
GSE25055,326,expanded,ap,0.09370271901899503,185
GSE25055,326,expanded,brier,-0.007834059710934283,185
GSE25055,326,expanded,logloss,-0.022336906026830416,185
GSE25055,326,expanded_pam50,auc,0.019472825315737206,185
GSE25055,326,expanded_pam50,ap,0.08336186490536442,185
GSE25055,326,expanded_pam50,brier,-0.004235821807744428,185
GSE25055,326,expanded_pam50,logloss,-0.008983932716540749,185
GSE25055,327,expanded,auc,0.04067796610169492,188
GSE25055,327,expanded,ap,0.09307208926442245,188
GSE25055,327,expanded,brier,-0.010326708267821163,188
GSE25055,327,expanded,logloss,-0.031479770508464205,188
GSE25055,327,expanded_pam50,auc,0.018692959582790103,188
GSE25055,327,expanded_pam50,ap,0.033789899325933306,188
GSE25055,327,expanded_pam50,brier,-0.00301512213322567,188
GSE25055,327,expanded_pam50,logloss,-0.011311095266857325,188
GSE25055,328,expanded,auc,0.02081271554955765,197
GSE25055,328,expanded,ap,0.05597373411312693,197
GSE25055,328,expanded,brier,-0.0031086992077949517,197
GSE25055,328,expanded,logloss,-0.011217925519300231,197
GSE25055,328,expanded_pam50,auc,0.02032538611485979,197
GSE25055,328,expanded_pam50,ap,0.0665512800279637,197
GSE25055,328,expanded_pam50,brier,-0.0029556945425509547,197
GSE25055,328,expanded_pam50,logloss,-0.009621505920335467,197
GSE25055,329,expanded,auc,0.012609329446064143,189
GSE25055,329,expanded,ap,0.08089314396352731,189
GSE25055,329,expanded,brier,-0.005422060464592382,189
GSE25055,329,expanded,logloss,-0.008597235205843967,189
GSE25055,329,expanded_pam50,auc,0.004227405247813387,189
GSE25055,329,expanded_pam50,ap,0.04526463245183563,189
GSE25055,329,expanded_pam50,brier,-0.002067984777105296,189
GSE25055,329,expanded_pam50,logloss,-0.0006252033729122308,189
GSE25055,330,expanded,auc,0.008502591399355663,187
GSE25055,330,expanded,ap,0.033663733303961066,187
GSE25055,330,expanded,brier,0.0001581048800100543,187
GSE25055,330,expanded,logloss,-0.0017654706526600895,187
GSE25055,330,expanded_pam50,auc,-0.0004972685250034913,187
GSE25055,330,expanded_pam50,ap,0.012902835512754873,187
GSE25055,330,expanded_pam50,brier,0.002452122837116338,187
GSE25055,330,expanded_pam50,logloss,0.005521239209216678,187
GSE25055,331,expanded,auc,0.015254237288135585,191
GSE25055,331,expanded,ap,0.06564372583550475,191
GSE25055,331,expanded,brier,-0.005615989554417414,191
GSE25055,331,expanded,logloss,-0.009893722890715512,191
GSE25055,331,expanded_pam50,auc,0.010925684485006549,191
GSE25055,331,expanded_pam50,ap,0.05078536875689259,191
GSE25055,331,expanded_pam50,brier,-0.0030410182243845647,191
GSE25055,331,expanded_pam50,logloss,-0.003835651520303207,191
GSE25055,332,expanded,auc,0.015611814345991548,196
GSE25055,332,expanded,ap,0.04713731548231721,196
GSE25055,332,expanded,brier,-0.005312936961090825,196
GSE25055,332,expanded,logloss,-0.012018659445869839,196
GSE25055,332,expanded_pam50,auc,0.006698312236286896,196
GSE25055,332,expanded_pam50,ap,0.028675610315263816,196
GSE25055,332,expanded_pam50,brier,-0.0008591069399702722,196
GSE25055,332,expanded_pam50,logloss,-0.00042497310069126716,196
GSE25055,333,expanded,auc,0.052632005183025576,194
GSE25055,333,expanded,ap,0.06811391185828279,194
GSE25055,333,expanded,brier,-0.007779831573843548,194
GSE25055,333,expanded,logloss,-0.029149679282838653,194
GSE25055,333,expanded_pam50,auc,0.03792517006802722,194
GSE25055,333,expanded_pam50,ap,0.0430974613070457,194
GSE25055,333,expanded_pam50,brier,-0.004283869813100949,194
GSE25055,333,expanded_pam50,logloss,-0.01971733642385846,194
GSE25055,334,expanded,auc,0.01484109386548409,182
GSE25055,334,expanded,ap,0.10924274069752977,182
GSE25055,334,expanded,brier,-0.0038062554491420223,182
GSE25055,334,expanded,logloss,-0.00984130392886401,182
GSE25055,334,expanded_pam50,auc,0.005816703621581665,182
GSE25055,334,expanded_pam50,ap,0.03928587560882335,182
GSE25055,334,expanded_pam50,brier,-0.0014121768379256106,182
GSE25055,334,expanded_pam50,logloss,-0.004449204438275856,182
GSE25055,335,expanded,auc,-0.003334667200213415,192
GSE25055,335,expanded,ap,0.003697030662608264,192
GSE25055,335,expanded,brier,0.003045818658454291,192
GSE25055,335,expanded,logloss,0.004777386991538702,192
GSE25055,335,expanded_pam50,auc,-0.005298786181139126,192
GSE25055,335,expanded_pam50,ap,0.000745748233581689,192
GSE25055,335,expanded_pam50,brier,0.003246345645614132,192
GSE25055,335,expanded_pam50,logloss,0.005858705909374451,192
GSE25055,336,expanded,auc,0.02299908703590995,196
GSE25055,336,expanded,ap,0.05875082590145586,196
GSE25055,336,expanded,brier,-0.003615528251803285,196
GSE25055,336,expanded,logloss,-0.019568073397233716,196
GSE25055,336,expanded_pam50,auc,0.018848904443091917,196
GSE25055,336,expanded_pam50,ap,0.04288415878077681,196
GSE25055,336,expanded_pam50,brier,-0.0014250803625130717,196
GSE25055,336,expanded_pam50,logloss,-0.014492914651431982,196
GSE25055,337,expanded,auc,0.043072157434402326,185
GSE25055,337,expanded,ap,0.1029117255062556,185
GSE25055,337,expanded,brier,-0.007200960453513863,185
GSE25055,337,expanded,logloss,-0.01192151000558082,185
GSE25055,337,expanded_pam50,auc,0.028283527696792952,185
GSE25055,337,expanded_pam50,ap,0.07015037576930612,185
GSE25055,337,expanded_pam50,brier,-0.0032410981664316107,185
GSE25055,337,expanded_pam50,logloss,-0.0028423918881066434,185
GSE25055,338,expanded,auc,0.013790446841294301,189
GSE25055,338,expanded,ap,0.03978936744525151,189
GSE25055,338,expanded,brier,-0.0027274936259779727,189
GSE25055,338,expanded,logloss,-0.004356891893763359,189
GSE25055,338,expanded_pam50,auc,0.010099453705000682,189
GSE25055,338,expanded_pam50,ap,0.03910051754356473,189
GSE25055,338,expanded_pam50,brier,-0.0020478199881580365,189
GSE25055,338,expanded_pam50,logloss,-0.0001650741709804393,189
GSE25055,339,expanded,auc,0.021881051175656963,184
GSE25055,339,expanded,ap,0.036626059998220696,184
GSE25055,339,expanded,brier,-0.004499486619327797,184
GSE25055,339,expanded,logloss,-0.018079558880678713,184
GSE25055,339,expanded_pam50,auc,0.019730290456431508,184
GSE25055,339,expanded_pam50,ap,0.036281705696598714,184
GSE25055,339,expanded_pam50,brier,-0.0037337555813971137,184
GSE25055,339,expanded_pam50,logloss,-0.014355327451519212,184
GSE25055,340,expanded,auc,0.01752186588921282,199
GSE25055,340,expanded,ap,0.12590616240413502,199
GSE25055,340,expanded,brier,-0.007200284854248265,199
GSE25055,340,expanded,logloss,-0.009990717190831633,199
GSE25055,340,expanded_pam50,auc,0.017776967930029176,199
GSE25055,340,expanded_pam50,ap,0.115372541354207,199
GSE25055,340,expanded_pam50,brier,-0.006095556038356542,199
GSE25055,340,expanded_pam50,logloss,-0.007193061465518724,199
GSE25055,341,expanded,auc,0.021984871830788632,193
GSE25055,341,expanded,ap,0.0933188509364092,193
GSE25055,341,expanded,brier,-0.005382092421781415,193
GSE25055,341,expanded,logloss,-0.011576479337019763,193
GSE25055,341,expanded_pam50,auc,0.010456646589158148,193
GSE25055,341,expanded_pam50,ap,0.04127131409987332,193
GSE25055,341,expanded_pam50,brier,-0.0025345403698984054,193
GSE25055,341,expanded_pam50,logloss,-0.004678541492338722,193
GSE25055,342,expanded,auc,0.008444499341238487,186
GSE25055,342,expanded,ap,0.04968603244572054,186
GSE25055,342,expanded,brier,-0.0027692427606092014,186
GSE25055,342,expanded,logloss,-0.005451815349498406,186
GSE25055,342,expanded_pam50,auc,0.004561923583662741,186
GSE25055,342,expanded_pam50,ap,0.044857914577471784,186
GSE25055,342,expanded_pam50,brier,-0.0013365046202956185,186
GSE25055,342,expanded_pam50,logloss,-0.002066478434001018,186
GSE25055,343,expanded,auc,0.012755248777681905,192
GSE25055,343,expanded,ap,0.04275136184143431,192
GSE25055,343,expanded,brier,-0.0025666696505279086,192
GSE25055,343,expanded,logloss,-0.008951702645253684,192
GSE25055,343,expanded_pam50,auc,0.006363244176013827,192
GSE25055,343,expanded_pam50,ap,0.03940578939234131,192
GSE25055,343,expanded_pam50,brier,-0.0007664603039394091,192
GSE25055,343,expanded_pam50,logloss,-0.0029979007312545105,192
GSE25055,344,expanded,auc,0.032450770007573834,196
GSE25055,344,expanded,ap,0.07372709694090276,196
GSE25055,344,expanded,brier,-0.009979566368884038,196
GSE25055,344,expanded,logloss,-0.02855438071617818,196
GSE25055,344,expanded_pam50,auc,0.035616006059075965,196
GSE25055,344,expanded_pam50,ap,0.07342936426292299,196
GSE25055,344,expanded_pam50,brier,-0.010428925717616661,196
GSE25055,344,expanded_pam50,logloss,-0.02504340944112802,196
GSE25055,345,expanded,auc,0.029274781341107847,196
GSE25055,345,expanded,ap,0.045807553481450394,196
GSE25055,345,expanded,brier,-0.008527581874185418,196
GSE25055,345,expanded,logloss,-0.020650707844465432,196
GSE25055,345,expanded_pam50,auc,0.02230685131195337,196
GSE25055,345,expanded_pam50,ap,0.059905073373993846,196
GSE25055,345,expanded_pam50,brier,-0.007551113842298082,196
GSE25055,345,expanded_pam50,logloss,-0.01396831636518755,196
GSE25055,346,expanded,auc,0.013975131294408416,185
GSE25055,346,expanded,ap,0.04357971931551412,185
GSE25055,346,expanded,brier,-0.00232339068063932,185
GSE25055,346,expanded,logloss,-0.0009149700533123862,185
GSE25055,346,expanded_pam50,auc,0.01536144578313251,185
GSE25055,346,expanded_pam50,ap,0.04757348922916842,185
GSE25055,346,expanded_pam50,brier,-0.003131136006827168,185
GSE25055,346,expanded_pam50,logloss,-0.0009083743142416556,185
GSE25055,347,expanded,auc,0.0584368070953437,195
GSE25055,347,expanded,ap,0.07168864500393342,195
GSE25055,347,expanded,brier,-0.010644039752123295,195
GSE25055,347,expanded,logloss,-0.037809131163174844,195
GSE25055,347,expanded_pam50,auc,0.040513673318551394,195
GSE25055,347,expanded_pam50,ap,0.05556919555876851,195
GSE25055,347,expanded_pam50,brier,-0.007156226219999803,195
GSE25055,347,expanded_pam50,logloss,-0.023626063855501967,195
GSE25055,348,expanded,auc,0.015859683794466405,192
GSE25055,348,expanded,ap,0.04955716883740156,192
GSE25055,348,expanded,brier,-0.00237904004733787,192
GSE25055,348,expanded,logloss,-0.006029087380588128,192
GSE25055,348,expanded_pam50,auc,0.012615283267457167,192
GSE25055,348,expanded_pam50,ap,0.03995645174859693,192
GSE25055,348,expanded_pam50,brier,-0.0008128777880403532,192
GSE25055,348,expanded_pam50,logloss,-0.0027554005313983275,192
GSE25055,349,expanded,auc,0.007428693060876956,195
GSE25055,349,expanded,ap,0.03578462081373276,195
GSE25055,349,expanded,brier,-0.00041883278511296027,195
GSE25055,349,expanded,logloss,-0.0019133706874327582,195
GSE25055,349,expanded_pam50,auc,0.010742159784305361,195
GSE25055,349,expanded_pam50,ap,0.041549128352108264,195
GSE25055,349,expanded_pam50,brier,-0.0005118374103239038,195
GSE25055,349,expanded_pam50,logloss,-0.001751672576848423,195
GSE25055,350,expanded,auc,0.026013119533527675,189
GSE25055,350,expanded,ap,0.09183091976120483,189
GSE25055,350,expanded,brier,-0.00488824026818716,189
GSE25055,350,expanded,logloss,-0.011691051104783667,189
GSE25055,350,expanded_pam50,auc,0.01697521865889212,189
GSE25055,350,expanded_pam50,ap,0.08543190876150905,189
GSE25055,350,expanded_pam50,brier,-0.003701603299874448,189
GSE25055,350,expanded_pam50,logloss,-0.003696686844802033,189
GSE25055,351,expanded,auc,0.009338645418326696,191
GSE25055,351,expanded,ap,0.034342869182012965,191
GSE25055,351,expanded,brier,0.0007536568755136863,191
GSE25055,351,expanded,logloss,-0.0017031275384412348,191
GSE25055,351,expanded_pam50,auc,0.004517928286852557,191
GSE25055,351,expanded_pam50,ap,0.03220727206435569,191
GSE25055,351,expanded_pam50,brier,0.001304891155778684,191
GSE25055,351,expanded_pam50,logloss,0.0013816284123477518,191
GSE25055,352,expanded,auc,0.03833069620253164,185
GSE25055,352,expanded,ap,0.0980019895895378,185
GSE25055,352,expanded,brier,-0.0049984174066857595,185
GSE25055,352,expanded,logloss,-0.012132500999502038,185
GSE25055,352,expanded_pam50,auc,0.03095991561181437,185
GSE25055,352,expanded_pam50,ap,0.10203353358389589,185
GSE25055,352,expanded_pam50,brier,-0.00512677811239628,185
GSE25055,352,expanded_pam50,logloss,-0.011794541730035153,185
GSE25055,353,expanded,auc,0.022746691238063367,196
GSE25055,353,expanded,ap,0.05144994236067659,196
GSE25055,353,expanded,brier,-0.002926335668498681,196
GSE25055,353,expanded,logloss,-0.010153381608811407,196
GSE25055,353,expanded_pam50,auc,0.026721393868319666,196
GSE25055,353,expanded_pam50,ap,0.07195731479672275,196
GSE25055,353,expanded_pam50,brier,-0.005312722636938207,196
GSE25055,353,expanded_pam50,logloss,-0.015865205574022018,196
GSE25055,354,expanded,auc,0.029110169491525416,200
GSE25055,354,expanded,ap,0.11999849104082175,200
GSE25055,354,expanded,brier,-0.014318543504848541,200
GSE25055,354,expanded,logloss,-0.026855625177309255,200
GSE25055,354,expanded_pam50,auc,0.025273794002607576,200
GSE25055,354,expanded_pam50,ap,0.11269629012312188,200
GSE25055,354,expanded_pam50,brier,-0.013281163882337183,200
GSE25055,354,expanded_pam50,logloss,-0.02162631687459863,200
GSE25055,355,expanded,auc,0.03400591278640058,188
GSE25055,355,expanded,ap,0.060888155858738115,188
GSE25055,355,expanded,brier,-0.006526765470982498,188
GSE25055,355,expanded,logloss,-0.0119197621273802,188
GSE25055,355,expanded_pam50,auc,0.0392609016999261,188
GSE25055,355,expanded_pam50,ap,0.04955110435496746,188
GSE25055,355,expanded_pam50,brier,-0.006743481482440467,188
GSE25055,355,expanded_pam50,logloss,-0.013282808650807137,188
GSE25055,356,expanded,auc,0.03296485260770976,200
GSE25055,356,expanded,ap,0.08012984434535142,200
GSE25055,356,expanded,brier,-0.0048912723466677036,200
GSE25055,356,expanded,logloss,-0.015079078081018615,200
GSE25055,356,expanded_pam50,auc,0.02531584062196307,200
GSE25055,356,expanded_pam50,ap,0.07995282626681864,200
GSE25055,356,expanded_pam50,brier,-0.004461868844021032,200
GSE25055,356,expanded_pam50,logloss,-0.010364865940154488,200
GSE25055,357,expanded,auc,0.02519007603041218,194
GSE25055,357,expanded,ap,0.07648267120810812,194
GSE25055,357,expanded,brier,-0.00823171818135926,194
GSE25055,357,expanded,logloss,-0.017992682916020665,194
GSE25055,357,expanded_pam50,auc,0.020641589969321063,194
GSE25055,357,expanded_pam50,ap,0.07941124766484056,194
GSE25055,357,expanded_pam50,brier,-0.008616274716836967,194
GSE25055,357,expanded_pam50,logloss,-0.014114448356372943,194
GSE25055,358,expanded,auc,0.01678884462151394,191
GSE25055,358,expanded,ap,0.025217906584810008,191
GSE25055,358,expanded,brier,-0.003042653703576423,191
GSE25055,358,expanded,logloss,-0.00769526180185916,191
GSE25055,358,expanded_pam50,auc,0.006350597609561748,191
GSE25055,358,expanded_pam50,ap,0.012718593558821661,191
GSE25055,358,expanded_pam50,brier,-0.0007538762095516017,191
GSE25055,358,expanded_pam50,logloss,-0.0004076909720382493,191
GSE25055,359,expanded,auc,0.023758314855875838,188
GSE25055,359,expanded,ap,0.08741649513089549,188
GSE25055,359,expanded,brier,-0.007676119848999259,188
GSE25055,359,expanded,logloss,-0.010877627593765742,188
GSE25055,359,expanded_pam50,auc,0.02120473022912047,188
GSE25055,359,expanded_pam50,ap,0.0807772882095027,188
GSE25055,359,expanded_pam50,brier,-0.007375875204355628,188
GSE25055,359,expanded_pam50,logloss,-0.00994313875298224,188
GSE25055,360,expanded,auc,0.07360159362549798,187
GSE25055,360,expanded,ap,0.09783962461702012,187
GSE25055,360,expanded,brier,-0.009728072343098134,187
GSE25055,360,expanded,logloss,-0.03642741826054563,187
GSE25055,360,expanded_pam50,auc,0.07096414342629484,187
GSE25055,360,expanded_pam50,ap,0.1062038443167113,187
GSE25055,360,expanded_pam50,brier,-0.01052568806877851,187
GSE25055,360,expanded_pam50,logloss,-0.03617735047803747,187
GSE25055,361,expanded,auc,0.016556862745098034,195
GSE25055,361,expanded,ap,0.05625879199630266,195
GSE25055,361,expanded,brier,-0.004278004489841959,195
GSE25055,361,expanded,logloss,-0.007706484633663519,195
GSE25055,361,expanded_pam50,auc,0.016345098039215678,195
GSE25055,361,expanded_pam50,ap,0.06113571664845159,195
GSE25055,361,expanded_pam50,brier,-0.004087146448131035,195
GSE25055,361,expanded_pam50,logloss,-0.004376514800306092,195
GSE25055,362,expanded,auc,0.03798691418137551,191
GSE25055,362,expanded,ap,0.07409004692178447,191
GSE25055,362,expanded,brier,-0.007208242486632962,191
GSE25055,362,expanded,logloss,-0.007111833423571639,191
GSE25055,362,expanded_pam50,auc,0.028324710894704806,191
GSE25055,362,expanded_pam50,ap,0.05881326042291567,191
GSE25055,362,expanded_pam50,brier,-0.005886799983376217,191
GSE25055,362,expanded_pam50,logloss,-0.002214605415340842,191
GSE25055,363,expanded,auc,-0.007946591600730368,196
GSE25055,363,expanded,ap,0.006038461705117448,196
GSE25055,363,expanded,brier,0.002654492792674201,196
GSE25055,363,expanded,logloss,0.009495803182883261,196
GSE25055,363,expanded_pam50,auc,-0.010841448569689594,196
GSE25055,363,expanded_pam50,ap,0.0016838705060269188,196
GSE25055,363,expanded_pam50,brier,0.0033755300730460543,196
GSE25055,363,expanded_pam50,logloss,0.012004123326468458,196
GSE25055,364,expanded,auc,0.011735634109566106,189
GSE25055,364,expanded,ap,0.06145953151265389,189
GSE25055,364,expanded,brier,-0.006519089977321642,189
GSE25055,364,expanded,logloss,-0.01589706413872032,189
GSE25055,364,expanded_pam50,auc,0.0092980398726755,189
GSE25055,364,expanded_pam50,ap,0.06324844261722509,189
GSE25055,364,expanded_pam50,brier,-0.005890548219723159,189
GSE25055,364,expanded_pam50,logloss,-0.011328037453671608,189
GSE25055,365,expanded,auc,0.05641537324464154,198
GSE25055,365,expanded,ap,0.21881257296062762,198
GSE25055,365,expanded,brier,-0.021853827607740538,198
GSE25055,365,expanded,logloss,-0.03723828119271662,198
GSE25055,365,expanded_pam50,auc,0.0505321507760532,198
GSE25055,365,expanded_pam50,ap,0.2017382436472855,198
GSE25055,365,expanded_pam50,brier,-0.02080038833412956,198
GSE25055,365,expanded_pam50,logloss,-0.02996856615442725,198
GSE25055,366,expanded,auc,-0.0002516537244751316,194
GSE25055,366,expanded,ap,0.03840590389853994,194
GSE25055,366,expanded,brier,0.0007322434010006845,194
GSE25055,366,expanded,logloss,0.0016957869460318131,194
GSE25055,366,expanded_pam50,auc,-0.005917457578372165,194
GSE25055,366,expanded_pam50,ap,0.03150800323184901,194
GSE25055,366,expanded_pam50,brier,0.001638544411978754,194
GSE25055,366,expanded_pam50,logloss,0.005755237687320408,194
GSE25055,367,expanded,auc,-0.005603921568627435,193
GSE25055,367,expanded,ap,-0.0071051908720636105,193
GSE25055,367,expanded,brier,0.0023942790552232197,193
GSE25055,367,expanded,logloss,0.004554856088103932,193
GSE25055,367,expanded_pam50,auc,-0.006901960784313732,193
GSE25055,367,expanded_pam50,ap,-0.0021940261875779132,193
GSE25055,367,expanded_pam50,brier,0.0028609385908376916,193
GSE25055,367,expanded_pam50,logloss,0.0075240459402090565,193
GSE25055,368,expanded,auc,0.02776603498542275,187
GSE25055,368,expanded,ap,0.10638168079019465,187
GSE25055,368,expanded,brier,-0.006645892557638656,187
GSE25055,368,expanded,logloss,-0.020830944264344085,187
GSE25055,368,expanded_pam50,auc,0.02973760932944608,187
GSE25055,368,expanded_pam50,ap,0.11090074517016639,187
GSE25055,368,expanded_pam50,brier,-0.0062821812183944305,187
GSE25055,368,expanded_pam50,logloss,-0.018650136853923322,187
GSE25055,369,expanded,auc,0.0501197096076614,192
GSE25055,369,expanded,ap,0.0949453428986418,192
GSE25055,369,expanded,brier,-0.005313868142053088,192
GSE25055,369,expanded,logloss,-0.035927444724817584,192
GSE25055,369,expanded_pam50,auc,0.03394346617238184,192
GSE25055,369,expanded_pam50,ap,0.08568984251851806,192
GSE25055,369,expanded_pam50,brier,-0.007104675779643665,192
GSE25055,369,expanded_pam50,logloss,-0.03417701105047374,192
GSE25055,370,expanded,auc,0.0471334716459198,192
GSE25055,370,expanded,ap,0.09121770847459329,192
GSE25055,370,expanded,brier,-0.00875023119213498,192
GSE25055,370,expanded,logloss,-0.018070725056550507,192
GSE25055,370,expanded_pam50,auc,0.04548063623789763,192
GSE25055,370,expanded_pam50,ap,0.0945384057775013,192
GSE25055,370,expanded_pam50,brier,-0.009140105597736054,192
GSE25055,370,expanded_pam50,logloss,-0.013672916284465536,192
GSE25055,371,expanded,auc,0.004094145569620256,190
GSE25055,371,expanded,ap,0.031137077474417546,190
GSE25055,371,expanded,brier,-0.000750400261696274,190
GSE25055,371,expanded,logloss,-0.0017210317473064674,190
GSE25055,371,expanded_pam50,auc,0.0002768987341772333,190
GSE25055,371,expanded_pam50,ap,0.0162424271043697,190
GSE25055,371,expanded_pam50,brier,0.0005704875760083938,190
GSE25055,371,expanded_pam50,logloss,0.001576952131935594,190
GSE25055,372,expanded,auc,0.022101960784313736,188
GSE25055,372,expanded,ap,0.07181994257413706,188
GSE25055,372,expanded,brier,-0.0034500006062574418,188
GSE25055,372,expanded,logloss,-0.009280334565686643,188
GSE25055,372,expanded_pam50,auc,0.007090196078431377,188
GSE25055,372,expanded_pam50,ap,0.03839177488408416,188
GSE25055,372,expanded_pam50,brier,0.0011765505441823226,188
GSE25055,372,expanded_pam50,logloss,0.00030336560435635375,188
GSE25055,373,expanded,auc,0.03133141896624179,192
GSE25055,373,expanded,ap,0.08587281057885515,192
GSE25055,373,expanded,brier,-0.009236739024708191,192
GSE25055,373,expanded,logloss,-0.025148254189262347,192
GSE25055,373,expanded_pam50,auc,0.028855582014287694,192
GSE25055,373,expanded_pam50,ap,0.10040349797845396,192
GSE25055,373,expanded_pam50,brier,-0.00781866952318248,192
GSE25055,373,expanded_pam50,logloss,-0.020442629167463627,192
GSE25055,374,expanded,auc,0.013248337028824853,200
GSE25055,374,expanded,ap,0.015598456807388772,200
GSE25055,374,expanded,brier,-0.00013973588741583997,200
GSE25055,374,expanded,logloss,-0.005916485385723957,200
GSE25055,374,expanded_pam50,auc,0.002904656319290477,200
GSE25055,374,expanded_pam50,ap,0.0005984511016675298,200
GSE25055,374,expanded_pam50,brier,0.0021158122701426057,200
GSE25055,374,expanded_pam50,logloss,0.002023062185778307,200
GSE25055,375,expanded,auc,0.04642041996348142,194
GSE25055,375,expanded,ap,0.06369279425235823,194
GSE25055,375,expanded,brier,-0.004829485206125072,194
GSE25055,375,expanded,logloss,-0.016610408426602143,194
GSE25055,375,expanded_pam50,auc,0.035677875836883734,194
GSE25055,375,expanded_pam50,ap,0.0507276751875018,194
GSE25055,375,expanded_pam50,brier,-0.0026758843824003092,194
GSE25055,375,expanded_pam50,logloss,-0.011090640920635813,194
GSE25055,376,expanded,auc,0.026897970767702607,195
GSE25055,376,expanded,ap,0.06651072160013735,195
GSE25055,376,expanded,brier,-0.006363574484052223,195
GSE25055,376,expanded,logloss,-0.024651970562976654,195
GSE25055,376,expanded_pam50,auc,0.026443876827018577,195
GSE25055,376,expanded_pam50,ap,0.06418392383322763,195
GSE25055,376,expanded_pam50,brier,-0.007185856372831462,195
GSE25055,376,expanded_pam50,logloss,-0.023623371845631423,195
GSE25055,377,expanded,auc,0.04436078431372549,194
GSE25055,377,expanded,ap,0.06988466041718082,194
GSE25055,377,expanded,brier,-0.005551168186464462,194
GSE25055,377,expanded,logloss,-0.017078570741662375,194
GSE25055,377,expanded_pam50,auc,0.03294509803921566,194
GSE25055,377,expanded_pam50,ap,0.05257888217283191,194
GSE25055,377,expanded_pam50,brier,-0.0038819829605824642,194
GSE25055,377,expanded_pam50,logloss,-0.01000388114120399,194
GSE25055,378,expanded,auc,0.04611973392461194,194
GSE25055,378,expanded,ap,0.08013519199886088,194
GSE25055,378,expanded,brier,-0.009431709833816273,194
GSE25055,378,expanded,logloss,-0.03400656847011875,194
GSE25055,378,expanded_pam50,auc,0.04221729490022171,194
GSE25055,378,expanded_pam50,ap,0.07860666122536178,194
GSE25055,378,expanded_pam50,brier,-0.009031256338888223,194
GSE25055,378,expanded_pam50,logloss,-0.027842710109070086,194
GSE25055,379,expanded,auc,0.023488543976348843,193
GSE25055,379,expanded,ap,0.029119612511311472,193
GSE25055,379,expanded,brier,-0.0011688024405733272,193
GSE25055,379,expanded,logloss,-0.007200283250118217,193
GSE25055,379,expanded_pam50,auc,0.014079822616407977,193
GSE25055,379,expanded_pam50,ap,0.01659053580914848,193
GSE25055,379,expanded_pam50,brier,0.000590726079681314,193
GSE25055,379,expanded_pam50,logloss,-0.0016556909341954862,193
GSE25055,380,expanded,auc,0.02023916629179786,185
GSE25055,380,expanded,ap,0.045439727365125346,185
GSE25055,380,expanded,brier,-0.003608646845984545,185
GSE25055,380,expanded,logloss,-0.007373730929457556,185
GSE25055,380,expanded_pam50,auc,0.012708052181736384,185
GSE25055,380,expanded_pam50,ap,0.041362060972387156,185
GSE25055,380,expanded_pam50,brier,-0.0023296591868499418,185
GSE25055,380,expanded_pam50,logloss,-0.002746132126913553,185
GSE25055,381,expanded,auc,0.025562844185293178,199
GSE25055,381,expanded,ap,0.03424899131759414,199
GSE25055,381,expanded,brier,-0.0018917622869586482,199
GSE25055,381,expanded,logloss,-0.008492263057447958,199
GSE25055,381,expanded_pam50,auc,0.016172659540006497,199
GSE25055,381,expanded_pam50,ap,0.03205737711934181,199
GSE25055,381,expanded_pam50,brier,-0.0011764457671669891,199
GSE25055,381,expanded_pam50,logloss,-0.004634745520599881,199
GSE25055,382,expanded,auc,0.026230968577907354,186
GSE25055,382,expanded,ap,0.12334580422991345,186
GSE25055,382,expanded,brier,-0.009591940552211629,186
GSE25055,382,expanded,logloss,-0.011626896679134784,186
GSE25055,382,expanded_pam50,auc,0.02676546809199872,186
GSE25055,382,expanded_pam50,ap,0.14695522754313425,186
GSE25055,382,expanded_pam50,brier,-0.012646673576664824,186
GSE25055,382,expanded_pam50,logloss,-0.014001784305732085,186
GSE25055,383,expanded,auc,0.034327449786975064,193
GSE25055,383,expanded,ap,0.05699896685774118,193
GSE25055,383,expanded,brier,-0.005797027215632522,193
GSE25055,383,expanded,logloss,-0.014212710034866505,193
GSE25055,383,expanded_pam50,auc,0.02509890444309191,193
GSE25055,383,expanded_pam50,ap,0.04761437926258116,193
GSE25055,383,expanded_pam50,brier,-0.004729533305061914,193
GSE25055,383,expanded_pam50,logloss,-0.009076502908185236,193
GSE25055,384,expanded,auc,0.04167568054804398,194
GSE25055,384,expanded,ap,0.1277349358376576,194
GSE25055,384,expanded,brier,-0.009970459597244172,194
GSE25055,384,expanded,logloss,-0.021284102220336915,194
GSE25055,384,expanded_pam50,auc,0.035568775914908965,194
GSE25055,384,expanded_pam50,ap,0.10973548475551569,194
GSE25055,384,expanded_pam50,brier,-0.008027733361818577,194
GSE25055,384,expanded_pam50,logloss,-0.014878523644643472,194
GSE25055,385,expanded,auc,0.024952760156566334,186
GSE25055,385,expanded,ap,0.0878125090829378,186
GSE25055,385,expanded,brier,-0.006860355687867159,186
GSE25055,385,expanded,logloss,-0.011819208304100886,186
GSE25055,385,expanded_pam50,auc,0.026221487380213248,186
GSE25055,385,expanded_pam50,ap,0.0733987421330033,186
GSE25055,385,expanded_pam50,brier,-0.007398652383030504,186
GSE25055,385,expanded_pam50,logloss,-0.010488976263215526,186
GSE25055,386,expanded,auc,0.028024781341107852,189
GSE25055,386,expanded,ap,0.07917877329886666,189
GSE25055,386,expanded,brier,-0.006665101618462827,189
GSE25055,386,expanded,logloss,-0.009586541557367106,189
GSE25055,386,expanded_pam50,auc,0.027507288629737604,189
GSE25055,386,expanded_pam50,ap,0.08292627952181539,189
GSE25055,386,expanded_pam50,brier,-0.005755486440438109,189
GSE25055,386,expanded_pam50,logloss,-0.007842909588944263,189
GSE25055,387,expanded,auc,-0.007837232105336845,195
GSE25055,387,expanded,ap,-0.0062968189570943075,195
GSE25055,387,expanded,brier,0.004010112297409019,195
GSE25055,387,expanded,logloss,0.007320365999053164,195
GSE25055,387,expanded_pam50,auc,-0.009581173833870305,195
GSE25055,387,expanded_pam50,ap,-0.013854709151453714,195
GSE25055,387,expanded_pam50,brier,0.004415610472664167,195
GSE25055,387,expanded_pam50,logloss,0.009207755447218973,195
GSE25055,388,expanded,auc,0.03707587382779197,182
GSE25055,388,expanded,ap,0.06515080644043683,182
GSE25055,388,expanded,brier,-0.0019207749494806845,182
GSE25055,388,expanded,logloss,-0.010272841583687103,182
GSE25055,388,expanded_pam50,auc,0.03323103154305199,182
GSE25055,388,expanded_pam50,ap,0.06273459522648786,182
GSE25055,388,expanded_pam50,brier,-0.002859368918589879,182
GSE25055,388,expanded_pam50,logloss,-0.00784959594011761,182
GSE25055,389,expanded,auc,0.012849723571787574,194
GSE25055,389,expanded,ap,0.05724077163010366,194
GSE25055,389,expanded,brier,-0.0024012734103359425,194
GSE25055,389,expanded,logloss,-0.006831380905350859,194
GSE25055,389,expanded_pam50,auc,0.004158988105210282,194
GSE25055,389,expanded_pam50,ap,0.02739346375817746,194
GSE25055,389,expanded_pam50,brier,-0.0009113756102469533,194
GSE25055,389,expanded_pam50,logloss,-0.0010205287608753776,194
GSE25055,390,expanded,auc,0.00528688524590164,191
GSE25055,390,expanded,ap,0.03633053065989219,191
GSE25055,390,expanded,brier,-0.0014388453172812816,191
GSE25055,390,expanded,logloss,-0.002151574639727849,191
GSE25055,390,expanded_pam50,auc,0.0008265027322404639,191
GSE25055,390,expanded_pam50,ap,0.03191434048118028,191
GSE25055,390,expanded_pam50,brier,-0.00032709446039980714,191
GSE25055,390,expanded_pam50,logloss,0.0027344797388552276,191
GSE25055,391,expanded,auc,0.022096076614148908,187
GSE25055,391,expanded,ap,0.03443070267383912,187
GSE25055,391,expanded,brier,-0.0022337195955834444,187
GSE25055,391,expanded,logloss,-0.00479945172975933,187
GSE25055,391,expanded_pam50,auc,0.02601173926475133,187
GSE25055,391,expanded_pam50,ap,0.032310065122195294,187
GSE25055,391,expanded_pam50,brier,-0.0027107766130714944,187
GSE25055,391,expanded_pam50,logloss,-0.006160407793562289,187
GSE25055,392,expanded,auc,0.04142645971914266,185
GSE25055,392,expanded,ap,0.08930607179196834,185
GSE25055,392,expanded,brier,-0.006641477245406743,185
GSE25055,392,expanded,logloss,-0.021505351105371773,185
GSE25055,392,expanded_pam50,auc,0.03526237989652624,185
GSE25055,392,expanded_pam50,ap,0.07194649118880574,185
GSE25055,392,expanded_pam50,brier,-0.005378624997375328,185
GSE25055,392,expanded_pam50,logloss,-0.01819404003635123,185
GSE25055,393,expanded,auc,0.04062017299969106,190
GSE25055,393,expanded,ap,0.11108516876879686,190
GSE25055,393,expanded,brier,-0.009316888518488478,190
GSE25055,393,expanded,logloss,-0.02523763831482518,190
GSE25055,393,expanded_pam50,auc,0.029178251467408135,190
GSE25055,393,expanded_pam50,ap,0.06618027540693949,190
GSE25055,393,expanded_pam50,brier,-0.0058961991590664505,190
GSE25055,393,expanded_pam50,logloss,-0.014112163942939581,190
GSE25055,394,expanded,auc,0.02832028613848022,187
GSE25055,394,expanded,ap,0.04166739835714124,187
GSE25055,394,expanded,brier,-0.004082451436423743,187
GSE25055,394,expanded,logloss,-0.010034315311431086,187
GSE25055,394,expanded_pam50,auc,0.015056012957214204,187
GSE25055,394,expanded_pam50,ap,0.019777871193822776,187
GSE25055,394,expanded_pam50,brier,-0.0014243465862986888,187
GSE25055,394,expanded_pam50,logloss,-0.0023069446144191987,187
GSE25055,395,expanded,auc,0.006128304319793687,203
GSE25055,395,expanded,ap,0.03296132145367367,203
GSE25055,395,expanded,brier,-0.0025049683330294614,203
GSE25055,395,expanded,logloss,0.00017800111850871936,203
GSE25055,395,expanded_pam50,auc,0.0005125725338491205,203
GSE25055,395,expanded_pam50,ap,0.02226253994040207,203
GSE25055,395,expanded_pam50,brier,-0.0007191407728310728,203
GSE25055,395,expanded_pam50,logloss,0.003557070071535434,203
GSE25055,396,expanded,auc,0.03244169096209913,185
GSE25055,396,expanded,ap,0.03514441662502567,185
GSE25055,396,expanded,brier,-0.0035087747502940162,185
GSE25055,396,expanded,logloss,-0.014140709313472388,185
GSE25055,396,expanded_pam50,auc,0.02798833819241984,185
GSE25055,396,expanded_pam50,ap,0.04062474622853672,185
GSE25055,396,expanded_pam50,brier,-0.0034048331088337826,185
GSE25055,396,expanded_pam50,logloss,-0.008980879135143394,185
GSE25055,397,expanded,auc,0.018498934875228225,184
GSE25055,397,expanded,ap,0.052753809107125016,184
GSE25055,397,expanded,brier,-0.002883702653680889,184
GSE25055,397,expanded,logloss,-0.00870588711411056,184
GSE25055,397,expanded_pam50,auc,0.01174300060864274,184
GSE25055,397,expanded_pam50,ap,0.05811198859659881,184
GSE25055,397,expanded_pam50,brier,-0.0032405128215361205,184
GSE25055,397,expanded_pam50,logloss,-0.006066283495396302,184
GSE25055,398,expanded,auc,0.05827868852459016,190
GSE25055,398,expanded,ap,0.12213216779609155,190
GSE25055,398,expanded,brier,-0.013574941334331852,190
GSE25055,398,expanded,logloss,-0.032710344963207606,190
GSE25055,398,expanded_pam50,auc,0.05130464480874316,190
GSE25055,398,expanded_pam50,ap,0.140267258517271,190
GSE25055,398,expanded_pam50,brier,-0.013559767916517612,190
GSE25055,398,expanded_pam50,logloss,-0.03047083554800205,190
GSE25055,399,expanded,auc,0.011735392574558745,191
GSE25055,399,expanded,ap,0.04699777378475274,191
GSE25055,399,expanded,brier,-0.0024991369400134108,191
GSE25055,399,expanded,logloss,-0.0047512773464712665,191
GSE25055,399,expanded_pam50,auc,0.00826993304930006,191
GSE25055,399,expanded_pam50,ap,0.03519530810262716,191
GSE25055,399,expanded_pam50,brier,-0.001169847206681146,191
GSE25055,399,expanded_pam50,logloss,-0.0021321211974013377,191
GSE25055,400,expanded,auc,0.02507190106413574,185
GSE25055,400,expanded,ap,0.056152612890962,185
GSE25055,400,expanded,brier,-0.0017914915258722074,185
GSE25055,400,expanded,logloss,-0.007342030198423522,185
GSE25055,400,expanded_pam50,auc,0.021448087431693998,185
GSE25055,400,expanded_pam50,ap,0.047881083074013134,185
GSE25055,400,expanded_pam50,brier,-0.00141918771548043,185
GSE25055,400,expanded_pam50,logloss,-0.005722184851087375,185
GSE25055,401,expanded,auc,0.02420556434599156,187
GSE25055,401,expanded,ap,0.05567379080335986,187
GSE25055,401,expanded,brier,-0.004543749466171673,187
GSE25055,401,expanded,logloss,-0.009454660815734373,187
GSE25055,401,expanded_pam50,auc,0.022428797468354446,187
GSE25055,401,expanded_pam50,ap,0.05894114677297759,187
GSE25055,401,expanded_pam50,brier,-0.004500488933729318,187
GSE25055,401,expanded_pam50,logloss,-0.006060265726487257,187
GSE25055,402,expanded,auc,0.05779681274900399,189
GSE25055,402,expanded,ap,0.05595813840053264,189
GSE25055,402,expanded,brier,-0.0048439475357239525,189
GSE25055,402,expanded,logloss,-0.022966633954255133,189
GSE25055,402,expanded_pam50,auc,0.05608764940239044,189
GSE25055,402,expanded_pam50,ap,0.058783667887499426,189
GSE25055,402,expanded_pam50,brier,-0.004998647548669644,189
GSE25055,402,expanded_pam50,logloss,-0.019045308718524678,189
GSE25055,403,expanded,auc,0.0015160349854227428,183
GSE25055,403,expanded,ap,-0.0024618610958469706,183
GSE25055,403,expanded,brier,0.0020992328903201574,183
GSE25055,403,expanded,logloss,0.0014496755019482832,183
GSE25055,403,expanded_pam50,auc,-0.0007434402332361367,183
GSE25055,403,expanded_pam50,ap,-0.003610409109700888,183
GSE25055,403,expanded_pam50,brier,0.002180249626068967,183
GSE25055,403,expanded_pam50,logloss,0.0018739835995970843,183
GSE25055,404,expanded,auc,0.012833655705996127,187
GSE25055,404,expanded,ap,0.059615988611329676,187
GSE25055,404,expanded,brier,-0.0022631986608082576,187
GSE25055,404,expanded,logloss,0.0060589195137699834,187
GSE25055,404,expanded_pam50,auc,0.0072985170857511215,187
GSE25055,404,expanded_pam50,ap,0.04055645943035939,187
GSE25055,404,expanded_pam50,brier,0.0001271493072651897,187
GSE25055,404,expanded_pam50,logloss,0.017422094771882828,187
GSE25055,405,expanded,auc,0.03794938165084842,198
GSE25055,405,expanded,ap,0.03697643000833922,198
GSE25055,405,expanded,brier,-0.004830744264155054,198
GSE25055,405,expanded,logloss,-0.014690250857121095,198
GSE25055,405,expanded_pam50,auc,0.023490077653149245,198
GSE25055,405,expanded_pam50,ap,0.026294574477587353,198
GSE25055,405,expanded_pam50,brier,-0.0017824954618799848,198
GSE25055,405,expanded_pam50,logloss,-0.008891643442326496,198
GSE25055,406,expanded,auc,0.007508054349348659,199
GSE25055,406,expanded,ap,0.023255057693549786,199
GSE25055,406,expanded,brier,0.0008508088538944497,199
GSE25055,406,expanded,logloss,0.0031690851140132705,199
GSE25055,406,expanded_pam50,auc,0.003705000700378225,199
GSE25055,406,expanded_pam50,ap,0.011171727063931963,199
GSE25055,406,expanded_pam50,brier,0.001336845322054922,199
GSE25055,406,expanded_pam50,logloss,0.0037997206845544083,199
GSE25055,407,expanded,auc,0.019627450980392157,178
GSE25055,407,expanded,ap,0.050774459564788786,178
GSE25055,407,expanded,brier,-0.002748122543036827,178
GSE25055,407,expanded,logloss,-0.008150375923959868,178
GSE25055,407,expanded_pam50,auc,0.0015921568627450978,178
GSE25055,407,expanded_pam50,ap,0.030638203339959025,178
GSE25055,407,expanded_pam50,brier,6.941162517605653e-05,178
GSE25055,407,expanded_pam50,logloss,0.0024483031791878995,178
GSE25055,408,expanded,auc,0.02207468879668051,188
GSE25055,408,expanded,ap,0.0744521399149211,188
GSE25055,408,expanded,brier,-0.007620521570552459,188
GSE25055,408,expanded,logloss,-0.012872257500059275,188
GSE25055,408,expanded_pam50,auc,0.021922544951590593,188
GSE25055,408,expanded_pam50,ap,0.07341125426687145,188
GSE25055,408,expanded_pam50,brier,-0.006518043234809298,188
GSE25055,408,expanded_pam50,logloss,-0.010817944856587297,188
GSE25055,409,expanded,auc,0.03511198945981555,186
GSE25055,409,expanded,ap,0.1306601125805043,186
GSE25055,409,expanded,brier,-0.010067261703593738,186
GSE25055,409,expanded,logloss,-0.0082858535678837,186
GSE25055,409,expanded_pam50,auc,0.026828063241106703,186
GSE25055,409,expanded_pam50,ap,0.11914786472287311,186
GSE25055,409,expanded_pam50,brier,-0.009264245530089017,186
GSE25055,409,expanded_pam50,logloss,-0.005022594094979344,186
GSE25055,410,expanded,auc,0.013819241982507302,199
GSE25055,410,expanded,ap,0.09203810758626443,199
GSE25055,410,expanded,brier,-0.006443772448280749,199
GSE25055,410,expanded,logloss,-0.004126953570600489,199
GSE25055,410,expanded_pam50,auc,0.004799562682215741,199
GSE25055,410,expanded_pam50,ap,0.08613116040858985,199
GSE25055,410,expanded_pam50,brier,-0.005073453070427236,199
GSE25055,410,expanded_pam50,logloss,-0.0015537002021192626,199
GSE25055,411,expanded,auc,0.04283921568627451,184
GSE25055,411,expanded,ap,0.066006920307936,184
GSE25055,411,expanded,brier,-0.009577334916067427,184
GSE25055,411,expanded,logloss,-0.03560114753035449,184
GSE25055,411,expanded_pam50,auc,0.029027450980392167,184
GSE25055,411,expanded_pam50,ap,0.03293348565977452,184
GSE25055,411,expanded_pam50,brier,-0.0052401316063511475,184
GSE25055,411,expanded_pam50,logloss,-0.02334672679867379,184
GSE25055,412,expanded,auc,0.04359724096566202,185
GSE25055,412,expanded,ap,0.1265797311704137,185
GSE25055,412,expanded,brier,-0.01185930349487121,185
GSE25055,412,expanded,logloss,-0.03193549093823102,185
GSE25055,412,expanded_pam50,auc,0.035811216074373965,185
GSE25055,412,expanded_pam50,ap,0.11457970245806179,185
GSE25055,412,expanded_pam50,brier,-0.010729897002078633,185
GSE25055,412,expanded_pam50,logloss,-0.02400446429423786,185
GSE25055,413,expanded,auc,0.0362749445676275,197
GSE25055,413,expanded,ap,0.08791531725432333,197
GSE25055,413,expanded,brier,-0.004952628050428666,197
GSE25055,413,expanded,logloss,-0.014335307903751976,197
GSE25055,413,expanded_pam50,auc,0.02814486326681449,197
GSE25055,413,expanded_pam50,ap,0.06859961116902312,197
GSE25055,413,expanded_pam50,brier,-0.003490640657345741,197
GSE25055,413,expanded_pam50,logloss,-0.010052777563281962,197
GSE25055,414,expanded,auc,0.002144808743169391,203
GSE25055,414,expanded,ap,0.027150200431583123,203
GSE25055,414,expanded,brier,0.0009088893856687957,203
GSE25055,414,expanded,logloss,0.0020943918701016085,203
GSE25055,414,expanded_pam50,auc,0.0034699453551912396,203
GSE25055,414,expanded_pam50,ap,0.02824158443586263,203
GSE25055,414,expanded_pam50,brier,0.0014189480992218228,203
GSE25055,414,expanded_pam50,logloss,0.0033908357394284326,203
GSE25055,415,expanded,auc,0.06695007538951249,191
GSE25055,415,expanded,ap,0.13147882644828118,191
GSE25055,415,expanded,brier,-0.011262043810347955,191
GSE25055,415,expanded,logloss,-0.0247334230353508,191
GSE25055,415,expanded_pam50,auc,0.05856089797285977,191
GSE25055,415,expanded_pam50,ap,0.12605209259368189,191
GSE25055,415,expanded_pam50,brier,-0.009203674543284447,191
GSE25055,415,expanded_pam50,logloss,-0.01868851827939629,191
GSE25055,416,expanded,auc,0.03762394086893818,185
GSE25055,416,expanded,ap,0.036481930425777395,185
GSE25055,416,expanded,brier,-0.0033011191306802578,185
GSE25055,416,expanded,logloss,-0.013330350737325525,185
GSE25055,416,expanded_pam50,auc,0.029763836307914193,185
GSE25055,416,expanded_pam50,ap,0.02481287913335658,185
GSE25055,416,expanded_pam50,brier,-0.001779489327752798,185
GSE25055,416,expanded_pam50,logloss,-0.008867091519741405,185
GSE25055,417,expanded,auc,0.0295338441890166,193
GSE25055,417,expanded,ap,0.0810299088435386,193
GSE25055,417,expanded,brier,-0.00801162292607717,193
GSE25055,417,expanded,logloss,-0.017981323862256638,193
GSE25055,417,expanded_pam50,auc,0.030246913580246913,193
GSE25055,417,expanded_pam50,ap,0.08711848293975555,193
GSE25055,417,expanded_pam50,brier,-0.008176101570568728,193
GSE25055,417,expanded_pam50,logloss,-0.014947525678405887,193
GSE25055,418,expanded,auc,-0.0021887966804979286,198
GSE25055,418,expanded,ap,0.03436654763036898,198
GSE25055,418,expanded,brier,4.3104419574988007e-05,198
GSE25055,418,expanded,logloss,0.001172040636070837,198
GSE25055,418,expanded_pam50,auc,-0.005165975103734432,198
GSE25055,418,expanded_pam50,ap,0.022855128023234923,198
GSE25055,418,expanded_pam50,brier,0.0013329123221165918,198
GSE25055,418,expanded_pam50,logloss,0.003764401825267788,198
GSE25055,419,expanded,auc,0.012926829268292684,189
GSE25055,419,expanded,ap,0.043813531261782085,189
GSE25055,419,expanded,brier,-0.0043412192092701155,189
GSE25055,419,expanded,logloss,-0.011743194722421219,189
GSE25055,419,expanded_pam50,auc,0.011515151515151523,189
GSE25055,419,expanded_pam50,ap,0.04158092890635054,189
GSE25055,419,expanded_pam50,brier,-0.003174462044139187,189
GSE25055,419,expanded_pam50,logloss,-0.00836924104371276,189
GSE25055,420,expanded,auc,0.006341463414634129,189
GSE25055,420,expanded,ap,0.04342542132304702,189
GSE25055,420,expanded,brier,-0.0022565523389460234,189
GSE25055,420,expanded,logloss,-0.007515424495707318,189
GSE25055,420,expanded_pam50,auc,-0.00024390243902440157,189
GSE25055,420,expanded_pam50,ap,0.03727321000689743,189
GSE25055,420,expanded_pam50,brier,-0.0003010151293623281,189
GSE25055,420,expanded_pam50,logloss,-0.0018571593644054584,189
GSE25055,421,expanded,auc,0.00877924079002661,193
GSE25055,421,expanded,ap,0.03530961896991926,193
GSE25055,421,expanded,brier,-0.0014517500415561241,193
GSE25055,421,expanded,logloss,-0.002182355634906874,193
GSE25055,421,expanded_pam50,auc,0.0016353831068777192,193
GSE25055,421,expanded_pam50,ap,0.026205011958724066,193
GSE25055,421,expanded_pam50,brier,0.0006008871409062227,193
GSE25055,421,expanded_pam50,logloss,0.00395920223871119,193
GSE25055,422,expanded,auc,0.03683491515674433,192
GSE25055,422,expanded,ap,0.03799164681402185,192
GSE25055,422,expanded,brier,-0.0037452889168784337,192
GSE25055,422,expanded,logloss,-0.02692051922305185,192
GSE25055,422,expanded_pam50,auc,0.034368708656888125,192
GSE25055,422,expanded_pam50,ap,0.026878106312075073,192
GSE25055,422,expanded_pam50,brier,-0.003309850860557731,192
GSE25055,422,expanded_pam50,logloss,-0.02358271392371114,192
GSE25055,423,expanded,auc,0.0327365545010066,190
GSE25055,423,expanded,ap,0.032506664342182065,190
GSE25055,423,expanded,brier,-0.003911314421269426,190
GSE25055,423,expanded,logloss,-0.014988868833107427,190
GSE25055,423,expanded_pam50,auc,0.031758700028760425,190
GSE25055,423,expanded_pam50,ap,0.03430058864865248,190
GSE25055,423,expanded_pam50,brier,-0.003639493262601212,190
GSE25055,423,expanded_pam50,logloss,-0.013750545535073993,190
GSE25055,424,expanded,auc,0.004125683060109275,186
GSE25055,424,expanded,ap,0.0068265479650370334,186
GSE25055,424,expanded,brier,0.0015828721900633003,186
GSE25055,424,expanded,logloss,-0.0004327662329757009,186
GSE25055,424,expanded_pam50,auc,0.00394808743169398,186
GSE25055,424,expanded_pam50,ap,0.009217155011110412,186
GSE25055,424,expanded_pam50,brier,0.001142510322384055,186
GSE25055,424,expanded_pam50,logloss,0.0008211430588806301,186
GSE25055,425,expanded,auc,0.011608606557377044,183
GSE25055,425,expanded,ap,0.037354534752505955,183
GSE25055,425,expanded,brier,-0.0007668968511005709,183
GSE25055,425,expanded,logloss,-0.001345826925564747,183
GSE25055,425,expanded_pam50,auc,0.02156762295081969,183
GSE25055,425,expanded_pam50,ap,0.06414395687830236,183
GSE25055,425,expanded_pam50,brier,-0.004748691113644935,183
GSE25055,425,expanded_pam50,logloss,-0.011756355415946367,183
GSE25055,426,expanded,auc,0.01750374812593706,195
GSE25055,426,expanded,ap,0.06129679559940191,195
GSE25055,426,expanded,brier,-0.006321141184202486,195
GSE25055,426,expanded,logloss,-0.018229314561009947,195
GSE25055,426,expanded_pam50,auc,0.013034107946026973,195
GSE25055,426,expanded_pam50,ap,0.06001752637951918,195
GSE25055,426,expanded_pam50,brier,-0.005185812994497494,195
GSE25055,426,expanded_pam50,logloss,-0.011961931982117724,195
GSE25055,427,expanded,auc,0.009692254495159092,199
GSE25055,427,expanded,ap,0.04427417373736114,199
GSE25055,427,expanded,brier,-0.0033384185900297266,199
GSE25055,427,expanded,logloss,-0.005116809584695148,199
GSE25055,427,expanded_pam50,auc,0.001939834024896292,199
GSE25055,427,expanded_pam50,ap,0.02960020985060634,199
GSE25055,427,expanded_pam50,brier,-0.0007304151234457462,199
GSE25055,427,expanded_pam50,logloss,0.0011336444473167896,199
GSE25055,428,expanded,auc,0.056535269709543576,188
GSE25055,428,expanded,ap,0.08549161486269835,188
GSE25055,428,expanded,brier,-0.008869715384281765,188
GSE25055,428,expanded,logloss,-0.03488634790714324,188
GSE25055,428,expanded_pam50,auc,0.04316390041493777,188
GSE25055,428,expanded_pam50,ap,0.07907653372620538,188
GSE25055,428,expanded_pam50,brier,-0.0070981062432819795,188
GSE25055,428,expanded_pam50,logloss,-0.02444474583382982,188
GSE25055,429,expanded,auc,0.018276953969725063,188
GSE25055,429,expanded,ap,0.06755039351322187,188
GSE25055,429,expanded,brier,-0.004057734134084258,188
GSE25055,429,expanded,logloss,-0.008849361199645477,188
GSE25055,429,expanded_pam50,auc,0.005128205128205121,188
GSE25055,429,expanded_pam50,ap,0.042673915396047805,188
GSE25055,429,expanded_pam50,brier,-0.0009106778292024192,188
GSE25055,429,expanded_pam50,logloss,-0.0014394433369615655,188
GSE25055,430,expanded,auc,0.03273163342590253,189
GSE25055,430,expanded,ap,0.08231108890615998,189
GSE25055,430,expanded,brier,-0.007198724825292091,189
GSE25055,430,expanded,logloss,-0.010309322084883216,189
GSE25055,430,expanded_pam50,auc,0.03734536733148195,189
GSE25055,430,expanded_pam50,ap,0.10526310729476518,189
GSE25055,430,expanded_pam50,brier,-0.009033710659526647,189
GSE25055,430,expanded_pam50,logloss,-0.012819858710055365,189
GSE25055,431,expanded,auc,0.049803149606299224,198
GSE25055,431,expanded,ap,0.10928139964134305,198
GSE25055,431,expanded,brier,-0.008747899231532717,198
GSE25055,431,expanded,logloss,-0.020775600173610454,198
GSE25055,431,expanded_pam50,auc,0.038561735634109584,198
GSE25055,431,expanded_pam50,ap,0.10522098731722027,198
GSE25055,431,expanded_pam50,brier,-0.007511322317859216,198
GSE25055,431,expanded_pam50,logloss,-0.015683293043152503,198
GSE25055,432,expanded,auc,0.02987720111214086,192
GSE25055,432,expanded,ap,0.10289217684963514,192
GSE25055,432,expanded,brier,-0.011355849434237243,192
GSE25055,432,expanded,logloss,-0.019922417145488525,192
GSE25055,432,expanded_pam50,auc,0.03198949644732777,192
GSE25055,432,expanded_pam50,ap,0.10220414662007579,192
GSE25055,432,expanded_pam50,brier,-0.01212606276815675,192
GSE25055,432,expanded_pam50,logloss,-0.020155855406046957,192
GSE25055,433,expanded,auc,0.03444109819302423,196
GSE25055,433,expanded,ap,0.053212316858544106,196
GSE25055,433,expanded,brier,-0.00400030902807178,196
GSE25055,433,expanded,logloss,-0.016022396460955445,196
GSE25055,433,expanded_pam50,auc,0.03370219918756127,196
GSE25055,433,expanded_pam50,ap,0.05999743253080068,196
GSE25055,433,expanded_pam50,brier,-0.003925338081183718,196
GSE25055,433,expanded_pam50,logloss,-0.012181575352845897,196
GSE25055,434,expanded,auc,0.05514811619211966,191
GSE25055,434,expanded,ap,0.07451507662425574,191
GSE25055,434,expanded,brier,-0.007623833301742364,191
GSE25055,434,expanded,logloss,-0.034055970964181295,191
GSE25055,434,expanded_pam50,auc,0.03971814782858787,191
GSE25055,434,expanded_pam50,ap,0.05798300055991079,191
GSE25055,434,expanded_pam50,brier,-0.005146202833218166,191
GSE25055,434,expanded_pam50,logloss,-0.02542356508052066,191
GSE25055,435,expanded,auc,0.010936588921282787,192
GSE25055,435,expanded,ap,0.05218621778119278,192
GSE25055,435,expanded,brier,-0.00229685355327173,192
GSE25055,435,expanded,logloss,-0.004053370817928498,192
GSE25055,435,expanded_pam50,auc,0.0036151603498542294,192
GSE25055,435,expanded_pam50,ap,0.049258531738555406,192
GSE25055,435,expanded_pam50,brier,-0.001164105034689461,192
GSE25055,435,expanded_pam50,logloss,-3.351813538836068e-05,192
GSE25055,436,expanded,auc,0.03176644493717664,187
GSE25055,436,expanded,ap,0.037623543611787005,187
GSE25055,436,expanded,brier,-0.0009385501865996904,187
GSE25055,436,expanded,logloss,-0.018556626232328816,187
GSE25055,436,expanded_pam50,auc,0.02782705099778271,187
GSE25055,436,expanded_pam50,ap,0.04717899553332501,187
GSE25055,436,expanded_pam50,brier,-0.0007960321656585751,187
GSE25055,436,expanded_pam50,logloss,-0.013882253269102201,187
GSE25055,437,expanded,auc,0.03550829875518672,197
GSE25055,437,expanded,ap,0.057004694944138866,197
GSE25055,437,expanded,brier,-0.005666067021545718,197
GSE25055,437,expanded,logloss,-0.012378788408286445,197
GSE25055,437,expanded_pam50,auc,0.022780082987551888,197
GSE25055,437,expanded_pam50,ap,0.03619787476359696,197
GSE25055,437,expanded_pam50,brier,-0.001613925119788362,197
GSE25055,437,expanded_pam50,logloss,-0.002696271730453559,197
GSE25055,438,expanded,auc,0.027012448132780077,193
GSE25055,438,expanded,ap,0.03936398386397395,193
GSE25055,438,expanded,brier,-0.0041412979544414395,193
GSE25055,438,expanded,logloss,-0.011878791592175425,193
GSE25055,438,expanded_pam50,auc,0.015504840940525611,193
GSE25055,438,expanded_pam50,ap,0.028546189472255335,193
GSE25055,438,expanded_pam50,brier,-0.0013447060243723385,193
GSE25055,438,expanded_pam50,logloss,-0.003940056322094787,193
GSE25055,439,expanded,auc,0.02806065275248635,188
GSE25055,439,expanded,ap,0.05448422081658695,188
GSE25055,439,expanded,brier,-0.003579205177586459,188
GSE25055,439,expanded,logloss,-0.012727312512091232,188
GSE25055,439,expanded_pam50,auc,0.02479338842975204,188
GSE25055,439,expanded_pam50,ap,0.04518011794710077,188
GSE25055,439,expanded_pam50,brier,-0.002275937842864226,188
GSE25055,439,expanded_pam50,logloss,-0.008689680866178523,188
GSE25055,440,expanded,auc,0.009945196647324317,186
GSE25055,440,expanded,ap,-0.006858046661963874,186
GSE25055,440,expanded,brier,-0.0016717820250205183,186
GSE25055,440,expanded,logloss,-0.010114170002448557,186
GSE25055,440,expanded_pam50,auc,0.004822695035460988,186
GSE25055,440,expanded_pam50,ap,-0.01634223364928894,186
GSE25055,440,expanded_pam50,brier,7.739856671504786e-05,186
GSE25055,440,expanded_pam50,logloss,-0.004660165249021919,186
GSE25055,441,expanded,auc,0.02816506951005534,190
GSE25055,441,expanded,ap,0.09599752099812327,190
GSE25055,441,expanded,brier,-0.010988273172555529,190
GSE25055,441,expanded,logloss,-0.031609255902579306,190
GSE25055,441,expanded_pam50,auc,0.021743825077608324,190
GSE25055,441,expanded_pam50,ap,0.08480085118354153,190
GSE25055,441,expanded_pam50,brier,-0.009297246962236947,190
GSE25055,441,expanded_pam50,logloss,-0.02348411528165728,190
GSE25055,442,expanded,auc,0.01091976017349151,189
GSE25055,442,expanded,ap,0.039966611491520365,189
GSE25055,442,expanded,brier,-0.0002834219411058575,189
GSE25055,442,expanded,logloss,-0.004465754476110906,189
GSE25055,442,expanded_pam50,auc,0.004260747544329635,189
GSE25055,442,expanded_pam50,ap,0.03093590032224993,189
GSE25055,442,expanded_pam50,brier,0.0011499334957800478,189
GSE25055,442,expanded_pam50,logloss,-4.23877932253236e-05,189
GSE25055,443,expanded,auc,0.05346378767431399,192
GSE25055,443,expanded,ap,0.16596838455526797,192
GSE25055,443,expanded,brier,-0.012796565885126537,192
GSE25055,443,expanded,logloss,-0.029248140752935477,192
GSE25055,443,expanded_pam50,auc,0.05793972109761584,192
GSE25055,443,expanded_pam50,ap,0.15766897813012887,192
GSE25055,443,expanded_pam50,brier,-0.014526985365504393,192
GSE25055,443,expanded_pam50,logloss,-0.030996654789114685,192
GSE25055,444,expanded,auc,0.06321671525753157,180
GSE25055,444,expanded,ap,0.13452165450628112,180
GSE25055,444,expanded,brier,-0.010014580355574822,180
GSE25055,444,expanded,logloss,-0.03349373069896214,180
GSE25055,444,expanded_pam50,auc,0.0497529964366699,180
GSE25055,444,expanded_pam50,ap,0.09917940763946938,180
GSE25055,444,expanded_pam50,brier,-0.007638386309203976,180
GSE25055,444,expanded_pam50,logloss,-0.023827255622231525,180
GSE25055,445,expanded,auc,0.04553494391716999,188
GSE25055,445,expanded,ap,0.09136658071080854,188
GSE25055,445,expanded,brier,-0.0076762907408487405,188
GSE25055,445,expanded,logloss,-0.028167958953664956,188
GSE25055,445,expanded_pam50,auc,0.03601524302559678,188
GSE25055,445,expanded_pam50,ap,0.07195324684911886,188
GSE25055,445,expanded_pam50,brier,-0.005776445655487919,188
GSE25055,445,expanded_pam50,logloss,-0.021994043764301384,188
GSE25055,446,expanded,auc,0.02005928853754938,190
GSE25055,446,expanded,ap,0.06699058137921149,190
GSE25055,446,expanded,brier,-0.0020026474972108035,190
GSE25055,446,expanded,logloss,-0.00982613266876321,190
GSE25055,446,expanded_pam50,auc,0.014262187088274047,190
GSE25055,446,expanded_pam50,ap,0.06504581761207608,190
GSE25055,446,expanded_pam50,brier,-0.001305720647005308,190
GSE25055,446,expanded_pam50,logloss,-0.005517092116613298,190
GSE25055,447,expanded,auc,0.04701257861635223,182
GSE25055,447,expanded,ap,0.10714720892999527,182
GSE25055,447,expanded,brier,-0.0075240290326931344,182
GSE25055,447,expanded,logloss,-0.023232954953677037,182
GSE25055,447,expanded_pam50,auc,0.043815513626834376,182
GSE25055,447,expanded_pam50,ap,0.11428703436718138,182
GSE25055,447,expanded_pam50,brier,-0.007554517145231604,182
GSE25055,447,expanded_pam50,logloss,-0.02197316324960837,182
GSE25055,448,expanded,auc,0.06395150273224043,193
GSE25055,448,expanded,ap,0.11987104592373625,193
GSE25055,448,expanded,brier,-0.01275161180849101,193
GSE25055,448,expanded,logloss,-0.03971157228294605,193
GSE25055,448,expanded_pam50,auc,0.05325819672131147,193
GSE25055,448,expanded_pam50,ap,0.10350487970457989,193
GSE25055,448,expanded_pam50,brier,-0.011777566323916508,193
GSE25055,448,expanded_pam50,logloss,-0.03269070870797033,193
GSE25055,449,expanded,auc,0.095850622406639,184
GSE25055,449,expanded,ap,0.12023182241805952,184
GSE25055,449,expanded,brier,-0.015299339960568755,184
GSE25055,449,expanded,logloss,-0.056771176809115184,184
GSE25055,449,expanded_pam50,auc,0.06679806362378975,184
GSE25055,449,expanded_pam50,ap,0.08573338556499788,184
GSE25055,449,expanded_pam50,brier,-0.008409630627993648,184
GSE25055,449,expanded_pam50,logloss,-0.03457243748276027,184
GSE25055,450,expanded,auc,0.025698878955583926,190
GSE25055,450,expanded,ap,0.08346190474561328,190
GSE25055,450,expanded,brier,-0.005798784422487888,190
GSE25055,450,expanded,logloss,-0.011319199547271846,190
GSE25055,450,expanded_pam50,auc,0.022059032212288898,190
GSE25055,450,expanded_pam50,ap,0.06559930550727877,190
GSE25055,450,expanded_pam50,brier,-0.004544900170426885,190
GSE25055,450,expanded_pam50,logloss,-0.009358527070578087,190
GSE25055,451,expanded,auc,0.0009094052558782928,184
GSE25055,451,expanded,ap,0.033925275065685254,184
GSE25055,451,expanded,brier,-0.0010268368179118775,184
GSE25055,451,expanded,logloss,7.712696521971484e-05,184
GSE25055,451,expanded_pam50,auc,-0.004453665283540809,184
GSE25055,451,expanded_pam50,ap,0.01445965184565004,184
GSE25055,451,expanded_pam50,brier,0.001383351712931863,184
GSE25055,451,expanded_pam50,logloss,0.004307033666081183,184
GSE25055,452,expanded,auc,0.028717131474103607,193
GSE25055,452,expanded,ap,0.03965849352437094,193
GSE25055,452,expanded,brier,-0.001014479937920179,193
GSE25055,452,expanded,logloss,-0.01231518692330436,193
GSE25055,452,expanded_pam50,auc,0.02037450199203187,193
GSE25055,452,expanded_pam50,ap,0.042164785706385446,193
GSE25055,452,expanded_pam50,brier,-0.0014273665507148925,193
GSE25055,452,expanded_pam50,logloss,-0.008700096531731727,193
GSE25055,453,expanded,auc,0.024422999055203155,179
GSE25055,453,expanded,ap,0.053220127115839254,179
GSE25055,453,expanded,brier,-0.004895793647675265,179
GSE25055,453,expanded,logloss,-0.013633766420219195,179
GSE25055,453,expanded_pam50,auc,0.019921716830881352,179
GSE25055,453,expanded_pam50,ap,0.04788469510111211,179
GSE25055,453,expanded_pam50,brier,-0.0038901342711683135,179
GSE25055,453,expanded_pam50,logloss,-0.010391545934225643,179
GSE25055,454,expanded,auc,0.02462611446649412,189
GSE25055,454,expanded,ap,0.11627003877846862,189
GSE25055,454,expanded,brier,-0.006519511478685014,189
GSE25055,454,expanded,logloss,-0.00683093711921226,189
GSE25055,454,expanded_pam50,auc,0.028346994535519122,189
GSE25055,454,expanded_pam50,ap,0.1226349383212201,189
GSE25055,454,expanded_pam50,brier,-0.008938921992894042,189
GSE25055,454,expanded_pam50,logloss,-0.009188404324845722,189
GSE25055,455,expanded,auc,0.0032588235294117697,192
GSE25055,455,expanded,ap,0.0050093353339348366,192
GSE25055,455,expanded,brier,0.002362434845110642,192
GSE25055,455,expanded,logloss,0.0018549198613657225,192
GSE25055,455,expanded_pam50,auc,-0.0015529411764706124,192
GSE25055,455,expanded_pam50,ap,-0.0013132474848054382,192
GSE25055,455,expanded_pam50,brier,0.0029719664823264517,192
GSE25055,455,expanded_pam50,logloss,0.005218157619433989,192
GSE25055,456,expanded,auc,0.055285937278274445,188
GSE25055,456,expanded,ap,0.13857344866305116,188
GSE25055,456,expanded,brier,-0.010762321633936273,188
GSE25055,456,expanded,logloss,-0.0348748450746965,188
GSE25055,456,expanded_pam50,auc,0.050297999148573844,188
GSE25055,456,expanded_pam50,ap,0.1268448560544498,188
GSE25055,456,expanded_pam50,brier,-0.011069828567990039,188
GSE25055,456,expanded_pam50,logloss,-0.03233667039522294,188
GSE25055,457,expanded,auc,0.010662927811331624,194
GSE25055,457,expanded,ap,0.07095364951766861,194
GSE25055,457,expanded,brier,-0.0014523191059669454,194
GSE25055,457,expanded,logloss,-0.0032387674031341017,194
GSE25055,457,expanded_pam50,auc,0.0167134023583549,194
GSE25055,457,expanded_pam50,ap,0.07587831718614739,194
GSE25055,457,expanded_pam50,brier,-0.0033860700784989484,194
GSE25055,457,expanded_pam50,logloss,-0.005279140972951596,194
GSE25055,458,expanded,auc,0.009896344025773907,190
GSE25055,458,expanded,ap,0.010969722150282907,190
GSE25055,458,expanded,brier,0.0009895269321269357,190
GSE25055,458,expanded,logloss,0.0034369208896932067,190
GSE25055,458,expanded_pam50,auc,0.0017159266003641815,190
GSE25055,458,expanded_pam50,ap,0.004175881274165854,190
GSE25055,458,expanded_pam50,brier,0.0021236942405247843,190
GSE25055,458,expanded_pam50,logloss,0.0080361427630388,190
GSE25055,459,expanded,auc,0.011409110259684996,202
GSE25055,459,expanded,ap,0.04349718875342528,202
GSE25055,459,expanded,brier,-0.002903563831355843,202
GSE25055,459,expanded,logloss,-0.0004249863301967971,202
GSE25055,459,expanded_pam50,auc,0.007904072655030514,202
GSE25055,459,expanded_pam50,ap,0.039130787755411955,202
GSE25055,459,expanded_pam50,brier,-0.0022003503751249014,202
GSE25055,459,expanded_pam50,logloss,0.002343527371603926,202
GSE25055,460,expanded,auc,0.05127050820328131,194
GSE25055,460,expanded,ap,0.14830723648219624,194
GSE25055,460,expanded,brier,-0.014367433824965515,194
GSE25055,460,expanded,logloss,-0.03168083559410616,194
GSE25055,460,expanded_pam50,auc,0.0382152861144458,194
GSE25055,460,expanded_pam50,ap,0.13127263077476164,194
GSE25055,460,expanded_pam50,brier,-0.011116965961281047,194
GSE25055,460,expanded_pam50,logloss,-0.01926643752623885,194
GSE25055,461,expanded,auc,0.03775678512520618,187
GSE25055,461,expanded,ap,0.03445675315183971,187
GSE25055,461,expanded,brier,-0.0028493783277992206,187
GSE25055,461,expanded,logloss,-0.01598657094326496,187
GSE25055,461,expanded_pam50,auc,0.031027890238416567,187
GSE25055,461,expanded_pam50,ap,0.03335492983588901,187
GSE25055,461,expanded_pam50,brier,-0.002814341173743226,187
GSE25055,461,expanded_pam50,logloss,-0.014206114319947621,187
GSE25055,462,expanded,auc,0.03959183673469389,189
GSE25055,462,expanded,ap,0.12266633999862153,189
GSE25055,462,expanded,brier,-0.007322628654092214,189
GSE25055,462,expanded,logloss,-0.025714375939189977,189
GSE25055,462,expanded_pam50,auc,0.031348175633889905,189
GSE25055,462,expanded_pam50,ap,0.09868690753398542,189
GSE25055,462,expanded_pam50,brier,-0.007326778314360965,189
GSE25055,462,expanded_pam50,logloss,-0.023896740765823286,189
GSE25055,463,expanded,auc,0.05628668520234784,192
GSE25055,463,expanded,ap,0.1031819446964359,192
GSE25055,463,expanded,brier,-0.010289485816106093,192
GSE25055,463,expanded,logloss,-0.037156419772167805,192
GSE25055,463,expanded_pam50,auc,0.05932190299660178,192
GSE25055,463,expanded_pam50,ap,0.11328416764866078,192
GSE25055,463,expanded_pam50,brier,-0.010907494060155173,192
GSE25055,463,expanded_pam50,logloss,-0.038069224678412936,192
GSE25055,464,expanded,auc,0.018403417657899147,195
GSE25055,464,expanded,ap,0.041388956870390334,195
GSE25055,464,expanded,brier,-0.0015417389053335895,195
GSE25055,464,expanded,logloss,-0.0069193990919075524,195
GSE25055,464,expanded_pam50,auc,0.014901993633774525,195
GSE25055,464,expanded_pam50,ap,0.04159890876280932,195
GSE25055,464,expanded_pam50,brier,-0.0021696428833637106,195
GSE25055,464,expanded_pam50,logloss,-0.005814274370342204,195
GSE25055,465,expanded,auc,0.017365616311399445,195
GSE25055,465,expanded,ap,0.043203157562413594,195
GSE25055,465,expanded,brier,-0.003723008653781204,195
GSE25055,465,expanded,logloss,-0.006037070060195554,195
GSE25055,465,expanded_pam50,auc,0.01893728761198643,195
GSE25055,465,expanded_pam50,ap,0.048537017258501326,195
GSE25055,465,expanded_pam50,brier,-0.0037043204083761993,195
GSE25055,465,expanded_pam50,logloss,-0.005362517470128314,195
GSE25055,466,expanded,auc,0.042487473628692,193
GSE25055,466,expanded,ap,0.10585880049457723,193
GSE25055,466,expanded,brier,-0.008743745955387804,193
GSE25055,466,expanded,logloss,-0.02093064235462856,193
GSE25055,466,expanded_pam50,auc,0.03442774261603375,193
GSE25055,466,expanded_pam50,ap,0.07803893294429684,193
GSE25055,466,expanded_pam50,brier,-0.006232035332933761,193
GSE25055,466,expanded_pam50,logloss,-0.014404773613523297,193
GSE25055,467,expanded,auc,0.01580562659846546,194
GSE25055,467,expanded,ap,0.0026541356645480157,194
GSE25055,467,expanded,brier,0.0006207431063713215,194
GSE25055,467,expanded,logloss,0.0006233889156574413,194
GSE25055,467,expanded_pam50,auc,0.006884057971014479,194
GSE25055,467,expanded_pam50,ap,-0.0026941420615704424,194
GSE25055,467,expanded_pam50,brier,0.0015104360128447597,194
GSE25055,467,expanded_pam50,logloss,0.0037605780831472257,194
GSE25055,468,expanded,auc,0.0575370728562218,178
GSE25055,468,expanded,ap,0.07470009317208728,178
GSE25055,468,expanded,brier,-0.0062525734161586605,178
GSE25055,468,expanded,logloss,-0.008219345060099376,178
GSE25055,468,expanded_pam50,auc,0.04929722759509995,178
GSE25055,468,expanded_pam50,ap,0.06044480276983046,178
GSE25055,468,expanded_pam50,brier,-0.0038999028845091684,178
GSE25055,468,expanded_pam50,logloss,-0.003424996305219685,178
GSE25055,469,expanded,auc,0.028521779425393867,191
GSE25055,469,expanded,ap,0.04767130387118644,191
GSE25055,469,expanded,brier,-0.004107185497613868,191
GSE25055,469,expanded,logloss,-0.014364323751859476,191
GSE25055,469,expanded_pam50,auc,0.024397590361445787,191
GSE25055,469,expanded_pam50,ap,0.047315743656848284,191
GSE25055,469,expanded_pam50,brier,-0.00372468667431322,191
GSE25055,469,expanded_pam50,logloss,-0.011348455494658604,191
GSE25055,470,expanded,auc,0.07508235294117646,189
GSE25055,470,expanded,ap,0.09082861066189288,189
GSE25055,470,expanded,brier,-0.006996186347902432,189
GSE25055,470,expanded,logloss,-0.03724733739571629,189
GSE25055,470,expanded_pam50,auc,0.061035294117647035,189
GSE25055,470,expanded_pam50,ap,0.07538087425702608,189
GSE25055,470,expanded_pam50,brier,-0.005272726872276064,189
GSE25055,470,expanded_pam50,logloss,-0.02892665205710577,189
GSE25055,471,expanded,auc,0.042266162775003356,192
GSE25055,471,expanded,ap,0.14383637270188884,192
GSE25055,471,expanded,brier,-0.015425333984841827,192
GSE25055,471,expanded,logloss,-0.027308556580896544,192
GSE25055,471,expanded_pam50,auc,0.02797948441085165,192
GSE25055,471,expanded_pam50,ap,0.11301229196753856,192
GSE25055,471,expanded_pam50,brier,-0.011028330148848482,192
GSE25055,471,expanded_pam50,logloss,-0.01606777381130734,192
GSE25055,472,expanded,auc,0.04131065400843881,193
GSE25055,472,expanded,ap,0.12786190995535937,193
GSE25055,472,expanded,brier,-0.011796743586126753,193
GSE25055,472,expanded,logloss,-0.03436438079508823,193
GSE25055,472,expanded_pam50,auc,0.03720991561181436,193
GSE25055,472,expanded_pam50,ap,0.14334109488338398,193
GSE25055,472,expanded_pam50,brier,-0.012056444971843324,193
GSE25055,472,expanded_pam50,logloss,-0.033289919441332895,193
GSE25055,473,expanded,auc,0.038097072419106294,189
GSE25055,473,expanded,ap,0.1083031967261902,189
GSE25055,473,expanded,brier,-0.009354375602217671,189
GSE25055,473,expanded,logloss,-0.027932439962141085,189
GSE25055,473,expanded_pam50,auc,0.023287575290656948,189
GSE25055,473,expanded_pam50,ap,0.06973907909903265,189
GSE25055,473,expanded_pam50,brier,-0.006093284281185912,189
GSE25055,473,expanded_pam50,logloss,-0.016106863900298463,189
GSE25055,474,expanded,auc,-0.006348396501457743,192
GSE25055,474,expanded,ap,0.0036663577197225184,192
GSE25055,474,expanded,brier,0.002709367907904825,192
GSE25055,474,expanded,logloss,0.0056447027222739365,192
GSE25055,474,expanded_pam50,auc,-0.009212827988338213,192
GSE25055,474,expanded_pam50,ap,-0.0009994481187303728,192
GSE25055,474,expanded_pam50,brier,0.0041502745361093165,192
GSE25055,474,expanded_pam50,logloss,0.009246725322294647,192
GSE25055,475,expanded,auc,0.02906910742159785,198
GSE25055,475,expanded,ap,0.09251432352551416,198
GSE25055,475,expanded,brier,-0.008655254056181966,198
GSE25055,475,expanded,logloss,-0.020551268855093813,198
GSE25055,475,expanded_pam50,auc,0.016631190577550702,198
GSE25055,475,expanded_pam50,ap,0.062173422639250894,198
GSE25055,475,expanded_pam50,brier,-0.004219656507723507,198
GSE25055,475,expanded_pam50,logloss,-0.010506787154004849,198
GSE25055,476,expanded,auc,0.004604582409460467,185
GSE25055,476,expanded,ap,0.048486603912542156,185
GSE25055,476,expanded,brier,-0.0021754632219419174,185
GSE25055,476,expanded,logloss,-0.0022483701603305817,185
GSE25055,476,expanded_pam50,auc,0.0022172949002217225,185
GSE25055,476,expanded_pam50,ap,0.05392588406626784,185
GSE25055,476,expanded_pam50,brier,-0.002575184528655958,185
GSE25055,476,expanded_pam50,logloss,-0.0018324593378502229,185
GSE25055,477,expanded,auc,0.019736131731677688,185
GSE25055,477,expanded,ap,0.031883714221091194,185
GSE25055,477,expanded,brier,-0.0014711836524018197,185
GSE25055,477,expanded,logloss,-0.0050762167780917964,185
GSE25055,477,expanded_pam50,auc,0.01902415980564178,185
GSE25055,477,expanded_pam50,ap,0.03765318278881833,185
GSE25055,477,expanded_pam50,brier,-0.002554320088141043,185
GSE25055,477,expanded_pam50,logloss,-0.003461394423506059,185
GSE25055,478,expanded,auc,0.024843905207889837,178
GSE25055,478,expanded,ap,0.08828317335512403,178
GSE25055,478,expanded,brier,-0.006745256752440115,178
GSE25055,478,expanded,logloss,-0.017298390181547458,178
GSE25055,478,expanded_pam50,auc,0.029381297005818097,178
GSE25055,478,expanded_pam50,ap,0.10432780430341089,178
GSE25055,478,expanded_pam50,brier,-0.0080859184159014,178
GSE25055,478,expanded_pam50,logloss,-0.019365536926948236,178
GSE25055,479,expanded,auc,0.010982391102873024,194
GSE25055,479,expanded,ap,0.032968323132654055,194
GSE25055,479,expanded,brier,-0.001891925917279594,194
GSE25055,479,expanded,logloss,-0.002065923312936374,194
GSE25055,479,expanded_pam50,auc,0.010704355885078764,194
GSE25055,479,expanded_pam50,ap,0.030151434793789244,194
GSE25055,479,expanded_pam50,brier,-0.001590142341961942,194
GSE25055,479,expanded_pam50,logloss,0.00038118327351631675,194
GSE25055,480,expanded,auc,0.03485776128633272,191
GSE25055,480,expanded,ap,0.10422859901526511,191
GSE25055,480,expanded,brier,-0.011265004815591718,191
GSE25055,480,expanded,logloss,-0.023826328357439207,191
GSE25055,480,expanded_pam50,auc,0.03294990723562154,191
GSE25055,480,expanded_pam50,ap,0.0987574491564897,191
GSE25055,480,expanded_pam50,brier,-0.009887683793530338,191
GSE25055,480,expanded_pam50,logloss,-0.017240176304022664,191
GSE25055,481,expanded,auc,0.032693829113924044,184
GSE25055,481,expanded,ap,0.09102756768692408,184
GSE25055,481,expanded,brier,-0.011989103489245697,184
GSE25055,481,expanded,logloss,-0.03608063810151912,184
GSE25055,481,expanded_pam50,auc,0.034674973628691985,184
GSE25055,481,expanded_pam50,ap,0.0808963938885204,184
GSE25055,481,expanded_pam50,brier,-0.013140206285619188,184
GSE25055,481,expanded_pam50,logloss,-0.034856380117423875,184
GSE25055,482,expanded,auc,0.06877939142461964,199
GSE25055,482,expanded,ap,0.17331888057859407,199
GSE25055,482,expanded,brier,-0.01721789016381182,199
GSE25055,482,expanded,logloss,-0.04635042626793968,199
GSE25055,482,expanded_pam50,auc,0.06508298755186723,199
GSE25055,482,expanded_pam50,ap,0.15763626463941618,199
GSE25055,482,expanded_pam50,brier,-0.015204442238906126,199
GSE25055,482,expanded_pam50,logloss,-0.04105436046462492,199
GSE25055,483,expanded,auc,0.01085251491901107,182
GSE25055,483,expanded,ap,0.028904967833783064,182
GSE25055,483,expanded,brier,-0.0011527656429882655,182
GSE25055,483,expanded,logloss,-0.005082970645553403,182
GSE25055,483,expanded_pam50,auc,0.006069906223358912,182
GSE25055,483,expanded_pam50,ap,0.03047525568002705,182
GSE25055,483,expanded_pam50,brier,-0.000582751691590662,182
GSE25055,483,expanded_pam50,logloss,-0.0027207013818134006,182
GSE25055,484,expanded,auc,0.05590769015268243,187
GSE25055,484,expanded,ap,0.1272080436749475,187
GSE25055,484,expanded,brier,-0.015038334506024584,187
GSE25055,484,expanded,logloss,-0.047287970253763884,187
GSE25055,484,expanded_pam50,auc,0.044719148340103654,187
GSE25055,484,expanded_pam50,ap,0.11997342966807145,187
GSE25055,484,expanded_pam50,brier,-0.012581110027801767,187
GSE25055,484,expanded_pam50,logloss,-0.03777777236713188,187
GSE25055,485,expanded,auc,0.01979227405247812,183
GSE25055,485,expanded,ap,0.03877322682275456,183
GSE25055,485,expanded,brier,-0.002828013054942055,183
GSE25055,485,expanded,logloss,-0.0059257361230766695,183
GSE25055,485,expanded_pam50,auc,0.014533527696793003,183
GSE25055,485,expanded_pam50,ap,0.042208987124394644,183
GSE25055,485,expanded_pam50,brier,-0.0011822532027415621,183
GSE25055,485,expanded_pam50,logloss,0.0012268966527649971,183
GSE25055,486,expanded,auc,0.03173793326854553,183
GSE25055,486,expanded,ap,0.08045218245049071,183
GSE25055,486,expanded,brier,-0.006904291890428338,183
GSE25055,486,expanded,logloss,-0.01845428988113344,183
GSE25055,486,expanded_pam50,auc,0.02641723356009069,183
GSE25055,486,expanded_pam50,ap,0.07235856238640911,183
GSE25055,486,expanded_pam50,brier,-0.005724664077362604,183
GSE25055,486,expanded_pam50,logloss,-0.014897912345576358,183
GSE25055,487,expanded,auc,0.01783416069130358,199
GSE25055,487,expanded,ap,0.08769194215085283,199
GSE25055,487,expanded,brier,-0.005493677482817982,199
GSE25055,487,expanded,logloss,-0.011066333876512851,199
GSE25055,487,expanded_pam50,auc,0.015241772384629548,199
GSE25055,487,expanded_pam50,ap,0.07656892009206409,199
GSE25055,487,expanded_pam50,brier,-0.0046098823202852055,199
GSE25055,487,expanded_pam50,logloss,-0.008484950360583037,199
GSE25055,488,expanded,auc,0.02409301022552176,182
GSE25055,488,expanded,ap,0.06745775230443199,182
GSE25055,488,expanded,brier,-0.0056181367796307585,182
GSE25055,488,expanded,logloss,-0.019811737897842397,182
GSE25055,488,expanded_pam50,auc,0.021732735677265726,182
GSE25055,488,expanded_pam50,ap,0.055571835537676396,182
GSE25055,488,expanded_pam50,brier,-0.004828937301899083,182
GSE25055,488,expanded_pam50,logloss,-0.01677489714267713,182
GSE25055,489,expanded,auc,0.03530054644808746,201
GSE25055,489,expanded,ap,0.07627027114114422,201
GSE25055,489,expanded,brier,-0.005417525997367917,201
GSE25055,489,expanded,logloss,-0.018497549741681895,201
GSE25055,489,expanded_pam50,auc,0.02113046448087431,201
GSE25055,489,expanded_pam50,ap,0.06161376723455188,201
GSE25055,489,expanded_pam50,brier,-0.0032736850959522446,201
GSE25055,489,expanded_pam50,logloss,-0.010327501049629812,201
GSE25055,490,expanded,auc,0.007727088675934668,185
GSE25055,490,expanded,ap,0.014002621294665058,185
GSE25055,490,expanded,brier,0.00013439876796161876,185
GSE25055,490,expanded,logloss,-0.004432728048806634,185
GSE25055,490,expanded_pam50,auc,0.005884734782021861,185
GSE25055,490,expanded_pam50,ap,0.009473405736165513,185
GSE25055,490,expanded_pam50,brier,0.0015262048483212776,185
GSE25055,490,expanded_pam50,logloss,0.0011488284132219473,185
GSE25055,491,expanded,auc,0.05226793248945146,192
GSE25055,491,expanded,ap,0.1468310512960443,192
GSE25055,491,expanded,brier,-0.017960125392156568,192
GSE25055,491,expanded,logloss,-0.03672606286706788,192
GSE25055,491,expanded_pam50,auc,0.04583333333333336,192
GSE25055,491,expanded_pam50,ap,0.12903666848932258,192
GSE25055,491,expanded_pam50,brier,-0.016552588225527482,192
GSE25055,491,expanded_pam50,logloss,-0.030284263129249034,192
GSE25055,492,expanded,auc,0.052211155378486064,202
GSE25055,492,expanded,ap,0.07978378488328161,202
GSE25055,492,expanded,brier,-0.006019034394387432,202
GSE25055,492,expanded,logloss,-0.0185065191314873,202
GSE25055,492,expanded_pam50,auc,0.058924302788844626,202
GSE25055,492,expanded_pam50,ap,0.0843170834447952,202
GSE25055,492,expanded_pam50,brier,-0.00724714149484082,202
GSE25055,492,expanded_pam50,logloss,-0.020739840867637964,202
GSE25055,493,expanded,auc,0.026689675007190095,193
GSE25055,493,expanded,ap,0.057459184466725786,193
GSE25055,493,expanded,brier,-0.0050020851442082875,193
GSE25055,493,expanded,logloss,-0.012462767437281341,193
GSE25055,493,expanded_pam50,auc,0.027897612884670707,193
GSE25055,493,expanded_pam50,ap,0.06613932717646694,193
GSE25055,493,expanded_pam50,brier,-0.005955016700792728,193
GSE25055,493,expanded_pam50,logloss,-0.014943769507968174,193
GSE25055,494,expanded,auc,0.02019123505976097,194
GSE25055,494,expanded,ap,0.02623534708401289,194
GSE25055,494,expanded,brier,-0.0018413588701784223,194
GSE25055,494,expanded,logloss,-0.0059965605059379866,194
GSE25055,494,expanded_pam50,auc,0.01898804780876493,194
GSE25055,494,expanded_pam50,ap,0.030826064522748296,194
GSE25055,494,expanded_pam50,brier,-0.0012423843404052505,194
GSE25055,494,expanded_pam50,logloss,-0.004776237563552083,194
GSE25055,495,expanded,auc,0.030923872875092386,190
GSE25055,495,expanded,ap,0.09285787987034262,190
GSE25055,495,expanded,brier,-0.008271833783265561,190
GSE25055,495,expanded,logloss,-0.017291463692213273,190
GSE25055,495,expanded_pam50,auc,0.021278640059127864,190
GSE25055,495,expanded_pam50,ap,0.09170160540530085,190
GSE25055,495,expanded_pam50,brier,-0.0066682762028096145,190
GSE25055,495,expanded_pam50,logloss,-0.011888669143533537,190
GSE25055,496,expanded,auc,0.030630274261603363,191
GSE25055,496,expanded,ap,0.09381270211076291,191
GSE25055,496,expanded,brier,-0.008918270977655008,191
GSE25055,496,expanded,logloss,-0.016089338219841497,191
GSE25055,496,expanded_pam50,auc,0.024967035864978903,191
GSE25055,496,expanded_pam50,ap,0.0794994088959605,191
GSE25055,496,expanded_pam50,brier,-0.006195783641325697,191
GSE25055,496,expanded_pam50,logloss,-0.00984796372267736,191
GSE25055,497,expanded,auc,0.009748706577974896,191
GSE25055,497,expanded,ap,0.007183475832246047,191
GSE25055,497,expanded,brier,-2.219243518463976e-05,191
GSE25055,497,expanded,logloss,-0.005418923150472777,191
GSE25055,497,expanded_pam50,auc,0.007006651884700688,191
GSE25055,497,expanded_pam50,ap,0.008551419844449645,191
GSE25055,497,expanded_pam50,brier,0.0005970477165089083,191
GSE25055,497,expanded_pam50,logloss,-0.0032611772355801818,191
GSE25055,498,expanded,auc,0.06787672444287228,187
GSE25055,498,expanded,ap,0.1874826440794986,187
GSE25055,498,expanded,brier,-0.018872531964403336,187
GSE25055,498,expanded,logloss,-0.048028624434615155,187
GSE25055,498,expanded_pam50,auc,0.060258224266006355,187
GSE25055,498,expanded_pam50,ap,0.18817471245692244,187
GSE25055,498,expanded_pam50,brier,-0.017555497040356215,187
GSE25055,498,expanded_pam50,logloss,-0.03944055641129658,187
GSE25055,499,expanded,auc,0.028063562453806347,194
GSE25055,499,expanded,ap,0.08195510063529612,194
GSE25055,499,expanded,brier,-0.008849710271025624,194
GSE25055,499,expanded,logloss,-0.021221185825004436,194
GSE25055,499,expanded_pam50,auc,0.021079083518107933,194
GSE25055,499,expanded_pam50,ap,0.09271159287468153,194
GSE25055,499,expanded_pam50,brier,-0.007586658155938934,194
GSE25055,499,expanded_pam50,logloss,-0.015006193697175162,194
GSE25055,500,expanded,auc,-0.007542360173939122,181
GSE25055,500,expanded,ap,-0.0038955624234140174,181
GSE25055,500,expanded,brier,0.0027590472712127278,181
GSE25055,500,expanded,logloss,0.006195840647979872,181
GSE25055,500,expanded_pam50,auc,-0.013082920977657819,181
GSE25055,500,expanded_pam50,ap,-0.014400394045007115,181
GSE25055,500,expanded_pam50,brier,0.004740693831549095,181
GSE25055,500,expanded_pam50,logloss,0.011073418067347717,181
GSE25055,501,expanded,auc,0.002189387402933551,198
GSE25055,501,expanded,ap,0.04970247590970148,198
GSE25055,501,expanded,brier,-0.002514494673642763,198
GSE25055,501,expanded,logloss,-0.0040056723438855356,198
GSE25055,501,expanded_pam50,auc,0.0004889272361231045,198
GSE25055,501,expanded_pam50,ap,0.05461564436466759,198
GSE25055,501,expanded_pam50,brier,-0.0010410909365048669,198
GSE25055,501,expanded_pam50,logloss,0.0001021792750082351,198
GSE25055,502,expanded,auc,-0.004587240301526019,183
GSE25055,502,expanded,ap,0.01997728165691389,183
GSE25055,502,expanded,brier,0.0005507753081506833,183
GSE25055,502,expanded,logloss,0.0014093045572124208,183
GSE25055,502,expanded_pam50,auc,-0.003998896856039736,183
GSE25055,502,expanded_pam50,ap,-0.004967148371449332,183
GSE25055,502,expanded_pam50,brier,0.000843237678437575,183
GSE25055,502,expanded_pam50,logloss,0.0007261515681609321,183
GSE25055,503,expanded,auc,-0.0058187560738581,191
GSE25055,503,expanded,ap,-0.005250160973100932,191
GSE25055,503,expanded,brier,0.0021068812791390943,191
GSE25055,503,expanded,logloss,0.005960934463192924,191
GSE25055,503,expanded_pam50,auc,-0.002619857466796238,191
GSE25055,503,expanded_pam50,ap,0.00018061800659058825,191
GSE25055,503,expanded_pam50,brier,0.0014992408003219383,191
GSE25055,503,expanded_pam50,logloss,0.004908691967603429,191
GSE25055,504,expanded,auc,0.04170362158167035,192
GSE25055,504,expanded,ap,0.07949727707601247,192
GSE25055,504,expanded,brier,-0.003945056564360944,192
GSE25055,504,expanded,logloss,-0.02329522147524605,192
GSE25055,504,expanded_pam50,auc,0.033436807095343676,192
GSE25055,504,expanded_pam50,ap,0.07642049680781812,192
GSE25055,504,expanded_pam50,brier,-0.0037514101052769947,192
GSE25055,504,expanded_pam50,logloss,-0.02006807367188308,192
GSE25055,505,expanded,auc,0.035938654841093855,191
GSE25055,505,expanded,ap,0.06335657556391702,191
GSE25055,505,expanded,brier,-0.005893284513590641,191
GSE25055,505,expanded,logloss,-0.02136005468671673,191
GSE25055,505,expanded_pam50,auc,0.035066518847006664,191
GSE25055,505,expanded_pam50,ap,0.06889352884081483,191
GSE25055,505,expanded_pam50,brier,-0.00639298072563492,191
GSE25055,505,expanded_pam50,logloss,-0.01770771629119961,191
GSE25055,506,expanded,auc,0.007157676348547725,190
GSE25055,506,expanded,ap,0.04512675313063369,190
GSE25055,506,expanded,brier,-0.004010209427268213,190
GSE25055,506,expanded,logloss,-0.004883203725006657,190
GSE25055,506,expanded_pam50,auc,0.009979253112033192,190
GSE25055,506,expanded_pam50,ap,0.04395683109564855,190
GSE25055,506,expanded_pam50,brier,-0.0034410922050205433,190
GSE25055,506,expanded_pam50,logloss,-0.003781701211876487,190
GSE25055,507,expanded,auc,0.013961775186264968,186
GSE25055,507,expanded,ap,0.055589330356207466,186
GSE25055,507,expanded,brier,-0.004026770773227007,186
GSE25055,507,expanded,logloss,-0.005623643269128359,186
GSE25055,507,expanded_pam50,auc,0.008689666342727564,186
GSE25055,507,expanded_pam50,ap,0.05475466543525418,186
GSE25055,507,expanded_pam50,brier,-0.0029283622741040154,186
GSE25055,507,expanded_pam50,logloss,-0.0020065805416776437,186
GSE25055,508,expanded,auc,0.034036307193953286,195
GSE25055,508,expanded,ap,0.07182767228227607,195
GSE25055,508,expanded,brier,-0.005981020102620796,195
GSE25055,508,expanded,logloss,-0.021166152087301986,195
GSE25055,508,expanded_pam50,auc,0.020120799028208913,195
GSE25055,508,expanded_pam50,ap,0.05864109445239394,195
GSE25055,508,expanded_pam50,brier,-0.0033129306297140977,195
GSE25055,508,expanded_pam50,logloss,-0.01095543348153768,195
GSE25055,509,expanded,auc,0.02888428262436915,185
GSE25055,509,expanded,ap,0.09299990518347591,185
GSE25055,509,expanded,brier,-0.007402479920724766,185
GSE25055,509,expanded,logloss,-0.02543839962920528,185
GSE25055,509,expanded_pam50,auc,0.026411920211487604,185
GSE25055,509,expanded_pam50,ap,0.07892758166530889,185
GSE25055,509,expanded_pam50,brier,-0.007091468952963203,185
GSE25055,509,expanded_pam50,logloss,-0.023592069627303536,185
GSE25055,510,expanded,auc,0.02464408973252803,193
GSE25055,510,expanded,ap,0.06799976508261696,193
GSE25055,510,expanded,brier,-0.006916594837258219,193
GSE25055,510,expanded,logloss,-0.016259275289553666,193
GSE25055,510,expanded_pam50,auc,0.027965918895599663,193
GSE25055,510,expanded_pam50,ap,0.06362488716293697,193
GSE25055,510,expanded_pam50,brier,-0.007184317989720851,193
GSE25055,510,expanded_pam50,logloss,-0.017117692190752338,193
GSE25055,511,expanded,auc,0.03690179806362379,189
GSE25055,511,expanded,ap,0.10236843149429617,189
GSE25055,511,expanded,brier,-0.009699849128443946,189
GSE25055,511,expanded,logloss,-0.024867880104544042,189
GSE25055,511,expanded_pam50,auc,0.01820193637621027,189
GSE25055,511,expanded_pam50,ap,0.08315561675913427,189
GSE25055,511,expanded_pam50,brier,-0.007676408801314799,189
GSE25055,511,expanded_pam50,logloss,-0.01289370560315023,189
GSE25055,512,expanded,auc,0.03897403150276711,192
GSE25055,512,expanded,ap,0.09818717097256713,192
GSE25055,512,expanded,brier,-0.007986716043488763,192
GSE25055,512,expanded,logloss,-0.01752918947240324,192
GSE25055,512,expanded_pam50,auc,0.031155101461614876,192
GSE25055,512,expanded_pam50,ap,0.09186476157357001,192
GSE25055,512,expanded_pam50,brier,-0.006920901674331725,192
GSE25055,512,expanded_pam50,logloss,-0.012690586965182798,192
GSE25055,513,expanded,auc,0.008216676810712087,196
GSE25055,513,expanded,ap,0.018894883216485296,196
GSE25055,513,expanded,brier,0.0009810926055747265,196
GSE25055,513,expanded,logloss,0.0025643595241470808,196
GSE25055,513,expanded_pam50,auc,0.003773584905660388,196
GSE25055,513,expanded_pam50,ap,0.007658711128082233,196
GSE25055,513,expanded_pam50,brier,0.0021088664382682117,196
GSE25055,513,expanded_pam50,logloss,0.0060001722371009645,196
GSE25055,514,expanded,auc,0.01750790911705492,197
GSE25055,514,expanded,ap,0.05005382735297829,197
GSE25055,514,expanded,brier,-0.0044989476556270835,197
GSE25055,514,expanded,logloss,-0.01047122106941889,197
GSE25055,514,expanded_pam50,auc,0.006068449813057253,197
GSE25055,514,expanded_pam50,ap,0.029937128646569288,197
GSE25055,514,expanded_pam50,brier,-0.0012121857314426304,197
GSE25055,514,expanded_pam50,logloss,-0.0008803323092952897,197
GSE25055,515,expanded,auc,0.050498326232501486,197
GSE25055,515,expanded,ap,0.08589069826851867,197
GSE25055,515,expanded,brier,-0.007855472374202857,197
GSE25055,515,expanded,logloss,-0.013815951505248326,197
GSE25055,515,expanded_pam50,auc,0.02451308581862447,197
GSE25055,515,expanded_pam50,ap,0.08443691653068584,197
GSE25055,515,expanded_pam50,brier,-0.006652090617350295,197
GSE25055,515,expanded_pam50,logloss,-0.008989619302220342,197
GSE25055,516,expanded,auc,0.030909090909090896,190
GSE25055,516,expanded,ap,0.09085307905496061,190
GSE25055,516,expanded,brier,-0.006705035831376915,190
GSE25055,516,expanded,logloss,-0.015620098248747837,190
GSE25055,516,expanded_pam50,auc,0.02816703621581671,190
GSE25055,516,expanded_pam50,ap,0.08928447715943902,190
GSE25055,516,expanded_pam50,brier,-0.00609337815867809,190
GSE25055,516,expanded_pam50,logloss,-0.01566915993005698,190
GSE25055,517,expanded,auc,0.039644351464435144,187
GSE25055,517,expanded,ap,0.10357843806369227,187
GSE25055,517,expanded,brier,-0.0072798369645497765,187
GSE25055,517,expanded,logloss,-0.017447193481887346,187
GSE25055,517,expanded_pam50,auc,0.03659738156296396,187
GSE25055,517,expanded_pam50,ap,0.11336015382359199,187
GSE25055,517,expanded_pam50,brier,-0.008266211431824048,187
GSE25055,517,expanded_pam50,logloss,-0.014558112795039057,187
GSE25055,518,expanded,auc,0.01288534342888047,182
GSE25055,518,expanded,ap,0.06602896376245397,182
GSE25055,518,expanded,brier,-0.003472480259018443,182
GSE25055,518,expanded,logloss,-0.005210069783831978,182
GSE25055,518,expanded_pam50,auc,0.013858842617631128,182
GSE25055,518,expanded_pam50,ap,0.06216579092554229,182
GSE25055,518,expanded_pam50,brier,-0.0034674436093226164,182
GSE25055,518,expanded_pam50,logloss,-0.0037416097945419556,182
GSE25055,519,expanded,auc,0.022537878787878773,188
GSE25055,519,expanded,ap,0.06871206812753876,188
GSE25055,519,expanded,brier,-0.005887273330427418,188
GSE25055,519,expanded,logloss,-0.012165027593205691,188
GSE25055,519,expanded_pam50,auc,0.029619565217391307,188
GSE25055,519,expanded_pam50,ap,0.07354028381019435,188
GSE25055,519,expanded_pam50,brier,-0.006732917612364475,188
GSE25055,519,expanded_pam50,logloss,-0.0116370225131034,188
GSE25055,520,expanded,auc,0.02558823529411768,191
GSE25055,520,expanded,ap,0.06536475999075017,191
GSE25055,520,expanded,brier,-0.003152615505027714,191
GSE25055,520,expanded,logloss,-0.007829054443035633,191
GSE25055,520,expanded_pam50,auc,0.014588235294117657,191
GSE25055,520,expanded_pam50,ap,0.024956285577690772,191
GSE25055,520,expanded_pam50,brier,-0.001402565739242767,191
GSE25055,520,expanded_pam50,logloss,-0.0011822335035752863,191
GSE25055,521,expanded,auc,0.02966530054644808,192
GSE25055,521,expanded,ap,0.07592115384807126,192
GSE25055,521,expanded,brier,-0.0059606282793556505,192
GSE25055,521,expanded,logloss,-0.028073618696996934,192
GSE25055,521,expanded_pam50,auc,0.0162226775956284,192
GSE25055,521,expanded_pam50,ap,0.05355698864294889,192
GSE25055,521,expanded_pam50,brier,-0.003290319429553315,192
GSE25055,521,expanded_pam50,logloss,-0.01794206449956372,192
GSE25055,522,expanded,auc,0.04131190577550731,190
GSE25055,522,expanded,ap,0.09393404768318761,190
GSE25055,522,expanded,brier,-0.008085565980080634,190
GSE25055,522,expanded,logloss,-0.006851636193400889,190
GSE25055,522,expanded_pam50,auc,0.04280544912728821,190
GSE25055,522,expanded_pam50,ap,0.10384118308879213,190
GSE25055,522,expanded_pam50,brier,-0.008777454691004813,190
GSE25055,522,expanded_pam50,logloss,-0.008040308903430665,190
GSE25055,523,expanded,auc,0.023591599262097352,191
GSE25055,523,expanded,ap,0.10665561975583385,191
GSE25055,523,expanded,brier,-0.009815510082025575,191
GSE25055,523,expanded,logloss,-0.012025419124650888,191
GSE25055,523,expanded_pam50,auc,0.026642542926067835,191
GSE25055,523,expanded_pam50,ap,0.11004560591219614,191
GSE25055,523,expanded_pam50,brier,-0.00987983583291982,191
GSE25055,523,expanded_pam50,logloss,-0.01079066755878782,191
GSE25055,524,expanded,auc,0.014426002766251732,188
GSE25055,524,expanded,ap,0.04332451500686198,188
GSE25055,524,expanded,brier,-0.0020381380685157045,188
GSE25055,524,expanded,logloss,-0.001578652048818041,188
GSE25055,524,expanded_pam50,auc,0.008838174273858945,188
GSE25055,524,expanded_pam50,ap,0.03423129692971872,188
GSE25055,524,expanded_pam50,brier,-0.0008156168389298584,188
GSE25055,524,expanded_pam50,logloss,0.0013442605894047166,188
GSE25055,525,expanded,auc,0.04775182592818015,188
GSE25055,525,expanded,ap,0.07175280558571893,188
GSE25055,525,expanded,brier,-0.008334736066628401,188
GSE25055,525,expanded,logloss,-0.024540431820023405,188
GSE25055,525,expanded_pam50,auc,0.0418860316494218,188
GSE25055,525,expanded_pam50,ap,0.07418140655686162,188
GSE25055,525,expanded_pam50,brier,-0.008468963291506083,188
GSE25055,525,expanded_pam50,logloss,-0.019475499345309278,188
GSE25055,526,expanded,auc,0.02691851265822782,197
GSE25055,526,expanded,ap,0.06463914131212486,197
GSE25055,526,expanded,brier,-0.005102110384337724,197
GSE25055,526,expanded,logloss,-0.018888395230178646,197
GSE25055,526,expanded_pam50,auc,0.0259493670886076,197
GSE25055,526,expanded_pam50,ap,0.054932315243160834,197
GSE25055,526,expanded_pam50,brier,-0.0045996274071236605,197
GSE25055,526,expanded_pam50,logloss,-0.013935554177278348,197
GSE25055,527,expanded,auc,0.017047066408768553,194
GSE25055,527,expanded,ap,0.05985856313111526,194
GSE25055,527,expanded,brier,-0.0038601150055022847,194
GSE25055,527,expanded,logloss,-0.008594261234343797,194
GSE25055,527,expanded_pam50,auc,0.01654416505480335,194
GSE25055,527,expanded_pam50,ap,0.07575044704822616,194
GSE25055,527,expanded_pam50,brier,-0.003805830767197127,194
GSE25055,527,expanded_pam50,logloss,-0.008933467780033677,194
GSE25055,528,expanded,auc,0.02772918691286035,193
GSE25055,528,expanded,ap,0.060838995873855176,193
GSE25055,528,expanded,brier,-0.005083848524896181,193
GSE25055,528,expanded,logloss,-0.01258232829914937,193
GSE25055,528,expanded_pam50,auc,0.013905085843861376,193
GSE25055,528,expanded_pam50,ap,0.03413248745916482,193
GSE25055,528,expanded_pam50,brier,-0.001493972432706804,193
GSE25055,528,expanded_pam50,logloss,-0.00258804752812008,193
GSE25055,529,expanded,auc,0.017464440321583164,196
GSE25055,529,expanded,ap,0.03817999297737951,196
GSE25055,529,expanded,brier,-0.003209816464898649,196
GSE25055,529,expanded,logloss,-0.0037166443244476153,196
GSE25055,529,expanded_pam50,auc,0.01697278911564626,196
GSE25055,529,expanded_pam50,ap,0.039862304833879994,196
GSE25055,529,expanded_pam50,brier,-0.0022660451483111437,196
GSE25055,529,expanded_pam50,logloss,-0.001244920447069947,196
GSE25055,530,expanded,auc,0.004290607535604829,187
GSE25055,530,expanded,ap,0.017601971527644047,187
GSE25055,530,expanded,brier,0.0012492154165536563,187
GSE25055,530,expanded,logloss,0.0009411572665000423,187
GSE25055,530,expanded_pam50,auc,-0.005638182801514335,187
GSE25055,530,expanded_pam50,ap,0.010350720862219855,187
GSE25055,530,expanded_pam50,brier,0.0028026866480348064,187
GSE25055,530,expanded_pam50,logloss,0.006206705576831201,187
GSE25055,531,expanded,auc,0.008698979591836731,197
GSE25055,531,expanded,ap,0.012413526530120334,197
GSE25055,531,expanded,brier,0.003216882336286925,197
GSE25055,531,expanded,logloss,-0.0020694439403038277,197
GSE25055,531,expanded_pam50,auc,0.007995626822157431,197
GSE25055,531,expanded_pam50,ap,0.012482067140819553,197
GSE25055,531,expanded_pam50,brier,0.0032942023691509307,197
GSE25055,531,expanded_pam50,logloss,6.247746663702869e-05,197
GSE25055,532,expanded,auc,0.026164029214850882,195
GSE25055,532,expanded,ap,0.01657617846424538,195
GSE25055,532,expanded,brier,-0.00030712876459417225,195
GSE25055,532,expanded,logloss,-0.012126116110554563,195
GSE25055,532,expanded_pam50,auc,0.0128918137553256,195
GSE25055,532,expanded_pam50,ap,-0.001189750031743797,195
GSE25055,532,expanded_pam50,brier,0.0019215919296577066,195
GSE25055,532,expanded_pam50,logloss,-0.004174990917520965,195
GSE25055,533,expanded,auc,0.03854181257879256,194
GSE25055,533,expanded,ap,0.08704716948138881,194
GSE25055,533,expanded,brier,-0.011418062503387847,194
GSE25055,533,expanded,logloss,-0.020972498329322076,194
GSE25055,533,expanded_pam50,auc,0.03408040341784563,194
GSE25055,533,expanded_pam50,ap,0.07781942426161961,194
GSE25055,533,expanded_pam50,brier,-0.010241377019661116,194
GSE25055,533,expanded_pam50,logloss,-0.015761877543766446,194
GSE25055,534,expanded,auc,0.03979198767334361,192
GSE25055,534,expanded,ap,0.06375424646090502,192
GSE25055,534,expanded,brier,-0.005319745139759977,192
GSE25055,534,expanded,logloss,-0.018100952611308903,192
GSE25055,534,expanded_pam50,auc,0.03450063034038383,192
GSE25055,534,expanded_pam50,ap,0.04727528416376392,192
GSE25055,534,expanded_pam50,brier,-0.004462943863976707,192
GSE25055,534,expanded_pam50,logloss,-0.016903380470385376,192
GSE25055,535,expanded,auc,0.01933159722222222,188
GSE25055,535,expanded,ap,0.05448331247849182,188
GSE25055,535,expanded,brier,-0.003258674397807755,188
GSE25055,535,expanded,logloss,-0.012871608036735366,188
GSE25055,535,expanded_pam50,auc,0.01945312499999998,188
GSE25055,535,expanded_pam50,ap,0.05426307198878422,188
GSE25055,535,expanded_pam50,brier,-0.003682369884705812,188
GSE25055,535,expanded_pam50,logloss,-0.013457915475224614,188
GSE25055,536,expanded,auc,0.0060181190681622195,194
GSE25055,536,expanded,ap,0.039131389655770336,194
GSE25055,536,expanded,brier,-0.0006000901389531133,194
GSE25055,536,expanded,logloss,0.001671132970414091,194
GSE25055,536,expanded_pam50,auc,0.012165660051768756,194
GSE25055,536,expanded_pam50,ap,0.05594905681624698,194
GSE25055,536,expanded_pam50,brier,-0.0027105734913032615,194
GSE25055,536,expanded_pam50,logloss,-0.0015480455080594201,194
GSE25055,537,expanded,auc,0.015147118369550539,186
GSE25055,537,expanded,ap,0.05931829758524669,186
GSE25055,537,expanded,brier,-0.004848228544083666,186
GSE25055,537,expanded,logloss,-0.007520375283078823,186
GSE25055,537,expanded_pam50,auc,0.013638817654204338,186
GSE25055,537,expanded_pam50,ap,0.050759362969411206,186
GSE25055,537,expanded_pam50,brier,-0.004606850399397383,186
GSE25055,537,expanded_pam50,logloss,-0.004612488608201126,186
GSE25055,538,expanded,auc,-0.00028110944527737214,186
GSE25055,538,expanded,ap,0.001585791809658621,186
GSE25055,538,expanded,brier,0.0023304254945813786,186
GSE25055,538,expanded,logloss,0.004479770347972573,186
GSE25055,538,expanded_pam50,auc,-0.001586706646676661,186
GSE25055,538,expanded_pam50,ap,-0.0007129182315073368,186
GSE25055,538,expanded_pam50,brier,0.0024143166280539445,186
GSE25055,538,expanded_pam50,logloss,0.004472755613911783,186
GSE25055,539,expanded,auc,0.07375168690958164,198
GSE25055,539,expanded,ap,0.15231795917278723,198
GSE25055,539,expanded,brier,-0.014156700491163448,198
GSE25055,539,expanded,logloss,-0.02667921252121383,198
GSE25055,539,expanded_pam50,auc,0.06781001649422702,198
GSE25055,539,expanded_pam50,ap,0.13074597863429924,198
GSE25055,539,expanded_pam50,brier,-0.012018799922227517,198
GSE25055,539,expanded_pam50,logloss,-0.017172645414346786,198
GSE25055,540,expanded,auc,-0.0022120991253644527,194
GSE25055,540,expanded,ap,-0.011251032093902514,194
GSE25055,540,expanded,brier,0.002194883545716253,194
GSE25055,540,expanded,logloss,0.0072264594479655555,194
GSE25055,540,expanded_pam50,auc,-0.002900874635568518,194
GSE25055,540,expanded_pam50,ap,-0.02000240787641954,194
GSE25055,540,expanded_pam50,brier,0.0026720971422059176,194
GSE25055,540,expanded_pam50,logloss,0.009486769622518893,194
GSE25055,541,expanded,auc,0.028374635568513128,193
GSE25055,541,expanded,ap,0.07362567860565479,193
GSE25055,541,expanded,brier,-0.005393532615327068,193
GSE25055,541,expanded,logloss,-0.014342042859300196,193
GSE25055,541,expanded_pam50,auc,0.01988338192419825,193
GSE25055,541,expanded_pam50,ap,0.0792744514423774,193
GSE25055,541,expanded_pam50,brier,-0.004573802211251437,193
GSE25055,541,expanded_pam50,logloss,-0.011502425777767472,193
GSE25055,542,expanded,auc,0.006701433234000309,179
GSE25055,542,expanded,ap,0.020916337487771868,179
GSE25055,542,expanded,brier,0.0013103921382492194,179
GSE25055,542,expanded,logloss,-0.001908859289965964,179
GSE25055,542,expanded_pam50,auc,0.000446998722860803,179
GSE25055,542,expanded_pam50,ap,0.01936024512521802,179
GSE25055,542,expanded_pam50,brier,0.0019159377072783118,179
GSE25055,542,expanded_pam50,logloss,0.001193496943190675,179
GSE25055,543,expanded,auc,0.029824561403508774,183
GSE25055,543,expanded,ap,0.09299056712132932,183
GSE25055,543,expanded,brier,-0.0071804884142377175,183
GSE25055,543,expanded,logloss,-0.020570010017227823,183
GSE25055,543,expanded_pam50,auc,0.009591601955708916,183
GSE25055,543,expanded_pam50,ap,0.049498247595798725,183
GSE25055,543,expanded_pam50,brier,-0.0017734082218729338,183
GSE25055,543,expanded_pam50,logloss,-0.004710633029505218,183
GSE25055,544,expanded,auc,0.010366528354080206,192
GSE25055,544,expanded,ap,0.026721020229409143,192
GSE25055,544,expanded,brier,-0.000928019945099412,192
GSE25055,544,expanded,logloss,-0.0016790889284795552,192
GSE25055,544,expanded_pam50,auc,0.0021161825726141005,192
GSE25055,544,expanded_pam50,ap,0.009441253935569199,192
GSE25055,544,expanded_pam50,brier,0.0010350044006401827,192
GSE25055,544,expanded_pam50,logloss,0.004076356934949388,192
GSE25055,545,expanded,auc,0.0416179337231969,186
GSE25055,545,expanded,ap,0.05128346063122609,186
GSE25055,545,expanded,brier,-0.005587420793860623,186
GSE25055,545,expanded,logloss,-0.021820782835711032,186
GSE25055,545,expanded_pam50,auc,0.024096566201829338,186
GSE25055,545,expanded_pam50,ap,0.026771909841433787,186
GSE25055,545,expanded_pam50,brier,-0.0014741208007938655,186
GSE25055,545,expanded_pam50,logloss,-0.010563179111630178,186
GSE25055,546,expanded,auc,0.079374185136897,188
GSE25055,546,expanded,ap,0.09568545236935834,188
GSE25055,546,expanded,brier,-0.013347431266974307,188
GSE25055,546,expanded,logloss,-0.043038841200024956,188
GSE25055,546,expanded_pam50,auc,0.0766883963494133,188
GSE25055,546,expanded_pam50,ap,0.09546434428443142,188
GSE25055,546,expanded_pam50,brier,-0.01184105693629906,188
GSE25055,546,expanded_pam50,logloss,-0.03689158635365651,188
GSE25055,547,expanded,auc,0.017029784886927756,193
GSE25055,547,expanded,ap,0.03970215533400823,193
GSE25055,547,expanded,brier,-0.001095010295860148,193
GSE25055,547,expanded,logloss,0.004328805539441422,193
GSE25055,547,expanded_pam50,auc,0.008549365692222833,193
GSE25055,547,expanded_pam50,ap,0.045103399257674155,193
GSE25055,547,expanded_pam50,brier,-0.0009588560475072922,193
GSE25055,547,expanded_pam50,logloss,0.006120485126643288,193
GSE25055,548,expanded,auc,0.000833079732197195,186
GSE25055,548,expanded,ap,0.018222463417002528,186
GSE25055,548,expanded,brier,0.0005115762798846513,186
GSE25055,548,expanded,logloss,0.006656849150987659,186
GSE25055,548,expanded_pam50,auc,-0.0014683505782105977,186
GSE25055,548,expanded_pam50,ap,0.020326204576379396,186
GSE25055,548,expanded_pam50,brier,0.00041612825749390845,186
GSE25055,548,expanded_pam50,logloss,0.007257435138201318,186
GSE25055,549,expanded,auc,0.055495576548208136,189
GSE25055,549,expanded,ap,0.0721833378803314,189
GSE25055,549,expanded,brier,-0.008177380645891545,189
GSE25055,549,expanded,logloss,-0.02759355733079937,189
GSE25055,549,expanded_pam50,auc,0.04809566651671915,189
GSE25055,549,expanded_pam50,ap,0.07746176566726258,189
GSE25055,549,expanded_pam50,brier,-0.009154040438497458,189
GSE25055,549,expanded_pam50,logloss,-0.025577151552681664,189
GSE25055,550,expanded,auc,0.030402821729957806,189
GSE25055,550,expanded,ap,0.042749508162892455,189
GSE25055,550,expanded,brier,-0.005570866878533693,189
GSE25055,550,expanded,logloss,-0.026058432638411712,189
GSE25055,550,expanded_pam50,auc,0.020477320675105493,189
GSE25055,550,expanded_pam50,ap,0.03467337346971822,189
GSE25055,550,expanded_pam50,brier,-0.0036810695667081673,189
GSE25055,550,expanded_pam50,logloss,-0.01672736123396202,189
GSE25055,551,expanded,auc,0.005846508563899877,193
GSE25055,551,expanded,ap,0.023656154714797394,193
GSE25055,551,expanded,brier,-0.0011462911508959741,193
GSE25055,551,expanded,logloss,0.0014156074040190315,193
GSE25055,551,expanded_pam50,auc,0.00985671936758894,193
GSE25055,551,expanded_pam50,ap,0.028070904461922352,193
GSE25055,551,expanded_pam50,brier,-0.002449644719834798,193
GSE25055,551,expanded_pam50,logloss,0.0001262392108907884,193
GSE25055,552,expanded,auc,0.005560784313725498,191
GSE25055,552,expanded,ap,0.023538193823462734,191
GSE25055,552,expanded,brier,-0.001586871732852517,191
GSE25055,552,expanded,logloss,-0.0019222803344748573,191
GSE25055,552,expanded_pam50,auc,0.001945098039215698,191
GSE25055,552,expanded_pam50,ap,0.01296338244277861,191
GSE25055,552,expanded_pam50,brier,-0.000646415637971505,191
GSE25055,552,expanded_pam50,logloss,0.0005756987813325509,191
GSE25055,553,expanded,auc,0.027251376741172673,192
GSE25055,553,expanded,ap,0.06760238122962259,192
GSE25055,553,expanded,brier,-0.0034280989772341964,192
GSE25055,553,expanded,logloss,-0.015530380327835751,192
GSE25055,553,expanded_pam50,auc,0.026749271137026243,192
GSE25055,553,expanded_pam50,ap,0.06494404006144283,192
GSE25055,553,expanded_pam50,brier,-0.003992212617359078,192
GSE25055,553,expanded_pam50,logloss,-0.013445583887256135,192
GSE25055,554,expanded,auc,-0.012202656780970045,182
GSE25055,554,expanded,ap,0.018051048081790748,182
GSE25055,554,expanded,brier,0.000717524113080964,182
GSE25055,554,expanded,logloss,0.00777338106068981,182
GSE25055,554,expanded_pam50,auc,-0.021802594995366065,182
GSE25055,554,expanded_pam50,ap,-0.010431880519347042,182
GSE25055,554,expanded_pam50,brier,0.004839637064336022,182
GSE25055,554,expanded_pam50,logloss,0.01625187191069974,182
GSE25055,555,expanded,auc,0.007124471410185673,187
GSE25055,555,expanded,ap,0.031803119209179935,187
GSE25055,555,expanded,brier,0.000149431752545498,187
GSE25055,555,expanded,logloss,-0.0004084915272646983,187
GSE25055,555,expanded_pam50,auc,-0.0023074094502665843,187
GSE25055,555,expanded_pam50,ap,0.014716406609716936,187
GSE25055,555,expanded_pam50,brier,0.00207532298512379,187
GSE25055,555,expanded_pam50,logloss,0.005724517526364731,187
GSE25055,556,expanded,auc,0.021338797814207656,190
GSE25055,556,expanded,ap,0.07119515698931349,190
GSE25055,556,expanded,brier,-0.005460277082709439,190
GSE25055,556,expanded,logloss,-0.015406557743553002,190
GSE25055,556,expanded_pam50,auc,0.019658469945355174,190
GSE25055,556,expanded_pam50,ap,0.06620193045424273,190
GSE25055,556,expanded_pam50,brier,-0.004070723790119102,190
GSE25055,556,expanded_pam50,logloss,-0.012956531567123569,190
GSE25055,557,expanded,auc,0.02618341244725738,189
GSE25055,557,expanded,ap,0.05336067422334587,189
GSE25055,557,expanded,brier,-0.004223875124763793,189
GSE25055,557,expanded,logloss,-0.009006417720014852,189
GSE25055,557,expanded_pam50,auc,0.026483386075949366,189
GSE25055,557,expanded_pam50,ap,0.047263512312994006,189
GSE25055,557,expanded_pam50,brier,-0.0037435126939625667,189
GSE25055,557,expanded_pam50,logloss,-0.00964139152762027,189
GSE25055,558,expanded,auc,0.04033163265306122,192
GSE25055,558,expanded,ap,0.09326377439792928,192
GSE25055,558,expanded,brier,-0.009600989239940771,192
GSE25055,558,expanded,logloss,-0.022088985025272102,192
GSE25055,558,expanded_pam50,auc,0.02864431486880469,192
GSE25055,558,expanded_pam50,ap,0.0778740356558196,192
GSE25055,558,expanded_pam50,brier,-0.00692055785963881,192
GSE25055,558,expanded_pam50,logloss,-0.012651594862485183,192
GSE25055,559,expanded,auc,0.018546099290780126,198
GSE25055,559,expanded,ap,0.04296442579955208,198
GSE25055,559,expanded,brier,-0.0028839425653014337,198
GSE25055,559,expanded,logloss,-0.01137018157433729,198
GSE25055,559,expanded_pam50,auc,0.010618955512572548,198
GSE25055,559,expanded_pam50,ap,0.026753059446318127,198
GSE25055,559,expanded_pam50,brier,-0.0008112179694776123,198
GSE25055,559,expanded_pam50,logloss,-0.0052748797132801785,198
GSE25055,560,expanded,auc,0.022266763848396497,192
GSE25055,560,expanded,ap,0.060667978502919565,192
GSE25055,560,expanded,brier,-0.0035235290051038757,192
GSE25055,560,expanded,logloss,-0.008533931066866497,192
GSE25055,560,expanded_pam50,auc,0.015138483965014582,192
GSE25055,560,expanded_pam50,ap,0.0646876941883483,192
GSE25055,560,expanded_pam50,brier,-0.0035539049664353923,192
GSE25055,560,expanded_pam50,logloss,-0.00815172718669115,192
GSE25055,561,expanded,auc,0.016172381835032425,191
GSE25055,561,expanded,ap,0.038991563747867365,191
GSE25055,561,expanded,brier,-0.0032266513590042804,191
GSE25055,561,expanded,logloss,-0.009856525525909304,191
GSE25055,561,expanded_pam50,auc,0.013457676861291313,191
GSE25055,561,expanded_pam50,ap,0.03428364499571986,191
GSE25055,561,expanded_pam50,brier,-0.0024595479290726403,191
GSE25055,561,expanded_pam50,logloss,-0.006023078236914764,191
GSE25055,562,expanded,auc,0.010377109704641363,183
GSE25055,562,expanded,ap,0.02146985109939887,183
GSE25055,562,expanded,brier,-0.0017476076465033825,183
GSE25055,562,expanded,logloss,-0.004262228305463789,183
GSE25055,562,expanded_pam50,auc,0.0007647679324894296,183
GSE25055,562,expanded_pam50,ap,0.015510173388268805,183
GSE25055,562,expanded_pam50,brier,0.0006688833385402188,183
GSE25055,562,expanded_pam50,logloss,0.0026226248372741177,183
GSE25055,563,expanded,auc,0.014171607378129137,189
GSE25055,563,expanded,ap,0.03166374689768929,189
GSE25055,563,expanded,brier,-0.0010655800187200372,189
GSE25055,563,expanded,logloss,-0.004722710391202101,189
GSE25055,563,expanded_pam50,auc,0.007032279314888002,189
GSE25055,563,expanded_pam50,ap,0.023548773005622546,189
GSE25055,563,expanded_pam50,brier,0.00028409508636376005,189
GSE25055,563,expanded_pam50,logloss,0.00018346516204509333,189
GSE25055,564,expanded,auc,0.002800829875518651,197
GSE25055,564,expanded,ap,0.032437514960912586,197
GSE25055,564,expanded,brier,0.0018661375990716266,197
GSE25055,564,expanded,logloss,-0.0002891940202407628,197
GSE25055,564,expanded_pam50,auc,0.0018464730290456254,197
GSE25055,564,expanded_pam50,ap,0.029814438268925554,197
GSE25055,564,expanded_pam50,brier,0.0013030676498390792,197
GSE25055,564,expanded_pam50,logloss,9.731867683283601e-05,197
GSE25055,565,expanded,auc,0.06313559322033901,197
GSE25055,565,expanded,ap,0.14215586099409996,197
GSE25055,565,expanded,brier,-0.013345789624771542,197
GSE25055,565,expanded,logloss,-0.03366714830543816,197
GSE25055,565,expanded_pam50,auc,0.05691623476677403,197
GSE25055,565,expanded_pam50,ap,0.12137910362157256,197
GSE25055,565,expanded_pam50,brier,-0.01041942951536672,197
GSE25055,565,expanded_pam50,logloss,-0.02324874486022007,197
GSE25055,566,expanded,auc,0.007754093296261966,193
GSE25055,566,expanded,ap,0.007149555335479086,193
GSE25055,566,expanded,brier,-0.0009486136620313112,193
GSE25055,566,expanded,logloss,-0.002798825122226656,193
GSE25055,566,expanded_pam50,auc,0.005838739573679297,193
GSE25055,566,expanded_pam50,ap,0.009331086455308496,193
GSE25055,566,expanded_pam50,brier,-0.0009663675778513014,193
GSE25055,566,expanded_pam50,logloss,-0.0035685652382001164,193
GSE25055,567,expanded,auc,0.007346637102734643,191
GSE25055,567,expanded,ap,0.012921025207914499,191
GSE25055,567,expanded,brier,0.002563706281080719,191
GSE25055,567,expanded,logloss,0.005185440323592233,191
GSE25055,567,expanded_pam50,auc,-0.0005247597930524873,191
GSE25055,567,expanded_pam50,ap,0.0034908391601414014,191
GSE25055,567,expanded_pam50,brier,0.00421162386443677,191
GSE25055,567,expanded_pam50,logloss,0.010052493530832745,191
GSE25055,568,expanded,auc,-0.00025607638888885953,193
GSE25055,568,expanded,ap,0.021528933482489614,193
GSE25055,568,expanded,brier,-0.001346830689589859,193
GSE25055,568,expanded,logloss,0.0074568221042107695,193
GSE25055,568,expanded_pam50,auc,-0.0014843749999999933,193
GSE25055,568,expanded_pam50,ap,0.02427961730774861,193
GSE25055,568,expanded_pam50,brier,-0.0011044154246286422,193
GSE25055,568,expanded_pam50,logloss,0.008747243161576091,193
GSE25055,569,expanded,auc,0.013243027888446213,189
GSE25055,569,expanded,ap,0.02454231188037953,189
GSE25055,569,expanded,brier,0.00023858078355153966,189
GSE25055,569,expanded,logloss,-0.0032345013729383086,189
GSE25055,569,expanded_pam50,auc,0.008358565737051816,189
GSE25055,569,expanded_pam50,ap,0.015144520426076358,189
GSE25055,569,expanded_pam50,brier,0.0008357981788479102,189
GSE25055,569,expanded_pam50,logloss,-0.0009083717917674816,189
GSE25055,570,expanded,auc,0.016346959289663277,195
GSE25055,570,expanded,ap,0.049329954458446415,195
GSE25055,570,expanded,brier,-0.005616055893779752,195
GSE25055,570,expanded,logloss,-0.009604829622906059,195
GSE25055,570,expanded_pam50,auc,0.025892109231026972,195
GSE25055,570,expanded_pam50,ap,0.0564276871444209,195
GSE25055,570,expanded_pam50,brier,-0.006467849927386185,195
GSE25055,570,expanded_pam50,logloss,-0.011011760062109372,195
GSE25055,571,expanded,auc,0.01849295369571472,196
GSE25055,571,expanded,ap,0.06387356242325423,196
GSE25055,571,expanded,brier,-0.006176664505091131,196
GSE25055,571,expanded,logloss,-0.015208863724690085,196
GSE25055,571,expanded_pam50,auc,0.013891285591026736,196
GSE25055,571,expanded_pam50,ap,0.05052944872702334,196
GSE25055,571,expanded_pam50,brier,-0.0037443192018147497,196
GSE25055,571,expanded_pam50,logloss,-0.008963940997662439,196
GSE25055,572,expanded,auc,0.0453775038520801,181
GSE25055,572,expanded,ap,0.10413970433203612,181
GSE25055,572,expanded,brier,-0.00821412668002744,181
GSE25055,572,expanded,logloss,-0.019250309309396835,181
GSE25055,572,expanded_pam50,auc,0.035901386748844376,181
GSE25055,572,expanded_pam50,ap,0.06947525265943581,181
GSE25055,572,expanded_pam50,brier,-0.005182503075332859,181
GSE25055,572,expanded_pam50,logloss,-0.010180060909031396,181
GSE25055,573,expanded,auc,0.008223357457073944,191
GSE25055,573,expanded,ap,0.06708151783076657,191
GSE25055,573,expanded,brier,-0.005935121740800893,191
GSE25055,573,expanded,logloss,-0.009071055824345642,191
GSE25055,573,expanded_pam50,auc,0.005413651199091807,191
GSE25055,573,expanded_pam50,ap,0.06098618658475954,191
GSE25055,573,expanded_pam50,brier,-0.003293050858507296,191
GSE25055,573,expanded_pam50,logloss,-0.0028119905567633163,191
GSE25055,574,expanded,auc,0.023889900546294984,190
GSE25055,574,expanded,ap,0.06162459131934535,190
GSE25055,574,expanded,brier,-0.006194420139435386,190
GSE25055,574,expanded,logloss,-0.006204349551343602,190
GSE25055,574,expanded_pam50,auc,0.020282952794509045,190
GSE25055,574,expanded_pam50,ap,0.058168351574445755,190
GSE25055,574,expanded_pam50,brier,-0.004598057872256911,190
GSE25055,574,expanded_pam50,logloss,-0.004997952966801794,190
GSE25055,575,expanded,auc,0.027571599940021008,184
GSE25055,575,expanded,ap,0.11035016795861916,184
GSE25055,575,expanded,brier,-0.0084628277068256,184
GSE25055,575,expanded,logloss,-0.0221437100444035,184
GSE25055,575,expanded_pam50,auc,0.025206177837756784,184
GSE25055,575,expanded_pam50,ap,0.10768864232628406,184
GSE25055,575,expanded_pam50,brier,-0.008301642690178112,184
GSE25055,575,expanded_pam50,logloss,-0.019431114900971314,184
GSE25055,576,expanded,auc,0.003995901639344268,190
GSE25055,576,expanded,ap,0.007243764925192736,190
GSE25055,576,expanded,brier,0.001625733996759801,190
GSE25055,576,expanded,logloss,-0.0012268993528511795,190
GSE25055,576,expanded_pam50,auc,-0.0017896174863388016,190
GSE25055,576,expanded_pam50,ap,0.003658154078941206,190
GSE25055,576,expanded_pam50,brier,0.00314983563659261,190
GSE25055,576,expanded_pam50,logloss,0.0038585108338774986,190
GSE25055,577,expanded,auc,0.05203120172999691,187
GSE25055,577,expanded,ap,0.09130312620172047,187
GSE25055,577,expanded,brier,-0.008644624454480663,187
GSE25055,577,expanded,logloss,-0.024331038255118627,187
GSE25055,577,expanded_pam50,auc,0.03624497991967872,187
GSE25055,577,expanded_pam50,ap,0.07023010446497456,187
GSE25055,577,expanded_pam50,brier,-0.005491319375537203,187
GSE25055,577,expanded_pam50,logloss,-0.016285084210462302,187
GSE25055,578,expanded,auc,0.02588174273858921,191
GSE25055,578,expanded,ap,0.08823034713064605,191
GSE25055,578,expanded,brier,-0.0066500245061958535,191
GSE25055,578,expanded,logloss,-0.023992230341825377,191
GSE25055,578,expanded_pam50,auc,0.02091977869986168,191
GSE25055,578,expanded_pam50,ap,0.09898992974437516,191
GSE25055,578,expanded_pam50,brier,-0.005900400128216586,191
GSE25055,578,expanded_pam50,logloss,-0.021183699023483615,191
GSE25055,579,expanded,auc,0.022559181958257447,191
GSE25055,579,expanded,ap,0.07574549607999728,191
GSE25055,579,expanded,brier,-0.005771510626183069,191
GSE25055,579,expanded,logloss,-0.021583092996248426,191
GSE25055,579,expanded_pam50,auc,0.032784703740019606,191
GSE25055,579,expanded_pam50,ap,0.0803472275577867,191
GSE25055,579,expanded_pam50,brier,-0.0076245284634299665,191
GSE25055,579,expanded_pam50,logloss,-0.029180580581239124,191
GSE25055,580,expanded,auc,0.0601058078467717,195
GSE25055,580,expanded,ap,0.10842057652806134,195
GSE25055,580,expanded,brier,-0.010773180229954497,195
GSE25055,580,expanded,logloss,-0.023055428411776158,195
GSE25055,580,expanded_pam50,auc,0.06784059314179795,195
GSE25055,580,expanded_pam50,ap,0.11389029841300154,195
GSE25055,580,expanded_pam50,brier,-0.012444488575854614,195
GSE25055,580,expanded_pam50,logloss,-0.02825344794434766,195
GSE25055,581,expanded,auc,0.029211502782931376,186
GSE25055,581,expanded,ap,0.08273367533984663,186
GSE25055,581,expanded,brier,-0.005893628796512218,186
GSE25055,581,expanded,logloss,-0.00763733331025962,186
GSE25055,581,expanded_pam50,auc,0.02010513296227584,186
GSE25055,581,expanded_pam50,ap,0.06497399380058384,186
GSE25055,581,expanded_pam50,brier,-0.0030148264466151597,186
GSE25055,581,expanded_pam50,logloss,-0.0017979668653323954,186
GSE25055,582,expanded,auc,0.05260532150776052,194
GSE25055,582,expanded,ap,0.10735589536850691,194
GSE25055,582,expanded,brier,-0.009919038733220453,194
GSE25055,582,expanded,logloss,-0.03192325280702371,194
GSE25055,582,expanded_pam50,auc,0.04603843311160385,194
GSE25055,582,expanded_pam50,ap,0.09827431598839112,194
GSE25055,582,expanded_pam50,brier,-0.008173140738706156,194
GSE25055,582,expanded_pam50,logloss,-0.025549145003991885,194
GSE25055,583,expanded,auc,0.000553638193845285,191
GSE25055,583,expanded,ap,0.010995785488080773,191
GSE25055,583,expanded,brier,-0.0012464607448658266,191
GSE25055,583,expanded,logloss,-0.0004756126409155459,191
GSE25055,583,expanded_pam50,auc,-0.0050007190106413635,191
GSE25055,583,expanded_pam50,ap,-0.00491132611924292,191
GSE25055,583,expanded_pam50,brier,0.0018111506015140166,191
GSE25055,583,expanded_pam50,logloss,0.007601623518655981,191
GSE25055,584,expanded,auc,0.00672550213024955,197
GSE25055,584,expanded,ap,0.04581683339150796,197
GSE25055,584,expanded,brier,-0.0010294607182341486,197
GSE25055,584,expanded,logloss,-0.0069589755447335535,197
GSE25055,584,expanded_pam50,auc,0.008718807060255629,197
GSE25055,584,expanded_pam50,ap,0.042270704028942244,197
GSE25055,584,expanded_pam50,brier,-0.00036255270756258007,197
GSE25055,584,expanded_pam50,logloss,-0.005705756491605335,197
GSE25055,585,expanded,auc,0.002227021190444045,189
GSE25055,585,expanded,ap,0.024986316255251755,189
GSE25055,585,expanded,brier,-0.0001121786244254741,189
GSE25055,585,expanded,logloss,0.002259063605477335,189
GSE25055,585,expanded_pam50,auc,0.0006073694155756537,189
GSE25055,585,expanded_pam50,ap,0.018227088705970958,189
GSE25055,585,expanded_pam50,brier,-0.0003040091383844423,189
GSE25055,585,expanded_pam50,logloss,0.003725203041674202,189
GSE25055,586,expanded,auc,0.054717874274173184,186
GSE25055,586,expanded,ap,0.13910146583544042,186
GSE25055,586,expanded,brier,-0.016991723920688255,186
GSE25055,586,expanded,logloss,-0.03922065037193613,186
GSE25055,586,expanded_pam50,auc,0.03191744508962384,186
GSE25055,586,expanded_pam50,ap,0.10158695578927894,186
GSE25055,586,expanded_pam50,brier,-0.01160653480497231,186
GSE25055,586,expanded_pam50,logloss,-0.022965109151007978,186
GSE25055,587,expanded,auc,0.03266998341625206,191
GSE25055,587,expanded,ap,0.10039740010178944,191
GSE25055,587,expanded,brier,-0.010269905041174648,191
GSE25055,587,expanded,logloss,-0.03587010305825507,191
GSE25055,587,expanded_pam50,auc,0.040253858910575334,191
GSE25055,587,expanded_pam50,ap,0.10918697427101072,191
GSE25055,587,expanded_pam50,brier,-0.012310537992809243,191
GSE25055,587,expanded_pam50,logloss,-0.03969231232614078,191
GSE25055,588,expanded,auc,0.03036653386454181,187
GSE25055,588,expanded,ap,0.056210427090106305,187
GSE25055,588,expanded,brier,-0.003592827996521185,187
GSE25055,588,expanded,logloss,-0.014405213123997406,187
GSE25055,588,expanded_pam50,auc,0.018741035856573718,187
GSE25055,588,expanded_pam50,ap,0.030092918985203075,187
GSE25055,588,expanded_pam50,brier,-0.0001249231868220707,187
GSE25055,588,expanded_pam50,logloss,-0.0043746407939482205,187
GSE25055,589,expanded,auc,0.02091145833333331,186
GSE25055,589,expanded,ap,0.10596174291437299,186
GSE25055,589,expanded,brier,-0.005034968051862479,186
GSE25055,589,expanded,logloss,-0.011502765131209024,186
GSE25055,589,expanded_pam50,auc,0.020442708333333347,186
GSE25055,589,expanded_pam50,ap,0.1088664354574749,186
GSE25055,589,expanded_pam50,brier,-0.005414641482649744,186
GSE25055,589,expanded_pam50,logloss,-0.011784401383922827,186
GSE25055,590,expanded,auc,0.044872060857538046,188
GSE25055,590,expanded,ap,0.13750034167691022,188
GSE25055,590,expanded,brier,-0.00843417757022347,188
GSE25055,590,expanded,logloss,-0.02369165097114856,188
GSE25055,590,expanded_pam50,auc,0.04230636237897652,188
GSE25055,590,expanded_pam50,ap,0.13078631612519698,188
GSE25055,590,expanded_pam50,brier,-0.007998437581873175,188
GSE25055,590,expanded_pam50,logloss,-0.024078906212164065,188
GSE25055,591,expanded,auc,-0.005103189493433391,184
GSE25055,591,expanded,ap,-0.01855267743115374,184
GSE25055,591,expanded,brier,0.002084044229099538,184
GSE25055,591,expanded,logloss,0.004369184532448828,184
GSE25055,591,expanded_pam50,auc,-0.00188555347091931,184
GSE25055,591,expanded_pam50,ap,-0.004860366105337466,184
GSE25055,591,expanded_pam50,brier,0.00154592893347813,184
GSE25055,591,expanded_pam50,logloss,0.0038447904233309405,184
GSE25055,592,expanded,auc,0.04850332594235033,186
GSE25055,592,expanded,ap,0.05493810747381731,186
GSE25055,592,expanded,brier,-0.007506473997168861,186
GSE25055,592,expanded,logloss,-0.026957658813521374,186
GSE25055,592,expanded_pam50,auc,0.038359201773835894,186
GSE25055,592,expanded_pam50,ap,0.05009601394931793,186
GSE25055,592,expanded_pam50,brier,-0.005220825370823581,186
GSE25055,592,expanded_pam50,logloss,-0.017152960604492264,186
GSE25055,593,expanded,auc,0.011670588235294144,193
GSE25055,593,expanded,ap,0.039556786409635884,193
GSE25055,593,expanded,brier,-0.002660275283284197,193
GSE25055,593,expanded,logloss,-3.8663945875982986e-05,193
GSE25055,593,expanded_pam50,auc,0.008619607843137256,193
GSE25055,593,expanded_pam50,ap,0.0313807227934554,193
GSE25055,593,expanded_pam50,brier,-0.0016765511962745588,193
GSE25055,593,expanded_pam50,logloss,0.002208748435811153,193
GSE25055,594,expanded,auc,0.04754098360655738,197
GSE25055,594,expanded,ap,0.11726133321869665,197
GSE25055,594,expanded,brier,-0.00791674601062171,197
GSE25055,594,expanded,logloss,-0.022378472364366638,197
GSE25055,594,expanded_pam50,auc,0.03995542134023583,197
GSE25055,594,expanded_pam50,ap,0.09329408355352778,197
GSE25055,594,expanded_pam50,brier,-0.006404548298927784,197
GSE25055,594,expanded_pam50,logloss,-0.014028668407664452,197
GSE25055,595,expanded,auc,0.010466666666666657,189
GSE25055,595,expanded,ap,0.0757919961917004,189
GSE25055,595,expanded,brier,-0.0036629387983540805,189
GSE25055,595,expanded,logloss,-0.0034286931094094863,189
GSE25055,595,expanded_pam50,auc,0.01832156862745098,189
GSE25055,595,expanded_pam50,ap,0.09512144189313473,189
GSE25055,595,expanded_pam50,brier,-0.005437876786328398,189
GSE25055,595,expanded_pam50,logloss,-0.007401580916495237,189
GSE25055,596,expanded,auc,0.032393909944930355,192
GSE25055,596,expanded,ap,0.024735025583302175,192
GSE25055,596,expanded,brier,-0.0013391507617960068,192
GSE25055,596,expanded,logloss,-0.00683399121568562,192
GSE25055,596,expanded_pam50,auc,0.04064625850340135,192
GSE25055,596,expanded_pam50,ap,0.036327622831971454,192
GSE25055,596,expanded_pam50,brier,-0.003637380494185083,192
GSE25055,596,expanded_pam50,logloss,-0.013325020165110696,192
GSE25055,597,expanded,auc,0.024876093294460645,203
GSE25055,597,expanded,ap,0.05410576029422511,203
GSE25055,597,expanded,brier,-0.003816025174729373,203
GSE25055,597,expanded,logloss,-0.011516052430753298,203
GSE25055,597,expanded_pam50,auc,0.01701166180758016,203
GSE25055,597,expanded_pam50,ap,0.050001663724855594,203
GSE25055,597,expanded_pam50,brier,-0.003480034122996986,203
GSE25055,597,expanded_pam50,logloss,-0.00643337765139757,203
GSE25055,598,expanded,auc,0.001940048691418117,194
GSE25055,598,expanded,ap,0.0025867491140470545,194
GSE25055,598,expanded,brier,0.0008283033777475412,194
GSE25055,598,expanded,logloss,0.0010754483681171324,194
GSE25055,598,expanded_pam50,auc,-0.00016737674984785845,194
GSE25055,598,expanded_pam50,ap,0.000982076083771663,194
GSE25055,598,expanded_pam50,brier,0.0016977652356443607,194
GSE25055,598,expanded_pam50,logloss,0.0036664669477154076,194
GSE25055,599,expanded,auc,0.01837925755836204,188
GSE25055,599,expanded,ap,0.07555861123672258,188
GSE25055,599,expanded,brier,-0.006435010058072418,188
GSE25055,599,expanded,logloss,-0.016165487570200532,188
GSE25055,599,expanded_pam50,auc,0.016175532593443055,188
GSE25055,599,expanded_pam50,ap,0.06876227489607356,188
GSE25055,599,expanded_pam50,brier,-0.005684737774160298,188
GSE25055,599,expanded_pam50,logloss,-0.013658579801463433,188
GSE25055,600,expanded,auc,0.010358565737051784,191
GSE25055,600,expanded,ap,0.033122487211822975,191
GSE25055,600,expanded,brier,-6.620166195497601e-05,191
GSE25055,600,expanded,logloss,-0.002719665548017358,191
GSE25055,600,expanded_pam50,auc,0.010063745019920323,191
GSE25055,600,expanded_pam50,ap,0.030980402775548775,191
GSE25055,600,expanded_pam50,brier,0.0007876328530368418,191
GSE25055,600,expanded_pam50,logloss,-0.0009591986652011276,191
GSE25055,601,expanded,auc,0.004443091905051699,202
GSE25055,601,expanded,ap,0.009668026928896975,202
GSE25055,601,expanded,brier,0.0011169992634483567,202
GSE25055,601,expanded,logloss,-0.0023580067460840072,202
GSE25055,601,expanded_pam50,auc,0.0007227632379792848,202
GSE25055,601,expanded_pam50,ap,0.007010988532553339,202
GSE25055,601,expanded_pam50,brier,0.0020459128279249174,202
GSE25055,601,expanded_pam50,logloss,0.001897969609405009,202
GSE25055,602,expanded,auc,0.030340945902170412,203
GSE25055,602,expanded,ap,0.07330726898694377,203
GSE25055,602,expanded,brier,-0.004600358431383308,203
GSE25055,602,expanded,logloss,-0.009977706939081704,203
GSE25055,602,expanded_pam50,auc,0.029320537738905084,203
GSE25055,602,expanded_pam50,ap,0.08270527896508369,203
GSE25055,602,expanded_pam50,brier,-0.005407283768907809,203
GSE25055,602,expanded_pam50,logloss,-0.00848017287080774,203
GSE25055,603,expanded,auc,0.010267995057151692,180
GSE25055,603,expanded,ap,0.021740326927647803,180
GSE25055,603,expanded,brier,-0.0008757644892499486,180
GSE25055,603,expanded,logloss,-0.006828522371606948,180
GSE25055,603,expanded_pam50,auc,0.011862835959221529,180
GSE25055,603,expanded_pam50,ap,0.02627577767221905,180
GSE25055,603,expanded_pam50,brier,-0.00024114724716555735,180
GSE25055,603,expanded_pam50,logloss,-0.00607346144878958,180
GSE25055,604,expanded,auc,0.031301229508196735,193
GSE25055,604,expanded,ap,0.04417870730514928,193
GSE25055,604,expanded,brier,-0.005683202057818751,193
GSE25055,604,expanded,logloss,-0.01515724060036755,193
GSE25055,604,expanded_pam50,auc,0.02330259562841531,193
GSE25055,604,expanded_pam50,ap,0.037261888775999036,193
GSE25055,604,expanded_pam50,brier,-0.0037948702242075138,193
GSE25055,604,expanded_pam50,logloss,-0.007377314452728295,193
GSE25055,605,expanded,auc,0.040545316839182,180
GSE25055,605,expanded,ap,0.06577516270659245,180
GSE25055,605,expanded,brier,-0.0062994406238584405,180
GSE25055,605,expanded,logloss,-0.014260961574164654,180
GSE25055,605,expanded_pam50,auc,0.029506437768240346,180
GSE25055,605,expanded_pam50,ap,0.05021955881637565,180
GSE25055,605,expanded_pam50,brier,-0.00359438870796637,180
GSE25055,605,expanded_pam50,logloss,-0.0076760372610447936,180
GSE25055,606,expanded,auc,0.009302478902953581,187
GSE25055,606,expanded,ap,0.034846282196251785,187
GSE25055,606,expanded,brier,1.5540907206609833e-05,187
GSE25055,606,expanded,logloss,0.0013900074554666242,187
GSE25055,606,expanded_pam50,auc,0.008122362869198341,187
GSE25055,606,expanded_pam50,ap,0.03881212503082383,187
GSE25055,606,expanded_pam50,brier,-0.00031246356908179175,187
GSE25055,606,expanded_pam50,logloss,0.00025673176556881283,187
GSE25055,607,expanded,auc,0.06635624538063566,202
GSE25055,607,expanded,ap,0.15104777419798382,202
GSE25055,607,expanded,brier,-0.014270082585272048,202
GSE25055,607,expanded,logloss,-0.027654437380108553,202
GSE25055,607,expanded_pam50,auc,0.05929785661492981,202
GSE25055,607,expanded_pam50,ap,0.13584359771318763,202
GSE25055,607,expanded_pam50,brier,-0.013049988004939903,202
GSE25055,607,expanded_pam50,logloss,-0.022892166027222532,202
GSE25055,608,expanded,auc,0.01922421142369991,188
GSE25055,608,expanded,ap,0.034384551206683364,188
GSE25055,608,expanded,brier,1.572226090369999e-05,188
GSE25055,608,expanded,logloss,-0.0027041959931307204,188
GSE25055,608,expanded_pam50,auc,0.01595055413469737,188
GSE25055,608,expanded_pam50,ap,0.035058891804078354,188
GSE25055,608,expanded_pam50,brier,-2.6797767106404024e-05,188
GSE25055,608,expanded_pam50,logloss,-0.0024786194583068465,188
GSE25055,609,expanded,auc,0.059022810095829416,199
GSE25055,609,expanded,ap,0.12799421614645792,199
GSE25055,609,expanded,brier,-0.017525768401238515,199
GSE25055,609,expanded,logloss,-0.042161133406615744,199
GSE25055,609,expanded_pam50,auc,0.05016533945201782,199
GSE25055,609,expanded_pam50,ap,0.10168117946332614,199
GSE25055,609,expanded_pam50,brier,-0.014883906678867109,199
GSE25055,609,expanded_pam50,logloss,-0.03313191375505073,199
GSE25055,610,expanded,auc,0.015378884631758205,187
GSE25055,610,expanded,ap,0.056940906501429314,187
GSE25055,610,expanded,brier,-0.002879791902688783,187
GSE25055,610,expanded,logloss,-0.012017416800746,187
GSE25055,610,expanded_pam50,auc,0.01428267347807578,187
GSE25055,610,expanded_pam50,ap,0.07003531672241176,187
GSE25055,610,expanded_pam50,brier,-0.0021349376183184025,187
GSE25055,610,expanded_pam50,logloss,-0.009281111812759374,187
GSE25055,611,expanded,auc,0.039204702627939104,190
GSE25055,611,expanded,ap,0.09893882719999865,190
GSE25055,611,expanded,brier,-0.010807122147402762,190
GSE25055,611,expanded,logloss,-0.03680868522091425,190
GSE25055,611,expanded_pam50,auc,0.032489626556016594,190
GSE25055,611,expanded_pam50,ap,0.08697847299392861,190
GSE25055,611,expanded_pam50,brier,-0.00869838709445761,190
GSE25055,611,expanded_pam50,logloss,-0.028149438563029316,190
GSE25055,612,expanded,auc,0.02312686249467859,177
GSE25055,612,expanded,ap,0.105570154698723,177
GSE25055,612,expanded,brier,-0.008395977937304335,177
GSE25055,612,expanded,logloss,-0.003260666543780555,177
GSE25055,612,expanded_pam50,auc,0.0176316162906201,177
GSE25055,612,expanded_pam50,ap,0.09058504674315726,177
GSE25055,612,expanded_pam50,brier,-0.0062808776251552486,177
GSE25055,612,expanded_pam50,logloss,-7.642118832236755e-05,177
GSE25055,613,expanded,auc,0.020319740500463413,188
GSE25055,613,expanded,ap,0.056623400916529065,188
GSE25055,613,expanded,brier,-0.003058139916843916,188
GSE25055,613,expanded,logloss,-0.0022315355211447174,188
GSE25055,613,expanded_pam50,auc,0.014481000926784083,188
GSE25055,613,expanded_pam50,ap,0.04357067295121553,188
GSE25055,613,expanded_pam50,brier,-0.000947613168216363,188
GSE25055,613,expanded_pam50,logloss,0.0028607020736885593,188
GSE25055,614,expanded,auc,0.014372876119864075,191
GSE25055,614,expanded,ap,0.08520996632227906,191
GSE25055,614,expanded,brier,-0.007350522568653109,191
GSE25055,614,expanded,logloss,-0.009236253453300185,191
GSE25055,614,expanded_pam50,auc,0.01814952116156935,191
GSE25055,614,expanded_pam50,ap,0.09162845628852864,191
GSE25055,614,expanded_pam50,brier,-0.007876709885322342,191
GSE25055,614,expanded_pam50,logloss,-0.009544919717996213,191
GSE25055,615,expanded,auc,0.02287998146431881,195
GSE25055,615,expanded,ap,0.0579818090602829,195
GSE25055,615,expanded,brier,-0.005845970722330821,195
GSE25055,615,expanded,logloss,-0.012411034716967445,195
GSE25055,615,expanded_pam50,auc,0.01405622489959838,195
GSE25055,615,expanded_pam50,ap,0.05059811288894343,195
GSE25055,615,expanded_pam50,brier,-0.004289543955431879,195
GSE25055,615,expanded_pam50,logloss,-0.006496052443473832,195
GSE25055,616,expanded,auc,0.030227207362668963,188
GSE25055,616,expanded,ap,0.07234380155601805,188
GSE25055,616,expanded,brier,-0.009390412108719787,188
GSE25055,616,expanded,logloss,-0.02306565237490974,188
GSE25055,616,expanded_pam50,auc,0.020570894449237855,188
GSE25055,616,expanded_pam50,ap,0.05170782860149424,188
GSE25055,616,expanded_pam50,brier,-0.006643449453581895,188
GSE25055,616,expanded_pam50,logloss,-0.014605271816453085,188
GSE25055,617,expanded,auc,0.01638184619694636,190
GSE25055,617,expanded,ap,0.04700603984741587,190
GSE25055,617,expanded,brier,-0.004554848883508847,190
GSE25055,617,expanded,logloss,-0.01433026034371882,190
GSE25055,617,expanded_pam50,auc,0.010053929121725747,190
GSE25055,617,expanded_pam50,ap,0.05315418417257217,190
GSE25055,617,expanded_pam50,brier,-0.004282581736877333,190
GSE25055,617,expanded_pam50,logloss,-0.009178034185491424,190
GSE25055,618,expanded,auc,0.0397329324372126,187
GSE25055,618,expanded,ap,0.06675080462927682,187
GSE25055,618,expanded,brier,-0.0058429961839748705,187
GSE25055,618,expanded,logloss,-0.01076111282672596,187
GSE25055,618,expanded_pam50,auc,0.02194021931376019,187
GSE25055,618,expanded_pam50,ap,0.04254605345038591,187
GSE25055,618,expanded_pam50,brier,-0.003266629629494548,187
GSE25055,618,expanded_pam50,logloss,-0.004225463168815069,187
GSE25055,619,expanded,auc,0.0326201148620255,195
GSE25055,619,expanded,ap,0.11119788778136645,195
GSE25055,619,expanded,brier,-0.005733939802166521,195
GSE25055,619,expanded,logloss,-0.011176779238381668,195
GSE25055,619,expanded_pam50,auc,0.022713265163188112,195
GSE25055,619,expanded_pam50,ap,0.10118454776177219,195
GSE25055,619,expanded_pam50,brier,-0.004245446204332659,195
GSE25055,619,expanded_pam50,logloss,-0.005821006760288683,195
GSE25055,620,expanded,auc,0.005280612244897953,189
GSE25055,620,expanded,ap,0.02281027927363801,189
GSE25055,620,expanded,brier,-0.0008664876944520089,189
GSE25055,620,expanded,logloss,-0.0011694836351318072,189
GSE25055,620,expanded_pam50,auc,0.0015524781341107797,189
GSE25055,620,expanded_pam50,ap,0.018426796344744617,189
GSE25055,620,expanded_pam50,brier,-0.0006837532702081789,189
GSE25055,620,expanded_pam50,logloss,0.000656208565823202,189
GSE25055,621,expanded,auc,0.0457261410788382,181
GSE25055,621,expanded,ap,0.1256970289740607,181
GSE25055,621,expanded,brier,-0.011803353218750635,181
GSE25055,621,expanded,logloss,-0.037370728253257865,181
GSE25055,621,expanded_pam50,auc,0.04322959889349933,181
GSE25055,621,expanded_pam50,ap,0.13270758685278045,181
GSE25055,621,expanded_pam50,brier,-0.01324312037266778,181
GSE25055,621,expanded_pam50,logloss,-0.03505055881926936,181
GSE25055,622,expanded,auc,0.03005806010928963,185
GSE25055,622,expanded,ap,0.07865633077937799,185
GSE25055,622,expanded,brier,-0.007115503093203459,185
GSE25055,622,expanded,logloss,-0.011691823769230569,185
GSE25055,622,expanded_pam50,auc,0.035187841530054664,185
GSE25055,622,expanded_pam50,ap,0.08084386077698438,185
GSE25055,622,expanded_pam50,brier,-0.00933611712869029,185
GSE25055,622,expanded_pam50,logloss,-0.016862056225513167,185
GSE25055,623,expanded,auc,0.040473109002013244,185
GSE25055,623,expanded,ap,0.07207577703637418,185
GSE25055,623,expanded,brier,-0.007088352286408778,185
GSE25055,623,expanded,logloss,-0.020813151359583653,185
GSE25055,623,expanded_pam50,auc,0.03457003163646821,185
GSE25055,623,expanded_pam50,ap,0.0833265235703516,185
GSE25055,623,expanded_pam50,brier,-0.008466273812984024,185
GSE25055,623,expanded_pam50,logloss,-0.022114952013420654,185
GSE25055,624,expanded,auc,0.008203921568627459,193
GSE25055,624,expanded,ap,0.02083904568768034,193
GSE25055,624,expanded,brier,-8.87956044242022e-05,193
GSE25055,624,expanded,logloss,-6.987133145697766e-05,193
GSE25055,624,expanded_pam50,auc,0.00911372549019609,193
GSE25055,624,expanded_pam50,ap,0.025343150596992443,193
GSE25055,624,expanded_pam50,brier,-0.0006901818132539512,193
GSE25055,624,expanded_pam50,logloss,-0.001369025809412383,193
GSE25055,625,expanded,auc,0.015152196731144107,193
GSE25055,625,expanded,ap,0.016942407618902054,193
GSE25055,625,expanded,brier,-0.001419975461436343,193
GSE25055,625,expanded,logloss,-0.0014136724124209354,193
GSE25055,625,expanded_pam50,auc,0.011336032388663963,193
GSE25055,625,expanded_pam50,ap,0.013020911287189591,193
GSE25055,625,expanded_pam50,brier,-0.0005889142168631567,193
GSE25055,625,expanded_pam50,logloss,-0.0001265602116297726,193
GSE25055,626,expanded,auc,0.018635589612601124,193
GSE25055,626,expanded,ap,0.08261856143761658,193
GSE25055,626,expanded,brier,-0.004407154202161853,193
GSE25055,626,expanded,logloss,-0.00778174976182161,193
GSE25055,626,expanded_pam50,auc,0.008124024407549302,193
GSE25055,626,expanded_pam50,ap,0.057659979728593005,193
GSE25055,626,expanded_pam50,brier,-0.002328904516541291,193
GSE25055,626,expanded_pam50,logloss,-0.002312423834507632,193
GSE25055,627,expanded,auc,0.023775106512477162,194
GSE25055,627,expanded,ap,0.027205659533140192,194
GSE25055,627,expanded,brier,-0.0024446027281794904,194
GSE25055,627,expanded,logloss,-0.0013376688321328767,194
GSE25055,627,expanded_pam50,auc,0.01596926354230067,194
GSE25055,627,expanded_pam50,ap,0.014980440197970004,194
GSE25055,627,expanded_pam50,brier,-0.0008493244211531581,194
GSE25055,627,expanded_pam50,logloss,0.0016386161107014186,194
GSE25055,628,expanded,auc,0.0011808367071525106,192
GSE25055,628,expanded,ap,0.03601518061780902,192
GSE25055,628,expanded,brier,-0.001791792899629749,192
GSE25055,628,expanded,logloss,0.00010930654792534744,192
GSE25055,628,expanded_pam50,auc,-0.002860248912880492,192
GSE25055,628,expanded_pam50,ap,0.025026694105059265,192
GSE25055,628,expanded_pam50,brier,-0.0006296755048743136,192
GSE25055,628,expanded_pam50,logloss,0.003884801037838048,192
GSE25055,629,expanded,auc,0.021396078431372544,191
GSE25055,629,expanded,ap,0.03894307762463842,191
GSE25055,629,expanded,brier,-0.002730931436302558,191
GSE25055,629,expanded,logloss,-0.015993253465317138,191
GSE25055,629,expanded_pam50,auc,0.02584313725490196,191
GSE25055,629,expanded_pam50,ap,0.04370269413932169,191
GSE25055,629,expanded_pam50,brier,-0.003935704982074345,191
GSE25055,629,expanded_pam50,logloss,-0.017569078168554374,191
GSE25055,630,expanded,auc,0.001072974644403224,188
GSE25055,630,expanded,ap,0.023053853776642624,188
GSE25055,630,expanded,brier,-0.000685421868338959,188
GSE25055,630,expanded,logloss,-0.001224056572745036,188
GSE25055,630,expanded_pam50,auc,-0.005516388373531245,188
GSE25055,630,expanded_pam50,ap,0.0018983047105475327,188
GSE25055,630,expanded_pam50,brier,0.002624728486565334,188
GSE25055,630,expanded_pam50,logloss,0.006722054585429715,188
GSE25055,631,expanded,auc,0.019043283373021448,200
GSE25055,631,expanded,ap,0.05483332311159167,200
GSE25055,631,expanded,brier,-0.005799493833556381,200
GSE25055,631,expanded,logloss,-0.018916464019155522,200
GSE25055,631,expanded_pam50,auc,0.014448802353270751,200
GSE25055,631,expanded_pam50,ap,0.0504861000156807,200
GSE25055,631,expanded_pam50,brier,-0.005046121668773362,200
GSE25055,631,expanded_pam50,logloss,-0.013814938189401304,200
GSE25055,632,expanded,auc,0.023741176470588245,191
GSE25055,632,expanded,ap,0.1331708790638164,191
GSE25055,632,expanded,brier,-0.00976538863354735,191
GSE25055,632,expanded,logloss,-0.022734425234249244,191
GSE25055,632,expanded_pam50,auc,0.02605490196078434,191
GSE25055,632,expanded_pam50,ap,0.1463328832813036,191
GSE25055,632,expanded_pam50,brier,-0.010452372737067044,191
GSE25055,632,expanded_pam50,logloss,-0.025960909026450894,191
GSE25055,633,expanded,auc,-0.009500728862973772,186
GSE25055,633,expanded,ap,-0.018679372791077526,186
GSE25055,633,expanded,brier,0.004736493905654839,186
GSE25055,633,expanded,logloss,0.013475947523779364,186
GSE25055,633,expanded_pam50,auc,-0.009081632653061245,186
GSE25055,633,expanded_pam50,ap,-0.02054933764815104,186
GSE25055,633,expanded_pam50,brier,0.004137573877662132,186
GSE25055,633,expanded_pam50,logloss,0.011408894647932061,186
GSE25055,634,expanded,auc,0.030517127799736497,204
GSE25055,634,expanded,ap,0.07879325106236917,204
GSE25055,634,expanded,brier,-0.0037866216122061118,204
GSE25055,634,expanded,logloss,-0.011330361622536417,204
GSE25055,634,expanded_pam50,auc,0.032493412384716744,204
GSE25055,634,expanded_pam50,ap,0.08661111963659447,204
GSE25055,634,expanded_pam50,brier,-0.005016754405724575,204
GSE25055,634,expanded_pam50,logloss,-0.01172067453400979,204
GSE25055,635,expanded,auc,0.028463370219918783,197
GSE25055,635,expanded,ap,0.11813602960526999,197
GSE25055,635,expanded,brier,-0.00830629323847861,197
GSE25055,635,expanded,logloss,-0.01763191605501155,197
GSE25055,635,expanded_pam50,auc,0.027003081664098604,197
GSE25055,635,expanded_pam50,ap,0.10106983436346546,197
GSE25055,635,expanded_pam50,brier,-0.007299288842066839,197
GSE25055,635,expanded_pam50,logloss,-0.01316131415897076,197
GSE25055,636,expanded,auc,0.0068143742670464195,191
GSE25055,636,expanded,ap,0.04704047368615039,191
GSE25055,636,expanded,brier,-0.0020922792767048516,191
GSE25055,636,expanded,logloss,0.00203081640946392,191
GSE25055,636,expanded_pam50,auc,0.00495057798626235,191
GSE25055,636,expanded_pam50,ap,0.03564170022734088,191
GSE25055,636,expanded_pam50,brier,-0.002153452658694874,191
GSE25055,636,expanded_pam50,logloss,0.002316560093558412,191
GSE25055,637,expanded,auc,0.012886958957837225,202
GSE25055,637,expanded,ap,0.05020827807200138,202
GSE25055,637,expanded,brier,-0.0032030292278107083,202
GSE25055,637,expanded,logloss,-0.011250670144743591,202
GSE25055,637,expanded_pam50,auc,0.013566325815940606,202
GSE25055,637,expanded_pam50,ap,0.058809931011650274,202
GSE25055,637,expanded_pam50,brier,-0.004271323252452564,202
GSE25055,637,expanded_pam50,logloss,-0.011069315627991632,202
GSE25055,638,expanded,auc,0.014505532503457841,189
GSE25055,638,expanded,ap,0.042276944750249554,189
GSE25055,638,expanded,brier,-0.003639615135930613,189
GSE25055,638,expanded,logloss,-0.00628508910004143,189
GSE25055,638,expanded_pam50,auc,0.005905947441217163,189
GSE25055,638,expanded_pam50,ap,0.025401676588817913,189
GSE25055,638,expanded_pam50,brier,-0.0013810463933917744,189
GSE25055,638,expanded_pam50,logloss,-0.001253840594986877,189
GSE25055,639,expanded,auc,0.044931653491436116,185
GSE25055,639,expanded,ap,0.12184361150625256,185
GSE25055,639,expanded,brier,-0.011187319088912661,185
GSE25055,639,expanded,logloss,-0.023193339825846426,185
GSE25055,639,expanded_pam50,auc,0.03512022397891964,185
GSE25055,639,expanded_pam50,ap,0.10893444032057528,185
GSE25055,639,expanded_pam50,brier,-0.009226780185160146,185
GSE25055,639,expanded_pam50,logloss,-0.01752835553182398,185
GSE25055,640,expanded,auc,-0.0033094948265368295,195
GSE25055,640,expanded,ap,0.03795882494218662,195
GSE25055,640,expanded,brier,-0.0008779435514584252,195
GSE25055,640,expanded,logloss,0.0050159673817838975,195
GSE25055,640,expanded_pam50,auc,-0.004325167376749861,195
GSE25055,640,expanded_pam50,ap,0.03530309151424681,195
GSE25055,640,expanded_pam50,brier,-0.0007076378246788556,195
GSE25055,640,expanded_pam50,logloss,0.007137688737253139,195
GSE25055,641,expanded,auc,0.07085376103095671,190
GSE25055,641,expanded,ap,0.08364800813204717,190
GSE25055,641,expanded,brier,-0.011821022086403826,190
GSE25055,641,expanded,logloss,-0.0394876032936394,190
GSE25055,641,expanded_pam50,auc,0.061360134472615215,190
GSE25055,641,expanded_pam50,ap,0.08424427666252446,190
GSE25055,641,expanded_pam50,brier,-0.011229189406348764,190
GSE25055,641,expanded_pam50,logloss,-0.03401680414092739,190
GSE25055,642,expanded,auc,0.026255020080321278,199
GSE25055,642,expanded,ap,0.06973593993119251,199
GSE25055,642,expanded,brier,-0.004536728350055727,199
GSE25055,642,expanded,logloss,-0.006133415485042953,199
GSE25055,642,expanded_pam50,auc,0.015156780970033978,199
GSE25055,642,expanded_pam50,ap,0.049865978439340625,199
GSE25055,642,expanded_pam50,brier,-0.002605284696328014,199
GSE25055,642,expanded_pam50,logloss,-0.00013978434842999986,199
GSE25055,643,expanded,auc,0.03583370820212926,194
GSE25055,643,expanded,ap,0.048569400790107534,194
GSE25055,643,expanded,brier,-0.004032772653304278,194
GSE25055,643,expanded,logloss,-0.010441112652294448,194
GSE25055,643,expanded_pam50,auc,0.02909731593942121,194
GSE25055,643,expanded_pam50,ap,0.038214665211336526,194
GSE25055,643,expanded_pam50,brier,-0.0016407061408375279,194
GSE25055,643,expanded_pam50,logloss,-0.003302191270602506,194
GSE25055,644,expanded,auc,0.03730665531431815,191
GSE25055,644,expanded,ap,0.11127256657002042,191
GSE25055,644,expanded,brier,-0.008160567665059243,191
GSE25055,644,expanded,logloss,-0.018692333476806676,191
GSE25055,644,expanded_pam50,auc,0.038058748403575995,191
GSE25055,644,expanded_pam50,ap,0.11168750223870386,191
GSE25055,644,expanded_pam50,brier,-0.008026497606924279,191
GSE25055,644,expanded_pam50,logloss,-0.017534338517620447,191
GSE25055,645,expanded,auc,0.05221518987341768,192
GSE25055,645,expanded,ap,0.10126269719988872,192
GSE25055,645,expanded,brier,-0.011539948759718126,192
GSE25055,645,expanded,logloss,-0.02729269153860933,192
GSE25055,645,expanded_pam50,auc,0.04066455696202533,192
GSE25055,645,expanded_pam50,ap,0.08076663928212476,192
GSE25055,645,expanded_pam50,brier,-0.008557317815860657,192
GSE25055,645,expanded_pam50,logloss,-0.01879084977559304,192
GSE25055,646,expanded,auc,0.05970066518847008,192
GSE25055,646,expanded,ap,0.0967178407416371,192
GSE25055,646,expanded,brier,-0.008940197652709208,192
GSE25055,646,expanded,logloss,-0.030437851538241252,192
GSE25055,646,expanded_pam50,auc,0.05722468588322246,192
GSE25055,646,expanded_pam50,ap,0.08558884656571464,192
GSE25055,646,expanded_pam50,brier,-0.007928238636069312,192
GSE25055,646,expanded_pam50,logloss,-0.028682487400718392,192
GSE25055,647,expanded,auc,0.020274584929757356,200
GSE25055,647,expanded,ap,0.07294034474639773,200
GSE25055,647,expanded,brier,-0.0034079693678713886,200
GSE25055,647,expanded,logloss,-0.010531603076146711,200
GSE25055,647,expanded_pam50,auc,0.006343124733929351,200
GSE25055,647,expanded_pam50,ap,0.0585574609767008,200
GSE25055,647,expanded_pam50,brier,-0.00045990380174666114,200
GSE25055,647,expanded_pam50,logloss,-0.0033983283786867768,200
GSE25055,648,expanded,auc,0.0253515625,190
GSE25055,648,expanded,ap,0.09544376555784316,190
GSE25055,648,expanded,brier,-0.0052870087852957505,190
GSE25055,648,expanded,logloss,-0.0066223217847264145,190
GSE25055,648,expanded_pam50,auc,0.015442708333333355,190
GSE25055,648,expanded_pam50,ap,0.07977434888954918,190
GSE25055,648,expanded_pam50,brier,-0.0032353469719676106,190
GSE25055,648,expanded_pam50,logloss,-0.00137391717300821,190
GSE25055,649,expanded,auc,0.0106037260120465,198
GSE25055,649,expanded,ap,0.017388096473458143,198
GSE25055,649,expanded,brier,-0.0022380877687298573,198
GSE25055,649,expanded,logloss,-0.004599606450539051,198
GSE25055,649,expanded_pam50,auc,0.0013867488443759623,198
GSE25055,649,expanded_pam50,ap,0.008818866130934938,198
GSE25055,649,expanded_pam50,brier,0.00010440663415789142,198
GSE25055,649,expanded_pam50,logloss,0.0018836261615508998,198
GSE25055,650,expanded,auc,0.04601586443122409,185
GSE25055,650,expanded,ap,0.057298149671067236,185
GSE25055,650,expanded,brier,-0.002415037282797004,185
GSE25055,650,expanded,logloss,-0.013773385154340716,185
GSE25055,650,expanded_pam50,auc,0.032963764196863185,185
GSE25055,650,expanded_pam50,ap,0.05270264388265702,185
GSE25055,650,expanded_pam50,brier,-0.0022696543417695765,185
GSE25055,650,expanded_pam50,logloss,-0.009812551859721009,185
GSE25055,651,expanded,auc,0.019948204909890722,195
GSE25055,651,expanded,ap,0.06745666435996772,195
GSE25055,651,expanded,brier,-0.0037723128211360757,195
GSE25055,651,expanded,logloss,-0.00635325609572468,195
GSE25055,651,expanded_pam50,auc,0.031736909323116215,195
GSE25055,651,expanded_pam50,ap,0.09098272788210868,195
GSE25055,651,expanded_pam50,brier,-0.006334068163629808,195
GSE25055,651,expanded_pam50,logloss,-0.010162438080747687,195
GSE25055,652,expanded,auc,0.015341005967604415,189
GSE25055,652,expanded,ap,0.03475380171115537,189
GSE25055,652,expanded,brier,-0.0017363443649777697,189
GSE25055,652,expanded,logloss,-0.006890177638309919,189
GSE25055,652,expanded_pam50,auc,0.013081841432225082,189
GSE25055,652,expanded_pam50,ap,0.04129158293418572,189
GSE25055,652,expanded_pam50,brier,-0.0019954451879485814,189
GSE25055,652,expanded_pam50,logloss,-0.005826992517367629,189
GSE25055,653,expanded,auc,0.04492199567500774,187
GSE25055,653,expanded,ap,0.09519323582676718,187
GSE25055,653,expanded,brier,-0.011243407661213449,187
GSE25055,653,expanded,logloss,-0.030071106980540063,187
GSE25055,653,expanded_pam50,auc,0.04673308619091752,187
GSE25055,653,expanded_pam50,ap,0.10520150350455745,187
GSE25055,653,expanded_pam50,brier,-0.01302783631243209,187
GSE25055,653,expanded_pam50,logloss,-0.032464227417532555,187
GSE25055,654,expanded,auc,0.008356413994169077,193
GSE25055,654,expanded,ap,0.06474698613763576,193
GSE25055,654,expanded,brier,-0.005484237698990762,193
GSE25055,654,expanded,logloss,-0.008072839105088209,193
GSE25055,654,expanded_pam50,auc,0.006137026239067067,193
GSE25055,654,expanded_pam50,ap,0.05170778794093558,193
GSE25055,654,expanded_pam50,brier,-0.0044092589846134065,193
GSE25055,654,expanded_pam50,logloss,-0.0043809064618629216,193
GSE25055,655,expanded,auc,0.04267184035476716,191
GSE25055,655,expanded,ap,0.06837677022680243,191
GSE25055,655,expanded,brier,-0.00803101239456667,191
GSE25055,655,expanded,logloss,-0.02401497634789327,191
GSE25055,655,expanded_pam50,auc,0.027228381374722853,191
GSE25055,655,expanded_pam50,ap,0.06238445050506554,191
GSE25055,655,expanded_pam50,brier,-0.006349826049860091,191
GSE25055,655,expanded_pam50,logloss,-0.014247842265641474,191
GSE25055,656,expanded,auc,0.036475409836065585,199
GSE25055,656,expanded,ap,0.09569548693661376,199
GSE25055,656,expanded,brier,-0.011566966182835512,199
GSE25055,656,expanded,logloss,-0.025824327458007813,199
GSE25055,656,expanded_pam50,auc,0.0315915300546448,199
GSE25055,656,expanded_pam50,ap,0.08723472153711317,199
GSE25055,656,expanded_pam50,brier,-0.008994095616713169,199
GSE25055,656,expanded_pam50,logloss,-0.019520672135119117,199
GSE25055,657,expanded,auc,0.021189345991561193,187
GSE25055,657,expanded,ap,0.09223882888490312,187
GSE25055,657,expanded,brier,-0.007327011708785408,187
GSE25055,657,expanded,logloss,-0.01105171606196444,187
GSE25055,657,expanded_pam50,auc,0.019106012658227832,187
GSE25055,657,expanded_pam50,ap,0.12128042811855322,187
GSE25055,657,expanded_pam50,brier,-0.00876417585772083,187
GSE25055,657,expanded_pam50,logloss,-0.012537747253170889,187
GSE25055,658,expanded,auc,0.028565002249212768,186
GSE25055,658,expanded,ap,0.039970203609056065,186
GSE25055,658,expanded,brier,-0.005172052152985457,186
GSE25055,658,expanded,logloss,-0.012678615737886622,186
GSE25055,658,expanded_pam50,auc,0.023751686909581647,186
GSE25055,658,expanded_pam50,ap,0.03149644328541188,186
GSE25055,658,expanded_pam50,brier,-0.004294675677241113,186
GSE25055,658,expanded_pam50,logloss,-0.009970164312859181,186
GSE25055,659,expanded,auc,0.00716307039264239,191
GSE25055,659,expanded,ap,0.04051803549405617,191
GSE25055,659,expanded,brier,-0.0005538637818754674,191
GSE25055,659,expanded,logloss,-0.002510011829353975,191
GSE25055,659,expanded_pam50,auc,0.003961796957905916,191
GSE25055,659,expanded_pam50,ap,0.04578513746549427,191
GSE25055,659,expanded_pam50,brier,-0.0015977291803844316,191
GSE25055,659,expanded_pam50,logloss,-0.0035422924902918486,191
GSE25055,660,expanded,auc,0.03662536443148686,194
GSE25055,660,expanded,ap,0.07661481768270728,194
GSE25055,660,expanded,brier,-0.008204152717722624,194
GSE25055,660,expanded,logloss,-0.020878814005584473,194
GSE25055,660,expanded_pam50,auc,0.04189504373177845,194
GSE25055,660,expanded_pam50,ap,0.08308849128166555,194
GSE25055,660,expanded_pam50,brier,-0.00927011712326228,194
GSE25055,660,expanded_pam50,logloss,-0.020028509374509222,194
GSE25055,661,expanded,auc,0.056554699279611306,202
GSE25055,661,expanded,ap,0.18319962187000255,202
GSE25055,661,expanded,brier,-0.01408063543866929,202
GSE25055,661,expanded,logloss,-0.04180040876617313,202
GSE25055,661,expanded_pam50,auc,0.061505277265873695,202
GSE25055,661,expanded_pam50,ap,0.18226076844379563,202
GSE25055,661,expanded_pam50,brier,-0.01549592423600015,202
GSE25055,661,expanded_pam50,logloss,-0.04506385334787645,202
GSE25055,662,expanded,auc,0.02721013390139987,193
GSE25055,662,expanded,ap,0.005899238540811855,193
GSE25055,662,expanded,brier,1.5598085781270977e-05,193
GSE25055,662,expanded,logloss,-0.0042867141803963225,193
GSE25055,662,expanded_pam50,auc,0.01650943396226414,193
GSE25055,662,expanded_pam50,ap,0.0016647323044932383,193
GSE25055,662,expanded_pam50,brier,0.0014287250113291712,193
GSE25055,662,expanded_pam50,logloss,0.000647133669226746,193
GSE25055,663,expanded,auc,0.024289358600583087,192
GSE25055,663,expanded,ap,0.055315443429580224,192
GSE25055,663,expanded,brier,-0.0022312806061417305,192
GSE25055,663,expanded,logloss,-0.009226073142423501,192
GSE25055,663,expanded_pam50,auc,0.018527696793002913,192
GSE25055,663,expanded_pam50,ap,0.04630313251705857,192
GSE25055,663,expanded_pam50,brier,-0.0019013673907270546,192
GSE25055,663,expanded_pam50,logloss,-0.007278784764820629,192
GSE25055,664,expanded,auc,0.03827259475218657,205
GSE25055,664,expanded,ap,0.08187804366683932,205
GSE25055,664,expanded,brier,-0.00584819437506025,205
GSE25055,664,expanded,logloss,-0.02075128400028292,205
GSE25055,664,expanded_pam50,auc,0.03884839650145774,205
GSE25055,664,expanded_pam50,ap,0.08335390111118783,205
GSE25055,664,expanded_pam50,brier,-0.005360822952995922,205
GSE25055,664,expanded_pam50,logloss,-0.017938208673297547,205
GSE25055,665,expanded,auc,0.03400064474532562,194
GSE25055,665,expanded,ap,0.06950756834173921,194
GSE25055,665,expanded,brier,-0.007979454202155492,194
GSE25055,665,expanded,logloss,-0.016057858015936795,194
GSE25055,665,expanded_pam50,auc,0.03903610573823342,194
GSE25055,665,expanded_pam50,ap,0.08615656912722955,194
GSE25055,665,expanded_pam50,brier,-0.010121345734152132,194
GSE25055,665,expanded_pam50,logloss,-0.02055624364812857,194
GSE25055,666,expanded,auc,0.010179178251467413,193
GSE25055,666,expanded,ap,0.06447300137862852,193
GSE25055,666,expanded,brier,-0.0031030353742878603,193
GSE25055,666,expanded,logloss,-0.0031706361925478987,193
GSE25055,666,expanded_pam50,auc,0.004545103490886637,193
GSE25055,666,expanded_pam50,ap,0.05734007377082442,193
GSE25055,666,expanded_pam50,brier,-0.0019094306838251627,193
GSE25055,666,expanded_pam50,logloss,0.0004407870804431613,193
GSE25055,667,expanded,auc,0.0520288248337029,190
GSE25055,667,expanded,ap,0.08455728155532927,190
GSE25055,667,expanded,brier,-0.007745965893490703,190
GSE25055,667,expanded,logloss,-0.028841160334151454,190
GSE25055,667,expanded_pam50,auc,0.031326681448632675,190
GSE25055,667,expanded_pam50,ap,0.06229652472971385,190
GSE25055,667,expanded_pam50,brier,-0.004839485566594831,190
GSE25055,667,expanded_pam50,logloss,-0.015237766375545298,190
GSE25055,668,expanded,auc,-0.003572037510656456,180
GSE25055,668,expanded,ap,0.01291118535600282,180
GSE25055,668,expanded,brier,0.0006568817039756411,180
GSE25055,668,expanded,logloss,0.0034355860815748263,180
GSE25055,668,expanded_pam50,auc,-0.004202898550724632,180
GSE25055,668,expanded_pam50,ap,-0.00028992045275940683,180
GSE25055,668,expanded_pam50,brier,0.0005407832958090414,180
GSE25055,668,expanded_pam50,logloss,0.00291075989033131,180
GSE25055,669,expanded,auc,0.02447124163116251,193
GSE25055,669,expanded,ap,0.10621459310822261,193
GSE25055,669,expanded,brier,-0.007749352036188534,193
GSE25055,669,expanded,logloss,-0.01342115913725021,193
GSE25055,669,expanded_pam50,auc,0.008304169202678013,193
GSE25055,669,expanded_pam50,ap,0.08619410473895393,193
GSE25055,669,expanded_pam50,brier,-0.00424926978233717,193
GSE25055,669,expanded_pam50,logloss,-0.0038002832433826016,193
GSE25055,670,expanded,auc,0.042524020694752404,192
GSE25055,670,expanded,ap,0.10985796700055524,192
GSE25055,670,expanded,brier,-0.00642328560188588,192
GSE25055,670,expanded,logloss,-0.03197163946222326,192
GSE25055,670,expanded_pam50,auc,0.039593495934959345,192
GSE25055,670,expanded_pam50,ap,0.11504439290219574,192
GSE25055,670,expanded_pam50,brier,-0.007656253943532129,192
GSE25055,670,expanded_pam50,logloss,-0.03160071105834507,192
GSE25055,671,expanded,auc,0.10816334072431637,194
GSE25055,671,expanded,ap,0.21846661304675313,194
GSE25055,671,expanded,brier,-0.026391441857054283,194
GSE25055,671,expanded,logloss,-0.06494945717501163,194
GSE25055,671,expanded_pam50,auc,0.10235033259423502,194
GSE25055,671,expanded_pam50,ap,0.2151981643214258,194
GSE25055,671,expanded_pam50,brier,-0.025671133083449114,194
GSE25055,671,expanded_pam50,logloss,-0.060148250207128426,194
GSE25055,672,expanded,auc,0.03260735248687056,183
GSE25055,672,expanded,ap,0.06324228848297078,183
GSE25055,672,expanded,brier,-0.010622680043037156,183
GSE25055,672,expanded,logloss,-0.026711014413056233,183
GSE25055,672,expanded_pam50,auc,0.024513438368860052,183
GSE25055,672,expanded_pam50,ap,0.07738633823346344,183
GSE25055,672,expanded_pam50,brier,-0.008824454376786818,183
GSE25055,672,expanded_pam50,logloss,-0.02215937729439223,183
GSE25055,673,expanded,auc,0.0038710722384191487,200
GSE25055,673,expanded,ap,0.0027235895265690035,200
GSE25055,673,expanded,brier,0.0005858647462214456,200
GSE25055,673,expanded,logloss,-0.0044015822707749175,200
GSE25055,673,expanded_pam50,auc,-0.0010932944606413919,200
GSE25055,673,expanded_pam50,ap,-0.0012679695248214995,200
GSE25055,673,expanded_pam50,brier,0.001282648875448246,200
GSE25055,673,expanded_pam50,logloss,-0.0007349688842340385,200
GSE25055,674,expanded,auc,0.020328898743532907,199
GSE25055,674,expanded,ap,0.09314521802296208,199
GSE25055,674,expanded,brier,-0.006378627570085227,199
GSE25055,674,expanded,logloss,-0.021180037565104913,199
GSE25055,674,expanded_pam50,auc,0.014892830746489283,199
GSE25055,674,expanded_pam50,ap,0.07867685004736616,199
GSE25055,674,expanded_pam50,brier,-0.004275462099163202,199
GSE25055,674,expanded_pam50,logloss,-0.013731660830078351,199
GSE25055,675,expanded,auc,0.019635102955596017,185
GSE25055,675,expanded,ap,0.07590473454936475,185
GSE25055,675,expanded,brier,-0.004576474213106732,185
GSE25055,675,expanded,logloss,-0.015393900797578842,185
GSE25055,675,expanded_pam50,auc,0.026295699677826002,185
GSE25055,675,expanded_pam50,ap,0.08971871287478697,185
GSE25055,675,expanded_pam50,brier,-0.006871652859051072,185
GSE25055,675,expanded_pam50,logloss,-0.015907663599158968,185
GSE25055,676,expanded,auc,0.04533887130801687,185
GSE25055,676,expanded,ap,0.06649363490386666,185
GSE25055,676,expanded,brier,-0.006675130825009254,185
GSE25055,676,expanded,logloss,-0.004211074802243309,185
GSE25055,676,expanded_pam50,auc,0.04722441983122364,185
GSE25055,676,expanded_pam50,ap,0.06630469714656001,185
GSE25055,676,expanded_pam50,brier,-0.007601777307990281,185
GSE25055,676,expanded_pam50,logloss,-0.007150761796839778,185
GSE25055,677,expanded,auc,0.007980392156862748,190
GSE25055,677,expanded,ap,0.054535683035482244,190
GSE25055,677,expanded,brier,-0.002744750258106167,190
GSE25055,677,expanded,logloss,-0.007397957754332762,190
GSE25055,677,expanded_pam50,auc,0.0010352941176470566,190
GSE25055,677,expanded_pam50,ap,0.03525376015011193,190
GSE25055,677,expanded_pam50,brier,-0.001051686982609143,190
GSE25055,677,expanded_pam50,logloss,0.0009643929011961371,190
GSE25055,678,expanded,auc,0.005834651898734189,184
GSE25055,678,expanded,ap,0.01926277739799212,184
GSE25055,678,expanded,brier,-0.0024904589225204555,184
GSE25055,678,expanded,logloss,-0.0010045603614056541,184
GSE25055,678,expanded_pam50,auc,0.0010218881856539851,184
GSE25055,678,expanded_pam50,ap,0.0043062100326305645,184
GSE25055,678,expanded_pam50,brier,-0.00040324761164034495,184
GSE25055,678,expanded_pam50,logloss,0.0036438388394744946,184
GSE25055,679,expanded,auc,0.03705148726157128,192
GSE25055,679,expanded,ap,0.0555345040417002,192
GSE25055,679,expanded,brier,-0.007017450047554596,192
GSE25055,679,expanded,logloss,-0.01709690379449626,192
GSE25055,679,expanded_pam50,auc,0.029628518073896225,192
GSE25055,679,expanded_pam50,ap,0.052586957909296905,192
GSE25055,679,expanded_pam50,brier,-0.006050922510684872,192
GSE25055,679,expanded_pam50,logloss,-0.014128336374412792,192
GSE25055,680,expanded,auc,0.010953065134099627,193
GSE25055,680,expanded,ap,0.016375232440688857,193
GSE25055,680,expanded,brier,0.0017225425565482553,193
GSE25055,680,expanded,logloss,0.004640819223980286,193
GSE25055,680,expanded_pam50,auc,0.01067049808429119,193
GSE25055,680,expanded_pam50,ap,0.014416080788144927,193
GSE25055,680,expanded_pam50,brier,0.0015550783639420042,193
GSE25055,680,expanded_pam50,logloss,0.0038427212498366005,193
GSE25055,681,expanded,auc,0.025790973159394215,184
GSE25055,681,expanded,ap,0.044775450070166846,184
GSE25055,681,expanded,brier,-0.0029467107804512227,184
GSE25055,681,expanded,logloss,-0.006371206248613115,184
GSE25055,681,expanded_pam50,auc,0.01579697106012894,184
GSE25055,681,expanded_pam50,ap,0.03616887950877874,184
GSE25055,681,expanded_pam50,brier,-0.0018865522579023047,184
GSE25055,681,expanded_pam50,logloss,-0.004612806463793156,184
GSE25055,682,expanded,auc,0.009443137254901956,198
GSE25055,682,expanded,ap,0.015277811925127838,198
GSE25055,682,expanded,brier,-0.0003262490288942044,198
GSE25055,682,expanded,logloss,-0.0028448005126846753,198
GSE25055,682,expanded_pam50,auc,0.003929411764705892,198
GSE25055,682,expanded_pam50,ap,0.010063438394688406,198
GSE25055,682,expanded_pam50,brier,0.0019539601744674425,198
GSE25055,682,expanded_pam50,logloss,0.003913417072202307,198
GSE25055,683,expanded,auc,-0.011349019607843147,197
GSE25055,683,expanded,ap,0.06492658849334496,197
GSE25055,683,expanded,brier,-0.0013205405935314246,197
GSE25055,683,expanded,logloss,0.00789980779302189,197
GSE25055,683,expanded_pam50,auc,-0.004172549019607852,197
GSE25055,683,expanded_pam50,ap,0.07420869604704913,197
GSE25055,683,expanded_pam50,brier,-0.0019416779913393315,197
GSE25055,683,expanded_pam50,logloss,0.006762743154552481,197
GSE25055,684,expanded,auc,0.07711567013092185,180
GSE25055,684,expanded,ap,0.12263675130855818,180
GSE25055,684,expanded,brier,-0.013422294438953267,180
GSE25055,684,expanded,logloss,-0.041730967697657405,180
GSE25055,684,expanded_pam50,auc,0.07738561209339992,180
GSE25055,684,expanded_pam50,ap,0.12061325627504804,180
GSE25055,684,expanded_pam50,brier,-0.013816606893932281,180
GSE25055,684,expanded_pam50,logloss,-0.037319752126756076,180
GSE25055,685,expanded,auc,0.07831260140616549,193
GSE25055,685,expanded,ap,0.11372591093515683,193
GSE25055,685,expanded,brier,-0.011591810298578552,193
GSE25055,685,expanded,logloss,-0.03975484389407795,193
GSE25055,685,expanded_pam50,auc,0.06337659996394449,193
GSE25055,685,expanded_pam50,ap,0.09312041847831216,193
GSE25055,685,expanded_pam50,brier,-0.009340928265454523,193
GSE25055,685,expanded_pam50,logloss,-0.029398505277828346,193
GSE25055,686,expanded,auc,0.005448846205148727,191
GSE25055,686,expanded,ap,0.041615917155830344,191
GSE25055,686,expanded,brier,-0.003212309922501974,191
GSE25055,686,expanded,logloss,-0.004336392482451473,191
GSE25055,686,expanded_pam50,auc,0.003734827264239038,191
GSE25055,686,expanded_pam50,ap,0.03219773950811392,191
GSE25055,686,expanded_pam50,brier,-0.0009225876568730223,191
GSE25055,686,expanded_pam50,logloss,0.001023328490454617,191
GSE25055,687,expanded,auc,0.006282899176677026,191
GSE25055,687,expanded,ap,0.024864755392564396,191
GSE25055,687,expanded,brier,-0.0018664388399392052,191
GSE25055,687,expanded,logloss,-0.0026855271523513412,191
GSE25055,687,expanded_pam50,auc,0.004022135240923219,191
GSE25055,687,expanded_pam50,ap,0.020913326648461496,191
GSE25055,687,expanded_pam50,brier,-0.0006229427689809303,191
GSE25055,687,expanded_pam50,logloss,0.0024187888897662215,191
GSE25055,688,expanded,auc,0.012593360995850632,199
GSE25055,688,expanded,ap,0.046761970398628075,199
GSE25055,688,expanded,brier,-0.002351336681538957,199
GSE25055,688,expanded,logloss,-0.010386655362135922,199
GSE25055,688,expanded_pam50,auc,0.0072475795297372025,199
GSE25055,688,expanded_pam50,ap,0.02815377282861626,199
GSE25055,688,expanded_pam50,brier,-0.0005474487348710727,199
GSE25055,688,expanded_pam50,logloss,-0.0048011459483352555,199
GSE25055,689,expanded,auc,0.0011566888396156716,188
GSE25055,689,expanded,ap,-0.0035878385808779554,188
GSE25055,689,expanded,brier,0.0013695176415427905,188
GSE25055,689,expanded,logloss,0.004503861122843661,188
GSE25055,689,expanded_pam50,auc,-0.00040650406504061376,188
GSE25055,689,expanded_pam50,ap,-0.004429138612248096,188
GSE25055,689,expanded_pam50,brier,0.0018599943785218883,188
GSE25055,689,expanded_pam50,logloss,0.006173482238677597,188
GSE25055,690,expanded,auc,0.06483730694257012,180
GSE25055,690,expanded,ap,0.08842664477543549,180
GSE25055,690,expanded,brier,-0.010667568760545781,180
GSE25055,690,expanded,logloss,-0.05256143793874659,180
GSE25055,690,expanded_pam50,auc,0.06524216524216526,180
GSE25055,690,expanded_pam50,ap,0.087948644001686,180
GSE25055,690,expanded_pam50,brier,-0.010936531768865224,180
GSE25055,690,expanded_pam50,logloss,-0.04874219645386061,180
GSE25055,691,expanded,auc,0.010691562932226817,186
GSE25055,691,expanded,ap,0.019236002176856344,186
GSE25055,691,expanded,brier,-0.0011572249021467502,186
GSE25055,691,expanded,logloss,-0.0009396561930897051,186
GSE25055,691,expanded_pam50,auc,-0.0017219917012448183,186
GSE25055,691,expanded_pam50,ap,0.0011059074800417457,186
GSE25055,691,expanded_pam50,brier,0.0022418336759394545,186
GSE25055,691,expanded_pam50,logloss,0.007283320596481857,186
GSE25055,692,expanded,auc,0.033850652271704904,189
GSE25055,692,expanded,ap,0.07728928363857002,189
GSE25055,692,expanded,brier,-0.0044498948891115945,189
GSE25055,692,expanded,logloss,-0.013791859615554963,189
GSE25055,692,expanded_pam50,auc,0.03609236767131503,189
GSE25055,692,expanded_pam50,ap,0.07650975214890579,189
GSE25055,692,expanded_pam50,brier,-0.0040281310665427365,189
GSE25055,692,expanded_pam50,logloss,-0.011621164187482663,189
GSE25055,693,expanded,auc,0.05182462197880698,186
GSE25055,693,expanded,ap,0.11725322778390283,186
GSE25055,693,expanded,brier,-0.015962204103992038,186
GSE25055,693,expanded,logloss,-0.041813678098262134,186
GSE25055,693,expanded_pam50,auc,0.05623288486724609,186
GSE25055,693,expanded_pam50,ap,0.12417995251356373,186
GSE25055,693,expanded_pam50,brier,-0.016091958750405835,186
GSE25055,693,expanded_pam50,logloss,-0.03726988797969696,186
GSE25055,694,expanded,auc,0.020068201193520863,201
GSE25055,694,expanded,ap,0.024615390786727382,201
GSE25055,694,expanded,brier,-0.00030988090296108634,201
GSE25055,694,expanded,logloss,-0.00808142527881182,201
GSE25055,694,expanded_pam50,auc,0.007723785166240416,201
GSE25055,694,expanded_pam50,ap,0.00861911742574104,201
GSE25055,694,expanded_pam50,brier,0.0008606372382541069,201
GSE25055,694,expanded_pam50,logloss,-0.001959146357866359,201
GSE25055,695,expanded,auc,0.01765824710894707,194
GSE25055,695,expanded,ap,0.07625496143613406,194
GSE25055,695,expanded,brier,-0.0026099020488057484,194
GSE25055,695,expanded,logloss,-0.002717051903459783,194
GSE25055,695,expanded_pam50,auc,0.00797321972002435,194
GSE25055,695,expanded_pam50,ap,0.055657074174051226,194
GSE25055,695,expanded_pam50,brier,-0.00028800852093381483,194
GSE25055,695,expanded_pam50,logloss,0.0019679313633177487,194
GSE25055,696,expanded,auc,0.030959050286781354,182
GSE25055,696,expanded,ap,0.08632112011974562,182
GSE25055,696,expanded,brier,-0.010150237195035577,182
GSE25055,696,expanded,logloss,-0.03612323990529643,182
GSE25055,696,expanded_pam50,auc,0.020668267306922773,182
GSE25055,696,expanded_pam50,ap,0.06629113944394013,182
GSE25055,696,expanded_pam50,brier,-0.00542608569299248,182
GSE25055,696,expanded_pam50,logloss,-0.023106530948265917,182
GSE25055,697,expanded,auc,0.017579451722464834,178
GSE25055,697,expanded,ap,0.06005053529328867,178
GSE25055,697,expanded,brier,-0.0034575374883605682,178
GSE25055,697,expanded,logloss,-0.008480670942246527,178
GSE25055,697,expanded_pam50,auc,0.014898714216399812,178
GSE25055,697,expanded_pam50,ap,0.053531654789154094,178
GSE25055,697,expanded_pam50,brier,-0.0026499546069472663,178
GSE25055,697,expanded_pam50,logloss,-0.004226909350585245,178
GSE25055,698,expanded,auc,0.023424213794034275,190
GSE25055,698,expanded,ap,0.05015519270240152,190
GSE25055,698,expanded,brier,-0.003588391794330928,190
GSE25055,698,expanded,logloss,-0.004146628239056477,190
GSE25055,698,expanded_pam50,auc,0.019155756512349843,190
GSE25055,698,expanded_pam50,ap,0.04413344395232999,190
GSE25055,698,expanded_pam50,brier,-0.0027455406925522728,190
GSE25055,698,expanded_pam50,logloss,-0.0010750059142704438,190
GSE25055,699,expanded,auc,0.017723854122321546,188
GSE25055,699,expanded,ap,0.030670138711297378,188
GSE25055,699,expanded,brier,0.0006184817788793817,188
GSE25055,699,expanded,logloss,0.0066444900589280875,188
GSE25055,699,expanded_pam50,auc,0.01520505179509014,188
GSE25055,699,expanded_pam50,ap,0.034097943855626076,188
GSE25055,699,expanded_pam50,brier,9.776974320288567e-05,188
GSE25055,699,expanded_pam50,logloss,0.0052617431913407845,188
GSE25055,700,expanded,auc,0.041410529519172234,196
GSE25055,700,expanded,ap,0.08587806707425498,196
GSE25055,700,expanded,brier,-0.010473094564903543,196
GSE25055,700,expanded,logloss,-0.034628048998701935,196
GSE25055,700,expanded_pam50,auc,0.02986914181375533,196
GSE25055,700,expanded_pam50,ap,0.06905688462246776,196
GSE25055,700,expanded_pam50,brier,-0.007856876143313008,196
GSE25055,700,expanded_pam50,logloss,-0.024522745234156245,196
GSE25055,701,expanded,auc,0.023090994371482165,199
GSE25055,701,expanded,ap,0.0447379707347623,199
GSE25055,701,expanded,brier,-0.0009855883793904647,199
GSE25055,701,expanded,logloss,-0.00568944585927385,199
GSE25055,701,expanded_pam50,auc,0.01822701688555346,199
GSE25055,701,expanded_pam50,ap,0.04444023627699927,199
GSE25055,701,expanded_pam50,brier,-0.000696750657038167,199
GSE25055,701,expanded_pam50,logloss,-0.0029757176668880224,199
GSE25055,702,expanded,auc,0.009280303030303038,195
GSE25055,702,expanded,ap,0.01781621760115485,195
GSE25055,702,expanded,brier,-0.0008157770740200715,195
GSE25055,702,expanded,logloss,-0.006371855924995678,195
GSE25055,702,expanded_pam50,auc,0.0024209486166008043,195
GSE25055,702,expanded_pam50,ap,0.007806279440339866,195
GSE25055,702,expanded_pam50,brier,0.0003161262038879481,195
GSE25055,702,expanded_pam50,logloss,-0.0018314787264145592,195
GSE25055,703,expanded,auc,0.007317732468334859,187
GSE25055,703,expanded,ap,0.02124149417986244,187
GSE25055,703,expanded,brier,-0.0010551519493166351,187
GSE25055,703,expanded,logloss,0.0007161943318340136,187
GSE25055,703,expanded_pam50,auc,0.0040469570590052515,187
GSE25055,703,expanded_pam50,ap,0.016395282656863998,187
GSE25055,703,expanded_pam50,brier,0.00047590255853783013,187
GSE25055,703,expanded_pam50,logloss,0.004314664275566588,187
GSE25055,704,expanded,auc,0.017173536081099117,194
GSE25055,704,expanded,ap,0.03883741948171622,194
GSE25055,704,expanded,brier,-0.004665804190087624,194
GSE25055,704,expanded,logloss,-0.0050722796832627145,194
GSE25055,704,expanded_pam50,auc,0.007649726557289571,194
GSE25055,704,expanded_pam50,ap,0.03358134474170624,194
GSE25055,704,expanded_pam50,brier,-0.0030374748542064734,194
GSE25055,704,expanded_pam50,logloss,-0.0011810414981684668,194
GSE25055,705,expanded,auc,0.0009071824861298539,191
GSE25055,705,expanded,ap,0.0057481701689072575,191
GSE25055,705,expanded,brier,0.0006588706045236286,191
GSE25055,705,expanded,logloss,0.0036009931486510826,191
GSE25055,705,expanded_pam50,auc,-0.004138551506972565,191
GSE25055,705,expanded_pam50,ap,-0.0040433879450908206,191
GSE25055,705,expanded_pam50,brier,0.0016405725137842997,191
GSE25055,705,expanded_pam50,logloss,0.00612040895172834,191
GSE25055,706,expanded,auc,0.038199939135727355,187
GSE25055,706,expanded,ap,0.05376979708258659,187
GSE25055,706,expanded,brier,-0.004833929676802495,187
GSE25055,706,expanded,logloss,-0.017383617838434146,187
GSE25055,706,expanded_pam50,auc,0.0357425441265977,187
GSE25055,706,expanded_pam50,ap,0.052751141208345356,187
GSE25055,706,expanded_pam50,brier,-0.00527456477172214,187
GSE25055,706,expanded_pam50,logloss,-0.017685362623464623,187
GSE25055,707,expanded,auc,0.018237250554323726,191
GSE25055,707,expanded,ap,0.05038112941739899,191
GSE25055,707,expanded,brier,-0.004825516047140865,191
GSE25055,707,expanded,logloss,-0.012448109006562425,191
GSE25055,707,expanded_pam50,auc,0.013906134515890612,191
GSE25055,707,expanded_pam50,ap,0.04581449420272663,191
GSE25055,707,expanded_pam50,brier,-0.0038184835608825103,191
GSE25055,707,expanded_pam50,logloss,-0.007170864464200238,191
GSE25055,708,expanded,auc,0.00274538386783284,189
GSE25055,708,expanded,ap,0.0446722445138529,189
GSE25055,708,expanded,brier,-0.0017596109389181505,189
GSE25055,708,expanded,logloss,0.0033808295868166527,189
GSE25055,708,expanded_pam50,auc,0.0010204081632653073,189
GSE25055,708,expanded_pam50,ap,0.05034541243728161,189
GSE25055,708,expanded_pam50,brier,-0.001898676632198111,189
GSE25055,708,expanded_pam50,logloss,0.003546609867751216,189
GSE25055,709,expanded,auc,0.03646162974683542,197
GSE25055,709,expanded,ap,0.09357246795352359,197
GSE25055,709,expanded,brier,-0.008441647386275392,197
GSE25055,709,expanded,logloss,-0.01750305254929078,197
GSE25055,709,expanded_pam50,auc,0.024320938818565396,197
GSE25055,709,expanded_pam50,ap,0.07126086949260654,197
GSE25055,709,expanded_pam50,brier,-0.00537957470519998,197
GSE25055,709,expanded_pam50,logloss,-0.012131146263527338,197
GSE25055,710,expanded,auc,0.0014540816326530591,190
GSE25055,710,expanded,ap,0.012622567766452103,190
GSE25055,710,expanded,brier,0.0008009199049729937,190
GSE25055,710,expanded,logloss,0.004516022726220525,190
GSE25055,710,expanded_pam50,auc,-0.0018075801749271258,190
GSE25055,710,expanded_pam50,ap,0.012618065823676684,190
GSE25055,710,expanded_pam50,brier,0.0006778922050463459,190
GSE25055,710,expanded_pam50,logloss,0.006753771751615456,190
GSE25055,711,expanded,auc,0.03164109121909633,199
GSE25055,711,expanded,ap,0.032979109689540216,199
GSE25055,711,expanded,brier,-0.0032154298825309833,199
GSE25055,711,expanded,logloss,-0.015994627977217103,199
GSE25055,711,expanded_pam50,auc,0.026155157715260023,199
GSE25055,711,expanded_pam50,ap,0.03679870356699523,199
GSE25055,711,expanded_pam50,brier,-0.004290942139152059,199
GSE25055,711,expanded_pam50,logloss,-0.016579346649470018,199
GSE25055,712,expanded,auc,0.07616528354080224,189
GSE25055,712,expanded,ap,0.08897610495610023,189
GSE25055,712,expanded,brier,-0.010986416045610894,189
GSE25055,712,expanded,logloss,-0.04220606066256515,189
GSE25055,712,expanded_pam50,auc,0.041141078838174285,189
GSE25055,712,expanded_pam50,ap,0.057708926773502145,189
GSE25055,712,expanded_pam50,brier,-0.004408133121713648,189
GSE25055,712,expanded_pam50,logloss,-0.02233987814598058,189
GSE25055,713,expanded,auc,0.04146992130185408,194
GSE25055,713,expanded,ap,0.07597977429030289,194
GSE25055,713,expanded,brier,-0.00415450339275526,194
GSE25055,713,expanded,logloss,-0.009327297424316561,194
GSE25055,713,expanded_pam50,auc,0.034717220221421895,194
GSE25055,713,expanded_pam50,ap,0.07461540158595303,194
GSE25055,713,expanded_pam50,brier,-0.004083005945112688,194
GSE25055,713,expanded_pam50,logloss,-0.007151635068580869,194
GSE25055,714,expanded,auc,0.04109428519920679,195
GSE25055,714,expanded,ap,0.12962516054396733,195
GSE25055,714,expanded,brier,-0.009798124797278297,195
GSE25055,714,expanded,logloss,-0.017822540689502307,195
GSE25055,714,expanded_pam50,auc,0.03961600865332611,195
GSE25055,714,expanded_pam50,ap,0.12073763222859983,195
GSE25055,714,expanded_pam50,brier,-0.010039113373212043,195
GSE25055,714,expanded_pam50,logloss,-0.014909156996818263,195
GSE25055,715,expanded,auc,0.0373126488303684,201
GSE25055,715,expanded,ap,0.06869688475752511,201
GSE25055,715,expanded,brier,-0.007211469580371927,201
GSE25055,715,expanded,logloss,-0.024686198387798237,201
GSE25055,715,expanded_pam50,auc,0.0305224821403558,201
GSE25055,715,expanded_pam50,ap,0.05346111384367833,201
GSE25055,715,expanded_pam50,brier,-0.00508185687566374,201
GSE25055,715,expanded_pam50,logloss,-0.018697981449606722,201
GSE25055,716,expanded,auc,0.007772549019607844,188
GSE25055,716,expanded,ap,0.04784625090369068,188
GSE25055,716,expanded,brier,-0.0037180398217620757,188
GSE25055,716,expanded,logloss,-0.00870281445596242,188
GSE25055,716,expanded_pam50,auc,0.0034980392156862663,188
GSE25055,716,expanded_pam50,ap,0.04612056590001175,188
GSE25055,716,expanded_pam50,brier,-0.003828890180041772,188
GSE25055,716,expanded_pam50,logloss,-0.00458968001077178,188
GSE25055,717,expanded,auc,0.02357031360862777,210
GSE25055,717,expanded,ap,0.09417460904453775,210
GSE25055,717,expanded,brier,-0.006999140099791502,210
GSE25055,717,expanded,logloss,-0.012468357273458608,210
GSE25055,717,expanded_pam50,auc,0.020675464736767412,210
GSE25055,717,expanded_pam50,ap,0.1062137365996855,210
GSE25055,717,expanded_pam50,brier,-0.0070197356261508265,210
GSE25055,717,expanded_pam50,logloss,-0.011364183782692865,210
GSE25055,718,expanded,auc,0.04620790855730615,183
GSE25055,718,expanded,ap,0.0657952285570345,183
GSE25055,718,expanded,brier,-0.0054997600092478865,183
GSE25055,718,expanded,logloss,-0.01967339209057123,183
GSE25055,718,expanded_pam50,auc,0.04272474513438368,183
GSE25055,718,expanded_pam50,ap,0.06351185419390859,183
GSE25055,718,expanded_pam50,brier,-0.006689999192278665,183
GSE25055,718,expanded_pam50,logloss,-0.020646126937155264,183
GSE25055,719,expanded,auc,0.019715849156118136,190
GSE25055,719,expanded,ap,0.1007918784671857,190
GSE25055,719,expanded,brier,-0.007479251653892164,190
GSE25055,719,expanded,logloss,-0.013376164933914358,190
GSE25055,719,expanded_pam50,auc,0.02070477320675105,190
GSE25055,719,expanded_pam50,ap,0.11956433786347817,190
GSE25055,719,expanded_pam50,brier,-0.008197977924384387,190
GSE25055,719,expanded_pam50,logloss,-0.013574811025725475,190
GSE25055,720,expanded,auc,0.031590558901806974,176
GSE25055,720,expanded,ap,0.04323362957975409,176
GSE25055,720,expanded,brier,-0.0034684517076465663,176
GSE25055,720,expanded,logloss,-0.015176077511886849,176
GSE25055,720,expanded_pam50,auc,0.015243731615072142,176
GSE25055,720,expanded_pam50,ap,0.02417448454526163,176
GSE25055,720,expanded_pam50,brier,0.0008229531821428854,176
GSE25055,720,expanded_pam50,logloss,-0.00317546222620792,176
GSE25055,721,expanded,auc,-0.006049562682215737,185
GSE25055,721,expanded,ap,0.029957717048863287,185
GSE25055,721,expanded,brier,-0.0010224716409615504,185
GSE25055,721,expanded,logloss,0.0034759404264320557,185
GSE25055,721,expanded_pam50,auc,-0.010561224489795929,185
GSE25055,721,expanded_pam50,ap,0.028018675527403714,185
GSE25055,721,expanded_pam50,brier,-5.828164450228934e-05,185
GSE25055,721,expanded_pam50,logloss,0.006642562602908469,185
GSE25055,722,expanded,auc,-0.0017654680919986898,189
GSE25055,722,expanded,ap,0.0255846582821731,189
GSE25055,722,expanded,brier,0.001638211372826799,189
GSE25055,722,expanded,logloss,0.0037983282584893585,189
GSE25055,722,expanded_pam50,auc,-0.0033406219630709444,189
GSE25055,722,expanded_pam50,ap,0.025759489110169852,189
GSE25055,722,expanded_pam50,brier,0.0015059575697507252,189
GSE25055,722,expanded_pam50,logloss,0.005415986158833014,189
GSE25055,723,expanded,auc,0.051034737620103444,188
GSE25055,723,expanded,ap,0.06002072478488446,188
GSE25055,723,expanded,brier,-0.006128909249672234,188
GSE25055,723,expanded,logloss,-0.020906590884254884,188
GSE25055,723,expanded_pam50,auc,0.043318551367331856,188
GSE25055,723,expanded_pam50,ap,0.058873633593866895,188
GSE25055,723,expanded_pam50,brier,-0.004843334646767667,188
GSE25055,723,expanded_pam50,logloss,-0.015082566907356394,188
GSE25055,724,expanded,auc,0.032385488163608346,195
GSE25055,724,expanded,ap,0.06553384410271679,195
GSE25055,724,expanded,brier,-0.003599248798755156,195
GSE25055,724,expanded,logloss,-0.009954182428173797,195
GSE25055,724,expanded_pam50,auc,0.01979969183359014,195
GSE25055,724,expanded_pam50,ap,0.036434840232537256,195
GSE25055,724,expanded_pam50,brier,-0.0014318847382739502,195
GSE25055,724,expanded_pam50,logloss,-0.004719969749155295,195
GSE25055,725,expanded,auc,0.04382227632379795,194
GSE25055,725,expanded,ap,0.1081948398368816,194
GSE25055,725,expanded,brier,-0.008762682921165488,194
GSE25055,725,expanded,logloss,-0.014889224471117601,194
GSE25055,725,expanded_pam50,auc,0.02864805234327448,194
GSE25055,725,expanded_pam50,ap,0.0689698846494691,194
GSE25055,725,expanded_pam50,brier,-0.005241979043427223,194
GSE25055,725,expanded_pam50,logloss,-0.008522820101496732,194
GSE25055,726,expanded,auc,0.019859843546284207,182
GSE25055,726,expanded,ap,0.051989349267052544,182
GSE25055,726,expanded,brier,-0.002279462079511155,182
GSE25055,726,expanded,logloss,-0.0037832373460771895,182
GSE25055,726,expanded_pam50,auc,0.013419165580182546,182
GSE25055,726,expanded_pam50,ap,0.034222958388625144,182
GSE25055,726,expanded_pam50,brier,-0.0010143826469565965,182
GSE25055,726,expanded_pam50,logloss,-0.00035113635521806795,182
GSE25055,727,expanded,auc,0.019905633602951632,183
GSE25055,727,expanded,ap,0.08053782038773531,183
GSE25055,727,expanded,brier,-0.0036320576368182754,183
GSE25055,727,expanded,logloss,-0.011255753838132487,183
GSE25055,727,expanded_pam50,auc,0.021065701717042716,183
GSE25055,727,expanded_pam50,ap,0.06774922803556521,183
GSE25055,727,expanded_pam50,brier,-0.003956518945193013,183
GSE25055,727,expanded_pam50,logloss,-0.010420755068186505,183
GSE25055,728,expanded,auc,0.020296582849774335,189
GSE25055,728,expanded,ap,0.03212396018316144,189
GSE25055,728,expanded,brier,-0.002048425021540498,189
GSE25055,728,expanded,logloss,-0.0207965445925279,189
GSE25055,728,expanded_pam50,auc,0.008130238555770464,189
GSE25055,728,expanded_pam50,ap,0.024178933462192374,189
GSE25055,728,expanded_pam50,brier,-0.0014625596400172718,189
GSE25055,728,expanded_pam50,logloss,-0.01407084442941372,189
GSE25055,729,expanded,auc,0.029290836653386478,192
GSE25055,729,expanded,ap,0.013338942151819782,192
GSE25055,729,expanded,brier,-0.001308801251660549,192
GSE25055,729,expanded,logloss,-0.01224477399766442,192
GSE25055,729,expanded_pam50,auc,0.02231872509960159,192
GSE25055,729,expanded_pam50,ap,0.0004344701338688972,192
GSE25055,729,expanded_pam50,brier,0.0005919865409087302,192
GSE25055,729,expanded_pam50,logloss,-0.006769195154774149,192
GSE25055,730,expanded,auc,0.029765558397271963,191
GSE25055,730,expanded,ap,0.13087502580865767,191
GSE25055,730,expanded,brier,-0.007547810474124084,191
GSE25055,730,expanded,logloss,-0.01877647970560371,191
GSE25055,730,expanded_pam50,auc,0.02892583120204604,191
GSE25055,730,expanded_pam50,ap,0.11249703183216445,191
GSE25055,730,expanded_pam50,brier,-0.008495752802243683,191
GSE25055,730,expanded_pam50,logloss,-0.018639743543721454,191
GSE25055,731,expanded,auc,0.007271699011787125,178
GSE25055,731,expanded,ap,0.013583850483975157,178
GSE25055,731,expanded,brier,0.0034288102208683445,178
GSE25055,731,expanded,logloss,0.012800226730653308,178
GSE25055,731,expanded_pam50,auc,0.003958804619597567,178
GSE25055,731,expanded_pam50,ap,0.0185509283753115,178
GSE25055,731,expanded_pam50,brier,0.0029484618373984,178
GSE25055,731,expanded_pam50,logloss,0.009366679892944702,178
GSE25055,732,expanded,auc,0.030235427504335066,194
GSE25055,732,expanded,ap,0.05761193250419705,194
GSE25055,732,expanded,brier,-0.005270269731616636,194
GSE25055,732,expanded,logloss,-0.014899607361412659,194
GSE25055,732,expanded_pam50,auc,0.03139589169000932,194
GSE25055,732,expanded_pam50,ap,0.06493477884006292,194
GSE25055,732,expanded_pam50,brier,-0.006239088367728271,194
GSE25055,732,expanded_pam50,logloss,-0.01550333784594885,194
GSE25055,733,expanded,auc,0.011805555555555569,179
GSE25055,733,expanded,ap,0.020983703065826788,179
GSE25055,733,expanded,brier,0.0006881857077209342,179
GSE25055,733,expanded,logloss,0.00012732474334996026,179
GSE25055,733,expanded_pam50,auc,0.013227969348658997,179
GSE25055,733,expanded_pam50,ap,0.02855700053347813,179
GSE25055,733,expanded_pam50,brier,-0.0001282952964870021,179
GSE25055,733,expanded_pam50,logloss,-0.0004820458509579795,179
GSE25055,734,expanded,auc,0.01037225826382454,195
GSE25055,734,expanded,ap,0.036507255978789184,195
GSE25055,734,expanded,brier,-0.0014421461184619983,195
GSE25055,734,expanded,logloss,-0.002083349577629995,195
GSE25055,734,expanded_pam50,auc,0.0119632375656472,195
GSE25055,734,expanded_pam50,ap,0.05925981111105623,195
GSE25055,734,expanded_pam50,brier,-0.0032148096172785966,195
GSE25055,734,expanded_pam50,logloss,-0.0037264587247073655,195
GSE25055,735,expanded,auc,0.0181203433754454,194
GSE25055,735,expanded,ap,0.07814596556575557,194
GSE25055,735,expanded,brier,-0.004759786771464868,194
GSE25055,735,expanded,logloss,-0.009961210345727339,194
GSE25055,735,expanded_pam50,auc,0.009867994816974413,194
GSE25055,735,expanded_pam50,ap,0.05375404472637031,194
GSE25055,735,expanded_pam50,brier,-0.0019254413337598739,194
GSE25055,735,expanded_pam50,logloss,-0.0013101817723904286,194
GSE25055,736,expanded,auc,0.013457019171304907,184
GSE25055,736,expanded,ap,0.04332504529399111,184
GSE25055,736,expanded,brier,-0.0038539621740953265,184
GSE25055,736,expanded,logloss,-0.008700976500934899,184
GSE25055,736,expanded_pam50,auc,0.0032034632034632195,184
GSE25055,736,expanded_pam50,ap,0.029666654368253102,184
GSE25055,736,expanded_pam50,brier,0.0007115481457487721,184
GSE25055,736,expanded_pam50,logloss,0.001584211692801213,184
GSE25055,737,expanded,auc,0.021031042128603107,194
GSE25055,737,expanded,ap,0.0878275101852776,194
GSE25055,737,expanded,brier,-0.00717835512540761,194
GSE25055,737,expanded,logloss,-0.011541899849911214,194
GSE25055,737,expanded_pam50,auc,0.02011086474501106,194
GSE25055,737,expanded_pam50,ap,0.08401355618471758,194
GSE25055,737,expanded_pam50,brier,-0.00691409848554656,194
GSE25055,737,expanded_pam50,logloss,-0.009355483002886845,194
GSE25055,738,expanded,auc,0.02200588317691554,189
GSE25055,738,expanded,ap,0.09948455850163371,189
GSE25055,738,expanded,brier,-0.010399682370203441,189
GSE25055,738,expanded,logloss,-0.02268248214141582,189
GSE25055,738,expanded_pam50,auc,0.017670542092730078,189
GSE25055,738,expanded_pam50,ap,0.10294866126061482,189
GSE25055,738,expanded_pam50,brier,-0.008368544015584133,189
GSE25055,738,expanded_pam50,logloss,-0.017427041130714138,189
GSE25055,739,expanded,auc,0.01907798833819242,194
GSE25055,739,expanded,ap,0.024085166425740843,194
GSE25055,739,expanded,brier,-0.0021809903199839402,194
GSE25055,739,expanded,logloss,-0.009614556710443539,194
GSE25055,739,expanded_pam50,auc,0.017077259475218688,194
GSE25055,739,expanded_pam50,ap,0.023456355435430492,194
GSE25055,739,expanded_pam50,brier,-0.0022779995769695556,194
GSE25055,739,expanded_pam50,logloss,-0.007916248745106297,194
GSE25055,740,expanded,auc,0.029629504656498863,195
GSE25055,740,expanded,ap,0.05313507315592485,195
GSE25055,740,expanded,brier,-0.005246646318860976,195
GSE25055,740,expanded,logloss,-0.016699294771311914,195
GSE25055,740,expanded_pam50,auc,0.017873532190579033,195
GSE25055,740,expanded_pam50,ap,0.03828720458888122,195
GSE25055,740,expanded_pam50,brier,-0.0031725096860323655,195
GSE25055,740,expanded_pam50,logloss,-0.007661291751738031,195
GSE25055,741,expanded,auc,0.05467058823529412,193
GSE25055,741,expanded,ap,0.14667042691389381,193
GSE25055,741,expanded,brier,-0.01317526247031709,193
GSE25055,741,expanded,logloss,-0.03872589122046364,193
GSE25055,741,expanded_pam50,auc,0.04835294117647058,193
GSE25055,741,expanded_pam50,ap,0.13889357293766652,193
GSE25055,741,expanded_pam50,brier,-0.011691533419741624,193
GSE25055,741,expanded_pam50,logloss,-0.03293112021686094,193
GSE25055,742,expanded,auc,0.04814854759850444,189
GSE25055,742,expanded,ap,0.12075610217698918,189
GSE25055,742,expanded,brier,-0.013053502004244285,189
GSE25055,742,expanded,logloss,-0.02787672275978969,189
GSE25055,742,expanded_pam50,auc,0.04956140350877194,189
GSE25055,742,expanded_pam50,ap,0.12202944113013214,189
GSE25055,742,expanded_pam50,brier,-0.013397384893972953,189
GSE25055,742,expanded_pam50,logloss,-0.026415006086641456,189
GSE25055,743,expanded,auc,0.007173265219242231,183
GSE25055,743,expanded,ap,0.026113842506939593,183
GSE25055,743,expanded,brier,-0.00022446485406653615,183
GSE25055,743,expanded,logloss,0.001207121651719867,183
GSE25055,743,expanded_pam50,auc,0.0019831133815808146,183
GSE25055,743,expanded_pam50,ap,0.013451953359095242,183
GSE25055,743,expanded_pam50,brier,0.0021851514300961607,183
GSE25055,743,expanded_pam50,logloss,0.006281221609381276,183
GSE25055,744,expanded,auc,0.010882226056945643,187
GSE25055,744,expanded,ap,0.0646288332570646,187
GSE25055,744,expanded,brier,-0.008450154122911661,187
GSE25055,744,expanded,logloss,-0.009835552687373567,187
GSE25055,744,expanded_pam50,auc,0.01885245901639344,187
GSE25055,744,expanded_pam50,ap,0.09186651469003357,187
GSE25055,744,expanded_pam50,brier,-0.011061345280616393,187
GSE25055,744,expanded_pam50,logloss,-0.015163411679924854,187
GSE25055,745,expanded,auc,0.02883490778227623,192
GSE25055,745,expanded,ap,0.07053604220026766,192
GSE25055,745,expanded,brier,-0.005898598512327452,192
GSE25055,745,expanded,logloss,-0.01394860145994083,192
GSE25055,745,expanded_pam50,auc,0.019125805967911212,192
GSE25055,745,expanded_pam50,ap,0.052519657879328975,192
GSE25055,745,expanded_pam50,brier,-0.0028726327414051304,192
GSE25055,745,expanded_pam50,logloss,-0.007305527635006093,192
GSE25055,746,expanded,auc,0.05070214338507019,189
GSE25055,746,expanded,ap,0.1031554258042078,189
GSE25055,746,expanded,brier,-0.013476208255664663,189
GSE25055,746,expanded,logloss,-0.031247602507875248,189
GSE25055,746,expanded_pam50,auc,0.04771618625277161,189
GSE25055,746,expanded_pam50,ap,0.08690576167135458,189
GSE25055,746,expanded_pam50,brier,-0.012271350678362093,189
GSE25055,746,expanded_pam50,logloss,-0.027386773546871763,189
GSE25055,747,expanded,auc,0.026858600583090364,189
GSE25055,747,expanded,ap,0.04993037900325132,189
GSE25055,747,expanded,brier,-0.005048927346928333,189
GSE25055,747,expanded,logloss,-0.005007058922791313,189
GSE25055,747,expanded_pam50,auc,0.013972303206997072,189
GSE25055,747,expanded_pam50,ap,0.02579125616501978,189
GSE25055,747,expanded_pam50,brier,-0.0002167511852463444,189
GSE25055,747,expanded_pam50,logloss,0.002706983449006067,189
GSE25055,748,expanded,auc,0.05561411259782882,192
GSE25055,748,expanded,ap,0.0695763721833937,192
GSE25055,748,expanded,brier,-0.010455347642887297,192
GSE25055,748,expanded,logloss,-0.028262802384205764,192
GSE25055,748,expanded_pam50,auc,0.04545569300681647,192
GSE25055,748,expanded_pam50,ap,0.061908301600592755,192
GSE25055,748,expanded_pam50,brier,-0.00805705592904613,192
GSE25055,748,expanded_pam50,logloss,-0.02177121267335854,192
GSE25055,749,expanded,auc,0.06388176542043461,182
GSE25055,749,expanded,ap,0.2199859170951651,182
GSE25055,749,expanded,brier,-0.016420480375866055,182
GSE25055,749,expanded,logloss,-0.04008118520539341,182
GSE25055,749,expanded_pam50,auc,0.05986637872857333,182
GSE25055,749,expanded_pam50,ap,0.208137233661665,182
GSE25055,749,expanded_pam50,brier,-0.01697067636114513,182
GSE25055,749,expanded_pam50,logloss,-0.03683999495351888,182
GSE25055,750,expanded,auc,0.004856770833333324,194
GSE25055,750,expanded,ap,0.07950874841014417,194
GSE25055,750,expanded,brier,-0.0044783363999921135,194
GSE25055,750,expanded,logloss,-0.0033236112320678413,194
GSE25055,750,expanded_pam50,auc,0.012356770833333319,194
GSE25055,750,expanded_pam50,ap,0.11623659160154683,194
GSE25055,750,expanded_pam50,brier,-0.00733336868966253,194
GSE25055,750,expanded_pam50,logloss,-0.007250270632160949,194
GSE25055,751,expanded,auc,0.032878431372549,196
GSE25055,751,expanded,ap,0.0461873948939946,196
GSE25055,751,expanded,brier,-0.0046519594915932164,196
GSE25055,751,expanded,logloss,-0.015623081887751567,196
GSE25055,751,expanded_pam50,auc,0.012580392156862774,196
GSE25055,751,expanded_pam50,ap,0.022206228020339253,196
GSE25055,751,expanded_pam50,brier,-0.0007723643902581262,196
GSE25055,751,expanded_pam50,logloss,-0.0027929058290853182,196
GSE25055,752,expanded,auc,0.04250341530054643,195
GSE25055,752,expanded,ap,0.11513737502537306,195
GSE25055,752,expanded,brier,-0.007621439210058911,195
GSE25055,752,expanded,logloss,-0.015800185796159733,195
GSE25055,752,expanded_pam50,auc,0.04130806010928963,195
GSE25055,752,expanded_pam50,ap,0.09766944281072645,195
GSE25055,752,expanded_pam50,brier,-0.006049958644027598,195
GSE25055,752,expanded_pam50,logloss,-0.012331107783527511,195
GSE25055,753,expanded,auc,0.08034038380725592,190
GSE25055,753,expanded,ap,0.11943990075428594,190
GSE25055,753,expanded,brier,-0.015416310856441958,190
GSE25055,753,expanded,logloss,-0.04722231589979923,190
GSE25055,753,expanded_pam50,auc,0.05917495447541675,190
GSE25055,753,expanded_pam50,ap,0.08811555812990672,190
GSE25055,753,expanded_pam50,brier,-0.010999642338755842,190
GSE25055,753,expanded_pam50,logloss,-0.03338731279625162,190
GSE25055,754,expanded,auc,0.07692483262325016,181
GSE25055,754,expanded,ap,0.0994854674029599,181
GSE25055,754,expanded,brier,-0.010484117689847416,181
GSE25055,754,expanded,logloss,-0.03942121886282197,181
GSE25055,754,expanded_pam50,auc,0.08150486914181375,181
GSE25055,754,expanded_pam50,ap,0.09302284779189002,181
GSE25055,754,expanded_pam50,brier,-0.011079519008080347,181
GSE25055,754,expanded_pam50,logloss,-0.04024612336331247,181
GSE25055,755,expanded,auc,0.06087342131403434,195
GSE25055,755,expanded,ap,0.11314830299031634,195
GSE25055,755,expanded,brier,-0.011097336268663587,195
GSE25055,755,expanded,logloss,-0.03990138349779994,195
GSE25055,755,expanded_pam50,auc,0.05326734780757768,195
GSE25055,755,expanded_pam50,ap,0.09887699384557219,195
GSE25055,755,expanded_pam50,brier,-0.009057528346322785,195
GSE25055,755,expanded_pam50,logloss,-0.034334760145509256,195
GSE25055,756,expanded,auc,0.02724745134383688,194
GSE25055,756,expanded,ap,0.06120281713559557,194
GSE25055,756,expanded,brier,-0.005640482499964679,194
GSE25055,756,expanded,logloss,-0.02068812670051235,194
GSE25055,756,expanded_pam50,auc,0.030522088353413634,194
GSE25055,756,expanded_pam50,ap,0.06222253129579756,194
GSE25055,756,expanded_pam50,brier,-0.006631972412873358,194
GSE25055,756,expanded_pam50,logloss,-0.02405002417625373,194
GSE25055,757,expanded,auc,0.02231049562682218,189
GSE25055,757,expanded,ap,0.03637986026081463,189
GSE25055,757,expanded,brier,-0.0004157380685290618,189
GSE25055,757,expanded,logloss,-0.000558903568746033,189
GSE25055,757,expanded_pam50,auc,0.02029154518950438,189
GSE25055,757,expanded_pam50,ap,0.034132077287505384,189
GSE25055,757,expanded_pam50,brier,-0.0007199459538221847,189
GSE25055,757,expanded_pam50,logloss,3.1560102246125374e-05,189
GSE25055,758,expanded,auc,0.02198721850273889,192
GSE25055,758,expanded,ap,0.0543964605366896,192
GSE25055,758,expanded,brier,-0.0019438816113233558,192
GSE25055,758,expanded,logloss,-0.0021703130354672417,192
GSE25055,758,expanded_pam50,auc,0.03283627510651247,192
GSE25055,758,expanded_pam50,ap,0.07772101785905497,192
GSE25055,758,expanded_pam50,brier,-0.0046705442805970495,192
GSE25055,758,expanded_pam50,logloss,-0.006607202310606098,192
GSE25055,759,expanded,auc,0.08596091889620394,199
GSE25055,759,expanded,ap,0.220744014613574,199
GSE25055,759,expanded,brier,-0.024285989703469308,199
GSE25055,759,expanded,logloss,-0.05514607507763101,199
GSE25055,759,expanded_pam50,auc,0.10297660736797871,199
GSE25055,759,expanded_pam50,ap,0.23987164406347375,199
GSE25055,759,expanded_pam50,brier,-0.02879683960610534,199
GSE25055,759,expanded_pam50,logloss,-0.06627351284804692,199
GSE25055,760,expanded,auc,0.07308159722222224,198
GSE25055,760,expanded,ap,0.15914617369100853,198
GSE25055,760,expanded,brier,-0.013640049445879024,198
GSE25055,760,expanded,logloss,-0.04135109724491429,198
GSE25055,760,expanded_pam50,auc,0.046419270833333345,198
GSE25055,760,expanded_pam50,ap,0.11846170829276477,198
GSE25055,760,expanded_pam50,brier,-0.0086039953630571,198
GSE25055,760,expanded_pam50,logloss,-0.025393283084958373,198
GSE25055,761,expanded,auc,0.035556305293147406,186
GSE25055,761,expanded,ap,0.12504581629997272,186
GSE25055,761,expanded,brier,-0.013959013583296936,186
GSE25055,761,expanded,logloss,-0.0256133839462319,186
GSE25055,761,expanded_pam50,auc,0.03172139751087116,186
GSE25055,761,expanded_pam50,ap,0.11503980362758207,186
GSE25055,761,expanded_pam50,brier,-0.01071214862395658,186
GSE25055,761,expanded_pam50,logloss,-0.01912878131944166,186
GSE25055,762,expanded,auc,0.02022706209453199,188
GSE25055,762,expanded,ap,0.02447589903871215,188
GSE25055,762,expanded,brier,-0.002474136099775448,188
GSE25055,762,expanded,logloss,-0.014143779450310878,188
GSE25055,762,expanded_pam50,auc,0.016813407476058105,188
GSE25055,762,expanded_pam50,ap,0.02480673127025721,188
GSE25055,762,expanded_pam50,brier,-0.002158187106801948,188
GSE25055,762,expanded_pam50,logloss,-0.009213808234156112,188
GSE25055,763,expanded,auc,0.04579529737206085,180
GSE25055,763,expanded,ap,0.08633956761081518,180
GSE25055,763,expanded,brier,-0.007420715553231383,180
GSE25055,763,expanded,logloss,-0.025705225915465674,180
GSE25055,763,expanded_pam50,auc,0.03356154910096816,180
GSE25055,763,expanded_pam50,ap,0.06999012172816707,180
GSE25055,763,expanded_pam50,brier,-0.00513123458949877,180
GSE25055,763,expanded_pam50,logloss,-0.015858998348295787,180
GSE25055,764,expanded,auc,0.004235822959889357,195
GSE25055,764,expanded,ap,-0.004000153219058167,195
GSE25055,764,expanded,brier,0.0023756830660167485,195
GSE25055,764,expanded,logloss,0.004201655204289062,195
GSE25055,764,expanded_pam50,auc,-0.004128630705394198,195
GSE25055,764,expanded_pam50,ap,-0.004361296601613085,195
GSE25055,764,expanded_pam50,brier,0.002631452951895261,195
GSE25055,764,expanded_pam50,logloss,0.006586492737344296,195
GSE25055,765,expanded,auc,0.04515995587424156,193
GSE25055,765,expanded,ap,0.07901770628302374,193
GSE25055,765,expanded,brier,-0.006161132525409739,193
GSE25055,765,expanded,logloss,-0.01789318397106346,193
GSE25055,765,expanded_pam50,auc,0.029941165655451362,193
GSE25055,765,expanded_pam50,ap,0.06503744384974727,193
GSE25055,765,expanded_pam50,brier,-0.004721470987923676,193
GSE25055,765,expanded_pam50,logloss,-0.010950619328027022,193
GSE25055,766,expanded,auc,0.029560784313725517,192
GSE25055,766,expanded,ap,0.07970248630801981,192
GSE25055,766,expanded,brier,-0.008069350084871443,192
GSE25055,766,expanded,logloss,-0.016045389332452677,192
GSE25055,766,expanded_pam50,auc,0.028180392156862764,192
GSE25055,766,expanded_pam50,ap,0.0957704596854955,192
GSE25055,766,expanded_pam50,brier,-0.009241930800762927,192
GSE25055,766,expanded_pam50,logloss,-0.015979786855423124,192
GSE25055,767,expanded,auc,0.04950957676861291,193
GSE25055,767,expanded,ap,0.0954199800721643,193
GSE25055,767,expanded,brier,-0.007554205586394516,193
GSE25055,767,expanded,logloss,-0.023178300701729448,193
GSE25055,767,expanded_pam50,auc,0.04479456286685202,193
GSE25055,767,expanded_pam50,ap,0.08837043045605213,193
GSE25055,767,expanded_pam50,brier,-0.007455895149406998,193
GSE25055,767,expanded_pam50,logloss,-0.020654025215371304,193
GSE25055,768,expanded,auc,0.015940239043824724,194
GSE25055,768,expanded,ap,0.01350453223884877,194
GSE25055,768,expanded,brier,2.5427357713569966e-05,194
GSE25055,768,expanded,logloss,-0.005888857005004494,194
GSE25055,768,expanded_pam50,auc,0.007067729083665342,194
GSE25055,768,expanded_pam50,ap,0.0016357929798915926,194
GSE25055,768,expanded_pam50,brier,0.0012837634840014711,194
GSE25055,768,expanded_pam50,logloss,0.00026350078603623595,194
GSE25055,769,expanded,auc,0.020490039840637443,187
GSE25055,769,expanded,ap,0.07412086338328298,187
GSE25055,769,expanded,brier,-0.006477796760998411,187
GSE25055,769,expanded,logloss,-0.016944575801139984,187
GSE25055,769,expanded_pam50,auc,0.01657370517928287,187
GSE25055,769,expanded_pam50,ap,0.0630514103186827,187
GSE25055,769,expanded_pam50,brier,-0.005297353695335594,187
GSE25055,769,expanded_pam50,logloss,-0.010310080222490864,187
GSE25055,770,expanded,auc,0.03224066390041495,177
GSE25055,770,expanded,ap,0.03895569747488706,177
GSE25055,770,expanded,brier,-0.0016255603892551568,177
GSE25055,770,expanded,logloss,-0.012519567627731942,177
GSE25055,770,expanded_pam50,auc,0.030864453665283544,177
GSE25055,770,expanded_pam50,ap,0.04335250796253239,177
GSE25055,770,expanded_pam50,brier,-0.002127565648853233,177
GSE25055,770,expanded_pam50,logloss,-0.011147217924445008,177
GSE25055,771,expanded,auc,0.06414820675105484,190
GSE25055,771,expanded,ap,0.12317965154990143,190
GSE25055,771,expanded,brier,-0.012567000723933023,190
GSE25055,771,expanded,logloss,-0.03403683008113236,190
GSE25055,771,expanded_pam50,auc,0.059803533755274266,190
GSE25055,771,expanded_pam50,ap,0.11178661854313579,190
GSE25055,771,expanded_pam50,brier,-0.010169457715644026,190
GSE25055,771,expanded_pam50,logloss,-0.030184515504513926,190
GSE25055,772,expanded,auc,0.04875332679647008,195
GSE25055,772,expanded,ap,0.10894398403721764,195
GSE25055,772,expanded,brier,-0.007786596011487165,195
GSE25055,772,expanded,logloss,-0.015214837673370073,195
GSE25055,772,expanded_pam50,auc,0.03835271046365037,195
GSE25055,772,expanded_pam50,ap,0.0968255884799722,195
GSE25055,772,expanded_pam50,brier,-0.005758105854794843,195
GSE25055,772,expanded_pam50,logloss,-0.0104814779081854,195
GSE25055,773,expanded,auc,-0.002239467849223964,178
GSE25055,773,expanded,ap,-0.0005881527798368341,178
GSE25055,773,expanded,brier,0.002349871150387317,178
GSE25055,773,expanded,logloss,0.006468021060943946,178
GSE25055,773,expanded_pam50,auc,-0.008632668144863243,178
GSE25055,773,expanded_pam50,ap,-0.005653289035175241,178
GSE25055,773,expanded_pam50,brier,0.002844317174081237,178
GSE25055,773,expanded_pam50,logloss,0.009822722267151357,178
GSE25055,774,expanded,auc,0.0509362549800797,192
GSE25055,774,expanded,ap,0.16281042798029616,192
GSE25055,774,expanded,brier,-0.01294256729078903,192
GSE25055,774,expanded,logloss,-0.022132277919573146,192
GSE25055,774,expanded_pam50,auc,0.03813147410358566,192
GSE25055,774,expanded_pam50,ap,0.14523690106693152,192
GSE25055,774,expanded_pam50,brier,-0.013125286035584199,192
GSE25055,774,expanded_pam50,logloss,-0.02199809200961055,192
GSE25055,775,expanded,auc,0.05768545513443475,185
GSE25055,775,expanded,ap,0.11782897042652223,185
GSE25055,775,expanded,brier,-0.008579703332410864,185
GSE25055,775,expanded,logloss,-0.03783183297502636,185
GSE25055,775,expanded_pam50,auc,0.042606090055069656,185
GSE25055,775,expanded_pam50,ap,0.10674943351255288,185
GSE25055,775,expanded_pam50,brier,-0.006695398999289638,185
GSE25055,775,expanded_pam50,logloss,-0.028279029381271737,185
GSE25055,776,expanded,auc,-0.007823602100710559,189
GSE25055,776,expanded,ap,-0.012111164136526752,189
GSE25055,776,expanded,brier,0.0035849502427214076,189
GSE25055,776,expanded,logloss,0.008307648883333773,189
GSE25055,776,expanded_pam50,auc,-0.009206054989187506,189
GSE25055,776,expanded_pam50,ap,-0.009593404872800106,189
GSE25055,776,expanded_pam50,brier,0.003487313530856284,189
GSE25055,776,expanded_pam50,logloss,0.00841047283931548,189
GSE25055,777,expanded,auc,0.018949617633828176,195
GSE25055,777,expanded,ap,0.0012991535397732345,195
GSE25055,777,expanded,brier,-9.045118616471393e-05,195
GSE25055,777,expanded,logloss,-0.005969064075916242,195
GSE25055,777,expanded_pam50,auc,0.020475333633228378,195
GSE25055,777,expanded_pam50,ap,0.0031791690008158265,195
GSE25055,777,expanded_pam50,brier,-9.360441915767236e-05,195
GSE25055,777,expanded_pam50,logloss,-0.004198891767998952,195
GSE25055,778,expanded,auc,0.06807753164556962,192
GSE25055,778,expanded,ap,0.14727965328335516,192
GSE25055,778,expanded,brier,-0.011753901876736101,192
GSE25055,778,expanded,logloss,-0.03073779698105114,192
GSE25055,778,expanded_pam50,auc,0.06912579113924053,192
GSE25055,778,expanded_pam50,ap,0.11985052424153256,192
GSE25055,778,expanded_pam50,brier,-0.011713634649799982,192
GSE25055,778,expanded_pam50,logloss,-0.031369859779922384,192
GSE25055,779,expanded,auc,0.0703004622496148,191
GSE25055,779,expanded,ap,0.1209721848636448,191
GSE25055,779,expanded,brier,-0.0093837101832392,191
GSE25055,779,expanded,logloss,-0.021367700456903928,191
GSE25055,779,expanded_pam50,auc,0.06105196806275391,191
GSE25055,779,expanded_pam50,ap,0.10981660656378892,191
GSE25055,779,expanded_pam50,brier,-0.007530666116266233,191
GSE25055,779,expanded_pam50,logloss,-0.015178628718487491,191
GSE25055,780,expanded,auc,0.02048104956268223,195
GSE25055,780,expanded,ap,0.05996181351172551,195
GSE25055,780,expanded,brier,-0.0036611366641808945,195
GSE25055,780,expanded,logloss,-0.007259222066009851,195
GSE25055,780,expanded_pam50,auc,0.020123906705539353,195
GSE25055,780,expanded_pam50,ap,0.06467589090074959,195
GSE25055,780,expanded_pam50,brier,-0.00344844977068737,195
GSE25055,780,expanded_pam50,logloss,-0.005475431276442311,195
GSE25055,781,expanded,auc,0.034799147900182605,190
GSE25055,781,expanded,ap,0.06691793424070666,190
GSE25055,781,expanded,brier,-0.003032613503487766,190
GSE25055,781,expanded,logloss,-0.00563830342904868,190
GSE25055,781,expanded_pam50,auc,0.029945222154595254,190
GSE25055,781,expanded_pam50,ap,0.06265184280302827,190
GSE25055,781,expanded_pam50,brier,-0.0029153307820492746,190
GSE25055,781,expanded_pam50,logloss,-0.002534357239956114,190
GSE25055,782,expanded,auc,0.03163048105576845,190
GSE25055,782,expanded,ap,0.11749821824338325,190
GSE25055,782,expanded,brier,-0.009768803273093065,190
GSE25055,782,expanded,logloss,-0.022835476895182883,190
GSE25055,782,expanded_pam50,auc,0.02274726834113807,190
GSE25055,782,expanded_pam50,ap,0.09114946943805417,190
GSE25055,782,expanded_pam50,brier,-0.006382181788353354,190
GSE25055,782,expanded_pam50,logloss,-0.014584556771920287,190
GSE25055,783,expanded,auc,0.03014683505782103,195
GSE25055,783,expanded,ap,0.07446414110695074,195
GSE25055,783,expanded,brier,-0.008004863860293018,195
GSE25055,783,expanded,logloss,-0.01939191196140342,195
GSE25055,783,expanded_pam50,auc,0.020575928180158253,195
GSE25055,783,expanded_pam50,ap,0.08298086142688832,195
GSE25055,783,expanded_pam50,brier,-0.006518020747437808,195
GSE25055,783,expanded_pam50,logloss,-0.013396654318308204,195
GSE25055,784,expanded,auc,0.06413668165917039,187
GSE25055,784,expanded,ap,0.11921777550286006,187
GSE25055,784,expanded,brier,-0.007080664369862805,187
GSE25055,784,expanded,logloss,-0.019106578939488063,187
GSE25055,784,expanded_pam50,auc,0.05047476261869066,187
GSE25055,784,expanded_pam50,ap,0.11953271482557244,187
GSE25055,784,expanded_pam50,brier,-0.006239875036397826,187
GSE25055,784,expanded_pam50,logloss,-0.015121345807763536,187
GSE25055,785,expanded,auc,0.030462157172995795,179
GSE25055,785,expanded,ap,0.051711855142249366,179
GSE25055,785,expanded,brier,-0.0037684834774492524,179
GSE25055,785,expanded,logloss,-0.022031880752737303,179
GSE25055,785,expanded_pam50,auc,0.02076410864978904,179
GSE25055,785,expanded_pam50,ap,0.04500319709615692,179
GSE25055,785,expanded_pam50,brier,-0.00273407520078012,179
GSE25055,785,expanded_pam50,logloss,-0.014413285752402628,179
GSE25055,786,expanded,auc,-0.0063710273466371144,187
GSE25055,786,expanded,ap,0.01772924231354142,187
GSE25055,786,expanded,brier,-0.00048748584107575766,187
GSE25055,786,expanded,logloss,0.005959538228937383,187
GSE25055,786,expanded_pam50,auc,-0.008078344419807848,187
GSE25055,786,expanded_pam50,ap,0.01130465029808061,187
GSE25055,786,expanded_pam50,brier,0.0014991999600863226,187
GSE25055,786,expanded_pam50,logloss,0.012260094181173558,187
GSE25055,787,expanded,auc,0.014504170528266924,199
GSE25055,787,expanded,ap,0.05718103722550314,199
GSE25055,787,expanded,brier,-0.004694299751287471,199
GSE25055,787,expanded,logloss,-0.004012633762454604,199
GSE25055,787,expanded_pam50,auc,0.0022860673463083294,199
GSE25055,787,expanded_pam50,ap,0.03693347639078319,199
GSE25055,787,expanded_pam50,brier,-0.0024259784869506236,199
GSE25055,787,expanded_pam50,logloss,0.002182326012997865,199
GSE25055,788,expanded,auc,0.016593780369290555,201
GSE25055,788,expanded,ap,0.07176246654089788,201
GSE25055,788,expanded,brier,-0.0036736140232751834,201
GSE25055,788,expanded,logloss,-0.006267066538551319,201
GSE25055,788,expanded_pam50,auc,0.010600907029478468,201
GSE25055,788,expanded_pam50,ap,0.050451128483954374,201
GSE25055,788,expanded_pam50,brier,-0.0029431172532095413,201
GSE25055,788,expanded_pam50,logloss,-0.002890926861743226,201
GSE25055,789,expanded,auc,0.05538433111603845,186
GSE25055,789,expanded,ap,0.1398251728677614,186
GSE25055,789,expanded,brier,-0.009514408087836128,186
GSE25055,789,expanded,logloss,-0.020089592824766307,186
GSE25055,789,expanded_pam50,auc,0.055384331116038424,186
GSE25055,789,expanded_pam50,ap,0.14677312926706682,186
GSE25055,789,expanded_pam50,brier,-0.012067660514290863,186
GSE25055,789,expanded_pam50,logloss,-0.024292192363096383,186
GSE25055,790,expanded,auc,0.018198159332758125,192
GSE25055,790,expanded,ap,0.03671783188091175,192
GSE25055,790,expanded,brier,-0.0007564632093679691,192
GSE25055,790,expanded,logloss,-0.005996534373666479,192
GSE25055,790,expanded_pam50,auc,0.007434570031636456,192
GSE25055,790,expanded_pam50,ap,0.022277228093463764,192
GSE25055,790,expanded_pam50,brier,0.0016623090201131757,192
GSE25055,790,expanded_pam50,logloss,0.001136619596203442,192
GSE25055,791,expanded,auc,0.01780477408354647,189
GSE25055,791,expanded,ap,0.018549576504081008,189
GSE25055,791,expanded,brier,0.0011099418242869474,189
GSE25055,791,expanded,logloss,0.0015479439675578966,189
GSE25055,791,expanded_pam50,auc,0.006589940323955656,189
GSE25055,791,expanded_pam50,ap,0.0032969632439303455,189
GSE25055,791,expanded_pam50,brier,0.002846352265833982,189
GSE25055,791,expanded_pam50,logloss,0.0073908371552589116,189
GSE25055,792,expanded,auc,0.056279819471308855,199
GSE25055,792,expanded,ap,0.15406577946302008,199
GSE25055,792,expanded,brier,-0.018947443521953614,199
GSE25055,792,expanded,logloss,-0.04155093971762617,199
GSE25055,792,expanded_pam50,auc,0.05438426821405545,199
GSE25055,792,expanded_pam50,ap,0.1504458818349101,199
GSE25055,792,expanded_pam50,brier,-0.019206054519405,199
GSE25055,792,expanded_pam50,logloss,-0.04039879702869041,199
GSE25055,793,expanded,auc,0.028164467149141482,188
GSE25055,793,expanded,ap,0.023634354445199825,188
GSE25055,793,expanded,brier,-0.0032187600750874373,188
GSE25055,793,expanded,logloss,-0.016784503282775344,188
GSE25055,793,expanded_pam50,auc,0.027827444302540083,188
GSE25055,793,expanded_pam50,ap,0.024615617311597067,188
GSE25055,793,expanded_pam50,brier,-0.0031118858614194167,188
GSE25055,793,expanded_pam50,logloss,-0.014955057546000577,188
GSE25055,794,expanded,auc,0.03770879526977089,185
GSE25055,794,expanded,ap,0.10094750873080523,185
GSE25055,794,expanded,brier,-0.009799399617058575,185
GSE25055,794,expanded,logloss,-0.025113110586605553,185
GSE25055,794,expanded_pam50,auc,0.03419068736141906,185
GSE25055,794,expanded_pam50,ap,0.09889668869377195,185
GSE25055,794,expanded_pam50,brier,-0.009392405327863531,185
GSE25055,794,expanded_pam50,logloss,-0.02090220989213314,185
GSE25055,795,expanded,auc,0.039678094209744906,192
GSE25055,795,expanded,ap,0.12847633474467088,192
GSE25055,795,expanded,brier,-0.01337249899990699,192
GSE25055,795,expanded,logloss,-0.03030911001964315,192
GSE25055,795,expanded_pam50,auc,0.041027804022135225,192
GSE25055,795,expanded_pam50,ap,0.1304378389242187,192
GSE25055,795,expanded_pam50,brier,-0.01311914594610476,192
GSE25055,795,expanded_pam50,logloss,-0.027713254032733538,192
GSE25055,796,expanded,auc,0.04995797730774616,191
GSE25055,796,expanded,ap,0.1438153219862783,191
GSE25055,796,expanded,brier,-0.016262203736485615,191
GSE25055,796,expanded,logloss,-0.041996341341343724,191
GSE25055,796,expanded_pam50,auc,0.04400476257178877,191
GSE25055,796,expanded_pam50,ap,0.13179234212634885,191
GSE25055,796,expanded_pam50,brier,-0.013373397961665914,191
GSE25055,796,expanded_pam50,logloss,-0.032550529508501555,191
GSE25055,797,expanded,auc,0.050537315400843885,190
GSE25055,797,expanded,ap,0.1286109219000112,190
GSE25055,797,expanded,brier,-0.014921529984701329,190
GSE25055,797,expanded,logloss,-0.042480092397290156,190
GSE25055,797,expanded_pam50,auc,0.05681368670886079,190
GSE25055,797,expanded_pam50,ap,0.1335506184140145,190
GSE25055,797,expanded_pam50,brier,-0.016510907381408996,190
GSE25055,797,expanded_pam50,logloss,-0.048201621377028915,190
GSE25055,798,expanded,auc,0.00820815450643777,204
GSE25055,798,expanded,ap,0.03289495913711643,204
GSE25055,798,expanded,brier,-0.002403531751420734,204
GSE25055,798,expanded,logloss,-0.005867580745406065,204
GSE25055,798,expanded_pam50,auc,0.008094546831608184,204
GSE25055,798,expanded_pam50,ap,0.036359904415311735,204
GSE25055,798,expanded_pam50,brier,-0.0017938933027810467,204
GSE25055,798,expanded_pam50,logloss,-0.005318571736679928,204
GSE25055,799,expanded,auc,0.021636790082090816,199
GSE25055,799,expanded,ap,0.02598600625838222,199
GSE25055,799,expanded,brier,0.0006146727391195539,199
GSE25055,799,expanded,logloss,-0.0013682497036633435,199
GSE25055,799,expanded_pam50,auc,0.006064667448483807,199
GSE25055,799,expanded_pam50,ap,0.018032512034986337,199
GSE25055,799,expanded_pam50,brier,0.0006880207278987249,199
GSE25055,799,expanded_pam50,logloss,-0.0008580305251220499,199
GSE25055,800,expanded,auc,-0.0022349683544303778,198
GSE25055,800,expanded,ap,0.013694550321527277,198
GSE25055,800,expanded,brier,-0.0017609503631636826,198
GSE25055,800,expanded,logloss,0.00551332721990252,198
GSE25055,800,expanded_pam50,auc,-0.002287710970464163,198
GSE25055,800,expanded_pam50,ap,0.01634289432629215,198
GSE25055,800,expanded_pam50,brier,-0.001624118299774796,198
GSE25055,800,expanded_pam50,logloss,0.005659541163405807,198
GSE25055,801,expanded,auc,0.055957090687766275,186
GSE25055,801,expanded,ap,0.11971010280819823,186
GSE25055,801,expanded,brier,-0.010729872125353122,186
GSE25055,801,expanded,logloss,-0.030363401502774306,186
GSE25055,801,expanded_pam50,auc,0.05426810712111992,186
GSE25055,801,expanded_pam50,ap,0.12306269380297388,186
GSE25055,801,expanded_pam50,brier,-0.01024343412047907,186
GSE25055,801,expanded_pam50,logloss,-0.025219810098366824,186
GSE25055,802,expanded,auc,0.04877498388136688,192
GSE25055,802,expanded,ap,0.09378927129831763,192
GSE25055,802,expanded,brier,-0.01051872495947272,192
GSE25055,802,expanded,logloss,-0.029741578835646588,192
GSE25055,802,expanded_pam50,auc,0.04176337846550611,192
GSE25055,802,expanded_pam50,ap,0.08184604085603106,192
GSE25055,802,expanded_pam50,brier,-0.008101613807099905,192
GSE25055,802,expanded_pam50,logloss,-0.02134215044639224,192
GSE25055,803,expanded,auc,0.0024092320151167467,196
GSE25055,803,expanded,ap,0.0061698757346038136,196
GSE25055,803,expanded,brier,0.002097247479966266,196
GSE25055,803,expanded,logloss,0.004780037885465216,196
GSE25055,803,expanded_pam50,auc,-0.0053246052098798735,196
GSE25055,803,expanded_pam50,ap,-0.0037722334382710443,196
GSE25055,803,expanded_pam50,brier,0.0027996185779338378,196
GSE25055,803,expanded_pam50,logloss,0.007194656278741091,196
GSE25055,804,expanded,auc,0.018089960886571044,183
GSE25055,804,expanded,ap,0.05468689287620646,183
GSE25055,804,expanded,brier,-0.0035341154839778092,183
GSE25055,804,expanded,logloss,-0.003941910184776698,183
GSE25055,804,expanded_pam50,auc,0.008507170795306418,183
GSE25055,804,expanded_pam50,ap,0.02124691940008827,183
GSE25055,804,expanded_pam50,brier,0.0007711295150002933,183
GSE25055,804,expanded_pam50,logloss,0.006824940859551426,183
GSE25055,805,expanded,auc,0.09237333951189372,193
GSE25055,805,expanded,ap,0.18080448808137367,193
GSE25055,805,expanded,brier,-0.0187973581390568,193
GSE25055,805,expanded,logloss,-0.04331412410400854,193
GSE25055,805,expanded_pam50,auc,0.08668906394810011,193
GSE25055,805,expanded_pam50,ap,0.20482544654952134,193
GSE25055,805,expanded_pam50,brier,-0.020972597873039477,193
GSE25055,805,expanded_pam50,logloss,-0.04029372202237603,193
GSE25055,806,expanded,auc,0.039716530054644816,195
GSE25055,806,expanded,ap,0.0917361964251447,195
GSE25055,806,expanded,brier,-0.014730523079134358,195
GSE25055,806,expanded,logloss,-0.026198231440667668,195
GSE25055,806,expanded_pam50,auc,0.031004098360655753,195
GSE25055,806,expanded_pam50,ap,0.0707270021189228,195
GSE25055,806,expanded_pam50,brier,-0.009804275981488966,195
GSE25055,806,expanded_pam50,logloss,-0.017255342026144906,195
GSE25055,807,expanded,auc,0.01854475933423303,192
GSE25055,807,expanded,ap,0.09900325285068298,192
GSE25055,807,expanded,brier,-0.0054110864082003995,192
GSE25055,807,expanded,logloss,-0.012600586740247338,192
GSE25055,807,expanded_pam50,auc,0.009874044084570422,192
GSE25055,807,expanded_pam50,ap,0.08011470942557661,192
GSE25055,807,expanded_pam50,brier,-0.0030931260251926386,192
GSE25055,807,expanded_pam50,logloss,-0.0036789247369133694,192
GSE25055,808,expanded,auc,0.04765560165975106,189
GSE25055,808,expanded,ap,0.15734333950353857,189
GSE25055,808,expanded,brier,-0.018589535445214845,189
GSE25055,808,expanded,logloss,-0.04067445914863267,189
GSE25055,808,expanded_pam50,auc,0.05482019363762103,189
GSE25055,808,expanded_pam50,ap,0.18732924369104262,189
GSE25055,808,expanded_pam50,brier,-0.02175726414806429,189
GSE25055,808,expanded_pam50,logloss,-0.04895519080203398,189
GSE25055,809,expanded,auc,0.037290836653386436,188
GSE25055,809,expanded,ap,0.059481867451847935,188
GSE25055,809,expanded,brier,-0.005230083624015886,188
GSE25055,809,expanded,logloss,-0.015611957319685416,188
GSE25055,809,expanded_pam50,auc,0.029968127490039843,188
GSE25055,809,expanded_pam50,ap,0.04920829751547416,188
GSE25055,809,expanded_pam50,brier,-0.0035930603192463285,188
GSE25055,809,expanded_pam50,logloss,-0.010586881550917793,188
GSE25055,810,expanded,auc,0.03849585062240664,186
GSE25055,810,expanded,ap,0.06913510695650575,186
GSE25055,810,expanded,brier,-0.00729394072991695,186
GSE25055,810,expanded,logloss,-0.02131781664287774,186
GSE25055,810,expanded_pam50,auc,0.03279391424619642,186
GSE25055,810,expanded_pam50,ap,0.0643850807500191,186
GSE25055,810,expanded_pam50,brier,-0.005387709118085943,186
GSE25055,810,expanded_pam50,logloss,-0.014967067592640932,186
GSE25055,811,expanded,auc,0.029592568448500646,188
GSE25055,811,expanded,ap,0.06305196550708435,188
GSE25055,811,expanded,brier,-0.00650453320403073,188
GSE25055,811,expanded,logloss,-0.027177175928392812,188
GSE25055,811,expanded_pam50,auc,0.028888526727509765,188
GSE25055,811,expanded_pam50,ap,0.07198516806870317,188
GSE25055,811,expanded_pam50,brier,-0.006508844603541844,188
GSE25055,811,expanded_pam50,logloss,-0.022937796010558696,188
GSE25055,812,expanded,auc,-0.002603586889301168,194
GSE25055,812,expanded,ap,-0.006345937335771224,194
GSE25055,812,expanded,brier,0.0018029699919148046,194
GSE25055,812,expanded,logloss,0.0030459008424553735,194
GSE25055,812,expanded_pam50,auc,-0.00279839208410636,194
GSE25055,812,expanded_pam50,ap,-0.0064222190942300195,194
GSE25055,812,expanded_pam50,brier,0.0015677066504233867,194
GSE25055,812,expanded_pam50,logloss,0.004626272807447302,194
GSE25055,813,expanded,auc,0.043370901639344275,189
GSE25055,813,expanded,ap,0.10040868750968886,189
GSE25055,813,expanded,brier,-0.012357247291170015,189
GSE25055,813,expanded,logloss,-0.01868649366791935,189
GSE25055,813,expanded_pam50,auc,0.0284665300546448,189
GSE25055,813,expanded_pam50,ap,0.08444850928265508,189
GSE25055,813,expanded_pam50,brier,-0.00908688060762632,189
GSE25055,813,expanded_pam50,logloss,-0.008080981446223235,189
GSE25055,814,expanded,auc,0.021335537859360265,192
GSE25055,814,expanded,ap,0.08184686102149577,192
GSE25055,814,expanded,brier,-0.008560283433358132,192
GSE25055,814,expanded,logloss,-0.021580364303155453,192
GSE25055,814,expanded_pam50,auc,0.017731812660278068,192
GSE25055,814,expanded_pam50,ap,0.07374133620459009,192
GSE25055,814,expanded_pam50,brier,-0.007009340915730683,192
GSE25055,814,expanded_pam50,logloss,-0.01677596800824773,192
GSE25055,815,expanded,auc,0.00401041666666665,181
GSE25055,815,expanded,ap,0.009027949393827294,181
GSE25055,815,expanded,brier,-0.00014614974660833447,181
GSE25055,815,expanded,logloss,-0.0032221919941869516,181
GSE25055,815,expanded_pam50,auc,0.0069618055555555666,181
GSE25055,815,expanded_pam50,ap,0.012508980771575237,181
GSE25055,815,expanded_pam50,brier,-0.0007611314750063491,181
GSE25055,815,expanded_pam50,logloss,-0.004054737355872712,181
GSE25055,816,expanded,auc,0.02200880352140855,186
GSE25055,816,expanded,ap,0.03569065983742017,186
GSE25055,816,expanded,brier,-0.0037567326457793844,186
GSE25055,816,expanded,logloss,-0.010233961233548267,186
GSE25055,816,expanded_pam50,auc,0.01740029345071361,186
GSE25055,816,expanded_pam50,ap,0.04932441022713961,186
GSE25055,816,expanded_pam50,brier,-0.004071869076108267,186
GSE25055,816,expanded_pam50,logloss,-0.007692268947972725,186
GSE25055,817,expanded,auc,0.07200026994196249,193
GSE25055,817,expanded,ap,0.1392799912866693,193
GSE25055,817,expanded,brier,-0.018899300673486982,193
GSE25055,817,expanded,logloss,-0.05011653850729998,193
GSE25055,817,expanded_pam50,auc,0.07289107841814008,193
GSE25055,817,expanded_pam50,ap,0.14038399955080946,193
GSE25055,817,expanded_pam50,brier,-0.018529820268064455,193
GSE25055,817,expanded_pam50,logloss,-0.05185396529456725,193
GSE25055,818,expanded,auc,0.04086065573770492,195
GSE25055,818,expanded,ap,0.07679699191744087,195
GSE25055,818,expanded,brier,-0.009377463328290994,195
GSE25055,818,expanded,logloss,-0.040145763968874974,195
GSE25055,818,expanded_pam50,auc,0.026864754098360664,195
GSE25055,818,expanded_pam50,ap,0.059282109236620806,195
GSE25055,818,expanded_pam50,brier,-0.00620252986086238,195
GSE25055,818,expanded_pam50,logloss,-0.026314340253915054,195
GSE25055,819,expanded,auc,0.01922847399829495,198
GSE25055,819,expanded,ap,0.054295190486638265,198
GSE25055,819,expanded,brier,-0.0025158175920022134,198
GSE25055,819,expanded,logloss,-0.0029053029599157565,198
GSE25055,819,expanded_pam50,auc,0.012868712702472284,198
GSE25055,819,expanded_pam50,ap,0.04719718128721617,198
GSE25055,819,expanded_pam50,brier,-0.0008485321490780296,198
GSE25055,819,expanded_pam50,logloss,0.001031872153381752,198
GSE25055,820,expanded,auc,0.008186592523941905,193
GSE25055,820,expanded,ap,0.03193187292988342,193
GSE25055,820,expanded,brier,-0.0021445546288383936,193
GSE25055,820,expanded,logloss,-0.002254010224183056,193
GSE25055,820,expanded_pam50,auc,-0.0025795489650911273,193
GSE25055,820,expanded_pam50,ap,0.009174319926508117,193
GSE25055,820,expanded_pam50,brier,0.0005939585526032354,193
GSE25055,820,expanded_pam50,logloss,0.0038922202402337904,193
GSE25055,821,expanded,auc,0.002462887989203799,186
GSE25055,821,expanded,ap,0.04044361685948857,186
GSE25055,821,expanded,brier,-0.0011917612435197317,186
GSE25055,821,expanded,logloss,-0.0007333211706905318,186
GSE25055,821,expanded_pam50,auc,0.0014619883040935977,186
GSE25055,821,expanded_pam50,ap,0.0410690045482801,186
GSE25055,821,expanded_pam50,brier,-0.0020009703334131377,186
GSE25055,821,expanded_pam50,logloss,-0.00028051354638325974,186
GSE25055,822,expanded,auc,0.038963546493666956,188
GSE25055,822,expanded,ap,0.14173377259994374,188
GSE25055,822,expanded,brier,-0.010241748121377542,188
GSE25055,822,expanded,logloss,-0.022176288129255234,188
GSE25055,822,expanded_pam50,auc,0.032754093296261964,188
GSE25055,822,expanded_pam50,ap,0.13464348994516057,188
GSE25055,822,expanded_pam50,brier,-0.009422080322821883,188
GSE25055,822,expanded_pam50,logloss,-0.018046441424570348,188
GSE25055,823,expanded,auc,0.03152594371081764,200
GSE25055,823,expanded,ap,0.08526238208442512,200
GSE25055,823,expanded,brier,-0.009127908093995593,200
GSE25055,823,expanded,logloss,-0.020875044249813964,200
GSE25055,823,expanded_pam50,auc,0.03529411764705883,200
GSE25055,823,expanded_pam50,ap,0.08969226380828028,200
GSE25055,823,expanded_pam50,brier,-0.009019132701049435,200
GSE25055,823,expanded_pam50,logloss,-0.017478099794149445,200
GSE25055,824,expanded,auc,0.0355617529880478,189
GSE25055,824,expanded,ap,0.07262155522214434,189
GSE25055,824,expanded,brier,-0.00666325697707903,189
GSE25055,824,expanded,logloss,-0.02899590257524438,189
GSE25055,824,expanded_pam50,auc,0.0280159362549801,189
GSE25055,824,expanded_pam50,ap,0.0692256247432594,189
GSE25055,824,expanded_pam50,brier,-0.005879926458042156,189
GSE25055,824,expanded_pam50,logloss,-0.02083114725629092,189
GSE25055,825,expanded,auc,0.03373021431573048,197
GSE25055,825,expanded,ap,0.06894603846859011,197
GSE25055,825,expanded,brier,-0.005038149018064678,197
GSE25055,825,expanded,logloss,-0.007730297939998498,197
GSE25055,825,expanded_pam50,auc,0.030186300602325234,197
GSE25055,825,expanded_pam50,ap,0.05500487032580455,197
GSE25055,825,expanded_pam50,brier,-0.0029002372464231015,197
GSE25055,825,expanded_pam50,logloss,-0.003341634202171012,197
GSE25055,826,expanded,auc,-0.0042077203401268744,193
GSE25055,826,expanded,ap,0.018773423976407667,193
GSE25055,826,expanded,brier,2.089031632166727e-05,193
GSE25055,826,expanded,logloss,0.006328797377428158,193
GSE25055,826,expanded_pam50,auc,-0.008958698879740856,193
GSE25055,826,expanded_pam50,ap,0.022043656976796628,193
GSE25055,826,expanded_pam50,brier,0.0005580359608681973,193
GSE25055,826,expanded_pam50,logloss,0.008630908407668591,193
GSE25055,827,expanded,auc,-0.0018525003501891012,192
GSE25055,827,expanded,ap,0.010095444224435913,192
GSE25055,827,expanded,brier,0.0014494388654929997,192
GSE25055,827,expanded,logloss,0.007675424790755447,192
GSE25055,827,expanded_pam50,auc,-0.003971144417985706,192
GSE25055,827,expanded_pam50,ap,0.009472700573852938,192
GSE25055,827,expanded_pam50,brier,0.001676159393313531,192
GSE25055,827,expanded_pam50,logloss,0.00895336093088297,192
GSE25055,828,expanded,auc,0.046261303819678766,184
GSE25055,828,expanded,ap,0.13532057209279966,184
GSE25055,828,expanded,brier,-0.013070994248983827,184
GSE25055,828,expanded,logloss,-0.03468845020951007,184
GSE25055,828,expanded_pam50,auc,0.043575381293021964,184
GSE25055,828,expanded_pam50,ap,0.12801704126238095,184
GSE25055,828,expanded_pam50,brier,-0.013381287747647571,184
GSE25055,828,expanded_pam50,logloss,-0.03241504007730599,184
GSE25055,829,expanded,auc,0.03508412424503882,190
GSE25055,829,expanded,ap,0.1778190529545446,190
GSE25055,829,expanded,brier,-0.0138442512581485,190
GSE25055,829,expanded,logloss,-0.028999266264450103,190
GSE25055,829,expanded_pam50,auc,0.028785591026747194,190
GSE25055,829,expanded_pam50,ap,0.1473236022806215,190
GSE25055,829,expanded_pam50,brier,-0.011877045354166949,190
GSE25055,829,expanded_pam50,logloss,-0.024574411076450697,190
GSE25055,830,expanded,auc,0.04969948265368229,189
GSE25055,830,expanded,ap,0.154428860934904,189
GSE25055,830,expanded,brier,-0.009550208865702008,189
GSE25055,830,expanded,logloss,-0.013027978745997499,189
GSE25055,830,expanded_pam50,auc,0.04846317711503349,189
GSE25055,830,expanded_pam50,ap,0.15842460668320396,189
GSE25055,830,expanded_pam50,brier,-0.00980630857429942,189
GSE25055,830,expanded_pam50,logloss,-0.012269416872643473,189
GSE25055,831,expanded,auc,0.00876531270148292,194
GSE25055,831,expanded,ap,0.014888879206866568,194
GSE25055,831,expanded,brier,-0.0004930573019978124,194
GSE25055,831,expanded,logloss,-0.001806937876082848,194
GSE25055,831,expanded_pam50,auc,0.009045776918117343,194
GSE25055,831,expanded_pam50,ap,0.020907378979138313,194
GSE25055,831,expanded_pam50,brier,-0.00037220079482779835,194
GSE25055,831,expanded_pam50,logloss,-0.00013216924458259727,194
GSE25055,832,expanded,auc,0.018632668144863262,193
GSE25055,832,expanded,ap,0.05038808591554282,193
GSE25055,832,expanded,brier,-0.004126570769754584,193
GSE25055,832,expanded,logloss,-0.010138412775514504,193
GSE25055,832,expanded_pam50,auc,0.010273466371027362,193
GSE25055,832,expanded_pam50,ap,0.03720891453160223,193
GSE25055,832,expanded_pam50,brier,-0.002090559666038741,193
GSE25055,832,expanded_pam50,logloss,-0.0035736113442996374,193
GSE25055,833,expanded,auc,0.05856508627910874,186
GSE25055,833,expanded,ap,0.0712100785032728,186
GSE25055,833,expanded,brier,-0.0066781973971567436,186
GSE25055,833,expanded,logloss,-0.034063027711749336,186
GSE25055,833,expanded_pam50,auc,0.053023957111744,186
GSE25055,833,expanded_pam50,ap,0.07288335949319394,186
GSE25055,833,expanded_pam50,brier,-0.005854316345341344,186
GSE25055,833,expanded_pam50,logloss,-0.02571696620181198,186
GSE25055,834,expanded,auc,-0.006701433234000287,186
GSE25055,834,expanded,ap,-0.010122531372523485,186
GSE25055,834,expanded,brier,0.0025975271730669853,186
GSE25055,834,expanded,logloss,0.007084105634845061,186
GSE25055,834,expanded_pam50,auc,-0.011171420462608194,186
GSE25055,834,expanded_pam50,ap,-0.0119306169273242,186
GSE25055,834,expanded_pam50,brier,0.002967542705715176,186
GSE25055,834,expanded_pam50,logloss,0.0104071172015261,186
GSE25055,835,expanded,auc,0.018589480874316954,193
GSE25055,835,expanded,ap,0.06338872237536396,193
GSE25055,835,expanded,brier,-0.0017665069616471269,193
GSE25055,835,expanded,logloss,-0.003877199206177262,193
GSE25055,835,expanded_pam50,auc,0.016140710382513655,193
GSE25055,835,expanded_pam50,ap,0.04053439731544783,193
GSE25055,835,expanded_pam50,brier,0.0006802673644487056,193
GSE25055,835,expanded_pam50,logloss,0.002889995928954975,193
GSE25055,836,expanded,auc,0.02933067729083664,185
GSE25055,836,expanded,ap,0.039509399702286674,185
GSE25055,836,expanded,brier,-0.0015550795483900356,185
GSE25055,836,expanded,logloss,-0.015675593447802012,185
GSE25055,836,expanded_pam50,auc,0.021800796812749025,185
GSE25055,836,expanded_pam50,ap,0.04367987284735897,185
GSE25055,836,expanded_pam50,brier,-0.0017414207045279143,185
GSE25055,836,expanded_pam50,logloss,-0.015535160775307883,185
GSE25055,837,expanded,auc,-0.005105713000449863,187
GSE25055,837,expanded,ap,0.010582506026126759,187
GSE25055,837,expanded,brier,0.0003316217340628369,187
GSE25055,837,expanded,logloss,0.005398388212640853,187
GSE25055,837,expanded_pam50,auc,-0.010466336782126263,187
GSE25055,837,expanded_pam50,ap,0.01425469769685898,187
GSE25055,837,expanded_pam50,brier,0.0008699687307754417,187
GSE25055,837,expanded_pam50,logloss,0.008531540961373346,187
GSE25055,838,expanded,auc,0.016517041996348125,191
GSE25055,838,expanded,ap,0.06641781644405943,191
GSE25055,838,expanded,brier,-0.004508373028965085,191
GSE25055,838,expanded,logloss,-0.010981030908722633,191
GSE25055,838,expanded_pam50,auc,0.012888009738283624,191
GSE25055,838,expanded_pam50,ap,0.06229527425828134,191
GSE25055,838,expanded_pam50,brier,-0.0031495430674332763,191
GSE25055,838,expanded_pam50,logloss,-0.008050644674418683,191
GSE25055,839,expanded,auc,0.03877814972611079,191
GSE25055,839,expanded,ap,0.09915737935353611,191
GSE25055,839,expanded,brier,-0.00905434775189728,191
GSE25055,839,expanded,logloss,-0.024142885606564902,191
GSE25055,839,expanded_pam50,auc,0.03120815581253803,191
GSE25055,839,expanded_pam50,ap,0.08588082391336886,191
GSE25055,839,expanded_pam50,brier,-0.0075652145093496855,191
GSE25055,839,expanded_pam50,logloss,-0.01677225575153283,191
GSE25055,840,expanded,auc,0.02175686274509806,190
GSE25055,840,expanded,ap,0.041052435399993877,190
GSE25055,840,expanded,brier,-0.001784067579362561,190
GSE25055,840,expanded,logloss,-0.011505255944155607,190
GSE25055,840,expanded_pam50,auc,0.017654901960784296,190
GSE25055,840,expanded_pam50,ap,0.03315274139642242,190
GSE25055,840,expanded_pam50,brier,-0.0007922818882595217,190
GSE25055,840,expanded_pam50,logloss,-0.007045453925804956,190
GSE25055,841,expanded,auc,0.02405958091391065,180
GSE25055,841,expanded,ap,0.04907777172548731,180
GSE25055,841,expanded,brier,-0.007901081659176818,180
GSE25055,841,expanded,logloss,-0.019745153558403485,180
GSE25055,841,expanded_pam50,auc,0.03164604897753093,180
GSE25055,841,expanded_pam50,ap,0.0850020086451141,180
GSE25055,841,expanded_pam50,brier,-0.011240403964008622,180
GSE25055,841,expanded_pam50,logloss,-0.02860511373500888,180
GSE25055,842,expanded,auc,0.011392192997151973,193
GSE25055,842,expanded,ap,0.07543028263370608,193
GSE25055,842,expanded,brier,-0.002467002972666693,193
GSE25055,842,expanded,logloss,-5.578352987006818e-05,193
GSE25055,842,expanded_pam50,auc,-0.0064499916233874965,193
GSE25055,842,expanded_pam50,ap,0.0367994096589535,193
GSE25055,842,expanded_pam50,brier,0.0007852764918456657,193
GSE25055,842,expanded_pam50,logloss,0.005249985512697402,193
GSE25055,843,expanded,auc,0.028053718450533137,193
GSE25055,843,expanded,ap,0.09596946439884267,193
GSE25055,843,expanded,brier,-0.009676946123232489,193
GSE25055,843,expanded,logloss,-0.020200971093616432,193
GSE25055,843,expanded_pam50,auc,0.02638682683223107,193
GSE25055,843,expanded_pam50,ap,0.09024114336245062,193
GSE25055,843,expanded_pam50,brier,-0.008494366385408344,193
GSE25055,843,expanded_pam50,logloss,-0.01842504284710946,193
GSE25055,844,expanded,auc,0.01084370677731672,205
GSE25055,844,expanded,ap,0.05878930819419359,205
GSE25055,844,expanded,brier,-0.003968345584083382,205
GSE25055,844,expanded,logloss,-0.00809346091158084,205
GSE25055,844,expanded_pam50,auc,0.006514522821576774,205
GSE25055,844,expanded_pam50,ap,0.05631308446145391,205
GSE25055,844,expanded_pam50,brier,-0.0030949316884903654,205
GSE25055,844,expanded_pam50,logloss,-0.0036491127751720363,205
GSE25055,845,expanded,auc,0.027764439108976947,193
GSE25055,845,expanded,ap,0.0689880116765145,193
GSE25055,845,expanded,brier,-0.00285787799703002,193
GSE25055,845,expanded,logloss,-0.009153440845889899,193
GSE25055,845,expanded_pam50,auc,0.022042150193410725,193
GSE25055,845,expanded_pam50,ap,0.05306741868598497,193
GSE25055,845,expanded_pam50,brier,-0.001043955616080039,193
GSE25055,845,expanded_pam50,logloss,-0.0017471426259403455,193
GSE25055,846,expanded,auc,0.06437479753806283,188
GSE25055,846,expanded,ap,0.08196940584554688,188
GSE25055,846,expanded,brier,-0.006072010507562361,188
GSE25055,846,expanded,logloss,-0.02211836544997798,188
GSE25055,846,expanded_pam50,auc,0.05607385811467445,188
GSE25055,846,expanded_pam50,ap,0.06803382602252486,188
GSE25055,846,expanded_pam50,brier,-0.004424422830816126,188
GSE25055,846,expanded_pam50,logloss,-0.01783046835527413,188
GSE25055,847,expanded,auc,0.02460062582345194,186
GSE25055,847,expanded,ap,0.05074535185302812,186
GSE25055,847,expanded,brier,-0.004279946255551062,186
GSE25055,847,expanded,logloss,-0.017037904836432,186
GSE25055,847,expanded_pam50,auc,0.027935606060606057,186
GSE25055,847,expanded_pam50,ap,0.044887687504294956,186
GSE25055,847,expanded_pam50,brier,-0.004929035963675069,186
GSE25055,847,expanded_pam50,logloss,-0.019302629893224586,186
GSE25055,848,expanded,auc,0.06542638483965015,182
GSE25055,848,expanded,ap,0.06318967920221977,182
GSE25055,848,expanded,brier,-0.006230438018472883,182
GSE25055,848,expanded,logloss,-0.04566606538131422,182
GSE25055,848,expanded_pam50,auc,0.04944606413994167,182
GSE25055,848,expanded_pam50,ap,0.04640329910615649,182
GSE25055,848,expanded_pam50,brier,-0.00309949409342562,182
GSE25055,848,expanded_pam50,logloss,-0.031077632497269782,182
GSE25055,849,expanded,auc,0.016612604263206664,188
GSE25055,849,expanded,ap,0.0648955542847274,188
GSE25055,849,expanded,brier,-0.005158326279379016,188
GSE25055,849,expanded,logloss,-0.01357304174589125,188
GSE25055,849,expanded_pam50,auc,0.011121408711770175,188
GSE25055,849,expanded_pam50,ap,0.053039898849870946,188
GSE25055,849,expanded_pam50,brier,-0.003958903011319921,188
GSE25055,849,expanded_pam50,logloss,-0.010461950430333511,188
GSE25055,850,expanded,auc,0.024797538062844182,199
GSE25055,850,expanded,ap,0.05126252948049409,199
GSE25055,850,expanded,brier,-0.005018018682820878,199
GSE25055,850,expanded,logloss,-0.014984130320061845,199
GSE25055,850,expanded_pam50,auc,0.022343699384515702,199
GSE25055,850,expanded_pam50,ap,0.03854140281624048,199
GSE25055,850,expanded_pam50,brier,-0.004232465187039791,199
GSE25055,850,expanded_pam50,logloss,-0.011134188072428946,199
GSE25055,851,expanded,auc,0.018394024276377218,189
GSE25055,851,expanded,ap,0.05492598463172753,189
GSE25055,851,expanded,brier,-0.005024650575265346,189
GSE25055,851,expanded,logloss,-0.007996414090613729,189
GSE25055,851,expanded_pam50,auc,0.00867013472055489,189
GSE25055,851,expanded_pam50,ap,0.038430076532404364,189
GSE25055,851,expanded_pam50,brier,-0.002365828177147522,189
GSE25055,851,expanded_pam50,logloss,-0.0023992405489993486,189
GSE25055,852,expanded,auc,0.018152119282961954,185
GSE25055,852,expanded,ap,0.06551345748297764,185
GSE25055,852,expanded,brier,-0.00534638589097481,185
GSE25055,852,expanded,logloss,-0.013458240639630387,185
GSE25055,852,expanded_pam50,auc,0.02110906349472279,185
GSE25055,852,expanded_pam50,ap,0.0615653098242781,185
GSE25055,852,expanded_pam50,brier,-0.005128149759775909,185
GSE25055,852,expanded_pam50,logloss,-0.011283131406802671,185
GSE25055,853,expanded,auc,0.008466350301984449,191
GSE25055,853,expanded,ap,0.06516476757253287,191
GSE25055,853,expanded,brier,-0.0035963142802335367,191
GSE25055,853,expanded,logloss,-0.003720098168830799,191
GSE25055,853,expanded_pam50,auc,0.005356629278113323,191
GSE25055,853,expanded_pam50,ap,0.05952702149230861,191
GSE25055,853,expanded_pam50,brier,-0.0032276193959486304,191
GSE25055,853,expanded_pam50,logloss,0.00029382989453562435,191
GSE25055,854,expanded,auc,0.07340515909793019,194
GSE25055,854,expanded,ap,0.0583109055816796,194
GSE25055,854,expanded,brier,-0.006182292928426853,194
GSE25055,854,expanded,logloss,-0.028082771385903427,194
GSE25055,854,expanded_pam50,auc,0.045860364535063335,194
GSE25055,854,expanded_pam50,ap,0.042115743325185154,194
GSE25055,854,expanded_pam50,brier,-0.0031153859748920126,194
GSE25055,854,expanded_pam50,logloss,-0.014391559145245869,194
GSE25055,855,expanded,auc,0.044227091633466144,190
GSE25055,855,expanded,ap,0.13182779241168346,190
GSE25055,855,expanded,brier,-0.010548094145911225,190
GSE25055,855,expanded,logloss,-0.024683593077594997,190
GSE25055,855,expanded_pam50,auc,0.04578486055776894,190
GSE25055,855,expanded_pam50,ap,0.128950034227804,190
GSE25055,855,expanded_pam50,brier,-0.010189369186257388,190
GSE25055,855,expanded_pam50,logloss,-0.021504851122658736,190
GSE25055,856,expanded,auc,0.008551992225461613,189
GSE25055,856,expanded,ap,0.0369911341290353,189
GSE25055,856,expanded,brier,-0.002326894274767863,189
GSE25055,856,expanded,logloss,-0.0017574624370583491,189
GSE25055,856,expanded_pam50,auc,0.00210560414642047,189
GSE25055,856,expanded_pam50,ap,0.021098477193000943,189
GSE25055,856,expanded_pam50,brier,-0.0007645302801133596,189
GSE25055,856,expanded_pam50,logloss,0.00253867615577294,189
GSE25055,857,expanded,auc,0.0075224156118143485,199
GSE25055,857,expanded,ap,0.03658887206405853,199
GSE25055,857,expanded,brier,-0.001905803560475919,199
GSE25055,857,expanded,logloss,-0.002043538586724991,199
GSE25055,857,expanded_pam50,auc,0.005102848101265822,199
GSE25055,857,expanded_pam50,ap,0.03376536922993374,199
GSE25055,857,expanded_pam50,brier,-0.0015829035857316098,199
GSE25055,857,expanded_pam50,logloss,1.3595429823037852e-05,199
GSE25055,858,expanded,auc,0.033552521360361895,189
GSE25055,858,expanded,ap,0.11660361923208096,189
GSE25055,858,expanded,brier,-0.007382697103294077,189
GSE25055,858,expanded,logloss,-0.019845522876906628,189
GSE25055,858,expanded_pam50,auc,0.03200284804824928,189
GSE25055,858,expanded_pam50,ap,0.11639996634436196,189
GSE25055,858,expanded_pam50,brier,-0.00875428508559479,189
GSE25055,858,expanded_pam50,logloss,-0.01926335590571393,189
GSE25055,859,expanded,auc,0.041989053831159084,200
GSE25055,859,expanded,ap,0.051097156538060684,200
GSE25055,859,expanded,brier,-0.006761515340506669,200
GSE25055,859,expanded,logloss,-0.023129963880063397,200
GSE25055,859,expanded_pam50,auc,0.03611111111111108,200
GSE25055,859,expanded_pam50,ap,0.04019444515850896,200
GSE25055,859,expanded_pam50,brier,-0.004381027356038142,200
GSE25055,859,expanded_pam50,logloss,-0.01456907988472042,200
GSE25055,860,expanded,auc,0.04907567049808431,187
GSE25055,860,expanded,ap,0.056279125542306054,187
GSE25055,860,expanded,brier,-0.004762946661722063,187
GSE25055,860,expanded,logloss,-0.020145631823135245,187
GSE25055,860,expanded_pam50,auc,0.04170977011494255,187
GSE25055,860,expanded_pam50,ap,0.04333615583649861,187
GSE25055,860,expanded_pam50,brier,-0.004164253632271085,187
GSE25055,860,expanded_pam50,logloss,-0.017467665538982657,187
GSE25055,861,expanded,auc,0.025816993464052296,185
GSE25055,861,expanded,ap,0.05062612326447091,185
GSE25055,861,expanded,brier,-0.005881290096732175,185
GSE25055,861,expanded,logloss,-0.02214111363984489,185
GSE25055,861,expanded_pam50,auc,0.018507402961184482,185
GSE25055,861,expanded_pam50,ap,0.04861714123629874,185
GSE25055,861,expanded_pam50,brier,-0.004929449390808804,185
GSE25055,861,expanded_pam50,logloss,-0.015408441753344947,185
GSE25055,862,expanded,auc,0.017922740524781322,198
GSE25055,862,expanded,ap,0.05931841213126697,198
GSE25055,862,expanded,brier,-0.004230164889773472,198
GSE25055,862,expanded,logloss,-0.008033884045859802,198
GSE25055,862,expanded_pam50,auc,0.020036443148688056,198
GSE25055,862,expanded_pam50,ap,0.06891080916067319,198
GSE25055,862,expanded_pam50,brier,-0.005560559043490723,198
GSE25055,862,expanded_pam50,logloss,-0.010121288512537723,198
GSE25055,863,expanded,auc,0.030497968903207738,181
GSE25055,863,expanded,ap,0.08366964826886088,181
GSE25055,863,expanded,brier,-0.010618981666690883,181
GSE25055,863,expanded,logloss,-0.03735263276980691,181
GSE25055,863,expanded_pam50,auc,0.03162907970303961,181
GSE25055,863,expanded_pam50,ap,0.09238307430372288,181
GSE25055,863,expanded_pam50,brier,-0.011483021400971443,181
GSE25055,863,expanded_pam50,logloss,-0.03580457812235528,181
GSE25055,864,expanded,auc,0.017099039172209906,184
GSE25055,864,expanded,ap,0.05002561467870281,184
GSE25055,864,expanded,brier,-0.0024662350357439952,184
GSE25055,864,expanded,logloss,-0.010832264241090583,184
GSE25055,864,expanded_pam50,auc,0.022187730968218754,184
GSE25055,864,expanded_pam50,ap,0.06225573863628053,184
GSE25055,864,expanded_pam50,brier,-0.003724956783611655,184
GSE25055,864,expanded_pam50,logloss,-0.014216435859758115,184
GSE25055,865,expanded,auc,0.09903288201160543,186
GSE25055,865,expanded,ap,0.1181495213585173,186
GSE25055,865,expanded,brier,-0.016512242751042433,186
GSE25055,865,expanded,logloss,-0.06706365679824851,186
GSE25055,865,expanded_pam50,auc,0.08901353965183753,186
GSE25055,865,expanded_pam50,ap,0.10035588748103749,186
GSE25055,865,expanded_pam50,brier,-0.013722943950653923,186
GSE25055,865,expanded_pam50,logloss,-0.052901098351456885,186
GSE25055,866,expanded,auc,0.007253711201079649,190
GSE25055,866,expanded,ap,0.03753010629147589,190
GSE25055,866,expanded,brier,-0.00227635988214063,190
GSE25055,866,expanded,logloss,-0.00511354475478974,190
GSE25055,866,expanded_pam50,auc,0.001027140500824708,190
GSE25055,866,expanded_pam50,ap,0.02771588848921954,190
GSE25055,866,expanded_pam50,brier,-0.001296774277935317,190
GSE25055,866,expanded_pam50,logloss,-0.0014207811803489568,190
GSE25055,867,expanded,auc,0.018531341107871725,197
GSE25055,867,expanded,ap,0.05575028086602268,197
GSE25055,867,expanded,brier,-0.0049383118840866614,197
GSE25055,867,expanded,logloss,-0.01233368750223962,197
GSE25055,867,expanded_pam50,auc,0.014559037900874627,197
GSE25055,867,expanded_pam50,ap,0.04640513206419865,197
GSE25055,867,expanded_pam50,brier,-0.0029143953156895303,197
GSE25055,867,expanded_pam50,logloss,-0.005062157167115905,197
GSE25055,868,expanded,auc,0.010221300138312572,196
GSE25055,868,expanded,ap,0.03577746890658541,196
GSE25055,868,expanded,brier,-0.0011346723198431663,196
GSE25055,868,expanded,logloss,-0.0057484514239111995,196
GSE25055,868,expanded_pam50,auc,0.011597510373443976,196
GSE25055,868,expanded_pam50,ap,0.036966476292319944,196
GSE25055,868,expanded_pam50,brier,-0.0014079299420161006,196
GSE25055,868,expanded_pam50,logloss,-0.004703240750032089,196
GSE25055,869,expanded,auc,0.020788315326130437,190
GSE25055,869,expanded,ap,0.03335642277624379,190
GSE25055,869,expanded,brier,-0.004553242263337384,190
GSE25055,869,expanded,logloss,-0.01981181393217234,190
GSE25055,869,expanded_pam50,auc,0.025690276110444155,190
GSE25055,869,expanded_pam50,ap,0.035148231592431925,190
GSE25055,869,expanded_pam50,brier,-0.004886829407745258,190
GSE25055,869,expanded_pam50,logloss,-0.021668112551238218,190
GSE25055,870,expanded,auc,0.03783793500143802,189
GSE25055,870,expanded,ap,0.057092414819695014,189
GSE25055,870,expanded,brier,-0.006139624988220449,189
GSE25055,870,expanded,logloss,-0.015882708241192745,189
GSE25055,870,expanded_pam50,auc,0.03924719585849873,189
GSE25055,870,expanded_pam50,ap,0.054934302568258986,189
GSE25055,870,expanded_pam50,brier,-0.005903203337074905,189
GSE25055,870,expanded_pam50,logloss,-0.014885063442031365,189
GSE25055,871,expanded,auc,0.006906095771641996,184
GSE25055,871,expanded,ap,0.03325150856220367,184
GSE25055,871,expanded,brier,-0.00046064653414686627,184
GSE25055,871,expanded,logloss,-0.0014024751620243358,184
GSE25055,871,expanded_pam50,auc,0.009893957583033209,184
GSE25055,871,expanded_pam50,ap,0.034844237094148446,184
GSE25055,871,expanded_pam50,brier,-0.00022233153283568728,184
GSE25055,871,expanded_pam50,logloss,-0.002053166604574147,184
GSE25055,872,expanded,auc,0.03608111755972465,197
GSE25055,872,expanded,ap,0.06790046552141092,197
GSE25055,872,expanded,brier,-0.007203985658795481,197
GSE25055,872,expanded,logloss,-0.018508129840169325,197
GSE25055,872,expanded_pam50,auc,0.026069645026319345,197
GSE25055,872,expanded_pam50,ap,0.04984458736627474,197
GSE25055,872,expanded_pam50,brier,-0.004242910292760416,197
GSE25055,872,expanded_pam50,logloss,-0.010117398400928023,197
GSE25055,873,expanded,auc,0.018784786641929497,194
GSE25055,873,expanded,ap,0.06297294584810761,194
GSE25055,873,expanded,brier,-0.0039954203248749485,194
GSE25055,873,expanded,logloss,-0.005434870574009798,194
GSE25055,873,expanded_pam50,auc,0.01032003710575139,194
GSE25055,873,expanded_pam50,ap,0.03847008518560798,194
GSE25055,873,expanded_pam50,brier,-0.0012605674514233362,194
GSE25055,873,expanded_pam50,logloss,0.0004234109238940631,194
GSE25055,874,expanded,auc,0.028900414937759335,189
GSE25055,874,expanded,ap,0.09469412461838105,189
GSE25055,874,expanded,brier,-0.006718349081516023,189
GSE25055,874,expanded,logloss,-0.013978464864866586,189
GSE25055,874,expanded_pam50,auc,0.020456431535269725,189
GSE25055,874,expanded_pam50,ap,0.07906506244898186,189
GSE25055,874,expanded_pam50,brier,-0.005293621752185734,189
GSE25055,874,expanded_pam50,logloss,-0.012650892720071449,189
GSE25055,875,expanded,auc,0.028604227405247817,193
GSE25055,875,expanded,ap,0.07891736975431027,193
GSE25055,875,expanded,brier,-0.0033351043960258343,193
GSE25055,875,expanded,logloss,-0.005425978673787418,193
GSE25055,875,expanded_pam50,auc,0.020291545189504358,193
GSE25055,875,expanded_pam50,ap,0.06910599805145104,193
GSE25055,875,expanded_pam50,brier,-0.0023110856021091725,193
GSE25055,875,expanded_pam50,logloss,-0.0025488521434478386,193
GSE25055,876,expanded,auc,0.03234519104084319,189
GSE25055,876,expanded,ap,0.06875984120761072,189
GSE25055,876,expanded,brier,-0.0025250720456581736,189
GSE25055,876,expanded,logloss,-0.00911913120647333,189
GSE25055,876,expanded_pam50,auc,0.025938735177865612,189
GSE25055,876,expanded_pam50,ap,0.05399029428648695,189
GSE25055,876,expanded_pam50,brier,-0.001494541063655215,189
GSE25055,876,expanded_pam50,logloss,-0.005731921733483625,189
GSE25055,877,expanded,auc,0.01324705882352938,187
GSE25055,877,expanded,ap,0.04256152237806353,187
GSE25055,877,expanded,brier,-0.0012251188009319736,187
GSE25055,877,expanded,logloss,-0.006179331999014426,187
GSE25055,877,expanded_pam50,auc,0.0035607843137254735,187
GSE25055,877,expanded_pam50,ap,0.02207421176913182,187
GSE25055,877,expanded_pam50,brier,0.0009935442346222679,187
GSE25055,877,expanded_pam50,logloss,0.0012865021168982193,187
GSE25055,878,expanded,auc,0.03873207301173402,194
GSE25055,878,expanded,ap,0.11270554619938489,194
GSE25055,878,expanded,brier,-0.012892518509744289,194
GSE25055,878,expanded,logloss,-0.028891189572270604,194
GSE25055,878,expanded_pam50,auc,0.035231421121251646,194
GSE25055,878,expanded_pam50,ap,0.0979973755744683,194
GSE25055,878,expanded_pam50,brier,-0.011665871877419558,194
GSE25055,878,expanded_pam50,logloss,-0.02552020966902261,194
GSE25055,879,expanded,auc,0.00913765822784809,196
GSE25055,879,expanded,ap,0.04493361556171958,196
GSE25055,879,expanded,brier,-0.0020754261214857655,196
GSE25055,879,expanded,logloss,-0.0019108096231108319,196
GSE25055,879,expanded_pam50,auc,0.015526107594936722,196
GSE25055,879,expanded_pam50,ap,0.0563489646829284,196
GSE25055,879,expanded_pam50,brier,-0.0035616389585861443,196
GSE25055,879,expanded_pam50,logloss,-0.004004977086662809,196
GSE25055,880,expanded,auc,0.03472943541631764,182
GSE25055,880,expanded,ap,0.03409998510559946,182
GSE25055,880,expanded,brier,-0.0012694053693940235,182
GSE25055,880,expanded,logloss,-0.009691806618912646,182
GSE25055,880,expanded_pam50,auc,0.030876193667280914,182
GSE25055,880,expanded_pam50,ap,0.0305895629580916,182
GSE25055,880,expanded_pam50,brier,0.00045210332438566924,182
GSE25055,880,expanded_pam50,logloss,-0.0031062330174479458,182
GSE25055,881,expanded,auc,0.011197916666666663,176
GSE25055,881,expanded,ap,0.10170287357021945,176
GSE25055,881,expanded,brier,-0.0062407710734073436,176
GSE25055,881,expanded,logloss,-0.010152325832024578,176
GSE25055,881,expanded_pam50,auc,0.011987847222222191,176
GSE25055,881,expanded_pam50,ap,0.09903757720973425,176
GSE25055,881,expanded_pam50,brier,-0.0057990943955250505,176
GSE25055,881,expanded_pam50,logloss,-0.008518573705683818,176
GSE25055,882,expanded,auc,0.007151679841897229,199
GSE25055,882,expanded,ap,0.024566473579501653,199
GSE25055,882,expanded,brier,-0.0005419484318923848,199
GSE25055,882,expanded,logloss,-0.008062555994594522,199
GSE25055,882,expanded_pam50,auc,0.005319499341238465,199
GSE25055,882,expanded_pam50,ap,0.010808250862695013,199
GSE25055,882,expanded_pam50,brier,0.0008716071459604569,199
GSE25055,882,expanded_pam50,logloss,-0.00109429430249523,199
GSE25055,883,expanded,auc,0.035202923229743166,184
GSE25055,883,expanded,ap,0.06703098451287019,184
GSE25055,883,expanded,brier,-0.009548108071411826,184
GSE25055,883,expanded,logloss,-0.0238166346605667,184
GSE25055,883,expanded_pam50,auc,0.03437987796225346,184
GSE25055,883,expanded_pam50,ap,0.07046011653572745,184
GSE25055,883,expanded_pam50,brier,-0.009276708743511058,184
GSE25055,883,expanded_pam50,logloss,-0.024823227714218514,184
GSE25055,884,expanded,auc,0.011313559322033906,200
GSE25055,884,expanded,ap,0.07106483170970739,200
GSE25055,884,expanded,brier,-0.004182881872501351,200
GSE25055,884,expanded,logloss,-0.004288762481744241,200
GSE25055,884,expanded_pam50,auc,0.002923728813559301,200
GSE25055,884,expanded_pam50,ap,0.04101627382617733,200
GSE25055,884,expanded_pam50,brier,-0.001035264922066928,200
GSE25055,884,expanded_pam50,logloss,0.0017739542825905563,200
GSE25055,885,expanded,auc,-0.005524781341107854,190
GSE25055,885,expanded,ap,-0.011382110985540345,190
GSE25055,885,expanded,brier,0.002926528454871588,190
GSE25055,885,expanded,logloss,0.0060519974669768885,190
GSE25055,885,expanded_pam50,auc,-0.009752186588921252,190
GSE25055,885,expanded_pam50,ap,-0.010728714534497839,190
GSE25055,885,expanded_pam50,brier,0.0029503586692783633,190
GSE25055,885,expanded_pam50,logloss,0.0068537369918489745,190
GSE25055,886,expanded,auc,-0.009090206981773263,198
GSE25055,886,expanded,ap,-0.0022966923503357052,198
GSE25055,886,expanded,brier,0.001976222607999514,198
GSE25055,886,expanded,logloss,0.005597251422963667,198
GSE25055,886,expanded_pam50,auc,-0.010719802286067337,198
GSE25055,886,expanded_pam50,ap,-0.005263907835960824,198
GSE25055,886,expanded_pam50,brier,0.0027112644380739544,198
GSE25055,886,expanded_pam50,logloss,0.008353979126903227,198
GSE25055,887,expanded,auc,0.03299050632911391,191
GSE25055,887,expanded,ap,0.05658094068450932,191
GSE25055,887,expanded,brier,-0.007732230031233661,191
GSE25055,887,expanded,logloss,-0.019838469378741334,191
GSE25055,887,expanded_pam50,auc,0.024696729957805884,191
GSE25055,887,expanded_pam50,ap,0.05373317243439589,191
GSE25055,887,expanded_pam50,brier,-0.005001598544806108,191
GSE25055,887,expanded_pam50,logloss,-0.010549790566324907,191
GSE25055,888,expanded,auc,0.0036812749003984125,194
GSE25055,888,expanded,ap,0.03390158965557385,194
GSE25055,888,expanded,brier,-0.0007140512999792112,194
GSE25055,888,expanded,logloss,0.001441320204280544,194
GSE25055,888,expanded_pam50,auc,-2.390438247013016e-05,194
GSE25055,888,expanded_pam50,ap,0.033762401027815116,194
GSE25055,888,expanded_pam50,brier,-0.0006427656231638129,194
GSE25055,888,expanded_pam50,logloss,0.002085179525407971,194
GSE25055,889,expanded,auc,0.060302749459375984,186
GSE25055,889,expanded,ap,0.08464430063291976,186
GSE25055,889,expanded,brier,-0.011089087426815492,186
GSE25055,889,expanded,logloss,-0.025259241444785363,186
GSE25055,889,expanded_pam50,auc,0.05988569663268456,186
GSE25055,889,expanded_pam50,ap,0.1078733740195231,186
GSE25055,889,expanded_pam50,brier,-0.011897202527460233,186
GSE25055,889,expanded_pam50,logloss,-0.023804637972004133,186
GSE25055,890,expanded,auc,0.02311372549019607,195
GSE25055,890,expanded,ap,0.05653588305226644,195
GSE25055,890,expanded,brier,-0.0037347420986424836,195
GSE25055,890,expanded,logloss,-0.014137518292330186,195
GSE25055,890,expanded_pam50,auc,0.013639215686274487,195
GSE25055,890,expanded_pam50,ap,0.034523754477250215,195
GSE25055,890,expanded_pam50,brier,-0.0010371211080907605,195
GSE25055,890,expanded_pam50,logloss,-0.005170398996450681,195
GSE25055,891,expanded,auc,0.025101697912981957,196
GSE25055,891,expanded,ap,0.14933281534708343,196
GSE25055,891,expanded,brier,-0.0072942079725453,196
GSE25055,891,expanded,logloss,-0.009604754115149777,196
GSE25055,891,expanded_pam50,auc,0.014206756278740707,196
GSE25055,891,expanded_pam50,ap,0.10964272393387908,196
GSE25055,891,expanded_pam50,brier,-0.005201397954465519,196
GSE25055,891,expanded_pam50,logloss,-0.0063897511670793885,196
GSE25055,892,expanded,auc,0.0054318488529015,202
GSE25055,892,expanded,ap,0.010959244128350986,202
GSE25055,892,expanded,brier,0.0002905924308147345,202
GSE25055,892,expanded,logloss,0.0017976385300712884,202
GSE25055,892,expanded_pam50,auc,0.008588244114559895,202
GSE25055,892,expanded_pam50,ap,0.022966912756669327,202
GSE25055,892,expanded_pam50,brier,-0.00014885119006184666,202
GSE25055,892,expanded_pam50,logloss,0.000827182094686374,202
GSE25055,893,expanded,auc,0.005430029154518945,191
GSE25055,893,expanded,ap,0.01722159268906593,191
GSE25055,893,expanded,brier,0.00015826345871732816,191
GSE25055,893,expanded,logloss,-0.003101274892516881,191
GSE25055,893,expanded_pam50,auc,-0.0034912536443148954,191
GSE25055,893,expanded_pam50,ap,-0.004263644130990563,191
GSE25055,893,expanded_pam50,brier,0.0022350275770067346,191
GSE25055,893,expanded_pam50,logloss,0.0035025412410715382,191
GSE25055,894,expanded,auc,0.02519031422092647,193
GSE25055,894,expanded,ap,0.03932062031659188,193
GSE25055,894,expanded,brier,-0.001654885725606088,193
GSE25055,894,expanded,logloss,-0.010972727175129815,193
GSE25055,894,expanded_pam50,auc,0.023679948169744093,193
GSE25055,894,expanded_pam50,ap,0.04706704379763901,193
GSE25055,894,expanded_pam50,brier,-0.00244189066784293,193
GSE25055,894,expanded_pam50,logloss,-0.009445551273078228,193
GSE25055,895,expanded,auc,0.02811445539209071,196
GSE25055,895,expanded,ap,0.0802322565138335,196
GSE25055,895,expanded,brier,-0.005469301664094292,196
GSE25055,895,expanded,logloss,-0.009154735349815164,196
GSE25055,895,expanded_pam50,auc,0.015508165744364954,196
GSE25055,895,expanded_pam50,ap,0.052433948507573415,196
GSE25055,895,expanded_pam50,brier,-0.0025717967539665237,196
GSE25055,895,expanded_pam50,logloss,0.00030332822434528395,196
GSE25055,896,expanded,auc,0.027769679300291526,184
GSE25055,896,expanded,ap,0.0789606203742084,184
GSE25055,896,expanded,brier,-0.005561210742407258,184
GSE25055,896,expanded,logloss,-0.013777283486980563,184
GSE25055,896,expanded_pam50,auc,0.016778425655976658,184
GSE25055,896,expanded_pam50,ap,0.05672124404119241,184
GSE25055,896,expanded_pam50,brier,-0.003145057369916926,184
GSE25055,896,expanded_pam50,logloss,-0.005161600497626595,184
GSE25055,897,expanded,auc,0.004806446388079077,188
GSE25055,897,expanded,ap,0.01233999680753244,188
GSE25055,897,expanded,brier,0.0011218142939762477,188
GSE25055,897,expanded,logloss,0.001905780584578748,188
GSE25055,897,expanded_pam50,auc,-0.0018302559118885675,188
GSE25055,897,expanded_pam50,ap,-0.0006332315877759954,188
GSE25055,897,expanded_pam50,brier,0.00256667818353197,188
GSE25055,897,expanded_pam50,logloss,0.005457322130916787,188
GSE25055,898,expanded,auc,0.051965375337022876,194
GSE25055,898,expanded,ap,0.13925825245454543,194
GSE25055,898,expanded,brier,-0.019634021875036666,194
GSE25055,898,expanded,logloss,-0.052308140831681546,194
GSE25055,898,expanded_pam50,auc,0.04496239534553712,194
GSE25055,898,expanded_pam50,ap,0.1301561312587049,194
GSE25055,898,expanded_pam50,brier,-0.017826276871398327,194
GSE25055,898,expanded_pam50,logloss,-0.04371949800833326,194
GSE25055,899,expanded,auc,0.043326885880077395,190
GSE25055,899,expanded,ap,0.09249042653824893,190
GSE25055,899,expanded,brier,-0.0066234947800840605,190
GSE25055,899,expanded,logloss,-0.017129113269799788,190
GSE25055,899,expanded_pam50,auc,0.04526756931012249,190
GSE25055,899,expanded_pam50,ap,0.09551076430910022,190
GSE25055,899,expanded_pam50,brier,-0.0071114150368702615,190
GSE25055,899,expanded_pam50,logloss,-0.015230425401406511,190
GSE25055,900,expanded,auc,0.04319828722002635,191
GSE25055,900,expanded,ap,0.040267728136432104,191
GSE25055,900,expanded,brier,-0.0016982773779965544,191
GSE25055,900,expanded,logloss,-0.01749565378442431,191
GSE25055,900,expanded_pam50,auc,0.03921277997364951,191
GSE25055,900,expanded_pam50,ap,0.03183735848307047,191
GSE25055,900,expanded_pam50,brier,-0.0005201221323474614,191
GSE25055,900,expanded_pam50,logloss,-0.012405138439230894,191
GSE25055,901,expanded,auc,0.007772505033074495,190
GSE25055,901,expanded,ap,0.02478358599154821,190
GSE25055,901,expanded,brier,0.00030533113221772044,190
GSE25055,901,expanded,logloss,0.0004610561711705319,190
GSE25055,901,expanded_pam50,auc,-0.0005248777681909567,190
GSE25055,901,expanded_pam50,ap,0.01457960661733677,190
GSE25055,901,expanded_pam50,brier,0.0016143485233037504,190
GSE25055,901,expanded_pam50,logloss,0.004222845239817497,190
GSE25055,902,expanded,auc,0.009457905907322251,206
GSE25055,902,expanded,ap,0.03176012210439426,206
GSE25055,902,expanded,brier,-0.0015424591478687022,206
GSE25055,902,expanded,logloss,-0.001652023082551346,206
GSE25055,902,expanded_pam50,auc,0.006482136540502314,206
GSE25055,902,expanded_pam50,ap,0.02548657391349073,206
GSE25055,902,expanded_pam50,brier,-0.0013248009883573678,206
GSE25055,902,expanded_pam50,logloss,-0.0005674137144631886,206
GSE25055,903,expanded,auc,0.02673728813559322,198
GSE25055,903,expanded,ap,0.09730016726896025,198
GSE25055,903,expanded,brier,-0.007885879972135992,198
GSE25055,903,expanded,logloss,-0.01706079847529479,198
GSE25055,903,expanded_pam50,auc,0.018432203389830502,198
GSE25055,903,expanded_pam50,ap,0.08758314876445657,198
GSE25055,903,expanded_pam50,brier,-0.005392628195292418,198
GSE25055,903,expanded_pam50,logloss,-0.010679901317224138,198
GSE25055,904,expanded,auc,0.0003210382513661347,190
GSE25055,904,expanded,ap,0.014993792342809125,190
GSE25055,904,expanded,brier,0.0018593930753332349,190
GSE25055,904,expanded,logloss,0.004661395165916344,190
GSE25055,904,expanded_pam50,auc,-0.0003312841530054622,190
GSE25055,904,expanded_pam50,ap,0.017292494610089852,190
GSE25055,904,expanded_pam50,brier,0.0012527262049916803,190
GSE25055,904,expanded_pam50,logloss,0.005071834768733674,190
GSE25055,905,expanded,auc,0.028127896200185343,196
GSE25055,905,expanded,ap,0.06547676298411059,196
GSE25055,905,expanded,brier,-0.004140506532279024,196
GSE25055,905,expanded,logloss,-0.0056011238677159455,196
GSE25055,905,expanded_pam50,auc,0.02469107198022863,196
GSE25055,905,expanded_pam50,ap,0.059953961198303055,196
GSE25055,905,expanded_pam50,brier,-0.004018539177425268,196
GSE25055,905,expanded_pam50,logloss,-0.004325860412040411,196
GSE25055,906,expanded,auc,0.01647994467496543,190
GSE25055,906,expanded,ap,0.07022392533348061,190
GSE25055,906,expanded,brier,-0.005938519910448923,190
GSE25055,906,expanded,logloss,-0.017112694429170683,190
GSE25055,906,expanded_pam50,auc,0.016065006915629333,190
GSE25055,906,expanded_pam50,ap,0.06436284525347194,190
GSE25055,906,expanded_pam50,brier,-0.0059340958617023236,190
GSE25055,906,expanded_pam50,logloss,-0.017312343215337332,190
GSE25055,907,expanded,auc,0.0413923969894119,196
GSE25055,907,expanded,ap,0.10295175810568682,196
GSE25055,907,expanded,brier,-0.012225185657319716,196
GSE25055,907,expanded,logloss,-0.03275133337030768,196
GSE25055,907,expanded_pam50,auc,0.035345707360632736,196
GSE25055,907,expanded_pam50,ap,0.08369676092470366,196
GSE25055,907,expanded_pam50,brier,-0.009198514099227312,196
GSE25055,907,expanded_pam50,logloss,-0.02754272739585486,196
GSE25055,908,expanded,auc,0.023273567726572353,186
GSE25055,908,expanded,ap,0.05014828471241093,186
GSE25055,908,expanded,brier,-0.0058446934085437914,186
GSE25055,908,expanded,logloss,-0.018089488877916827,186
GSE25055,908,expanded_pam50,auc,0.022986412662837907,186
GSE25055,908,expanded_pam50,ap,0.052884546774079354,186
GSE25055,908,expanded_pam50,brier,-0.006117408801907587,186
GSE25055,908,expanded_pam50,logloss,-0.0156082572982791,186
GSE25055,909,expanded,auc,0.02056302131603339,196
GSE25055,909,expanded,ap,0.09839272396091961,196
GSE25055,909,expanded,brier,-0.006782686833400919,196
GSE25055,909,expanded,logloss,-0.016053514966784966,196
GSE25055,909,expanded_pam50,auc,0.02552517763361136,196
GSE25055,909,expanded_pam50,ap,0.10913220590414005,196
GSE25055,909,expanded_pam50,brier,-0.007742537083666144,196
GSE25055,909,expanded_pam50,logloss,-0.016059435094892948,196
GSE25055,910,expanded,auc,0.01566274509803923,190
GSE25055,910,expanded,ap,0.04145585041522271,190
GSE25055,910,expanded,brier,-0.0013354092933386518,190
GSE25055,910,expanded,logloss,-0.006100359190906785,190
GSE25055,910,expanded_pam50,auc,0.007027450980392136,190
GSE25055,910,expanded_pam50,ap,0.019692481506075034,190
GSE25055,910,expanded_pam50,brier,0.000993134213878949,190
GSE25055,910,expanded_pam50,logloss,0.0003285778604282086,190
GSE25055,911,expanded,auc,0.02251394422310756,191
GSE25055,911,expanded,ap,0.03435854651283611,191
GSE25055,911,expanded,brier,-0.004918389285479649,191
GSE25055,911,expanded,logloss,-0.026093346355228114,191
GSE25055,911,expanded_pam50,auc,0.014031872509960176,191
GSE25055,911,expanded_pam50,ap,0.0299143904185436,191
GSE25055,911,expanded_pam50,brier,-0.003777396621023979,191
GSE25055,911,expanded_pam50,logloss,-0.01854647180430055,191
GSE25055,912,expanded,auc,0.01875193080012357,187
GSE25055,912,expanded,ap,0.05078683983826156,187
GSE25055,912,expanded,brier,-0.0027906585772321914,187
GSE25055,912,expanded,logloss,-0.004495870795307255,187
GSE25055,912,expanded_pam50,auc,0.00992431263515602,187
GSE25055,912,expanded_pam50,ap,0.04574246005894583,187
GSE25055,912,expanded_pam50,brier,-0.0018235031478842172,187
GSE25055,912,expanded_pam50,logloss,-0.0012395748337646728,187
GSE25055,913,expanded,auc,0.059778761061946906,191
GSE25055,913,expanded,ap,0.09143636562734367,191
GSE25055,913,expanded,brier,-0.014529474593030098,191
GSE25055,913,expanded,logloss,-0.039501961533467925,191
GSE25055,913,expanded_pam50,auc,0.06595280235988202,191
GSE25055,913,expanded_pam50,ap,0.09370014682409301,191
GSE25055,913,expanded_pam50,brier,-0.01739704158890947,191
GSE25055,913,expanded_pam50,logloss,-0.04828086903996017,191
GSE25055,914,expanded,auc,0.057764940239043806,194
GSE25055,914,expanded,ap,0.1317756037300658,194
GSE25055,914,expanded,brier,-0.00991196562058241,194
GSE25055,914,expanded,logloss,-0.022885411381725222,194
GSE25055,914,expanded_pam50,auc,0.06534262948207172,194
GSE25055,914,expanded_pam50,ap,0.1614203697005141,194
GSE25055,914,expanded_pam50,brier,-0.01276201395353968,194
GSE25055,914,expanded_pam50,logloss,-0.028218396837975453,194
GSE25055,915,expanded,auc,0.0011940052700922133,193
GSE25055,915,expanded,ap,0.0005625229034637802,193
GSE25055,915,expanded,brier,0.002187680982851567,193
GSE25055,915,expanded,logloss,0.0029223247534151398,193
GSE25055,915,expanded_pam50,auc,0.00040349143610013405,193
GSE25055,915,expanded_pam50,ap,-0.0009731258422205818,193
GSE25055,915,expanded_pam50,brier,0.0021700797831793405,193
GSE25055,915,expanded_pam50,logloss,0.0039879622546560075,193
GSE25055,916,expanded,auc,0.0021720116618075824,185
GSE25055,916,expanded,ap,0.07564535981337661,185
GSE25055,916,expanded,brier,-0.004039203072801643,185
GSE25055,916,expanded,logloss,-0.0024028757907630315,185
GSE25055,916,expanded_pam50,auc,-0.006027696793002912,185
GSE25055,916,expanded_pam50,ap,0.05627079308764873,185
GSE25055,916,expanded_pam50,brier,-0.0023069451999043174,185
GSE25055,916,expanded_pam50,logloss,0.001033577348146153,185
GSE25055,917,expanded,auc,0.03577063872759406,192
GSE25055,917,expanded,ap,0.12180767667079302,192
GSE25055,917,expanded,brier,-0.01167163355991863,192
GSE25055,917,expanded,logloss,-0.026196393446837135,192
GSE25055,917,expanded_pam50,auc,0.028206261045190584,192
GSE25055,917,expanded_pam50,ap,0.10970523981508809,192
GSE25055,917,expanded_pam50,brier,-0.010149271617482742,192
GSE25055,917,expanded_pam50,logloss,-0.019797323687743916,192
GSE25055,918,expanded,auc,0.03965784856255907,195
GSE25055,918,expanded,ap,0.08937484108953414,195
GSE25055,918,expanded,brier,-0.00827626666447806,195
GSE25055,918,expanded,logloss,-0.017698191844660437,195
GSE25055,918,expanded_pam50,auc,0.04391280874611956,195
GSE25055,918,expanded_pam50,ap,0.08490593343056359,195
GSE25055,918,expanded_pam50,brier,-0.007972047487687345,195
GSE25055,918,expanded_pam50,logloss,-0.014348410022736924,195
GSE25055,919,expanded,auc,0.01116359274254013,188
GSE25055,919,expanded,ap,0.03758078997088456,188
GSE25055,919,expanded,brier,-0.0011010899035837408,188
GSE25055,919,expanded,logloss,0.001448024578891849,188
GSE25055,919,expanded_pam50,auc,0.009776578197630826,188
GSE25055,919,expanded_pam50,ap,0.030110444642562795,188
GSE25055,919,expanded_pam50,brier,-0.0013312576987381032,188
GSE25055,919,expanded_pam50,logloss,0.002337111760481264,188
GSE25055,920,expanded,auc,0.046844796189942584,191
GSE25055,920,expanded,ap,0.11227149357529728,191
GSE25055,920,expanded,brier,-0.011039783081769911,191
GSE25055,920,expanded,logloss,-0.026838585781376496,191
GSE25055,920,expanded_pam50,auc,0.02637974506233366,191
GSE25055,920,expanded_pam50,ap,0.07589426878647447,191
GSE25055,920,expanded_pam50,brier,-0.006358418967227691,191
GSE25055,920,expanded_pam50,logloss,-0.014526756986485862,191
GSE25055,921,expanded,auc,0.030286885245901653,181
GSE25055,921,expanded,ap,0.0390605792387343,181
GSE25055,921,expanded,brier,-0.00322676923370811,181
GSE25055,921,expanded,logloss,-0.009500210214735705,181
GSE25055,921,expanded_pam50,auc,0.01600409836065575,181
GSE25055,921,expanded_pam50,ap,0.026639447783409164,181
GSE25055,921,expanded_pam50,brier,1.7824241034891662e-05,181
GSE25055,921,expanded_pam50,logloss,-0.0006319672233641771,181
GSE25055,922,expanded,auc,0.003953634962879993,183
GSE25055,922,expanded,ap,0.043811586844647095,183
GSE25055,922,expanded,brier,-0.0011395174812913133,183
GSE25055,922,expanded,logloss,-0.0014669862072765494,183
GSE25055,922,expanded_pam50,auc,-0.0004202269225381583,183
GSE25055,922,expanded_pam50,ap,0.03587192031484232,183
GSE25055,922,expanded_pam50,brier,1.2931562611323556e-05,183
GSE25055,922,expanded_pam50,logloss,0.002610735229982919,183
GSE25055,923,expanded,auc,-0.00607883817427386,190
GSE25055,923,expanded,ap,-0.009012102003175093,190
GSE25055,923,expanded,brier,0.0026465810954432317,190
GSE25055,923,expanded,logloss,0.007593952130233922,190
GSE25055,923,expanded_pam50,auc,-0.009246196403872742,190
GSE25055,923,expanded_pam50,ap,-0.011404778301715096,190
GSE25055,923,expanded_pam50,brier,0.0027443286502097596,190
GSE25055,923,expanded_pam50,logloss,0.008168846619076598,190
GSE25055,924,expanded,auc,0.009937238493723844,196
GSE25055,924,expanded,ap,0.047013970155814294,196
GSE25055,924,expanded,brier,-0.003966880327036982,196
GSE25055,924,expanded,logloss,-0.004585738235909187,196
GSE25055,924,expanded_pam50,auc,0.010976515049264413,196
GSE25055,924,expanded_pam50,ap,0.051570380581343125,196
GSE25055,924,expanded_pam50,brier,-0.004051973885628446,196
GSE25055,924,expanded_pam50,logloss,-0.004243933205341527,196
GSE25055,925,expanded,auc,0.008730214315730522,196
GSE25055,925,expanded,ap,0.01676688775886926,196
GSE25055,925,expanded,brier,-0.00165777697927183,196
GSE25055,925,expanded,logloss,-0.002710345849996093,196
GSE25055,925,expanded_pam50,auc,0.009350049026474294,196
GSE25055,925,expanded_pam50,ap,0.023239903551955748,196
GSE25055,925,expanded_pam50,brier,-0.0013906320020071945,196
GSE25055,925,expanded_pam50,logloss,-0.001289629636915618,196
GSE25055,926,expanded,auc,0.01897415611814348,190
GSE25055,926,expanded,ap,0.03403927031247348,190
GSE25055,926,expanded,brier,-0.0030975248312277185,190
GSE25055,926,expanded,logloss,-0.0074156599866070875,190
GSE25055,926,expanded_pam50,auc,0.02141020569620252,190
GSE25055,926,expanded_pam50,ap,0.0330069180741743,190
GSE25055,926,expanded_pam50,brier,-0.0026621701127262478,190
GSE25055,926,expanded_pam50,logloss,-0.004262079335768665,190
GSE25055,927,expanded,auc,0.018141176470588227,192
GSE25055,927,expanded,ap,0.03309942934603467,192
GSE25055,927,expanded,brier,-0.001799941390858678,192
GSE25055,927,expanded,logloss,-0.006856711239270302,192
GSE25055,927,expanded_pam50,auc,0.007819607843137243,192
GSE25055,927,expanded_pam50,ap,0.02116757356189151,192
GSE25055,927,expanded_pam50,brier,-0.00048458673791605954,192
GSE25055,927,expanded_pam50,logloss,0.00020491795179040652,192
GSE25055,928,expanded,auc,0.04920124481327803,186
GSE25055,928,expanded,ap,0.08557191845741781,186
GSE25055,928,expanded,brier,-0.007697149971309841,186
GSE25055,928,expanded,logloss,-0.01641708739717541,186
GSE25055,928,expanded_pam50,auc,0.041307053941908735,186
GSE25055,928,expanded_pam50,ap,0.07405003783375923,186
GSE25055,928,expanded_pam50,brier,-0.005546434306255868,186
GSE25055,928,expanded_pam50,logloss,-0.011792645888288688,186
GSE25055,929,expanded,auc,0.04868804664723031,200
GSE25055,929,expanded,ap,0.06909053443870489,200
GSE25055,929,expanded,brier,-0.007257819201580312,200
GSE25055,929,expanded,logloss,-0.020868552526799276,200
GSE25055,929,expanded_pam50,auc,0.04051384839650145,200
GSE25055,929,expanded_pam50,ap,0.06235456002583713,200
GSE25055,929,expanded_pam50,brier,-0.005765672574878133,200
GSE25055,929,expanded_pam50,logloss,-0.014044990904272036,200
GSE25055,930,expanded,auc,0.02127049180327869,196
GSE25055,930,expanded,ap,0.07203675566309826,196
GSE25055,930,expanded,brier,-0.003977016360915395,196
GSE25055,930,expanded,logloss,-0.0065481814685149405,196
GSE25055,930,expanded_pam50,auc,0.0217349726775956,196
GSE25055,930,expanded_pam50,ap,0.04613870469631111,196
GSE25055,930,expanded_pam50,brier,-0.0023824972681594754,196
GSE25055,930,expanded_pam50,logloss,-0.002932043026707881,196
GSE25055,931,expanded,auc,0.017579453067257965,197
GSE25055,931,expanded,ap,0.0672287425159789,197
GSE25055,931,expanded,brier,-0.004877158194527545,197
GSE25055,931,expanded,logloss,-0.00910406573987262,197
GSE25055,931,expanded_pam50,auc,0.014881744271988174,197
GSE25055,931,expanded_pam50,ap,0.06346197222256116,197
GSE25055,931,expanded_pam50,brier,-0.0038710702894529576,197
GSE25055,931,expanded_pam50,logloss,-0.00495470856542638,197
GSE25055,932,expanded,auc,-0.0008823529411764785,194
GSE25055,932,expanded,ap,0.007668177953273764,194
GSE25055,932,expanded,brier,0.000985960335357783,194
GSE25055,932,expanded,logloss,0.00149131279910501,194
GSE25055,932,expanded_pam50,auc,-0.002024722932651346,194
GSE25055,932,expanded_pam50,ap,0.002633093045134782,194
GSE25055,932,expanded_pam50,brier,0.001658984023941701,194
GSE25055,932,expanded_pam50,logloss,0.003381575002755999,194
GSE25055,933,expanded,auc,0.007134487110149623,180
GSE25055,933,expanded,ap,0.035790531949226975,180
GSE25055,933,expanded,brier,-0.0011822481293616905,180
GSE25055,933,expanded,logloss,-0.0027988334641126543,180
GSE25055,933,expanded_pam50,auc,0.01020371371912746,180
GSE25055,933,expanded_pam50,ap,0.0449283726569681,180
GSE25055,933,expanded_pam50,brier,-0.001829405218311092,180
GSE25055,933,expanded_pam50,logloss,-0.004068996081600618,180
GSE25055,934,expanded,auc,0.03769785684269507,182
GSE25055,934,expanded,ap,0.06835328837226334,182
GSE25055,934,expanded,brier,-0.009125428159338112,182
GSE25055,934,expanded,logloss,-0.031902397578963515,182
GSE25055,934,expanded_pam50,auc,0.03184619694635103,182
GSE25055,934,expanded_pam50,ap,0.057062752605017274,182
GSE25055,934,expanded_pam50,brier,-0.006766076622821438,182
GSE25055,934,expanded_pam50,logloss,-0.02424243695889166,182
GSE25055,935,expanded,auc,0.02746261144664942,186
GSE25055,935,expanded,ap,0.08865383459576369,186
GSE25055,935,expanded,brier,-0.007076015764357508,186
GSE25055,935,expanded,logloss,-0.017890615706390323,186
GSE25055,935,expanded_pam50,auc,0.03233390854184642,186
GSE25055,935,expanded_pam50,ap,0.09465149954787325,186
GSE25055,935,expanded_pam50,brier,-0.009003018352551647,186
GSE25055,935,expanded_pam50,logloss,-0.01911917044638097,186
GSE25055,936,expanded,auc,0.08699397674744364,188
GSE25055,936,expanded,ap,0.11721741113129136,188
GSE25055,936,expanded,brier,-0.01515507727875813,188
GSE25055,936,expanded,logloss,-0.05206749733096293,188
GSE25055,936,expanded_pam50,auc,0.08693444460008405,188
GSE25055,936,expanded_pam50,ap,0.1207242557927419,188
GSE25055,936,expanded_pam50,brier,-0.015417790001870157,188
GSE25055,936,expanded_pam50,logloss,-0.049955513252657825,188
GSE25055,937,expanded,auc,0.018563502774029093,190
GSE25055,937,expanded,ap,0.05780397095371761,190
GSE25055,937,expanded,brier,-0.003731447345192751,190
GSE25055,937,expanded,logloss,-0.004649108243286931,190
GSE25055,937,expanded_pam50,auc,0.012355675513570252,190
GSE25055,937,expanded_pam50,ap,0.03266953941574102,190
GSE25055,937,expanded_pam50,brier,-0.0022899263189898435,190
GSE25055,937,expanded_pam50,logloss,-0.0001838637574562374,190
GSE25055,938,expanded,auc,-0.0014056224899598568,183
GSE25055,938,expanded,ap,0.009926044778518777,183
GSE25055,938,expanded,brier,0.0020111589311327684,183
GSE25055,938,expanded,logloss,0.0027504399131158264,183
GSE25055,938,expanded_pam50,auc,-0.0034715786221810483,183
GSE25055,938,expanded_pam50,ap,0.005301592254248255,183
GSE25055,938,expanded_pam50,brier,0.0019696503100602044,183
GSE25055,938,expanded_pam50,logloss,0.004762172373546192,183
GSE25055,939,expanded,auc,0.013137472283813744,187
GSE25055,939,expanded,ap,0.016241064169046,187
GSE25055,939,expanded,brier,-0.0011232965728355387,187
GSE25055,939,expanded,logloss,0.001048344787988037,187
GSE25055,939,expanded_pam50,auc,0.003588322246858844,187
GSE25055,939,expanded_pam50,ap,0.0041590468039590985,187
GSE25055,939,expanded_pam50,brier,0.0006742510060497476,187
GSE25055,939,expanded_pam50,logloss,0.005513190308039073,187
GSE25055,940,expanded,auc,0.028983402489626563,193
GSE25055,940,expanded,ap,0.07313452651995231,193
GSE25055,940,expanded,brier,-0.005465564090898783,193
GSE25055,940,expanded,logloss,-0.02040338988707588,193
GSE25055,940,expanded_pam50,auc,0.02266943291839555,193
GSE25055,940,expanded_pam50,ap,0.0613744348596628,193
GSE25055,940,expanded_pam50,brier,-0.003953727583685815,193
GSE25055,940,expanded_pam50,logloss,-0.012927940426283358,193
GSE25055,941,expanded,auc,0.07361151603498542,186
GSE25055,941,expanded,ap,0.16701838780354783,186
GSE25055,941,expanded,brier,-0.01901107505977996,186
GSE25055,941,expanded,logloss,-0.04758452321388828,186
GSE25055,941,expanded_pam50,auc,0.059781341107871734,186
GSE25055,941,expanded_pam50,ap,0.15149030154112703,186
GSE25055,941,expanded_pam50,brier,-0.01509394475958468,186
GSE25055,941,expanded_pam50,logloss,-0.037077826232574176,186
GSE25055,942,expanded,auc,0.0761661807580175,195
GSE25055,942,expanded,ap,0.18343626143329067,195
GSE25055,942,expanded,brier,-0.019634899373433854,195
GSE25055,942,expanded,logloss,-0.0376714644377068,195
GSE25055,942,expanded_pam50,auc,0.07427478134110786,195
GSE25055,942,expanded_pam50,ap,0.14879272105482577,195
GSE25055,942,expanded_pam50,brier,-0.017931365007881582,195
GSE25055,942,expanded_pam50,logloss,-0.033485312076322944,195
GSE25055,943,expanded,auc,0.02133563899868248,192
GSE25055,943,expanded,ap,0.0524803603384826,192
GSE25055,943,expanded,brier,-0.004743697733693784,192
GSE25055,943,expanded,logloss,-0.012405515437481751,192
GSE25055,943,expanded_pam50,auc,0.026721014492753648,192
GSE25055,943,expanded_pam50,ap,0.06018863883498575,192
GSE25055,943,expanded_pam50,brier,-0.005063387735185913,192
GSE25055,943,expanded_pam50,logloss,-0.011595075791338593,192
GSE25055,944,expanded,auc,0.02166546503244412,179
GSE25055,944,expanded,ap,0.06472934529077674,179
GSE25055,944,expanded,brier,-0.005686241497846936,179
GSE25055,944,expanded,logloss,-0.011035670141471138,179
GSE25055,944,expanded_pam50,auc,0.014804133621725557,179
GSE25055,944,expanded_pam50,ap,0.06135823915524491,179
GSE25055,944,expanded_pam50,brier,-0.005426478436139068,179
GSE25055,944,expanded_pam50,logloss,-0.008303633842344732,179
GSE25055,945,expanded,auc,0.023855685131195348,192
GSE25055,945,expanded,ap,0.061602218517885186,192
GSE25055,945,expanded,brier,-0.006055837482223506,192
GSE25055,945,expanded,logloss,-0.015347378807605666,192
GSE25055,945,expanded_pam50,auc,0.025728862973760935,192
GSE25055,945,expanded_pam50,ap,0.0658014233559251,192
GSE25055,945,expanded_pam50,brier,-0.005461101880714789,192
GSE25055,945,expanded_pam50,logloss,-0.010001982600362318,192
GSE25055,946,expanded,auc,-0.005587735557615059,191
GSE25055,946,expanded,ap,0.010213236744610443,191
GSE25055,946,expanded,brier,0.00098919135339752,191
GSE25055,946,expanded,logloss,0.006256903617094367,191
GSE25055,946,expanded_pam50,auc,-0.009468643805993205,191
GSE25055,946,expanded_pam50,ap,0.006102727319092676,191
GSE25055,946,expanded_pam50,brier,0.0018753645212299026,191
GSE25055,946,expanded_pam50,logloss,0.00842068383761777,191
GSE25055,947,expanded,auc,0.052743025596778834,184
GSE25055,947,expanded,ap,0.18232914093136113,184
GSE25055,947,expanded,brier,-0.016684159353412765,184
GSE25055,947,expanded,logloss,-0.03691252893355064,184
GSE25055,947,expanded_pam50,auc,0.051344549899338524,184
GSE25055,947,expanded_pam50,ap,0.1803396727713601,184
GSE25055,947,expanded_pam50,brier,-0.017009187892596082,184
GSE25055,947,expanded_pam50,logloss,-0.03790076457966548,184
GSE25055,948,expanded,auc,0.023201511674989895,192
GSE25055,948,expanded,ap,0.03266779097357336,192
GSE25055,948,expanded,brier,-0.005146673823889142,192
GSE25055,948,expanded,logloss,-0.008507667110360533,192
GSE25055,948,expanded_pam50,auc,0.021750573626670267,192
GSE25055,948,expanded_pam50,ap,0.03507587911011639,192
GSE25055,948,expanded_pam50,brier,-0.004263677570993302,192
GSE25055,948,expanded_pam50,logloss,-0.008567129345857105,192
GSE25055,949,expanded,auc,0.023948087431693944,178
GSE25055,949,expanded,ap,0.06043515662962665,178
GSE25055,949,expanded,brier,-0.0032379259093381157,178
GSE25055,949,expanded,logloss,-0.006014731722385652,178
GSE25055,949,expanded_pam50,auc,0.014364754098360678,178
GSE25055,949,expanded_pam50,ap,0.05246545967721694,178
GSE25055,949,expanded_pam50,brier,-0.0012314581210806919,178
GSE25055,949,expanded_pam50,logloss,-0.0009528598358764905,178
GSE25055,950,expanded,auc,0.047270955165692005,186
GSE25055,950,expanded,ap,0.12418710002616591,186
GSE25055,950,expanded,brier,-0.013905368741620471,186
GSE25055,950,expanded,logloss,-0.029423156692014358,186
GSE25055,950,expanded_pam50,auc,0.05111710901184585,186
GSE25055,950,expanded_pam50,ap,0.12223397530997362,186
GSE25055,950,expanded_pam50,brier,-0.014246695660184636,186
GSE25055,950,expanded_pam50,logloss,-0.026782467492830198,186
GSE25055,951,expanded,auc,0.03309637204090208,193
GSE25055,951,expanded,ap,0.08186886621941061,193
GSE25055,951,expanded,brier,-0.004812820444566957,193
GSE25055,951,expanded,logloss,-0.01470287885489216,193
GSE25055,951,expanded_pam50,auc,0.02593500490264742,193
GSE25055,951,expanded_pam50,ap,0.07125720501121198,193
GSE25055,951,expanded_pam50,brier,-0.003254695492665813,193
GSE25055,951,expanded_pam50,logloss,-0.009351919075201392,193
GSE25055,952,expanded,auc,-0.0015960318531515916,196
GSE25055,952,expanded,ap,0.014640941522838952,196
GSE25055,952,expanded,brier,0.002742065414642267,196
GSE25055,952,expanded,logloss,0.008608590535389066,196
GSE25055,952,expanded_pam50,auc,-0.006353758941827492,196
GSE25055,952,expanded_pam50,ap,0.01263017404871437,196
GSE25055,952,expanded_pam50,brier,0.004143537975727257,196
GSE25055,952,expanded_pam50,logloss,0.011817710539314113,196
GSE25055,953,expanded,auc,0.07782445355191259,193
GSE25055,953,expanded,ap,0.12210095415222907,193
GSE25055,953,expanded,brier,-0.015308488286519286,193
GSE25055,953,expanded,logloss,-0.04246848229628729,193
GSE25055,953,expanded_pam50,auc,0.07796789617486341,193
GSE25055,953,expanded_pam50,ap,0.11480434914623643,193
GSE25055,953,expanded_pam50,brier,-0.014381037463561966,193
GSE25055,953,expanded_pam50,logloss,-0.03828932987198037,193
GSE25055,954,expanded,auc,0.07047372060857537,184
GSE25055,954,expanded,ap,0.12764357548403904,184
GSE25055,954,expanded,brier,-0.013123872156250905,184
GSE25055,954,expanded,logloss,-0.03234017574311163,184
GSE25055,954,expanded_pam50,auc,0.05230982019363763,184
GSE25055,954,expanded_pam50,ap,0.11354704039334099,184
GSE25055,954,expanded_pam50,brier,-0.01055057518750119,184
GSE25055,954,expanded_pam50,logloss,-0.0246238328016323,184
GSE25055,955,expanded,auc,0.014390305478414533,188
GSE25055,955,expanded,ap,0.061234902359708875,188
GSE25055,955,expanded,brier,-0.005572525114527843,188
GSE25055,955,expanded,logloss,-0.00750802429987546,188
GSE25055,955,expanded_pam50,auc,0.011373390557939933,188
GSE25055,955,expanded_pam50,ap,0.05323712246622918,188
GSE25055,955,expanded_pam50,brier,-0.003509336041514369,188
GSE25055,955,expanded_pam50,logloss,-0.002101931277155522,188
GSE25055,956,expanded,auc,0.015917516218721027,192
GSE25055,956,expanded,ap,0.011585843120837219,192
GSE25055,956,expanded,brier,0.0006997711876642803,192
GSE25055,956,expanded,logloss,-0.003710919179995037,192
GSE25055,956,expanded_pam50,auc,0.015902069817732456,192
GSE25055,956,expanded_pam50,ap,0.013109103421213474,192
GSE25055,956,expanded_pam50,brier,-0.00033792817624823945,192
GSE25055,956,expanded_pam50,logloss,-0.004932469454246402,192
GSE25055,957,expanded,auc,0.041114953886692986,196
GSE25055,957,expanded,ap,0.05352787233454872,196
GSE25055,957,expanded,brier,-0.005273352273520451,196
GSE25055,957,expanded,logloss,-0.012373873541002495,196
GSE25055,957,expanded_pam50,auc,0.029117259552042175,196
GSE25055,957,expanded_pam50,ap,0.032767113675775214,196
GSE25055,957,expanded_pam50,brier,-0.0036418487397938738,196
GSE25055,957,expanded_pam50,logloss,-0.00817235587322998,196
GSE25055,958,expanded,auc,0.004306653491436096,186
GSE25055,958,expanded,ap,0.08994045872318861,186
GSE25055,958,expanded,brier,-0.003427280568901478,186
GSE25055,958,expanded,logloss,-0.003096731427982974,186
GSE25055,958,expanded_pam50,auc,0.0026432806324110714,186
GSE25055,958,expanded_pam50,ap,0.08885963601101465,186
GSE25055,958,expanded_pam50,brier,-0.0031278777058374478,186
GSE25055,958,expanded_pam50,logloss,-0.0022017474770859246,186
GSE25055,959,expanded,auc,0.04591264667535855,191
GSE25055,959,expanded,ap,0.07914888642369008,191
GSE25055,959,expanded,brier,-0.011707662254204975,191
GSE25055,959,expanded,logloss,-0.03790050710097338,191
GSE25055,959,expanded_pam50,auc,0.030488917861799213,191
GSE25055,959,expanded_pam50,ap,0.06310641489628374,191
GSE25055,959,expanded_pam50,brier,-0.007555642547014291,191
GSE25055,959,expanded_pam50,logloss,-0.024150278873040498,191
GSE25055,960,expanded,auc,0.015148290052504631,196
GSE25055,960,expanded,ap,0.048915089340069356,196
GSE25055,960,expanded,brier,-0.002199628224471914,196
GSE25055,960,expanded,logloss,-0.004598406877386602,196
GSE25055,960,expanded_pam50,auc,0.010969206754647364,196
GSE25055,960,expanded_pam50,ap,0.05228534595912928,196
GSE25055,960,expanded_pam50,brier,-0.0013922187597545932,196
GSE25055,960,expanded_pam50,logloss,-0.003540945025099046,196
GSE25055,961,expanded,auc,0.011732352544203007,203
GSE25055,961,expanded,ap,0.05961379642153817,203
GSE25055,961,expanded,brier,-0.004112675616098368,203
GSE25055,961,expanded,logloss,-0.004709933305194858,203
GSE25055,961,expanded_pam50,auc,0.017461870697799985,203
GSE25055,961,expanded_pam50,ap,0.07809792433994814,203
GSE25055,961,expanded_pam50,brier,-0.006007224179257803,203
GSE25055,961,expanded_pam50,logloss,-0.008472885636894172,203
GSE25055,962,expanded,auc,0.017780615864907045,185
GSE25055,962,expanded,ap,0.04905952123677858,185
GSE25055,962,expanded,brier,8.879174639918052e-05,185
GSE25055,962,expanded,logloss,-0.005881528274731174,185
GSE25055,962,expanded_pam50,auc,0.014587767844472821,185
GSE25055,962,expanded_pam50,ap,0.04019718928462381,185
GSE25055,962,expanded_pam50,brier,0.00034053753748300165,185
GSE25055,962,expanded_pam50,logloss,-0.003111134630479745,185
GSE25055,963,expanded,auc,0.013111079983190933,196
GSE25055,963,expanded,ap,0.027472819421462468,196
GSE25055,963,expanded,brier,-0.004308694670979607,196
GSE25055,963,expanded,logloss,-0.016178479826833597,196
GSE25055,963,expanded_pam50,auc,0.012158565625437722,196
GSE25055,963,expanded_pam50,ap,0.020389651668218527,196
GSE25055,963,expanded_pam50,brier,-0.0032179113803202514,196
GSE25055,963,expanded_pam50,logloss,-0.01155696717123859,196
GSE25055,964,expanded,auc,0.0088691796008869,196
GSE25055,964,expanded,ap,0.030141379895090407,196
GSE25055,964,expanded,brier,-0.0016252774363326894,196
GSE25055,964,expanded,logloss,-0.007932653004570056,196
GSE25055,964,expanded_pam50,auc,0.005218033998521787,196
GSE25055,964,expanded_pam50,ap,0.0235160032673227,196
GSE25055,964,expanded_pam50,brier,-0.0007776877449923753,196
GSE25055,964,expanded_pam50,logloss,-0.0045524797645921655,196
GSE25055,965,expanded,auc,0.019271437782076052,198
GSE25055,965,expanded,ap,0.05348191562016844,198
GSE25055,965,expanded,brier,-0.005347053513765618,198
GSE25055,965,expanded,logloss,-0.008495953827238218,198
GSE25055,965,expanded_pam50,auc,0.004010315925209562,198
GSE25055,965,expanded_pam50,ap,0.021215123550255992,198
GSE25055,965,expanded_pam50,brier,-0.0012990325835526063,198
GSE25055,965,expanded_pam50,logloss,0.0014798109831982488,198
GSE25055,966,expanded,auc,0.08457725947521866,189
GSE25055,966,expanded,ap,0.1251977015098416,189
GSE25055,966,expanded,brier,-0.015416810196641779,189
GSE25055,966,expanded,logloss,-0.04035649949685763,189
GSE25055,966,expanded_pam50,auc,0.07800655976676385,189
GSE25055,966,expanded_pam50,ap,0.1231177606443536,189
GSE25055,966,expanded_pam50,brier,-0.014300377868353512,189
GSE25055,966,expanded_pam50,logloss,-0.03442469372769556,189
GSE25055,967,expanded,auc,0.0011459345643019202,196
GSE25055,967,expanded,ap,0.005637987490967522,196
GSE25055,967,expanded,brier,0.0013006253988312982,196
GSE25055,967,expanded,logloss,0.00364153579853545,196
GSE25055,967,expanded_pam50,auc,-0.006628603822481383,196
GSE25055,967,expanded_pam50,ap,-0.0026336081333163176,196
GSE25055,967,expanded_pam50,brier,0.002450538048508211,196
GSE25055,967,expanded_pam50,logloss,0.008176205107799327,196
GSE25055,968,expanded,auc,0.024513977579111668,194
GSE25055,968,expanded,ap,0.06961314981857161,194
GSE25055,968,expanded,brier,-0.007676805430258102,194
GSE25055,968,expanded,logloss,-0.014281788953988284,194
GSE25055,968,expanded_pam50,auc,0.021562366964665812,194
GSE25055,968,expanded_pam50,ap,0.06958574690863598,194
GSE25055,968,expanded_pam50,brier,-0.0072478918157430515,194
GSE25055,968,expanded_pam50,logloss,-0.011913552513038295,194
GSE25055,969,expanded,auc,0.009792531120331927,188
GSE25055,969,expanded,ap,0.0606234548555973,188
GSE25055,969,expanded,brier,-0.00301195418343318,188
GSE25055,969,expanded,logloss,-0.0036084052145522348,188
GSE25055,969,expanded_pam50,auc,0.011742738589211621,188
GSE25055,969,expanded_pam50,ap,0.06935691559267765,188
GSE25055,969,expanded_pam50,brier,-0.0030591232156998716,188
GSE25055,969,expanded_pam50,logloss,-0.003094187354415767,188
GSE25055,970,expanded,auc,0.007901960784313721,194
GSE25055,970,expanded,ap,0.022646576407389235,194
GSE25055,970,expanded,brier,-0.0014589905993793977,194
GSE25055,970,expanded,logloss,-0.008017901355893892,194
GSE25055,970,expanded_pam50,auc,0.003917647058823503,194
GSE25055,970,expanded_pam50,ap,0.016081868183813984,194
GSE25055,970,expanded_pam50,brier,-0.0005219045312234216,194
GSE25055,970,expanded_pam50,logloss,-0.0025256234438715995,194
GSE25055,971,expanded,auc,0.03541127408685647,198
GSE25055,971,expanded,ap,0.08581033633215208,198
GSE25055,971,expanded,brier,-0.008233587424364194,198
GSE25055,971,expanded,logloss,-0.026873490348304118,198
GSE25055,971,expanded_pam50,auc,0.033462755248777676,198
GSE25055,971,expanded_pam50,ap,0.08905812156027237,198
GSE25055,971,expanded_pam50,brier,-0.0073407498747723055,198
GSE25055,971,expanded_pam50,logloss,-0.021278402720494367,198
GSE25055,972,expanded,auc,0.10310171687722706,191
GSE25055,972,expanded,ap,0.11531416714745805,191
GSE25055,972,expanded,brier,-0.010604517678343719,191
GSE25055,972,expanded,logloss,-0.034203578646530716,191
GSE25055,972,expanded_pam50,auc,0.08750404923874311,191
GSE25055,972,expanded_pam50,ap,0.10072097274865548,191
GSE25055,972,expanded_pam50,brier,-0.007935744126060653,191
GSE25055,972,expanded_pam50,logloss,-0.026838252025112364,191
GSE25055,973,expanded,auc,0.01827365545010067,186
GSE25055,973,expanded,ap,0.06968322461790173,186
GSE25055,973,expanded,brier,-0.004138231826491831,186
GSE25055,973,expanded,logloss,-0.012917362682810175,186
GSE25055,973,expanded_pam50,auc,0.01061978717285017,186
GSE25055,973,expanded_pam50,ap,0.06103185461243875,186
GSE25055,973,expanded_pam50,brier,-0.0025586130395876066,186
GSE25055,973,expanded_pam50,logloss,-0.005589408006693752,186
GSE25055,974,expanded,auc,0.025911337658325605,186
GSE25055,974,expanded,ap,0.057421116455605936,186
GSE25055,974,expanded,brier,-0.0029497275824410195,186
GSE25055,974,expanded,logloss,-0.007111472874531688,186
GSE25055,974,expanded_pam50,auc,0.011457367933271557,186
GSE25055,974,expanded_pam50,ap,0.0202269286383752,186
GSE25055,974,expanded_pam50,brier,0.0004359832476671127,186
GSE25055,974,expanded_pam50,logloss,0.00042690382506541114,186
GSE25055,975,expanded,auc,0.04083487940630798,196
GSE25055,975,expanded,ap,0.09879516785142078,196
GSE25055,975,expanded,brier,-0.008654810170036057,196
GSE25055,975,expanded,logloss,-0.022736428685793286,196
GSE25055,975,expanded_pam50,auc,0.05155225726654298,196
GSE25055,975,expanded_pam50,ap,0.12325142745055859,196
GSE25055,975,expanded_pam50,brier,-0.012943212314275815,196
GSE25055,975,expanded_pam50,logloss,-0.03240058719310676,196
GSE25055,976,expanded,auc,0.03618440233236153,179
GSE25055,976,expanded,ap,0.033489453310499316,179
GSE25055,976,expanded,brier,-0.0020606444601787206,179
GSE25055,976,expanded,logloss,-0.00525057625157056,179
GSE25055,976,expanded_pam50,auc,0.036647230320699734,179
GSE25055,976,expanded_pam50,ap,0.029067493853641914,179
GSE25055,976,expanded_pam50,brier,-0.0017613687727098398,179
GSE25055,976,expanded_pam50,logloss,-0.00481228504819417,179
GSE25055,977,expanded,auc,0.008988892270237348,187
GSE25055,977,expanded,ap,0.052160160674035706,187
GSE25055,977,expanded,brier,-0.0024311768717700105,187
GSE25055,977,expanded,logloss,-0.003904215869129035,187
GSE25055,977,expanded_pam50,auc,0.0027845404747413372,187
GSE25055,977,expanded_pam50,ap,0.03761250180592612,187
GSE25055,977,expanded_pam50,brier,-0.0020643853256695236,187
GSE25055,977,expanded_pam50,logloss,-0.0011896421759417686,187
GSE25055,978,expanded,auc,0.04989411764705885,195
GSE25055,978,expanded,ap,0.15785814921371663,195
GSE25055,978,expanded,brier,-0.01295150104578698,195
GSE25055,978,expanded,logloss,-0.03340716208510069,195
GSE25055,978,expanded_pam50,auc,0.04647843137254902,195
GSE25055,978,expanded_pam50,ap,0.1538118519628988,195
GSE25055,978,expanded_pam50,brier,-0.012240994425625035,195
GSE25055,978,expanded_pam50,logloss,-0.029531859702781032,195
GSE25055,979,expanded,auc,0.05723324705205638,194
GSE25055,979,expanded,ap,0.11018467770122971,194
GSE25055,979,expanded,brier,-0.016460214790526086,194
GSE25055,979,expanded,logloss,-0.039793339998658764,194
GSE25055,979,expanded_pam50,auc,0.04994247914869138,194
GSE25055,979,expanded_pam50,ap,0.09671657792191087,194
GSE25055,979,expanded_pam50,brier,-0.012656359288616748,194
GSE25055,979,expanded_pam50,logloss,-0.02757928042254376,194
GSE25055,980,expanded,auc,0.06390222755768975,189
GSE25055,980,expanded,ap,0.10081254615468183,189
GSE25055,980,expanded,brier,-0.009556548822792546,189
GSE25055,980,expanded,logloss,-0.03129384809086329,189
GSE25055,980,expanded_pam50,auc,0.04162665066026411,189
GSE25055,980,expanded_pam50,ap,0.07942145185418892,189
GSE25055,980,expanded_pam50,brier,-0.0072635750518141836,189
GSE25055,980,expanded_pam50,logloss,-0.021561145945906395,189
GSE25055,981,expanded,auc,0.018845628415300554,187
GSE25055,981,expanded,ap,0.040251652761610204,187
GSE25055,981,expanded,brier,-0.0047218999037630105,187
GSE25055,981,expanded,logloss,-0.013246010513904422,187
GSE25055,981,expanded_pam50,auc,0.008497267759562842,187
GSE25055,981,expanded_pam50,ap,0.02086470076557348,187
GSE25055,981,expanded_pam50,brier,-0.0009074786880862689,187
GSE25055,981,expanded_pam50,logloss,-0.0023227845128775014,187
GSE25055,982,expanded,auc,0.01456268221574344,192
GSE25055,982,expanded,ap,0.048137236352142454,192
GSE25055,982,expanded,brier,-0.0038767482574160626,192
GSE25055,982,expanded,logloss,-0.007227715848086158,192
GSE25055,982,expanded_pam50,auc,0.007583819241982514,192
GSE25055,982,expanded_pam50,ap,0.04288448742966182,192
GSE25055,982,expanded_pam50,brier,-0.002156082997709777,192
GSE25055,982,expanded_pam50,logloss,-0.0022180186562310244,192
GSE25055,983,expanded,auc,0.04101768119854231,188
GSE25055,983,expanded,ap,0.14945471588410383,188
GSE25055,983,expanded,brier,-0.017056322303385753,188
GSE25055,983,expanded,logloss,-0.027081810411284636,188
GSE25055,983,expanded_pam50,auc,0.04285328654339317,188
GSE25055,983,expanded_pam50,ap,0.1380656023612699,188
GSE25055,983,expanded_pam50,brier,-0.01731645965884111,188
GSE25055,983,expanded_pam50,logloss,-0.027695948583908375,188
GSE25055,984,expanded,auc,0.0267698259187621,185
GSE25055,984,expanded,ap,0.01952041226108866,185
GSE25055,984,expanded,brier,-0.001763214648101763,185
GSE25055,984,expanded,logloss,-0.016109316461106672,185
GSE25055,984,expanded_pam50,auc,0.019052224371373282,185
GSE25055,984,expanded_pam50,ap,0.010241541485318417,185
GSE25055,984,expanded_pam50,brier,-0.00027738289592631193,185
GSE25055,984,expanded_pam50,logloss,-0.010120677863805178,185
GSE25055,985,expanded,auc,0.033441765531317794,196
GSE25055,985,expanded,ap,0.08149266077996735,196
GSE25055,985,expanded,brier,-0.007766010414228428,196
GSE25055,985,expanded,logloss,-0.028639219400810052,196
GSE25055,985,expanded_pam50,auc,0.03609516519964282,196
GSE25055,985,expanded_pam50,ap,0.07991564963984396,196
GSE25055,985,expanded_pam50,brier,-0.00825701897004617,196
GSE25055,985,expanded_pam50,logloss,-0.02806097322068877,196
GSE25055,986,expanded,auc,0.025388235294117635,193
GSE25055,986,expanded,ap,0.06198953574330137,193
GSE25055,986,expanded,brier,-0.006383187493822039,193
GSE25055,986,expanded,logloss,-0.0107989283264605,193
GSE25055,986,expanded_pam50,auc,0.011066666666666659,193
GSE25055,986,expanded_pam50,ap,0.04060005728454226,193
GSE25055,986,expanded_pam50,brier,-0.0028257016242287576,193
GSE25055,986,expanded_pam50,logloss,-0.002245347541819376,193
GSE25055,987,expanded,auc,-0.00039215686274509667,195
GSE25055,987,expanded,ap,-0.0003416320284584523,195
GSE25055,987,expanded,brier,0.0006218168242366178,195
GSE25055,987,expanded,logloss,-0.001021870517396678,195
GSE25055,987,expanded_pam50,auc,-0.004274509803921567,195
GSE25055,987,expanded_pam50,ap,3.8279549661260345e-05,195
GSE25055,987,expanded_pam50,brier,0.0009113269156924897,195
GSE25055,987,expanded_pam50,logloss,0.0010114090100950212,195
GSE25055,988,expanded,auc,0.019721192462156322,187
GSE25055,988,expanded,ap,0.061326436933907026,187
GSE25055,988,expanded,brier,-0.0023150188849017928,187
GSE25055,988,expanded,logloss,-0.00572507737992754,187
GSE25055,988,expanded_pam50,auc,0.011584800741427249,187
GSE25055,988,expanded_pam50,ap,0.043806031035652136,187
GSE25055,988,expanded_pam50,brier,-0.00018249175830913623,187
GSE25055,988,expanded_pam50,logloss,0.000805912429564698,187
GSE25055,989,expanded,auc,0.05116120218579234,200
GSE25055,989,expanded,ap,0.14532273190293335,200
GSE25055,989,expanded,brier,-0.012695171879328948,200
GSE25055,989,expanded,logloss,-0.0266510473612784,200
GSE25055,989,expanded_pam50,auc,0.05073770491803279,200
GSE25055,989,expanded_pam50,ap,0.12735885482615633,200
GSE25055,989,expanded_pam50,brier,-0.010625684004388911,200
GSE25055,989,expanded_pam50,logloss,-0.022308230764661548,200
GSE25055,990,expanded,auc,0.0831832669322709,196
GSE25055,990,expanded,ap,0.09480123833804291,196
GSE25055,990,expanded,brier,-0.00802156985053537,196
GSE25055,990,expanded,logloss,-0.03170002573946682,196
GSE25055,990,expanded_pam50,auc,0.07634262948207171,196
GSE25055,990,expanded_pam50,ap,0.09510901013200884,196
GSE25055,990,expanded_pam50,brier,-0.008755738546010985,196
GSE25055,990,expanded_pam50,logloss,-0.029414424810823542,196
GSE25055,991,expanded,auc,0.05106552357624004,192
GSE25055,991,expanded,ap,0.09709722392117141,192
GSE25055,991,expanded,brier,-0.011711264485858052,192
GSE25055,991,expanded,logloss,-0.02351688930648199,192
GSE25055,991,expanded_pam50,auc,0.044862216778934504,192
GSE25055,991,expanded_pam50,ap,0.09163613492855327,192
GSE25055,991,expanded_pam50,brier,-0.010592967551454288,192
GSE25055,991,expanded_pam50,logloss,-0.01758297750918323,192
GSE25055,992,expanded,auc,0.023970444039781456,189
GSE25055,992,expanded,ap,0.05810803751837755,189
GSE25055,992,expanded,brier,-0.005075569824554219,189
GSE25055,992,expanded,logloss,-0.011223498303739388,189
GSE25055,992,expanded_pam50,auc,0.01587757388990054,189
GSE25055,992,expanded_pam50,ap,0.040744830716400435,189
GSE25055,992,expanded_pam50,brier,-0.0026728276729730076,189
GSE25055,992,expanded_pam50,logloss,-0.005672698240110474,189
GSE25055,993,expanded,auc,0.043585179324894495,191
GSE25055,993,expanded,ap,0.07547711573844379,191
GSE25055,993,expanded,brier,-0.008833279399043381,191
GSE25055,993,expanded,logloss,-0.022159095417795715,191
GSE25055,993,expanded_pam50,auc,0.030603902953586493,191
GSE25055,993,expanded_pam50,ap,0.0497794855455648,191
GSE25055,993,expanded_pam50,brier,-0.0041572668870772655,191
GSE25055,993,expanded_pam50,logloss,-0.008085974809619817,191
GSE25055,994,expanded,auc,0.028508442776735456,196
GSE25055,994,expanded,ap,0.019909638211863895,196
GSE25055,994,expanded,brier,-0.0002502337432320395,196
GSE25055,994,expanded,logloss,-0.008023518080476083,196
GSE25055,994,expanded_pam50,auc,0.026003752345215736,196
GSE25055,994,expanded_pam50,ap,0.02399618557757712,196
GSE25055,994,expanded_pam50,brier,-0.0006199033024314182,196
GSE25055,994,expanded_pam50,logloss,-0.005549362119753182,196
GSE25055,995,expanded,auc,0.05104356352430315,199
GSE25055,995,expanded,ap,0.12872418603833471,199
GSE25055,995,expanded,brier,-0.013288589205895573,199
GSE25055,995,expanded,logloss,-0.035161723773252704,199
GSE25055,995,expanded_pam50,auc,0.036482700658355516,199
GSE25055,995,expanded_pam50,ap,0.11120163292025911,199
GSE25055,995,expanded_pam50,brier,-0.010229785884973993,199
GSE25055,995,expanded_pam50,logloss,-0.02564899072335251,199
GSE25055,996,expanded,auc,0.03515600864998455,193
GSE25055,996,expanded,ap,0.05994873259220048,193
GSE25055,996,expanded,brier,-0.0053698743814992594,193
GSE25055,996,expanded,logloss,-0.012684722821496075,193
GSE25055,996,expanded_pam50,auc,0.0294794562866852,193
GSE25055,996,expanded_pam50,ap,0.046435714071854,193
GSE25055,996,expanded_pam50,brier,-0.0039235734725583974,193
GSE25055,996,expanded_pam50,logloss,-0.0078112193629684135,193
GSE25055,997,expanded,auc,0.012821058606499259,183
GSE25055,997,expanded,ap,0.03459508431747733,183
GSE25055,997,expanded,brier,-0.002871219035558803,183
GSE25055,997,expanded,logloss,-0.002430903437520987,183
GSE25055,997,expanded_pam50,auc,0.017028522775649223,183
GSE25055,997,expanded_pam50,ap,0.04362338883255139,183
GSE25055,997,expanded_pam50,brier,-0.0036636888854616302,183
GSE25055,997,expanded_pam50,logloss,-0.0015225517325078042,183
GSE25055,998,expanded,auc,0.03820784313725491,194
GSE25055,998,expanded,ap,0.06827102326240979,194
GSE25055,998,expanded,brier,-0.00475625982796907,194
GSE25055,998,expanded,logloss,-0.014921908486353025,194
GSE25055,998,expanded_pam50,auc,0.019301960784313732,194
GSE25055,998,expanded_pam50,ap,0.04569489886526667,194
GSE25055,998,expanded_pam50,brier,-0.0023156008989992038,194
GSE25055,998,expanded_pam50,logloss,-0.003896699246148849,194
GSE25055,999,expanded,auc,0.01868235294117645,198
GSE25055,999,expanded,ap,0.02706179373661479,198
GSE25055,999,expanded,brier,-0.0017182212211156276,198
GSE25055,999,expanded,logloss,-0.011673501002887676,198
GSE25055,999,expanded_pam50,auc,0.017823529411764683,198
GSE25055,999,expanded_pam50,ap,0.025043399948684913,198
GSE25055,999,expanded_pam50,brier,-0.001269053162042072,198
GSE25055,999,expanded_pam50,logloss,-0.009649868990713817,198
GSE32646,0,expanded,auc,0.010027472527472537,71
GSE32646,0,expanded,ap,-0.0090579058831201,71
GSE32646,0,expanded,brier,0.0019766563418272876,71
GSE32646,0,expanded,logloss,-0.004922186435510051,71
GSE32646,1,expanded,auc,0.030252606255012027,69
GSE32646,1,expanded,ap,0.024143838707735198,69
GSE32646,1,expanded,brier,-0.004905271078941986,69
GSE32646,1,expanded,logloss,-0.02692905089917961,69
GSE32646,2,expanded,auc,0.04376026272577997,67
GSE32646,2,expanded,ap,0.01973613304412941,67
GSE32646,2,expanded,brier,-0.003588569827486107,67
GSE32646,2,expanded,logloss,-0.020525291172899317,67
GSE32646,3,expanded,auc,0.020959595959595956,77
GSE32646,3,expanded,ap,0.01345993031294036,77
GSE32646,3,expanded,brier,0.0027497654442048018,77
GSE32646,3,expanded,logloss,0.008819287525634234,77
GSE32646,4,expanded,auc,0.10978947368421052,68
GSE32646,4,expanded,ap,0.12621126843190714,68
GSE32646,4,expanded,brier,-0.013862364030294453,68
GSE32646,4,expanded,logloss,-0.07177706255168811,68
GSE32646,5,expanded,auc,0.12797619047619047,72
GSE32646,5,expanded,ap,0.10363219815842091,72
GSE32646,5,expanded,brier,-0.014239933350768322,72
GSE32646,5,expanded,logloss,-0.04760379584295611,72
GSE32646,6,expanded,auc,0.001651305683563742,78
GSE32646,6,expanded,ap,0.02117652606604441,78
GSE32646,6,expanded,brier,0.004280198719947062,78
GSE32646,6,expanded,logloss,0.009864257077870364,78
GSE32646,7,expanded,auc,0.028497164461247625,75
GSE32646,7,expanded,ap,0.048936102270545984,75
GSE32646,7,expanded,brier,-0.0036871061508937973,75
GSE32646,7,expanded,logloss,-0.011927489318392565,75
GSE32646,8,expanded,auc,0.07916666666666666,78
GSE32646,8,expanded,ap,0.11782370995419034,78
GSE32646,8,expanded,brier,-0.026359688559036875,78
GSE32646,8,expanded,logloss,-0.06694295856899454,78
GSE32646,9,expanded,auc,0.023563218390804597,71
GSE32646,9,expanded,ap,0.024017862072941414,71
GSE32646,9,expanded,brier,0.0017848352195782957,71
GSE32646,9,expanded,logloss,0.005760426106214711,71
GSE32646,10,expanded,auc,0.0323529411764706,75
GSE32646,10,expanded,ap,0.10776374400836039,75
GSE32646,10,expanded,brier,-0.010228981423711226,75
GSE32646,10,expanded,logloss,-0.03715069841391616,75
GSE32646,11,expanded,auc,0.010465116279069764,70
GSE32646,11,expanded,ap,0.033275925726660105,70
GSE32646,11,expanded,brier,-0.003914837799893175,70
GSE32646,11,expanded,logloss,-0.013244825250184894,70
GSE32646,12,expanded,auc,0.05061436672967863,69
GSE32646,12,expanded,ap,0.028437575482286474,69
GSE32646,12,expanded,brier,0.0026485917885279986,69
GSE32646,12,expanded,logloss,0.0013680109526781337,69
GSE32646,13,expanded,auc,0.006944444444444453,74
GSE32646,13,expanded,ap,0.011789376613094954,74
GSE32646,13,expanded,brier,-0.00037483978119612625,74
GSE32646,13,expanded,logloss,0.004588010912875068,74
GSE32646,14,expanded,auc,0.07713725490196079,73
GSE32646,14,expanded,ap,0.045629742369830924,73
GSE32646,14,expanded,brier,-0.009273515049765906,73
GSE32646,14,expanded,logloss,-0.05377974598586248,73
GSE32646,15,expanded,auc,0.04073777064955895,80
GSE32646,15,expanded,ap,0.003039558541781068,80
GSE32646,15,expanded,brier,-0.006870114155983859,80
GSE32646,15,expanded,logloss,-0.03719394355958982,80
GSE32646,16,expanded,auc,-0.007097069597069616,71
GSE32646,16,expanded,ap,-0.026840050963086698,71
GSE32646,16,expanded,brier,0.009540443117276965,71
GSE32646,16,expanded,logloss,0.03715890667909827,71
GSE32646,17,expanded,auc,0.003457216940363006,73
GSE32646,17,expanded,ap,-0.011848271321257264,73
GSE32646,17,expanded,brier,-0.001682900715452404,73
GSE32646,17,expanded,logloss,0.0039922317441791425,73
GSE32646,18,expanded,auc,0.058506144393241186,72
GSE32646,18,expanded,ap,0.050813578734046884,72
GSE32646,18,expanded,brier,-0.004845144045180378,72
GSE32646,18,expanded,logloss,-0.0159833305616807,72
GSE32646,19,expanded,auc,0.052895419187554006,76
GSE32646,19,expanded,ap,0.07448073740922682,76
GSE32646,19,expanded,brier,-0.005995545815408771,76
GSE32646,19,expanded,logloss,-0.019016307555212712,76
GSE32646,20,expanded,auc,0.11936026936026933,76
GSE32646,20,expanded,ap,0.08334261203123292,76
GSE32646,20,expanded,brier,-0.019663927247942532,76
GSE32646,20,expanded,logloss,-0.055890318335678146,76
GSE32646,21,expanded,auc,0.00824915824915825,74
GSE32646,21,expanded,ap,-0.017998508107557497,74
GSE32646,21,expanded,brier,0.010274385474819894,74
GSE32646,21,expanded,logloss,0.00906634121529939,74
GSE32646,22,expanded,auc,0.06654040404040404,70
GSE32646,22,expanded,ap,0.05995190044079137,70
GSE32646,22,expanded,brier,-0.007724284711752685,70
GSE32646,22,expanded,logloss,-0.028781905257803476,70
GSE32646,23,expanded,auc,-0.0030526315789473624,72
GSE32646,23,expanded,ap,0.003287428384333163,72
GSE32646,23,expanded,brier,0.0006566492867575602,72
GSE32646,23,expanded,logloss,-0.00010637159542492558,72
GSE32646,24,expanded,auc,0.09481566820276498,76
GSE32646,24,expanded,ap,0.12587835941356182,76
GSE32646,24,expanded,brier,-0.024703361028592743,76
GSE32646,24,expanded,logloss,-0.06770978678026927,76
GSE32646,25,expanded,auc,0.12514033680834002,72
GSE32646,25,expanded,ap,0.11828467260519995,72
GSE32646,25,expanded,brier,-0.0181511558196506,72
GSE32646,25,expanded,logloss,-0.06377320912312176,72
GSE32646,26,expanded,auc,0.059866666666666665,73
GSE32646,26,expanded,ap,0.0600775032852238,73
GSE32646,26,expanded,brier,-0.006377332823061221,73
GSE32646,26,expanded,logloss,-0.03368376729303485,73
GSE32646,27,expanded,auc,-0.004413377192982437,74
GSE32646,27,expanded,ap,-0.010264118070826939,74
GSE32646,27,expanded,brier,0.007909813768337364,74
GSE32646,27,expanded,logloss,0.02302726826367545,74
GSE32646,28,expanded,auc,0.035319971870604774,68
GSE32646,28,expanded,ap,0.045771413526526514,68
GSE32646,28,expanded,brier,-0.011123481194421006,68
GSE32646,28,expanded,logloss,-0.01022714885702113,68
GSE32646,29,expanded,auc,0.015147783251231539,71
GSE32646,29,expanded,ap,0.04749949224219855,71
GSE32646,29,expanded,brier,-0.006149646224404853,71
GSE32646,29,expanded,logloss,-0.001959005200072872,71
GSE32646,30,expanded,auc,0.05644444444444442,76
GSE32646,30,expanded,ap,0.0746309092651026,76
GSE32646,30,expanded,brier,-0.005188366991299107,76
GSE32646,30,expanded,logloss,-0.017138532635137392,76
GSE32646,31,expanded,auc,-0.006856455493183667,73
GSE32646,31,expanded,ap,0.0050870787146716666,73
GSE32646,31,expanded,brier,0.0026310196308368975,73
GSE32646,31,expanded,logloss,0.03559367764121683,73
GSE32646,32,expanded,auc,0.14499054820415877,79
GSE32646,32,expanded,ap,0.0978768990765524,79
GSE32646,32,expanded,brier,-0.015448460610582887,79
GSE32646,32,expanded,logloss,-0.06170592430440085,79
GSE32646,33,expanded,auc,0.1132996632996633,71
GSE32646,33,expanded,ap,0.18059966325912327,71
GSE32646,33,expanded,brier,-0.03495450726467231,71
GSE32646,33,expanded,logloss,-0.10507972644123442,71
GSE32646,34,expanded,auc,0.06000432152117545,75
GSE32646,34,expanded,ap,0.04920773190913746,75
GSE32646,34,expanded,brier,0.0040477851942297745,75
GSE32646,34,expanded,logloss,-0.004885213200406824,75
GSE32646,35,expanded,auc,0.10567857142857143,70
GSE32646,35,expanded,ap,0.08921602158238529,70
GSE32646,35,expanded,brier,-0.019733170345915575,70
GSE32646,35,expanded,logloss,-0.05136865594899842,70
GSE32646,36,expanded,auc,-0.01656534954407296,70
GSE32646,36,expanded,ap,0.03376338621363247,70
GSE32646,36,expanded,brier,0.0012997929183291984,70
GSE32646,36,expanded,logloss,0.012613050740192571,70
GSE32646,37,expanded,auc,0.005357142857142827,79
GSE32646,37,expanded,ap,-0.003979634762206924,79
GSE32646,37,expanded,brier,0.01143906051307309,79
GSE32646,37,expanded,logloss,0.04829882173945389,79
GSE32646,38,expanded,auc,0.0067777777777777715,69
GSE32646,38,expanded,ap,-0.010743435008428549,69
GSE32646,38,expanded,brier,0.008161464004711091,69
GSE32646,38,expanded,logloss,0.010846497119778652,69
GSE32646,39,expanded,auc,0.045648604269293916,75
GSE32646,39,expanded,ap,0.051311301179668735,75
GSE32646,39,expanded,brier,-0.0071415962416702585,75
GSE32646,39,expanded,logloss,-0.021265784927162478,75
GSE32646,40,expanded,auc,0.05339412360688957,72
GSE32646,40,expanded,ap,0.036547113817062396,72
GSE32646,40,expanded,brier,-0.0016276614560189972,72
GSE32646,40,expanded,logloss,-0.004813282864641932,72
GSE32646,41,expanded,auc,0.06953327571305103,70
GSE32646,41,expanded,ap,0.06241317212344144,70
GSE32646,41,expanded,brier,-0.009493651809065695,70
GSE32646,41,expanded,logloss,-0.024938696969065872,70
GSE32646,42,expanded,auc,0.005126452494873546,73
GSE32646,42,expanded,ap,-0.03420551831797937,73
GSE32646,42,expanded,brier,0.01055802815629812,73
GSE32646,42,expanded,logloss,0.03649064963478308,73
GSE32646,43,expanded,auc,0.06259157509157512,71
GSE32646,43,expanded,ap,0.10411815340518663,71
GSE32646,43,expanded,brier,-0.017308124945202934,71
GSE32646,43,expanded,logloss,-0.04717867995872974,71
GSE32646,44,expanded,auc,-0.01426116838487974,77
GSE32646,44,expanded,ap,-0.016590151858724433,77
GSE32646,44,expanded,brier,0.010068774575619239,77
GSE32646,44,expanded,logloss,0.02840712352419879,77
GSE32646,45,expanded,auc,-0.011247637051039705,72
GSE32646,45,expanded,ap,0.03587271416879183,72
GSE32646,45,expanded,brier,0.004008950466378408,72
GSE32646,45,expanded,logloss,0.010232613142682978,72
GSE32646,46,expanded,auc,0.041837732160312766,77
GSE32646,46,expanded,ap,0.026054040491663006,77
GSE32646,46,expanded,brier,0.002103776021349521,77
GSE32646,46,expanded,logloss,-0.013763636129321494,77
GSE32646,47,expanded,auc,0.08785434995112414,75
GSE32646,47,expanded,ap,0.09042516321824397,75
GSE32646,47,expanded,brier,-0.009764109925409492,75
GSE32646,47,expanded,logloss,-0.0360489713428104,75
GSE32646,48,expanded,auc,0.04607056936647956,73
GSE32646,48,expanded,ap,0.027133226782174513,73
GSE32646,48,expanded,brier,-0.006733324324127913,73
GSE32646,48,expanded,logloss,-0.020485356375370467,73
GSE32646,49,expanded,auc,0.0013957307060755264,70
GSE32646,49,expanded,ap,0.002912961843494871,70
GSE32646,49,expanded,brier,0.00089085093016604,70
GSE32646,49,expanded,logloss,0.008857637778455585,70
GSE32646,50,expanded,auc,0.07210591133004926,70
GSE32646,50,expanded,ap,0.0767229430970443,70
GSE32646,50,expanded,brier,-0.010099290649716494,70
GSE32646,50,expanded,logloss,-0.04055596306996404,70
GSE32646,51,expanded,auc,0.017879746835443033,71
GSE32646,51,expanded,ap,0.02061863081159874,71
GSE32646,51,expanded,brier,-0.00019934504687418587,71
GSE32646,51,expanded,logloss,-0.011851527336478406,71
GSE32646,52,expanded,auc,0.002697708795269782,72
GSE32646,52,expanded,ap,-0.015664485879650192,72
GSE32646,52,expanded,brier,0.00600900437590336,72
GSE32646,52,expanded,logloss,0.004248540913891119,72
GSE32646,53,expanded,auc,0.12038123167155423,72
GSE32646,53,expanded,ap,0.06021529497325033,72
GSE32646,53,expanded,brier,-0.0026290288136666313,72
GSE32646,53,expanded,logloss,-0.02730466498987204,72
GSE32646,54,expanded,auc,0.055762304921968785,71
GSE32646,54,expanded,ap,0.023668693025294944,71
GSE32646,54,expanded,brier,-0.0037851544655647025,71
GSE32646,54,expanded,logloss,-0.017701409360482062,71
GSE32646,55,expanded,auc,0.005836483931947067,74
GSE32646,55,expanded,ap,0.08338282449224736,74
GSE32646,55,expanded,brier,-0.008784574853023069,74
GSE32646,55,expanded,logloss,-0.008259467243381701,74
GSE32646,56,expanded,auc,0.024633699633699623,71
GSE32646,56,expanded,ap,0.012336438737414962,71
GSE32646,56,expanded,brier,0.007932247923563226,71
GSE32646,56,expanded,logloss,0.01679680438231137,71
GSE32646,57,expanded,auc,0.08271889400921657,68
GSE32646,57,expanded,ap,0.09235084274299535,68
GSE32646,57,expanded,brier,-0.013973086289589034,68
GSE32646,57,expanded,logloss,-0.039509770880415906,68
GSE32646,58,expanded,auc,0.002134646962233161,73
GSE32646,58,expanded,ap,-0.009968321445960559,73
GSE32646,58,expanded,brier,0.016946907639179144,73
GSE32646,58,expanded,logloss,0.04004664895335404,73
GSE32646,59,expanded,auc,0.048440065681445,70
GSE32646,59,expanded,ap,0.06043323994382459,70
GSE32646,59,expanded,brier,-0.007331373320752716,70
GSE32646,59,expanded,logloss,-0.04810701280152622,70
GSE32646,60,expanded,auc,0.024884792626728103,71
GSE32646,60,expanded,ap,0.015273317527278552,71
GSE32646,60,expanded,brier,-0.007715788241972494,71
GSE32646,60,expanded,logloss,-0.020347001124696496,71
GSE32646,61,expanded,auc,-0.010177777777777775,74
GSE32646,61,expanded,ap,-0.021533250706354097,74
GSE32646,61,expanded,brier,0.008458803331921224,74
GSE32646,61,expanded,logloss,0.01088350282703412,74
GSE32646,62,expanded,auc,0.07853037766830871,73
GSE32646,62,expanded,ap,0.06888242057641514,73
GSE32646,62,expanded,brier,-4.947976860423253e-05,73
GSE32646,62,expanded,logloss,0.0012984458812417721,73
GSE32646,63,expanded,auc,0.050120288692862856,70
GSE32646,63,expanded,ap,0.03612876933020505,70
GSE32646,63,expanded,brier,-0.010756947396073621,70
GSE32646,63,expanded,logloss,-0.029321699840155292,70
GSE32646,64,expanded,auc,0.02683369644153958,72
GSE32646,64,expanded,ap,0.03897310640512044,72
GSE32646,64,expanded,brier,0.0003020951453600984,72
GSE32646,64,expanded,logloss,-0.00904175392129219,72
GSE32646,65,expanded,auc,0.07354078762306614,78
GSE32646,65,expanded,ap,0.06230615454826334,78
GSE32646,65,expanded,brier,-0.011349887912506837,78
GSE32646,65,expanded,logloss,-0.018774653886335313,78
GSE32646,66,expanded,auc,0.010420604914933828,82
GSE32646,66,expanded,ap,-0.006545961148953944,82
GSE32646,66,expanded,brier,0.0069594744213351215,82
GSE32646,66,expanded,logloss,0.008977732286521368,82
GSE32646,67,expanded,auc,-0.006987399770904912,75
GSE32646,67,expanded,ap,-0.02039704112929961,75
GSE32646,67,expanded,brier,0.008473527138147427,75
GSE32646,67,expanded,logloss,0.024333370131305914,75
GSE32646,68,expanded,auc,0.020429029671210918,77
GSE32646,68,expanded,ap,0.007448196537492013,77
GSE32646,68,expanded,brier,0.003119127659241516,77
GSE32646,68,expanded,logloss,0.0014222414631524572,77
GSE32646,69,expanded,auc,0.04256912442396316,72
GSE32646,69,expanded,ap,0.029574995090300406,72
GSE32646,69,expanded,brier,-0.003275375093150365,72
GSE32646,69,expanded,logloss,0.012664884731739523,72
GSE32646,70,expanded,auc,0.04342105263157896,68
GSE32646,70,expanded,ap,0.04316758661824486,68
GSE32646,70,expanded,brier,0.0021387095187106893,68
GSE32646,70,expanded,logloss,0.015681146838539644,68
GSE32646,71,expanded,auc,-0.006333333333333346,75
GSE32646,71,expanded,ap,-0.01141650984930676,75
GSE32646,71,expanded,brier,0.015896073171362664,75
GSE32646,71,expanded,logloss,0.045497820736102514,75
GSE32646,72,expanded,auc,0.020964285714285703,72
GSE32646,72,expanded,ap,0.05045842755132139,72
GSE32646,72,expanded,brier,-0.004787037301594516,72
GSE32646,72,expanded,logloss,-0.01687212412717577,72
GSE32646,73,expanded,auc,0.05235690235690236,78
GSE32646,73,expanded,ap,0.03603561323583149,78
GSE32646,73,expanded,brier,0.005756827188591251,78
GSE32646,73,expanded,logloss,0.0164737326422561,78
GSE32646,74,expanded,auc,-0.008745421245421247,71
GSE32646,74,expanded,ap,-0.03724122366628654,71
GSE32646,74,expanded,brier,0.009725194528708996,71
GSE32646,74,expanded,logloss,0.017905451967855073,71
GSE32646,75,expanded,auc,0.06230936819172115,74
GSE32646,75,expanded,ap,0.057491823371968696,74
GSE32646,75,expanded,brier,-0.00857405217143467,74
GSE32646,75,expanded,logloss,-0.03603721326664965,74
GSE32646,76,expanded,auc,0.07730496453900709,75
GSE32646,76,expanded,ap,0.09643040301367904,75
GSE32646,76,expanded,brier,-0.00784712875081447,75
GSE32646,76,expanded,logloss,-0.027991574514100986,75
GSE32646,77,expanded,auc,-0.014560439560439575,72
GSE32646,77,expanded,ap,0.001277858424362524,72
GSE32646,77,expanded,brier,0.014306353957182442,72
GSE32646,77,expanded,logloss,0.039929482785967176,72
GSE32646,78,expanded,auc,-0.049038461538461545,73
GSE32646,78,expanded,ap,-0.01931513428877914,73
GSE32646,78,expanded,brier,0.007263837862980155,73
GSE32646,78,expanded,logloss,0.055116500833041225,73
GSE32646,79,expanded,auc,0.08108206245461147,72
GSE32646,79,expanded,ap,0.0443600839364281,72
GSE32646,79,expanded,brier,-0.007839207195906712,72
GSE32646,79,expanded,logloss,-0.026975011726735144,72
GSE32646,80,expanded,auc,0.09933481152993347,72
GSE32646,80,expanded,ap,0.1683807051779413,72
GSE32646,80,expanded,brier,-0.033350537918071535,72
GSE32646,80,expanded,logloss,-0.0961715979936433,72
GSE32646,81,expanded,auc,0.011909262759924388,71
GSE32646,81,expanded,ap,0.03105322187941719,71
GSE32646,81,expanded,brier,0.002849698250746066,71
GSE32646,81,expanded,logloss,0.004974049375917838,71
GSE32646,82,expanded,auc,0.07194117647058824,69
GSE32646,82,expanded,ap,0.09382767264113959,69
GSE32646,82,expanded,brier,-0.017215824763091938,69
GSE32646,82,expanded,logloss,-0.06130809994150808,69
GSE32646,83,expanded,auc,0.09072249589490969,74
GSE32646,83,expanded,ap,0.05023681116193901,74
GSE32646,83,expanded,brier,-0.0031057216066825515,74
GSE32646,83,expanded,logloss,-0.016329972449258233,74
GSE32646,84,expanded,auc,0.1044222222222222,76
GSE32646,84,expanded,ap,0.07003681428893145,76
GSE32646,84,expanded,brier,-0.00939891979786884,76
GSE32646,84,expanded,logloss,-0.029640284129496274,76
GSE32646,85,expanded,auc,0.06423416198877309,69
GSE32646,85,expanded,ap,0.04447540413418804,69
GSE32646,85,expanded,brier,-0.003847191315885798,69
GSE32646,85,expanded,logloss,-0.019389566500388887,69
GSE32646,86,expanded,auc,0.13301642178046674,66
GSE32646,86,expanded,ap,0.06031850641637404,66
GSE32646,86,expanded,brier,-0.001966527619071823,66
GSE32646,86,expanded,logloss,-0.013033932316152009,66
GSE32646,87,expanded,auc,0.017321571772253408,72
GSE32646,87,expanded,ap,-0.021226274922647163,72
GSE32646,87,expanded,brier,-0.00044974378270588313,72
GSE32646,87,expanded,logloss,-0.005134252075192386,72
GSE32646,88,expanded,auc,0.12138468809073721,71
GSE32646,88,expanded,ap,0.15519935643534963,71
GSE32646,88,expanded,brier,-0.03020408432936731,71
GSE32646,88,expanded,logloss,-0.10557181122260881,71
GSE32646,89,expanded,auc,-0.009679266895761752,72
GSE32646,89,expanded,ap,-0.02320877596428904,72
GSE32646,89,expanded,brier,0.009668632032483094,72
GSE32646,89,expanded,logloss,0.021154047652864966,72
GSE32646,90,expanded,auc,0.008058608058608075,74
GSE32646,90,expanded,ap,0.03234336569915153,74
GSE32646,90,expanded,brier,-0.0011148661541522484,74
GSE32646,90,expanded,logloss,-0.0067639257275951045,74
GSE32646,91,expanded,auc,0.07037777777777779,71
GSE32646,91,expanded,ap,0.020140180186678108,71
GSE32646,91,expanded,brier,0.004510005174671225,71
GSE32646,91,expanded,logloss,-0.008228245544087442,71
GSE32646,92,expanded,auc,0.03574999999999999,73
GSE32646,92,expanded,ap,0.06756475973613461,73
GSE32646,92,expanded,brier,-0.012376042775557866,73
GSE32646,92,expanded,logloss,-0.0002462004992834554,73
GSE32646,93,expanded,auc,0.09350441058540498,68
GSE32646,93,expanded,ap,0.16780593900451074,68
GSE32646,93,expanded,brier,-0.035778744525999065,68
GSE32646,93,expanded,logloss,-0.11068360976068319,68
GSE32646,94,expanded,auc,0.10530137981118375,74
GSE32646,94,expanded,ap,0.11075697476821542,74
GSE32646,94,expanded,brier,-0.030253644680631065,74
GSE32646,94,expanded,logloss,-0.06972834843254244,74
GSE32646,95,expanded,auc,0.045215686274509816,74
GSE32646,95,expanded,ap,0.028344290628743534,74
GSE32646,95,expanded,brier,-0.004992516470872429,74
GSE32646,95,expanded,logloss,-0.01437250469331976,74
GSE32646,96,expanded,auc,0.11416122004357296,74
GSE32646,96,expanded,ap,0.22059906664547074,74
GSE32646,96,expanded,brier,-0.05794000401484482,74
GSE32646,96,expanded,logloss,-0.15498582706901,74
GSE32646,97,expanded,auc,0.025999999999999968,74
GSE32646,97,expanded,ap,0.021070033005500515,74
GSE32646,97,expanded,brier,0.005520004103734521,74
GSE32646,97,expanded,logloss,0.019739314590622635,74
GSE32646,98,expanded,auc,0.06090067340067338,76
GSE32646,98,expanded,ap,0.042766309866527866,76
GSE32646,98,expanded,brier,-0.001245051271808767,76
GSE32646,98,expanded,logloss,-0.021121014354432137,76
GSE32646,99,expanded,auc,0.06603921568627448,72
GSE32646,99,expanded,ap,0.02931748931786133,72
GSE32646,99,expanded,brier,0.0031688643155591,72
GSE32646,99,expanded,logloss,-0.005222598466031692,72
GSE32646,100,expanded,auc,0.16970618034447826,74
GSE32646,100,expanded,ap,0.19052079750802045,74
GSE32646,100,expanded,brier,-0.029840576960527228,74
GSE32646,100,expanded,logloss,-0.08811528990978207,74
GSE32646,101,expanded,auc,-0.003889369057908365,75
GSE32646,101,expanded,ap,-0.011190299628844278,75
GSE32646,101,expanded,brier,0.016384741354413406,75
GSE32646,101,expanded,logloss,0.034135543359051244,75
GSE32646,102,expanded,auc,0.004731355252606262,73
GSE32646,102,expanded,ap,-0.01361011367024555,73
GSE32646,102,expanded,brier,0.00587418284543083,73
GSE32646,102,expanded,logloss,0.013998396311038525,73
GSE32646,103,expanded,auc,0.012269031781226913,75
GSE32646,103,expanded,ap,-0.008570520289317086,75
GSE32646,103,expanded,brier,0.00669985045192609,75
GSE32646,103,expanded,logloss,0.008632265199169476,75
GSE32646,104,expanded,auc,0.06494728915662648,75
GSE32646,104,expanded,ap,0.04809352848571876,75
GSE32646,104,expanded,brier,-0.006251549169549553,75
GSE32646,104,expanded,logloss,-0.026357083698503612,75
GSE32646,105,expanded,auc,-0.007688888888888889,75
GSE32646,105,expanded,ap,0.03722336288068352,75
GSE32646,105,expanded,brier,-0.004003852756583673,75
GSE32646,105,expanded,logloss,-0.0034519687572089064,75
GSE32646,106,expanded,auc,0.04538893344025661,71
GSE32646,106,expanded,ap,0.05117886095038586,71
GSE32646,106,expanded,brier,0.0012170404758719943,71
GSE32646,106,expanded,logloss,0.0017766441323876225,71
GSE32646,107,expanded,auc,-0.007066052227342534,69
GSE32646,107,expanded,ap,-0.023798626258794926,69
GSE32646,107,expanded,brier,0.014258035987896328,69
GSE32646,107,expanded,logloss,0.03794306158699896,69
GSE32646,108,expanded,auc,0.15489174017642343,68
GSE32646,108,expanded,ap,0.08979968079592723,68
GSE32646,108,expanded,brier,-0.01648557394829162,68
GSE32646,108,expanded,logloss,-0.06480148229709118,68
GSE32646,109,expanded,auc,0.025992438563327024,68
GSE32646,109,expanded,ap,0.01551256302558173,68
GSE32646,109,expanded,brier,0.0029111382194176804,68
GSE32646,109,expanded,logloss,0.014611617923046017,68
GSE32646,110,expanded,auc,0.023768472906403958,71
GSE32646,110,expanded,ap,-0.00478730423797803,71
GSE32646,110,expanded,brier,-0.0002767973244702904,71
GSE32646,110,expanded,logloss,-0.021357896683029187,71
GSE32646,111,expanded,auc,0.07719999999999999,76
GSE32646,111,expanded,ap,0.11571345333603325,76
GSE32646,111,expanded,brier,-0.02166404112082661,76
GSE32646,111,expanded,logloss,-0.06199831425607607,76
GSE32646,112,expanded,auc,0.012957875457875467,78
GSE32646,112,expanded,ap,0.018130725831637995,78
GSE32646,112,expanded,brier,0.002901919014968249,78
GSE32646,112,expanded,logloss,-0.003911015194037737,78
GSE32646,113,expanded,auc,0.02097069597069595,72
GSE32646,113,expanded,ap,-0.0034431312319055996,72
GSE32646,113,expanded,brier,0.011309035424974027,72
GSE32646,113,expanded,logloss,0.01697035502527598,72
GSE32646,114,expanded,auc,0.022493985565356856,78
GSE32646,114,expanded,ap,0.05016075375135389,78
GSE32646,114,expanded,brier,-0.00794035930797938,78
GSE32646,114,expanded,logloss,-0.028111349027966526,78
GSE32646,115,expanded,auc,0.01657509157509157,75
GSE32646,115,expanded,ap,-6.4270224383822235e-06,75
GSE32646,115,expanded,brier,0.0023709204841498065,75
GSE32646,115,expanded,logloss,-0.0018990073447576195,75
GSE32646,116,expanded,auc,-0.017502160760587727,74
GSE32646,116,expanded,ap,-0.04211164139299919,74
GSE32646,116,expanded,brier,0.016356664618858853,74
GSE32646,116,expanded,logloss,0.03796486765850505,74
GSE32646,117,expanded,auc,0.15967578520770012,68
GSE32646,117,expanded,ap,0.23112238844527339,68
GSE32646,117,expanded,brier,-0.0477575584617088,68
GSE32646,117,expanded,logloss,-0.14928395748799286,68
GSE32646,118,expanded,auc,0.016020331325301184,73
GSE32646,118,expanded,ap,0.005963194316932541,73
GSE32646,118,expanded,brier,0.006376775410518026,73
GSE32646,118,expanded,logloss,0.008145471162045715,73
GSE32646,119,expanded,auc,0.04342105263157895,77
GSE32646,119,expanded,ap,0.051187898741290164,77
GSE32646,119,expanded,brier,-0.0059583828364272225,77
GSE32646,119,expanded,logloss,-0.02207740256577711,77
GSE32646,120,expanded,auc,0.040176423416198884,71
GSE32646,120,expanded,ap,0.06837426440291772,71
GSE32646,120,expanded,brier,-0.011258509461073743,71
GSE32646,120,expanded,logloss,-0.04565003037707529,71
GSE32646,121,expanded,auc,0.05682352941176472,72
GSE32646,121,expanded,ap,0.10012774228845449,72
GSE32646,121,expanded,brier,-0.018928988137394576,72
GSE32646,121,expanded,logloss,-0.0285928067773455,72
GSE32646,122,expanded,auc,-0.01580387205387205,74
GSE32646,122,expanded,ap,-0.02484232179614491,74
GSE32646,122,expanded,brier,0.010928757653965674,74
GSE32646,122,expanded,logloss,0.027821785364605243,74
GSE32646,123,expanded,auc,0.038415366146458595,77
GSE32646,123,expanded,ap,0.05690926016951729,77
GSE32646,123,expanded,brier,0.002867968159643258,77
GSE32646,123,expanded,logloss,-0.009082362578228975,77
GSE32646,124,expanded,auc,0.308455522971652,72
GSE32646,124,expanded,ap,0.25226651799520405,72
GSE32646,124,expanded,brier,-0.05118585550853225,72
GSE32646,124,expanded,logloss,-0.18282793903446584,72
GSE32646,125,expanded,auc,0.04719358533791522,76
GSE32646,125,expanded,ap,0.13549161654958106,76
GSE32646,125,expanded,brier,-0.00745921031207621,76
GSE32646,125,expanded,logloss,-0.020182252791635564,76
GSE32646,126,expanded,auc,0.10669599217986314,73
GSE32646,126,expanded,ap,0.07221672618715527,73
GSE32646,126,expanded,brier,-0.012946007754881264,73
GSE32646,126,expanded,logloss,-0.052732850916841524,73
GSE32646,127,expanded,auc,0.039360929557008,72
GSE32646,127,expanded,ap,-0.003364774823344746,72
GSE32646,127,expanded,brier,0.00633812193060525,72
GSE32646,127,expanded,logloss,0.02506061259818122,72
GSE32646,128,expanded,auc,0.06288919413919411,72
GSE32646,128,expanded,ap,0.15323207257254645,72
GSE32646,128,expanded,brier,-0.019019979861156312,72
GSE32646,128,expanded,logloss,-0.045863393738719824,72
GSE32646,129,expanded,auc,0.0581959706959707,69
GSE32646,129,expanded,ap,0.10587400513714754,69
GSE32646,129,expanded,brier,-0.013615500245150108,69
GSE32646,129,expanded,logloss,-0.023306264271558397,69
GSE32646,130,expanded,auc,0.10004321521175452,74
GSE32646,130,expanded,ap,0.07509946151249633,74
GSE32646,130,expanded,brier,-0.014942006475516658,74
GSE32646,130,expanded,logloss,-0.05156406464364653,74
GSE32646,131,expanded,auc,0.09105571847507331,75
GSE32646,131,expanded,ap,0.07765542703187864,75
GSE32646,131,expanded,brier,-8.384939713689809e-05,75
GSE32646,131,expanded,logloss,-0.016524324809220513,75
GSE32646,132,expanded,auc,0.05127087872185909,71
GSE32646,132,expanded,ap,0.08538402804567485,71
GSE32646,132,expanded,brier,-0.014162538234945374,71
GSE32646,132,expanded,logloss,-0.039766236774208055,71
GSE32646,133,expanded,auc,0.04739010989010989,73
GSE32646,133,expanded,ap,0.037307690705935266,73
GSE32646,133,expanded,brier,0.0012855032153525291,73
GSE32646,133,expanded,logloss,-0.00853317075683217,73
GSE32646,134,expanded,auc,0.002297165200391005,70
GSE32646,134,expanded,ap,0.021531580511081228,70
GSE32646,134,expanded,brier,-0.002983554320490074,70
GSE32646,134,expanded,logloss,-0.0007791108569996374,70
GSE32646,135,expanded,auc,0.01585365853658537,74
GSE32646,135,expanded,ap,0.028456689076477155,74
GSE32646,135,expanded,brier,0.004645450027227768,74
GSE32646,135,expanded,logloss,0.01106670628231149,74
GSE32646,136,expanded,auc,0.0017857142857142794,77
GSE32646,136,expanded,ap,0.04598331705099496,77
GSE32646,136,expanded,brier,-0.004108626471283822,77
GSE32646,136,expanded,logloss,-0.00028755155325008164,77
GSE32646,137,expanded,auc,0.06391111111111111,75
GSE32646,137,expanded,ap,0.030406778868100493,75
GSE32646,137,expanded,brier,-0.0011309514164785234,75
GSE32646,137,expanded,logloss,-0.03654229994749307,75
GSE32646,138,expanded,auc,0.022869147659063623,70
GSE32646,138,expanded,ap,0.05360176698536813,70
GSE32646,138,expanded,brier,-0.011823410432578096,70
GSE32646,138,expanded,logloss,0.005123777987011163,70
GSE32646,139,expanded,auc,0.05158906134515893,75
GSE32646,139,expanded,ap,0.005980367455112207,75
GSE32646,139,expanded,brier,-0.003792092023264007,75
GSE32646,139,expanded,logloss,-0.020714636132872388,75
GSE32646,140,expanded,auc,0.13336842105263158,74
GSE32646,140,expanded,ap,0.05639509017098272,74
GSE32646,140,expanded,brier,-0.008574258844359315,74
GSE32646,140,expanded,logloss,-0.04420420017589034,74
GSE32646,141,expanded,auc,0.004705882352941171,71
GSE32646,141,expanded,ap,-0.018043992693537868,71
GSE32646,141,expanded,brier,0.015495868053763646,71
GSE32646,141,expanded,logloss,0.025791654376398243,71
GSE32646,142,expanded,auc,-0.005180840664711628,70
GSE32646,142,expanded,ap,-0.024014777330816705,70
GSE32646,142,expanded,brier,0.007249472953802969,70
GSE32646,142,expanded,logloss,0.013860453137768586,70
GSE32646,143,expanded,auc,0.03005263157894735,75
GSE32646,143,expanded,ap,-0.007477424681295433,75
GSE32646,143,expanded,brier,0.004393075401063748,75
GSE32646,143,expanded,logloss,-0.0009234293435689489,75
GSE32646,144,expanded,auc,-0.023863636363636347,75
GSE32646,144,expanded,ap,-0.0011120973692215013,75
GSE32646,144,expanded,brier,0.010375675635482542,75
GSE32646,144,expanded,logloss,0.06389109684127428,75
GSE32646,145,expanded,auc,0.0161401098901099,69
GSE32646,145,expanded,ap,-0.0003432630139568016,69
GSE32646,145,expanded,brier,0.0075144285547101425,69
GSE32646,145,expanded,logloss,0.0018064812203710313,69
GSE32646,146,expanded,auc,0.053005865102639285,69
GSE32646,146,expanded,ap,0.059031093327776916,69
GSE32646,146,expanded,brier,-0.0028130989424977673,69
GSE32646,146,expanded,logloss,-0.03178071959857234,69
GSE32646,147,expanded,auc,0.04702222222222222,76
GSE32646,147,expanded,ap,0.03193363212979659,76
GSE32646,147,expanded,brier,-0.005174431320071107,76
GSE32646,147,expanded,logloss,-0.020085236146847717,76
GSE32646,148,expanded,auc,0.04484877126654064,74
GSE32646,148,expanded,ap,0.027887043290415726,74
GSE32646,148,expanded,brier,-0.0030650495964527984,74
GSE32646,148,expanded,logloss,-0.011824648753839772,74
GSE32646,149,expanded,auc,0.15150360866078588,74
GSE32646,149,expanded,ap,0.11677633024581793,74
GSE32646,149,expanded,brier,-0.03362594735821346,74
GSE32646,149,expanded,logloss,-0.10766646259567905,74
GSE32646,150,expanded,auc,0.020841209829867657,68
GSE32646,150,expanded,ap,0.028605102504618774,68
GSE32646,150,expanded,brier,-0.0018214189397094294,68
GSE32646,150,expanded,logloss,0.007640715686567523,68
GSE32646,151,expanded,auc,0.012121212121212121,71
GSE32646,151,expanded,ap,-0.019410579619070972,71
GSE32646,151,expanded,brier,0.0057710991756867586,71
GSE32646,151,expanded,logloss,0.009297048701826582,71
GSE32646,152,expanded,auc,0.05137520525451561,81
GSE32646,152,expanded,ap,0.12488273579187761,81
GSE32646,152,expanded,brier,-0.01633158489599675,81
GSE32646,152,expanded,logloss,-0.04235264111912563,81
GSE32646,153,expanded,auc,0.0830791575889615,67
GSE32646,153,expanded,ap,0.09231833294489714,67
GSE32646,153,expanded,brier,-0.021235962193734047,67
GSE32646,153,expanded,logloss,-0.0818864371128249,67
GSE32646,154,expanded,auc,0.1375548245614035,72
GSE32646,154,expanded,ap,0.060053856974690956,72
GSE32646,154,expanded,brier,-0.002823356799425797,72
GSE32646,154,expanded,logloss,-0.02844864699397545,72
GSE32646,155,expanded,auc,0.1460992907801419,78
GSE32646,155,expanded,ap,0.12900602946245737,78
GSE32646,155,expanded,brier,-0.019769972170498522,78
GSE32646,155,expanded,logloss,-0.06490903059149139,78
GSE32646,156,expanded,auc,0.0836470588235294,70
GSE32646,156,expanded,ap,0.12769316471444148,70
GSE32646,156,expanded,brier,-0.02694893032060648,70
GSE32646,156,expanded,logloss,-0.08536136651492006,70
GSE32646,157,expanded,auc,0.04991980753809142,73
GSE32646,157,expanded,ap,0.05531344407529998,73
GSE32646,157,expanded,brier,-0.009196024651238924,73
GSE32646,157,expanded,logloss,-0.03069494456634008,73
GSE32646,158,expanded,auc,0.09127864005912789,73
GSE32646,158,expanded,ap,0.11989578487506711,73
GSE32646,158,expanded,brier,-0.028302090820973336,73
GSE32646,158,expanded,logloss,-0.08225526017667031,73
GSE32646,159,expanded,auc,0.00918866080156403,73
GSE32646,159,expanded,ap,0.009103752429267878,73
GSE32646,159,expanded,brier,0.0071471726902039845,73
GSE32646,159,expanded,logloss,0.02349743116009805,73
GSE32646,160,expanded,auc,0.04691358024691359,65
GSE32646,160,expanded,ap,0.0190567758713966,65
GSE32646,160,expanded,brier,-0.002868684419930709,65
GSE32646,160,expanded,logloss,-0.027643043668393874,65
GSE32646,161,expanded,auc,0.17756024096385545,76
GSE32646,161,expanded,ap,0.17078020959561496,76
GSE32646,161,expanded,brier,-0.054062900412680734,76
GSE32646,161,expanded,logloss,-0.14341848135013974,76
GSE32646,162,expanded,auc,0.010080183276059551,75
GSE32646,162,expanded,ap,-0.02648367484072056,75
GSE32646,162,expanded,brier,0.008737256487069583,75
GSE32646,162,expanded,logloss,0.024213667418423568,75
GSE32646,163,expanded,auc,0.06620879120879122,77
GSE32646,163,expanded,ap,0.04586946607785209,77
GSE32646,163,expanded,brier,-0.0024506053815681493,77
GSE32646,163,expanded,logloss,-0.030640326365073117,77
GSE32646,164,expanded,auc,0.07506014434643143,75
GSE32646,164,expanded,ap,0.05242783711393697,75
GSE32646,164,expanded,brier,-0.014733356080823157,75
GSE32646,164,expanded,logloss,-0.041056284460768075,75
GSE32646,165,expanded,auc,0.042156862745098035,69
GSE32646,165,expanded,ap,0.036867865920653435,69
GSE32646,165,expanded,brier,-0.0016401808169283882,69
GSE32646,165,expanded,logloss,-0.0031975420584965386,69
GSE32646,166,expanded,auc,0.013895048041389501,71
GSE32646,166,expanded,ap,-0.030757003420761358,71
GSE32646,166,expanded,brier,0.0024855463702519454,71
GSE32646,166,expanded,logloss,0.0025526849646212214,71
GSE32646,167,expanded,auc,0.0018582541054451341,66
GSE32646,167,expanded,ap,-0.0072026557274677775,66
GSE32646,167,expanded,brier,0.00384439634202855,66
GSE32646,167,expanded,logloss,0.00860819816345551,66
GSE32646,168,expanded,auc,0.015050835148874375,78
GSE32646,168,expanded,ap,-0.01934265094092826,78
GSE32646,168,expanded,brier,0.011720431524958313,78
GSE32646,168,expanded,logloss,0.027798255588606713,78
GSE32646,169,expanded,auc,0.01547104580812444,77
GSE32646,169,expanded,ap,0.022778007592114312,77
GSE32646,169,expanded,brier,-0.00290847321782666,77
GSE32646,169,expanded,logloss,0.012152667812268042,77
GSE32646,170,expanded,auc,-0.015823529411764715,80
GSE32646,170,expanded,ap,-0.019214156736968396,80
GSE32646,170,expanded,brier,0.009836499496597437,80
GSE32646,170,expanded,logloss,0.02341734451192832,80
GSE32646,171,expanded,auc,0.02619745845552298,71
GSE32646,171,expanded,ap,0.16151277069506378,71
GSE32646,171,expanded,brier,-0.023625588862208995,71
GSE32646,171,expanded,logloss,-0.060281756261529616,71
GSE32646,172,expanded,auc,0.038613671274961604,72
GSE32646,172,expanded,ap,-0.03418156702802579,72
GSE32646,172,expanded,brier,0.004842385691399359,72
GSE32646,172,expanded,logloss,-0.006026277400039803,72
GSE32646,173,expanded,auc,0.07222222222222222,71
GSE32646,173,expanded,ap,0.10503002959153848,71
GSE32646,173,expanded,brier,-0.018244811669024773,71
GSE32646,173,expanded,logloss,-0.059403553121601026,71
GSE32646,174,expanded,auc,0.03941227312013827,77
GSE32646,174,expanded,ap,0.029352736436923755,77
GSE32646,174,expanded,brier,-0.0057148148047756805,77
GSE32646,174,expanded,logloss,-0.023596983305616763,77
GSE32646,175,expanded,auc,0.01993021346469622,70
GSE32646,175,expanded,ap,0.013109018567007047,70
GSE32646,175,expanded,brier,0.0019815979500353827,70
GSE32646,175,expanded,logloss,0.010258336372819015,70
GSE32646,176,expanded,auc,0.011377777777777775,82
GSE32646,176,expanded,ap,0.004568049142115907,82
GSE32646,176,expanded,brier,0.004221455268049679,82
GSE32646,176,expanded,logloss,0.015814029313383195,82
GSE32646,177,expanded,auc,0.04043528064146622,67
GSE32646,177,expanded,ap,0.0544546711275101,67
GSE32646,177,expanded,brier,-0.0016016560841277088,67
GSE32646,177,expanded,logloss,-0.01611942114755514,67
GSE32646,178,expanded,auc,0.04237711213517664,74
GSE32646,178,expanded,ap,0.04190825122665868,74
GSE32646,178,expanded,brier,0.0023318084347657394,74
GSE32646,178,expanded,logloss,-0.0011987685336643406,74
GSE32646,179,expanded,auc,0.013831867057673497,74
GSE32646,179,expanded,ap,0.004820394175550538,74
GSE32646,179,expanded,brier,0.002355855238450519,74
GSE32646,179,expanded,logloss,0.0018259658495380527,74
GSE32646,180,expanded,auc,0.00824669187145558,78
GSE32646,180,expanded,ap,0.04488035528910751,78
GSE32646,180,expanded,brier,-0.0017210652368969514,78
GSE32646,180,expanded,logloss,0.002090799324181458,78
GSE32646,181,expanded,auc,0.04328888888888891,79
GSE32646,181,expanded,ap,0.07992104565597073,79
GSE32646,181,expanded,brier,-0.009528104903372917,79
GSE32646,181,expanded,logloss,-0.028246390771274825,79
GSE32646,182,expanded,auc,0.03932676518883414,77
GSE32646,182,expanded,ap,0.006812733752333755,77
GSE32646,182,expanded,brier,-0.0004990621860416044,77
GSE32646,182,expanded,logloss,0.003505198254578118,77
GSE32646,183,expanded,auc,0.0757996632996633,76
GSE32646,183,expanded,ap,0.09332226074716987,76
GSE32646,183,expanded,brier,-0.011996485489256012,76
GSE32646,183,expanded,logloss,-0.02625449102177475,76
GSE32646,184,expanded,auc,0.0962912087912088,70
GSE32646,184,expanded,ap,0.12463436622041965,70
GSE32646,184,expanded,brier,-0.03168181460668991,70
GSE32646,184,expanded,logloss,-0.08542443374505113,70
GSE32646,185,expanded,auc,0.04759036144578314,72
GSE32646,185,expanded,ap,0.04168223275288101,72
GSE32646,185,expanded,brier,-0.002765339822021151,72
GSE32646,185,expanded,logloss,-0.023158097498213515,72
GSE32646,186,expanded,auc,0.057973206568712174,72
GSE32646,186,expanded,ap,-0.008601275086488036,72
GSE32646,186,expanded,brier,0.007827498219723348,72
GSE32646,186,expanded,logloss,0.00504972939341074,72
GSE32646,187,expanded,auc,0.025757575757575778,79
GSE32646,187,expanded,ap,0.06629040774725674,79
GSE32646,187,expanded,brier,-0.00477936924349891,79
GSE32646,187,expanded,logloss,-0.013324379540136905,79
GSE32646,188,expanded,auc,0.023911111111111095,71
GSE32646,188,expanded,ap,0.018811766135476686,71
GSE32646,188,expanded,brier,-0.0063042885995588955,71
GSE32646,188,expanded,logloss,-0.015372780482769776,71
GSE32646,189,expanded,auc,0.02730968218773098,77
GSE32646,189,expanded,ap,0.03271480036625888,77
GSE32646,189,expanded,brier,-0.009847160024629018,77
GSE32646,189,expanded,logloss,-0.02139791138352167,77
GSE32646,190,expanded,auc,0.034562951082598235,74
GSE32646,190,expanded,ap,0.02942295428481977,74
GSE32646,190,expanded,brier,0.0017242701778665992,74
GSE32646,190,expanded,logloss,0.00734089136403226,74
GSE32646,191,expanded,auc,0.0312636165577342,69
GSE32646,191,expanded,ap,0.04846092365655408,69
GSE32646,191,expanded,brier,0.007968882984568748,69
GSE32646,191,expanded,logloss,-0.0018865616437975796,69
GSE32646,192,expanded,auc,0.06814759036144577,75
GSE32646,192,expanded,ap,0.11081530132485014,75
GSE32646,192,expanded,brier,-0.018371977081750486,75
GSE32646,192,expanded,logloss,-0.04970458135953396,75
GSE32646,193,expanded,auc,0.10317982456140351,78
GSE32646,193,expanded,ap,0.09597086556055923,78
GSE32646,193,expanded,brier,-0.0135087231019396,78
GSE32646,193,expanded,logloss,-0.04668981715581389,78
GSE32646,194,expanded,auc,0.043903591682419654,73
GSE32646,194,expanded,ap,0.028271427207696664,73
GSE32646,194,expanded,brier,-0.003536675225318939,73
GSE32646,194,expanded,logloss,-0.005962387075856818,73
GSE32646,195,expanded,auc,0.10164473684210526,74
GSE32646,195,expanded,ap,0.055887123530908245,74
GSE32646,195,expanded,brier,-0.0035924873595194057,74
GSE32646,195,expanded,logloss,-0.026171705921672096,74
GSE32646,196,expanded,auc,0.050627450980392175,77
GSE32646,196,expanded,ap,0.11218691504384153,77
GSE32646,196,expanded,brier,-0.017746028118166973,77
GSE32646,196,expanded,logloss,-0.04531349189018359,77
GSE32646,197,expanded,auc,0.06182266009852215,79
GSE32646,197,expanded,ap,0.05664940715733345,79
GSE32646,197,expanded,brier,-0.00798708126079263,79
GSE32646,197,expanded,logloss,-0.026510330253838442,79
GSE32646,198,expanded,auc,0.030789224952741046,73
GSE32646,198,expanded,ap,0.04508821352231458,73
GSE32646,198,expanded,brier,-0.00911340095094683,73
GSE32646,198,expanded,logloss,-0.033026518638599775,73
GSE32646,199,expanded,auc,0.024828934506353838,71
GSE32646,199,expanded,ap,0.019401585699649133,71
GSE32646,199,expanded,brier,0.00040648608709923094,71
GSE32646,199,expanded,logloss,-0.001089813664400563,71
GSE32646,200,expanded,auc,0.06740558292282431,75
GSE32646,200,expanded,ap,0.0954270146323547,75
GSE32646,200,expanded,brier,-0.02097052967053329,75
GSE32646,200,expanded,logloss,-0.06318690510014788,75
GSE32646,201,expanded,auc,0.026830808080808087,71
GSE32646,201,expanded,ap,0.04653074120161287,71
GSE32646,201,expanded,brier,-0.00867568890352005,71
GSE32646,201,expanded,logloss,-0.015912005843480008,71
GSE32646,202,expanded,auc,0.04146141215106732,69
GSE32646,202,expanded,ap,0.02001551361188647,69
GSE32646,202,expanded,brier,-0.0001395200908367894,69
GSE32646,202,expanded,logloss,-0.011620931692373809,69
GSE32646,203,expanded,auc,-0.038222222222222234,72
GSE32646,203,expanded,ap,-0.03291184621910739,72
GSE32646,203,expanded,brier,0.00823069760582441,72
GSE32646,203,expanded,logloss,0.052220095707843715,72
GSE32646,204,expanded,auc,0.08617021276595746,72
GSE32646,204,expanded,ap,0.21768826144983824,72
GSE32646,204,expanded,brier,-0.03151040973192061,72
GSE32646,204,expanded,logloss,-0.08892809119531327,72
GSE32646,205,expanded,auc,-0.008177777777777773,69
GSE32646,205,expanded,ap,-0.028016843292288908,69
GSE32646,205,expanded,brier,0.013608134627503089,69
GSE32646,205,expanded,logloss,0.032066779011022235,69
GSE32646,206,expanded,auc,0.050657894736842124,70
GSE32646,206,expanded,ap,0.0365973110435558,70
GSE32646,206,expanded,brier,0.0007015725523869476,70
GSE32646,206,expanded,logloss,-0.007847102434133262,70
GSE32646,207,expanded,auc,-0.023709483793517405,73
GSE32646,207,expanded,ap,-0.018904999896310035,73
GSE32646,207,expanded,brier,0.0071213243934229635,73
GSE32646,207,expanded,logloss,0.03680375334408419,73
GSE32646,208,expanded,auc,0.032078313253012046,75
GSE32646,208,expanded,ap,0.030925923675056644,75
GSE32646,208,expanded,brier,-0.001273289610729003,75
GSE32646,208,expanded,logloss,-0.017541426740118837,75
GSE32646,209,expanded,auc,0.007786195286195274,74
GSE32646,209,expanded,ap,-0.009542867503216418,74
GSE32646,209,expanded,brier,0.0037419083148297312,74
GSE32646,209,expanded,logloss,0.005343431515344754,74
GSE32646,210,expanded,auc,0.10147783251231526,73
GSE32646,210,expanded,ap,0.0965284027626248,73
GSE32646,210,expanded,brier,-0.02021078954210239,73
GSE32646,210,expanded,logloss,-0.06164801195253544,73
GSE32646,211,expanded,auc,0.013866666666666683,72
GSE32646,211,expanded,ap,-0.019781586027427113,72
GSE32646,211,expanded,brier,0.0021127639218422034,72
GSE32646,211,expanded,logloss,-0.0028154872967204258,72
GSE32646,212,expanded,auc,-0.004545454545454552,75
GSE32646,212,expanded,ap,-0.027853245713454333,75
GSE32646,212,expanded,brier,0.00973637628981947,75
GSE32646,212,expanded,logloss,0.02222498979228773,75
GSE32646,213,expanded,auc,0.010563973063973086,68
GSE32646,213,expanded,ap,-0.06362191141877313,68
GSE32646,213,expanded,brier,0.005586258486309756,68
GSE32646,213,expanded,logloss,0.0181790197970177,68
GSE32646,214,expanded,auc,0.2485349716446125,67
GSE32646,214,expanded,ap,0.38918826572795473,67
GSE32646,214,expanded,brier,-0.07924760495458792,67
GSE32646,214,expanded,logloss,-0.23455387309405848,67
GSE32646,215,expanded,auc,0.07091750841750841,77
GSE32646,215,expanded,ap,0.0795514238635284,77
GSE32646,215,expanded,brier,-0.01699657238830161,77
GSE32646,215,expanded,logloss,-0.04262200532656756,77
GSE32646,216,expanded,auc,0.021969126506024117,73
GSE32646,216,expanded,ap,-0.0014556275524623629,73
GSE32646,216,expanded,brier,0.008070577253262465,73
GSE32646,216,expanded,logloss,0.014650158761692933,73
GSE32646,217,expanded,auc,-0.028653530377668313,73
GSE32646,217,expanded,ap,-0.0547239114763826,73
GSE32646,217,expanded,brier,0.016614217334114844,73
GSE32646,217,expanded,logloss,0.044162569522054586,73
GSE32646,218,expanded,auc,0.04175824175824176,71
GSE32646,218,expanded,ap,0.060130372835558374,71
GSE32646,218,expanded,brier,-0.009113485570812884,71
GSE32646,218,expanded,logloss,-0.015815045301497972,71
GSE32646,219,expanded,auc,0.06885521885521885,75
GSE32646,219,expanded,ap,0.04175351918551083,75
GSE32646,219,expanded,brier,-0.008364904672611561,75
GSE32646,219,expanded,logloss,-0.03394374350534516,75
GSE32646,220,expanded,auc,0.08886784511784511,77
GSE32646,220,expanded,ap,0.1347877678483584,77
GSE32646,220,expanded,brier,-0.02570748118952242,77
GSE32646,220,expanded,logloss,-0.07862246765646366,77
GSE32646,221,expanded,auc,0.026039215686274507,71
GSE32646,221,expanded,ap,0.01278884426971641,71
GSE32646,221,expanded,brier,0.0012898349572919604,71
GSE32646,221,expanded,logloss,-0.0002864346005858165,71
GSE32646,222,expanded,auc,0.01337429111531192,67
GSE32646,222,expanded,ap,0.0014458426721675245,67
GSE32646,222,expanded,brier,0.005592948110508071,67
GSE32646,222,expanded,logloss,0.019547383678504254,67
GSE32646,223,expanded,auc,0.013932002956393208,74
GSE32646,223,expanded,ap,0.02467919218475679,74
GSE32646,223,expanded,brier,-0.0018287701727673661,74
GSE32646,223,expanded,logloss,-0.016684077874600085,74
GSE32646,224,expanded,auc,0.016249999999999997,70
GSE32646,224,expanded,ap,0.014887182632644196,70
GSE32646,224,expanded,brier,0.004652062377097044,70
GSE32646,224,expanded,logloss,0.021572074679580562,70
GSE32646,225,expanded,auc,0.04351771823681936,74
GSE32646,225,expanded,ap,0.09373595662520691,74
GSE32646,225,expanded,brier,-0.01801888745186931,74
GSE32646,225,expanded,logloss,-0.02859209225832946,74
GSE32646,226,expanded,auc,0.018733333333333334,78
GSE32646,226,expanded,ap,0.030490983917674474,78
GSE32646,226,expanded,brier,0.0014014385113149176,78
GSE32646,226,expanded,logloss,-0.005241386195202496,78
GSE32646,227,expanded,auc,0.027789327789327765,73
GSE32646,227,expanded,ap,0.02545481316246303,73
GSE32646,227,expanded,brier,-0.0053574593659159704,73
GSE32646,227,expanded,logloss,-0.009758923996165448,73
GSE32646,228,expanded,auc,0.07932416953035511,71
GSE32646,228,expanded,ap,0.07754290123791005,71
GSE32646,228,expanded,brier,-0.01783540625046757,71
GSE32646,228,expanded,logloss,-0.03943809046189743,71
GSE32646,229,expanded,auc,0.0445406626506024,76
GSE32646,229,expanded,ap,0.03886229594552258,76
GSE32646,229,expanded,brier,-0.002580817524121359,76
GSE32646,229,expanded,logloss,-0.005296897068116912,76
GSE32646,230,expanded,auc,-0.016877637130801704,69
GSE32646,230,expanded,ap,-0.006308064466023572,69
GSE32646,230,expanded,brier,0.011947991920167978,69
GSE32646,230,expanded,logloss,0.03006882591328769,69
GSE32646,231,expanded,auc,0.029381965552178303,69
GSE32646,231,expanded,ap,0.02533245232607933,69
GSE32646,231,expanded,brier,0.0031026282869293293,69
GSE32646,231,expanded,logloss,0.0028365957089738604,69
GSE32646,232,expanded,auc,0.09801523656776265,70
GSE32646,232,expanded,ap,0.08115621202007428,70
GSE32646,232,expanded,brier,-0.017460181123945602,70
GSE32646,232,expanded,logloss,-0.07063548867329945,70
GSE32646,233,expanded,auc,0.0639311043566363,73
GSE32646,233,expanded,ap,0.037964160919694456,73
GSE32646,233,expanded,brier,-0.003165938081830982,73
GSE32646,233,expanded,logloss,-0.021510329981280996,73
GSE32646,234,expanded,auc,0.12113071371291098,65
GSE32646,234,expanded,ap,0.09422548681781873,65
GSE32646,234,expanded,brier,-0.021875510215876144,65
GSE32646,234,expanded,logloss,-0.08047242971056882,65
GSE32646,235,expanded,auc,0.08676785714285712,77
GSE32646,235,expanded,ap,0.00522763643699094,77
GSE32646,235,expanded,brier,-0.020157513223240612,77
GSE32646,235,expanded,logloss,-0.05548020288577358,77
GSE32646,236,expanded,auc,0.05349462365591394,72
GSE32646,236,expanded,ap,0.025966420425419013,72
GSE32646,236,expanded,brier,-0.0034893861736059683,72
GSE32646,236,expanded,logloss,-0.006973978494088479,72
GSE32646,237,expanded,auc,-0.015994623655913955,75
GSE32646,237,expanded,ap,-0.05562362347844239,75
GSE32646,237,expanded,brier,0.012094036349649853,75
GSE32646,237,expanded,logloss,0.03052219775455479,75
GSE32646,238,expanded,auc,0.05816498316498316,77
GSE32646,238,expanded,ap,0.05239696004183482,77
GSE32646,238,expanded,brier,-0.006916153186060625,77
GSE32646,238,expanded,logloss,-0.027216126185367777,77
GSE32646,239,expanded,auc,0.021124763705103976,66
GSE32646,239,expanded,ap,0.01441331583535479,66
GSE32646,239,expanded,brier,0.0061812098171519225,66
GSE32646,239,expanded,logloss,0.015651986970721433,66
GSE32646,240,expanded,auc,0.005927051671732508,77
GSE32646,240,expanded,ap,-0.009828031507245944,77
GSE32646,240,expanded,brier,0.0021212147594252455,77
GSE32646,240,expanded,logloss,0.004425797449686675,77
GSE32646,241,expanded,auc,0.09375461936437543,74
GSE32646,241,expanded,ap,0.11818111891689673,74
GSE32646,241,expanded,brier,-0.019960320246763936,74
GSE32646,241,expanded,logloss,-0.06532352479767337,74
GSE32646,242,expanded,auc,0.053306342780026994,73
GSE32646,242,expanded,ap,0.038288669785802726,73
GSE32646,242,expanded,brier,-0.009709044895048115,73
GSE32646,242,expanded,logloss,-0.007733576251475471,73
GSE32646,243,expanded,auc,0.05552930056710777,71
GSE32646,243,expanded,ap,0.03660334978926321,71
GSE32646,243,expanded,brier,-0.007534205387687551,71
GSE32646,243,expanded,logloss,-0.03492153115893339,71
GSE32646,244,expanded,auc,0.12131024096385545,78
GSE32646,244,expanded,ap,0.09541098578397503,78
GSE32646,244,expanded,brier,-0.026518585818413855,78
GSE32646,244,expanded,logloss,-0.07204300209583112,78
GSE32646,245,expanded,auc,4.7258979206066255e-05,71
GSE32646,245,expanded,ap,-0.003354827338451577,71
GSE32646,245,expanded,brier,0.009555254403455579,71
GSE32646,245,expanded,logloss,0.022503648455121705,71
GSE32646,246,expanded,auc,0.05968020743301643,76
GSE32646,246,expanded,ap,0.10690338939523066,76
GSE32646,246,expanded,brier,-0.009711498501819788,76
GSE32646,246,expanded,logloss,-0.03342883114788385,76
GSE32646,247,expanded,auc,0.03336214347450304,70
GSE32646,247,expanded,ap,0.0537871499504612,70
GSE32646,247,expanded,brier,-0.009408634968752747,70
GSE32646,247,expanded,logloss,-0.018555969803527916,70
GSE32646,248,expanded,auc,0.10368620037807182,75
GSE32646,248,expanded,ap,0.11450673015058777,75
GSE32646,248,expanded,brier,-0.01630255794989491,75
GSE32646,248,expanded,logloss,-0.04303111561075241,75
GSE32646,249,expanded,auc,0.025237683664649936,72
GSE32646,249,expanded,ap,0.042830421632922465,72
GSE32646,249,expanded,brier,-0.0001605251480581077,72
GSE32646,249,expanded,logloss,-0.014086575872967388,72
GSE32646,250,expanded,auc,-0.016666666666666698,73
GSE32646,250,expanded,ap,-0.03276197564159818,73
GSE32646,250,expanded,brier,0.010154761432483558,73
GSE32646,250,expanded,logloss,0.02155301484503369,73
GSE32646,251,expanded,auc,-0.019612794612794592,79
GSE32646,251,expanded,ap,-0.03542515811472834,79
GSE32646,251,expanded,brier,0.012365132840404091,79
GSE32646,251,expanded,logloss,0.048272503720896795,79
GSE32646,252,expanded,auc,0.029258241758241745,72
GSE32646,252,expanded,ap,0.08320635270629377,72
GSE32646,252,expanded,brier,-0.014071710828355058,72
GSE32646,252,expanded,logloss,-0.017813989133468756,72
GSE32646,253,expanded,auc,0.009142053445850905,71
GSE32646,253,expanded,ap,0.005919348906623728,71
GSE32646,253,expanded,brier,0.003521177293424771,71
GSE32646,253,expanded,logloss,0.029001908478251615,71
GSE32646,254,expanded,auc,0.007239057239057245,74
GSE32646,254,expanded,ap,0.04533249177928934,74
GSE32646,254,expanded,brier,0.0013975208303463743,74
GSE32646,254,expanded,logloss,-0.01085168461648675,74
GSE32646,255,expanded,auc,0.025288018433179703,68
GSE32646,255,expanded,ap,-0.006510889415838872,68
GSE32646,255,expanded,brier,-0.0020679571555270253,68
GSE32646,255,expanded,logloss,-0.010714450784022295,68
GSE32646,256,expanded,auc,-0.0008620689655172376,74
GSE32646,256,expanded,ap,0.004922001661734748,74
GSE32646,256,expanded,brier,0.007790557719923349,74
GSE32646,256,expanded,logloss,0.017612203265644277,74
GSE32646,257,expanded,auc,-0.03606889564336374,70
GSE32646,257,expanded,ap,-0.04387120667715624,70
GSE32646,257,expanded,brier,0.01044654246937475,70
GSE32646,257,expanded,logloss,0.03407220652891157,70
GSE32646,258,expanded,auc,0.04239215686274508,65
GSE32646,258,expanded,ap,0.033124723584415136,65
GSE32646,258,expanded,brier,-0.006228197771749685,65
GSE32646,258,expanded,logloss,-0.018435374550149118,65
GSE32646,259,expanded,auc,0.03733928571428573,76
GSE32646,259,expanded,ap,0.07868564162775889,76
GSE32646,259,expanded,brier,-0.018377073494335504,76
GSE32646,259,expanded,logloss,-0.027929376404994117,76
GSE32646,260,expanded,auc,0.018809073724007565,78
GSE32646,260,expanded,ap,0.04741335993757874,78
GSE32646,260,expanded,brier,0.001851716198755801,78
GSE32646,260,expanded,logloss,0.0012975715724426796,78
GSE32646,261,expanded,auc,-0.017674858223062383,74
GSE32646,261,expanded,ap,-0.01916894408981605,74
GSE32646,261,expanded,brier,0.008530106565387292,74
GSE32646,261,expanded,logloss,0.03192524563115775,74
GSE32646,262,expanded,auc,-0.004148660328435616,81
GSE32646,262,expanded,ap,-0.005431530948070823,81
GSE32646,262,expanded,brier,0.0067292425940639385,81
GSE32646,262,expanded,logloss,0.01986708428384202,81
GSE32646,263,expanded,auc,0.038667168674698806,74
GSE32646,263,expanded,ap,0.008204162210317612,74
GSE32646,263,expanded,brier,0.008267772288320385,74
GSE32646,263,expanded,logloss,0.03176336556577669,74
GSE32646,264,expanded,auc,0.049827139152981856,72
GSE32646,264,expanded,ap,0.043618923935098336,72
GSE32646,264,expanded,brier,0.0006411912165953465,72
GSE32646,264,expanded,logloss,-0.013611933968740563,72
GSE32646,265,expanded,auc,0.0017857142857142683,74
GSE32646,265,expanded,ap,-0.024020438944578386,74
GSE32646,265,expanded,brier,0.0017186019202091272,74
GSE32646,265,expanded,logloss,-0.0038667813104105663,74
GSE32646,266,expanded,auc,0.0644346431435445,68
GSE32646,266,expanded,ap,0.05459982785531505,68
GSE32646,266,expanded,brier,-0.012828738150738558,68
GSE32646,266,expanded,logloss,-0.04725154260667031,68
GSE32646,267,expanded,auc,0.010264635124298316,72
GSE32646,267,expanded,ap,0.05579077069052642,72
GSE32646,267,expanded,brier,0.0011829681398609875,72
GSE32646,267,expanded,logloss,-0.004454539347338466,72
GSE32646,268,expanded,auc,0.09887730553327988,69
GSE32646,268,expanded,ap,0.04858914656676351,69
GSE32646,268,expanded,brier,-0.01994221207114521,69
GSE32646,268,expanded,logloss,-0.07979162299832368,69
GSE32646,269,expanded,auc,0.031155555555555558,69
GSE32646,269,expanded,ap,0.015556428334923784,69
GSE32646,269,expanded,brier,0.00011787977148223771,69
GSE32646,269,expanded,logloss,-0.0026593372764119605,69
GSE32646,270,expanded,auc,0.03736559139784947,69
GSE32646,270,expanded,ap,0.07887075550511642,69
GSE32646,270,expanded,brier,-0.007002394841450948,69
GSE32646,270,expanded,logloss,-0.030317350586733526,69
GSE32646,271,expanded,auc,0.03291900561347231,74
GSE32646,271,expanded,ap,0.029944829652431983,74
GSE32646,271,expanded,brier,-0.0041624092076701005,74
GSE32646,271,expanded,logloss,-0.013487514284223224,74
GSE32646,272,expanded,auc,0.043431001890359186,72
GSE32646,272,expanded,ap,0.01832901544551723,72
GSE32646,272,expanded,brier,-0.0031262043647890675,72
GSE32646,272,expanded,logloss,-0.0025586623253493813,72
GSE32646,273,expanded,auc,0.1466208476517755,68
GSE32646,273,expanded,ap,0.16630067879290505,68
GSE32646,273,expanded,brier,-0.03740137158122028,68
GSE32646,273,expanded,logloss,-0.12271626692527202,68
GSE32646,274,expanded,auc,0.04364478114478115,70
GSE32646,274,expanded,ap,0.01901556230034438,70
GSE32646,274,expanded,brier,-0.001015820642389495,70
GSE32646,274,expanded,logloss,-0.016389242837173655,70
GSE32646,275,expanded,auc,0.0008308895405669703,76
GSE32646,275,expanded,ap,-0.022054511387377546,76
GSE32646,275,expanded,brier,0.012527981207750971,76
GSE32646,275,expanded,logloss,0.030255158783109793,76
GSE32646,276,expanded,auc,0.01752577319587627,73
GSE32646,276,expanded,ap,0.012165371557834708,73
GSE32646,276,expanded,brier,0.0031351216980139082,73
GSE32646,276,expanded,logloss,0.004720294930459989,73
GSE32646,277,expanded,auc,0.0687142857142857,77
GSE32646,277,expanded,ap,0.0805405644520729,77
GSE32646,277,expanded,brier,-0.01243205672867706,77
GSE32646,277,expanded,logloss,-0.03857356782171954,77
GSE32646,278,expanded,auc,0.06605263157894735,75
GSE32646,278,expanded,ap,0.04705261806258569,75
GSE32646,278,expanded,brier,-0.008798338211694214,75
GSE32646,278,expanded,logloss,-0.02509465044419007,75
GSE32646,279,expanded,auc,0.1205490196078431,70
GSE32646,279,expanded,ap,0.15713117953575537,70
GSE32646,279,expanded,brier,-0.0405058212691047,70
GSE32646,279,expanded,logloss,-0.10541106286965149,70
GSE32646,280,expanded,auc,0.030232558139534883,77
GSE32646,280,expanded,ap,0.06441830346893544,77
GSE32646,280,expanded,brier,-0.0027742239472654277,77
GSE32646,280,expanded,logloss,-0.026607752473740243,77
GSE32646,281,expanded,auc,0.02163382594417077,75
GSE32646,281,expanded,ap,0.014571492927750607,75
GSE32646,281,expanded,brier,-0.0014884222602903647,75
GSE32646,281,expanded,logloss,-0.016337088001213317,75
GSE32646,282,expanded,auc,-0.007193515704154008,77
GSE32646,282,expanded,ap,0.02308916682385544,77
GSE32646,282,expanded,brier,-0.0015047908201399577,77
GSE32646,282,expanded,logloss,0.007041765084441709,77
GSE32646,283,expanded,auc,-0.0064444444444444636,75
GSE32646,283,expanded,ap,-0.04354531936057576,75
GSE32646,283,expanded,brier,0.011121997915403123,75
GSE32646,283,expanded,logloss,0.034064262252820644,75
GSE32646,284,expanded,auc,0.10320136852394916,71
GSE32646,284,expanded,ap,0.1684665466870861,71
GSE32646,284,expanded,brier,-0.023612756811340944,71
GSE32646,284,expanded,logloss,-0.08021251271218624,71
GSE32646,285,expanded,auc,0.1322390572390572,78
GSE32646,285,expanded,ap,0.12649508990147212,78
GSE32646,285,expanded,brier,-0.029191044973773245,78
GSE32646,285,expanded,logloss,-0.07756630241965465,78
GSE32646,286,expanded,auc,0.05086274509803923,73
GSE32646,286,expanded,ap,0.10723367343858614,73
GSE32646,286,expanded,brier,-0.01948649690337017,73
GSE32646,286,expanded,logloss,-0.04662165664041281,73
GSE32646,287,expanded,auc,0.15399419026870004,74
GSE32646,287,expanded,ap,0.187210144342079,74
GSE32646,287,expanded,brier,-0.051903073280887155,74
GSE32646,287,expanded,logloss,-0.1395347344106164,74
GSE32646,288,expanded,auc,-0.006325301204819278,69
GSE32646,288,expanded,ap,-0.01778237178876154,69
GSE32646,288,expanded,brier,0.012339196916354031,69
GSE32646,288,expanded,logloss,0.030097499316034837,69
GSE32646,289,expanded,auc,0.01138290932811481,73
GSE32646,289,expanded,ap,0.027190203917003948,73
GSE32646,289,expanded,brier,-0.0008095675271813513,73
GSE32646,289,expanded,logloss,0.0011101418213368408,73
GSE32646,290,expanded,auc,0.08005865102639297,73
GSE32646,290,expanded,ap,0.05058849483965,73
GSE32646,290,expanded,brier,0.006429337192752871,73
GSE32646,290,expanded,logloss,0.010745659819506415,73
GSE32646,291,expanded,auc,-0.00915404040404041,69
GSE32646,291,expanded,ap,-0.006224505352137333,69
GSE32646,291,expanded,brier,0.008244630865674746,69
GSE32646,291,expanded,logloss,0.02421084695621608,69
GSE32646,292,expanded,auc,0.0748480243161094,73
GSE32646,292,expanded,ap,0.03292092060368739,73
GSE32646,292,expanded,brier,0.005442941394448475,73
GSE32646,292,expanded,logloss,-0.011243955607080613,73
GSE32646,293,expanded,auc,0.013551165146909816,68
GSE32646,293,expanded,ap,0.0020907507648032786,68
GSE32646,293,expanded,brier,0.0013882189092780882,68
GSE32646,293,expanded,logloss,-0.0036497585013420763,68
GSE32646,294,expanded,auc,-0.00557777777777776,74
GSE32646,294,expanded,ap,0.010971283177487901,74
GSE32646,294,expanded,brier,0.008153144310238353,74
GSE32646,294,expanded,logloss,0.02586148954138534,74
GSE32646,295,expanded,auc,0.11407843137254906,74
GSE32646,295,expanded,ap,0.10515895017699865,74
GSE32646,295,expanded,brier,-0.011634760724003958,74
GSE32646,295,expanded,logloss,-0.05979692546041443,74
GSE32646,296,expanded,auc,0.05730357142857143,72
GSE32646,296,expanded,ap,0.08331763413827764,72
GSE32646,296,expanded,brier,-0.015757609302174007,72
GSE32646,296,expanded,logloss,-0.04670056149868992,72
GSE32646,297,expanded,auc,0.06707193515704157,82
GSE32646,297,expanded,ap,0.09239117927762702,82
GSE32646,297,expanded,brier,-0.013470418033705545,82
GSE32646,297,expanded,logloss,-0.036717660608774176,82
GSE32646,298,expanded,auc,0.05173688100517367,76
GSE32646,298,expanded,ap,0.030847508529408006,76
GSE32646,298,expanded,brier,-0.012167146737215357,76
GSE32646,298,expanded,logloss,-0.02557536061986724,76
GSE32646,299,expanded,auc,0.09120370370370369,66
GSE32646,299,expanded,ap,0.06464814384175263,66
GSE32646,299,expanded,brier,-0.005915854963313078,66
GSE32646,299,expanded,logloss,-0.01221429267968217,66
GSE32646,300,expanded,auc,-0.031074578989574986,73
GSE32646,300,expanded,ap,-0.0465120634840638,73
GSE32646,300,expanded,brier,0.02612284252323498,73
GSE32646,300,expanded,logloss,0.07402085590063658,73
GSE32646,301,expanded,auc,0.010197368421052611,76
GSE32646,301,expanded,ap,-0.007752933242194848,76
GSE32646,301,expanded,brier,0.0071734948829277655,76
GSE32646,301,expanded,logloss,0.00807297606800082,76
GSE32646,302,expanded,auc,0.09640567765567765,69
GSE32646,302,expanded,ap,0.13197307287985388,69
GSE32646,302,expanded,brier,-0.027130122904587328,69
GSE32646,302,expanded,logloss,-0.07527754813575538,69
GSE32646,303,expanded,auc,0.07352180339985218,73
GSE32646,303,expanded,ap,0.048284485672725405,73
GSE32646,303,expanded,brier,-0.008479622943526837,73
GSE32646,303,expanded,logloss,-0.035567141309651704,73
GSE32646,304,expanded,auc,0.03704212454212454,75
GSE32646,304,expanded,ap,0.03070593499355064,75
GSE32646,304,expanded,brier,-0.005669860723516942,75
GSE32646,304,expanded,logloss,-0.028343160347952524,75
GSE32646,305,expanded,auc,0.06583837510803804,66
GSE32646,305,expanded,ap,0.09690105891667768,66
GSE32646,305,expanded,brier,-0.006768913763547329,66
GSE32646,305,expanded,logloss,-0.023984209016369617,66
GSE32646,306,expanded,auc,0.012311111111111106,72
GSE32646,306,expanded,ap,0.04679411708009697,72
GSE32646,306,expanded,brier,0.00391148801357945,72
GSE32646,306,expanded,logloss,0.0030279711408136454,72
GSE32646,307,expanded,auc,0.1488,75
GSE32646,307,expanded,ap,0.06471793391654315,75
GSE32646,307,expanded,brier,-0.008361504034430204,75
GSE32646,307,expanded,logloss,-0.04632305156743143,75
GSE32646,308,expanded,auc,0.026308345120226305,70
GSE32646,308,expanded,ap,0.02853259099560638,70
GSE32646,308,expanded,brier,0.000545592111472784,70
GSE32646,308,expanded,logloss,0.0039604709973242004,70
GSE32646,309,expanded,auc,0.1115686274509804,75
GSE32646,309,expanded,ap,0.10850765535561949,75
GSE32646,309,expanded,brier,-0.031406681276023196,75
GSE32646,309,expanded,logloss,-0.0973213958804465,75
GSE32646,310,expanded,auc,0.02490842490842491,76
GSE32646,310,expanded,ap,0.04588633296936809,76
GSE32646,310,expanded,brier,-0.004444682490852461,76
GSE32646,310,expanded,logloss,-0.016389312310965354,76
GSE32646,311,expanded,auc,0.13261494252873562,76
GSE32646,311,expanded,ap,0.18475218895578663,76
GSE32646,311,expanded,brier,-0.04050218628693297,76
GSE32646,311,expanded,logloss,-0.11237914716162226,76
GSE32646,312,expanded,auc,0.040590659340659314,63
GSE32646,312,expanded,ap,-0.04171076162918512,63
GSE32646,312,expanded,brier,0.011690875085811844,63
GSE32646,312,expanded,logloss,0.027900550035679948,63
GSE32646,313,expanded,auc,0.08774613220815752,75
GSE32646,313,expanded,ap,0.0652559263098763,75
GSE32646,313,expanded,brier,-0.02169515319481406,75
GSE32646,313,expanded,logloss,-0.07981066494414177,75
GSE32646,314,expanded,auc,0.017155555555555545,71
GSE32646,314,expanded,ap,-0.026762434376333348,71
GSE32646,314,expanded,brier,0.0027365164155085443,71
GSE32646,314,expanded,logloss,0.009908241602415125,71
GSE32646,315,expanded,auc,0.026007326007326026,75
GSE32646,315,expanded,ap,0.044200647798643244,75
GSE32646,315,expanded,brier,-0.002534067614919999,75
GSE32646,315,expanded,logloss,-0.007501758901074518,75
GSE32646,316,expanded,auc,0.0273574561403509,72
GSE32646,316,expanded,ap,0.016416573751655252,72
GSE32646,316,expanded,brier,0.005313655314229865,72
GSE32646,316,expanded,logloss,0.008221786253489733,72
GSE32646,317,expanded,auc,0.0449438202247191,71
GSE32646,317,expanded,ap,0.0554618504425727,71
GSE32646,317,expanded,brier,-0.00871989367132946,71
GSE32646,317,expanded,logloss,-0.02982640563044439,71
GSE32646,318,expanded,auc,0.01153846153846152,73
GSE32646,318,expanded,ap,0.004598104399169145,73
GSE32646,318,expanded,brier,0.006898294811446349,73
GSE32646,318,expanded,logloss,0.006454584555663246,73
GSE32646,319,expanded,auc,0.002085004009623093,73
GSE32646,319,expanded,ap,-0.003655946086260087,73
GSE32646,319,expanded,brier,0.004734926638141529,73
GSE32646,319,expanded,logloss,0.013409055140352505,73
GSE32646,320,expanded,auc,0.0513435003631082,68
GSE32646,320,expanded,ap,0.0475185574532893,68
GSE32646,320,expanded,brier,-0.013466640678924762,68
GSE32646,320,expanded,logloss,-0.019334261162631528,68
GSE32646,321,expanded,auc,-0.013423645320197042,74
GSE32646,321,expanded,ap,-0.025924975156676522,74
GSE32646,321,expanded,brier,0.008404432491568792,74
GSE32646,321,expanded,logloss,0.017095584549782605,74
GSE32646,322,expanded,auc,0.005428571428571438,68
GSE32646,322,expanded,ap,-0.0005044834269493315,68
GSE32646,322,expanded,brier,0.002321237658759398,68
GSE32646,322,expanded,logloss,0.008687948979933352,68
GSE32646,323,expanded,auc,0.054710458081244605,73
GSE32646,323,expanded,ap,0.15858985151050006,73
GSE32646,323,expanded,brier,-0.02109623515555204,73
GSE32646,323,expanded,logloss,-0.05547035956281199,73
GSE32646,324,expanded,auc,0.024243856332703227,72
GSE32646,324,expanded,ap,0.001917913891730072,72
GSE32646,324,expanded,brier,0.007464765657556854,72
GSE32646,324,expanded,logloss,0.012441641011288756,72
GSE32646,325,expanded,auc,0.021548619447779103,71
GSE32646,325,expanded,ap,-0.019278621563697213,71
GSE32646,325,expanded,brier,0.004464643737198533,71
GSE32646,325,expanded,logloss,-0.0131711987591361,71
GSE32646,326,expanded,auc,-0.019159335288367562,72
GSE32646,326,expanded,ap,-0.020258760263850716,72
GSE32646,326,expanded,brier,0.014130026845855227,72
GSE32646,326,expanded,logloss,0.04922097879532519,72
GSE32646,327,expanded,auc,0.013468809073723997,74
GSE32646,327,expanded,ap,0.04059561297535673,74
GSE32646,327,expanded,brier,-0.0021320312609897835,74
GSE32646,327,expanded,logloss,-0.0058934074382583305,74
GSE32646,328,expanded,auc,0.07085133967156439,75
GSE32646,328,expanded,ap,0.05383744445880556,75
GSE32646,328,expanded,brier,-0.0006291594743969675,75
GSE32646,328,expanded,logloss,-0.01628162966519353,75
GSE32646,329,expanded,auc,-0.0038720538720538266,73
GSE32646,329,expanded,ap,-0.03317412859710805,73
GSE32646,329,expanded,brier,0.004726896078838937,73
GSE32646,329,expanded,logloss,0.029210566850746696,73
GSE32646,330,expanded,auc,0.08318135764944279,72
GSE32646,330,expanded,ap,0.07142771449653199,72
GSE32646,330,expanded,brier,-0.004295029872018916,72
GSE32646,330,expanded,logloss,-0.013900733425375377,72
GSE32646,331,expanded,auc,0.09656593406593407,73
GSE32646,331,expanded,ap,0.09517465122226454,73
GSE32646,331,expanded,brier,-0.015368205016320174,73
GSE32646,331,expanded,logloss,-0.05141780618354395,73
GSE32646,332,expanded,auc,0.06376180101670299,72
GSE32646,332,expanded,ap,0.08531312203760433,72
GSE32646,332,expanded,brier,-0.020555486768947452,72
GSE32646,332,expanded,logloss,-0.04936087314544067,72
GSE32646,333,expanded,auc,0.03315018315018316,76
GSE32646,333,expanded,ap,0.0426048533845738,76
GSE32646,333,expanded,brier,0.0003080854906155589,76
GSE32646,333,expanded,logloss,-0.004065183594270378,76
GSE32646,334,expanded,auc,0.025902165196471538,74
GSE32646,334,expanded,ap,-0.006749503778130573,74
GSE32646,334,expanded,brier,0.004786014485421933,74
GSE32646,334,expanded,logloss,-0.0034315504467608005,74
GSE32646,335,expanded,auc,0.06611868484362468,67
GSE32646,335,expanded,ap,0.05026186778482311,67
GSE32646,335,expanded,brier,-0.013852655252785331,67
GSE32646,335,expanded,logloss,-0.030767923579692436,67
GSE32646,336,expanded,auc,0.0978823529411765,73
GSE32646,336,expanded,ap,0.08830758789352626,73
GSE32646,336,expanded,brier,-0.021271849771322647,73
GSE32646,336,expanded,logloss,-0.059115836638941245,73
GSE32646,337,expanded,auc,0.05609462710505213,73
GSE32646,337,expanded,ap,0.027814807002130827,73
GSE32646,337,expanded,brier,0.0007469828170868387,73
GSE32646,337,expanded,logloss,-0.013495569778206961,73
GSE32646,338,expanded,auc,0.03448275862068968,74
GSE32646,338,expanded,ap,0.017864625662401178,74
GSE32646,338,expanded,brier,0.0003059705456091133,74
GSE32646,338,expanded,logloss,-0.009482549517239891,74
GSE32646,339,expanded,auc,0.018117647058823516,71
GSE32646,339,expanded,ap,0.017909243725267875,71
GSE32646,339,expanded,brier,0.002094166405406128,71
GSE32646,339,expanded,logloss,0.0003205960012067077,71
GSE32646,340,expanded,auc,0.11016566265060238,72
GSE32646,340,expanded,ap,0.10878630099538163,72
GSE32646,340,expanded,brier,-0.018018538695899068,72
GSE32646,340,expanded,logloss,-0.07214774097323562,72
GSE32646,341,expanded,auc,0.10128903413217136,80
GSE32646,341,expanded,ap,0.10318198655810737,80
GSE32646,341,expanded,brier,-0.008744697064593035,80
GSE32646,341,expanded,logloss,-0.03146291504119655,80
GSE32646,342,expanded,auc,0.016398865784499027,74
GSE32646,342,expanded,ap,0.047265888415202136,74
GSE32646,342,expanded,brier,-0.002139932294947236,74
GSE32646,342,expanded,logloss,0.008045932130900263,74
GSE32646,343,expanded,auc,-0.015349544072948317,76
GSE32646,343,expanded,ap,-0.009459253187746337,76
GSE32646,343,expanded,brier,0.014797117545199212,76
GSE32646,343,expanded,logloss,0.0548136391555713,76
GSE32646,344,expanded,auc,0.005082417582417609,73
GSE32646,344,expanded,ap,0.00509944952232344,73
GSE32646,344,expanded,brier,0.004104701000305378,73
GSE32646,344,expanded,logloss,0.011526456588064837,73
GSE32646,345,expanded,auc,0.04421052631578948,72
GSE32646,345,expanded,ap,0.04732110958440076,72
GSE32646,345,expanded,brier,-0.008554156366796083,72
GSE32646,345,expanded,logloss,-0.03351407997235095,72
GSE32646,346,expanded,auc,0.04186712485681556,73
GSE32646,346,expanded,ap,0.14631095850807402,73
GSE32646,346,expanded,brier,-0.01159610579653669,73
GSE32646,346,expanded,logloss,-0.036844842188040586,73
GSE32646,347,expanded,auc,0.03411764705882353,73
GSE32646,347,expanded,ap,0.013848382969171024,73
GSE32646,347,expanded,brier,0.010027505211132446,73
GSE32646,347,expanded,logloss,0.038236572317895554,73
GSE32646,348,expanded,auc,0.02111111111111109,74
GSE32646,348,expanded,ap,0.0045778594705301765,74
GSE32646,348,expanded,brier,0.00451567928041012,74
GSE32646,348,expanded,logloss,0.011910020675805266,74
GSE32646,349,expanded,auc,0.01153846153846152,75
GSE32646,349,expanded,ap,0.02675794778154571,75
GSE32646,349,expanded,brier,-0.0006897896902226975,75
GSE32646,349,expanded,logloss,0.012061943717934388,75
GSE32646,350,expanded,auc,0.011827033218785777,75
GSE32646,350,expanded,ap,0.015770758297157118,75
GSE32646,350,expanded,brier,-0.00019616191252554288,75
GSE32646,350,expanded,logloss,-0.004877339317224322,75
GSE32646,351,expanded,auc,-0.0006144393241167112,70
GSE32646,351,expanded,ap,-0.03732130406249993,70
GSE32646,351,expanded,brier,0.012124709037929806,70
GSE32646,351,expanded,logloss,0.04227219785055517,70
GSE32646,352,expanded,auc,0.07526666666666666,69
GSE32646,352,expanded,ap,0.05889000735152465,69
GSE32646,352,expanded,brier,-0.005683904683748955,69
GSE32646,352,expanded,logloss,-0.03838616057694973,69
GSE32646,353,expanded,auc,-0.0029333333333333433,69
GSE32646,353,expanded,ap,0.013780512838783454,69
GSE32646,353,expanded,brier,0.018254081668895354,69
GSE32646,353,expanded,logloss,0.036129347926405986,69
GSE32646,354,expanded,auc,0.018019607843137286,78
GSE32646,354,expanded,ap,0.03841075364453283,78
GSE32646,354,expanded,brier,0.0029340153742738488,78
GSE32646,354,expanded,logloss,0.013377843580102845,78
GSE32646,355,expanded,auc,-0.0026465028355387664,74
GSE32646,355,expanded,ap,-0.052984977855865666,74
GSE32646,355,expanded,brier,0.010340407423134801,74
GSE32646,355,expanded,logloss,0.0505320378555431,74
GSE32646,356,expanded,auc,-0.0010101010101010166,79
GSE32646,356,expanded,ap,0.0016602807628482818,79
GSE32646,356,expanded,brier,0.001402537160198003,79
GSE32646,356,expanded,logloss,0.012941112197470028,79
GSE32646,357,expanded,auc,0.03855555555555555,71
GSE32646,357,expanded,ap,0.027276689363714968,71
GSE32646,357,expanded,brier,-0.003484576189254793,71
GSE32646,357,expanded,logloss,-0.01593247425842962,71
GSE32646,358,expanded,auc,0.03728470111448836,73
GSE32646,358,expanded,ap,-0.00894223140207245,73
GSE32646,358,expanded,brier,0.0067464421993957,73
GSE32646,358,expanded,logloss,0.006309822001347476,73
GSE32646,359,expanded,auc,0.013108206245461152,70
GSE32646,359,expanded,ap,-0.013845308954530084,70
GSE32646,359,expanded,brier,-0.0035360372505512994,70
GSE32646,359,expanded,logloss,0.006774900391444039,70
GSE32646,360,expanded,auc,-0.010057471264367823,73
GSE32646,360,expanded,ap,-0.04611456053897578,73
GSE32646,360,expanded,brier,0.011222354737163653,73
GSE32646,360,expanded,logloss,0.02490937638192492,73
GSE32646,361,expanded,auc,0.10984432234432233,70
GSE32646,361,expanded,ap,0.08257367647858078,70
GSE32646,361,expanded,brier,-0.006515690002989252,70
GSE32646,361,expanded,logloss,-0.027455836588343163,70
GSE32646,362,expanded,auc,0.1146460843373494,72
GSE32646,362,expanded,ap,0.1336094184247864,72
GSE32646,362,expanded,brier,-0.02886408791116719,72
GSE32646,362,expanded,logloss,-0.0770571081167842,72
GSE32646,363,expanded,auc,0.0029019607843137397,69
GSE32646,363,expanded,ap,0.005494125300893005,69
GSE32646,363,expanded,brier,0.009757906710972996,69
GSE32646,363,expanded,logloss,0.01863870665193975,69
GSE32646,364,expanded,auc,0.022433841218925398,71
GSE32646,364,expanded,ap,0.03251995946912017,71
GSE32646,364,expanded,brier,0.003058195284137433,71
GSE32646,364,expanded,logloss,0.0034591580501369345,71
GSE32646,365,expanded,auc,0.02671111111111111,79
GSE32646,365,expanded,ap,0.11287917794837857,79
GSE32646,365,expanded,brier,-0.01604019417247018,79
GSE32646,365,expanded,logloss,-0.009302702986121902,79
GSE32646,366,expanded,auc,0.02183908045977011,68
GSE32646,366,expanded,ap,0.011173531629758187,68
GSE32646,366,expanded,brier,0.009145706590509178,68
GSE32646,366,expanded,logloss,0.023260090028676815,68
GSE32646,367,expanded,auc,0.012400000000000022,76
GSE32646,367,expanded,ap,0.0047132948570587805,76
GSE32646,367,expanded,brier,0.0011661450946571395,76
GSE32646,367,expanded,logloss,0.0019870565989326683,76
GSE32646,368,expanded,auc,0.03578219533275713,75
GSE32646,368,expanded,ap,0.04087009997145259,75
GSE32646,368,expanded,brier,-0.006033460948804884,75
GSE32646,368,expanded,logloss,-0.021740137948644534,75
GSE32646,369,expanded,auc,0.007274509803921569,76
GSE32646,369,expanded,ap,-0.004747951369129205,76
GSE32646,369,expanded,brier,0.007808641510142605,76
GSE32646,369,expanded,logloss,0.020573491291815037,76
GSE32646,370,expanded,auc,0.026199494949494962,72
GSE32646,370,expanded,ap,0.020174362598055957,72
GSE32646,370,expanded,brier,0.002215347539513876,72
GSE32646,370,expanded,logloss,0.00933706321698553,72
GSE32646,371,expanded,auc,0.03914835164835166,73
GSE32646,371,expanded,ap,0.04183577492510605,73
GSE32646,371,expanded,brier,-0.0033927463076204338,73
GSE32646,371,expanded,logloss,-0.015686002226899243,73
GSE32646,372,expanded,auc,0.03297914995990379,74
GSE32646,372,expanded,ap,0.07727364876294288,74
GSE32646,372,expanded,brier,-0.0067232364460793805,74
GSE32646,372,expanded,logloss,-0.021530558991779573,74
GSE32646,373,expanded,auc,-0.0025673400673400515,73
GSE32646,373,expanded,ap,0.024069780504815542,73
GSE32646,373,expanded,brier,0.006260272724389282,73
GSE32646,373,expanded,logloss,0.01515418203744362,73
GSE32646,374,expanded,auc,0.006957649092480556,72
GSE32646,374,expanded,ap,-0.00884513522163986,72
GSE32646,374,expanded,brier,0.006678524162725019,72
GSE32646,374,expanded,logloss,0.024574070398881022,72
GSE32646,375,expanded,auc,0.03991935483870966,66
GSE32646,375,expanded,ap,0.04159961464601021,66
GSE32646,375,expanded,brier,-0.00278026597493852,66
GSE32646,375,expanded,logloss,-0.03922347458330029,66
GSE32646,376,expanded,auc,0.06043956043956043,68
GSE32646,376,expanded,ap,0.04867435870725443,68
GSE32646,376,expanded,brier,0.00662743374447643,68
GSE32646,376,expanded,logloss,0.003340771042862545,68
GSE32646,377,expanded,auc,-0.027484874675885916,68
GSE32646,377,expanded,ap,-0.029321641686564398,68
GSE32646,377,expanded,brier,0.017459750104038017,68
GSE32646,377,expanded,logloss,0.046673488119750486,68
GSE32646,378,expanded,auc,0.05457777777777778,72
GSE32646,378,expanded,ap,0.06977848284556791,72
GSE32646,378,expanded,brier,-0.006800276987251411,72
GSE32646,378,expanded,logloss,-0.03411808575742611,72
GSE32646,379,expanded,auc,0.058943089430894303,72
GSE32646,379,expanded,ap,0.030801820185097244,72
GSE32646,379,expanded,brier,-0.004809300525941437,72
GSE32646,379,expanded,logloss,-0.035012709257942295,72
GSE32646,380,expanded,auc,0.05617816091954023,73
GSE32646,380,expanded,ap,0.06591197857092997,73
GSE32646,380,expanded,brier,-0.004581594807451239,73
GSE32646,380,expanded,logloss,-0.024101120846106123,73
GSE32646,381,expanded,auc,0.052834799608993156,74
GSE32646,381,expanded,ap,0.07925257339042606,74
GSE32646,381,expanded,brier,-0.011218331236177619,74
GSE32646,381,expanded,logloss,-0.0390087092835596,74
GSE32646,382,expanded,auc,0.026280120481927738,70
GSE32646,382,expanded,ap,0.041756197876660586,70
GSE32646,382,expanded,brier,-0.0051510848232821345,70
GSE32646,382,expanded,logloss,-0.010017817832464092,70
GSE32646,383,expanded,auc,0.05023768366464996,70
GSE32646,383,expanded,ap,0.027954151553026906,70
GSE32646,383,expanded,brier,0.0007865030129638656,70
GSE32646,383,expanded,logloss,-0.014314565827760806,70
GSE32646,384,expanded,auc,0.06918755401901466,74
GSE32646,384,expanded,ap,0.10716462310696925,74
GSE32646,384,expanded,brier,-0.017467491382064958,74
GSE32646,384,expanded,logloss,-0.07187712992685577,74
GSE32646,385,expanded,auc,0.058870967741935475,70
GSE32646,385,expanded,ap,0.04248325698966306,70
GSE32646,385,expanded,brier,-0.0004125167867956081,70
GSE32646,385,expanded,logloss,-0.026912570078795495,70
GSE32646,386,expanded,auc,0.05065681444991789,73
GSE32646,386,expanded,ap,0.02148329845559125,73
GSE32646,386,expanded,brier,-0.002724587505560494,73
GSE32646,386,expanded,logloss,-0.01932566911285217,73
GSE32646,387,expanded,auc,0.08502222222222222,68
GSE32646,387,expanded,ap,0.033671026686772534,68
GSE32646,387,expanded,brier,0.0005330554791482644,68
GSE32646,387,expanded,logloss,-0.015294278878973855,68
GSE32646,388,expanded,auc,0.07453889334402568,71
GSE32646,388,expanded,ap,0.11107965777481352,71
GSE32646,388,expanded,brier,-0.02324848682870547,71
GSE32646,388,expanded,logloss,-0.06842419917442598,71
GSE32646,389,expanded,auc,0.07598522167487685,75
GSE32646,389,expanded,ap,-0.004633375969970077,75
GSE32646,389,expanded,brier,0.0057201893924485716,75
GSE32646,389,expanded,logloss,-0.004320381473188972,75
GSE32646,390,expanded,auc,0.036177777777777795,71
GSE32646,390,expanded,ap,0.036305608051134065,71
GSE32646,390,expanded,brier,0.0009848907732701029,71
GSE32646,390,expanded,logloss,0.02242118446981132,71
GSE32646,391,expanded,auc,0.07847882454624026,68
GSE32646,391,expanded,ap,0.050930159393743756,68
GSE32646,391,expanded,brier,-0.012050030027698161,68
GSE32646,391,expanded,logloss,-0.032035411035309075,68
GSE32646,392,expanded,auc,0.05337078651685393,67
GSE32646,392,expanded,ap,0.08991637585169912,67
GSE32646,392,expanded,brier,-0.018935617932542562,67
GSE32646,392,expanded,logloss,-0.04564402600732469,67
GSE32646,393,expanded,auc,0.08675464320625612,77
GSE32646,393,expanded,ap,0.1008754221220363,77
GSE32646,393,expanded,brier,-0.017112804994428764,77
GSE32646,393,expanded,logloss,-0.05728837856280762,77
GSE32646,394,expanded,auc,0.08082922824302134,71
GSE32646,394,expanded,ap,0.07671194147959193,71
GSE32646,394,expanded,brier,-0.013491718901350086,71
GSE32646,394,expanded,logloss,-0.026814105066181915,71
GSE32646,395,expanded,auc,0.005111111111111099,75
GSE32646,395,expanded,ap,-0.04225291844711983,75
GSE32646,395,expanded,brier,0.007747934226319408,75
GSE32646,395,expanded,logloss,0.015087157732867585,75
GSE32646,396,expanded,auc,0.03204429920116196,73
GSE32646,396,expanded,ap,0.03795302658553612,73
GSE32646,396,expanded,brier,-0.0004273336920915582,73
GSE32646,396,expanded,logloss,-0.007652153970183451,73
GSE32646,397,expanded,auc,0.07145232815964524,72
GSE32646,397,expanded,ap,0.03474481998136897,72
GSE32646,397,expanded,brier,0.0007682240239252735,72
GSE32646,397,expanded,logloss,0.020773732258802236,72
GSE32646,398,expanded,auc,0.03772893772893773,78
GSE32646,398,expanded,ap,0.042524267486393166,78
GSE32646,398,expanded,brier,0.0011210725037685138,78
GSE32646,398,expanded,logloss,-0.006113119809452577,78
GSE32646,399,expanded,auc,0.032398343373493975,71
GSE32646,399,expanded,ap,0.01644224487606491,71
GSE32646,399,expanded,brier,0.005639986946698356,71
GSE32646,399,expanded,logloss,0.012343486466165066,71
GSE32646,400,expanded,auc,0.04409282700421942,71
GSE32646,400,expanded,ap,0.014270912083097642,71
GSE32646,400,expanded,brier,-0.0012805675262149234,71
GSE32646,400,expanded,logloss,-0.007541765523358746,71
GSE32646,401,expanded,auc,0.0157058388765706,72
GSE32646,401,expanded,ap,0.02797896245498862,72
GSE32646,401,expanded,brier,0.0035932655165496707,72
GSE32646,401,expanded,logloss,-0.0025108821292042505,72
GSE32646,402,expanded,auc,0.0990399096385542,74
GSE32646,402,expanded,ap,0.10246085884525184,74
GSE32646,402,expanded,brier,-0.021124959090722394,74
GSE32646,402,expanded,logloss,-0.06527525729358374,74
GSE32646,403,expanded,auc,0.07639215686274511,78
GSE32646,403,expanded,ap,0.0843251142427658,78
GSE32646,403,expanded,brier,-0.012536644563120525,78
GSE32646,403,expanded,logloss,-0.04370808160223426,78
GSE32646,404,expanded,auc,0.0549107142857143,70
GSE32646,404,expanded,ap,0.06178608155743455,70
GSE32646,404,expanded,brier,-0.014616146914456798,70
GSE32646,404,expanded,logloss,-0.05831426920623617,70
GSE32646,405,expanded,auc,0.05286274509803922,75
GSE32646,405,expanded,ap,0.0029821247141272322,75
GSE32646,405,expanded,brier,-0.004117887757096414,75
GSE32646,405,expanded,logloss,-0.021725659874787785,75
GSE32646,406,expanded,auc,0.044139194139194114,74
GSE32646,406,expanded,ap,0.03336798090067413,74
GSE32646,406,expanded,brier,0.0014610842108503691,74
GSE32646,406,expanded,logloss,-0.002359304633324233,74
GSE32646,407,expanded,auc,0.06404494382022473,81
GSE32646,407,expanded,ap,0.052692272067956535,81
GSE32646,407,expanded,brier,-0.009313266466087303,81
GSE32646,407,expanded,logloss,-0.03953006608971627,81
GSE32646,408,expanded,auc,0.03333333333333335,74
GSE32646,408,expanded,ap,0.03354971978584047,74
GSE32646,408,expanded,brier,0.004104861845625763,74
GSE32646,408,expanded,logloss,0.01143076127293784,74
GSE32646,409,expanded,auc,0.02070707070707072,74
GSE32646,409,expanded,ap,0.0017772678530443148,74
GSE32646,409,expanded,brier,0.005763459103333091,74
GSE32646,409,expanded,logloss,0.012005534702290033,74
GSE32646,410,expanded,auc,0.017469879518072273,73
GSE32646,410,expanded,ap,0.0027305100468127063,73
GSE32646,410,expanded,brier,0.004283446529714072,73
GSE32646,410,expanded,logloss,0.013446918484136261,73
GSE32646,411,expanded,auc,0.09212749615975423,77
GSE32646,411,expanded,ap,0.05881427742069935,77
GSE32646,411,expanded,brier,-0.01060556680061458,77
GSE32646,411,expanded,logloss,-0.0504988742911671,77
GSE32646,412,expanded,auc,0.09417767106842738,72
GSE32646,412,expanded,ap,0.12655169447270548,72
GSE32646,412,expanded,brier,-0.013672525404025679,72
GSE32646,412,expanded,logloss,-0.05396561656462453,72
GSE32646,413,expanded,auc,0.07842130987292276,71
GSE32646,413,expanded,ap,0.1548306321201686,71
GSE32646,413,expanded,brier,-0.021587148534707244,71
GSE32646,413,expanded,logloss,-0.07683097312733585,71
GSE32646,414,expanded,auc,0.01599326599326597,79
GSE32646,414,expanded,ap,0.021404846248679228,79
GSE32646,414,expanded,brier,2.707575557409636e-05,79
GSE32646,414,expanded,logloss,-8.633467344360546e-05,79
GSE32646,415,expanded,auc,0.16524444444444447,78
GSE32646,415,expanded,ap,0.14080219766437363,78
GSE32646,415,expanded,brier,-0.03310720178895009,78
GSE32646,415,expanded,logloss,-0.09026048833182311,78
GSE32646,416,expanded,auc,0.03388888888888887,64
GSE32646,416,expanded,ap,0.05568862321664116,64
GSE32646,416,expanded,brier,-0.0069670819507875155,64
GSE32646,416,expanded,logloss,-0.05863430254515158,64
GSE32646,417,expanded,auc,0.09294117647058825,71
GSE32646,417,expanded,ap,0.053112190619115894,71
GSE32646,417,expanded,brier,-0.014353899180625254,71
GSE32646,417,expanded,logloss,-0.05637219590362504,71
GSE32646,418,expanded,auc,0.06500488758553277,75
GSE32646,418,expanded,ap,0.09224298708024878,75
GSE32646,418,expanded,brier,-0.021857021427007343,75
GSE32646,418,expanded,logloss,-0.0454515805796505,75
GSE32646,419,expanded,auc,0.059803528468323965,74
GSE32646,419,expanded,ap,0.04949601880671807,74
GSE32646,419,expanded,brier,-0.011741328903263334,74
GSE32646,419,expanded,logloss,-0.04287015123408015,74
GSE32646,420,expanded,auc,0.02841781874039937,67
GSE32646,420,expanded,ap,0.02888804234840881,67
GSE32646,420,expanded,brier,0.0023963052439590128,67
GSE32646,420,expanded,logloss,-0.00045278054151861593,67
GSE32646,421,expanded,auc,0.07894947874899762,72
GSE32646,421,expanded,ap,0.1489346525651482,72
GSE32646,421,expanded,brier,-0.027362740801863766,72
GSE32646,421,expanded,logloss,-0.0871050451072451,72
GSE32646,422,expanded,auc,0.09766483516483516,69
GSE32646,422,expanded,ap,0.127445346636028,69
GSE32646,422,expanded,brier,-0.016229665998759517,69
GSE32646,422,expanded,logloss,-0.08066114138179685,69
GSE32646,423,expanded,auc,0.07651228733459356,79
GSE32646,423,expanded,ap,0.0676004106214669,79
GSE32646,423,expanded,brier,-0.00944831555648197,79
GSE32646,423,expanded,logloss,-0.025919192309207133,79
GSE32646,424,expanded,auc,-0.03870510396975424,68
GSE32646,424,expanded,ap,-0.013032726177668753,68
GSE32646,424,expanded,brier,0.005001387032779298,68
GSE32646,424,expanded,logloss,0.02515441452593173,68
GSE32646,425,expanded,auc,0.05650000000000001,74
GSE32646,425,expanded,ap,0.08193078454957112,74
GSE32646,425,expanded,brier,-0.01489700750128089,74
GSE32646,425,expanded,logloss,-0.044268096953552424,74
GSE32646,426,expanded,auc,-0.020631578947368424,71
GSE32646,426,expanded,ap,-0.010511730507376124,71
GSE32646,426,expanded,brier,0.00753565097268295,71
GSE32646,426,expanded,logloss,0.02042274451405282,71
GSE32646,427,expanded,auc,-0.01941391941391941,76
GSE32646,427,expanded,ap,-0.019695608335831352,76
GSE32646,427,expanded,brier,0.011000249051644165,76
GSE32646,427,expanded,logloss,0.04041894003784579,76
GSE32646,428,expanded,auc,0.08412189254210103,74
GSE32646,428,expanded,ap,0.10621549449152261,74
GSE32646,428,expanded,brier,-0.01701012123973028,74
GSE32646,428,expanded,logloss,-0.05825424514303198,74
GSE32646,429,expanded,auc,-0.015557476231633527,65
GSE32646,429,expanded,ap,-0.001169725017870668,65
GSE32646,429,expanded,brier,0.008371559068196787,65
GSE32646,429,expanded,logloss,0.03437534257991652,65
GSE32646,430,expanded,auc,0.11668107173725151,71
GSE32646,430,expanded,ap,0.13550287431166888,71
GSE32646,430,expanded,brier,-0.020165953806679078,71
GSE32646,430,expanded,logloss,-0.05628460688015542,71
GSE32646,431,expanded,auc,0.04397163120567375,69
GSE32646,431,expanded,ap,0.02286070128936583,69
GSE32646,431,expanded,brier,0.00028913066116912636,69
GSE32646,431,expanded,logloss,-0.014549338403367768,69
GSE32646,432,expanded,auc,0.02574178027265439,74
GSE32646,432,expanded,ap,0.04546421984525777,74
GSE32646,432,expanded,brier,-0.007516875440223922,74
GSE32646,432,expanded,logloss,-0.005550970981913888,74
GSE32646,433,expanded,auc,0.021839080459770087,76
GSE32646,433,expanded,ap,0.05107537402161404,76
GSE32646,433,expanded,brier,-0.0029442872454660735,76
GSE32646,433,expanded,logloss,-0.011783030568111036,76
GSE32646,434,expanded,auc,0.009766637856525517,71
GSE32646,434,expanded,ap,0.008659756689513715,71
GSE32646,434,expanded,brier,-0.0015005782398757994,71
GSE32646,434,expanded,logloss,0.0005735935867033359,71
GSE32646,435,expanded,auc,0.03318928262748487,76
GSE32646,435,expanded,ap,0.0074099184327367455,76
GSE32646,435,expanded,brier,-0.00015399636208293654,76
GSE32646,435,expanded,logloss,-0.017562216543122244,76
GSE32646,436,expanded,auc,0.09248768472906402,74
GSE32646,436,expanded,ap,0.14408868900646257,74
GSE32646,436,expanded,brier,-0.028246047358192684,74
GSE32646,436,expanded,logloss,-0.09583445641319002,74
GSE32646,437,expanded,auc,0.007514177693761814,72
GSE32646,437,expanded,ap,0.028816584045400606,72
GSE32646,437,expanded,brier,0.005149237589740251,72
GSE32646,437,expanded,logloss,0.00048344870635087523,72
GSE32646,438,expanded,auc,0.004349816849816823,76
GSE32646,438,expanded,ap,0.011329315935363937,76
GSE32646,438,expanded,brier,0.0028299487683610875,76
GSE32646,438,expanded,logloss,0.015095753637818943,76
GSE32646,439,expanded,auc,0.04502806736166801,69
GSE32646,439,expanded,ap,0.0510152233665224,69
GSE32646,439,expanded,brier,-0.006721916643965908,69
GSE32646,439,expanded,logloss,-0.01662468593664552,69
GSE32646,440,expanded,auc,0.011045943304007832,76
GSE32646,440,expanded,ap,0.05193298992438976,76
GSE32646,440,expanded,brier,0.00467935633542417,76
GSE32646,440,expanded,logloss,0.0008201024923925382,76
GSE32646,441,expanded,auc,-0.01851395730706077,73
GSE32646,441,expanded,ap,-0.030699390710787568,73
GSE32646,441,expanded,brier,0.014678684019957514,73
GSE32646,441,expanded,logloss,0.035277116878421874,73
GSE32646,442,expanded,auc,0.1173758865248227,69
GSE32646,442,expanded,ap,0.08226214047957583,69
GSE32646,442,expanded,brier,-0.007401553637592764,69
GSE32646,442,expanded,logloss,-0.03724670518679576,69
GSE32646,443,expanded,auc,0.019555555555555527,75
GSE32646,443,expanded,ap,0.004132140324367905,75
GSE32646,443,expanded,brier,0.00733944795134332,75
GSE32646,443,expanded,logloss,0.012216907902537582,75
GSE32646,444,expanded,auc,0.026644444444444425,74
GSE32646,444,expanded,ap,0.05182784226342223,74
GSE32646,444,expanded,brier,-0.008406052380561047,74
GSE32646,444,expanded,logloss,-0.011897542580084663,74
GSE32646,445,expanded,auc,0.22963137996219282,71
GSE32646,445,expanded,ap,0.22318680052483503,71
GSE32646,445,expanded,brier,-0.04614037113957638,71
GSE32646,445,expanded,logloss,-0.16821798667027874,71
GSE32646,446,expanded,auc,-0.01551111111111111,65
GSE32646,446,expanded,ap,-0.05711442637023108,65
GSE32646,446,expanded,brier,0.016110782202242022,65
GSE32646,446,expanded,logloss,0.033234284282116784,65
GSE32646,447,expanded,auc,0.056549364613880736,68
GSE32646,447,expanded,ap,0.0874230624735309,68
GSE32646,447,expanded,brier,-0.00950956393615022,68
GSE32646,447,expanded,logloss,-0.016359284145525666,68
GSE32646,448,expanded,auc,0.1415614478114478,70
GSE32646,448,expanded,ap,0.07241434689829665,70
GSE32646,448,expanded,brier,-0.0057497597304749185,70
GSE32646,448,expanded,logloss,-0.03585869857468545,70
GSE32646,449,expanded,auc,-0.012817719680464778,70
GSE32646,449,expanded,ap,0.038485993606157946,70
GSE32646,449,expanded,brier,0.007626143026136498,70
GSE32646,449,expanded,logloss,0.03613127907474105,70
GSE32646,450,expanded,auc,0.028686200378071836,73
GSE32646,450,expanded,ap,0.06100409392340165,73
GSE32646,450,expanded,brier,-0.004730410826623363,73
GSE32646,450,expanded,logloss,-0.017797772438007526,73
GSE32646,451,expanded,auc,0.12678571428571428,74
GSE32646,451,expanded,ap,0.13195720884654233,74
GSE32646,451,expanded,brier,-0.02631090199423323,74
GSE32646,451,expanded,logloss,-0.10383258730393871,74
GSE32646,452,expanded,auc,0.07326807228915663,73
GSE32646,452,expanded,ap,0.08006166630935045,73
GSE32646,452,expanded,brier,-0.010897723671789808,73
GSE32646,452,expanded,logloss,-0.03311598344502366,73
GSE32646,453,expanded,auc,0.03303571428571429,72
GSE32646,453,expanded,ap,0.043350697987602035,72
GSE32646,453,expanded,brier,-0.002835023005337578,72
GSE32646,453,expanded,logloss,-0.012482675134484311,72
GSE32646,454,expanded,auc,0.03779128672745694,74
GSE32646,454,expanded,ap,0.030954084205816135,74
GSE32646,454,expanded,brier,-0.0034978566533995655,74
GSE32646,454,expanded,logloss,-0.014304938504379871,74
GSE32646,455,expanded,auc,-0.010727788279773142,73
GSE32646,455,expanded,ap,-0.028151287125832047,73
GSE32646,455,expanded,brier,0.012371819136027817,73
GSE32646,455,expanded,logloss,0.030917478438912082,73
GSE32646,456,expanded,auc,0.0842857142857143,73
GSE32646,456,expanded,ap,0.09215965085161178,73
GSE32646,456,expanded,brier,-0.026872023718955675,73
GSE32646,456,expanded,logloss,-0.05068481912448376,73
GSE32646,457,expanded,auc,-0.0006172839506172866,70
GSE32646,457,expanded,ap,-0.007542553470264529,70
GSE32646,457,expanded,brier,0.016354326762563362,70
GSE32646,457,expanded,logloss,0.04675544958814789,70
GSE32646,458,expanded,auc,0.058799999999999984,81
GSE32646,458,expanded,ap,-0.012238701756893672,81
GSE32646,458,expanded,brier,0.002279686513131124,81
GSE32646,458,expanded,logloss,-0.0106744535406319,81
GSE32646,459,expanded,auc,0.10003840245775733,75
GSE32646,459,expanded,ap,0.20495752124717753,75
GSE32646,459,expanded,brier,-0.03874925923347346,75
GSE32646,459,expanded,logloss,-0.13117856524730254,75
GSE32646,460,expanded,auc,0.08678955453149001,71
GSE32646,460,expanded,ap,0.03803361044898414,71
GSE32646,460,expanded,brier,-0.018574665248259063,71
GSE32646,460,expanded,logloss,-0.055774700146173806,71
GSE32646,461,expanded,auc,0.04939759036144577,71
GSE32646,461,expanded,ap,0.055993439143726495,71
GSE32646,461,expanded,brier,-0.01652178284051061,71
GSE32646,461,expanded,logloss,-0.025732748457111886,71
GSE32646,462,expanded,auc,0.07968888888888888,76
GSE32646,462,expanded,ap,0.0336225876860802,76
GSE32646,462,expanded,brier,0.006021836650790061,76
GSE32646,462,expanded,logloss,0.0029139641309578355,76
GSE32646,463,expanded,auc,0.06316807313642755,73
GSE32646,463,expanded,ap,0.06820580902939519,73
GSE32646,463,expanded,brier,-0.014073392857730464,73
GSE32646,463,expanded,logloss,-0.06174421966002601,73
GSE32646,464,expanded,auc,0.08377268798617113,71
GSE32646,464,expanded,ap,0.05540179993543683,71
GSE32646,464,expanded,brier,-0.015336750206387115,71
GSE32646,464,expanded,logloss,-0.061363001184691145,71
GSE32646,465,expanded,auc,0.1101123595505618,78
GSE32646,465,expanded,ap,0.13922435167132546,78
GSE32646,465,expanded,brier,-0.027290438893046564,78
GSE32646,465,expanded,logloss,-0.081335656234265,78
GSE32646,466,expanded,auc,0.18203688853247796,72
GSE32646,466,expanded,ap,0.20961551763599534,72
GSE32646,466,expanded,brier,-0.04896318629299469,72
GSE32646,466,expanded,logloss,-0.13448821158594138,72
GSE32646,467,expanded,auc,0.06254208754208757,76
GSE32646,467,expanded,ap,0.09174905734195067,76
GSE32646,467,expanded,brier,-0.015364430949550973,76
GSE32646,467,expanded,logloss,-0.04819722516860568,76
GSE32646,468,expanded,auc,0.06266835016835015,71
GSE32646,468,expanded,ap,0.03911428260618076,71
GSE32646,468,expanded,brier,-0.0011217299595825652,71
GSE32646,468,expanded,logloss,-0.020756310906843333,71
GSE32646,469,expanded,auc,0.03686666666666666,69
GSE32646,469,expanded,ap,-0.008325211922458881,69
GSE32646,469,expanded,brier,0.0036364858173028925,69
GSE32646,469,expanded,logloss,-0.00441073821295791,69
GSE32646,470,expanded,auc,-0.003842105263157891,70
GSE32646,470,expanded,ap,0.04292923286161718,70
GSE32646,470,expanded,brier,-0.004562740892257616,70
GSE32646,470,expanded,logloss,0.004094929045795703,70
GSE32646,471,expanded,auc,0.05325091575091573,71
GSE32646,471,expanded,ap,0.10124794994874575,71
GSE32646,471,expanded,brier,-0.012822194666805597,71
GSE32646,471,expanded,logloss,-0.04622747191332097,71
GSE32646,472,expanded,auc,0.025126262626262597,73
GSE32646,472,expanded,ap,0.020221457601820054,73
GSE32646,472,expanded,brier,-0.0029846935343528862,73
GSE32646,472,expanded,logloss,-0.00959557341994594,73
GSE32646,473,expanded,auc,-0.004545454545454542,76
GSE32646,473,expanded,ap,-0.011810427653644238,76
GSE32646,473,expanded,brier,0.01114045950180293,76
GSE32646,473,expanded,logloss,0.02270974050726347,76
GSE32646,474,expanded,auc,0.024255628177196786,75
GSE32646,474,expanded,ap,-0.004678246232329869,75
GSE32646,474,expanded,brier,0.004275009737967195,75
GSE32646,474,expanded,logloss,0.053874913330454,75
GSE32646,475,expanded,auc,0.0513828867761452,74
GSE32646,475,expanded,ap,0.022872349974255746,74
GSE32646,475,expanded,brier,0.001288675004149148,74
GSE32646,475,expanded,logloss,0.0010977247430579262,74
GSE32646,476,expanded,auc,0.0791039156626506,80
GSE32646,476,expanded,ap,0.05008598658893165,80
GSE32646,476,expanded,brier,-0.009741936551366685,80
GSE32646,476,expanded,logloss,0.006636976356336954,80
GSE32646,477,expanded,auc,0.2077977315689981,72
GSE32646,477,expanded,ap,0.09823892473310784,72
GSE32646,477,expanded,brier,-0.004184004838705927,72
GSE32646,477,expanded,logloss,-0.04269830497813684,72
GSE32646,478,expanded,auc,0.13097643097643094,79
GSE32646,478,expanded,ap,0.10624632564184924,79
GSE32646,478,expanded,brier,-0.020510014642741506,79
GSE32646,478,expanded,logloss,-0.062328928066363753,79
GSE32646,479,expanded,auc,0.1288780120481928,75
GSE32646,479,expanded,ap,0.152290494207114,75
GSE32646,479,expanded,brier,-0.027387059105085775,75
GSE32646,479,expanded,logloss,-0.07757513702401402,75
GSE32646,480,expanded,auc,0.04175824175824174,72
GSE32646,480,expanded,ap,0.015454124228580413,72
GSE32646,480,expanded,brier,0.00039077459780309797,72
GSE32646,480,expanded,logloss,0.004302269858037011,72
GSE32646,481,expanded,auc,0.13648648648648648,72
GSE32646,481,expanded,ap,0.1612330386903509,72
GSE32646,481,expanded,brier,-0.04533508125910971,72
GSE32646,481,expanded,logloss,-0.13378229539156297,72
GSE32646,482,expanded,auc,-0.004629629629629639,71
GSE32646,482,expanded,ap,-0.04302431383441206,71
GSE32646,482,expanded,brier,0.007864138783369501,71
GSE32646,482,expanded,logloss,0.021574516368355074,71
GSE32646,483,expanded,auc,0.03257575757575761,77
GSE32646,483,expanded,ap,0.08263375933405621,77
GSE32646,483,expanded,brier,-0.009297544268414771,77
GSE32646,483,expanded,logloss,-0.01549614994389975,77
GSE32646,484,expanded,auc,0.06408045977011496,77
GSE32646,484,expanded,ap,0.0716626792572227,77
GSE32646,484,expanded,brier,-0.008583483821292825,77
GSE32646,484,expanded,logloss,-0.033453548230880106,77
GSE32646,485,expanded,auc,0.051171274961597554,71
GSE32646,485,expanded,ap,-0.005245714535162221,71
GSE32646,485,expanded,brier,-0.0019280025690193241,71
GSE32646,485,expanded,logloss,-0.032131678823104776,71
GSE32646,486,expanded,auc,0.10465116279069768,67
GSE32646,486,expanded,ap,0.1342219149732071,67
GSE32646,486,expanded,brier,-0.027393785337863418,67
GSE32646,486,expanded,logloss,-0.08800460423728129,67
GSE32646,487,expanded,auc,0.02702020202020202,76
GSE32646,487,expanded,ap,-0.018109595910709826,76
GSE32646,487,expanded,brier,0.02584699233095779,76
GSE32646,487,expanded,logloss,0.06814298967287681,76
GSE32646,488,expanded,auc,0.007711111111111124,78
GSE32646,488,expanded,ap,0.008032477751709515,78
GSE32646,488,expanded,brier,0.004050274293670897,78
GSE32646,488,expanded,logloss,0.005845003851030495,78
GSE32646,489,expanded,auc,0.1,74
GSE32646,489,expanded,ap,0.031380493299604684,74
GSE32646,489,expanded,brier,-0.02391734858629685,74
GSE32646,489,expanded,logloss,-0.06280137807192765,74
GSE32646,490,expanded,auc,0.08667582417582417,77
GSE32646,490,expanded,ap,0.1060524281603283,77
GSE32646,490,expanded,brier,-0.020255745535661673,77
GSE32646,490,expanded,logloss,-0.05770996501325616,77
GSE32646,491,expanded,auc,0.1436868686868687,73
GSE32646,491,expanded,ap,0.15592361465138557,73
GSE32646,491,expanded,brier,-0.033260322342301564,73
GSE32646,491,expanded,logloss,-0.09847769842232261,73
GSE32646,492,expanded,auc,0.0033333333333333214,78
GSE32646,492,expanded,ap,-0.0105057165289763,78
GSE32646,492,expanded,brier,0.01155253802535287,78
GSE32646,492,expanded,logloss,0.010411522631486791,78
GSE32646,493,expanded,auc,0.07671111111111113,71
GSE32646,493,expanded,ap,0.08362829908176342,71
GSE32646,493,expanded,brier,-0.01236066842832563,71
GSE32646,493,expanded,logloss,-0.04081982518784486,71
GSE32646,494,expanded,auc,0.023244444444444436,64
GSE32646,494,expanded,ap,0.08401336348478033,64
GSE32646,494,expanded,brier,0.0036513433193707577,64
GSE32646,494,expanded,logloss,-0.00840175023378697,64
GSE32646,495,expanded,auc,0.054807692307692314,67
GSE32646,495,expanded,ap,0.03517741561146507,67
GSE32646,495,expanded,brier,-0.0036527009642929598,67
GSE32646,495,expanded,logloss,-0.024721707714742587,67
GSE32646,496,expanded,auc,0.011994949494949513,74
GSE32646,496,expanded,ap,-0.005541805804118766,74
GSE32646,496,expanded,brier,0.007690830700904774,74
GSE32646,496,expanded,logloss,0.017144710639941663,74
GSE32646,497,expanded,auc,0.07333600641539698,70
GSE32646,497,expanded,ap,0.07746564441171902,70
GSE32646,497,expanded,brier,-0.012294559125442441,70
GSE32646,497,expanded,logloss,-0.0317816956741903,70
GSE32646,498,expanded,auc,0.1028,69
GSE32646,498,expanded,ap,0.1173440512509268,69
GSE32646,498,expanded,brier,-0.02061233812745549,69
GSE32646,498,expanded,logloss,-0.06682177862430658,69
GSE32646,499,expanded,auc,0.04811547714514837,72
GSE32646,499,expanded,ap,0.12831040831070434,72
GSE32646,499,expanded,brier,-0.02280978079113293,72
GSE32646,499,expanded,logloss,-0.03512660113933656,72
GSE32646,500,expanded,auc,0.026000000000000002,69
GSE32646,500,expanded,ap,0.014798024803357873,69
GSE32646,500,expanded,brier,-0.0024111161418593346,69
GSE32646,500,expanded,logloss,-0.012083770932212102,69
GSE32646,501,expanded,auc,0.10926222935044105,76
GSE32646,501,expanded,ap,0.09806649160464334,76
GSE32646,501,expanded,brier,-0.016012147844552557,76
GSE32646,501,expanded,logloss,-0.03556963200918418,76
GSE32646,502,expanded,auc,0.0051984877126654335,73
GSE32646,502,expanded,ap,-0.023254390461850415,73
GSE32646,502,expanded,brier,0.011151302667464238,73
GSE32646,502,expanded,logloss,0.007935352077839308,73
GSE32646,503,expanded,auc,-0.0118,72
GSE32646,503,expanded,ap,-0.021583442316100637,72
GSE32646,503,expanded,brier,0.013447042215087687,72
GSE32646,503,expanded,logloss,0.028073455435547477,72
GSE32646,504,expanded,auc,0.10455263157894734,72
GSE32646,504,expanded,ap,0.07877360672297165,72
GSE32646,504,expanded,brier,-0.012245730345398642,72
GSE32646,504,expanded,logloss,-0.0600759944038628,72
GSE32646,505,expanded,auc,0.06393072289156627,66
GSE32646,505,expanded,ap,0.022079511708227872,66
GSE32646,505,expanded,brier,-0.009088662821870009,66
GSE32646,505,expanded,logloss,-0.03610815237278976,66
GSE32646,506,expanded,auc,-0.0058444444444444524,71
GSE32646,506,expanded,ap,-0.0083724734043255,71
GSE32646,506,expanded,brier,0.0067750545037824576,71
GSE32646,506,expanded,logloss,0.016975620537239035,71
GSE32646,507,expanded,auc,0.004466666666666663,75
GSE32646,507,expanded,ap,0.02161071755233482,75
GSE32646,507,expanded,brier,0.0008297828701817639,75
GSE32646,507,expanded,logloss,-0.012878723749961274,75
GSE32646,508,expanded,auc,0.04694092827004222,75
GSE32646,508,expanded,ap,0.033806596211081424,75
GSE32646,508,expanded,brier,0.0023675584586385495,75
GSE32646,508,expanded,logloss,-0.005991435034484227,75
GSE32646,509,expanded,auc,0.008563748079877077,77
GSE32646,509,expanded,ap,0.029317297805957553,77
GSE32646,509,expanded,brier,0.0037660288621961164,77
GSE32646,509,expanded,logloss,-0.000547244372243505,77
GSE32646,510,expanded,auc,0.007622222222222197,69
GSE32646,510,expanded,ap,0.027516413949369555,69
GSE32646,510,expanded,brier,-0.005298127138073388,69
GSE32646,510,expanded,logloss,-0.007433789077652136,69
GSE32646,511,expanded,auc,0.09446845289541919,76
GSE32646,511,expanded,ap,0.1156949218931348,76
GSE32646,511,expanded,brier,-0.025039921153291102,76
GSE32646,511,expanded,logloss,-0.06261663460204067,76
GSE32646,512,expanded,auc,0.01923815620998721,70
GSE32646,512,expanded,ap,0.045054661814407884,70
GSE32646,512,expanded,brier,-0.0014339136720678935,70
GSE32646,512,expanded,logloss,-0.008348116138362404,70
GSE32646,513,expanded,auc,-0.011728395061728392,76
GSE32646,513,expanded,ap,-0.02089939057812093,76
GSE32646,513,expanded,brier,0.00946895303287445,76
GSE32646,513,expanded,logloss,0.02924547918093411,76
GSE32646,514,expanded,auc,0.10596369922212619,73
GSE32646,514,expanded,ap,0.09012551699617506,73
GSE32646,514,expanded,brier,-0.01688395118536582,73
GSE32646,514,expanded,logloss,-0.05707418761681029,73
GSE32646,515,expanded,auc,0.04752402069475241,76
GSE32646,515,expanded,ap,0.08672226029834643,76
GSE32646,515,expanded,brier,-0.009151067731345256,76
GSE32646,515,expanded,logloss,-0.0364639887109286,76
GSE32646,516,expanded,auc,0.04600903614457831,75
GSE32646,516,expanded,ap,0.019664064420508186,75
GSE32646,516,expanded,brier,-0.006114553042914891,75
GSE32646,516,expanded,logloss,-0.02917832156819401,75
GSE32646,517,expanded,auc,0.05430402930402932,75
GSE32646,517,expanded,ap,0.04667518908447711,75
GSE32646,517,expanded,brier,-0.008275611035279495,75
GSE32646,517,expanded,logloss,-0.017170869571733784,75
GSE32646,518,expanded,auc,0.01206140350877194,70
GSE32646,518,expanded,ap,0.032823267626517674,70
GSE32646,518,expanded,brier,0.004096864715307094,70
GSE32646,518,expanded,logloss,0.008838510702916285,70
GSE32646,519,expanded,auc,0.09533275713050995,68
GSE32646,519,expanded,ap,0.07379277815787957,68
GSE32646,519,expanded,brier,-0.011733223067847543,68
GSE32646,519,expanded,logloss,-0.05175524580568759,68
GSE32646,520,expanded,auc,0.0423913043478261,72
GSE32646,520,expanded,ap,0.07392551093195251,72
GSE32646,520,expanded,brier,-0.005864998141872224,72
GSE32646,520,expanded,logloss,-0.008207312891756918,72
GSE32646,521,expanded,auc,0.06776315789473684,68
GSE32646,521,expanded,ap,0.1607759898855373,68
GSE32646,521,expanded,brier,-0.020161763848481958,68
GSE32646,521,expanded,logloss,-0.06239353919865485,68
GSE32646,522,expanded,auc,0.0319139194139194,80
GSE32646,522,expanded,ap,0.02954890285950923,80
GSE32646,522,expanded,brier,0.0007763264363376127,80
GSE32646,522,expanded,logloss,-0.012662130693482815,80
GSE32646,523,expanded,auc,0.10943223443223445,72
GSE32646,523,expanded,ap,0.1624353290870303,72
GSE32646,523,expanded,brier,-0.0276425943706878,72
GSE32646,523,expanded,logloss,-0.07854882431429751,72
GSE32646,524,expanded,auc,0.018283881315156382,69
GSE32646,524,expanded,ap,0.028907522799082125,69
GSE32646,524,expanded,brier,-0.00669261306498777,69
GSE32646,524,expanded,logloss,0.004199466135133173,69
GSE32646,525,expanded,auc,0.0452861952861953,70
GSE32646,525,expanded,ap,0.017519097715513295,70
GSE32646,525,expanded,brier,0.0041170834268450755,70
GSE32646,525,expanded,logloss,0.010350943335914986,70
GSE32646,526,expanded,auc,0.09090196078431373,77
GSE32646,526,expanded,ap,0.054373923106350974,77
GSE32646,526,expanded,brier,-0.004951459098479582,77
GSE32646,526,expanded,logloss,-0.04198236266072247,77
GSE32646,527,expanded,auc,0.03506616257088847,75
GSE32646,527,expanded,ap,0.1298905858601787,75
GSE32646,527,expanded,brier,-0.0230279519193297,75
GSE32646,527,expanded,logloss,-0.046736108345603405,75
GSE32646,528,expanded,auc,0.009502806736166792,74
GSE32646,528,expanded,ap,0.036318700853230336,74
GSE32646,528,expanded,brier,0.0030736078302838893,74
GSE32646,528,expanded,logloss,0.008002157715849783,74
GSE32646,529,expanded,auc,0.09303463855421683,74
GSE32646,529,expanded,ap,0.050843263420587384,74
GSE32646,529,expanded,brier,-0.004871605627006392,74
GSE32646,529,expanded,logloss,-0.03437258867711074,74
GSE32646,530,expanded,auc,0.0022684310018903585,73
GSE32646,530,expanded,ap,-0.021347157428436465,73
GSE32646,530,expanded,brier,0.007169240279758471,73
GSE32646,530,expanded,logloss,0.014725633028262542,73
GSE32646,531,expanded,auc,0.19546703296703297,70
GSE32646,531,expanded,ap,0.15926222272754428,70
GSE32646,531,expanded,brier,-0.02822448348857427,70
GSE32646,531,expanded,logloss,-0.11394963979363856,70
GSE32646,532,expanded,auc,-0.002946127946127919,70
GSE32646,532,expanded,ap,-0.014080573986858042,70
GSE32646,532,expanded,brier,0.00906650398554135,70
GSE32646,532,expanded,logloss,0.04883408320374187,70
GSE32646,533,expanded,auc,0.07074175824175825,74
GSE32646,533,expanded,ap,0.14406030272056647,74
GSE32646,533,expanded,brier,-0.021341858659343956,74
GSE32646,533,expanded,logloss,-0.04855890504519272,74
GSE32646,534,expanded,auc,0.06547619047619047,72
GSE32646,534,expanded,ap,0.046795770687955526,72
GSE32646,534,expanded,brier,-0.0005454612059651142,72
GSE32646,534,expanded,logloss,-0.009386380588330934,72
GSE32646,535,expanded,auc,0.031880900508351497,76
GSE32646,535,expanded,ap,0.02950441434099595,76
GSE32646,535,expanded,brier,0.0009566903991567565,76
GSE32646,535,expanded,logloss,0.02136447962525273,76
GSE32646,536,expanded,auc,0.033702791461412154,67
GSE32646,536,expanded,ap,0.06281844171820476,67
GSE32646,536,expanded,brier,-0.009496266246626283,67
GSE32646,536,expanded,logloss,-0.03206239322191534,67
GSE32646,537,expanded,auc,0.018666666666666654,72
GSE32646,537,expanded,ap,0.021869433076796792,72
GSE32646,537,expanded,brier,-0.001513563892091857,72
GSE32646,537,expanded,logloss,-0.0016752333633117678,72
GSE32646,538,expanded,auc,0.016987179487179472,78
GSE32646,538,expanded,ap,0.07325493140521451,78
GSE32646,538,expanded,brier,-0.00483145992137371,78
GSE32646,538,expanded,logloss,-0.009751974263044727,78
GSE32646,539,expanded,auc,0.027155555555555544,72
GSE32646,539,expanded,ap,0.029119046667079422,72
GSE32646,539,expanded,brier,-0.003209945487375937,72
GSE32646,539,expanded,logloss,0.006379480673190019,72
GSE32646,540,expanded,auc,0.016416666666666645,66
GSE32646,540,expanded,ap,0.006107226529973075,66
GSE32646,540,expanded,brier,0.0007133368816829077,66
GSE32646,540,expanded,logloss,-0.01859194937903067,66
GSE32646,541,expanded,auc,0.02577861952861955,74
GSE32646,541,expanded,ap,0.009350088451632594,74
GSE32646,541,expanded,brier,-0.0008663253368258406,74
GSE32646,541,expanded,logloss,-0.027934946513649285,74
GSE32646,542,expanded,auc,-0.0034222222222222267,75
GSE32646,542,expanded,ap,-0.014295165796597254,75
GSE32646,542,expanded,brier,0.00863703172952123,75
GSE32646,542,expanded,logloss,0.012344953108366858,75
GSE32646,543,expanded,auc,0.025168350168350152,80
GSE32646,543,expanded,ap,0.05615964047246034,80
GSE32646,543,expanded,brier,-0.005934560233821884,80
GSE32646,543,expanded,logloss,0.00024180648365381696,80
GSE32646,544,expanded,auc,0.02292921686746987,71
GSE32646,544,expanded,ap,0.0628199544031294,71
GSE32646,544,expanded,brier,0.0068378717808815406,71
GSE32646,544,expanded,logloss,0.007355743405524862,71
GSE32646,545,expanded,auc,0.016439454691259004,74
GSE32646,545,expanded,ap,0.05998061339630932,74
GSE32646,545,expanded,brier,-0.0019552333622645524,74
GSE32646,545,expanded,logloss,0.007073796125283377,74
GSE32646,546,expanded,auc,-0.03995555555555558,71
GSE32646,546,expanded,ap,-0.03497368394462032,71
GSE32646,546,expanded,brier,0.016844707599634735,71
GSE32646,546,expanded,logloss,0.05426724595040744,71
GSE32646,547,expanded,auc,0.09806397306397306,76
GSE32646,547,expanded,ap,0.13030310911199366,76
GSE32646,547,expanded,brier,-0.0223240291524641,76
GSE32646,547,expanded,logloss,-0.0711320303039826,76
GSE32646,548,expanded,auc,0.05980392156862745,74
GSE32646,548,expanded,ap,0.07685658156025622,74
GSE32646,548,expanded,brier,-0.010306266373678477,74
GSE32646,548,expanded,logloss,-0.0729413179138375,74
GSE32646,549,expanded,auc,0.0827111111111111,72
GSE32646,549,expanded,ap,0.11462676226285043,72
GSE32646,549,expanded,brier,-0.012601224560119532,72
GSE32646,549,expanded,logloss,-0.03490894719871975,72
GSE32646,550,expanded,auc,0.04478114478114479,76
GSE32646,550,expanded,ap,0.10935756316298377,76
GSE32646,550,expanded,brier,-0.009975253287471961,76
GSE32646,550,expanded,logloss,-0.04502372103763168,76
GSE32646,551,expanded,auc,0.07344444444444445,76
GSE32646,551,expanded,ap,0.05275200239147613,76
GSE32646,551,expanded,brier,-0.004585497193407939,76
GSE32646,551,expanded,logloss,-0.01967685762403203,76
GSE32646,552,expanded,auc,-0.0026272577996715894,67
GSE32646,552,expanded,ap,-0.009181926249508953,67
GSE32646,552,expanded,brier,0.009563283246953422,67
GSE32646,552,expanded,logloss,0.030873950210279156,67
GSE32646,553,expanded,auc,-0.020029563932002968,67
GSE32646,553,expanded,ap,-0.031440267719358775,67
GSE32646,553,expanded,brier,0.013342573180367056,67
GSE32646,553,expanded,logloss,0.03269216237108354,67
GSE32646,554,expanded,auc,0.14487179487179486,74
GSE32646,554,expanded,ap,0.1682972359125221,74
GSE32646,554,expanded,brier,-0.0360519481666927,74
GSE32646,554,expanded,logloss,-0.13274387311406394,74
GSE32646,555,expanded,auc,0.12097138554216866,68
GSE32646,555,expanded,ap,0.1286344519790715,68
GSE32646,555,expanded,brier,-0.029875849006699828,68
GSE32646,555,expanded,logloss,-0.0799498275134112,68
GSE32646,556,expanded,auc,0.10332512315270934,71
GSE32646,556,expanded,ap,0.08381603407349025,71
GSE32646,556,expanded,brier,-0.01375761678608857,71
GSE32646,556,expanded,logloss,-0.05179314190711261,71
GSE32646,557,expanded,auc,0.034844444444444456,74
GSE32646,557,expanded,ap,-0.006466626557593358,74
GSE32646,557,expanded,brier,0.019148166447618874,74
GSE32646,557,expanded,logloss,0.0377137849636079,74
GSE32646,558,expanded,auc,0.0664156626506024,71
GSE32646,558,expanded,ap,0.059519416854289964,71
GSE32646,558,expanded,brier,-0.007448162342809908,71
GSE32646,558,expanded,logloss,-0.015790163210866116,71
GSE32646,559,expanded,auc,0.10113421550094519,76
GSE32646,559,expanded,ap,0.06668974739268374,76
GSE32646,559,expanded,brier,-0.005711825506544319,76
GSE32646,559,expanded,logloss,-0.03210661862761393,76
GSE32646,560,expanded,auc,0.09248768472906405,72
GSE32646,560,expanded,ap,0.12507015646440844,72
GSE32646,560,expanded,brier,-0.01910863622475518,72
GSE32646,560,expanded,logloss,-0.07156845299382582,72
GSE32646,561,expanded,auc,0.11623897353648757,75
GSE32646,561,expanded,ap,0.12687675675785653,75
GSE32646,561,expanded,brier,-0.03094894181577217,75
GSE32646,561,expanded,logloss,-0.08323523353837785,75
GSE32646,562,expanded,auc,-0.0259723422644771,75
GSE32646,562,expanded,ap,-0.01975513787292222,75
GSE32646,562,expanded,brier,0.006532798084988573,75
GSE32646,562,expanded,logloss,0.02709297372081123,75
GSE32646,563,expanded,auc,0.0038852578068264585,79
GSE32646,563,expanded,ap,-0.02210382159073097,79
GSE32646,563,expanded,brier,0.009480154183890786,79
GSE32646,563,expanded,logloss,0.05973622107359865,79
GSE32646,564,expanded,auc,0.04528888888888889,71
GSE32646,564,expanded,ap,0.046535078822228404,71
GSE32646,564,expanded,brier,-0.0002453831611021806,71
GSE32646,564,expanded,logloss,-0.023829007274804536,71
GSE32646,565,expanded,auc,-0.011689714779602428,73
GSE32646,565,expanded,ap,-0.02713190606681961,73
GSE32646,565,expanded,brier,0.019975842419651155,73
GSE32646,565,expanded,logloss,0.05329238694237074,73
GSE32646,566,expanded,auc,0.0613656006914434,69
GSE32646,566,expanded,ap,0.004910117002735015,69
GSE32646,566,expanded,brier,-0.00027694676595061974,69
GSE32646,566,expanded,logloss,-0.0006102886940160035,69
GSE32646,567,expanded,auc,-0.007433016421780481,71
GSE32646,567,expanded,ap,0.06804653981397808,71
GSE32646,567,expanded,brier,-0.009051688618288723,71
GSE32646,567,expanded,logloss,0.025824330688395226,71
GSE32646,568,expanded,auc,-0.0011730205278592365,69
GSE32646,568,expanded,ap,0.008674898332608394,69
GSE32646,568,expanded,brier,0.0011428984121408137,69
GSE32646,568,expanded,logloss,0.011513713860770885,69
GSE32646,569,expanded,auc,-0.012313860252004594,71
GSE32646,569,expanded,ap,-0.08540855806926397,71
GSE32646,569,expanded,brier,0.010349191455326817,71
GSE32646,569,expanded,logloss,0.027857862289898016,71
GSE32646,570,expanded,auc,0.035648148148148165,68
GSE32646,570,expanded,ap,0.015887881940110364,68
GSE32646,570,expanded,brier,-0.007711601176837346,68
GSE32646,570,expanded,logloss,-0.03323020957025235,68
GSE32646,571,expanded,auc,0.05089792060491492,71
GSE32646,571,expanded,ap,0.02516685048553896,71
GSE32646,571,expanded,brier,0.011001713006944237,71
GSE32646,571,expanded,logloss,0.01867059311658283,71
GSE32646,572,expanded,auc,0.018612637362637352,72
GSE32646,572,expanded,ap,0.018906268667193228,72
GSE32646,572,expanded,brier,0.0022889115669466552,72
GSE32646,572,expanded,logloss,0.007027024036738943,72
GSE32646,573,expanded,auc,0.15359675785207702,73
GSE32646,573,expanded,ap,0.12352369667711909,73
GSE32646,573,expanded,brier,-0.01806477663345534,73
GSE32646,573,expanded,logloss,-0.06345780067374356,73
GSE32646,574,expanded,auc,0.09467253176930597,69
GSE32646,574,expanded,ap,0.10972943204360017,69
GSE32646,574,expanded,brier,-0.012849151040888625,69
GSE32646,574,expanded,logloss,-0.05483832411854208,69
GSE32646,575,expanded,auc,0.2232549019607844,68
GSE32646,575,expanded,ap,0.13527472183361144,68
GSE32646,575,expanded,brier,-0.03801255908250402,68
GSE32646,575,expanded,logloss,-0.11622151901518107,68
GSE32646,576,expanded,auc,-0.0133102852203976,75
GSE32646,576,expanded,ap,-0.030899564263802824,75
GSE32646,576,expanded,brier,0.011568318387040366,75
GSE32646,576,expanded,logloss,0.030835412098152704,75
GSE32646,577,expanded,auc,0.02037597234226446,81
GSE32646,577,expanded,ap,0.01656605524311062,81
GSE32646,577,expanded,brier,-7.927894277787729e-05,81
GSE32646,577,expanded,logloss,-0.012753367962055373,81
GSE32646,578,expanded,auc,0.10946666666666664,70
GSE32646,578,expanded,ap,0.037313220246388876,70
GSE32646,578,expanded,brier,0.0011473225519656655,70
GSE32646,578,expanded,logloss,-0.019269987518499676,70
GSE32646,579,expanded,auc,0.058964646464646456,70
GSE32646,579,expanded,ap,0.13195323347086768,70
GSE32646,579,expanded,brier,-0.024659797633583665,70
GSE32646,579,expanded,logloss,-0.07314680954314283,70
GSE32646,580,expanded,auc,0.13313253012048193,69
GSE32646,580,expanded,ap,0.14197048543330268,69
GSE32646,580,expanded,brier,-0.03224603652990459,69
GSE32646,580,expanded,logloss,-0.10226200683847711,69
GSE32646,581,expanded,auc,0.06369286287089013,78
GSE32646,581,expanded,ap,0.08494747389209803,78
GSE32646,581,expanded,brier,-0.009960995855681446,78
GSE32646,581,expanded,logloss,-0.03458643049529821,78
GSE32646,582,expanded,auc,0.050366300366300375,80
GSE32646,582,expanded,ap,0.022479794007150257,80
GSE32646,582,expanded,brier,-0.00015777542883059769,80
GSE32646,582,expanded,logloss,-0.014993753074029092,80
GSE32646,583,expanded,auc,-0.010439763488543979,70
GSE32646,583,expanded,ap,-0.02453106004827052,70
GSE32646,583,expanded,brier,0.016654787408002455,70
GSE32646,583,expanded,logloss,0.03259375784629363,70
GSE32646,584,expanded,auc,0.006281661600810529,72
GSE32646,584,expanded,ap,-0.030898999609914834,72
GSE32646,584,expanded,brier,0.004201844015483724,72
GSE32646,584,expanded,logloss,0.00788432696121153,72
GSE32646,585,expanded,auc,0.016749999999999998,69
GSE32646,585,expanded,ap,0.018118932279224776,69
GSE32646,585,expanded,brier,0.0025159281891470515,69
GSE32646,585,expanded,logloss,0.0033230487207386193,69
GSE32646,586,expanded,auc,-0.017711111111111122,68
GSE32646,586,expanded,ap,0.04049295987516164,68
GSE32646,586,expanded,brier,0.0020628036095537623,68
GSE32646,586,expanded,logloss,0.008949637063353106,68
GSE32646,587,expanded,auc,0.011813186813186804,73
GSE32646,587,expanded,ap,0.05801584195118144,73
GSE32646,587,expanded,brier,-0.004205630679012665,73
GSE32646,587,expanded,logloss,-0.00030980604693371384,73
GSE32646,588,expanded,auc,0.09460180623973727,73
GSE32646,588,expanded,ap,0.10136342265107996,73
GSE32646,588,expanded,brier,-0.021811065723018556,73
GSE32646,588,expanded,logloss,-0.067596443427855,73
GSE32646,589,expanded,auc,0.021777777777777774,75
GSE32646,589,expanded,ap,0.07844762009898061,75
GSE32646,589,expanded,brier,-0.0051465082753471645,75
GSE32646,589,expanded,logloss,-0.018308045704711794,75
GSE32646,590,expanded,auc,0.08313725490196079,70
GSE32646,590,expanded,ap,0.09745376523810026,70
GSE32646,590,expanded,brier,-0.018056731390600975,70
GSE32646,590,expanded,logloss,-0.07453170516629051,70
GSE32646,591,expanded,auc,0.07518043303929432,77
GSE32646,591,expanded,ap,0.05006175850175596,77
GSE32646,591,expanded,brier,-0.008175209179292594,77
GSE32646,591,expanded,logloss,-0.030268118711770497,77
GSE32646,592,expanded,auc,0.06288448393711552,70
GSE32646,592,expanded,ap,0.08313190274461861,70
GSE32646,592,expanded,brier,-0.024911516917588018,70
GSE32646,592,expanded,logloss,-0.05497022672538763,70
GSE32646,593,expanded,auc,0.07680623973727421,71
GSE32646,593,expanded,ap,0.09635763104657136,71
GSE32646,593,expanded,brier,-0.01815935715543873,71
GSE32646,593,expanded,logloss,-0.025849899302376255,71
GSE32646,594,expanded,auc,0.21510942760942758,76
GSE32646,594,expanded,ap,0.18302063588350082,76
GSE32646,594,expanded,brier,-0.03812170164844113,76
GSE32646,594,expanded,logloss,-0.11937289683051386,76
GSE32646,595,expanded,auc,0.04383640552995389,75
GSE32646,595,expanded,ap,0.03877650117826271,75
GSE32646,595,expanded,brier,-0.0015077057038867415,75
GSE32646,595,expanded,logloss,-0.0004572424970276989,75
GSE32646,596,expanded,auc,0.04882222222222223,78
GSE32646,596,expanded,ap,0.11924489671198138,78
GSE32646,596,expanded,brier,-0.022025881924350805,78
GSE32646,596,expanded,logloss,-0.04975081069244529,78
GSE32646,597,expanded,auc,-0.01603284356093344,77
GSE32646,597,expanded,ap,-0.01082526174387583,77
GSE32646,597,expanded,brier,0.010013796622813192,77
GSE32646,597,expanded,logloss,0.04049536550087005,77
GSE32646,598,expanded,auc,0.08001054852320677,70
GSE32646,598,expanded,ap,0.06852170701892653,70
GSE32646,598,expanded,brier,-0.010483223579702522,70
GSE32646,598,expanded,logloss,-0.026192619395772575,70
GSE32646,599,expanded,auc,0.004665940450254202,69
GSE32646,599,expanded,ap,-0.004286821343236591,69
GSE32646,599,expanded,brier,0.007503548362811393,69
GSE32646,599,expanded,logloss,0.0321552717967849,69
GSE32646,600,expanded,auc,0.04733102918586788,83
GSE32646,600,expanded,ap,0.05227992078809975,83
GSE32646,600,expanded,brier,-0.011336246747918787,83
GSE32646,600,expanded,logloss,-0.03302346323667655,83
GSE32646,601,expanded,auc,0.010803802938634376,71
GSE32646,601,expanded,ap,-0.0021819317650692673,71
GSE32646,601,expanded,brier,0.007024311901601521,71
GSE32646,601,expanded,logloss,0.0217617823316331,71
GSE32646,602,expanded,auc,0.029032258064516113,70
GSE32646,602,expanded,ap,-0.03729428237174585,70
GSE32646,602,expanded,brier,0.014693051569142588,70
GSE32646,602,expanded,logloss,0.01008029378966992,70
GSE32646,603,expanded,auc,0.09996626180836707,70
GSE32646,603,expanded,ap,0.1527540660789361,70
GSE32646,603,expanded,brier,-0.026746111282223962,70
GSE32646,603,expanded,logloss,-0.08824251823288365,70
GSE32646,604,expanded,auc,-0.02678571428571428,69
GSE32646,604,expanded,ap,-0.019058966396881448,69
GSE32646,604,expanded,brier,0.0049611261490829315,69
GSE32646,604,expanded,logloss,0.03940367945827772,69
GSE32646,605,expanded,auc,-0.013720538720538734,74
GSE32646,605,expanded,ap,-0.019632837681360853,74
GSE32646,605,expanded,brier,0.007027883527969786,74
GSE32646,605,expanded,logloss,0.014706142283103218,74
GSE32646,606,expanded,auc,-0.006524725274725307,69
GSE32646,606,expanded,ap,0.0015798802368485131,69
GSE32646,606,expanded,brier,0.006519186855151862,69
GSE32646,606,expanded,logloss,0.022802689793379516,69
GSE32646,607,expanded,auc,0.08940000000000002,72
GSE32646,607,expanded,ap,0.06348134567523853,72
GSE32646,607,expanded,brier,-0.01059180632613409,72
GSE32646,607,expanded,logloss,-0.04703899146739678,72
GSE32646,608,expanded,auc,-0.020390070921985838,68
GSE32646,608,expanded,ap,-0.011061144970858272,68
GSE32646,608,expanded,brier,0.010513158724777882,68
GSE32646,608,expanded,logloss,0.03480951681331133,68
GSE32646,609,expanded,auc,0.048901098901098915,75
GSE32646,609,expanded,ap,0.08383688476864352,75
GSE32646,609,expanded,brier,-0.011960866301958643,75
GSE32646,609,expanded,logloss,-0.032327046190360545,75
GSE32646,610,expanded,auc,0.1227450980392157,71
GSE32646,610,expanded,ap,0.1686682935124115,71
GSE32646,610,expanded,brier,-0.03852851578263324,71
GSE32646,610,expanded,logloss,-0.13104828130287566,71
GSE32646,611,expanded,auc,0.08416824196597354,66
GSE32646,611,expanded,ap,0.05810366727324594,66
GSE32646,611,expanded,brier,-0.0018604063572409068,66
GSE32646,611,expanded,logloss,-0.02524691089863047,66
GSE32646,612,expanded,auc,0.015903197925669844,71
GSE32646,612,expanded,ap,0.04260660799480519,71
GSE32646,612,expanded,brier,-0.0027065402852180843,71
GSE32646,612,expanded,logloss,-0.0030266764902448784,71
GSE32646,613,expanded,auc,0.021263157894736862,78
GSE32646,613,expanded,ap,0.04124488777975887,78
GSE32646,613,expanded,brier,-0.0019601816279898668,78
GSE32646,613,expanded,logloss,0.0020749763130227692,78
GSE32646,614,expanded,auc,0.009462710505212513,75
GSE32646,614,expanded,ap,0.023472264214875527,75
GSE32646,614,expanded,brier,0.00898387668578599,75
GSE32646,614,expanded,logloss,0.024021620291049605,75
GSE32646,615,expanded,auc,0.06199999999999998,73
GSE32646,615,expanded,ap,0.052406660581075924,73
GSE32646,615,expanded,brier,-0.011474187042951578,73
GSE32646,615,expanded,logloss,-0.02019916475910777,73
GSE32646,616,expanded,auc,0.10326354679802958,75
GSE32646,616,expanded,ap,0.19142202123327462,75
GSE32646,616,expanded,brier,-0.032455534737383676,75
GSE32646,616,expanded,logloss,-0.08707818348900025,75
GSE32646,617,expanded,auc,-0.002533333333333332,71
GSE32646,617,expanded,ap,0.0124464316271378,71
GSE32646,617,expanded,brier,0.004315941965183983,71
GSE32646,617,expanded,logloss,0.017018440078206087,71
GSE32646,618,expanded,auc,0.002635542168674698,74
GSE32646,618,expanded,ap,-0.0004234956303534931,74
GSE32646,618,expanded,brier,0.0019536788762936188,74
GSE32646,618,expanded,logloss,0.018509565656021576,74
GSE32646,619,expanded,auc,0.07896975425330813,68
GSE32646,619,expanded,ap,0.03751023319602604,68
GSE32646,619,expanded,brier,-0.011816089011639377,68
GSE32646,619,expanded,logloss,-0.04543966945879424,68
GSE32646,620,expanded,auc,0.025992438563327037,76
GSE32646,620,expanded,ap,0.12957043877837332,76
GSE32646,620,expanded,brier,-0.01216725378251909,76
GSE32646,620,expanded,logloss,-0.03703048724067075,76
GSE32646,621,expanded,auc,0.06561909262759925,81
GSE32646,621,expanded,ap,0.044475081569411955,81
GSE32646,621,expanded,brier,-0.007531061106003187,81
GSE32646,621,expanded,logloss,-0.031550104681025745,81
GSE32646,622,expanded,auc,0.07596251266464032,68
GSE32646,622,expanded,ap,0.053317888924083304,68
GSE32646,622,expanded,brier,-0.008459602414827003,68
GSE32646,622,expanded,logloss,-0.030875991858596928,68
GSE32646,623,expanded,auc,0.03431287813310283,71
GSE32646,623,expanded,ap,0.08576797858264514,71
GSE32646,623,expanded,brier,-0.007931767742840786,71
GSE32646,623,expanded,logloss,-0.04269011727393177,71
GSE32646,624,expanded,auc,0.032368193604148644,70
GSE32646,624,expanded,ap,0.04386974744119251,70
GSE32646,624,expanded,brier,-0.0031775258181975354,70
GSE32646,624,expanded,logloss,-0.011832831601644767,70
GSE32646,625,expanded,auc,0.19232649071358748,70
GSE32646,625,expanded,ap,0.13044309874052876,70
GSE32646,625,expanded,brier,-0.023965032281100043,70
GSE32646,625,expanded,logloss,-0.08895217857741937,70
GSE32646,626,expanded,auc,0.0704888888888889,73
GSE32646,626,expanded,ap,0.03250967486896693,73
GSE32646,626,expanded,brier,0.004260284037680667,73
GSE32646,626,expanded,logloss,-0.0009705223779477134,73
GSE32646,627,expanded,auc,0.2755892255892256,77
GSE32646,627,expanded,ap,0.16144412518369608,77
GSE32646,627,expanded,brier,-0.0410613665505701,77
GSE32646,627,expanded,logloss,-0.12730823919122633,77
GSE32646,628,expanded,auc,0.011267040898155601,69
GSE32646,628,expanded,ap,-0.010743787562317263,69
GSE32646,628,expanded,brier,0.005141569615733782,69
GSE32646,628,expanded,logloss,0.012850002520658366,69
GSE32646,629,expanded,auc,0.05066518847006651,80
GSE32646,629,expanded,ap,0.04671734329965027,80
GSE32646,629,expanded,brier,-0.018701679867011937,80
GSE32646,629,expanded,logloss,-0.04383779909793777,80
GSE32646,630,expanded,auc,0.03823891625615763,73
GSE32646,630,expanded,ap,0.04652873250577405,73
GSE32646,630,expanded,brier,0.003005429281667421,73
GSE32646,630,expanded,logloss,-0.007519719398667524,73
GSE32646,631,expanded,auc,0.020924908424908427,68
GSE32646,631,expanded,ap,0.013211979606104629,68
GSE32646,631,expanded,brier,0.006582440234347423,68
GSE32646,631,expanded,logloss,0.019180076500491656,68
GSE32646,632,expanded,auc,0.03189981096408319,72
GSE32646,632,expanded,ap,0.010917048794433218,72
GSE32646,632,expanded,brier,0.002946097546839668,72
GSE32646,632,expanded,logloss,-0.015489475837694323,72
GSE32646,633,expanded,auc,-0.010526315789473684,75
GSE32646,633,expanded,ap,-0.01838191536776206,75
GSE32646,633,expanded,brier,0.005310298779171033,75
GSE32646,633,expanded,logloss,0.02962349803303272,75
GSE32646,634,expanded,auc,0.026211001642036123,68
GSE32646,634,expanded,ap,0.04401187678267711,68
GSE32646,634,expanded,brier,-0.006030272071037765,68
GSE32646,634,expanded,logloss,-0.01602329736607904,68
GSE32646,635,expanded,auc,0.06939006024096386,73
GSE32646,635,expanded,ap,0.08219475813364935,73
GSE32646,635,expanded,brier,-0.011140460006049213,73
GSE32646,635,expanded,logloss,-0.050653862927300654,73
GSE32646,636,expanded,auc,0.09090196078431372,74
GSE32646,636,expanded,ap,0.07527162389073468,74
GSE32646,636,expanded,brier,-0.011620243730747725,74
GSE32646,636,expanded,logloss,-0.04270669485504108,74
GSE32646,637,expanded,auc,-0.001598962834917883,72
GSE32646,637,expanded,ap,0.0014785021830038797,72
GSE32646,637,expanded,brier,0.0045013899530846665,72
GSE32646,637,expanded,logloss,0.025096403214616737,72
GSE32646,638,expanded,auc,0.039555555555555566,69
GSE32646,638,expanded,ap,0.020917832532103758,69
GSE32646,638,expanded,brier,-0.0028673212710419197,69
GSE32646,638,expanded,logloss,-0.013803756622362762,69
GSE32646,639,expanded,auc,0.0875,75
GSE32646,639,expanded,ap,0.11062196721860626,75
GSE32646,639,expanded,brier,-0.021328930007625743,75
GSE32646,639,expanded,logloss,-0.06262350155259215,75
GSE32646,640,expanded,auc,0.059235791090629805,76
GSE32646,640,expanded,ap,0.04420464578099885,76
GSE32646,640,expanded,brier,0.00025289785104115614,76
GSE32646,640,expanded,logloss,0.002320382818548505,76
GSE32646,641,expanded,auc,0.02080812445980984,73
GSE32646,641,expanded,ap,0.04535647124789929,73
GSE32646,641,expanded,brier,-0.004444913862169183,73
GSE32646,641,expanded,logloss,-0.017599867901875677,73
GSE32646,642,expanded,auc,0.08385070214338507,79
GSE32646,642,expanded,ap,0.06299432271380512,79
GSE32646,642,expanded,brier,-0.012114021054031986,79
GSE32646,642,expanded,logloss,-0.04081799600590393,79
GSE32646,643,expanded,auc,0.062490922294843876,74
GSE32646,643,expanded,ap,0.0887924094162146,74
GSE32646,643,expanded,brier,-0.021505848300149656,74
GSE32646,643,expanded,logloss,-0.0726473510538104,74
GSE32646,644,expanded,auc,0.04000000000000002,75
GSE32646,644,expanded,ap,0.09027087187014109,75
GSE32646,644,expanded,brier,-0.0023143772694911775,75
GSE32646,644,expanded,logloss,-0.02786290720955569,75
GSE32646,645,expanded,auc,0.013396715643906664,68
GSE32646,645,expanded,ap,0.011281987202468485,68
GSE32646,645,expanded,brier,0.0012051458224797223,68
GSE32646,645,expanded,logloss,-0.0009290515907842412,68
GSE32646,646,expanded,auc,0.011862745098039229,75
GSE32646,646,expanded,ap,0.02571667418978344,75
GSE32646,646,expanded,brier,0.0039168337815792455,75
GSE32646,646,expanded,logloss,0.004145605074833608,75
GSE32646,647,expanded,auc,0.04084249084249084,77
GSE32646,647,expanded,ap,0.14548129882621255,77
GSE32646,647,expanded,brier,-0.024278751797153334,77
GSE32646,647,expanded,logloss,-0.06917937453010656,77
GSE32646,648,expanded,auc,0.025800000000000007,78
GSE32646,648,expanded,ap,0.02161083728224674,78
GSE32646,648,expanded,brier,0.0012951008942563651,78
GSE32646,648,expanded,logloss,-0.0036428932942036197,78
GSE32646,649,expanded,auc,0.041009852216748764,73
GSE32646,649,expanded,ap,0.03731297640836894,73
GSE32646,649,expanded,brier,0.0006875017057536958,73
GSE32646,649,expanded,logloss,-0.01922206342793037,73
GSE32646,650,expanded,auc,0.003352941176470592,75
GSE32646,650,expanded,ap,0.0010495522221284138,75
GSE32646,650,expanded,brier,0.007529728527984678,75
GSE32646,650,expanded,logloss,0.024379663838382616,75
GSE32646,651,expanded,auc,0.015488215488215495,68
GSE32646,651,expanded,ap,0.05078895855517298,68
GSE32646,651,expanded,brier,-0.003313889379246232,68
GSE32646,651,expanded,logloss,-0.008554005154671473,68
GSE32646,652,expanded,auc,0.04255628177196803,70
GSE32646,652,expanded,ap,0.02590434297536759,70
GSE32646,652,expanded,brier,-0.0019154083436453083,70
GSE32646,652,expanded,logloss,-0.0006650778398998858,70
GSE32646,653,expanded,auc,0.07288587848932677,72
GSE32646,653,expanded,ap,0.034636012709007506,72
GSE32646,653,expanded,brier,-0.0006334386126995384,72
GSE32646,653,expanded,logloss,-0.04178226366823841,72
GSE32646,654,expanded,auc,0.05530137981118373,70
GSE32646,654,expanded,ap,0.08036970545512437,70
GSE32646,654,expanded,brier,-0.018321060171326575,70
GSE32646,654,expanded,logloss,-0.05441126668928457,70
GSE32646,655,expanded,auc,-0.0035984848484848287,73
GSE32646,655,expanded,ap,-0.010652747611219343,73
GSE32646,655,expanded,brier,0.012413014243305917,73
GSE32646,655,expanded,logloss,0.03905323879218727,73
GSE32646,656,expanded,auc,0.15389874353288988,75
GSE32646,656,expanded,ap,0.19532480733216262,75
GSE32646,656,expanded,brier,-0.043920940884255855,75
GSE32646,656,expanded,logloss,-0.11827271963547878,75
GSE32646,657,expanded,auc,0.03202183734939762,66
GSE32646,657,expanded,ap,0.01858316411140854,66
GSE32646,657,expanded,brier,0.005368737912464797,66
GSE32646,657,expanded,logloss,0.014597364264047596,66
GSE32646,658,expanded,auc,-0.00046296296296295393,77
GSE32646,658,expanded,ap,0.011869481572069452,77
GSE32646,658,expanded,brier,0.0015710114259277583,77
GSE32646,658,expanded,logloss,0.010055551932459056,77
GSE32646,659,expanded,auc,0.037234042553191495,71
GSE32646,659,expanded,ap,0.07046565001309667,71
GSE32646,659,expanded,brier,-0.009997001403327812,71
GSE32646,659,expanded,logloss,-0.04397317709672244,71
GSE32646,660,expanded,auc,0.04569892473118281,66
GSE32646,660,expanded,ap,0.052249649842154,66
GSE32646,660,expanded,brier,0.007229735825976633,66
GSE32646,660,expanded,logloss,0.02331379517776796,66
GSE32646,661,expanded,auc,0.0530120481927711,73
GSE32646,661,expanded,ap,0.06958111555011799,73
GSE32646,661,expanded,brier,-0.008949590323041184,73
GSE32646,661,expanded,logloss,-0.02675429394373773,73
GSE32646,662,expanded,auc,0.10378006872852234,75
GSE32646,662,expanded,ap,0.09262546225185402,75
GSE32646,662,expanded,brier,-0.013405460359989818,75
GSE32646,662,expanded,logloss,-0.06096009848810959,75
GSE32646,663,expanded,auc,0.023440065681444976,71
GSE32646,663,expanded,ap,0.009966741587127287,71
GSE32646,663,expanded,brier,0.0017116216613903945,71
GSE32646,663,expanded,logloss,-0.01548771300197932,71
GSE32646,664,expanded,auc,0.08182234432234431,68
GSE32646,664,expanded,ap,0.07658189806418399,68
GSE32646,664,expanded,brier,-0.012015861157038376,68
GSE32646,664,expanded,logloss,-0.03570058744276809,68
GSE32646,665,expanded,auc,0.2275555555555556,70
GSE32646,665,expanded,ap,0.18355670745474342,70
GSE32646,665,expanded,brier,-0.04008856624794173,70
GSE32646,665,expanded,logloss,-0.17261324190857513,70
GSE32646,666,expanded,auc,0.048387096774193505,74
GSE32646,666,expanded,ap,0.0199423976410454,74
GSE32646,666,expanded,brier,-0.004028373046042743,74
GSE32646,666,expanded,logloss,-0.014940693736160592,74
GSE32646,667,expanded,auc,0.10488505747126438,73
GSE32646,667,expanded,ap,0.1477170972088325,73
GSE32646,667,expanded,brier,-0.022464463299439998,73
GSE32646,667,expanded,logloss,-0.09505902335231695,73
GSE32646,668,expanded,auc,0.13321018062397375,73
GSE32646,668,expanded,ap,0.19290599382476914,73
GSE32646,668,expanded,brier,-0.03789021809252773,73
GSE32646,668,expanded,logloss,-0.11324947895500617,73
GSE32646,669,expanded,auc,0.1013632718524459,75
GSE32646,669,expanded,ap,0.1105820041987553,75
GSE32646,669,expanded,brier,-0.019055954934878477,75
GSE32646,669,expanded,logloss,-0.05725191145588798,75
GSE32646,670,expanded,auc,0.029029304029304002,73
GSE32646,670,expanded,ap,-0.06545477756745174,73
GSE32646,670,expanded,brier,0.012603050443634963,73
GSE32646,670,expanded,logloss,0.00327313367913884,73
GSE32646,671,expanded,auc,0.037306610407876216,72
GSE32646,671,expanded,ap,0.03819731180880946,72
GSE32646,671,expanded,brier,-0.016072842450997486,72
GSE32646,671,expanded,logloss,-0.04081209829681666,72
GSE32646,672,expanded,auc,0.05591397849462365,72
GSE32646,672,expanded,ap,0.04353022254511422,72
GSE32646,672,expanded,brier,-0.0022054128174219976,72
GSE32646,672,expanded,logloss,-0.004175671379612467,72
GSE32646,673,expanded,auc,0.023244444444444467,74
GSE32646,673,expanded,ap,0.012201221427117302,74
GSE32646,673,expanded,brier,0.010269045749696563,74
GSE32646,673,expanded,logloss,0.05062716942366462,74
GSE32646,674,expanded,auc,0.10140000000000002,76
GSE32646,674,expanded,ap,0.06295275030842946,76
GSE32646,674,expanded,brier,-0.0030986755003427403,76
GSE32646,674,expanded,logloss,-0.029100413120378532,76
GSE32646,675,expanded,auc,0.07924444444444444,73
GSE32646,675,expanded,ap,0.10989565779802342,73
GSE32646,675,expanded,brier,-0.01473566160804309,73
GSE32646,675,expanded,logloss,-0.009602623762756085,73
GSE32646,676,expanded,auc,0.024719101123595523,76
GSE32646,676,expanded,ap,0.05420741293296059,76
GSE32646,676,expanded,brier,0.001194732578993421,76
GSE32646,676,expanded,logloss,0.010597851195868646,76
GSE32646,677,expanded,auc,-0.008814589665653506,73
GSE32646,677,expanded,ap,-0.020255640310429923,73
GSE32646,677,expanded,brier,0.0032466034571530062,73
GSE32646,677,expanded,logloss,0.013989024040284192,73
GSE32646,678,expanded,auc,0.06024200518582541,71
GSE32646,678,expanded,ap,0.01387940780715558,71
GSE32646,678,expanded,brier,0.0005473080895097765,71
GSE32646,678,expanded,logloss,-0.02684066600696545,71
GSE32646,679,expanded,auc,-0.02952101661779082,68
GSE32646,679,expanded,ap,-0.02584179591064397,68
GSE32646,679,expanded,brier,0.011608454163505153,68
GSE32646,679,expanded,logloss,0.04878663643836561,68
GSE32646,680,expanded,auc,0.0016483516483516481,67
GSE32646,680,expanded,ap,0.02331838445888948,67
GSE32646,680,expanded,brier,0.0015661140947957925,67
GSE32646,680,expanded,logloss,0.02347358714811787,67
GSE32646,681,expanded,auc,-0.02327450980392155,76
GSE32646,681,expanded,ap,-0.03603004208154065,76
GSE32646,681,expanded,brier,0.011978710113557918,76
GSE32646,681,expanded,logloss,0.04322608154186707,76
GSE32646,682,expanded,auc,0.12781986531986536,70
GSE32646,682,expanded,ap,0.13443728722602216,70
GSE32646,682,expanded,brier,-0.02985368936145886,70
GSE32646,682,expanded,logloss,-0.11820877275187087,70
GSE32646,683,expanded,auc,-0.00016420361247948545,70
GSE32646,683,expanded,ap,0.020956557811837917,70
GSE32646,683,expanded,brier,0.00039281554690324684,70
GSE32646,683,expanded,logloss,0.0005599137557405376,70
GSE32646,684,expanded,auc,0.06601382488479263,74
GSE32646,684,expanded,ap,0.060116277629909565,74
GSE32646,684,expanded,brier,-0.011689358189961202,74
GSE32646,684,expanded,logloss,-0.05207517068990656,74
GSE32646,685,expanded,auc,0.06597777777777777,75
GSE32646,685,expanded,ap,0.04383344868432379,75
GSE32646,685,expanded,brier,-0.0008704297264158889,75
GSE32646,685,expanded,logloss,-0.01927118301054853,75
GSE32646,686,expanded,auc,0.044066820276497706,73
GSE32646,686,expanded,ap,0.01253701318446938,73
GSE32646,686,expanded,brier,0.01306912755140043,73
GSE32646,686,expanded,logloss,0.01801022510911555,73
GSE32646,687,expanded,auc,0.014053728949478728,75
GSE32646,687,expanded,ap,0.028007473870111838,75
GSE32646,687,expanded,brier,-0.004112873419867524,75
GSE32646,687,expanded,logloss,-0.018776519163771394,75
GSE32646,688,expanded,auc,0.11710684273709486,72
GSE32646,688,expanded,ap,0.0586607892657516,72
GSE32646,688,expanded,brier,-0.0072866789056998,72
GSE32646,688,expanded,logloss,-0.03180288187438961,72
GSE32646,689,expanded,auc,0.025526506899055928,73
GSE32646,689,expanded,ap,0.04843749146797819,73
GSE32646,689,expanded,brier,-0.006159082020342746,73
GSE32646,689,expanded,logloss,0.00779258360620706,73
GSE32646,690,expanded,auc,0.02188644688644691,71
GSE32646,690,expanded,ap,-0.003907084195527289,71
GSE32646,690,expanded,brier,0.0038696679007573704,71
GSE32646,690,expanded,logloss,-0.002201945929775473,71
GSE32646,691,expanded,auc,0.004901960784313731,72
GSE32646,691,expanded,ap,0.012106261264689666,72
GSE32646,691,expanded,brier,0.006805337841237105,72
GSE32646,691,expanded,logloss,0.006190336918450501,72
GSE32646,692,expanded,auc,-0.015552178318135778,73
GSE32646,692,expanded,ap,-0.028955123301497458,73
GSE32646,692,expanded,brier,0.00953067160188044,73
GSE32646,692,expanded,logloss,0.03478678971076385,73
GSE32646,693,expanded,auc,-0.013461538461538459,71
GSE32646,693,expanded,ap,-0.031125637023107666,71
GSE32646,693,expanded,brier,0.0095113521800911,71
GSE32646,693,expanded,logloss,0.02647198408556294,71
GSE32646,694,expanded,auc,0.07426666666666668,73
GSE32646,694,expanded,ap,0.04195488715198926,73
GSE32646,694,expanded,brier,-0.006383072806268991,73
GSE32646,694,expanded,logloss,-0.05091295965929656,73
GSE32646,695,expanded,auc,0.008128078817733997,76
GSE32646,695,expanded,ap,-0.012418750552525776,76
GSE32646,695,expanded,brier,0.011317401920193634,76
GSE32646,695,expanded,logloss,0.031231347537091374,76
GSE32646,696,expanded,auc,-0.01393200295639323,77
GSE32646,696,expanded,ap,-0.011810774931225959,77
GSE32646,696,expanded,brier,0.005548148400126263,77
GSE32646,696,expanded,logloss,0.02565572633510077,77
GSE32646,697,expanded,auc,0.054407951598962834,73
GSE32646,697,expanded,ap,0.08596126772837062,73
GSE32646,697,expanded,brier,-0.003562896977077637,73
GSE32646,697,expanded,logloss,-0.002704866640527115,73
GSE32646,698,expanded,auc,-0.0012626262626262651,78
GSE32646,698,expanded,ap,-0.01098274247736446,78
GSE32646,698,expanded,brier,0.008021484076669708,78
GSE32646,698,expanded,logloss,0.018000886896768393,78
GSE32646,699,expanded,auc,0.036058601134215516,75
GSE32646,699,expanded,ap,0.06847786949862707,75
GSE32646,699,expanded,brier,-0.005878026935914785,75
GSE32646,699,expanded,logloss,-0.02491657673157887,75
GSE32646,700,expanded,auc,0.028829966329966327,71
GSE32646,700,expanded,ap,0.03300328993827621,71
GSE32646,700,expanded,brier,0.0030838716097153773,71
GSE32646,700,expanded,logloss,0.02833580612898563,71
GSE32646,701,expanded,auc,-0.01891495601173019,72
GSE32646,701,expanded,ap,-0.020863798304497156,72
GSE32646,701,expanded,brier,0.00812289740850845,72
GSE32646,701,expanded,logloss,0.015505978189219033,72
GSE32646,702,expanded,auc,0.02285353535353537,74
GSE32646,702,expanded,ap,0.03344892105269222,74
GSE32646,702,expanded,brier,-0.009938799290433972,74
GSE32646,702,expanded,logloss,-0.01677530812282274,74
GSE32646,703,expanded,auc,0.02588591184096801,74
GSE32646,703,expanded,ap,0.04230369584766329,74
GSE32646,703,expanded,brier,-0.0032617960465064766,74
GSE32646,703,expanded,logloss,0.0037498649174487085,74
GSE32646,704,expanded,auc,0.0595980595980596,72
GSE32646,704,expanded,ap,0.1055426969244722,72
GSE32646,704,expanded,brier,-0.018654490095538826,72
GSE32646,704,expanded,logloss,-0.049931452291508305,72
GSE32646,705,expanded,auc,0.039520202020202046,80
GSE32646,705,expanded,ap,0.056300316392378355,80
GSE32646,705,expanded,brier,-0.005462370333722599,80
GSE32646,705,expanded,logloss,0.002709958565254633,80
GSE32646,706,expanded,auc,0.13152356902356904,73
GSE32646,706,expanded,ap,0.10255034290621035,73
GSE32646,706,expanded,brier,-0.015276088863052008,73
GSE32646,706,expanded,logloss,-0.05366111612989129,73
GSE32646,707,expanded,auc,0.03370786516853932,71
GSE32646,707,expanded,ap,0.022998474255639154,71
GSE32646,707,expanded,brier,0.006789992078723661,71
GSE32646,707,expanded,logloss,0.04940652797591415,71
GSE32646,708,expanded,auc,0.02145098039215686,72
GSE32646,708,expanded,ap,0.021055651639474184,72
GSE32646,708,expanded,brier,0.006273716525352699,72
GSE32646,708,expanded,logloss,0.0025799158498709283,72
GSE32646,709,expanded,auc,0.050181554103122736,74
GSE32646,709,expanded,ap,0.016323934787373578,74
GSE32646,709,expanded,brier,-0.007050402550428816,74
GSE32646,709,expanded,logloss,-0.031966943536758066,74
GSE32646,710,expanded,auc,0.03545098039215684,77
GSE32646,710,expanded,ap,0.06526685814656395,77
GSE32646,710,expanded,brier,-0.01043120748163793,77
GSE32646,710,expanded,logloss,-0.042357108287849644,77
GSE32646,711,expanded,auc,0.05533333333333333,69
GSE32646,711,expanded,ap,0.06140566338113564,69
GSE32646,711,expanded,brier,-0.00015570801020678426,69
GSE32646,711,expanded,logloss,-0.017574873181207103,69
GSE32646,712,expanded,auc,0.07960829493087555,77
GSE32646,712,expanded,ap,0.11504591673154999,77
GSE32646,712,expanded,brier,-0.020320749838497743,77
GSE32646,712,expanded,logloss,-0.04674954995449731,77
GSE32646,713,expanded,auc,0.10086666666666666,75
GSE32646,713,expanded,ap,0.11810887687911217,75
GSE32646,713,expanded,brier,-0.013788867769452687,75
GSE32646,713,expanded,logloss,-0.05496449706272818,75
GSE32646,714,expanded,auc,-0.01044423440453689,74
GSE32646,714,expanded,ap,-0.007586045049424217,74
GSE32646,714,expanded,brier,0.003427597184595424,74
GSE32646,714,expanded,logloss,0.013933397373257484,74
GSE32646,715,expanded,auc,-0.00029461279461276966,72
GSE32646,715,expanded,ap,-0.08479904120839239,72
GSE32646,715,expanded,brier,0.007704931730300749,72
GSE32646,715,expanded,logloss,0.018612921703614494,72
GSE32646,716,expanded,auc,0.0178396871945259,72
GSE32646,716,expanded,ap,0.021663400737617973,72
GSE32646,716,expanded,brier,-0.000924492157045892,72
GSE32646,716,expanded,logloss,-0.00024999043894695095,72
GSE32646,717,expanded,auc,0.09999999999999999,74
GSE32646,717,expanded,ap,0.0809730416298441,74
GSE32646,717,expanded,brier,-0.008591138245228946,74
GSE32646,717,expanded,logloss,-0.045978003015658464,74
GSE32646,718,expanded,auc,0.09578754578754581,77
GSE32646,718,expanded,ap,0.04950172825367298,77
GSE32646,718,expanded,brier,-0.004502288878923682,77
GSE32646,718,expanded,logloss,-0.029452356044845536,77
GSE32646,719,expanded,auc,0.05583717357910907,77
GSE32646,719,expanded,ap,0.031551130904823727,77
GSE32646,719,expanded,brier,0.006730841471359869,77
GSE32646,719,expanded,logloss,0.012893838310276207,77
GSE32646,720,expanded,auc,0.06483931947069944,73
GSE32646,720,expanded,ap,0.0814196552151894,73
GSE32646,720,expanded,brier,-0.014797874530684433,73
GSE32646,720,expanded,logloss,-0.03973230196900712,73
GSE32646,721,expanded,auc,-0.023530901722391105,76
GSE32646,721,expanded,ap,0.020432386149641775,76
GSE32646,721,expanded,brier,0.0033254523505038686,76
GSE32646,721,expanded,logloss,0.02187334581652715,76
GSE32646,722,expanded,auc,0.021411387329591015,75
GSE32646,722,expanded,ap,0.004599128745253445,75
GSE32646,722,expanded,brier,0.0055386440666179895,75
GSE32646,722,expanded,logloss,0.013768769681226433,75
GSE32646,723,expanded,auc,0.022326807228915658,77
GSE32646,723,expanded,ap,0.014727239639172085,77
GSE32646,723,expanded,brier,0.003625198213673947,77
GSE32646,723,expanded,logloss,0.002252007802913447,77
GSE32646,724,expanded,auc,0.11607744107744107,75
GSE32646,724,expanded,ap,0.07841447839364747,75
GSE32646,724,expanded,brier,-0.007610354955402329,75
GSE32646,724,expanded,logloss,-0.04284115985885212,75
GSE32646,725,expanded,auc,0.05073260073260074,72
GSE32646,725,expanded,ap,0.0379921087340326,72
GSE32646,725,expanded,brier,1.3153652796876746e-05,72
GSE32646,725,expanded,logloss,-0.02326641617475677,72
GSE32646,726,expanded,auc,0.004537597234226465,73
GSE32646,726,expanded,ap,-0.0007339192290525098,73
GSE32646,726,expanded,brier,0.004052685323140409,73
GSE32646,726,expanded,logloss,0.0038086131592958592,73
GSE32646,727,expanded,auc,0.014000000000000023,82
GSE32646,727,expanded,ap,0.021109703163095756,82
GSE32646,727,expanded,brier,-0.0021149109093297203,82
GSE32646,727,expanded,logloss,-0.008045901333582234,82
GSE32646,728,expanded,auc,0.040233362143474505,68
GSE32646,728,expanded,ap,0.004701665107763653,68
GSE32646,728,expanded,brier,0.00015564719898297774,68
GSE32646,728,expanded,logloss,0.015815279881690646,68
GSE32646,729,expanded,auc,0.018970814132104476,72
GSE32646,729,expanded,ap,0.0251148835769258,72
GSE32646,729,expanded,brier,0.0027592022580245124,72
GSE32646,729,expanded,logloss,0.008956195989815119,72
GSE32646,730,expanded,auc,0.03459429824561405,74
GSE32646,730,expanded,ap,0.1074368794925505,74
GSE32646,730,expanded,brier,-0.006528335800963063,74
GSE32646,730,expanded,logloss,-0.029679795585569296,74
GSE32646,731,expanded,auc,-0.0036124794745484245,71
GSE32646,731,expanded,ap,0.045309580316616346,71
GSE32646,731,expanded,brier,-0.004181963660305913,71
GSE32646,731,expanded,logloss,-0.0004315446323730099,71
GSE32646,732,expanded,auc,0.10535584604212053,65
GSE32646,732,expanded,ap,0.10230600553760225,65
GSE32646,732,expanded,brier,-0.021734073527739872,65
GSE32646,732,expanded,logloss,-0.04160788366647102,65
GSE32646,733,expanded,auc,0.02918719211822659,80
GSE32646,733,expanded,ap,0.022074142544554542,80
GSE32646,733,expanded,brier,-0.004684617492361831,80
GSE32646,733,expanded,logloss,-0.0008142982150478484,80
GSE32646,734,expanded,auc,0.04879489603024574,74
GSE32646,734,expanded,ap,0.04581978693198051,74
GSE32646,734,expanded,brier,-0.005087532491947516,74
GSE32646,734,expanded,logloss,-0.03096352288993167,74
GSE32646,735,expanded,auc,0.11554969879518076,74
GSE32646,735,expanded,ap,0.14427253530764883,74
GSE32646,735,expanded,brier,-0.029886301177201396,74
GSE32646,735,expanded,logloss,-0.09689497673537055,74
GSE32646,736,expanded,auc,0.09173684210526314,73
GSE32646,736,expanded,ap,0.055742071605625054,73
GSE32646,736,expanded,brier,-0.011388297933089894,73
GSE32646,736,expanded,logloss,-0.034586678462883165,73
GSE32646,737,expanded,auc,0.1473336006415397,74
GSE32646,737,expanded,ap,0.20764465645843128,74
GSE32646,737,expanded,brier,-0.03928435030883344,74
GSE32646,737,expanded,logloss,-0.10934980673166035,74
GSE32646,738,expanded,auc,0.03310291858678953,75
GSE32646,738,expanded,ap,0.012552394788422272,75
GSE32646,738,expanded,brier,-0.005957944112392026,75
GSE32646,738,expanded,logloss,-0.04213515174505063,75
GSE32646,739,expanded,auc,0.03923992673992678,76
GSE32646,739,expanded,ap,0.011962376658229707,76
GSE32646,739,expanded,brier,0.00015974780993999738,76
GSE32646,739,expanded,logloss,-0.00979656434869618,76
GSE32646,740,expanded,auc,0.007081280788177336,82
GSE32646,740,expanded,ap,0.011134492325417722,82
GSE32646,740,expanded,brier,0.0003778473627572776,82
GSE32646,740,expanded,logloss,0.0027634513233408763,82
GSE32646,741,expanded,auc,0.06121351766513057,71
GSE32646,741,expanded,ap,0.1166965523764018,71
GSE32646,741,expanded,brier,-0.025945691889367885,71
GSE32646,741,expanded,logloss,-0.04310800425484131,71
GSE32646,742,expanded,auc,0.0067415730337078705,73
GSE32646,742,expanded,ap,-0.03996200380480446,73
GSE32646,742,expanded,brier,0.010073010933157414,73
GSE32646,742,expanded,logloss,0.018545631432821987,73
GSE32646,743,expanded,auc,-0.005913978494623662,74
GSE32646,743,expanded,ap,0.009809201268769616,74
GSE32646,743,expanded,brier,0.006799997544542949,74
GSE32646,743,expanded,logloss,0.017179701515339506,74
GSE32646,744,expanded,auc,0.004098039215686267,71
GSE32646,744,expanded,ap,-0.03375895448339553,71
GSE32646,744,expanded,brier,0.013429145359545003,71
GSE32646,744,expanded,logloss,0.016619369261018802,71
GSE32646,745,expanded,auc,0.0603114478114478,74
GSE32646,745,expanded,ap,0.1159447154112003,74
GSE32646,745,expanded,brier,-0.014481727899453681,74
GSE32646,745,expanded,logloss,-0.03800284644458087,74
GSE32646,746,expanded,auc,0.0403630077787381,73
GSE32646,746,expanded,ap,0.030596060732158155,73
GSE32646,746,expanded,brier,0.008208302585236476,73
GSE32646,746,expanded,logloss,0.022214272782078093,73
GSE32646,747,expanded,auc,0.02696428571428572,74
GSE32646,747,expanded,ap,-0.013295859110441182,74
GSE32646,747,expanded,brier,0.0012491152337673144,74
GSE32646,747,expanded,logloss,-0.0002313026520585404,74
GSE32646,748,expanded,auc,0.019999999999999997,70
GSE32646,748,expanded,ap,0.013648828789127477,70
GSE32646,748,expanded,brier,0.009176038639875728,70
GSE32646,748,expanded,logloss,0.012211732870709358,70
GSE32646,749,expanded,auc,0.028355555555555512,77
GSE32646,749,expanded,ap,0.04598862739926383,77
GSE32646,749,expanded,brier,0.0006883775373964368,77
GSE32646,749,expanded,logloss,-0.006370585781194688,77
GSE32646,750,expanded,auc,0.0544771018455229,72
GSE32646,750,expanded,ap,0.052515854500865225,72
GSE32646,750,expanded,brier,-0.009141437908378455,72
GSE32646,750,expanded,logloss,-0.041665362672782674,72
GSE32646,751,expanded,auc,0.06401597676107479,69
GSE32646,751,expanded,ap,0.017639099139784814,69
GSE32646,751,expanded,brier,-0.010911561104363523,69
GSE32646,751,expanded,logloss,-0.03021616977489646,69
GSE32646,752,expanded,auc,0.04587294727744169,77
GSE32646,752,expanded,ap,0.049700376383563186,77
GSE32646,752,expanded,brier,-0.003609337036101198,77
GSE32646,752,expanded,logloss,-0.015469187763221603,77
GSE32646,753,expanded,auc,0.018241965973534967,76
GSE32646,753,expanded,ap,0.011784040361890158,76
GSE32646,753,expanded,brier,0.0033194702565174593,76
GSE32646,753,expanded,logloss,0.0005261533618291569,76
GSE32646,754,expanded,auc,-0.03953201970443352,70
GSE32646,754,expanded,ap,-0.032745192334515054,70
GSE32646,754,expanded,brier,0.016899632490049013,70
GSE32646,754,expanded,logloss,0.06160597600789347,70
GSE32646,755,expanded,auc,0.021571772253408193,73
GSE32646,755,expanded,ap,0.057358198907734234,73
GSE32646,755,expanded,brier,-0.016239032143323128,73
GSE32646,755,expanded,logloss,-0.012513487836918968,73
GSE32646,756,expanded,auc,0.027272727272727292,71
GSE32646,756,expanded,ap,0.05855574995116253,71
GSE32646,756,expanded,brier,-0.005378810895926317,71
GSE32646,756,expanded,logloss,-0.017075036192268033,71
GSE32646,757,expanded,auc,-0.01417458945548834,73
GSE32646,757,expanded,ap,-0.030014175262478526,73
GSE32646,757,expanded,brier,0.013584599481481694,73
GSE32646,757,expanded,logloss,0.04323867759054075,73
GSE32646,758,expanded,auc,0.09366479550922215,72
GSE32646,758,expanded,ap,0.05298324922277116,72
GSE32646,758,expanded,brier,-0.012792881710564585,72
GSE32646,758,expanded,logloss,-0.045839002079313504,72
GSE32646,759,expanded,auc,0.10949367088607595,70
GSE32646,759,expanded,ap,0.13260896126986377,70
GSE32646,759,expanded,brier,-0.029123769640721137,70
GSE32646,759,expanded,logloss,-0.050604424178662434,70
GSE32646,760,expanded,auc,0.0014042867701404226,68
GSE32646,760,expanded,ap,-0.041976848295022615,68
GSE32646,760,expanded,brier,0.008913699423792776,68
GSE32646,760,expanded,logloss,0.015308681353212828,68
GSE32646,761,expanded,auc,0.030753809141940647,74
GSE32646,761,expanded,ap,-0.0424782997517469,74
GSE32646,761,expanded,brier,0.014745002292207963,74
GSE32646,761,expanded,logloss,0.025925394908343124,74
GSE32646,762,expanded,auc,-0.0016025641025640969,68
GSE32646,762,expanded,ap,-0.022535863495295665,68
GSE32646,762,expanded,brier,0.017213203844874205,68
GSE32646,762,expanded,logloss,0.040731317423706746,68
GSE32646,763,expanded,auc,0.009890572390572394,70
GSE32646,763,expanded,ap,0.039421481317433824,70
GSE32646,763,expanded,brier,0.003021330844090614,70
GSE32646,763,expanded,logloss,0.003693932071727207,70
GSE32646,764,expanded,auc,0.09462745098039214,73
GSE32646,764,expanded,ap,0.13061642105467938,73
GSE32646,764,expanded,brier,-0.027433688903648,73
GSE32646,764,expanded,logloss,-0.09012517076738574,73
GSE32646,765,expanded,auc,0.027793040293040295,70
GSE32646,765,expanded,ap,0.055454558865087766,70
GSE32646,765,expanded,brier,-0.00376742259489711,70
GSE32646,765,expanded,logloss,-0.008352320707705368,70
GSE32646,766,expanded,auc,0.1343390804597701,68
GSE32646,766,expanded,ap,0.09245897793906636,68
GSE32646,766,expanded,brier,-0.013394648457756758,68
GSE32646,766,expanded,logloss,-0.04242562727813147,68
GSE32646,767,expanded,auc,0.06317771084337351,72
GSE32646,767,expanded,ap,0.05193404420519021,72
GSE32646,767,expanded,brier,-0.009565556675713113,72
GSE32646,767,expanded,logloss,-0.03210425682887245,72
GSE32646,768,expanded,auc,-0.004933333333333356,70
GSE32646,768,expanded,ap,0.06692204027568657,70
GSE32646,768,expanded,brier,-0.006304266670815921,70
GSE32646,768,expanded,logloss,0.008591615148941323,70
GSE32646,769,expanded,auc,0.08242105263157895,74
GSE32646,769,expanded,ap,0.08587716406817293,74
GSE32646,769,expanded,brier,-0.008251471510729372,74
GSE32646,769,expanded,logloss,-0.033297671831215465,74
GSE32646,770,expanded,auc,0.08384444444444443,69
GSE32646,770,expanded,ap,0.11935720129856561,69
GSE32646,770,expanded,brier,-0.022385168496636736,69
GSE32646,770,expanded,logloss,-0.09266338800052203,69
GSE32646,771,expanded,auc,0.06377777777777778,76
GSE32646,771,expanded,ap,0.07981301620260223,76
GSE32646,771,expanded,brier,-0.019531633608565083,76
GSE32646,771,expanded,logloss,-0.048464468130219304,76
GSE32646,772,expanded,auc,-0.013078431372549016,74
GSE32646,772,expanded,ap,0.001644110726091902,74
GSE32646,772,expanded,brier,0.0050372730305475065,74
GSE32646,772,expanded,logloss,0.017106603146890765,74
GSE32646,773,expanded,auc,0.05858823529411765,72
GSE32646,773,expanded,ap,0.10323254975587881,72
GSE32646,773,expanded,brier,-0.019935668146421014,72
GSE32646,773,expanded,logloss,-0.0795350351352363,72
GSE32646,774,expanded,auc,0.10888157894736841,67
GSE32646,774,expanded,ap,0.15121420076228378,67
GSE32646,774,expanded,brier,-0.034658515800013404,67
GSE32646,774,expanded,logloss,-0.08677103866357509,67
GSE32646,775,expanded,auc,-0.030492196878751505,74
GSE32646,775,expanded,ap,-0.002743198764061197,74
GSE32646,775,expanded,brier,0.010708407370975651,74
GSE32646,775,expanded,logloss,0.043618835626055,74
GSE32646,776,expanded,auc,0.0825018477457502,74
GSE32646,776,expanded,ap,0.07010005752910334,74
GSE32646,776,expanded,brier,-0.010267919630589272,74
GSE32646,776,expanded,logloss,-0.049928787420264166,74
GSE32646,777,expanded,auc,0.08236531986531986,71
GSE32646,777,expanded,ap,0.07435204550848326,71
GSE32646,777,expanded,brier,-0.011074587664038177,71
GSE32646,777,expanded,logloss,-0.041049183584920754,71
GSE32646,778,expanded,auc,0.015796703296703307,75
GSE32646,778,expanded,ap,0.022417131888549983,75
GSE32646,778,expanded,brier,0.00253498053740151,75
GSE32646,778,expanded,logloss,0.0016959527693429898,75
GSE32646,779,expanded,auc,0.022137791286727472,74
GSE32646,779,expanded,ap,0.04678774430376298,74
GSE32646,779,expanded,brier,-0.004059322577285104,74
GSE32646,779,expanded,logloss,-0.0157751991547947,74
GSE32646,780,expanded,auc,0.029914933837429138,69
GSE32646,780,expanded,ap,0.019835552450716398,69
GSE32646,780,expanded,brier,0.0016464471130176795,69
GSE32646,780,expanded,logloss,-0.014427785691350064,69
GSE32646,781,expanded,auc,0.06180213464696225,77
GSE32646,781,expanded,ap,0.14229815526909706,77
GSE32646,781,expanded,brier,-0.028286094725825973,77
GSE32646,781,expanded,logloss,-0.06267861275906908,77
GSE32646,782,expanded,auc,0.051599326599326575,69
GSE32646,782,expanded,ap,0.03261055129573833,69
GSE32646,782,expanded,brier,-0.0017993671939329687,69
GSE32646,782,expanded,logloss,-0.01252432855681963,69
GSE32646,783,expanded,auc,0.021153846153846145,76
GSE32646,783,expanded,ap,0.05801090614962011,76
GSE32646,783,expanded,brier,-0.005814891823927917,76
GSE32646,783,expanded,logloss,-0.009316134985685297,76
GSE32646,784,expanded,auc,0.05277161862527715,74
GSE32646,784,expanded,ap,0.04529995877874844,74
GSE32646,784,expanded,brier,-0.007570632230210242,74
GSE32646,784,expanded,logloss,-0.02584268417291178,74
GSE32646,785,expanded,auc,0.036071428571428574,72
GSE32646,785,expanded,ap,0.10176830781589144,72
GSE32646,785,expanded,brier,-0.01825320470964301,72
GSE32646,785,expanded,logloss,-0.023631683084776346,72
GSE32646,786,expanded,auc,0.010645549318364079,68
GSE32646,786,expanded,ap,0.0168097578956136,68
GSE32646,786,expanded,brier,0.00023606505766237684,68
GSE32646,786,expanded,logloss,-0.01595773007327857,68
GSE32646,787,expanded,auc,0.04935846030473136,68
GSE32646,787,expanded,ap,0.08134298747182842,68
GSE32646,787,expanded,brier,-0.011145126780773793,68
GSE32646,787,expanded,logloss,-0.020273001082345022,68
GSE32646,788,expanded,auc,0.12983159582999196,76
GSE32646,788,expanded,ap,0.11686305206368178,76
GSE32646,788,expanded,brier,-0.02357393099938309,76
GSE32646,788,expanded,logloss,-0.08432012778373069,76
GSE32646,789,expanded,auc,0.0359111111111111,76
GSE32646,789,expanded,ap,0.01965358803563632,76
GSE32646,789,expanded,brier,-0.005776178007358882,76
GSE32646,789,expanded,logloss,-0.02280758199233719,76
GSE32646,790,expanded,auc,0.0036630036630036834,72
GSE32646,790,expanded,ap,-0.021145986274385863,72
GSE32646,790,expanded,brier,0.006316703744476787,72
GSE32646,790,expanded,logloss,0.011871476959785344,72
GSE32646,791,expanded,auc,0.020444444444444432,73
GSE32646,791,expanded,ap,0.02857747796780517,73
GSE32646,791,expanded,brier,0.000111918771096578,73
GSE32646,791,expanded,logloss,0.01480982098563972,73
GSE32646,792,expanded,auc,0.0034482758620689503,72
GSE32646,792,expanded,ap,0.05103692941558531,72
GSE32646,792,expanded,brier,0.0029597588611470576,72
GSE32646,792,expanded,logloss,-0.0019656627509322955,72
GSE32646,793,expanded,auc,-0.011133333333333328,74
GSE32646,793,expanded,ap,-0.024200770313346283,74
GSE32646,793,expanded,brier,0.013400864358798257,74
GSE32646,793,expanded,logloss,0.034881783721166106,74
GSE32646,794,expanded,auc,0.012240075614366774,70
GSE32646,794,expanded,ap,0.006013207918176516,70
GSE32646,794,expanded,brier,0.0009862970181379522,70
GSE32646,794,expanded,logloss,-0.0020012297558069546,70
GSE32646,795,expanded,auc,-0.010633270321361066,72
GSE32646,795,expanded,ap,-0.053249782895072005,72
GSE32646,795,expanded,brier,0.01100186732319646,72
GSE32646,795,expanded,logloss,0.055288419477808916,72
GSE32646,796,expanded,auc,0.09039215686274513,76
GSE32646,796,expanded,ap,0.05432411040229057,76
GSE32646,796,expanded,brier,-0.005019335051928484,76
GSE32646,796,expanded,logloss,-0.03246648180058111,76
GSE32646,797,expanded,auc,0.10168350168350168,68
GSE32646,797,expanded,ap,0.11919654717905703,68
GSE32646,797,expanded,brier,-0.019650079594741836,68
GSE32646,797,expanded,logloss,-0.06164267161696781,68
GSE32646,798,expanded,auc,-0.008588235294117652,70
GSE32646,798,expanded,ap,-0.04911346107757365,70
GSE32646,798,expanded,brier,0.008179425236662407,70
GSE32646,798,expanded,logloss,0.03299500171571264,70
GSE32646,799,expanded,auc,-0.007500000000000029,73
GSE32646,799,expanded,ap,-0.015538266941108343,73
GSE32646,799,expanded,brier,0.009062967038725753,73
GSE32646,799,expanded,logloss,0.017855012027290174,73
GSE32646,800,expanded,auc,0.039589442815249266,70
GSE32646,800,expanded,ap,0.034633861567342196,70
GSE32646,800,expanded,brier,-0.004020087435934414,70
GSE32646,800,expanded,logloss,-0.008247312962350633,70
GSE32646,801,expanded,auc,0.00470588235294116,66
GSE32646,801,expanded,ap,0.01997891096819927,66
GSE32646,801,expanded,brier,0.008050042382814284,66
GSE32646,801,expanded,logloss,0.02082886512996599,66
GSE32646,802,expanded,auc,0.05551075268817204,79
GSE32646,802,expanded,ap,0.044857797530863046,79
GSE32646,802,expanded,brier,-0.009022798130074403,79
GSE32646,802,expanded,logloss,-0.031375087132305045,79
GSE32646,803,expanded,auc,-0.010396975425330824,78
GSE32646,803,expanded,ap,-0.013415012789462616,78
GSE32646,803,expanded,brier,0.009062779689608913,78
GSE32646,803,expanded,logloss,0.02263432845645231,78
GSE32646,804,expanded,auc,0.0774309723889556,81
GSE32646,804,expanded,ap,0.05791018290469842,81
GSE32646,804,expanded,brier,-0.0013336025736017914,81
GSE32646,804,expanded,logloss,-0.0012306894783132127,81
GSE32646,805,expanded,auc,-0.008643042350907537,75
GSE32646,805,expanded,ap,0.0008956528911371886,75
GSE32646,805,expanded,brier,0.0016540869014780427,75
GSE32646,805,expanded,logloss,0.011202741666489147,75
GSE32646,806,expanded,auc,0.05122189638318667,71
GSE32646,806,expanded,ap,0.0622996795940115,71
GSE32646,806,expanded,brier,-0.007929449511224382,71
GSE32646,806,expanded,logloss,-0.008202223018018867,71
GSE32646,807,expanded,auc,0.20942249240121585,75
GSE32646,807,expanded,ap,0.14250572702618763,75
GSE32646,807,expanded,brier,-0.022539210088859785,75
GSE32646,807,expanded,logloss,-0.11080840011010178,75
GSE32646,808,expanded,auc,0.005173992673992678,78
GSE32646,808,expanded,ap,0.08927993379732538,78
GSE32646,808,expanded,brier,-0.009231712679902488,78
GSE32646,808,expanded,logloss,-0.009955058557679142,78
GSE32646,809,expanded,auc,0.0884522854851644,73
GSE32646,809,expanded,ap,0.027097258092545262,73
GSE32646,809,expanded,brier,-0.0023099151564958177,73
GSE32646,809,expanded,logloss,-0.007317444330302481,73
GSE32646,810,expanded,auc,0.04917582417582418,76
GSE32646,810,expanded,ap,0.05079766576105628,76
GSE32646,810,expanded,brier,-0.007312234757242889,76
GSE32646,810,expanded,logloss,-0.021288095463365,76
GSE32646,811,expanded,auc,-0.049413489736070404,66
GSE32646,811,expanded,ap,-0.012664675598787149,66
GSE32646,811,expanded,brier,0.012147219523134536,66
GSE32646,811,expanded,logloss,0.045754175546138,66
GSE32646,812,expanded,auc,0.013591867469879504,73
GSE32646,812,expanded,ap,0.017363801030793456,73
GSE32646,812,expanded,brier,0.0018637728596430647,73
GSE32646,812,expanded,logloss,0.003218072753473622,73
GSE32646,813,expanded,auc,0.025336700336700334,72
GSE32646,813,expanded,ap,0.014793959471393964,72
GSE32646,813,expanded,brier,0.007148229765023423,72
GSE32646,813,expanded,logloss,-0.0032812661508023313,72
GSE32646,814,expanded,auc,0.022104580812445995,75
GSE32646,814,expanded,ap,0.1346592764419067,75
GSE32646,814,expanded,brier,-0.011841536882970651,75
GSE32646,814,expanded,logloss,-0.02574149243641895,75
GSE32646,815,expanded,auc,0.03903571428571427,76
GSE32646,815,expanded,ap,0.07134567039098383,76
GSE32646,815,expanded,brier,-0.0005109867458299777,76
GSE32646,815,expanded,logloss,-0.004862595737150355,76
GSE32646,816,expanded,auc,0.0629266521423384,69
GSE32646,816,expanded,ap,0.16153499255320775,69
GSE32646,816,expanded,brier,-0.02962757640649182,69
GSE32646,816,expanded,logloss,-0.09082896954112656,69
GSE32646,817,expanded,auc,0.06697777777777777,75
GSE32646,817,expanded,ap,0.05702550641247365,75
GSE32646,817,expanded,brier,-0.007725736347358856,75
GSE32646,817,expanded,logloss,-0.033823049371760366,75
GSE32646,818,expanded,auc,0.06991869918699187,73
GSE32646,818,expanded,ap,0.036159749000281814,73
GSE32646,818,expanded,brier,-0.0010320458907231572,73
GSE32646,818,expanded,logloss,-0.02089185699675985,73
GSE32646,819,expanded,auc,0.0005036630036630019,73
GSE32646,819,expanded,ap,0.03305848062355094,73
GSE32646,819,expanded,brier,0.0040902648758357665,73
GSE32646,819,expanded,logloss,0.021351545542933968,73
GSE32646,820,expanded,auc,0.06451612903225806,73
GSE32646,820,expanded,ap,0.02587197580301647,73
GSE32646,820,expanded,brier,-0.006736258036885909,73
GSE32646,820,expanded,logloss,-0.03171964735731708,73
GSE32646,821,expanded,auc,0.09186712485681557,72
GSE32646,821,expanded,ap,0.04203366450926098,72
GSE32646,821,expanded,brier,0.00040563846345136045,72
GSE32646,821,expanded,logloss,-0.012317783042572094,72
GSE32646,822,expanded,auc,0.008354377104377086,78
GSE32646,822,expanded,ap,0.031867821055981016,78
GSE32646,822,expanded,brier,0.0018244705196825,78
GSE32646,822,expanded,logloss,0.004821721127748197,78
GSE32646,823,expanded,auc,0.014461247637051023,66
GSE32646,823,expanded,ap,-0.0008297792393734155,66
GSE32646,823,expanded,brier,0.010496353245862153,66
GSE32646,823,expanded,logloss,0.02768096183370581,66
GSE32646,824,expanded,auc,0.05268817204301075,72
GSE32646,824,expanded,ap,0.06937628169023974,72
GSE32646,824,expanded,brier,-0.014117465348938716,72
GSE32646,824,expanded,logloss,-0.06374221801227307,72
GSE32646,825,expanded,auc,0.03556535685645551,71
GSE32646,825,expanded,ap,0.014761406855645063,71
GSE32646,825,expanded,brier,0.0024044956334639185,71
GSE32646,825,expanded,logloss,-0.007447879523619594,71
GSE32646,826,expanded,auc,0.06574074074074075,73
GSE32646,826,expanded,ap,0.07929707007077501,73
GSE32646,826,expanded,brier,-0.008967548474133946,73
GSE32646,826,expanded,logloss,-0.013911970200451595,73
GSE32646,827,expanded,auc,0.17756410256410254,74
GSE32646,827,expanded,ap,0.07460111946101453,74
GSE32646,827,expanded,brier,0.0011404523388387684,74
GSE32646,827,expanded,logloss,-0.03005236774736163,74
GSE32646,828,expanded,auc,0.014156862745098042,82
GSE32646,828,expanded,ap,0.010607092415448317,82
GSE32646,828,expanded,brier,0.004465704521057642,82
GSE32646,828,expanded,logloss,-0.0007008313194740822,82
GSE32646,829,expanded,auc,-0.001767676767676768,64
GSE32646,829,expanded,ap,-0.00865608662921319,64
GSE32646,829,expanded,brier,0.01031213742785019,64
GSE32646,829,expanded,logloss,0.021097121869490348,64
GSE32646,830,expanded,auc,0.04889285714285714,70
GSE32646,830,expanded,ap,0.0619563793692938,70
GSE32646,830,expanded,brier,-0.010555096227151048,70
GSE32646,830,expanded,logloss,-0.03526082430273879,70
GSE32646,831,expanded,auc,0.014823529411764713,70
GSE32646,831,expanded,ap,-0.005816365849024946,70
GSE32646,831,expanded,brier,6.519546100347829e-05,70
GSE32646,831,expanded,logloss,0.0027546518859172474,70
GSE32646,832,expanded,auc,0.04643206256109479,77
GSE32646,832,expanded,ap,0.0407093559540268,77
GSE32646,832,expanded,brier,0.000454227506574284,77
GSE32646,832,expanded,logloss,-0.009759159966987747,77
GSE32646,833,expanded,auc,-0.00515555555555558,75
GSE32646,833,expanded,ap,0.02513823124972947,75
GSE32646,833,expanded,brier,-0.00377084514574777,75
GSE32646,833,expanded,logloss,-0.004395681891872505,75
GSE32646,834,expanded,auc,0.0719642857142857,71
GSE32646,834,expanded,ap,0.10216859550562334,71
GSE32646,834,expanded,brier,-0.008732686045451535,71
GSE32646,834,expanded,logloss,-0.04558072308843701,71
GSE32646,835,expanded,auc,0.0075123152709359545,74
GSE32646,835,expanded,ap,0.012144116614061229,74
GSE32646,835,expanded,brier,0.009182866627477294,74
GSE32646,835,expanded,logloss,0.013726634228154367,74
GSE32646,836,expanded,auc,-0.03829190056134722,71
GSE32646,836,expanded,ap,-0.024060669421944104,71
GSE32646,836,expanded,brier,0.015430991118954981,71
GSE32646,836,expanded,logloss,0.05468973776142766,71
GSE32646,837,expanded,auc,0.06797138047138046,72
GSE32646,837,expanded,ap,0.06739044666374908,72
GSE32646,837,expanded,brier,-0.008272508672739511,72
GSE32646,837,expanded,logloss,-0.03632877044360649,72
GSE32646,838,expanded,auc,-0.023460591133004936,70
GSE32646,838,expanded,ap,0.00838923266277597,70
GSE32646,838,expanded,brier,0.015727794921794516,70
GSE32646,838,expanded,logloss,0.041530798970075236,70
GSE32646,839,expanded,auc,0.0072169403630077955,79
GSE32646,839,expanded,ap,-0.007493096369621377,79
GSE32646,839,expanded,brier,0.006977439117338252,79
GSE32646,839,expanded,logloss,0.012681475277125043,79
GSE32646,840,expanded,auc,0.06540642722117203,77
GSE32646,840,expanded,ap,0.14801721549929284,77
GSE32646,840,expanded,brier,-0.024324045717807784,77
GSE32646,840,expanded,logloss,-0.05401560776694978,77
GSE32646,841,expanded,auc,0.057643072289156626,75
GSE32646,841,expanded,ap,0.03355257308019241,75
GSE32646,841,expanded,brier,-0.0026960734375289066,75
GSE32646,841,expanded,logloss,-0.02745636464858663,75
GSE32646,842,expanded,auc,0.04384313725490198,77
GSE32646,842,expanded,ap,0.045986291998659924,77
GSE32646,842,expanded,brier,-0.00724020126280803,77
GSE32646,842,expanded,logloss,-0.023084841730231627,77
GSE32646,843,expanded,auc,0.02951598962834917,71
GSE32646,843,expanded,ap,0.007198904779452936,71
GSE32646,843,expanded,brier,0.012003986285688165,71
GSE32646,843,expanded,logloss,0.020812405090548148,71
GSE32646,844,expanded,auc,-0.005066666666666664,74
GSE32646,844,expanded,ap,-0.03242048982454844,74
GSE32646,844,expanded,brier,0.007600071188907734,74
GSE32646,844,expanded,logloss,0.02309708886178548,74
GSE32646,845,expanded,auc,0.08078817733990148,70
GSE32646,845,expanded,ap,0.0690173805325828,70
GSE32646,845,expanded,brier,-0.007110174941163616,70
GSE32646,845,expanded,logloss,-0.02179957663602635,70
GSE32646,846,expanded,auc,0.0337557603686636,75
GSE32646,846,expanded,ap,0.03398122952565025,75
GSE32646,846,expanded,brier,0.004686371067111769,75
GSE32646,846,expanded,logloss,-0.004675462512152784,75
GSE32646,847,expanded,auc,0.0815779748706578,67
GSE32646,847,expanded,ap,0.06010791540512343,67
GSE32646,847,expanded,brier,-0.0138556315160565,67
GSE32646,847,expanded,logloss,-0.022697493892247844,67
GSE32646,848,expanded,auc,0.15926666666666667,72
GSE32646,848,expanded,ap,0.18882991800229249,72
GSE32646,848,expanded,brier,-0.030080664383803125,72
GSE32646,848,expanded,logloss,-0.08318627722046214,72
GSE32646,849,expanded,auc,-0.0014423076923076761,75
GSE32646,849,expanded,ap,0.01845491019108396,75
GSE32646,849,expanded,brier,0.0005174361029510521,75
GSE32646,849,expanded,logloss,0.010818298546126209,75
GSE32646,850,expanded,auc,-0.003640572390572372,72
GSE32646,850,expanded,ap,0.0010066139555209685,72
GSE32646,850,expanded,brier,0.006394258448929327,72
GSE32646,850,expanded,logloss,0.0320960124947697,72
GSE32646,851,expanded,auc,0.028478824546240244,78
GSE32646,851,expanded,ap,0.023525725261165985,78
GSE32646,851,expanded,brier,-0.005668566411521432,78
GSE32646,851,expanded,logloss,-0.008706549309418842,78
GSE32646,852,expanded,auc,0.033611955420466064,70
GSE32646,852,expanded,ap,0.030565149994584893,70
GSE32646,852,expanded,brier,8.810546583640638e-05,70
GSE32646,852,expanded,logloss,-0.02146233886225161,70
GSE32646,853,expanded,auc,0.0762830793905373,73
GSE32646,853,expanded,ap,0.038315531135727374,73
GSE32646,853,expanded,brier,0.00017529996608334208,73
GSE32646,853,expanded,logloss,-0.011080462949022884,73
GSE32646,854,expanded,auc,0.05414866032843559,75
GSE32646,854,expanded,ap,0.09590776923162295,75
GSE32646,854,expanded,brier,-0.013327901242089935,75
GSE32646,854,expanded,logloss,-0.041410363378132434,75
GSE32646,855,expanded,auc,0.004819277108433717,72
GSE32646,855,expanded,ap,3.8523718726701794e-06,72
GSE32646,855,expanded,brier,0.00881844730591692,72
GSE32646,855,expanded,logloss,0.020234488889226392,72
GSE32646,856,expanded,auc,0.11842421812349638,72
GSE32646,856,expanded,ap,0.11692995273964382,72
GSE32646,856,expanded,brier,-0.025365504691209694,72
GSE32646,856,expanded,logloss,-0.07249112575381124,72
GSE32646,857,expanded,auc,0.01932742054693275,77
GSE32646,857,expanded,ap,-0.016107576379212663,77
GSE32646,857,expanded,brier,0.0037566559488921847,77
GSE32646,857,expanded,logloss,-0.006859449065193446,77
GSE32646,858,expanded,auc,0.000785207700101298,74
GSE32646,858,expanded,ap,0.004230821463404427,74
GSE32646,858,expanded,brier,0.0024930827228815595,74
GSE32646,858,expanded,logloss,0.007858294459759534,74
GSE32646,859,expanded,auc,-0.009331797235023021,69
GSE32646,859,expanded,ap,-0.00771533562116925,69
GSE32646,859,expanded,brier,0.004772854651274394,69
GSE32646,859,expanded,logloss,0.018944121353568676,69
GSE32646,860,expanded,auc,0.09180402930402931,70
GSE32646,860,expanded,ap,0.1517418400125165,70
GSE32646,860,expanded,brier,-0.01989598607892874,70
GSE32646,860,expanded,logloss,-0.060566253840565853,70
GSE32646,861,expanded,auc,-0.01769662921348316,72
GSE32646,861,expanded,ap,-0.03261013430493231,72
GSE32646,861,expanded,brier,0.009328337673681904,72
GSE32646,861,expanded,logloss,0.024673100808923994,72
GSE32646,862,expanded,auc,0.09506353861192571,70
GSE32646,862,expanded,ap,0.09530010686741457,70
GSE32646,862,expanded,brier,-0.019752255113458586,70
GSE32646,862,expanded,logloss,-0.05095161082649069,70
GSE32646,863,expanded,auc,0.023230421686746973,73
GSE32646,863,expanded,ap,0.03554505714028016,73
GSE32646,863,expanded,brier,-0.0004732682820181161,73
GSE32646,863,expanded,logloss,-0.00615176335778711,73
GSE32646,864,expanded,auc,-0.00197811447811449,70
GSE32646,864,expanded,ap,0.0039910435168578895,70
GSE32646,864,expanded,brier,0.0051431331350287515,70
GSE32646,864,expanded,logloss,0.007873009271506404,70
GSE32646,865,expanded,auc,0.12560000000000002,72
GSE32646,865,expanded,ap,0.19354076906995638,72
GSE32646,865,expanded,brier,-0.03350883587180782,72
GSE32646,865,expanded,logloss,-0.11772809980347945,72
GSE32646,866,expanded,auc,0.08099816849816847,67
GSE32646,866,expanded,ap,0.18178651023152587,67
GSE32646,866,expanded,brier,-0.015141764387088249,67
GSE32646,866,expanded,logloss,-0.04781238404257475,67
GSE32646,867,expanded,auc,0.009883283132530118,72
GSE32646,867,expanded,ap,0.010745281878687073,72
GSE32646,867,expanded,brier,0.00594040967642912,72
GSE32646,867,expanded,logloss,0.0011972579753604772,72
GSE32646,868,expanded,auc,0.022769360269360262,74
GSE32646,868,expanded,ap,-0.0059569394203376255,74
GSE32646,868,expanded,brier,0.0048294618724170815,74
GSE32646,868,expanded,logloss,0.009121202885899331,74
GSE32646,869,expanded,auc,0.028614457831325314,73
GSE32646,869,expanded,ap,0.012719113748969123,73
GSE32646,869,expanded,brier,0.0015317904736539517,73
GSE32646,869,expanded,logloss,-0.005129565459966345,73
GSE32646,870,expanded,auc,0.051691729323308254,75
GSE32646,870,expanded,ap,0.010916567852900832,75
GSE32646,870,expanded,brier,-0.0031298822044889705,75
GSE32646,870,expanded,logloss,-0.018855014061514797,75
GSE32646,871,expanded,auc,0.06655145929339476,74
GSE32646,871,expanded,ap,0.09502946926878147,74
GSE32646,871,expanded,brier,-0.02164645073443763,74
GSE32646,871,expanded,logloss,-0.03697997033553836,74
GSE32646,872,expanded,auc,0.07333333333333332,69
GSE32646,872,expanded,ap,0.033575171260442835,69
GSE32646,872,expanded,brier,-0.0011895444822851598,69
GSE32646,872,expanded,logloss,-0.010161266019685445,69
GSE32646,873,expanded,auc,0.02545155993431859,71
GSE32646,873,expanded,ap,0.1044806723527401,71
GSE32646,873,expanded,brier,-0.006290492940964709,71
GSE32646,873,expanded,logloss,-0.032837866804205425,71
GSE32646,874,expanded,auc,0.006144781144781142,70
GSE32646,874,expanded,ap,-0.012915886521736081,70
GSE32646,874,expanded,brier,0.006983599154690642,70
GSE32646,874,expanded,logloss,0.03238711115126231,70
GSE32646,875,expanded,auc,0.08509615384615385,69
GSE32646,875,expanded,ap,0.15145357361699427,69
GSE32646,875,expanded,brier,-0.02763088990386649,69
GSE32646,875,expanded,logloss,-0.10356905469385243,69
GSE32646,876,expanded,auc,0.008847891566265077,72
GSE32646,876,expanded,ap,0.008964595582176844,72
GSE32646,876,expanded,brier,0.00476848524565904,72
GSE32646,876,expanded,logloss,0.011920858237451787,72
GSE32646,877,expanded,auc,-0.01363271852445871,70
GSE32646,877,expanded,ap,-0.00752198007666674,70
GSE32646,877,expanded,brier,0.006737868906360347,70
GSE32646,877,expanded,logloss,0.010151689450151468,70
GSE32646,878,expanded,auc,0.10692344045368621,78
GSE32646,878,expanded,ap,0.05122901693560179,78
GSE32646,878,expanded,brier,-0.003496335595611555,78
GSE32646,878,expanded,logloss,-0.033367354426145746,78
GSE32646,879,expanded,auc,0.011106309420916149,74
GSE32646,879,expanded,ap,0.016819179230720648,74
GSE32646,879,expanded,brier,0.0035416954507015374,74
GSE32646,879,expanded,logloss,0.01687111019258266,74
GSE32646,880,expanded,auc,0.041254578754578754,78
GSE32646,880,expanded,ap,0.014198534158183968,78
GSE32646,880,expanded,brier,0.005271382665588828,78
GSE32646,880,expanded,logloss,0.0012938184275013698,78
GSE32646,881,expanded,auc,0.05231111111111112,75
GSE32646,881,expanded,ap,0.11312030648791019,75
GSE32646,881,expanded,brier,-0.014735411107162182,75
GSE32646,881,expanded,logloss,-0.05704029086800115,75
GSE32646,882,expanded,auc,-0.0034638554216867125,78
GSE32646,882,expanded,ap,-0.02501835308408038,78
GSE32646,882,expanded,brier,0.013944445520185571,78
GSE32646,882,expanded,logloss,0.04206165180989464,78
GSE32646,883,expanded,auc,-0.016464995678478832,66
GSE32646,883,expanded,ap,-0.03814544947851375,66
GSE32646,883,expanded,brier,0.008834891868027994,66
GSE32646,883,expanded,logloss,0.029748256074134404,66
GSE32646,884,expanded,auc,0.03241758241758241,77
GSE32646,884,expanded,ap,0.007217591651323932,77
GSE32646,884,expanded,brier,0.004055806139485469,77
GSE32646,884,expanded,logloss,0.007780283169411794,77
GSE32646,885,expanded,auc,0.040990990990991,75
GSE32646,885,expanded,ap,0.0395588663819373,75
GSE32646,885,expanded,brier,0.0002202958093230567,75
GSE32646,885,expanded,logloss,-0.004417503089384589,75
GSE32646,886,expanded,auc,-0.01062424969987994,75
GSE32646,886,expanded,ap,-0.021273925732139397,75
GSE32646,886,expanded,brier,0.0053573085756982676,75
GSE32646,886,expanded,logloss,0.01953158358771619,75
GSE32646,887,expanded,auc,0.09236453201970445,74
GSE32646,887,expanded,ap,0.05048800350778656,74
GSE32646,887,expanded,brier,-0.009211199052543566,74
GSE32646,887,expanded,logloss,-0.03836058960279174,74
GSE32646,888,expanded,auc,0.007658380112269447,71
GSE32646,888,expanded,ap,0.04031666500830487,71
GSE32646,888,expanded,brier,-0.002696339308525267,71
GSE32646,888,expanded,logloss,-0.006544103939027967,71
GSE32646,889,expanded,auc,0.13613333333333336,70
GSE32646,889,expanded,ap,0.09714520952245834,70
GSE32646,889,expanded,brier,-0.00861437623349608,70
GSE32646,889,expanded,logloss,-0.012900416276383076,70
GSE32646,890,expanded,auc,0.01781663516068054,68
GSE32646,890,expanded,ap,-0.00187402978186329,68
GSE32646,890,expanded,brier,0.012093804493464779,68
GSE32646,890,expanded,logloss,0.03548354321002467,68
GSE32646,891,expanded,auc,0.1768194706994329,68
GSE32646,891,expanded,ap,0.06456318037475905,68
GSE32646,891,expanded,brier,0.000736555648199258,68
GSE32646,891,expanded,logloss,-0.018500153525361374,68
GSE32646,892,expanded,auc,0.033372549019607844,71
GSE32646,892,expanded,ap,0.04958165967326371,71
GSE32646,892,expanded,brier,-0.008006705592643045,71
GSE32646,892,expanded,logloss,-0.020013475374726114,71
GSE32646,893,expanded,auc,0.008388765705838875,73
GSE32646,893,expanded,ap,0.008691480629906212,73
GSE32646,893,expanded,brier,0.0034719846604348683,73
GSE32646,893,expanded,logloss,0.010597895965592219,73
GSE32646,894,expanded,auc,0.011226944667201278,69
GSE32646,894,expanded,ap,-0.014550639201801219,69
GSE32646,894,expanded,brier,0.001376164452159001,69
GSE32646,894,expanded,logloss,0.0005765033178505852,69
GSE32646,895,expanded,auc,0.04668674698795181,71
GSE32646,895,expanded,ap,0.018947525742407084,71
GSE32646,895,expanded,brier,0.0012945227556126232,71
GSE32646,895,expanded,logloss,-0.00526809146803765,71
GSE32646,896,expanded,auc,0.051088888888888906,79
GSE32646,896,expanded,ap,0.032823676096559715,79
GSE32646,896,expanded,brier,-0.002559527597379782,79
GSE32646,896,expanded,logloss,-0.013116525796129142,79
GSE32646,897,expanded,auc,0.12947214076246336,72
GSE32646,897,expanded,ap,0.10587454173183089,72
GSE32646,897,expanded,brier,-0.008346814395398439,72
GSE32646,897,expanded,logloss,-0.04424404552743309,72
GSE32646,898,expanded,auc,0.06258417508417506,75
GSE32646,898,expanded,ap,0.052979973820026484,75
GSE32646,898,expanded,brier,-0.008962770495440595,75
GSE32646,898,expanded,logloss,-0.04451291075576545,75
GSE32646,899,expanded,auc,-0.02104377104377104,66
GSE32646,899,expanded,ap,-0.019665170781322138,66
GSE32646,899,expanded,brier,0.007104245421181729,66
GSE32646,899,expanded,logloss,0.024673069332508134,66
GSE32646,900,expanded,auc,0.00015125324114089177,72
GSE32646,900,expanded,ap,-0.01116467212608046,72
GSE32646,900,expanded,brier,0.013901174190904137,72
GSE32646,900,expanded,logloss,0.03861503274993762,72
GSE32646,901,expanded,auc,0.0676767676767677,76
GSE32646,901,expanded,ap,0.046065168735595366,76
GSE32646,901,expanded,brier,-0.0061249023620544105,76
GSE32646,901,expanded,logloss,-0.01645528832977024,76
GSE32646,902,expanded,auc,0.06076058772687985,73
GSE32646,902,expanded,ap,0.06342774090032002,73
GSE32646,902,expanded,brier,-0.0038657449577957415,73
GSE32646,902,expanded,logloss,-0.018704745200247265,73
GSE32646,903,expanded,auc,0.11742919389978215,72
GSE32646,903,expanded,ap,0.1728765771578084,72
GSE32646,903,expanded,brier,-0.044074362884805554,72
GSE32646,903,expanded,logloss,-0.15408992035544664,72
GSE32646,904,expanded,auc,0.000782013685239491,69
GSE32646,904,expanded,ap,0.009994908262917107,69
GSE32646,904,expanded,brier,0.002564321709256931,69
GSE32646,904,expanded,logloss,0.0024209843355341267,69
GSE32646,905,expanded,auc,-0.010253456221198142,65
GSE32646,905,expanded,ap,-0.036417685006323613,65
GSE32646,905,expanded,brier,0.016178699845467718,65
GSE32646,905,expanded,logloss,0.03519191082643058,65
GSE32646,906,expanded,auc,0.04420916162489198,73
GSE32646,906,expanded,ap,0.03047899650740632,73
GSE32646,906,expanded,brier,0.0011991700271866662,73
GSE32646,906,expanded,logloss,0.010280951598086497,73
GSE32646,907,expanded,auc,0.01872493985565359,75
GSE32646,907,expanded,ap,-0.023446438188683454,75
GSE32646,907,expanded,brier,0.00956810984072148,75
GSE32646,907,expanded,logloss,0.010565484057528478,75
GSE32646,908,expanded,auc,0.02605311355311357,72
GSE32646,908,expanded,ap,0.0036577453174040596,72
GSE32646,908,expanded,brier,0.0046681537700722,72
GSE32646,908,expanded,logloss,0.006140445552668161,72
GSE32646,909,expanded,auc,0.09365763546798031,70
GSE32646,909,expanded,ap,0.026092526461275144,70
GSE32646,909,expanded,brier,0.00896403236335901,70
GSE32646,909,expanded,logloss,0.02850922206727955,70
GSE32646,910,expanded,auc,0.008529411764705851,72
GSE32646,910,expanded,ap,0.009798580569428422,72
GSE32646,910,expanded,brier,-0.0014641417294314536,72
GSE32646,910,expanded,logloss,-0.012347437500023517,72
GSE32646,911,expanded,auc,-0.0001831501831501825,69
GSE32646,911,expanded,ap,-0.021716813670780044,69
GSE32646,911,expanded,brier,0.010550363594405499,69
GSE32646,911,expanded,logloss,0.03211221156067941,69
GSE32646,912,expanded,auc,0.04511494252873564,72
GSE32646,912,expanded,ap,0.09371686773946607,72
GSE32646,912,expanded,brier,-0.014473370662063115,72
GSE32646,912,expanded,logloss,-0.03303976880382342,72
GSE32646,913,expanded,auc,-0.009917891097666382,80
GSE32646,913,expanded,ap,0.010801374349928058,80
GSE32646,913,expanded,brier,0.004498853395738187,80
GSE32646,913,expanded,logloss,0.01392321293153479,80
GSE32646,914,expanded,auc,0.06574074074074077,75
GSE32646,914,expanded,ap,0.08839191903853708,75
GSE32646,914,expanded,brier,-0.020357205036345524,75
GSE32646,914,expanded,logloss,-0.0658436392151688,75
GSE32646,915,expanded,auc,-0.016351010101010095,75
GSE32646,915,expanded,ap,-0.024494532510545227,75
GSE32646,915,expanded,brier,0.011783906758569909,75
GSE32646,915,expanded,logloss,0.02737950321746918,75
GSE32646,916,expanded,auc,0.10016420361247949,71
GSE32646,916,expanded,ap,0.06518799454090847,71
GSE32646,916,expanded,brier,-0.019721050655564207,71
GSE32646,916,expanded,logloss,-0.06303980761850277,71
GSE32646,917,expanded,auc,0.01412512218963835,70
GSE32646,917,expanded,ap,-0.01404570563181352,70
GSE32646,917,expanded,brier,0.007656729772581286,70
GSE32646,917,expanded,logloss,0.004916271229384378,70
GSE32646,918,expanded,auc,0.07119815668202766,69
GSE32646,918,expanded,ap,0.03417783917521064,69
GSE32646,918,expanded,brier,-0.0032757712722887855,69
GSE32646,918,expanded,logloss,-0.037448053436463936,69
GSE32646,919,expanded,auc,0.0048763736263736255,65
GSE32646,919,expanded,ap,-0.024177292112598465,65
GSE32646,919,expanded,brier,0.01167198308318303,65
GSE32646,919,expanded,logloss,0.03212101193253255,65
GSE32646,920,expanded,auc,0.07810745789895748,80
GSE32646,920,expanded,ap,0.04647746342835105,80
GSE32646,920,expanded,brier,-0.007810373265053775,80
GSE32646,920,expanded,logloss,-0.03327913849809069,80
GSE32646,921,expanded,auc,0.004428571428571415,73
GSE32646,921,expanded,ap,0.0070410785922641215,73
GSE32646,921,expanded,brier,0.009262610727527492,73
GSE32646,921,expanded,logloss,0.026106196479468324,73
GSE32646,922,expanded,auc,0.05254515599343185,71
GSE32646,922,expanded,ap,0.025330400522602114,71
GSE32646,922,expanded,brier,0.0033843269512327024,71
GSE32646,922,expanded,logloss,0.013144804865462078,71
GSE32646,923,expanded,auc,0.0202175697865353,71
GSE32646,923,expanded,ap,-0.01538445410280308,71
GSE32646,923,expanded,brier,0.012437874060288545,71
GSE32646,923,expanded,logloss,0.018941393477513824,71
GSE32646,924,expanded,auc,0.11804915514592937,72
GSE32646,924,expanded,ap,0.15327348620461567,72
GSE32646,924,expanded,brier,-0.03443228804742635,72
GSE32646,924,expanded,logloss,-0.0949873443044591,72
GSE32646,925,expanded,auc,0.053494623655913974,71
GSE32646,925,expanded,ap,0.02722891313100282,71
GSE32646,925,expanded,brier,-0.005646597708077877,71
GSE32646,925,expanded,logloss,-0.015350019530754589,71
GSE32646,926,expanded,auc,0.15399831649831647,76
GSE32646,926,expanded,ap,0.15678989295442006,76
GSE32646,926,expanded,brier,-0.022251777200797497,76
GSE32646,926,expanded,logloss,-0.10086070728914805,76
GSE32646,927,expanded,auc,0.011746987951807241,67
GSE32646,927,expanded,ap,0.0013067990204078117,67
GSE32646,927,expanded,brier,0.011006887446280955,67
GSE32646,927,expanded,logloss,0.024554424129626995,67
GSE32646,928,expanded,auc,0.024901960784313726,78
GSE32646,928,expanded,ap,0.07927525699702367,78
GSE32646,928,expanded,brier,-0.0024301320998383253,78
GSE32646,928,expanded,logloss,-0.03139112293519867,78
GSE32646,929,expanded,auc,0.24848888888888884,73
GSE32646,929,expanded,ap,0.12026528686913233,73
GSE32646,929,expanded,brier,-0.025650075501378038,73
GSE32646,929,expanded,logloss,-0.12133284530455724,73
GSE32646,930,expanded,auc,0.015177548682703323,70
GSE32646,930,expanded,ap,0.03374038139096435,70
GSE32646,930,expanded,brier,-0.004950160567551381,70
GSE32646,930,expanded,logloss,-0.004353924324547775,70
GSE32646,931,expanded,auc,0.07541199736321691,71
GSE32646,931,expanded,ap,0.07361892191788118,71
GSE32646,931,expanded,brier,-0.02234115713858044,71
GSE32646,931,expanded,logloss,-0.054704363668073276,71
GSE32646,932,expanded,auc,0.1486842105263158,74
GSE32646,932,expanded,ap,0.17826212682857984,74
GSE32646,932,expanded,brier,-0.02499244879768539,74
GSE32646,932,expanded,logloss,-0.10768104332464716,74
GSE32646,933,expanded,auc,0.07688933873144402,68
GSE32646,933,expanded,ap,0.03929006563897942,68
GSE32646,933,expanded,brier,-0.013361782055822311,68
GSE32646,933,expanded,logloss,-0.05510263020434135,68
GSE32646,934,expanded,auc,0.026222935044105833,73
GSE32646,934,expanded,ap,0.0070891760680941995,73
GSE32646,934,expanded,brier,0.0017270896283985092,73
GSE32646,934,expanded,logloss,-0.002149656085538287,73
GSE32646,935,expanded,auc,0.002441077441077444,76
GSE32646,935,expanded,ap,0.006899590353851426,76
GSE32646,935,expanded,brier,0.000939388156062948,76
GSE32646,935,expanded,logloss,0.014914191797034026,76
GSE32646,936,expanded,auc,0.01486603284356095,70
GSE32646,936,expanded,ap,-0.013549329200254506,70
GSE32646,936,expanded,brier,0.0017263798878510539,70
GSE32646,936,expanded,logloss,0.004143159367004279,70
GSE32646,937,expanded,auc,-0.0033317580340264884,73
GSE32646,937,expanded,ap,-0.05649474455495285,73
GSE32646,937,expanded,brier,0.011731829391344322,73
GSE32646,937,expanded,logloss,0.012908374516650278,73
GSE32646,938,expanded,auc,0.06048214285714285,73
GSE32646,938,expanded,ap,0.039473795353233296,73
GSE32646,938,expanded,brier,-0.013657996957448784,73
GSE32646,938,expanded,logloss,-0.05367584672545521,73
GSE32646,939,expanded,auc,-0.011904761904761908,71
GSE32646,939,expanded,ap,-0.02097815308468167,71
GSE32646,939,expanded,brier,0.009256299811421629,71
GSE32646,939,expanded,logloss,0.02633926003281371,71
GSE32646,940,expanded,auc,0.012074669187145582,76
GSE32646,940,expanded,ap,-0.001257853287759464,76
GSE32646,940,expanded,brier,0.005052524733873204,76
GSE32646,940,expanded,logloss,0.01639342599175774,76
GSE32646,941,expanded,auc,0.02882797731568997,78
GSE32646,941,expanded,ap,0.00912177053669494,78
GSE32646,941,expanded,brier,-0.0018937377139881194,78
GSE32646,941,expanded,logloss,-0.008306701992372,78
GSE32646,942,expanded,auc,0.05102222222222221,71
GSE32646,942,expanded,ap,0.004107538959609735,71
GSE32646,942,expanded,brier,-0.004765916160716416,71
GSE32646,942,expanded,logloss,-0.02186355000269511,71
GSE32646,943,expanded,auc,-0.007359679266895758,68
GSE32646,943,expanded,ap,-0.003066889501998543,68
GSE32646,943,expanded,brier,0.003821397955368941,68
GSE32646,943,expanded,logloss,0.011574159855973709,68
GSE32646,944,expanded,auc,0.041829819277108424,73
GSE32646,944,expanded,ap,0.019758118611400078,73
GSE32646,944,expanded,brier,-0.00390761667705763,73
GSE32646,944,expanded,logloss,-0.015708714302937486,73
GSE32646,945,expanded,auc,0.03497949419002051,73
GSE32646,945,expanded,ap,0.032678178672551364,73
GSE32646,945,expanded,brier,-0.006756893409486711,73
GSE32646,945,expanded,logloss,-0.016303853846669415,73
GSE32646,946,expanded,auc,0.04619963369963369,72
GSE32646,946,expanded,ap,0.14083938438109112,72
GSE32646,946,expanded,brier,-0.010618904253041272,72
GSE32646,946,expanded,logloss,-0.03252230833238248,72
GSE32646,947,expanded,auc,0.1175828313253012,71
GSE32646,947,expanded,ap,0.15365133878203538,71
GSE32646,947,expanded,brier,-0.03654530459056339,71
GSE32646,947,expanded,logloss,-0.11660319109044566,71
GSE32646,948,expanded,auc,0.046283491789109746,72
GSE32646,948,expanded,ap,0.02792774166795261,72
GSE32646,948,expanded,brier,-0.008387804647826727,72
GSE32646,948,expanded,logloss,-0.025910973791542842,72
GSE32646,949,expanded,auc,0.012765957446808507,80
GSE32646,949,expanded,ap,-0.004623659516869766,80
GSE32646,949,expanded,brier,0.007335570305756209,80
GSE32646,949,expanded,logloss,0.010243565790090493,80
GSE32646,950,expanded,auc,0.144281045751634,69
GSE32646,950,expanded,ap,0.1394582588476965,69
GSE32646,950,expanded,brier,-0.04380792419637405,69
GSE32646,950,expanded,logloss,-0.1209129133339398,69
GSE32646,951,expanded,auc,0.07707939508506616,65
GSE32646,951,expanded,ap,0.07954967999192646,65
GSE32646,951,expanded,brier,-0.01199068584186454,65
GSE32646,951,expanded,logloss,-0.03625985421010738,65
GSE32646,952,expanded,auc,0.0932549019607843,78
GSE32646,952,expanded,ap,0.08571290875808517,78
GSE32646,952,expanded,brier,-0.014756202546772068,78
GSE32646,952,expanded,logloss,-0.03763300741716015,78
GSE32646,953,expanded,auc,-0.012823529411764711,73
GSE32646,953,expanded,ap,-0.035715315578705505,73
GSE32646,953,expanded,brier,0.02063456719106357,73
GSE32646,953,expanded,logloss,0.05361041643178246,73
GSE32646,954,expanded,auc,0.09168399168399169,78
GSE32646,954,expanded,ap,0.0329331005459956,78
GSE32646,954,expanded,brier,-0.010803364317725401,78
GSE32646,954,expanded,logloss,-0.05764241081605538,78
GSE32646,955,expanded,auc,0.010407876230661051,67
GSE32646,955,expanded,ap,-0.03636830364956696,67
GSE32646,955,expanded,brier,-0.0025573615650285792,67
GSE32646,955,expanded,logloss,-0.0026211425869966222,67
GSE32646,956,expanded,auc,0.0769662921348315,72
GSE32646,956,expanded,ap,0.1683718795851314,72
GSE32646,956,expanded,brier,-0.0272423159066555,72
GSE32646,956,expanded,logloss,-0.08528081438760894,72
GSE32646,957,expanded,auc,-0.004494382022471932,75
GSE32646,957,expanded,ap,-0.013590049679962668,75
GSE32646,957,expanded,brier,0.004692521930805849,75
GSE32646,957,expanded,logloss,0.02104164305462943,75
GSE32646,958,expanded,auc,0.03399849397590363,78
GSE32646,958,expanded,ap,0.062412136437263045,78
GSE32646,958,expanded,brier,-0.009127490670919345,78
GSE32646,958,expanded,logloss,-0.01619242978110999,78
GSE32646,959,expanded,auc,0.08500400962309543,73
GSE32646,959,expanded,ap,0.08910348620953619,73
GSE32646,959,expanded,brier,-0.01134557129438753,73
GSE32646,959,expanded,logloss,-0.04983729904555606,73
GSE32646,960,expanded,auc,0.01794717887154863,73
GSE32646,960,expanded,ap,-0.0006775633910610479,73
GSE32646,960,expanded,brier,0.003059633770680796,73
GSE32646,960,expanded,logloss,0.0035454216826014684,73
GSE32646,961,expanded,auc,0.04783950617283951,77
GSE32646,961,expanded,ap,-0.009351209162788832,77
GSE32646,961,expanded,brier,0.004488446862636225,77
GSE32646,961,expanded,logloss,-0.014855984498692493,77
GSE32646,962,expanded,auc,0.02977777777777778,70
GSE32646,962,expanded,ap,0.011603112258302128,70
GSE32646,962,expanded,brier,0.008209273553152357,70
GSE32646,962,expanded,logloss,0.0005168306400461953,70
GSE32646,963,expanded,auc,0.024286949006050117,74
GSE32646,963,expanded,ap,0.12766923454828583,74
GSE32646,963,expanded,brier,-0.009902086087591671,74
GSE32646,963,expanded,logloss,-0.02827223714659626,74
GSE32646,964,expanded,auc,0.07985692771084338,67
GSE32646,964,expanded,ap,0.11072031945592267,67
GSE32646,964,expanded,brier,-0.030256199704938126,67
GSE32646,964,expanded,logloss,-0.06242004962822093,67
GSE32646,965,expanded,auc,0.022644770959377714,78
GSE32646,965,expanded,ap,0.014619897175729035,78
GSE32646,965,expanded,brier,0.00878921507643746,78
GSE32646,965,expanded,logloss,0.013866166814348912,78
GSE32646,966,expanded,auc,-0.0006720430107526876,81
GSE32646,966,expanded,ap,-0.0021264968097201077,81
GSE32646,966,expanded,brier,0.009620271246259008,81
GSE32646,966,expanded,logloss,0.021919769920943865,81
GSE32646,967,expanded,auc,0.03956043956043957,72
GSE32646,967,expanded,ap,0.02254414777134401,72
GSE32646,967,expanded,brier,0.0022733537527938165,72
GSE32646,967,expanded,logloss,-0.002265505711556376,72
GSE32646,968,expanded,auc,0.11436672967863895,77
GSE32646,968,expanded,ap,0.11717636546439822,77
GSE32646,968,expanded,brier,-0.021356922134816138,77
GSE32646,968,expanded,logloss,-0.0783229042285622,77
GSE32646,969,expanded,auc,0.08300492610837439,73
GSE32646,969,expanded,ap,0.10190033190736517,73
GSE32646,969,expanded,brier,-0.018329574583932258,73
GSE32646,969,expanded,logloss,-0.06519473693561995,73
GSE32646,970,expanded,auc,-0.018682795698924747,78
GSE32646,970,expanded,ap,-0.038161116773761154,78
GSE32646,970,expanded,brier,0.017150153111485843,78
GSE32646,970,expanded,logloss,0.04387376687705695,78
GSE32646,971,expanded,auc,0.10702861952861956,71
GSE32646,971,expanded,ap,0.11707941142725295,71
GSE32646,971,expanded,brier,-0.028410169128006535,71
GSE32646,971,expanded,logloss,-0.08739420408509954,71
GSE32646,972,expanded,auc,0.05831892826274847,69
GSE32646,972,expanded,ap,0.08084473577039836,69
GSE32646,972,expanded,brier,-0.012457365523004808,69
GSE32646,972,expanded,logloss,-0.07167972919131256,69
GSE32646,973,expanded,auc,0.06027346637102739,75
GSE32646,973,expanded,ap,0.05904480447258328,75
GSE32646,973,expanded,brier,-0.01324883665221686,75
GSE32646,973,expanded,logloss,-0.054654297792898474,75
GSE32646,974,expanded,auc,0.08934331797235025,69
GSE32646,974,expanded,ap,0.07631696791671554,69
GSE32646,974,expanded,brier,-0.02064435463153937,69
GSE32646,974,expanded,logloss,-0.0651832428480184,69
GSE32646,975,expanded,auc,0.021573795180722853,73
GSE32646,975,expanded,ap,0.04146005396125797,73
GSE32646,975,expanded,brier,-0.0024343738665811325,73
GSE32646,975,expanded,logloss,-0.02314023397475551,73
GSE32646,976,expanded,auc,0.05095287595287595,69
GSE32646,976,expanded,ap,0.09661281671853336,69
GSE32646,976,expanded,brier,-0.01588124305944496,69
GSE32646,976,expanded,logloss,-0.051914233681735734,69
GSE32646,977,expanded,auc,0.059708538587848914,73
GSE32646,977,expanded,ap,0.029408250874366076,73
GSE32646,977,expanded,brier,-0.00921530096521643,73
GSE32646,977,expanded,logloss,-0.030561599541726252,73
GSE32646,978,expanded,auc,0.1086578947368421,74
GSE32646,978,expanded,ap,0.2527219768986129,74
GSE32646,978,expanded,brier,-0.03679064323183422,74
GSE32646,978,expanded,logloss,-0.14586078920870144,74
GSE32646,979,expanded,auc,0.030990783410138233,75
GSE32646,979,expanded,ap,0.08388873561925593,75
GSE32646,979,expanded,brier,-0.012216520142799794,75
GSE32646,979,expanded,logloss,-0.024466883706942878,75
GSE32646,980,expanded,auc,0.005252606255012027,73
GSE32646,980,expanded,ap,-0.024713552906985254,73
GSE32646,980,expanded,brier,0.010922643248875517,73
GSE32646,980,expanded,logloss,0.01925849475314188,73
GSE32646,981,expanded,auc,0.021291208791208806,72
GSE32646,981,expanded,ap,-0.007170836465065467,72
GSE32646,981,expanded,brier,0.0115805829455275,72
GSE32646,981,expanded,logloss,0.013560150347645716,72
GSE32646,982,expanded,auc,0.05777893277893279,73
GSE32646,982,expanded,ap,0.04592417891015939,73
GSE32646,982,expanded,brier,-0.016111208905439826,73
GSE32646,982,expanded,logloss,-0.06359630681748688,73
GSE32646,983,expanded,auc,0.08504753673293,71
GSE32646,983,expanded,ap,0.13342230454478227,71
GSE32646,983,expanded,brier,-0.029440411081865635,71
GSE32646,983,expanded,logloss,-0.07939989023108335,71
GSE32646,984,expanded,auc,0.023293391430646328,72
GSE32646,984,expanded,ap,0.0012143948582373555,72
GSE32646,984,expanded,brier,-0.0024638899922249436,72
GSE32646,984,expanded,logloss,-0.007155338812191697,72
GSE32646,985,expanded,auc,0.0073070607553366255,72
GSE32646,985,expanded,ap,-0.013068563079395034,72
GSE32646,985,expanded,brier,0.0040944512937450914,72
GSE32646,985,expanded,logloss,0.032944458408446585,72
GSE32646,986,expanded,auc,0.054040642722117206,74
GSE32646,986,expanded,ap,0.0729276974865237,74
GSE32646,986,expanded,brier,-0.004045605817243464,74
GSE32646,986,expanded,logloss,-0.03722236227643992,74
GSE32646,987,expanded,auc,0.07054747054747054,74
GSE32646,987,expanded,ap,0.02578472551248997,74
GSE32646,987,expanded,brier,0.00018465906785327668,74
GSE32646,987,expanded,logloss,-0.018480521665888216,74
GSE32646,988,expanded,auc,0.014100684261974583,71
GSE32646,988,expanded,ap,0.012582093330206795,71
GSE32646,988,expanded,brier,0.004216682072446465,71
GSE32646,988,expanded,logloss,0.020308939012469718,71
GSE32646,989,expanded,auc,0.09163516068052933,66
GSE32646,989,expanded,ap,0.10512539637777732,66
GSE32646,989,expanded,brier,-0.025265865365453395,66
GSE32646,989,expanded,logloss,-0.06039317040623182,66
GSE32646,990,expanded,auc,0.10266830870279146,69
GSE32646,990,expanded,ap,0.04802653348377443,69
GSE32646,990,expanded,brier,-0.010373571910944804,69
GSE32646,990,expanded,logloss,-0.06256193797876078,69
GSE32646,991,expanded,auc,0.06920000000000001,76
GSE32646,991,expanded,ap,0.06806711505394733,76
GSE32646,991,expanded,brier,-0.004866908099867923,76
GSE32646,991,expanded,logloss,-0.03615970841316094,76
GSE32646,992,expanded,auc,0.012686274509803919,77
GSE32646,992,expanded,ap,0.012717386920383073,77
GSE32646,992,expanded,brier,0.003985415748095028,77
GSE32646,992,expanded,logloss,0.002727956915977869,77
GSE32646,993,expanded,auc,0.007533333333333325,73
GSE32646,993,expanded,ap,0.005652257759880491,73
GSE32646,993,expanded,brier,0.0037738016159678867,73
GSE32646,993,expanded,logloss,0.011838100698031557,73
GSE32646,994,expanded,auc,0.05431034482758621,71
GSE32646,994,expanded,ap,0.047796322221605674,71
GSE32646,994,expanded,brier,-0.0032036236966787534,71
GSE32646,994,expanded,logloss,-0.017165274636443507,71
GSE32646,995,expanded,auc,0.08422644770959377,82
GSE32646,995,expanded,ap,0.13165816736812555,82
GSE32646,995,expanded,brier,-0.02273780474672824,82
GSE32646,995,expanded,logloss,-0.07029134240189024,82
GSE32646,996,expanded,auc,0.060215053763440884,74
GSE32646,996,expanded,ap,0.033725946299567856,74
GSE32646,996,expanded,brier,0.0006196182328267741,74
GSE32646,996,expanded,logloss,-0.01935261686703087,74
GSE32646,997,expanded,auc,0.07249398556535686,70
GSE32646,997,expanded,ap,0.06382084655622289,70
GSE32646,997,expanded,brier,-0.006231415663568399,70
GSE32646,997,expanded,logloss,-0.026524278896824273,70
GSE32646,998,expanded,auc,0.01840417000801926,77
GSE32646,998,expanded,ap,0.02242278516738202,77
GSE32646,998,expanded,brier,0.00020102950315246392,77
GSE32646,998,expanded,logloss,-0.0022163445972460004,77
GSE32646,999,expanded,auc,0.01616300366300366,79
GSE32646,999,expanded,ap,0.015382015567716418,79
GSE32646,999,expanded,brier,0.0010003522289924517,79
GSE32646,999,expanded,logloss,-0.0006076464035612239,79
