cohort,GSM,repeat,fold,model,y,probability
GSE25055,GSM615096,0,3,expanded,0,0.05700317713903932
GSE25055,GSM615097,0,0,expanded,0,0.05010788279504147
GSE25055,GSM615098,0,1,expanded,0,0.3529220039245039
GSE25055,GSM615099,0,3,expanded,1,0.48850909632363754
GSE25055,GSM615100,0,4,expanded,0,0.06150584444760021
GSE25055,GSM615101,0,4,expanded,0,0.1911963370228573
GSE25055,GSM615102,0,0,expanded,0,0.40984801256601566
GSE25055,GSM615104,0,3,expanded,0,0.35970782137920554
GSE25055,GSM615106,0,1,expanded,0,0.3624709453245489
GSE25055,GSM615107,0,2,expanded,0,0.36054034826601283
GSE25055,GSM615108,0,3,expanded,0,0.002525688177739584
GSE25055,GSM615109,0,4,expanded,0,0.30078744973123356
GSE25055,GSM615111,0,3,expanded,0,0.25337052138274985
GSE25055,GSM615112,0,4,expanded,0,0.2770020699057117
GSE25055,GSM615113,0,4,expanded,0,0.4724824517692944
GSE25055,GSM615114,0,0,expanded,0,0.048722913961267954
GSE25055,GSM615115,0,0,expanded,0,0.18986106529333668
GSE25055,GSM615116,0,1,expanded,0,0.8225379768073544
GSE25055,GSM615117,0,3,expanded,0,0.09236420853150527
GSE25055,GSM615120,0,2,expanded,0,0.010992686963087823
GSE25055,GSM615121,0,4,expanded,0,0.18977576795767798
GSE25055,GSM615122,0,1,expanded,1,0.02287034179298924
GSE25055,GSM615123,0,1,expanded,1,0.0818858971541285
GSE25055,GSM615124,0,2,expanded,0,0.02117412496623495
GSE25055,GSM615125,0,1,expanded,0,0.022771948725597176
GSE25055,GSM615126,0,3,expanded,0,0.042059674621613356
GSE25055,GSM615127,0,2,expanded,0,0.05308298622205139
GSE25055,GSM615128,0,0,expanded,0,0.06827508108388228
GSE25055,GSM615129,0,0,expanded,0,0.09350826090665025
GSE25055,GSM615130,0,1,expanded,0,0.011050187738191029
GSE25055,GSM615131,0,1,expanded,0,0.05594024904678626
GSE25055,GSM615132,0,4,expanded,0,0.039475734172385125
GSE25055,GSM615133,0,0,expanded,0,0.027292658252019125
GSE25055,GSM615134,0,2,expanded,0,0.02347889150564051
GSE25055,GSM615135,0,4,expanded,0,0.36958076314732163
GSE25055,GSM615136,0,1,expanded,0,0.32410728861054977
GSE25055,GSM615137,0,3,expanded,1,0.16770817199205887
GSE25055,GSM615138,0,4,expanded,0,0.08614380556989541
GSE25055,GSM615139,0,4,expanded,1,0.3856651855022142
GSE25055,GSM615140,0,3,expanded,1,0.0070544550855199725
GSE25055,GSM615142,0,0,expanded,0,0.08070289623625788
GSE25055,GSM615143,0,3,expanded,1,0.2633908542726982
GSE25055,GSM615144,0,4,expanded,0,0.027501991153506898
GSE25055,GSM615145,0,0,expanded,0,0.2969223277919247
GSE25055,GSM615146,0,2,expanded,1,0.41958548476297763
GSE25055,GSM615147,0,4,expanded,0,0.08123384981118881
GSE25055,GSM615148,0,2,expanded,0,0.3530689316746396
GSE25055,GSM615149,0,3,expanded,0,0.367085654298976
GSE25055,GSM615150,0,1,expanded,0,0.01789018471931346
GSE25055,GSM615151,0,2,expanded,0,0.18405828006764965
GSE25055,GSM615153,0,3,expanded,0,0.0262959992048275
GSE25055,GSM615154,0,2,expanded,1,0.4522775559761114
GSE25055,GSM615155,0,2,expanded,0,0.09439269826357712
GSE25055,GSM615156,0,4,expanded,0,0.5020703535181622
GSE25055,GSM615157,0,0,expanded,0,0.11397141694498301
GSE25055,GSM615158,0,3,expanded,0,0.013453501251699236
GSE25055,GSM615159,0,4,expanded,0,0.3744534039593842
GSE25055,GSM615160,0,4,expanded,0,0.42847125480546383
GSE25055,GSM615162,0,3,expanded,0,0.014046204448826363
GSE25055,GSM615164,0,4,expanded,1,0.2964617356028677
GSE25055,GSM615165,0,3,expanded,0,0.07885621965029065
GSE25055,GSM615166,0,4,expanded,0,0.03490201790242139
GSE25055,GSM615167,0,2,expanded,1,0.240717010301532
GSE25055,GSM615168,0,4,expanded,0,0.09025187741391433
GSE25055,GSM615169,0,4,expanded,0,0.36494273669237953
GSE25055,GSM615170,0,2,expanded,0,0.03525850070471432
GSE25055,GSM615171,0,1,expanded,1,0.517372517118734
GSE25055,GSM615172,0,1,expanded,0,0.016962956153664367
GSE25055,GSM615173,0,2,expanded,0,0.2241597731021362
GSE25055,GSM615174,0,4,expanded,0,0.1625086094624957
GSE25055,GSM615175,0,0,expanded,1,0.34042918531452654
GSE25055,GSM615176,0,2,expanded,0,0.012523685219979907
GSE25055,GSM615177,0,1,expanded,0,0.06925466584268741
GSE25055,GSM615178,0,4,expanded,0,0.41275805973374813
GSE25055,GSM615179,0,3,expanded,0,0.03505285042467377
GSE25055,GSM615180,0,0,expanded,0,0.048893718316655156
GSE25055,GSM615181,0,1,expanded,1,0.37180726912786516
GSE25055,GSM615182,0,1,expanded,0,0.3140032376709654
GSE25055,GSM615183,0,1,expanded,0,0.03471161346720329
GSE25055,GSM615184,0,1,expanded,0,0.35410488287896547
GSE25055,GSM615185,0,1,expanded,0,0.47277061264424375
GSE25055,GSM615186,0,1,expanded,1,0.004644872547000215
GSE25055,GSM615187,0,2,expanded,0,0.038460494837519336
GSE25055,GSM615188,0,3,expanded,0,0.18038738567169707
GSE25055,GSM615189,0,1,expanded,0,0.3478809394379181
GSE25055,GSM615190,0,1,expanded,0,0.486421342493011
GSE25055,GSM615191,0,0,expanded,1,0.30498351746970576
GSE25055,GSM615192,0,2,expanded,0,0.049178173317407745
GSE25055,GSM615193,0,4,expanded,1,0.4539840614351359
GSE25055,GSM615194,0,0,expanded,1,0.2215677319860507
GSE25055,GSM615195,0,3,expanded,0,0.3108089163029329
GSE25055,GSM615196,0,4,expanded,0,0.06929903478035843
GSE25055,GSM615197,0,3,expanded,0,0.4027228083127927
GSE25055,GSM615198,0,1,expanded,0,0.017879906928881948
GSE25055,GSM615199,0,0,expanded,0,0.07108692514992597
GSE25055,GSM615200,0,0,expanded,0,0.1845903477981153
GSE25055,GSM615201,0,2,expanded,1,0.13409243916601
GSE25055,GSM615202,0,3,expanded,1,0.3204492031465904
GSE25055,GSM615203,0,3,expanded,0,0.023492497983609154
GSE25055,GSM615204,0,3,expanded,0,0.061298422232482615
GSE25055,GSM615205,0,2,expanded,0,0.0575227759420567
GSE25055,GSM615206,0,2,expanded,0,0.09454652957366724
GSE25055,GSM615207,0,0,expanded,0,0.060688399272225815
GSE25055,GSM615208,0,3,expanded,0,0.03839930356332234
GSE25055,GSM615209,0,1,expanded,1,0.45578395540273503
GSE25055,GSM615210,0,0,expanded,0,0.0643673417909132
GSE25055,GSM615211,0,3,expanded,1,0.5077749036993443
GSE25055,GSM615212,0,4,expanded,1,0.33018364158013963
GSE25055,GSM615213,0,2,expanded,1,0.30291102764755323
GSE25055,GSM615214,0,1,expanded,0,0.03139412588080984
GSE25055,GSM615215,0,1,expanded,1,0.5130710902956195
GSE25055,GSM615216,0,1,expanded,0,0.022213308886195222
GSE25055,GSM615217,0,0,expanded,0,0.049526546487074295
GSE25055,GSM615218,0,1,expanded,0,0.2424103980620709
GSE25055,GSM615219,0,3,expanded,0,0.10967338876560882
GSE25055,GSM615220,0,1,expanded,0,0.06205236442771911
GSE25055,GSM615221,0,4,expanded,0,0.10376421529719848
GSE25055,GSM615222,0,0,expanded,0,0.07553691494286333
GSE25055,GSM615223,0,4,expanded,0,0.31084630732458424
GSE25055,GSM615224,0,0,expanded,0,0.049526546487074295
GSE25055,GSM615225,0,0,expanded,0,0.23888807576628326
GSE25055,GSM615226,0,0,expanded,0,0.038033508780017815
GSE25055,GSM615227,0,4,expanded,0,0.05481892433859105
GSE25055,GSM615228,0,2,expanded,0,0.2992400031803053
GSE25055,GSM615229,0,2,expanded,0,0.095548427628429
GSE25055,GSM615230,0,0,expanded,0,0.11476565078811625
GSE25055,GSM615231,0,2,expanded,0,0.039354332114413755
GSE25055,GSM615232,0,3,expanded,0,0.03505285042467377
GSE25055,GSM615233,0,4,expanded,0,0.01311385080161771
GSE25055,GSM615234,0,4,expanded,0,0.20374283868114626
GSE25055,GSM615235,0,4,expanded,0,0.046228228717796964
GSE25055,GSM615236,0,1,expanded,0,0.07454065885449809
GSE25055,GSM615237,0,0,expanded,0,0.05711315978126114
GSE25055,GSM615238,0,4,expanded,0,0.09247515137967775
GSE25055,GSM615239,0,4,expanded,0,0.11776950247449912
GSE25055,GSM615240,0,4,expanded,1,0.4385442892717844
GSE25055,GSM615241,0,4,expanded,0,0.03203728057755773
GSE25055,GSM615242,0,2,expanded,1,0.3288197767566201
GSE25055,GSM615243,0,2,expanded,0,0.05334264762496684
GSE25055,GSM615244,0,3,expanded,0,0.5676014144617746
GSE25055,GSM615245,0,3,expanded,0,0.05830264717427007
GSE25055,GSM615246,0,3,expanded,0,0.05134105379624744
GSE25055,GSM615247,0,4,expanded,0,0.2188758165185492
GSE25055,GSM615248,0,3,expanded,0,0.08444428785479374
GSE25055,GSM615249,0,4,expanded,0,0.09152333872498034
GSE25055,GSM615250,0,1,expanded,0,0.542352420651034
GSE25055,GSM615251,0,1,expanded,0,0.5130710902956195
GSE25055,GSM615252,0,1,expanded,0,0.012231675195791153
GSE25055,GSM615253,0,2,expanded,0,0.08837160509162172
GSE25055,GSM615254,0,1,expanded,0,0.026278296229499513
GSE25055,GSM615255,0,3,expanded,0,0.28308173282382054
GSE25055,GSM615256,0,3,expanded,1,0.14024623339329814
GSE25055,GSM615257,0,0,expanded,0,0.020674511445207402
GSE25055,GSM615258,0,1,expanded,0,0.023494959282484247
GSE25055,GSM615259,0,3,expanded,0,0.03245372742942498
GSE25055,GSM615260,0,2,expanded,0,0.2790571481958406
GSE25055,GSM615261,0,3,expanded,0,0.053989463309016585
GSE25055,GSM615262,0,3,expanded,0,0.022016863682545795
GSE25055,GSM615263,0,3,expanded,1,0.22765936494461528
GSE25055,GSM615264,0,3,expanded,1,0.4087362972532101
GSE25055,GSM615265,0,4,expanded,0,0.3448061648161695
GSE25055,GSM615266,0,4,expanded,0,0.021240170229572412
GSE25055,GSM615267,0,2,expanded,0,0.07471808486084422
GSE25055,GSM615268,0,0,expanded,0,0.07956242733596512
GSE25055,GSM615269,0,0,expanded,0,0.06829860168825638
GSE25055,GSM615270,0,3,expanded,1,0.2857863619101242
GSE25055,GSM615271,0,2,expanded,0,0.06438211132388208
GSE25055,GSM615272,0,3,expanded,0,0.0414541890909255
GSE25055,GSM615273,0,2,expanded,0,0.060374649064366244
GSE25055,GSM615274,0,1,expanded,0,0.046807621140872925
GSE25055,GSM615275,0,4,expanded,0,0.10580262745773454
GSE25055,GSM615276,0,0,expanded,0,0.3137973046480559
GSE25055,GSM615277,0,2,expanded,0,0.05845955083947552
GSE25055,GSM615278,0,2,expanded,0,0.13866873163972057
GSE25055,GSM615279,0,4,expanded,0,0.05761174815549278
GSE25055,GSM615280,0,4,expanded,1,0.12753963615194402
GSE25055,GSM615281,0,3,expanded,0,0.07827900753546507
GSE25055,GSM615282,0,2,expanded,0,0.02860491948317425
GSE25055,GSM615283,0,4,expanded,0,0.06748327006405545
GSE25055,GSM615284,0,0,expanded,1,0.2801478041641742
GSE25055,GSM615285,0,3,expanded,0,0.097630198830479
GSE25055,GSM615286,0,3,expanded,0,0.08033902324774508
GSE25055,GSM615287,0,2,expanded,0,0.17056613145931443
GSE25055,GSM615288,0,2,expanded,0,0.530935154755733
GSE25055,GSM615289,0,1,expanded,0,0.027787820473443837
GSE25055,GSM615290,0,0,expanded,0,0.03712865328824213
GSE25055,GSM615291,0,2,expanded,1,0.3767578761118816
GSE25055,GSM615292,0,1,expanded,0,0.027275512413226073
GSE25055,GSM615293,0,2,expanded,1,0.4941132349068118
GSE25055,GSM615294,0,0,expanded,0,0.18500649837130972
GSE25055,GSM615295,0,3,expanded,0,0.2468903620772104
GSE25055,GSM615296,0,2,expanded,0,0.027210981368600517
GSE25055,GSM615297,0,3,expanded,0,0.43179398084596843
GSE25055,GSM615298,0,0,expanded,0,0.06829860168825638
GSE25055,GSM615299,0,1,expanded,0,0.04339607524633468
GSE25055,GSM615300,0,4,expanded,1,0.38130848763484126
GSE25055,GSM615301,0,1,expanded,0,0.22195296262623415
GSE25055,GSM615302,0,2,expanded,0,0.07085864992389851
GSE25055,GSM615303,0,2,expanded,0,0.1789535132134685
GSE25055,GSM615304,0,3,expanded,0,0.15767975699367326
GSE25055,GSM615305,0,2,expanded,0,0.09117171727361999
GSE25055,GSM615306,0,1,expanded,0,0.013847707976544723
GSE25055,GSM615307,0,0,expanded,1,0.46306781743111886
GSE25055,GSM615308,0,4,expanded,0,0.13308262886365416
GSE25055,GSM615309,0,2,expanded,0,0.07638799175383916
GSE25055,GSM615310,0,1,expanded,1,0.1084979351693611
GSE25055,GSM615311,0,0,expanded,0,0.06366113701297489
GSE25055,GSM615312,0,0,expanded,0,0.13264999399059546
GSE25055,GSM615313,0,3,expanded,0,0.030876235942113764
GSE25055,GSM615314,0,0,expanded,0,0.03627074571565993
GSE25055,GSM615315,0,4,expanded,0,0.38931186838648935
GSE25055,GSM615316,0,3,expanded,0,0.1139912011309124
GSE25055,GSM615317,0,2,expanded,0,0.42611725464235756
GSE25055,GSM615318,0,1,expanded,0,0.017036687294820798
GSE25055,GSM615319,0,2,expanded,0,0.3608047657656687
GSE25055,GSM615320,0,2,expanded,0,0.45567553632474456
GSE25055,GSM615321,0,1,expanded,0,0.4843761984608914
GSE25055,GSM615322,0,4,expanded,0,0.27354551138780986
GSE25055,GSM615323,0,1,expanded,0,0.33620275651766224
GSE25055,GSM615324,0,0,expanded,1,0.42329035035032564
GSE25055,GSM615325,0,0,expanded,1,0.4550599660145532
GSE25055,GSM615326,0,2,expanded,0,0.15362360755369567
GSE25055,GSM615327,0,1,expanded,0,0.2551734828908091
GSE25055,GSM615328,0,0,expanded,0,0.04191552578596297
GSE25055,GSM615329,0,0,expanded,0,0.061925981475837985
GSE25055,GSM615330,0,3,expanded,0,0.3055211732548295
GSE25055,GSM615331,0,4,expanded,1,0.1055310901357752
GSE25055,GSM615332,0,4,expanded,0,0.054016613634883005
GSE25055,GSM615333,0,2,expanded,0,0.19691606607163695
GSE25055,GSM615334,0,0,expanded,1,0.27369079408589636
GSE25055,GSM615335,0,3,expanded,0,0.454745349473461
GSE25055,GSM615336,0,4,expanded,1,0.43207327974728893
GSE25055,GSM615337,0,4,expanded,0,0.06360231425696691
GSE25055,GSM615338,0,0,expanded,1,0.33500366512367463
GSE25055,GSM615339,0,1,expanded,0,0.017546968515035073
GSE25055,GSM615340,0,4,expanded,0,0.10341751033988104
GSE25055,GSM615341,0,1,expanded,0,0.027275512413226073
GSE25055,GSM615342,0,4,expanded,0,0.2568340852762123
GSE25055,GSM615343,0,1,expanded,0,0.2221282426801891
GSE25055,GSM615344,0,3,expanded,0,0.43179398084596843
GSE25055,GSM615345,0,4,expanded,0,0.165851823354753
GSE25055,GSM615346,0,1,expanded,0,0.5226262584837861
GSE25055,GSM615347,0,1,expanded,0,0.3264987583558308
GSE25055,GSM615348,0,0,expanded,0,0.387679152170251
GSE25055,GSM615349,0,2,expanded,0,0.04998562517622043
GSE25055,GSM615350,0,0,expanded,0,0.18225903148133943
GSE25055,GSM615351,0,0,expanded,0,0.02639388176430464
GSE25055,GSM615352,0,2,expanded,0,0.01419966359809756
GSE25055,GSM615353,0,0,expanded,1,0.12943929411800464
GSE25055,GSM615354,0,2,expanded,1,0.2062760716207411
GSE25055,GSM615355,0,1,expanded,0,0.02156921520340284
GSE25055,GSM615356,0,2,expanded,0,0.4025793236404679
GSE25055,GSM615357,0,2,expanded,1,0.4011870638725582
GSE25055,GSM615358,0,1,expanded,0,0.007253290980916097
GSE25055,GSM615359,0,1,expanded,1,0.2604110647950197
GSE25055,GSM615360,0,2,expanded,0,0.055693482621702
GSE25055,GSM615361,0,0,expanded,0,0.14086347802357327
GSE25055,GSM615362,0,4,expanded,0,0.01399907487179635
GSE25055,GSM615363,0,3,expanded,0,0.43792328606869363
GSE25055,GSM615364,0,2,expanded,0,0.48127036837840226
GSE25055,GSM615365,0,2,expanded,0,0.04733834432867058
GSE25055,GSM615366,0,3,expanded,0,0.02090095198901772
GSE25055,GSM615367,0,4,expanded,0,0.10588404401725486
GSE25055,GSM615368,0,1,expanded,0,0.588667875826778
GSE25055,GSM615369,0,0,expanded,0,0.369328097890716
GSE25055,GSM615370,0,1,expanded,0,0.02648861226044251
GSE25055,GSM615371,0,0,expanded,1,0.288907332483594
GSE25055,GSM615372,0,3,expanded,0,0.4944871622717461
GSE25055,GSM615373,0,0,expanded,0,0.11816315182553203
GSE25055,GSM615374,0,3,expanded,0,0.00900687780845635
GSE25055,GSM615375,0,3,expanded,1,0.23321749223669574
GSE25055,GSM615376,0,0,expanded,0,0.23352310364247725
GSE25055,GSM615377,0,4,expanded,0,0.020775560598016583
GSE25055,GSM615378,0,3,expanded,0,0.4878450383433362
GSE25055,GSM615379,0,4,expanded,1,0.22444313909943997
GSE25055,GSM615380,0,2,expanded,0,0.3518956620837471
GSE25055,GSM615381,0,1,expanded,0,0.03526678597302667
GSE25055,GSM615382,0,3,expanded,0,0.36465135286916744
GSE25055,GSM615383,0,1,expanded,1,0.02001168695089108
GSE25055,GSM615384,0,3,expanded,0,0.3285316152023662
GSE25055,GSM615385,0,0,expanded,0,0.25128733306577483
GSE25055,GSM615386,0,0,expanded,0,0.0569645826879721
GSE25055,GSM615387,0,1,expanded,0,0.5416800796282454
GSE25055,GSM615388,0,4,expanded,0,0.035437982956431434
GSE25055,GSM615389,0,0,expanded,0,0.0554404482532407
GSE25055,GSM615390,0,0,expanded,0,0.3895800794746919
GSE25055,GSM615391,0,0,expanded,0,0.05415665237315593
GSE25055,GSM615392,0,3,expanded,0,0.21844870488675486
GSE25055,GSM615393,0,2,expanded,1,0.34026299816513356
GSE25055,GSM615394,0,1,expanded,1,0.36988489764778704
GSE25055,GSM615395,0,2,expanded,0,0.05248329709580274
GSE25055,GSM615396,0,0,expanded,1,0.41282178605936876
GSE25055,GSM615397,0,4,expanded,1,0.19293660761824685
GSE25055,GSM615398,0,1,expanded,0,0.044781242971982646
GSE25055,GSM615399,0,3,expanded,0,0.03122079697551059
GSE25055,GSM615400,0,0,expanded,0,0.045553965697910176
GSE25055,GSM615401,0,4,expanded,0,0.06465489674578638
GSE25055,GSM615402,0,2,expanded,0,0.026761060591116038
GSE25055,GSM615403,0,0,expanded,0,0.17141298735712493
GSE25055,GSM615404,0,2,expanded,0,0.12246789830738046
GSE25055,GSM615405,0,0,expanded,0,0.24679601541186275
GSE25055,GSM615096,0,3,expanded_score,0,0.047590624277076575
GSE25055,GSM615097,0,0,expanded_score,0,0.03488171246810826
GSE25055,GSM615098,0,1,expanded_score,0,0.4033710722282924
GSE25055,GSM615099,0,3,expanded_score,1,0.5804731418849706
GSE25055,GSM615100,0,4,expanded_score,0,0.11114795903801339
GSE25055,GSM615101,0,4,expanded_score,0,0.2759851802382976
GSE25055,GSM615102,0,0,expanded_score,0,0.44548405715226613
GSE25055,GSM615104,0,3,expanded_score,0,0.3106468334140095
GSE25055,GSM615106,0,1,expanded_score,0,0.20624998005815107
GSE25055,GSM615107,0,2,expanded_score,0,0.3690455763146302
GSE25055,GSM615108,0,3,expanded_score,0,0.0038094687315698814
GSE25055,GSM615109,0,4,expanded_score,0,0.419895677889029
GSE25055,GSM615111,0,3,expanded_score,0,0.19557179816286208
GSE25055,GSM615112,0,4,expanded_score,0,0.33329895633021767
GSE25055,GSM615113,0,4,expanded_score,0,0.4733321409536956
GSE25055,GSM615114,0,0,expanded_score,0,0.039500225977511495
GSE25055,GSM615115,0,0,expanded_score,0,0.19999534148916795
GSE25055,GSM615116,0,1,expanded_score,0,0.6975195646511944
GSE25055,GSM615117,0,3,expanded_score,0,0.14895360992588277
GSE25055,GSM615120,0,2,expanded_score,0,0.009519114957428968
GSE25055,GSM615121,0,4,expanded_score,0,0.09283184722543313
GSE25055,GSM615122,0,1,expanded_score,1,0.011300976043523543
GSE25055,GSM615123,0,1,expanded_score,1,0.21083839389454193
GSE25055,GSM615124,0,2,expanded_score,0,0.02334560571916642
GSE25055,GSM615125,0,1,expanded_score,0,0.015043415001368415
GSE25055,GSM615126,0,3,expanded_score,0,0.04230170754582708
GSE25055,GSM615127,0,2,expanded_score,0,0.06701717941832505
GSE25055,GSM615128,0,0,expanded_score,0,0.039775159381312965
GSE25055,GSM615129,0,0,expanded_score,0,0.06207727658612178
GSE25055,GSM615130,0,1,expanded_score,0,0.0077816587549277335
GSE25055,GSM615131,0,1,expanded_score,0,0.042271248814566
GSE25055,GSM615132,0,4,expanded_score,0,0.03303579978092553
GSE25055,GSM615133,0,0,expanded_score,0,0.026447746080417004
GSE25055,GSM615134,0,2,expanded_score,0,0.019101921192706386
GSE25055,GSM615135,0,4,expanded_score,0,0.25134855608067513
GSE25055,GSM615136,0,1,expanded_score,0,0.3750753491082901
GSE25055,GSM615137,0,3,expanded_score,1,0.154437752175837
GSE25055,GSM615138,0,4,expanded_score,0,0.08375566437698766
GSE25055,GSM615139,0,4,expanded_score,1,0.6053671667223844
GSE25055,GSM615140,0,3,expanded_score,1,0.011840224528453314
GSE25055,GSM615142,0,0,expanded_score,0,0.056654424149312835
GSE25055,GSM615143,0,3,expanded_score,1,0.257674285640131
GSE25055,GSM615144,0,4,expanded_score,0,0.0273973663407005
GSE25055,GSM615145,0,0,expanded_score,0,0.5167075212751663
GSE25055,GSM615146,0,2,expanded_score,1,0.40062620879294863
GSE25055,GSM615147,0,4,expanded_score,0,0.04865796850045378
GSE25055,GSM615148,0,2,expanded_score,0,0.33374251700524743
GSE25055,GSM615149,0,3,expanded_score,0,0.3055251151763528
GSE25055,GSM615150,0,1,expanded_score,0,0.009497976689705614
GSE25055,GSM615151,0,2,expanded_score,0,0.2645500672189423
GSE25055,GSM615153,0,3,expanded_score,0,0.03571482819571323
GSE25055,GSM615154,0,2,expanded_score,1,0.33768600085253175
GSE25055,GSM615155,0,2,expanded_score,0,0.15229552698862903
GSE25055,GSM615156,0,4,expanded_score,0,0.34259783136495836
GSE25055,GSM615157,0,0,expanded_score,0,0.07562895514574894
GSE25055,GSM615158,0,3,expanded_score,0,0.016578683564206
GSE25055,GSM615159,0,4,expanded_score,0,0.13274416619932675
GSE25055,GSM615160,0,4,expanded_score,0,0.363115851037464
GSE25055,GSM615162,0,3,expanded_score,0,0.013898421581549136
GSE25055,GSM615164,0,4,expanded_score,1,0.49450316731152993
GSE25055,GSM615165,0,3,expanded_score,0,0.0686057382032767
GSE25055,GSM615166,0,4,expanded_score,0,0.06475082504970095
GSE25055,GSM615167,0,2,expanded_score,1,0.1288481301723197
GSE25055,GSM615168,0,4,expanded_score,0,0.037439819882787176
GSE25055,GSM615169,0,4,expanded_score,0,0.35245499630112304
GSE25055,GSM615170,0,2,expanded_score,0,0.02472965772076792
GSE25055,GSM615171,0,1,expanded_score,1,0.38134574812525446
GSE25055,GSM615172,0,1,expanded_score,0,0.014601436542541401
GSE25055,GSM615173,0,2,expanded_score,0,0.11378890714585418
GSE25055,GSM615174,0,4,expanded_score,0,0.13370733040472893
GSE25055,GSM615175,0,0,expanded_score,1,0.39990940338079306
GSE25055,GSM615176,0,2,expanded_score,0,0.013434198469103166
GSE25055,GSM615177,0,1,expanded_score,0,0.05353719231441009
GSE25055,GSM615178,0,4,expanded_score,0,0.2992031403634253
GSE25055,GSM615179,0,3,expanded_score,0,0.03851242129304548
GSE25055,GSM615180,0,0,expanded_score,0,0.059710185540952906
GSE25055,GSM615181,0,1,expanded_score,1,0.3577013513805224
GSE25055,GSM615182,0,1,expanded_score,0,0.40302679345826836
GSE25055,GSM615183,0,1,expanded_score,0,0.018909494208992354
GSE25055,GSM615184,0,1,expanded_score,0,0.5450762995370348
GSE25055,GSM615185,0,1,expanded_score,0,0.41767506844905194
GSE25055,GSM615186,0,1,expanded_score,1,0.0047683300298233125
GSE25055,GSM615187,0,2,expanded_score,0,0.05943288220566358
GSE25055,GSM615188,0,3,expanded_score,0,0.1797927997601832
GSE25055,GSM615189,0,1,expanded_score,0,0.29764998959542655
GSE25055,GSM615190,0,1,expanded_score,0,0.5105933572310298
GSE25055,GSM615191,0,0,expanded_score,1,0.4807494570687793
GSE25055,GSM615192,0,2,expanded_score,0,0.03996572648441051
GSE25055,GSM615193,0,4,expanded_score,1,0.40058843249417725
GSE25055,GSM615194,0,0,expanded_score,1,0.31968837176038084
GSE25055,GSM615195,0,3,expanded_score,0,0.42759369489557586
GSE25055,GSM615196,0,4,expanded_score,0,0.1025242120498901
GSE25055,GSM615197,0,3,expanded_score,0,0.45550830713789525
GSE25055,GSM615198,0,1,expanded_score,0,0.013295990281540439
GSE25055,GSM615199,0,0,expanded_score,0,0.07795143499174317
GSE25055,GSM615200,0,0,expanded_score,0,0.2736587981104273
GSE25055,GSM615201,0,2,expanded_score,1,0.22756706590140957
GSE25055,GSM615202,0,3,expanded_score,1,0.4350742617179696
GSE25055,GSM615203,0,3,expanded_score,0,0.013812218375178247
GSE25055,GSM615204,0,3,expanded_score,0,0.04383341693820327
GSE25055,GSM615205,0,2,expanded_score,0,0.05361877578783462
GSE25055,GSM615206,0,2,expanded_score,0,0.04638520061872402
GSE25055,GSM615207,0,0,expanded_score,0,0.040313857262563625
GSE25055,GSM615208,0,3,expanded_score,0,0.032594792177014824
GSE25055,GSM615209,0,1,expanded_score,1,0.5870281067613636
GSE25055,GSM615210,0,0,expanded_score,0,0.036267580157022604
GSE25055,GSM615211,0,3,expanded_score,1,0.6129252463019405
GSE25055,GSM615212,0,4,expanded_score,1,0.14715008831173848
GSE25055,GSM615213,0,2,expanded_score,1,0.3224393927506749
GSE25055,GSM615214,0,1,expanded_score,0,0.012890402637997908
GSE25055,GSM615215,0,1,expanded_score,1,0.4250809206195849
GSE25055,GSM615216,0,1,expanded_score,0,0.03327644054751805
GSE25055,GSM615217,0,0,expanded_score,0,0.04850391422737257
GSE25055,GSM615218,0,1,expanded_score,0,0.18643625682131815
GSE25055,GSM615219,0,3,expanded_score,0,0.10184248241756229
GSE25055,GSM615220,0,1,expanded_score,0,0.01154905442627176
GSE25055,GSM615221,0,4,expanded_score,0,0.07671719762928475
GSE25055,GSM615222,0,0,expanded_score,0,0.04497224200044812
GSE25055,GSM615223,0,4,expanded_score,0,0.1336428733177114
GSE25055,GSM615224,0,0,expanded_score,0,0.019616348372739626
GSE25055,GSM615225,0,0,expanded_score,0,0.21393601534105688
GSE25055,GSM615226,0,0,expanded_score,0,0.02735472486944483
GSE25055,GSM615227,0,4,expanded_score,0,0.07507447292640745
GSE25055,GSM615228,0,2,expanded_score,0,0.2521685369181209
GSE25055,GSM615229,0,2,expanded_score,0,0.02365901790613679
GSE25055,GSM615230,0,0,expanded_score,0,0.05080158338684272
GSE25055,GSM615231,0,2,expanded_score,0,0.019866992834236683
GSE25055,GSM615232,0,3,expanded_score,0,0.022334470685350206
GSE25055,GSM615233,0,4,expanded_score,0,0.007266392388798664
GSE25055,GSM615234,0,4,expanded_score,0,0.09784717822262651
GSE25055,GSM615235,0,4,expanded_score,0,0.11714372834473567
GSE25055,GSM615236,0,1,expanded_score,0,0.06543414873626516
GSE25055,GSM615237,0,0,expanded_score,0,0.03826702291893795
GSE25055,GSM615238,0,4,expanded_score,0,0.03653562804193086
GSE25055,GSM615239,0,4,expanded_score,0,0.11496553418385934
GSE25055,GSM615240,0,4,expanded_score,1,0.14653730364835335
GSE25055,GSM615241,0,4,expanded_score,0,0.041887309908681634
GSE25055,GSM615242,0,2,expanded_score,1,0.3673740122396069
GSE25055,GSM615243,0,2,expanded_score,0,0.030407576108527495
GSE25055,GSM615244,0,3,expanded_score,0,0.3746433498578
GSE25055,GSM615245,0,3,expanded_score,0,0.09496121452818677
GSE25055,GSM615246,0,3,expanded_score,0,0.06569627988624312
GSE25055,GSM615247,0,4,expanded_score,0,0.1426730486021407
GSE25055,GSM615248,0,3,expanded_score,0,0.15418085146892052
GSE25055,GSM615249,0,4,expanded_score,0,0.04384022817173825
GSE25055,GSM615250,0,1,expanded_score,0,0.6590445861716939
GSE25055,GSM615251,0,1,expanded_score,0,0.5375643023803218
GSE25055,GSM615252,0,1,expanded_score,0,0.006021722118419248
GSE25055,GSM615253,0,2,expanded_score,0,0.10074800670303358
GSE25055,GSM615254,0,1,expanded_score,0,0.017847238216754917
GSE25055,GSM615255,0,3,expanded_score,0,0.243405808866994
GSE25055,GSM615256,0,3,expanded_score,1,0.1608071183897998
GSE25055,GSM615257,0,0,expanded_score,0,0.0112311123076942
GSE25055,GSM615258,0,1,expanded_score,0,0.03090690302467685
GSE25055,GSM615259,0,3,expanded_score,0,0.023698117407300264
GSE25055,GSM615260,0,2,expanded_score,0,0.4835044770379943
GSE25055,GSM615261,0,3,expanded_score,0,0.05476761708080922
GSE25055,GSM615262,0,3,expanded_score,0,0.019869038975413696
GSE25055,GSM615263,0,3,expanded_score,1,0.2596718786413047
GSE25055,GSM615264,0,3,expanded_score,1,0.277943538438428
GSE25055,GSM615265,0,4,expanded_score,0,0.15808047735712846
GSE25055,GSM615266,0,4,expanded_score,0,0.040624503017379056
GSE25055,GSM615267,0,2,expanded_score,0,0.08005804302318681
GSE25055,GSM615268,0,0,expanded_score,0,0.10535778411455335
GSE25055,GSM615269,0,0,expanded_score,0,0.05492849933530572
GSE25055,GSM615270,0,3,expanded_score,1,0.37265937609599675
GSE25055,GSM615271,0,2,expanded_score,0,0.15521914585434593
GSE25055,GSM615272,0,3,expanded_score,0,0.03585204230549505
GSE25055,GSM615273,0,2,expanded_score,0,0.09115373239429013
GSE25055,GSM615274,0,1,expanded_score,0,0.13935776955119342
GSE25055,GSM615275,0,4,expanded_score,0,0.24887850447464477
GSE25055,GSM615276,0,0,expanded_score,0,0.25251580120784406
GSE25055,GSM615277,0,2,expanded_score,0,0.060893353717742564
GSE25055,GSM615278,0,2,expanded_score,0,0.11135941135109201
GSE25055,GSM615279,0,4,expanded_score,0,0.04461752825328702
GSE25055,GSM615280,0,4,expanded_score,1,0.1860086896557835
GSE25055,GSM615281,0,3,expanded_score,0,0.08051107126339334
GSE25055,GSM615282,0,2,expanded_score,0,0.035487056515713024
GSE25055,GSM615283,0,4,expanded_score,0,0.09639336000182416
GSE25055,GSM615284,0,0,expanded_score,1,0.31667008819999326
GSE25055,GSM615285,0,3,expanded_score,0,0.05773069620243926
GSE25055,GSM615286,0,3,expanded_score,0,0.1462287198019675
GSE25055,GSM615287,0,2,expanded_score,0,0.18060924095168615
GSE25055,GSM615288,0,2,expanded_score,0,0.6051939098692952
GSE25055,GSM615289,0,1,expanded_score,0,0.06665491357405069
GSE25055,GSM615290,0,0,expanded_score,0,0.09614862928820246
GSE25055,GSM615291,0,2,expanded_score,1,0.3331963591096064
GSE25055,GSM615292,0,1,expanded_score,0,0.026244614522588645
GSE25055,GSM615293,0,2,expanded_score,1,0.7356447115435758
GSE25055,GSM615294,0,0,expanded_score,0,0.21687538033715
GSE25055,GSM615295,0,3,expanded_score,0,0.1548335832543036
GSE25055,GSM615296,0,2,expanded_score,0,0.03188890924681032
GSE25055,GSM615297,0,3,expanded_score,0,0.5147227208063282
GSE25055,GSM615298,0,0,expanded_score,0,0.06465125545353986
GSE25055,GSM615299,0,1,expanded_score,0,0.02182560162120013
GSE25055,GSM615300,0,4,expanded_score,1,0.24188925303798786
GSE25055,GSM615301,0,1,expanded_score,0,0.20314364794339082
GSE25055,GSM615302,0,2,expanded_score,0,0.08522981013243887
GSE25055,GSM615303,0,2,expanded_score,0,0.16284117435289874
GSE25055,GSM615304,0,3,expanded_score,0,0.09111522385750638
GSE25055,GSM615305,0,2,expanded_score,0,0.07868905387592236
GSE25055,GSM615306,0,1,expanded_score,0,0.009677823391442256
GSE25055,GSM615307,0,0,expanded_score,1,0.686860829659248
GSE25055,GSM615308,0,4,expanded_score,0,0.05250749876372375
GSE25055,GSM615309,0,2,expanded_score,0,0.04850202724964234
GSE25055,GSM615310,0,1,expanded_score,1,0.3268502779079048
GSE25055,GSM615311,0,0,expanded_score,0,0.03718827584545255
GSE25055,GSM615312,0,0,expanded_score,0,0.13965964284414029
GSE25055,GSM615313,0,3,expanded_score,0,0.026589108504170015
GSE25055,GSM615314,0,0,expanded_score,0,0.023687658157331398
GSE25055,GSM615315,0,4,expanded_score,0,0.5171910078564764
GSE25055,GSM615316,0,3,expanded_score,0,0.05946266850256611
GSE25055,GSM615317,0,2,expanded_score,0,0.4591157493846468
GSE25055,GSM615318,0,1,expanded_score,0,0.009878034072854097
GSE25055,GSM615319,0,2,expanded_score,0,0.22594935782325193
GSE25055,GSM615320,0,2,expanded_score,0,0.6106528475331775
GSE25055,GSM615321,0,1,expanded_score,0,0.47960831600183335
GSE25055,GSM615322,0,4,expanded_score,0,0.3879974585630419
GSE25055,GSM615323,0,1,expanded_score,0,0.11887390514954234
GSE25055,GSM615324,0,0,expanded_score,1,0.6274914291598744
GSE25055,GSM615325,0,0,expanded_score,1,0.5655135922509812
GSE25055,GSM615326,0,2,expanded_score,0,0.41537197221657907
GSE25055,GSM615327,0,1,expanded_score,0,0.296497028094701
GSE25055,GSM615328,0,0,expanded_score,0,0.029731669259175704
GSE25055,GSM615329,0,0,expanded_score,0,0.04071990896864922
GSE25055,GSM615330,0,3,expanded_score,0,0.16356641343123263
GSE25055,GSM615331,0,4,expanded_score,1,0.04900334212746723
GSE25055,GSM615332,0,4,expanded_score,0,0.08791827524723667
GSE25055,GSM615333,0,2,expanded_score,0,0.19545353384182346
GSE25055,GSM615334,0,0,expanded_score,1,0.46189338349306536
GSE25055,GSM615335,0,3,expanded_score,0,0.4394003426570768
GSE25055,GSM615336,0,4,expanded_score,1,0.5356475092494414
GSE25055,GSM615337,0,4,expanded_score,0,0.052609844252780265
GSE25055,GSM615338,0,0,expanded_score,1,0.3158729234481029
GSE25055,GSM615339,0,1,expanded_score,0,0.009570441716364677
GSE25055,GSM615340,0,4,expanded_score,0,0.04958494832905428
GSE25055,GSM615341,0,1,expanded_score,0,0.015165401087584676
GSE25055,GSM615342,0,4,expanded_score,0,0.15949653871132666
GSE25055,GSM615343,0,1,expanded_score,0,0.21558436903524855
GSE25055,GSM615344,0,3,expanded_score,0,0.27234360523125367
GSE25055,GSM615345,0,4,expanded_score,0,0.059207715461572004
GSE25055,GSM615346,0,1,expanded_score,0,0.5715464013121972
GSE25055,GSM615347,0,1,expanded_score,0,0.4070989158227549
GSE25055,GSM615348,0,0,expanded_score,0,0.40288168990677625
GSE25055,GSM615349,0,2,expanded_score,0,0.040930192973179236
GSE25055,GSM615350,0,0,expanded_score,0,0.13319862362392107
GSE25055,GSM615351,0,0,expanded_score,0,0.03722383410448524
GSE25055,GSM615352,0,2,expanded_score,0,0.006898691338137765
GSE25055,GSM615353,0,0,expanded_score,1,0.1141405623507256
GSE25055,GSM615354,0,2,expanded_score,1,0.258248445055086
GSE25055,GSM615355,0,1,expanded_score,0,0.03375211914919747
GSE25055,GSM615356,0,2,expanded_score,0,0.25301488803721184
GSE25055,GSM615357,0,2,expanded_score,1,0.5189293605790543
GSE25055,GSM615358,0,1,expanded_score,0,0.0060652628043225435
GSE25055,GSM615359,0,1,expanded_score,1,0.39679432554723476
GSE25055,GSM615360,0,2,expanded_score,0,0.045082504390401595
GSE25055,GSM615361,0,0,expanded_score,0,0.13937607670668675
GSE25055,GSM615362,0,4,expanded_score,0,0.01464136095326299
GSE25055,GSM615363,0,3,expanded_score,0,0.311594024335231
GSE25055,GSM615364,0,2,expanded_score,0,0.5455679224832272
GSE25055,GSM615365,0,2,expanded_score,0,0.040213749846555076
GSE25055,GSM615366,0,3,expanded_score,0,0.02200736095542682
GSE25055,GSM615367,0,4,expanded_score,0,0.0674643662461578
GSE25055,GSM615368,0,1,expanded_score,0,0.7239516451244125
GSE25055,GSM615369,0,0,expanded_score,0,0.2520753239299954
GSE25055,GSM615370,0,1,expanded_score,0,0.03267597745466649
GSE25055,GSM615371,0,0,expanded_score,1,0.2859625372856921
GSE25055,GSM615372,0,3,expanded_score,0,0.48106166898238856
GSE25055,GSM615373,0,0,expanded_score,0,0.1448726535333107
GSE25055,GSM615374,0,3,expanded_score,0,0.007563361697618485
GSE25055,GSM615375,0,3,expanded_score,1,0.44920660826855524
GSE25055,GSM615376,0,0,expanded_score,0,0.17795253938316857
GSE25055,GSM615377,0,4,expanded_score,0,0.008520950493889613
GSE25055,GSM615378,0,3,expanded_score,0,0.44812381559797526
GSE25055,GSM615379,0,4,expanded_score,1,0.14354839353867144
GSE25055,GSM615380,0,2,expanded_score,0,0.5296462293684969
GSE25055,GSM615381,0,1,expanded_score,0,0.008774515543220215
GSE25055,GSM615382,0,3,expanded_score,0,0.2163661362402504
GSE25055,GSM615383,0,1,expanded_score,1,0.01220491728613607
GSE25055,GSM615384,0,3,expanded_score,0,0.2458757827438713
GSE25055,GSM615385,0,0,expanded_score,0,0.12827261316546856
GSE25055,GSM615386,0,0,expanded_score,0,0.025567805348266304
GSE25055,GSM615387,0,1,expanded_score,0,0.36961788576064863
GSE25055,GSM615388,0,4,expanded_score,0,0.028654330881412518
GSE25055,GSM615389,0,0,expanded_score,0,0.060885000078701894
GSE25055,GSM615390,0,0,expanded_score,0,0.45325123495344044
GSE25055,GSM615391,0,0,expanded_score,0,0.030416035914269814
GSE25055,GSM615392,0,3,expanded_score,0,0.2520925086082898
GSE25055,GSM615393,0,2,expanded_score,1,0.20625811934472263
GSE25055,GSM615394,0,1,expanded_score,1,0.2944836998677531
GSE25055,GSM615395,0,2,expanded_score,0,0.027505025081298158
GSE25055,GSM615396,0,0,expanded_score,1,0.43352285757072695
GSE25055,GSM615397,0,4,expanded_score,1,0.2799178735495738
GSE25055,GSM615398,0,1,expanded_score,0,0.04319529168311046
GSE25055,GSM615399,0,3,expanded_score,0,0.03162133148438906
GSE25055,GSM615400,0,0,expanded_score,0,0.038738560827571045
GSE25055,GSM615401,0,4,expanded_score,0,0.0744875150239133
GSE25055,GSM615402,0,2,expanded_score,0,0.02480456957875205
GSE25055,GSM615403,0,0,expanded_score,0,0.2506588061035528
GSE25055,GSM615404,0,2,expanded_score,0,0.08329833564567439
GSE25055,GSM615405,0,0,expanded_score,0,0.36536188272834624
GSE25055,GSM615096,0,3,expanded_pam50,0,0.05219097358239674
GSE25055,GSM615097,0,0,expanded_pam50,0,0.06349081148366648
GSE25055,GSM615098,0,1,expanded_pam50,0,0.36510328790779595
GSE25055,GSM615099,0,3,expanded_pam50,1,0.5017126191698225
GSE25055,GSM615100,0,4,expanded_pam50,0,0.05020708835456903
GSE25055,GSM615101,0,4,expanded_pam50,0,0.1968868438849794
GSE25055,GSM615102,0,0,expanded_pam50,0,0.42505840604447975
GSE25055,GSM615104,0,3,expanded_pam50,0,0.3711219083630901
GSE25055,GSM615106,0,1,expanded_pam50,0,0.36480543693046513
GSE25055,GSM615107,0,2,expanded_pam50,0,0.3665732730025687
GSE25055,GSM615108,0,3,expanded_pam50,0,0.002321852612130758
GSE25055,GSM615109,0,4,expanded_pam50,0,0.31586250445764236
GSE25055,GSM615111,0,3,expanded_pam50,0,0.2619545841389309
GSE25055,GSM615112,0,4,expanded_pam50,0,0.2941364488579377
GSE25055,GSM615113,0,4,expanded_pam50,0,0.4785334475975899
GSE25055,GSM615114,0,0,expanded_pam50,0,0.041990304052334476
GSE25055,GSM615115,0,0,expanded_pam50,0,0.21564267531677034
GSE25055,GSM615116,0,1,expanded_pam50,0,0.8069686253894215
GSE25055,GSM615117,0,3,expanded_pam50,0,0.13443124041324292
GSE25055,GSM615120,0,2,expanded_pam50,0,0.011281955322400877
GSE25055,GSM615121,0,4,expanded_pam50,0,0.21891126529452104
GSE25055,GSM615122,0,1,expanded_pam50,1,0.012418061884684407
GSE25055,GSM615123,0,1,expanded_pam50,1,0.09555348597839865
GSE25055,GSM615124,0,2,expanded_pam50,0,0.04107670636509275
GSE25055,GSM615125,0,1,expanded_pam50,0,0.03739985348543412
GSE25055,GSM615126,0,3,expanded_pam50,0,0.03540950173526417
GSE25055,GSM615127,0,2,expanded_pam50,0,0.047305797930466596
GSE25055,GSM615128,0,0,expanded_pam50,0,0.06443750964970478
GSE25055,GSM615129,0,0,expanded_pam50,0,0.08909526094527644
GSE25055,GSM615130,0,1,expanded_pam50,0,0.016953181148001484
GSE25055,GSM615131,0,1,expanded_pam50,0,0.027851358918583657
GSE25055,GSM615132,0,4,expanded_pam50,0,0.032906697357931156
GSE25055,GSM615133,0,0,expanded_pam50,0,0.02684447213176238
GSE25055,GSM615134,0,2,expanded_pam50,0,0.027796463893095227
GSE25055,GSM615135,0,4,expanded_pam50,0,0.32063880938458206
GSE25055,GSM615136,0,1,expanded_pam50,0,0.32937392533923143
GSE25055,GSM615137,0,3,expanded_pam50,1,0.22791348719639123
GSE25055,GSM615138,0,4,expanded_pam50,0,0.11440845056595396
GSE25055,GSM615139,0,4,expanded_pam50,1,0.2578256543147125
GSE25055,GSM615140,0,3,expanded_pam50,1,0.007823929865159241
GSE25055,GSM615142,0,0,expanded_pam50,0,0.05865901930822492
GSE25055,GSM615143,0,3,expanded_pam50,1,0.28661758116921565
GSE25055,GSM615144,0,4,expanded_pam50,0,0.023857754796228425
GSE25055,GSM615145,0,0,expanded_pam50,0,0.30393362866677304
GSE25055,GSM615146,0,2,expanded_pam50,1,0.43472614744263616
GSE25055,GSM615147,0,4,expanded_pam50,0,0.06260719460476523
GSE25055,GSM615148,0,2,expanded_pam50,0,0.3603289648766817
GSE25055,GSM615149,0,3,expanded_pam50,0,0.37838448968856386
GSE25055,GSM615150,0,1,expanded_pam50,0,0.009889048552485362
GSE25055,GSM615151,0,2,expanded_pam50,0,0.2150494568384483
GSE25055,GSM615153,0,3,expanded_pam50,0,0.02790463402434996
GSE25055,GSM615154,0,2,expanded_pam50,1,0.4639548961553233
GSE25055,GSM615155,0,2,expanded_pam50,0,0.1442887096045868
GSE25055,GSM615156,0,4,expanded_pam50,0,0.5047342050032169
GSE25055,GSM615157,0,0,expanded_pam50,0,0.15813232393798463
GSE25055,GSM615158,0,3,expanded_pam50,0,0.013926226052433906
GSE25055,GSM615159,0,4,expanded_pam50,0,0.24946706200769236
GSE25055,GSM615160,0,4,expanded_pam50,0,0.4301616037901524
GSE25055,GSM615162,0,3,expanded_pam50,0,0.014058648987840823
GSE25055,GSM615164,0,4,expanded_pam50,1,0.29808953102459174
GSE25055,GSM615165,0,3,expanded_pam50,0,0.077698990808116
GSE25055,GSM615166,0,4,expanded_pam50,0,0.035875353534163816
GSE25055,GSM615167,0,2,expanded_pam50,1,0.16765396360514756
GSE25055,GSM615168,0,4,expanded_pam50,0,0.06712017363241655
GSE25055,GSM615169,0,4,expanded_pam50,0,0.37366253385691317
GSE25055,GSM615170,0,2,expanded_pam50,0,0.03168428112568135
GSE25055,GSM615171,0,1,expanded_pam50,1,0.5180708839208622
GSE25055,GSM615172,0,1,expanded_pam50,0,0.010227616616352542
GSE25055,GSM615173,0,2,expanded_pam50,0,0.18866567860881742
GSE25055,GSM615174,0,4,expanded_pam50,0,0.19736380883732244
GSE25055,GSM615175,0,0,expanded_pam50,1,0.3548703799033308
GSE25055,GSM615176,0,2,expanded_pam50,0,0.015082309362417876
GSE25055,GSM615177,0,1,expanded_pam50,0,0.03411064321005232
GSE25055,GSM615178,0,4,expanded_pam50,0,0.4249450751125595
GSE25055,GSM615179,0,3,expanded_pam50,0,0.03293226283429864
GSE25055,GSM615180,0,0,expanded_pam50,0,0.04012198141493565
GSE25055,GSM615181,0,1,expanded_pam50,1,0.3734014817176615
GSE25055,GSM615182,0,1,expanded_pam50,0,0.29339974086106535
GSE25055,GSM615183,0,1,expanded_pam50,0,0.01912745387008365
GSE25055,GSM615184,0,1,expanded_pam50,0,0.3909869417717478
GSE25055,GSM615185,0,1,expanded_pam50,0,0.4980147115457797
GSE25055,GSM615186,0,1,expanded_pam50,1,0.0027628539115698947
GSE25055,GSM615187,0,2,expanded_pam50,0,0.037014858830633365
GSE25055,GSM615188,0,3,expanded_pam50,0,0.14132790440961304
GSE25055,GSM615189,0,1,expanded_pam50,0,0.32812395825797813
GSE25055,GSM615190,0,1,expanded_pam50,0,0.4995028915279657
GSE25055,GSM615191,0,0,expanded_pam50,1,0.33371923375359497
GSE25055,GSM615192,0,2,expanded_pam50,0,0.04540634721456374
GSE25055,GSM615193,0,4,expanded_pam50,1,0.38484715830128885
GSE25055,GSM615194,0,0,expanded_pam50,1,0.24150708476750313
GSE25055,GSM615195,0,3,expanded_pam50,0,0.31876483287981155
GSE25055,GSM615196,0,4,expanded_pam50,0,0.08981110108592603
GSE25055,GSM615197,0,3,expanded_pam50,0,0.344568959421023
GSE25055,GSM615198,0,1,expanded_pam50,0,0.010738078919786129
GSE25055,GSM615199,0,0,expanded_pam50,0,0.058273013432357704
GSE25055,GSM615200,0,0,expanded_pam50,0,0.16646131931326416
GSE25055,GSM615201,0,2,expanded_pam50,1,0.11811130588136395
GSE25055,GSM615202,0,3,expanded_pam50,1,0.3413444969402298
GSE25055,GSM615203,0,3,expanded_pam50,0,0.021600517126695445
GSE25055,GSM615204,0,3,expanded_pam50,0,0.05779527544146661
GSE25055,GSM615205,0,2,expanded_pam50,0,0.05981098028892418
GSE25055,GSM615206,0,2,expanded_pam50,0,0.09002133232776642
GSE25055,GSM615207,0,0,expanded_pam50,0,0.051890579903632036
GSE25055,GSM615208,0,3,expanded_pam50,0,0.03549612160810762
GSE25055,GSM615209,0,1,expanded_pam50,1,0.4614638674833891
GSE25055,GSM615210,0,0,expanded_pam50,0,0.05106944365141046
GSE25055,GSM615211,0,3,expanded_pam50,1,0.5204279490883928
GSE25055,GSM615212,0,4,expanded_pam50,1,0.33631033935610855
GSE25055,GSM615213,0,2,expanded_pam50,1,0.3180231059473292
GSE25055,GSM615214,0,1,expanded_pam50,0,0.0164019318685483
GSE25055,GSM615215,0,1,expanded_pam50,1,0.4619601380819568
GSE25055,GSM615216,0,1,expanded_pam50,0,0.0289269143248538
GSE25055,GSM615217,0,0,expanded_pam50,0,0.042657083372548275
GSE25055,GSM615218,0,1,expanded_pam50,0,0.24472342952750334
GSE25055,GSM615219,0,3,expanded_pam50,0,0.15226645172419206
GSE25055,GSM615220,0,1,expanded_pam50,0,0.0796384120412148
GSE25055,GSM615221,0,4,expanded_pam50,0,0.07548252320527085
GSE25055,GSM615222,0,0,expanded_pam50,0,0.05833760574856923
GSE25055,GSM615223,0,4,expanded_pam50,0,0.3249952100373536
GSE25055,GSM615224,0,0,expanded_pam50,0,0.042657083372548275
GSE25055,GSM615225,0,0,expanded_pam50,0,0.2452159457591341
GSE25055,GSM615226,0,0,expanded_pam50,0,0.05451528767189927
GSE25055,GSM615227,0,4,expanded_pam50,0,0.08012738783765978
GSE25055,GSM615228,0,2,expanded_pam50,0,0.23892018507705823
GSE25055,GSM615229,0,2,expanded_pam50,0,0.06381608317213976
GSE25055,GSM615230,0,0,expanded_pam50,0,0.1544353193862191
GSE25055,GSM615231,0,2,expanded_pam50,0,0.034985796630961866
GSE25055,GSM615232,0,3,expanded_pam50,0,0.03293226283429864
GSE25055,GSM615233,0,4,expanded_pam50,0,0.017240359709753402
GSE25055,GSM615234,0,4,expanded_pam50,0,0.18461930920505276
GSE25055,GSM615235,0,4,expanded_pam50,0,0.058993670916669655
GSE25055,GSM615236,0,1,expanded_pam50,0,0.038186395823754916
GSE25055,GSM615237,0,0,expanded_pam50,0,0.04893807991328077
GSE25055,GSM615238,0,4,expanded_pam50,0,0.12567494072112628
GSE25055,GSM615239,0,4,expanded_pam50,0,0.08491784303583723
GSE25055,GSM615240,0,4,expanded_pam50,1,0.44841261918842057
GSE25055,GSM615241,0,4,expanded_pam50,0,0.027105620214192747
GSE25055,GSM615242,0,2,expanded_pam50,1,0.33996903566955833
GSE25055,GSM615243,0,2,expanded_pam50,0,0.04858638169283777
GSE25055,GSM615244,0,3,expanded_pam50,0,0.5828462018742689
GSE25055,GSM615245,0,3,expanded_pam50,0,0.05335297600571472
GSE25055,GSM615246,0,3,expanded_pam50,0,0.04777191166235208
GSE25055,GSM615247,0,4,expanded_pam50,0,0.166638128678482
GSE25055,GSM615248,0,3,expanded_pam50,0,0.1236939838244981
GSE25055,GSM615249,0,4,expanded_pam50,0,0.06419452077863032
GSE25055,GSM615250,0,1,expanded_pam50,0,0.49995048516310964
GSE25055,GSM615251,0,1,expanded_pam50,0,0.5141197844978751
GSE25055,GSM615252,0,1,expanded_pam50,0,0.0062660541721811115
GSE25055,GSM615253,0,2,expanded_pam50,0,0.08538449728003965
GSE25055,GSM615254,0,1,expanded_pam50,0,0.014759496181141458
GSE25055,GSM615255,0,3,expanded_pam50,0,0.2913980787488473
GSE25055,GSM615256,0,3,expanded_pam50,1,0.1304956552807702
GSE25055,GSM615257,0,0,expanded_pam50,0,0.030633249057297095
GSE25055,GSM615258,0,1,expanded_pam50,0,0.03703884480963341
GSE25055,GSM615259,0,3,expanded_pam50,0,0.030551738170906867
GSE25055,GSM615260,0,2,expanded_pam50,0,0.413957823928222
GSE25055,GSM615261,0,3,expanded_pam50,0,0.04602957915425106
GSE25055,GSM615262,0,3,expanded_pam50,0,0.022158334365387167
GSE25055,GSM615263,0,3,expanded_pam50,1,0.15451484531324206
GSE25055,GSM615264,0,3,expanded_pam50,1,0.4272910548483112
GSE25055,GSM615265,0,4,expanded_pam50,0,0.3001941541675575
GSE25055,GSM615266,0,4,expanded_pam50,0,0.018276986115995424
GSE25055,GSM615267,0,2,expanded_pam50,0,0.07373391718355772
GSE25055,GSM615268,0,0,expanded_pam50,0,0.06969003753704861
GSE25055,GSM615269,0,0,expanded_pam50,0,0.0731704612916582
GSE25055,GSM615270,0,3,expanded_pam50,1,0.2940719951875894
GSE25055,GSM615271,0,2,expanded_pam50,0,0.08174725851931135
GSE25055,GSM615272,0,3,expanded_pam50,0,0.04417055232472574
GSE25055,GSM615273,0,2,expanded_pam50,0,0.0542762825552987
GSE25055,GSM615274,0,1,expanded_pam50,0,0.07426011202604842
GSE25055,GSM615275,0,4,expanded_pam50,0,0.12763822770332625
GSE25055,GSM615276,0,0,expanded_pam50,0,0.32026582004892246
GSE25055,GSM615277,0,2,expanded_pam50,0,0.05283625318208571
GSE25055,GSM615278,0,2,expanded_pam50,0,0.11530881173371882
GSE25055,GSM615279,0,4,expanded_pam50,0,0.08363025108019775
GSE25055,GSM615280,0,4,expanded_pam50,1,0.0841106156272662
GSE25055,GSM615281,0,3,expanded_pam50,0,0.08121175128288391
GSE25055,GSM615282,0,2,expanded_pam50,0,0.034935470874517656
GSE25055,GSM615283,0,4,expanded_pam50,0,0.0566521200643304
GSE25055,GSM615284,0,0,expanded_pam50,1,0.28523166116751225
GSE25055,GSM615285,0,3,expanded_pam50,0,0.08384709744531486
GSE25055,GSM615286,0,3,expanded_pam50,0,0.09506368479290804
GSE25055,GSM615287,0,2,expanded_pam50,0,0.12248472558378476
GSE25055,GSM615288,0,2,expanded_pam50,0,0.5486760791560393
GSE25055,GSM615289,0,1,expanded_pam50,0,0.035479217179658726
GSE25055,GSM615290,0,0,expanded_pam50,0,0.06827079014033251
GSE25055,GSM615291,0,2,expanded_pam50,1,0.40059807646087864
GSE25055,GSM615292,0,1,expanded_pam50,0,0.015279563039345308
GSE25055,GSM615293,0,2,expanded_pam50,1,0.4986960969130146
GSE25055,GSM615294,0,0,expanded_pam50,0,0.19861883792486118
GSE25055,GSM615295,0,3,expanded_pam50,0,0.1684992777319449
GSE25055,GSM615296,0,2,expanded_pam50,0,0.023667149195543413
GSE25055,GSM615297,0,3,expanded_pam50,0,0.44638519239500496
GSE25055,GSM615298,0,0,expanded_pam50,0,0.05605664578252092
GSE25055,GSM615299,0,1,expanded_pam50,0,0.02461228431248107
GSE25055,GSM615300,0,4,expanded_pam50,1,0.3972829126942299
GSE25055,GSM615301,0,1,expanded_pam50,0,0.2257567892465637
GSE25055,GSM615302,0,2,expanded_pam50,0,0.08647935123629928
GSE25055,GSM615303,0,2,expanded_pam50,0,0.1944910259306613
GSE25055,GSM615304,0,3,expanded_pam50,0,0.15393925141713427
GSE25055,GSM615305,0,2,expanded_pam50,0,0.07499968965753459
GSE25055,GSM615306,0,1,expanded_pam50,0,0.007802638735235533
GSE25055,GSM615307,0,0,expanded_pam50,1,0.46653866476987166
GSE25055,GSM615308,0,4,expanded_pam50,0,0.1665559257465701
GSE25055,GSM615309,0,2,expanded_pam50,0,0.07011388412513554
GSE25055,GSM615310,0,1,expanded_pam50,1,0.15978941843565203
GSE25055,GSM615311,0,0,expanded_pam50,0,0.05178132888932843
GSE25055,GSM615312,0,0,expanded_pam50,0,0.16275288435124785
GSE25055,GSM615313,0,3,expanded_pam50,0,0.034333186100521676
GSE25055,GSM615314,0,0,expanded_pam50,0,0.030437368384227424
GSE25055,GSM615315,0,4,expanded_pam50,0,0.3863967611903603
GSE25055,GSM615316,0,3,expanded_pam50,0,0.1026289850458291
GSE25055,GSM615317,0,2,expanded_pam50,0,0.44213395293147056
GSE25055,GSM615318,0,1,expanded_pam50,0,0.009451420902029993
GSE25055,GSM615319,0,2,expanded_pam50,0,0.387034140984656
GSE25055,GSM615320,0,2,expanded_pam50,0,0.46678238803620464
GSE25055,GSM615321,0,1,expanded_pam50,0,0.48775786257832565
GSE25055,GSM615322,0,4,expanded_pam50,0,0.2832266331492292
GSE25055,GSM615323,0,1,expanded_pam50,0,0.2880119190293214
GSE25055,GSM615324,0,0,expanded_pam50,1,0.4313383339097753
GSE25055,GSM615325,0,0,expanded_pam50,1,0.4618215913353244
GSE25055,GSM615326,0,2,expanded_pam50,0,0.23513336033675183
GSE25055,GSM615327,0,1,expanded_pam50,0,0.27280336653680676
GSE25055,GSM615328,0,0,expanded_pam50,0,0.03419151039940904
GSE25055,GSM615329,0,0,expanded_pam50,0,0.05291163794615974
GSE25055,GSM615330,0,3,expanded_pam50,0,0.3175525529964756
GSE25055,GSM615331,0,4,expanded_pam50,1,0.13205969321431554
GSE25055,GSM615332,0,4,expanded_pam50,0,0.07926432557516173
GSE25055,GSM615333,0,2,expanded_pam50,0,0.24682422155185205
GSE25055,GSM615334,0,0,expanded_pam50,1,0.28138082307868617
GSE25055,GSM615335,0,3,expanded_pam50,0,0.46881997440941225
GSE25055,GSM615336,0,4,expanded_pam50,1,0.4426564537819036
GSE25055,GSM615337,0,4,expanded_pam50,0,0.05362403017619353
GSE25055,GSM615338,0,0,expanded_pam50,1,0.34340996788936107
GSE25055,GSM615339,0,1,expanded_pam50,0,0.010552940928982625
GSE25055,GSM615340,0,4,expanded_pam50,0,0.06930106092641278
GSE25055,GSM615341,0,1,expanded_pam50,0,0.015279563039345308
GSE25055,GSM615342,0,4,expanded_pam50,0,0.17444127750123345
GSE25055,GSM615343,0,1,expanded_pam50,0,0.2361720798729315
GSE25055,GSM615344,0,3,expanded_pam50,0,0.3225288261000333
GSE25055,GSM615345,0,4,expanded_pam50,0,0.20630057332544877
GSE25055,GSM615346,0,1,expanded_pam50,0,0.5228968888108703
GSE25055,GSM615347,0,1,expanded_pam50,0,0.35040836779142376
GSE25055,GSM615348,0,0,expanded_pam50,0,0.40074911099531607
GSE25055,GSM615349,0,2,expanded_pam50,0,0.046026077127268736
GSE25055,GSM615350,0,0,expanded_pam50,0,0.1356833341533771
GSE25055,GSM615351,0,0,expanded_pam50,0,0.025998203748750687
GSE25055,GSM615352,0,2,expanded_pam50,0,0.015304421331817253
GSE25055,GSM615353,0,0,expanded_pam50,1,0.12311338033942083
GSE25055,GSM615354,0,2,expanded_pam50,1,0.23694776007450888
GSE25055,GSM615355,0,1,expanded_pam50,0,0.012775408715225462
GSE25055,GSM615356,0,2,expanded_pam50,0,0.28213711549550213
GSE25055,GSM615357,0,2,expanded_pam50,1,0.421226659840856
GSE25055,GSM615358,0,1,expanded_pam50,0,0.009322490968398711
GSE25055,GSM615359,0,1,expanded_pam50,1,0.2613311111387996
GSE25055,GSM615360,0,2,expanded_pam50,0,0.05074370006919017
GSE25055,GSM615361,0,0,expanded_pam50,0,0.1486593647857297
GSE25055,GSM615362,0,4,expanded_pam50,0,0.01351663067627076
GSE25055,GSM615363,0,3,expanded_pam50,0,0.4559451539485897
GSE25055,GSM615364,0,2,expanded_pam50,0,0.48804413809912883
GSE25055,GSM615365,0,2,expanded_pam50,0,0.044321662643159475
GSE25055,GSM615366,0,3,expanded_pam50,0,0.02106620474127782
GSE25055,GSM615367,0,4,expanded_pam50,0,0.1326483675060959
GSE25055,GSM615368,0,1,expanded_pam50,0,0.5836448764413797
GSE25055,GSM615369,0,0,expanded_pam50,0,0.37655653650072984
GSE25055,GSM615370,0,1,expanded_pam50,0,0.015458619434479813
GSE25055,GSM615371,0,0,expanded_pam50,1,0.29864250555564514
GSE25055,GSM615372,0,3,expanded_pam50,0,0.507523792638264
GSE25055,GSM615373,0,0,expanded_pam50,0,0.11920784271751338
GSE25055,GSM615374,0,3,expanded_pam50,0,0.00925939544102836
GSE25055,GSM615375,0,3,expanded_pam50,1,0.2528438116805754
GSE25055,GSM615376,0,0,expanded_pam50,0,0.2656887890186431
GSE25055,GSM615377,0,4,expanded_pam50,0,0.030130393022432804
GSE25055,GSM615378,0,3,expanded_pam50,0,0.5010668759463395
GSE25055,GSM615379,0,4,expanded_pam50,1,0.23839001328707562
GSE25055,GSM615380,0,2,expanded_pam50,0,0.35934726429493274
GSE25055,GSM615381,0,1,expanded_pam50,0,0.01728233368769304
GSE25055,GSM615382,0,3,expanded_pam50,0,0.38373573329419985
GSE25055,GSM615383,0,1,expanded_pam50,1,0.011918299063720578
GSE25055,GSM615384,0,3,expanded_pam50,0,0.34035278895449383
GSE25055,GSM615385,0,0,expanded_pam50,0,0.28171898703027626
GSE25055,GSM615386,0,0,expanded_pam50,0,0.0470309943154217
GSE25055,GSM615387,0,1,expanded_pam50,0,0.5404033767428539
GSE25055,GSM615388,0,4,expanded_pam50,0,0.028814520360932752
GSE25055,GSM615389,0,0,expanded_pam50,0,0.04919090088373964
GSE25055,GSM615390,0,0,expanded_pam50,0,0.3960536659258301
GSE25055,GSM615391,0,0,expanded_pam50,0,0.053543165538043336
GSE25055,GSM615392,0,3,expanded_pam50,0,0.22716433739649652
GSE25055,GSM615393,0,2,expanded_pam50,1,0.34959605452049347
GSE25055,GSM615394,0,1,expanded_pam50,1,0.3913938090139321
GSE25055,GSM615395,0,2,expanded_pam50,0,0.046859656276347084
GSE25055,GSM615396,0,0,expanded_pam50,1,0.4154987902014692
GSE25055,GSM615397,0,4,expanded_pam50,1,0.22725438926745023
GSE25055,GSM615398,0,1,expanded_pam50,0,0.04896082554618664
GSE25055,GSM615399,0,3,expanded_pam50,0,0.028496279945150797
GSE25055,GSM615400,0,0,expanded_pam50,0,0.03572626608019081
GSE25055,GSM615401,0,4,expanded_pam50,0,0.08393600712075679
GSE25055,GSM615402,0,2,expanded_pam50,0,0.023341110751851878
GSE25055,GSM615403,0,0,expanded_pam50,0,0.19615353152804343
GSE25055,GSM615404,0,2,expanded_pam50,0,0.1214478331852049
GSE25055,GSM615405,0,0,expanded_pam50,0,0.22848165776314747
GSE25055,GSM615096,0,3,expanded_pam50_score,0,0.046159485488027535
GSE25055,GSM615097,0,0,expanded_pam50_score,0,0.04900711384445194
GSE25055,GSM615098,0,1,expanded_pam50_score,0,0.4016340605009699
GSE25055,GSM615099,0,3,expanded_pam50_score,1,0.5805406089222277
GSE25055,GSM615100,0,4,expanded_pam50_score,0,0.10367657846903038
GSE25055,GSM615101,0,4,expanded_pam50_score,0,0.27208704655056937
GSE25055,GSM615102,0,0,expanded_pam50_score,0,0.44890020464565605
GSE25055,GSM615104,0,3,expanded_pam50_score,0,0.32284449338560967
GSE25055,GSM615106,0,1,expanded_pam50_score,0,0.21085365796977812
GSE25055,GSM615107,0,2,expanded_pam50_score,0,0.3717962635859586
GSE25055,GSM615108,0,3,expanded_pam50_score,0,0.0033940293279173792
GSE25055,GSM615109,0,4,expanded_pam50_score,0,0.4399549601882819
GSE25055,GSM615111,0,3,expanded_pam50_score,0,0.20598538007864287
GSE25055,GSM615112,0,4,expanded_pam50_score,0,0.35343352866223005
GSE25055,GSM615113,0,4,expanded_pam50_score,0,0.47976265284601644
GSE25055,GSM615114,0,0,expanded_pam50_score,0,0.03606279112857796
GSE25055,GSM615115,0,0,expanded_pam50_score,0,0.21017196060426455
GSE25055,GSM615116,0,1,expanded_pam50_score,0,0.673407483122877
GSE25055,GSM615117,0,3,expanded_pam50_score,0,0.1796462693388445
GSE25055,GSM615120,0,2,expanded_pam50_score,0,0.009874371739405464
GSE25055,GSM615121,0,4,expanded_pam50_score,0,0.10573736896121089
GSE25055,GSM615122,0,1,expanded_pam50_score,1,0.006642081920673889
GSE25055,GSM615123,0,1,expanded_pam50_score,1,0.23087878753971725
GSE25055,GSM615124,0,2,expanded_pam50_score,0,0.03379223382777415
GSE25055,GSM615125,0,1,expanded_pam50_score,0,0.02611552804982282
GSE25055,GSM615126,0,3,expanded_pam50_score,0,0.0382056475478098
GSE25055,GSM615127,0,2,expanded_pam50_score,0,0.06682107763307454
GSE25055,GSM615128,0,0,expanded_pam50_score,0,0.03821680301731772
GSE25055,GSM615129,0,0,expanded_pam50_score,0,0.05993898181876603
GSE25055,GSM615130,0,1,expanded_pam50_score,0,0.010022071386095975
GSE25055,GSM615131,0,1,expanded_pam50_score,0,0.02191717326975751
GSE25055,GSM615132,0,4,expanded_pam50_score,0,0.030144130095582467
GSE25055,GSM615133,0,0,expanded_pam50_score,0,0.025429150851553905
GSE25055,GSM615134,0,2,expanded_pam50_score,0,0.022157160250637166
GSE25055,GSM615135,0,4,expanded_pam50_score,0,0.29177203516198036
GSE25055,GSM615136,0,1,expanded_pam50_score,0,0.3705408977630659
GSE25055,GSM615137,0,3,expanded_pam50_score,1,0.19043255401596676
GSE25055,GSM615138,0,4,expanded_pam50_score,0,0.10084783682932397
GSE25055,GSM615139,0,4,expanded_pam50_score,1,0.4542417398872094
GSE25055,GSM615140,0,3,expanded_pam50_score,1,0.011922773554880837
GSE25055,GSM615142,0,0,expanded_pam50_score,0,0.04785237655151182
GSE25055,GSM615143,0,3,expanded_pam50_score,1,0.2735493426688229
GSE25055,GSM615144,0,4,expanded_pam50_score,0,0.026467047957171207
GSE25055,GSM615145,0,0,expanded_pam50_score,0,0.5072140493582443
GSE25055,GSM615146,0,2,expanded_pam50_score,1,0.4093725745772393
GSE25055,GSM615147,0,4,expanded_pam50_score,0,0.045708250239714095
GSE25055,GSM615148,0,2,expanded_pam50_score,0,0.33851490166026427
GSE25055,GSM615149,0,3,expanded_pam50_score,0,0.31847611677092336
GSE25055,GSM615150,0,1,expanded_pam50_score,0,0.005546845601088948
GSE25055,GSM615151,0,2,expanded_pam50_score,0,0.2779758969139105
GSE25055,GSM615153,0,3,expanded_pam50_score,0,0.035398275633653324
GSE25055,GSM615154,0,2,expanded_pam50_score,1,0.35064856037181397
GSE25055,GSM615155,0,2,expanded_pam50_score,0,0.18723380735759884
GSE25055,GSM615156,0,4,expanded_pam50_score,0,0.3394235741238949
GSE25055,GSM615157,0,0,expanded_pam50_score,0,0.08648592190187142
GSE25055,GSM615158,0,3,expanded_pam50_score,0,0.016687455101090876
GSE25055,GSM615159,0,4,expanded_pam50_score,0,0.06801668890681302
GSE25055,GSM615160,0,4,expanded_pam50_score,0,0.3575155488943598
GSE25055,GSM615162,0,3,expanded_pam50_score,0,0.01397258405840672
GSE25055,GSM615164,0,4,expanded_pam50_score,1,0.48876730229735543
GSE25055,GSM615165,0,3,expanded_pam50_score,0,0.07099303867200814
GSE25055,GSM615166,0,4,expanded_pam50_score,0,0.06786538678884926
GSE25055,GSM615167,0,2,expanded_pam50_score,1,0.11005799341029751
GSE25055,GSM615168,0,4,expanded_pam50_score,0,0.03242687407504259
GSE25055,GSM615169,0,4,expanded_pam50_score,0,0.35724004476567145
GSE25055,GSM615170,0,2,expanded_pam50_score,0,0.024477125365902113
GSE25055,GSM615171,0,1,expanded_pam50_score,1,0.38459272656224514
GSE25055,GSM615172,0,1,expanded_pam50_score,0,0.00836473161684879
GSE25055,GSM615173,0,2,expanded_pam50_score,0,0.11510712761591727
GSE25055,GSM615174,0,4,expanded_pam50_score,0,0.15867354920590868
GSE25055,GSM615175,0,0,expanded_pam50_score,1,0.40178218334170585
GSE25055,GSM615176,0,2,expanded_pam50_score,0,0.01523739350174751
GSE25055,GSM615177,0,1,expanded_pam50_score,0,0.0279471130832499
GSE25055,GSM615178,0,4,expanded_pam50_score,0,0.29614825420677465
GSE25055,GSM615179,0,3,expanded_pam50_score,0,0.037012723931335006
GSE25055,GSM615180,0,0,expanded_pam50_score,0,0.05180024440536062
GSE25055,GSM615181,0,1,expanded_pam50_score,1,0.35665914338468535
GSE25055,GSM615182,0,1,expanded_pam50_score,0,0.34864406617974253
GSE25055,GSM615183,0,1,expanded_pam50_score,0,0.01104186199720575
GSE25055,GSM615184,0,1,expanded_pam50_score,0,0.5585831796412842
GSE25055,GSM615185,0,1,expanded_pam50_score,0,0.4172569166165633
GSE25055,GSM615186,0,1,expanded_pam50_score,1,0.002755227844396702
GSE25055,GSM615187,0,2,expanded_pam50_score,0,0.061252916357804985
GSE25055,GSM615188,0,3,expanded_pam50_score,0,0.15002171536121298
GSE25055,GSM615189,0,1,expanded_pam50_score,0,0.27393204724238324
GSE25055,GSM615190,0,1,expanded_pam50_score,0,0.509012964405555
GSE25055,GSM615191,0,0,expanded_pam50_score,1,0.4877985563191832
GSE25055,GSM615192,0,2,expanded_pam50_score,0,0.04059151031190937
GSE25055,GSM615193,0,4,expanded_pam50_score,1,0.42817094291887864
GSE25055,GSM615194,0,0,expanded_pam50_score,1,0.3299929701982463
GSE25055,GSM615195,0,3,expanded_pam50_score,0,0.42045447360152943
GSE25055,GSM615196,0,4,expanded_pam50_score,0,0.1267657424968468
GSE25055,GSM615197,0,3,expanded_pam50_score,0,0.39236433018118716
GSE25055,GSM615198,0,1,expanded_pam50_score,0,0.007667379272037023
GSE25055,GSM615199,0,0,expanded_pam50_score,0,0.06787454829969042
GSE25055,GSM615200,0,0,expanded_pam50_score,0,0.2460626980703419
GSE25055,GSM615201,0,2,expanded_pam50_score,1,0.1903458698667096
GSE25055,GSM615202,0,3,expanded_pam50_score,1,0.4406978276580281
GSE25055,GSM615203,0,3,expanded_pam50_score,0,0.014065950342396197
GSE25055,GSM615204,0,3,expanded_pam50_score,0,0.04388216777798406
GSE25055,GSM615205,0,2,expanded_pam50_score,0,0.0501474237757075
GSE25055,GSM615206,0,2,expanded_pam50_score,0,0.04125424670271341
GSE25055,GSM615207,0,0,expanded_pam50_score,0,0.03683967634214037
GSE25055,GSM615208,0,3,expanded_pam50_score,0,0.03211846314128958
GSE25055,GSM615209,0,1,expanded_pam50_score,1,0.5778754784711817
GSE25055,GSM615210,0,0,expanded_pam50_score,0,0.03242316132372521
GSE25055,GSM615211,0,3,expanded_pam50_score,1,0.610829436583364
GSE25055,GSM615212,0,4,expanded_pam50_score,1,0.14150676627138115
GSE25055,GSM615213,0,2,expanded_pam50_score,1,0.3336480656726749
GSE25055,GSM615214,0,1,expanded_pam50_score,0,0.006900684420603779
GSE25055,GSM615215,0,1,expanded_pam50_score,1,0.37673912346863053
GSE25055,GSM615216,0,1,expanded_pam50_score,0,0.04255051398020916
GSE25055,GSM615217,0,0,expanded_pam50_score,0,0.043801693930859746
GSE25055,GSM615218,0,1,expanded_pam50_score,0,0.18822501467005126
GSE25055,GSM615219,0,3,expanded_pam50_score,0,0.12693214069451486
GSE25055,GSM615220,0,1,expanded_pam50_score,0,0.01907176319611955
GSE25055,GSM615221,0,4,expanded_pam50_score,0,0.06602181835767292
GSE25055,GSM615222,0,0,expanded_pam50_score,0,0.03873730463611482
GSE25055,GSM615223,0,4,expanded_pam50_score,0,0.13591576336243255
GSE25055,GSM615224,0,0,expanded_pam50_score,0,0.018627640884280594
GSE25055,GSM615225,0,0,expanded_pam50_score,0,0.21807087485644938
GSE25055,GSM615226,0,0,expanded_pam50_score,0,0.040512265798656175
GSE25055,GSM615227,0,4,expanded_pam50_score,0,0.0982447680973303
GSE25055,GSM615228,0,2,expanded_pam50_score,0,0.24117122540756394
GSE25055,GSM615229,0,2,expanded_pam50_score,0,0.02035834082719492
GSE25055,GSM615230,0,0,expanded_pam50_score,0,0.0593238745990079
GSE25055,GSM615231,0,2,expanded_pam50_score,0,0.02008603016346627
GSE25055,GSM615232,0,3,expanded_pam50_score,0,0.02262342640279403
GSE25055,GSM615233,0,4,expanded_pam50_score,0,0.009185343835875498
GSE25055,GSM615234,0,4,expanded_pam50_score,0,0.10320629747113741
GSE25055,GSM615235,0,4,expanded_pam50_score,0,0.1451396120167881
GSE25055,GSM615236,0,1,expanded_pam50_score,0,0.03387591376783708
GSE25055,GSM615237,0,0,expanded_pam50_score,0,0.03504911186206146
GSE25055,GSM615238,0,4,expanded_pam50_score,0,0.04536171018436781
GSE25055,GSM615239,0,4,expanded_pam50_score,0,0.10386107838106882
GSE25055,GSM615240,0,4,expanded_pam50_score,1,0.1455450364932027
GSE25055,GSM615241,0,4,expanded_pam50_score,0,0.04177441172155091
GSE25055,GSM615242,0,2,expanded_pam50_score,1,0.374156131209025
GSE25055,GSM615243,0,2,expanded_pam50_score,0,0.030887014531491896
GSE25055,GSM615244,0,3,expanded_pam50_score,0,0.4038964734860166
GSE25055,GSM615245,0,3,expanded_pam50_score,0,0.08649391752738823
GSE25055,GSM615246,0,3,expanded_pam50_score,0,0.0612246931500563
GSE25055,GSM615247,0,4,expanded_pam50_score,0,0.1312690105911682
GSE25055,GSM615248,0,3,expanded_pam50_score,0,0.18435675808838559
GSE25055,GSM615249,0,4,expanded_pam50_score,0,0.021812732958038046
GSE25055,GSM615250,0,1,expanded_pam50_score,0,0.6013031635335704
GSE25055,GSM615251,0,1,expanded_pam50_score,0,0.5335834465812354
GSE25055,GSM615252,0,1,expanded_pam50_score,0,0.0032176914372255344
GSE25055,GSM615253,0,2,expanded_pam50_score,0,0.08783105611422637
GSE25055,GSM615254,0,1,expanded_pam50_score,0,0.01028428048953433
GSE25055,GSM615255,0,3,expanded_pam50_score,0,0.251895546063155
GSE25055,GSM615256,0,3,expanded_pam50_score,1,0.14870730064790696
GSE25055,GSM615257,0,0,expanded_pam50_score,0,0.017488775279226883
GSE25055,GSM615258,0,1,expanded_pam50_score,0,0.05094347064882569
GSE25055,GSM615259,0,3,expanded_pam50_score,0,0.023771326298129045
GSE25055,GSM615260,0,2,expanded_pam50_score,0,0.5771091483329787
GSE25055,GSM615261,0,3,expanded_pam50_score,0,0.050118637827428154
GSE25055,GSM615262,0,3,expanded_pam50_score,0,0.02024330586085185
GSE25055,GSM615263,0,3,expanded_pam50_score,1,0.2106352486467767
GSE25055,GSM615264,0,3,expanded_pam50_score,1,0.2991215660463927
GSE25055,GSM615265,0,4,expanded_pam50_score,0,0.18705790286785534
GSE25055,GSM615266,0,4,expanded_pam50_score,0,0.03908880917369491
GSE25055,GSM615267,0,2,expanded_pam50_score,0,0.06984523425209731
GSE25055,GSM615268,0,0,expanded_pam50_score,0,0.09251114573134965
GSE25055,GSM615269,0,0,expanded_pam50_score,0,0.055076236581962416
GSE25055,GSM615270,0,3,expanded_pam50_score,1,0.3695813256600139
GSE25055,GSM615271,0,2,expanded_pam50_score,0,0.14568083989489486
GSE25055,GSM615272,0,3,expanded_pam50_score,0,0.03725866948978812
GSE25055,GSM615273,0,2,expanded_pam50_score,0,0.08993796162486718
GSE25055,GSM615274,0,1,expanded_pam50_score,0,0.15976025015146947
GSE25055,GSM615275,0,4,expanded_pam50_score,0,0.271991096546441
GSE25055,GSM615276,0,0,expanded_pam50_score,0,0.258118790187774
GSE25055,GSM615277,0,2,expanded_pam50_score,0,0.061196285531587416
GSE25055,GSM615278,0,2,expanded_pam50_score,0,0.10847343420546773
GSE25055,GSM615279,0,4,expanded_pam50_score,0,0.05742040959253309
GSE25055,GSM615280,0,4,expanded_pam50_score,1,0.09347505297731906
GSE25055,GSM615281,0,3,expanded_pam50_score,0,0.07941802809178232
GSE25055,GSM615282,0,2,expanded_pam50_score,0,0.032956172807808576
GSE25055,GSM615283,0,4,expanded_pam50_score,0,0.09829151536711127
GSE25055,GSM615284,0,0,expanded_pam50_score,1,0.31570597935766664
GSE25055,GSM615285,0,3,expanded_pam50_score,0,0.05555294203476919
GSE25055,GSM615286,0,3,expanded_pam50_score,0,0.14202863226701387
GSE25055,GSM615287,0,2,expanded_pam50_score,0,0.157004018053614
GSE25055,GSM615288,0,2,expanded_pam50_score,0,0.6143742781770591
GSE25055,GSM615289,0,1,expanded_pam50_score,0,0.08283700661701525
GSE25055,GSM615290,0,0,expanded_pam50_score,0,0.12837511771506147
GSE25055,GSM615291,0,2,expanded_pam50_score,1,0.35483977595432925
GSE25055,GSM615292,0,1,expanded_pam50_score,0,0.01494352543278312
GSE25055,GSM615293,0,2,expanded_pam50_score,1,0.7308012091860974
GSE25055,GSM615294,0,0,expanded_pam50_score,0,0.25892082875340056
GSE25055,GSM615295,0,3,expanded_pam50_score,0,0.12986283220060904
GSE25055,GSM615296,0,2,expanded_pam50_score,0,0.03046516450265844
GSE25055,GSM615297,0,3,expanded_pam50_score,0,0.5182826965746121
GSE25055,GSM615298,0,0,expanded_pam50_score,0,0.05678990969078526
GSE25055,GSM615299,0,1,expanded_pam50_score,0,0.012717196409653379
GSE25055,GSM615300,0,4,expanded_pam50_score,1,0.2521968312093232
GSE25055,GSM615301,0,1,expanded_pam50_score,0,0.20325086024214759
GSE25055,GSM615302,0,2,expanded_pam50_score,0,0.0812594085270041
GSE25055,GSM615303,0,2,expanded_pam50_score,0,0.174069038795976
GSE25055,GSM615304,0,3,expanded_pam50_score,0,0.09363756673480797
GSE25055,GSM615305,0,2,expanded_pam50_score,0,0.07496283721211898
GSE25055,GSM615306,0,1,expanded_pam50_score,0,0.00556849738941727
GSE25055,GSM615307,0,0,expanded_pam50_score,1,0.6740372338210037
GSE25055,GSM615308,0,4,expanded_pam50_score,0,0.06374726212215127
GSE25055,GSM615309,0,2,expanded_pam50_score,0,0.04180777086470754
GSE25055,GSM615310,0,1,expanded_pam50_score,1,0.3623163642436861
GSE25055,GSM615311,0,0,expanded_pam50_score,0,0.03314995228110055
GSE25055,GSM615312,0,0,expanded_pam50_score,0,0.15530254457587442
GSE25055,GSM615313,0,3,expanded_pam50_score,0,0.0301220881506204
GSE25055,GSM615314,0,0,expanded_pam50_score,0,0.021832839357648133
GSE25055,GSM615315,0,4,expanded_pam50_score,0,0.5073933391703662
GSE25055,GSM615316,0,3,expanded_pam50_score,0,0.05986780148889476
GSE25055,GSM615317,0,2,expanded_pam50_score,0,0.47198312886280747
GSE25055,GSM615318,0,1,expanded_pam50_score,0,0.0057439269011921356
GSE25055,GSM615319,0,2,expanded_pam50_score,0,0.24833719358122372
GSE25055,GSM615320,0,2,expanded_pam50_score,0,0.6141690450330746
GSE25055,GSM615321,0,1,expanded_pam50_score,0,0.47668638011482595
GSE25055,GSM615322,0,4,expanded_pam50_score,0,0.39638104252056133
GSE25055,GSM615323,0,1,expanded_pam50_score,0,0.1367958034680661
GSE25055,GSM615324,0,0,expanded_pam50_score,1,0.6202153867980652
GSE25055,GSM615325,0,0,expanded_pam50_score,1,0.5618509025782413
GSE25055,GSM615326,0,2,expanded_pam50_score,0,0.486538749769005
GSE25055,GSM615327,0,1,expanded_pam50_score,0,0.2941940575891131
GSE25055,GSM615328,0,0,expanded_pam50_score,0,0.026358633546849804
GSE25055,GSM615329,0,0,expanded_pam50_score,0,0.037197428640971565
GSE25055,GSM615330,0,3,expanded_pam50_score,0,0.18134650320041365
GSE25055,GSM615331,0,4,expanded_pam50_score,1,0.04780134553285226
GSE25055,GSM615332,0,4,expanded_pam50_score,0,0.12140936896689127
GSE25055,GSM615333,0,2,expanded_pam50_score,0,0.21989279209579143
GSE25055,GSM615334,0,0,expanded_pam50_score,1,0.45536008881081574
GSE25055,GSM615335,0,3,expanded_pam50_score,0,0.4513485738340217
GSE25055,GSM615336,0,4,expanded_pam50_score,1,0.5513373386534536
GSE25055,GSM615337,0,4,expanded_pam50_score,0,0.05031043263654145
GSE25055,GSM615338,0,0,expanded_pam50_score,1,0.3216051443046576
GSE25055,GSM615339,0,1,expanded_pam50_score,0,0.005587750967914374
GSE25055,GSM615340,0,4,expanded_pam50_score,0,0.02277904227451964
GSE25055,GSM615341,0,1,expanded_pam50_score,0,0.008812266343001062
GSE25055,GSM615342,0,4,expanded_pam50_score,0,0.08805539480379351
GSE25055,GSM615343,0,1,expanded_pam50_score,0,0.2436029647849711
GSE25055,GSM615344,0,3,expanded_pam50_score,0,0.23810691173077742
GSE25055,GSM615345,0,4,expanded_pam50_score,0,0.08407436664617493
GSE25055,GSM615346,0,1,expanded_pam50_score,0,0.5665998169748622
GSE25055,GSM615347,0,1,expanded_pam50_score,0,0.4013738172032356
GSE25055,GSM615348,0,0,expanded_pam50_score,0,0.4050343937593703
GSE25055,GSM615349,0,2,expanded_pam50_score,0,0.041451825728877296
GSE25055,GSM615350,0,0,expanded_pam50_score,0,0.10833898916651269
GSE25055,GSM615351,0,0,expanded_pam50_score,0,0.035095713193365165
GSE25055,GSM615352,0,2,expanded_pam50_score,0,0.007861759145943949
GSE25055,GSM615353,0,0,expanded_pam50_score,1,0.10836282895073963
GSE25055,GSM615354,0,2,expanded_pam50_score,1,0.27373684348323
GSE25055,GSM615355,0,1,expanded_pam50_score,0,0.019013761255944787
GSE25055,GSM615356,0,2,expanded_pam50_score,0,0.18375612365794583
GSE25055,GSM615357,0,2,expanded_pam50_score,1,0.5327493429791275
GSE25055,GSM615358,0,1,expanded_pam50_score,0,0.007433315609919118
GSE25055,GSM615359,0,1,expanded_pam50_score,1,0.38941553117451444
GSE25055,GSM615360,0,2,expanded_pam50_score,0,0.04608646212894803
GSE25055,GSM615361,0,0,expanded_pam50_score,0,0.17128284363734017
GSE25055,GSM615362,0,4,expanded_pam50_score,0,0.014175496972015124
GSE25055,GSM615363,0,3,expanded_pam50_score,0,0.3320311560105952
GSE25055,GSM615364,0,2,expanded_pam50_score,0,0.5485678151469409
GSE25055,GSM615365,0,2,expanded_pam50_score,0,0.042114978531259346
GSE25055,GSM615366,0,3,expanded_pam50_score,0,0.022140844339845506
GSE25055,GSM615367,0,4,expanded_pam50_score,0,0.08084710867297187
GSE25055,GSM615368,0,1,expanded_pam50_score,0,0.7166405856655089
GSE25055,GSM615369,0,0,expanded_pam50_score,0,0.260847127659239
GSE25055,GSM615370,0,1,expanded_pam50_score,0,0.01863441494707705
GSE25055,GSM615371,0,0,expanded_pam50_score,1,0.2926824806283038
GSE25055,GSM615372,0,3,expanded_pam50_score,0,0.4911360808227556
GSE25055,GSM615373,0,0,expanded_pam50_score,0,0.136850709528345
GSE25055,GSM615374,0,3,expanded_pam50_score,0,0.007849324501168896
GSE25055,GSM615375,0,3,expanded_pam50_score,1,0.44789103411426756
GSE25055,GSM615376,0,0,expanded_pam50_score,0,0.19328200290492123
GSE25055,GSM615377,0,4,expanded_pam50_score,0,0.009818016184951246
GSE25055,GSM615378,0,3,expanded_pam50_score,0,0.46096584485454545
GSE25055,GSM615379,0,4,expanded_pam50_score,1,0.14791016039046698
GSE25055,GSM615380,0,2,expanded_pam50_score,0,0.5277730557034939
GSE25055,GSM615381,0,1,expanded_pam50_score,0,0.004731135387009357
GSE25055,GSM615382,0,3,expanded_pam50_score,0,0.23845757982716145
GSE25055,GSM615383,0,1,expanded_pam50_score,1,0.007106413780605596
GSE25055,GSM615384,0,3,expanded_pam50_score,0,0.2611266274468404
GSE25055,GSM615385,0,0,expanded_pam50_score,0,0.14115078678422804
GSE25055,GSM615386,0,0,expanded_pam50_score,0,0.023564023309267174
GSE25055,GSM615387,0,1,expanded_pam50_score,0,0.3745997839284055
GSE25055,GSM615388,0,4,expanded_pam50_score,0,0.024871199724406743
GSE25055,GSM615389,0,0,expanded_pam50_score,0,0.05472340774227053
GSE25055,GSM615390,0,0,expanded_pam50_score,0,0.4519249706021392
GSE25055,GSM615391,0,0,expanded_pam50_score,0,0.03008903033427872
GSE25055,GSM615392,0,3,expanded_pam50_score,0,0.25649854180384707
GSE25055,GSM615393,0,2,expanded_pam50_score,1,0.21492814454514184
GSE25055,GSM615394,0,1,expanded_pam50_score,1,0.2964077734958907
GSE25055,GSM615395,0,2,expanded_pam50_score,0,0.028381955929801413
GSE25055,GSM615396,0,0,expanded_pam50_score,1,0.4300908170199153
GSE25055,GSM615397,0,4,expanded_pam50_score,1,0.30744902682404684
GSE25055,GSM615398,0,1,expanded_pam50_score,0,0.05082014171627772
GSE25055,GSM615399,0,3,expanded_pam50_score,0,0.03016906063857007
GSE25055,GSM615400,0,0,expanded_pam50_score,0,0.03347095516658351
GSE25055,GSM615401,0,4,expanded_pam50_score,0,0.09672024208628341
GSE25055,GSM615402,0,2,expanded_pam50_score,0,0.023956780384486894
GSE25055,GSM615403,0,0,expanded_pam50_score,0,0.25909575417937997
GSE25055,GSM615404,0,2,expanded_pam50_score,0,0.07837424600296512
GSE25055,GSM615405,0,0,expanded_pam50_score,0,0.3214533224865201
GSE25055,GSM615096,1,0,expanded,0,0.05008250314017498
GSE25055,GSM615097,1,3,expanded,0,0.04176529157276018
GSE25055,GSM615098,1,4,expanded,0,0.33427224949222945
GSE25055,GSM615099,1,0,expanded,1,0.45088318997061877
GSE25055,GSM615100,1,4,expanded,0,0.04464056468361933
GSE25055,GSM615101,1,3,expanded,0,0.31789547890907405
GSE25055,GSM615102,1,4,expanded,0,0.32057138255449513
GSE25055,GSM615104,1,2,expanded,0,0.301011450157232
GSE25055,GSM615106,1,4,expanded,0,0.2484787759101244
GSE25055,GSM615107,1,2,expanded,0,0.35268185618184683
GSE25055,GSM615108,1,2,expanded,0,0.27571633923480576
GSE25055,GSM615109,1,1,expanded,0,0.33211172598138755
GSE25055,GSM615111,1,0,expanded,0,0.2835820107920131
GSE25055,GSM615112,1,3,expanded,0,0.2543340700403497
GSE25055,GSM615113,1,4,expanded,0,0.3575306788121991
GSE25055,GSM615114,1,0,expanded,0,0.03236052988496891
GSE25055,GSM615115,1,0,expanded,0,0.11472643601843674
GSE25055,GSM615116,1,4,expanded,0,0.7577578963403205
GSE25055,GSM615117,1,4,expanded,0,0.1125686104864876
GSE25055,GSM615120,1,2,expanded,0,0.006669199855551115
GSE25055,GSM615121,1,2,expanded,0,0.1608115947146329
GSE25055,GSM615122,1,2,expanded,1,0.04988156840521808
GSE25055,GSM615123,1,3,expanded,1,0.11291030791497839
GSE25055,GSM615124,1,0,expanded,0,0.021118473802009676
GSE25055,GSM615125,1,0,expanded,0,0.03580960415113827
GSE25055,GSM615126,1,2,expanded,0,0.03219576561064675
GSE25055,GSM615127,1,2,expanded,0,0.043235005584515436
GSE25055,GSM615128,1,3,expanded,0,0.09094075666598482
GSE25055,GSM615129,1,4,expanded,0,0.07863039375312068
GSE25055,GSM615130,1,0,expanded,0,0.025555145541490538
GSE25055,GSM615131,1,0,expanded,0,0.0871593617044201
GSE25055,GSM615132,1,0,expanded,0,0.03438141829749815
GSE25055,GSM615133,1,3,expanded,0,0.013836097148059107
GSE25055,GSM615134,1,1,expanded,0,0.025062503340498473
GSE25055,GSM615135,1,4,expanded,0,0.41455892182170373
GSE25055,GSM615136,1,2,expanded,0,0.23135895179657076
GSE25055,GSM615137,1,1,expanded,1,0.11965008122028742
GSE25055,GSM615138,1,1,expanded,0,0.059540224991920014
GSE25055,GSM615139,1,3,expanded,1,0.3336059854581764
GSE25055,GSM615140,1,1,expanded,1,0.012810529006568355
GSE25055,GSM615142,1,3,expanded,0,0.09950085940940467
GSE25055,GSM615143,1,4,expanded,1,0.253734348567319
GSE25055,GSM615144,1,2,expanded,0,0.030852335983429693
GSE25055,GSM615145,1,3,expanded,0,0.3080806810125525
GSE25055,GSM615146,1,1,expanded,1,0.3742143973210774
GSE25055,GSM615147,1,1,expanded,0,0.06556346483635357
GSE25055,GSM615148,1,2,expanded,0,0.34117633530186225
GSE25055,GSM615149,1,4,expanded,0,0.3759670394086842
GSE25055,GSM615150,1,1,expanded,0,0.03888547787226307
GSE25055,GSM615151,1,1,expanded,0,0.20495116162232732
GSE25055,GSM615153,1,0,expanded,0,0.027410145390826653
GSE25055,GSM615154,1,4,expanded,1,0.48436510561851626
GSE25055,GSM615155,1,1,expanded,0,0.07169666729013746
GSE25055,GSM615156,1,4,expanded,0,0.4941182356794207
GSE25055,GSM615157,1,1,expanded,0,0.06825810754013475
GSE25055,GSM615158,1,2,expanded,0,0.01175404697170373
GSE25055,GSM615159,1,2,expanded,0,0.39193239294235915
GSE25055,GSM615160,1,3,expanded,0,0.4577370033078441
GSE25055,GSM615162,1,3,expanded,0,0.01565092026247295
GSE25055,GSM615164,1,2,expanded,1,0.24046386995793712
GSE25055,GSM615165,1,1,expanded,0,0.0493321518713263
GSE25055,GSM615166,1,1,expanded,0,0.028342801736554762
GSE25055,GSM615167,1,0,expanded,1,0.21227333290848363
GSE25055,GSM615168,1,0,expanded,0,0.10210251429033038
GSE25055,GSM615169,1,4,expanded,0,0.3628749769246078
GSE25055,GSM615170,1,1,expanded,0,0.026389734826121447
GSE25055,GSM615171,1,4,expanded,1,0.35645551318281615
GSE25055,GSM615172,1,4,expanded,0,0.03596284556209877
GSE25055,GSM615173,1,2,expanded,0,0.29758190796370715
GSE25055,GSM615174,1,2,expanded,0,0.1900970973209152
GSE25055,GSM615175,1,2,expanded,1,0.23851657283140018
GSE25055,GSM615176,1,3,expanded,0,0.0148413273594492
GSE25055,GSM615177,1,3,expanded,0,0.10437995123737728
GSE25055,GSM615178,1,1,expanded,0,0.38873754593871507
GSE25055,GSM615179,1,2,expanded,0,0.0358405502174068
GSE25055,GSM615180,1,3,expanded,0,0.04009161955994724
GSE25055,GSM615181,1,4,expanded,1,0.35855466736464997
GSE25055,GSM615182,1,3,expanded,0,0.21472640014289282
GSE25055,GSM615183,1,4,expanded,0,0.0660526985151531
GSE25055,GSM615184,1,3,expanded,0,0.27273776297257
GSE25055,GSM615185,1,0,expanded,0,0.38788534198460406
GSE25055,GSM615186,1,0,expanded,1,0.011482354677200865
GSE25055,GSM615187,1,4,expanded,0,0.03275353518171358
GSE25055,GSM615188,1,1,expanded,0,0.17099829928621788
GSE25055,GSM615189,1,4,expanded,0,0.233242868071582
GSE25055,GSM615190,1,3,expanded,0,0.513423648486634
GSE25055,GSM615191,1,1,expanded,1,0.3735735969472935
GSE25055,GSM615192,1,1,expanded,0,0.03282352897689569
GSE25055,GSM615193,1,0,expanded,1,0.4613462690767788
GSE25055,GSM615194,1,0,expanded,1,0.4308873301156942
GSE25055,GSM615195,1,3,expanded,0,0.5002999026920583
GSE25055,GSM615196,1,3,expanded,0,0.08769670327340341
GSE25055,GSM615197,1,1,expanded,0,0.37347240275589677
GSE25055,GSM615198,1,1,expanded,0,0.030330614301775145
GSE25055,GSM615199,1,2,expanded,0,0.08446866845526972
GSE25055,GSM615200,1,2,expanded,0,0.22384152671695975
GSE25055,GSM615201,1,0,expanded,1,0.09737650693577479
GSE25055,GSM615202,1,4,expanded,1,0.3034343010812835
GSE25055,GSM615203,1,3,expanded,0,0.016308733536028172
GSE25055,GSM615204,1,2,expanded,0,0.09262535565739
GSE25055,GSM615205,1,4,expanded,0,0.08090615900640678
GSE25055,GSM615206,1,2,expanded,0,0.06002014087432903
GSE25055,GSM615207,1,3,expanded,0,0.05734033023555741
GSE25055,GSM615208,1,1,expanded,0,0.03735892755282799
GSE25055,GSM615209,1,3,expanded,1,0.33598022174751946
GSE25055,GSM615210,1,4,expanded,0,0.07314269227621534
GSE25055,GSM615211,1,4,expanded,1,0.506998011455924
GSE25055,GSM615212,1,1,expanded,1,0.3457255511678591
GSE25055,GSM615213,1,2,expanded,1,0.26628545292317796
GSE25055,GSM615214,1,3,expanded,0,0.06014667477863122
GSE25055,GSM615215,1,3,expanded,1,0.43663615717827065
GSE25055,GSM615216,1,3,expanded,0,0.031429945928464355
GSE25055,GSM615217,1,0,expanded,0,0.03266379112886437
GSE25055,GSM615218,1,4,expanded,0,0.2531295372044781
GSE25055,GSM615219,1,3,expanded,0,0.21005796913653824
GSE25055,GSM615220,1,3,expanded,0,0.16620023219500044
GSE25055,GSM615221,1,4,expanded,0,0.07523590879835017
GSE25055,GSM615222,1,3,expanded,0,0.05663969113678519
GSE25055,GSM615223,1,0,expanded,0,0.3319632387950026
GSE25055,GSM615224,1,2,expanded,0,0.039724158905214406
GSE25055,GSM615225,1,4,expanded,0,0.24150586155021272
GSE25055,GSM615226,1,4,expanded,0,0.020104107426393014
GSE25055,GSM615227,1,4,expanded,0,0.05069050254957396
GSE25055,GSM615228,1,2,expanded,0,0.4222799511900292
GSE25055,GSM615229,1,3,expanded,0,0.14102673354481213
GSE25055,GSM615230,1,0,expanded,0,0.11503540721688117
GSE25055,GSM615231,1,0,expanded,0,0.0327782578123156
GSE25055,GSM615232,1,2,expanded,0,0.0358405502174068
GSE25055,GSM615233,1,0,expanded,0,0.01049646233336012
GSE25055,GSM615234,1,4,expanded,0,0.25230046181365934
GSE25055,GSM615235,1,2,expanded,0,0.025624166675028096
GSE25055,GSM615236,1,4,expanded,0,0.09604061028785152
GSE25055,GSM615237,1,2,expanded,0,0.0475091330374216
GSE25055,GSM615238,1,1,expanded,0,0.06991917374829187
GSE25055,GSM615239,1,4,expanded,0,0.13191748604483908
GSE25055,GSM615240,1,1,expanded,1,0.4355927520148375
GSE25055,GSM615241,1,0,expanded,0,0.023760291449372504
GSE25055,GSM615242,1,1,expanded,1,0.37176554288514724
GSE25055,GSM615243,1,2,expanded,0,0.046314119586410234
GSE25055,GSM615244,1,0,expanded,0,0.4967389001459276
GSE25055,GSM615245,1,2,expanded,0,0.08869565186311233
GSE25055,GSM615246,1,2,expanded,0,0.07654035773902114
GSE25055,GSM615247,1,2,expanded,0,0.34290984457348084
GSE25055,GSM615248,1,4,expanded,0,0.10153332714968316
GSE25055,GSM615249,1,2,expanded,0,0.10765418319765852
GSE25055,GSM615250,1,2,expanded,0,0.5510587761873122
GSE25055,GSM615251,1,1,expanded,0,0.44900456015931
GSE25055,GSM615252,1,1,expanded,0,0.03524988288981985
GSE25055,GSM615253,1,4,expanded,0,0.11830767549003843
GSE25055,GSM615254,1,2,expanded,0,0.06433569810465556
GSE25055,GSM615255,1,3,expanded,0,0.4123734540448307
GSE25055,GSM615256,1,2,expanded,1,0.1150900302112518
GSE25055,GSM615257,1,0,expanded,0,0.009044799703160132
GSE25055,GSM615258,1,3,expanded,0,0.0348425762438432
GSE25055,GSM615259,1,0,expanded,0,0.02906306848688513
GSE25055,GSM615260,1,3,expanded,0,0.12486236228887819
GSE25055,GSM615261,1,0,expanded,0,0.07068149310161875
GSE25055,GSM615262,1,0,expanded,0,0.014999546650475547
GSE25055,GSM615263,1,2,expanded,1,0.12235907518773766
GSE25055,GSM615264,1,2,expanded,1,0.3811294712434029
GSE25055,GSM615265,1,4,expanded,0,0.3991129239699408
GSE25055,GSM615266,1,4,expanded,0,0.024534739590527092
GSE25055,GSM615267,1,4,expanded,0,0.09440183957703485
GSE25055,GSM615268,1,0,expanded,0,0.01878764899057178
GSE25055,GSM615269,1,0,expanded,0,0.048836101087574614
GSE25055,GSM615270,1,4,expanded,1,0.3098199427315715
GSE25055,GSM615271,1,1,expanded,0,0.0516974036069331
GSE25055,GSM615272,1,3,expanded,0,0.026448774789505112
GSE25055,GSM615273,1,4,expanded,0,0.05378142840473763
GSE25055,GSM615274,1,4,expanded,0,0.08334954007897395
GSE25055,GSM615275,1,0,expanded,0,0.09675963014199508
GSE25055,GSM615276,1,4,expanded,0,0.3478550412869432
GSE25055,GSM615277,1,3,expanded,0,0.041337452586966736
GSE25055,GSM615278,1,3,expanded,0,0.13651033548658129
GSE25055,GSM615279,1,3,expanded,0,0.041337452586966736
GSE25055,GSM615280,1,1,expanded,1,0.08337993734261742
GSE25055,GSM615281,1,2,expanded,0,0.07036873038898073
GSE25055,GSM615282,1,1,expanded,0,0.03257889638645631
GSE25055,GSM615283,1,1,expanded,0,0.05926460002024826
GSE25055,GSM615284,1,0,expanded,1,0.28456239487965124
GSE25055,GSM615285,1,3,expanded,0,0.14957057872770047
GSE25055,GSM615286,1,2,expanded,0,0.06696781569657306
GSE25055,GSM615287,1,3,expanded,0,0.1763807513042701
GSE25055,GSM615288,1,2,expanded,0,0.6095070291817634
GSE25055,GSM615289,1,3,expanded,0,0.04735249424038462
GSE25055,GSM615290,1,0,expanded,0,0.027733227125744983
GSE25055,GSM615291,1,3,expanded,1,0.3126265921945009
GSE25055,GSM615292,1,0,expanded,0,0.045063312623678194
GSE25055,GSM615293,1,0,expanded,1,0.4802605502850954
GSE25055,GSM615294,1,0,expanded,0,0.12260996154922826
GSE25055,GSM615295,1,0,expanded,0,0.27725954113065177
GSE25055,GSM615296,1,1,expanded,0,0.02869293355724997
GSE25055,GSM615297,1,3,expanded,0,0.32031337970733165
GSE25055,GSM615298,1,0,expanded,0,0.048836101087574614
GSE25055,GSM615299,1,0,expanded,0,0.060279313932201935
GSE25055,GSM615300,1,3,expanded,1,0.32809895368561776
GSE25055,GSM615301,1,2,expanded,0,0.11951757812509965
GSE25055,GSM615302,1,1,expanded,0,0.06079864805155829
GSE25055,GSM615303,1,1,expanded,0,0.24666466108675655
GSE25055,GSM615304,1,4,expanded,0,0.1635050492647988
GSE25055,GSM615305,1,1,expanded,0,0.0744704917583222
GSE25055,GSM615306,1,3,expanded,0,0.027476355474157478
GSE25055,GSM615307,1,3,expanded,1,0.5427972214870636
GSE25055,GSM615308,1,0,expanded,0,0.12892697745265155
GSE25055,GSM615309,1,0,expanded,0,0.07928242644832482
GSE25055,GSM615310,1,1,expanded,1,0.1095021105044091
GSE25055,GSM615311,1,0,expanded,0,0.03901956411554655
GSE25055,GSM615312,1,0,expanded,0,0.16029926861041016
GSE25055,GSM615313,1,2,expanded,0,0.04723157836337105
GSE25055,GSM615314,1,2,expanded,0,0.036785283593325224
GSE25055,GSM615315,1,1,expanded,0,0.34816673539244625
GSE25055,GSM615316,1,3,expanded,0,0.0442602273282607
GSE25055,GSM615317,1,2,expanded,0,0.4724572470929271
GSE25055,GSM615318,1,4,expanded,0,0.03757956081698821
GSE25055,GSM615319,1,3,expanded,0,0.2829220899783756
GSE25055,GSM615320,1,1,expanded,0,0.46249093504114963
GSE25055,GSM615321,1,0,expanded,0,0.42360883855737247
GSE25055,GSM615322,1,1,expanded,0,0.28925986182813584
GSE25055,GSM615323,1,3,expanded,0,0.47367213693667837
GSE25055,GSM615324,1,1,expanded,1,0.5050266123721525
GSE25055,GSM615325,1,0,expanded,1,0.5208296538266206
GSE25055,GSM615326,1,3,expanded,0,0.15936422506688802
GSE25055,GSM615327,1,0,expanded,0,0.2553696866084283
GSE25055,GSM615328,1,1,expanded,0,0.029074222325583023
GSE25055,GSM615329,1,2,expanded,0,0.05258816218355258
GSE25055,GSM615330,1,3,expanded,0,0.24239487806869217
GSE25055,GSM615331,1,4,expanded,1,0.11047621592300885
GSE25055,GSM615332,1,1,expanded,0,0.052800299070509135
GSE25055,GSM615333,1,1,expanded,0,0.19303390706954432
GSE25055,GSM615334,1,4,expanded,1,0.31669641564187195
GSE25055,GSM615335,1,2,expanded,0,0.44591287444435446
GSE25055,GSM615336,1,2,expanded,1,0.4591560888070244
GSE25055,GSM615337,1,0,expanded,0,0.04558476981870724
GSE25055,GSM615338,1,4,expanded,1,0.42177617896144926
GSE25055,GSM615339,1,0,expanded,0,0.030454679916514658
GSE25055,GSM615340,1,1,expanded,0,0.07449354107711019
GSE25055,GSM615341,1,4,expanded,0,0.05458150213776903
GSE25055,GSM615342,1,3,expanded,0,0.2055289482063901
GSE25055,GSM615343,1,4,expanded,0,0.22955372244792
GSE25055,GSM615344,1,0,expanded,0,0.4002586536022175
GSE25055,GSM615345,1,2,expanded,0,0.16686542631254667
GSE25055,GSM615346,1,3,expanded,0,0.45419056189963186
GSE25055,GSM615347,1,4,expanded,0,0.312910985084042
GSE25055,GSM615348,1,3,expanded,0,0.5143319150177399
GSE25055,GSM615349,1,2,expanded,0,0.04181430117206094
GSE25055,GSM615350,1,0,expanded,0,0.3024713489883088
GSE25055,GSM615351,1,0,expanded,0,0.010034578115052786
GSE25055,GSM615352,1,1,expanded,0,0.016832758989611736
GSE25055,GSM615353,1,0,expanded,1,0.17606482869724985
GSE25055,GSM615354,1,3,expanded,1,0.18866651081595312
GSE25055,GSM615355,1,2,expanded,0,0.04514773995047373
GSE25055,GSM615356,1,1,expanded,0,0.36125687031585924
GSE25055,GSM615357,1,3,expanded,1,0.36016430515923564
GSE25055,GSM615358,1,1,expanded,0,0.019994012299274024
GSE25055,GSM615359,1,2,expanded,1,0.15407537719812125
GSE25055,GSM615360,1,2,expanded,0,0.0581917662214972
GSE25055,GSM615361,1,2,expanded,0,0.16187371586396743
GSE25055,GSM615362,1,4,expanded,0,0.01549702122289303
GSE25055,GSM615363,1,1,expanded,0,0.3834909000151646
GSE25055,GSM615364,1,4,expanded,0,0.5108999243531932
GSE25055,GSM615365,1,4,expanded,0,0.04303568843771249
GSE25055,GSM615366,1,1,expanded,0,0.02411708111153123
GSE25055,GSM615367,1,4,expanded,0,0.0919886525276554
GSE25055,GSM615368,1,0,expanded,0,0.4892904970981723
GSE25055,GSM615369,1,3,expanded,0,0.38507965481291795
GSE25055,GSM615370,1,3,expanded,0,0.07001336999987867
GSE25055,GSM615371,1,2,expanded,1,0.3441484903350044
GSE25055,GSM615372,1,2,expanded,0,0.5258640848070372
GSE25055,GSM615373,1,3,expanded,0,0.08366388617793155
GSE25055,GSM615374,1,1,expanded,0,0.010900979415086949
GSE25055,GSM615375,1,3,expanded,1,0.1308545107240868
GSE25055,GSM615376,1,1,expanded,0,0.25658046828497705
GSE25055,GSM615377,1,1,expanded,0,0.019047536215513042
GSE25055,GSM615378,1,0,expanded,0,0.450286504059449
GSE25055,GSM615379,1,2,expanded,1,0.11951757812509965
GSE25055,GSM615380,1,0,expanded,0,0.3788470851582747
GSE25055,GSM615381,1,4,expanded,0,0.052969470335947774
GSE25055,GSM615382,1,2,expanded,0,0.29755627471218765
GSE25055,GSM615383,1,1,expanded,1,0.03282352897689569
GSE25055,GSM615384,1,3,expanded,0,0.29832126128187997
GSE25055,GSM615385,1,4,expanded,0,0.20118332026111382
GSE25055,GSM615386,1,2,expanded,0,0.06433569810465556
GSE25055,GSM615387,1,0,expanded,0,0.45925086029942874
GSE25055,GSM615388,1,1,expanded,0,0.028568286115675683
GSE25055,GSM615389,1,4,expanded,0,0.03990493886748002
GSE25055,GSM615390,1,4,expanded,0,0.46412520680903124
GSE25055,GSM615391,1,1,expanded,0,0.035572533586154975
GSE25055,GSM615392,1,0,expanded,0,0.24923184617054242
GSE25055,GSM615393,1,0,expanded,1,0.3703772078353887
GSE25055,GSM615394,1,0,expanded,1,0.325844958984259
GSE25055,GSM615395,1,1,expanded,0,0.037738006940093216
GSE25055,GSM615396,1,4,expanded,1,0.42159568306773876
GSE25055,GSM615397,1,3,expanded,1,0.1359203089681611
GSE25055,GSM615398,1,1,expanded,0,0.05738883305567517
GSE25055,GSM615399,1,2,expanded,0,0.030075862090942835
GSE25055,GSM615400,1,1,expanded,0,0.027446476433238613
GSE25055,GSM615401,1,0,expanded,0,0.06781163199777444
GSE25055,GSM615402,1,4,expanded,0,0.025729531340870238
GSE25055,GSM615403,1,4,expanded,0,0.12207356854693388
GSE25055,GSM615404,1,1,expanded,0,0.08085658597929794
GSE25055,GSM615405,1,1,expanded,0,0.27278392559478054
GSE25055,GSM615096,1,0,expanded_score,0,0.03470743886634684
GSE25055,GSM615097,1,3,expanded_score,0,0.02934647765099107
GSE25055,GSM615098,1,4,expanded_score,0,0.3771087505983054
GSE25055,GSM615099,1,0,expanded_score,1,0.5748618319852793
GSE25055,GSM615100,1,4,expanded_score,0,0.07524965070190838
GSE25055,GSM615101,1,3,expanded_score,0,0.3805957702297581
GSE25055,GSM615102,1,4,expanded_score,0,0.393625222074688
GSE25055,GSM615104,1,2,expanded_score,0,0.24055360181741264
GSE25055,GSM615106,1,4,expanded_score,0,0.16564672287993237
GSE25055,GSM615107,1,2,expanded_score,0,0.3624978626722462
GSE25055,GSM615108,1,2,expanded_score,0,0.3068569397619949
GSE25055,GSM615109,1,1,expanded_score,0,0.4702534352651649
GSE25055,GSM615111,1,0,expanded_score,0,0.19474655429040913
GSE25055,GSM615112,1,3,expanded_score,0,0.3084127620477514
GSE25055,GSM615113,1,4,expanded_score,0,0.4125912387270932
GSE25055,GSM615114,1,0,expanded_score,0,0.02481398179950237
GSE25055,GSM615115,1,0,expanded_score,0,0.1238938375625693
GSE25055,GSM615116,1,4,expanded_score,0,0.6072202173966813
GSE25055,GSM615117,1,4,expanded_score,0,0.18272512399130733
GSE25055,GSM615120,1,2,expanded_score,0,0.005937835243268134
GSE25055,GSM615121,1,2,expanded_score,0,0.09286990536281058
GSE25055,GSM615122,1,2,expanded_score,1,0.028219068358030952
GSE25055,GSM615123,1,3,expanded_score,1,0.2518836254661148
GSE25055,GSM615124,1,0,expanded_score,0,0.024159566672599452
GSE25055,GSM615125,1,0,expanded_score,0,0.023506814187112625
GSE25055,GSM615126,1,2,expanded_score,0,0.030428989836821595
GSE25055,GSM615127,1,2,expanded_score,0,0.054854947626415594
GSE25055,GSM615128,1,3,expanded_score,0,0.05516982971948246
GSE25055,GSM615129,1,4,expanded_score,0,0.05702620485499685
GSE25055,GSM615130,1,0,expanded_score,0,0.02139741674036824
GSE25055,GSM615131,1,0,expanded_score,0,0.0648597560752595
GSE25055,GSM615132,1,0,expanded_score,0,0.02854415079169574
GSE25055,GSM615133,1,3,expanded_score,0,0.01464584570753835
GSE25055,GSM615134,1,1,expanded_score,0,0.02095528021848799
GSE25055,GSM615135,1,4,expanded_score,0,0.3147665717839372
GSE25055,GSM615136,1,2,expanded_score,0,0.2703117546908788
GSE25055,GSM615137,1,1,expanded_score,1,0.10708083612886644
GSE25055,GSM615138,1,1,expanded_score,0,0.0561665229628017
GSE25055,GSM615139,1,3,expanded_score,1,0.5268788167831964
GSE25055,GSM615140,1,1,expanded_score,1,0.024188095921583098
GSE25055,GSM615142,1,3,expanded_score,0,0.0746157786588452
GSE25055,GSM615143,1,4,expanded_score,1,0.2478328990504873
GSE25055,GSM615144,1,2,expanded_score,0,0.02924337495647265
GSE25055,GSM615145,1,3,expanded_score,0,0.5280301802010218
GSE25055,GSM615146,1,1,expanded_score,1,0.329807821062078
GSE25055,GSM615147,1,1,expanded_score,0,0.04364937948092647
GSE25055,GSM615148,1,2,expanded_score,0,0.32771686761633184
GSE25055,GSM615149,1,4,expanded_score,0,0.2869112423876986
GSE25055,GSM615150,1,1,expanded_score,0,0.021888594977275244
GSE25055,GSM615151,1,1,expanded_score,0,0.27744017530107495
GSE25055,GSM615153,1,0,expanded_score,0,0.03609532506859859
GSE25055,GSM615154,1,4,expanded_score,1,0.37815206185367417
GSE25055,GSM615155,1,1,expanded_score,0,0.11598570229175127
GSE25055,GSM615156,1,4,expanded_score,0,0.3767807858269302
GSE25055,GSM615157,1,1,expanded_score,0,0.03940939404519432
GSE25055,GSM615158,1,2,expanded_score,0,0.014162179115397352
GSE25055,GSM615159,1,2,expanded_score,0,0.1704960428196854
GSE25055,GSM615160,1,3,expanded_score,0,0.40100468853299087
GSE25055,GSM615162,1,3,expanded_score,0,0.012381536358358466
GSE25055,GSM615164,1,2,expanded_score,1,0.3923413266257333
GSE25055,GSM615165,1,1,expanded_score,0,0.04083009859094855
GSE25055,GSM615166,1,1,expanded_score,0,0.045830280598358746
GSE25055,GSM615167,1,0,expanded_score,1,0.12597500337313092
GSE25055,GSM615168,1,0,expanded_score,0,0.04960313606024574
GSE25055,GSM615169,1,4,expanded_score,0,0.3485809407309085
GSE25055,GSM615170,1,1,expanded_score,0,0.017269369875143537
GSE25055,GSM615171,1,4,expanded_score,1,0.28706998091539826
GSE25055,GSM615172,1,4,expanded_score,0,0.030740523803308332
GSE25055,GSM615173,1,2,expanded_score,0,0.157698347556692
GSE25055,GSM615174,1,2,expanded_score,0,0.17189211569756815
GSE25055,GSM615175,1,2,expanded_score,1,0.29753440392825825
GSE25055,GSM615176,1,3,expanded_score,0,0.01606280066532501
GSE25055,GSM615177,1,3,expanded_score,0,0.09184557422948676
GSE25055,GSM615178,1,1,expanded_score,0,0.30788232491308143
GSE25055,GSM615179,1,2,expanded_score,0,0.0383808483458579
GSE25055,GSM615180,1,3,expanded_score,0,0.050101114395156736
GSE25055,GSM615181,1,4,expanded_score,1,0.34187720695671925
GSE25055,GSM615182,1,3,expanded_score,0,0.2801699497554488
GSE25055,GSM615183,1,4,expanded_score,0,0.04384723735166214
GSE25055,GSM615184,1,3,expanded_score,0,0.4431833301824954
GSE25055,GSM615185,1,0,expanded_score,0,0.2839821028403273
GSE25055,GSM615186,1,0,expanded_score,1,0.01286043476039724
GSE25055,GSM615187,1,4,expanded_score,0,0.04815812684723532
GSE25055,GSM615188,1,1,expanded_score,0,0.17547232037791366
GSE25055,GSM615189,1,4,expanded_score,0,0.18809996870505827
GSE25055,GSM615190,1,3,expanded_score,0,0.5325114696613649
GSE25055,GSM615191,1,1,expanded_score,1,0.5752776016464534
GSE25055,GSM615192,1,1,expanded_score,0,0.024526490335105088
GSE25055,GSM615193,1,0,expanded_score,1,0.42017264291655804
GSE25055,GSM615194,1,0,expanded_score,1,0.5316708305517096
GSE25055,GSM615195,1,3,expanded_score,0,0.6070212597050608
GSE25055,GSM615196,1,3,expanded_score,0,0.14341498495798707
GSE25055,GSM615197,1,1,expanded_score,0,0.4801320106252795
GSE25055,GSM615198,1,1,expanded_score,0,0.019239143712142033
GSE25055,GSM615199,1,2,expanded_score,0,0.08900870196216962
GSE25055,GSM615200,1,2,expanded_score,0,0.35142070974322576
GSE25055,GSM615201,1,0,expanded_score,1,0.14668066651943082
GSE25055,GSM615202,1,4,expanded_score,1,0.42234633614813266
GSE25055,GSM615203,1,3,expanded_score,0,0.008575376232031721
GSE25055,GSM615204,1,2,expanded_score,0,0.05540277678563023
GSE25055,GSM615205,1,4,expanded_score,0,0.07318328249994227
GSE25055,GSM615206,1,2,expanded_score,0,0.03031640692932771
GSE25055,GSM615207,1,3,expanded_score,0,0.0410320780822041
GSE25055,GSM615208,1,1,expanded_score,0,0.02658648018413232
GSE25055,GSM615209,1,3,expanded_score,1,0.4452387568780038
GSE25055,GSM615210,1,4,expanded_score,0,0.03768465041466108
GSE25055,GSM615211,1,4,expanded_score,1,0.6352730647601342
GSE25055,GSM615212,1,1,expanded_score,1,0.15053872034911
GSE25055,GSM615213,1,2,expanded_score,1,0.2881333062976595
GSE25055,GSM615214,1,3,expanded_score,0,0.02899656709036022
GSE25055,GSM615215,1,3,expanded_score,1,0.371533199083021
GSE25055,GSM615216,1,3,expanded_score,0,0.04728178314008052
GSE25055,GSM615217,1,0,expanded_score,0,0.031181382035576816
GSE25055,GSM615218,1,4,expanded_score,0,0.20113786692711091
GSE25055,GSM615219,1,3,expanded_score,0,0.17588135766553217
GSE25055,GSM615220,1,3,expanded_score,0,0.04877484543283072
GSE25055,GSM615221,1,4,expanded_score,0,0.05879650787794087
GSE25055,GSM615222,1,3,expanded_score,0,0.031082868676788288
GSE25055,GSM615223,1,0,expanded_score,0,0.16726182416413887
GSE25055,GSM615224,1,2,expanded_score,0,0.013067571805121645
GSE25055,GSM615225,1,4,expanded_score,0,0.20226989318149166
GSE25055,GSM615226,1,4,expanded_score,0,0.015845329507095378
GSE25055,GSM615227,1,4,expanded_score,0,0.06899569358323629
GSE25055,GSM615228,1,2,expanded_score,0,0.3614929657475942
GSE25055,GSM615229,1,3,expanded_score,0,0.049910723990609134
GSE25055,GSM615230,1,0,expanded_score,0,0.04405021395999424
GSE25055,GSM615231,1,0,expanded_score,0,0.018808503559508215
GSE25055,GSM615232,1,2,expanded_score,0,0.01785587694107175
GSE25055,GSM615233,1,0,expanded_score,0,0.006135364233254105
GSE25055,GSM615234,1,4,expanded_score,0,0.1458831122916381
GSE25055,GSM615235,1,2,expanded_score,0,0.05778171743944415
GSE25055,GSM615236,1,4,expanded_score,0,0.07432241625915233
GSE25055,GSM615237,1,2,expanded_score,0,0.028975950140103464
GSE25055,GSM615238,1,1,expanded_score,0,0.028326355768084885
GSE25055,GSM615239,1,4,expanded_score,0,0.11913121817396302
GSE25055,GSM615240,1,1,expanded_score,1,0.16045143323975974
GSE25055,GSM615241,1,0,expanded_score,0,0.02728995163550068
GSE25055,GSM615242,1,1,expanded_score,1,0.4202357738588088
GSE25055,GSM615243,1,2,expanded_score,0,0.026881089661426327
GSE25055,GSM615244,1,0,expanded_score,0,0.2528538138696033
GSE25055,GSM615245,1,2,expanded_score,0,0.14415531160409928
GSE25055,GSM615246,1,2,expanded_score,0,0.09797307895583265
GSE25055,GSM615247,1,2,expanded_score,0,0.27306566687798833
GSE25055,GSM615248,1,4,expanded_score,0,0.19188591137812444
GSE25055,GSM615249,1,2,expanded_score,0,0.06150055190767527
GSE25055,GSM615250,1,2,expanded_score,0,0.6330298268423583
GSE25055,GSM615251,1,1,expanded_score,0,0.4786647318749346
GSE25055,GSM615252,1,1,expanded_score,0,0.018454259468172633
GSE25055,GSM615253,1,4,expanded_score,0,0.12576349177332113
GSE25055,GSM615254,1,2,expanded_score,0,0.043789713879738304
GSE25055,GSM615255,1,3,expanded_score,0,0.32474651705621776
GSE25055,GSM615256,1,2,expanded_score,1,0.15089130735573109
GSE25055,GSM615257,1,0,expanded_score,0,0.004657213562683
GSE25055,GSM615258,1,3,expanded_score,0,0.04703737071133768
GSE25055,GSM615259,1,0,expanded_score,0,0.017626830971443738
GSE25055,GSM615260,1,3,expanded_score,0,0.244844013039768
GSE25055,GSM615261,1,0,expanded_score,0,0.06822551225582335
GSE25055,GSM615262,1,0,expanded_score,0,0.011264164699124035
GSE25055,GSM615263,1,2,expanded_score,1,0.15087862889153536
GSE25055,GSM615264,1,2,expanded_score,1,0.23445175114722658
GSE25055,GSM615265,1,4,expanded_score,0,0.22758978968879146
GSE25055,GSM615266,1,4,expanded_score,0,0.04030227391890424
GSE25055,GSM615267,1,4,expanded_score,0,0.09797234792186035
GSE25055,GSM615268,1,0,expanded_score,0,0.028052450927577268
GSE25055,GSM615269,1,0,expanded_score,0,0.03798089851841141
GSE25055,GSM615270,1,4,expanded_score,1,0.4114218499904063
GSE25055,GSM615271,1,1,expanded_score,0,0.12653491075509982
GSE25055,GSM615272,1,3,expanded_score,0,0.022632759221244598
GSE25055,GSM615273,1,4,expanded_score,0,0.0758893611836882
GSE25055,GSM615274,1,4,expanded_score,0,0.18115747557369652
GSE25055,GSM615275,1,0,expanded_score,0,0.18688379193854512
GSE25055,GSM615276,1,4,expanded_score,0,0.2613687424147314
GSE25055,GSM615277,1,3,expanded_score,0,0.04527095765994497
GSE25055,GSM615278,1,3,expanded_score,0,0.12517710868551002
GSE25055,GSM615279,1,3,expanded_score,0,0.03793352320967063
GSE25055,GSM615280,1,1,expanded_score,1,0.13480283676203722
GSE25055,GSM615281,1,2,expanded_score,0,0.08444517987483205
GSE25055,GSM615282,1,1,expanded_score,0,0.0438075001158685
GSE25055,GSM615283,1,1,expanded_score,0,0.0885232586550108
GSE25055,GSM615284,1,0,expanded_score,1,0.32076000591237486
GSE25055,GSM615285,1,3,expanded_score,0,0.0905421412185873
GSE25055,GSM615286,1,2,expanded_score,0,0.16486803816564405
GSE25055,GSM615287,1,3,expanded_score,0,0.19219416761616542
GSE25055,GSM615288,1,2,expanded_score,0,0.6594265103439402
GSE25055,GSM615289,1,3,expanded_score,0,0.1014482235218091
GSE25055,GSM615290,1,0,expanded_score,0,0.07933409920882208
GSE25055,GSM615291,1,3,expanded_score,1,0.3005954987401125
GSE25055,GSM615292,1,0,expanded_score,0,0.04441249254647693
GSE25055,GSM615293,1,0,expanded_score,1,0.6833225277218755
GSE25055,GSM615294,1,0,expanded_score,0,0.1460857066138057
GSE25055,GSM615295,1,0,expanded_score,0,0.1429238601908348
GSE25055,GSM615296,1,1,expanded_score,0,0.03564355722904961
GSE25055,GSM615297,1,3,expanded_score,0,0.4386786744331092
GSE25055,GSM615298,1,0,expanded_score,0,0.045852694218875355
GSE25055,GSM615299,1,0,expanded_score,0,0.031326653682447685
GSE25055,GSM615300,1,3,expanded_score,1,0.25543742692213056
GSE25055,GSM615301,1,2,expanded_score,0,0.11299300800121151
GSE25055,GSM615302,1,1,expanded_score,0,0.07414611513980916
GSE25055,GSM615303,1,1,expanded_score,0,0.2488606650616379
GSE25055,GSM615304,1,4,expanded_score,0,0.07335486247612776
GSE25055,GSM615305,1,1,expanded_score,0,0.06217682561347499
GSE25055,GSM615306,1,3,expanded_score,0,0.022254324765049835
GSE25055,GSM615307,1,3,expanded_score,1,0.7368563847640257
GSE25055,GSM615308,1,0,expanded_score,0,0.06446350241902718
GSE25055,GSM615309,1,0,expanded_score,0,0.05454661904687934
GSE25055,GSM615310,1,1,expanded_score,1,0.34230943094661864
GSE25055,GSM615311,1,0,expanded_score,0,0.0218396876404981
GSE25055,GSM615312,1,0,expanded_score,0,0.15820893468480834
GSE25055,GSM615313,1,2,expanded_score,0,0.03153218618209305
GSE25055,GSM615314,1,2,expanded_score,0,0.021051292075863398
GSE25055,GSM615315,1,1,expanded_score,0,0.46687654521260447
GSE25055,GSM615316,1,3,expanded_score,0,0.022224543548204957
GSE25055,GSM615317,1,2,expanded_score,0,0.4994993863273061
GSE25055,GSM615318,1,4,expanded_score,0,0.025813982129509888
GSE25055,GSM615319,1,3,expanded_score,0,0.21138588568032482
GSE25055,GSM615320,1,1,expanded_score,0,0.6137637890281573
GSE25055,GSM615321,1,0,expanded_score,0,0.4065155817441129
GSE25055,GSM615322,1,1,expanded_score,0,0.40551157628019646
GSE25055,GSM615323,1,3,expanded_score,0,0.2329727007402635
GSE25055,GSM615324,1,1,expanded_score,1,0.7419151750354885
GSE25055,GSM615325,1,0,expanded_score,1,0.6158024620610179
GSE25055,GSM615326,1,3,expanded_score,0,0.3541879213659213
GSE25055,GSM615327,1,0,expanded_score,0,0.26244069374301804
GSE25055,GSM615328,1,1,expanded_score,0,0.01933647835668299
GSE25055,GSM615329,1,2,expanded_score,0,0.03139690134046723
GSE25055,GSM615330,1,3,expanded_score,0,0.11348975805793532
GSE25055,GSM615331,1,4,expanded_score,1,0.0635523922934842
GSE25055,GSM615332,1,1,expanded_score,0,0.090258171903753
GSE25055,GSM615333,1,1,expanded_score,0,0.1808118474842004
GSE25055,GSM615334,1,4,expanded_score,1,0.502555458891895
GSE25055,GSM615335,1,2,expanded_score,0,0.43023429616661046
GSE25055,GSM615336,1,2,expanded_score,1,0.5678398847038921
GSE25055,GSM615337,1,0,expanded_score,0,0.04070608690547755
GSE25055,GSM615338,1,4,expanded_score,1,0.3713504586139045
GSE25055,GSM615339,1,0,expanded_score,0,0.015695705558762135
GSE25055,GSM615340,1,1,expanded_score,0,0.03901095398747698
GSE25055,GSM615341,1,4,expanded_score,0,0.03473730447330688
GSE25055,GSM615342,1,3,expanded_score,0,0.14014312216991548
GSE25055,GSM615343,1,4,expanded_score,0,0.22151847265318195
GSE25055,GSM615344,1,0,expanded_score,0,0.1999495929725051
GSE25055,GSM615345,1,2,expanded_score,0,0.06963339892516797
GSE25055,GSM615346,1,3,expanded_score,0,0.49830243933375634
GSE25055,GSM615347,1,4,expanded_score,0,0.33758024418293636
GSE25055,GSM615348,1,3,expanded_score,0,0.5177797417285562
GSE25055,GSM615349,1,2,expanded_score,0,0.03338042197506468
GSE25055,GSM615350,1,0,expanded_score,0,0.1995741704341996
GSE25055,GSM615351,1,0,expanded_score,0,0.015031043564033678
GSE25055,GSM615352,1,1,expanded_score,0,0.009171589431122291
GSE25055,GSM615353,1,0,expanded_score,1,0.1444146950847746
GSE25055,GSM615354,1,3,expanded_score,1,0.22525494593979092
GSE25055,GSM615355,1,2,expanded_score,0,0.06351582924869639
GSE25055,GSM615356,1,1,expanded_score,0,0.2040061945183329
GSE25055,GSM615357,1,3,expanded_score,1,0.4591343907206692
GSE25055,GSM615358,1,1,expanded_score,0,0.015197914216261703
GSE25055,GSM615359,1,2,expanded_score,1,0.2623358644224709
GSE25055,GSM615360,1,2,expanded_score,0,0.04616336257158409
GSE25055,GSM615361,1,2,expanded_score,0,0.1648058334846942
GSE25055,GSM615362,1,4,expanded_score,0,0.01673199529288376
GSE25055,GSM615363,1,1,expanded_score,0,0.20946859511963237
GSE25055,GSM615364,1,4,expanded_score,0,0.5489677592382208
GSE25055,GSM615365,1,4,expanded_score,0,0.03825324920408378
GSE25055,GSM615366,1,1,expanded_score,0,0.021831080689020226
GSE25055,GSM615367,1,4,expanded_score,0,0.06573039704786464
GSE25055,GSM615368,1,0,expanded_score,0,0.6382892164139701
GSE25055,GSM615369,1,3,expanded_score,0,0.26180279665464945
GSE25055,GSM615370,1,3,expanded_score,0,0.08631424624059539
GSE25055,GSM615371,1,2,expanded_score,1,0.32618081640882446
GSE25055,GSM615372,1,2,expanded_score,0,0.5098292018053417
GSE25055,GSM615373,1,3,expanded_score,0,0.10055973477080903
GSE25055,GSM615374,1,1,expanded_score,0,0.006940305104847151
GSE25055,GSM615375,1,3,expanded_score,1,0.36595418650728573
GSE25055,GSM615376,1,1,expanded_score,0,0.17324773475402636
GSE25055,GSM615377,1,1,expanded_score,0,0.006471743674812084
GSE25055,GSM615378,1,0,expanded_score,0,0.39531193419766425
GSE25055,GSM615379,1,2,expanded_score,1,0.07732652715047639
GSE25055,GSM615380,1,0,expanded_score,0,0.5295006157455239
GSE25055,GSM615381,1,4,expanded_score,0,0.015719143685216534
GSE25055,GSM615382,1,2,expanded_score,0,0.14828813293436427
GSE25055,GSM615383,1,1,expanded_score,1,0.017084314503798603
GSE25055,GSM615384,1,3,expanded_score,0,0.21086706540477027
GSE25055,GSM615385,1,4,expanded_score,0,0.09518744354295162
GSE25055,GSM615386,1,2,expanded_score,0,0.023960507219995587
GSE25055,GSM615387,1,0,expanded_score,0,0.3100763014452593
GSE25055,GSM615388,1,1,expanded_score,0,0.02000998125831301
GSE25055,GSM615389,1,4,expanded_score,0,0.0463060759187322
GSE25055,GSM615390,1,4,expanded_score,0,0.5085901133045868
GSE25055,GSM615391,1,1,expanded_score,0,0.016187895206435793
GSE25055,GSM615392,1,0,expanded_score,0,0.2909772373934868
GSE25055,GSM615393,1,0,expanded_score,1,0.24799189138331873
GSE25055,GSM615394,1,0,expanded_score,1,0.225596239646954
GSE25055,GSM615395,1,1,expanded_score,0,0.01850348358237589
GSE25055,GSM615396,1,4,expanded_score,1,0.42985006727909997
GSE25055,GSM615397,1,3,expanded_score,1,0.1900675208606097
GSE25055,GSM615398,1,1,expanded_score,0,0.06133028869296025
GSE25055,GSM615399,1,2,expanded_score,0,0.02540083135068784
GSE25055,GSM615400,1,1,expanded_score,0,0.024698381272766683
GSE25055,GSM615401,1,0,expanded_score,0,0.07233709542635022
GSE25055,GSM615402,1,4,expanded_score,0,0.02574088431779572
GSE25055,GSM615403,1,4,expanded_score,0,0.19037800533199348
GSE25055,GSM615404,1,1,expanded_score,0,0.05547011057277394
GSE25055,GSM615405,1,1,expanded_score,0,0.44861282537840735
GSE25055,GSM615096,1,0,expanded_pam50,0,0.041984402197426135
GSE25055,GSM615097,1,3,expanded_pam50,0,0.06432369450691973
GSE25055,GSM615098,1,4,expanded_pam50,0,0.340665813052333
GSE25055,GSM615099,1,0,expanded_pam50,1,0.4582685253073824
GSE25055,GSM615100,1,4,expanded_pam50,0,0.037272775081266876
GSE25055,GSM615101,1,3,expanded_pam50,0,0.3266834974172533
GSE25055,GSM615102,1,4,expanded_pam50,0,0.33967482589717046
GSE25055,GSM615104,1,2,expanded_pam50,0,0.3096384513037536
GSE25055,GSM615106,1,4,expanded_pam50,0,0.262335848358079
GSE25055,GSM615107,1,2,expanded_pam50,0,0.3598022394673328
GSE25055,GSM615108,1,2,expanded_pam50,0,0.24078757007352417
GSE25055,GSM615109,1,1,expanded_pam50,0,0.33856662067452353
GSE25055,GSM615111,1,0,expanded_pam50,0,0.2972753957521207
GSE25055,GSM615112,1,3,expanded_pam50,0,0.27276240408842295
GSE25055,GSM615113,1,4,expanded_pam50,0,0.37443360009092064
GSE25055,GSM615114,1,0,expanded_pam50,0,0.029035413995363937
GSE25055,GSM615115,1,0,expanded_pam50,0,0.13792887269990398
GSE25055,GSM615116,1,4,expanded_pam50,0,0.7467688901369053
GSE25055,GSM615117,1,4,expanded_pam50,0,0.1467742065173621
GSE25055,GSM615120,1,2,expanded_pam50,0,0.006644599892282248
GSE25055,GSM615121,1,2,expanded_pam50,0,0.146383200657633
GSE25055,GSM615122,1,2,expanded_pam50,1,0.040039560876013146
GSE25055,GSM615123,1,3,expanded_pam50,1,0.10867264067407914
GSE25055,GSM615124,1,0,expanded_pam50,0,0.04535869859698275
GSE25055,GSM615125,1,0,expanded_pam50,0,0.03960108096890525
GSE25055,GSM615126,1,2,expanded_pam50,0,0.024463154006609436
GSE25055,GSM615127,1,2,expanded_pam50,0,0.03674360445006488
GSE25055,GSM615128,1,3,expanded_pam50,0,0.08280082958147036
GSE25055,GSM615129,1,4,expanded_pam50,0,0.08782144989801206
GSE25055,GSM615130,1,0,expanded_pam50,0,0.035437638851348534
GSE25055,GSM615131,1,0,expanded_pam50,0,0.06806979510287331
GSE25055,GSM615132,1,0,expanded_pam50,0,0.030349897568526265
GSE25055,GSM615133,1,3,expanded_pam50,0,0.014110122475305888
GSE25055,GSM615134,1,1,expanded_pam50,0,0.028912890527344578
GSE25055,GSM615135,1,4,expanded_pam50,0,0.3810443551537926
GSE25055,GSM615136,1,2,expanded_pam50,0,0.2413452355921822
GSE25055,GSM615137,1,1,expanded_pam50,1,0.12973049362377237
GSE25055,GSM615138,1,1,expanded_pam50,0,0.08966866971571755
GSE25055,GSM615139,1,3,expanded_pam50,1,0.22095462019205853
GSE25055,GSM615140,1,1,expanded_pam50,1,0.01402322029372562
GSE25055,GSM615142,1,3,expanded_pam50,0,0.08427565305384303
GSE25055,GSM615143,1,4,expanded_pam50,1,0.2737216768533153
GSE25055,GSM615144,1,2,expanded_pam50,0,0.026801301129998435
GSE25055,GSM615145,1,3,expanded_pam50,0,0.321987642095826
GSE25055,GSM615146,1,1,expanded_pam50,1,0.3835157872129204
GSE25055,GSM615147,1,1,expanded_pam50,0,0.04320761264753965
GSE25055,GSM615148,1,2,expanded_pam50,0,0.34866126306692913
GSE25055,GSM615149,1,4,expanded_pam50,0,0.37925502779486897
GSE25055,GSM615150,1,1,expanded_pam50,0,0.028743126453061596
GSE25055,GSM615151,1,1,expanded_pam50,0,0.23625638693420506
GSE25055,GSM615153,1,0,expanded_pam50,0,0.02930993922420198
GSE25055,GSM615154,1,4,expanded_pam50,1,0.4890310570533362
GSE25055,GSM615155,1,1,expanded_pam50,0,0.0817740034945763
GSE25055,GSM615156,1,4,expanded_pam50,0,0.498186379232432
GSE25055,GSM615157,1,1,expanded_pam50,0,0.06102912080989651
GSE25055,GSM615158,1,2,expanded_pam50,0,0.01166533871701918
GSE25055,GSM615159,1,2,expanded_pam50,0,0.37816550154441436
GSE25055,GSM615160,1,3,expanded_pam50,0,0.4555544099821264
GSE25055,GSM615162,1,3,expanded_pam50,0,0.014953833794448904
GSE25055,GSM615164,1,2,expanded_pam50,1,0.2589085740867023
GSE25055,GSM615165,1,1,expanded_pam50,0,0.047641538501991355
GSE25055,GSM615166,1,1,expanded_pam50,0,0.028729065724483974
GSE25055,GSM615167,1,0,expanded_pam50,1,0.14355342315494382
GSE25055,GSM615168,1,0,expanded_pam50,0,0.07875531040174015
GSE25055,GSM615169,1,4,expanded_pam50,0,0.36691924686025007
GSE25055,GSM615170,1,1,expanded_pam50,0,0.0197697433100949
GSE25055,GSM615171,1,4,expanded_pam50,1,0.3734046225814278
GSE25055,GSM615172,1,4,expanded_pam50,0,0.03144952993150204
GSE25055,GSM615173,1,2,expanded_pam50,0,0.2257536550365732
GSE25055,GSM615174,1,2,expanded_pam50,0,0.17666661302663866
GSE25055,GSM615175,1,2,expanded_pam50,1,0.25694596177712514
GSE25055,GSM615176,1,3,expanded_pam50,0,0.025472778502297913
GSE25055,GSM615177,1,3,expanded_pam50,0,0.08799043041245674
GSE25055,GSM615178,1,1,expanded_pam50,0,0.4089262032517084
GSE25055,GSM615179,1,2,expanded_pam50,0,0.03096464138249
GSE25055,GSM615180,1,3,expanded_pam50,0,0.0359221395502399
GSE25055,GSM615181,1,4,expanded_pam50,1,0.36284486759963336
GSE25055,GSM615182,1,3,expanded_pam50,0,0.14440405910957194
GSE25055,GSM615183,1,4,expanded_pam50,0,0.05569726233598207
GSE25055,GSM615184,1,3,expanded_pam50,0,0.3117266891837939
GSE25055,GSM615185,1,0,expanded_pam50,0,0.41924298306790275
GSE25055,GSM615186,1,0,expanded_pam50,1,0.01095187723747109
GSE25055,GSM615187,1,4,expanded_pam50,0,0.028797267358316777
GSE25055,GSM615188,1,1,expanded_pam50,0,0.23612105003264644
GSE25055,GSM615189,1,4,expanded_pam50,0,0.20224543826554087
GSE25055,GSM615190,1,3,expanded_pam50,0,0.5177896864008824
GSE25055,GSM615191,1,1,expanded_pam50,1,0.3990505702868891
GSE25055,GSM615192,1,1,expanded_pam50,0,0.024916785245450754
GSE25055,GSM615193,1,0,expanded_pam50,1,0.3197914876181435
GSE25055,GSM615194,1,0,expanded_pam50,1,0.4721676532014098
GSE25055,GSM615195,1,3,expanded_pam50,0,0.4843668757754676
GSE25055,GSM615196,1,3,expanded_pam50,0,0.086830930249533
GSE25055,GSM615197,1,1,expanded_pam50,0,0.3013026508402806
GSE25055,GSM615198,1,1,expanded_pam50,0,0.023103975217000007
GSE25055,GSM615199,1,2,expanded_pam50,0,0.06806309518105624
GSE25055,GSM615200,1,2,expanded_pam50,0,0.20558554136723908
GSE25055,GSM615201,1,0,expanded_pam50,1,0.0795665125707536
GSE25055,GSM615202,1,4,expanded_pam50,1,0.3215475719430604
GSE25055,GSM615203,1,3,expanded_pam50,0,0.01617548270913785
GSE25055,GSM615204,1,2,expanded_pam50,0,0.07906221397691156
GSE25055,GSM615205,1,4,expanded_pam50,0,0.09047678875376317
GSE25055,GSM615206,1,2,expanded_pam50,0,0.05942074913518343
GSE25055,GSM615207,1,3,expanded_pam50,0,0.05190350016974123
GSE25055,GSM615208,1,1,expanded_pam50,0,0.028295187954163064
GSE25055,GSM615209,1,3,expanded_pam50,1,0.3552519081052034
GSE25055,GSM615210,1,4,expanded_pam50,0,0.060312078535378975
GSE25055,GSM615211,1,4,expanded_pam50,1,0.5102722639039058
GSE25055,GSM615212,1,1,expanded_pam50,1,0.3561684259575601
GSE25055,GSM615213,1,2,expanded_pam50,1,0.27570371066552646
GSE25055,GSM615214,1,3,expanded_pam50,0,0.050723544612910273
GSE25055,GSM615215,1,3,expanded_pam50,1,0.29461542287859477
GSE25055,GSM615216,1,3,expanded_pam50,0,0.03312729812998328
GSE25055,GSM615217,1,0,expanded_pam50,0,0.02923398699081159
GSE25055,GSM615218,1,4,expanded_pam50,0,0.2564292413873581
GSE25055,GSM615219,1,3,expanded_pam50,0,0.2819691541493773
GSE25055,GSM615220,1,3,expanded_pam50,0,0.21017028057295115
GSE25055,GSM615221,1,4,expanded_pam50,0,0.0569452367013443
GSE25055,GSM615222,1,3,expanded_pam50,0,0.044932114930769304
GSE25055,GSM615223,1,0,expanded_pam50,0,0.351181664092564
GSE25055,GSM615224,1,2,expanded_pam50,0,0.03419391525376483
GSE25055,GSM615225,1,4,expanded_pam50,0,0.24541515397197203
GSE25055,GSM615226,1,4,expanded_pam50,0,0.027306659660659448
GSE25055,GSM615227,1,4,expanded_pam50,0,0.059602197246640835
GSE25055,GSM615228,1,2,expanded_pam50,0,0.32749688305082136
GSE25055,GSM615229,1,3,expanded_pam50,0,0.13090840342377733
GSE25055,GSM615230,1,0,expanded_pam50,0,0.13375789855581452
GSE25055,GSM615231,1,0,expanded_pam50,0,0.02846441092131394
GSE25055,GSM615232,1,2,expanded_pam50,0,0.03096464138249
GSE25055,GSM615233,1,0,expanded_pam50,0,0.014637172629124466
GSE25055,GSM615234,1,4,expanded_pam50,0,0.2680909318096782
GSE25055,GSM615235,1,2,expanded_pam50,0,0.025524395420932655
GSE25055,GSM615236,1,4,expanded_pam50,0,0.0763856662554611
GSE25055,GSM615237,1,2,expanded_pam50,0,0.04064167091901588
GSE25055,GSM615238,1,1,expanded_pam50,0,0.1060878623271252
GSE25055,GSM615239,1,4,expanded_pam50,0,0.0962990195799199
GSE25055,GSM615240,1,1,expanded_pam50,1,0.4429422744924752
GSE25055,GSM615241,1,0,expanded_pam50,0,0.020110271059322404
GSE25055,GSM615242,1,1,expanded_pam50,1,0.37646487982087945
GSE25055,GSM615243,1,2,expanded_pam50,0,0.03965385253822336
GSE25055,GSM615244,1,0,expanded_pam50,0,0.5118854494377659
GSE25055,GSM615245,1,2,expanded_pam50,0,0.07138807523018073
GSE25055,GSM615246,1,2,expanded_pam50,0,0.06450055330834645
GSE25055,GSM615247,1,2,expanded_pam50,0,0.2626010440379943
GSE25055,GSM615248,1,4,expanded_pam50,0,0.13370975293719928
GSE25055,GSM615249,1,2,expanded_pam50,0,0.1369935520365732
GSE25055,GSM615250,1,2,expanded_pam50,0,0.5323849772067673
GSE25055,GSM615251,1,1,expanded_pam50,0,0.45570811545421114
GSE25055,GSM615252,1,1,expanded_pam50,0,0.02448883213721899
GSE25055,GSM615253,1,4,expanded_pam50,0,0.12872923347059123
GSE25055,GSM615254,1,2,expanded_pam50,0,0.05221220362166525
GSE25055,GSM615255,1,3,expanded_pam50,0,0.406797749136577
GSE25055,GSM615256,1,2,expanded_pam50,1,0.10574492190402646
GSE25055,GSM615257,1,0,expanded_pam50,0,0.012131543431281042
GSE25055,GSM615258,1,3,expanded_pam50,0,0.056851839458160955
GSE25055,GSM615259,1,0,expanded_pam50,0,0.026843882630917457
GSE25055,GSM615260,1,3,expanded_pam50,0,0.21558376954125225
GSE25055,GSM615261,1,0,expanded_pam50,0,0.05556260982560945
GSE25055,GSM615262,1,0,expanded_pam50,0,0.01490380693678041
GSE25055,GSM615263,1,2,expanded_pam50,1,0.07620685413353753
GSE25055,GSM615264,1,2,expanded_pam50,1,0.40274463200933724
GSE25055,GSM615265,1,4,expanded_pam50,0,0.3669814938509075
GSE25055,GSM615266,1,4,expanded_pam50,0,0.02126161652443666
GSE25055,GSM615267,1,4,expanded_pam50,0,0.10472532578035716
GSE25055,GSM615268,1,0,expanded_pam50,0,0.016982338564462376
GSE25055,GSM615269,1,0,expanded_pam50,0,0.04822428977209578
GSE25055,GSM615270,1,4,expanded_pam50,1,0.30983572240323076
GSE25055,GSM615271,1,1,expanded_pam50,0,0.048829760697079456
GSE25055,GSM615272,1,3,expanded_pam50,0,0.028441769639024134
GSE25055,GSM615273,1,4,expanded_pam50,0,0.04584175033238825
GSE25055,GSM615274,1,4,expanded_pam50,0,0.09786057739788716
GSE25055,GSM615275,1,0,expanded_pam50,0,0.12225474285863541
GSE25055,GSM615276,1,4,expanded_pam50,0,0.3527457281443519
GSE25055,GSM615277,1,3,expanded_pam50,0,0.03819311671340409
GSE25055,GSM615278,1,3,expanded_pam50,0,0.1174702379531937
GSE25055,GSM615279,1,3,expanded_pam50,0,0.042209810504543525
GSE25055,GSM615280,1,1,expanded_pam50,1,0.06871057491794715
GSE25055,GSM615281,1,2,expanded_pam50,0,0.07639106698576954
GSE25055,GSM615282,1,1,expanded_pam50,0,0.028815353471063242
GSE25055,GSM615283,1,1,expanded_pam50,0,0.04224348147971545
GSE25055,GSM615284,1,0,expanded_pam50,1,0.2980091913721458
GSE25055,GSM615285,1,3,expanded_pam50,0,0.12761559364414415
GSE25055,GSM615286,1,2,expanded_pam50,0,0.09519972094610406
GSE25055,GSM615287,1,3,expanded_pam50,0,0.17215807300752803
GSE25055,GSM615288,1,2,expanded_pam50,0,0.6265280877404295
GSE25055,GSM615289,1,3,expanded_pam50,0,0.047601941879562924
GSE25055,GSM615290,1,0,expanded_pam50,0,0.061086041396792794
GSE25055,GSM615291,1,3,expanded_pam50,1,0.33393687647857523
GSE25055,GSM615292,1,0,expanded_pam50,0,0.03885461933916873
GSE25055,GSM615293,1,0,expanded_pam50,1,0.4796819127274963
GSE25055,GSM615294,1,0,expanded_pam50,0,0.10924781923892807
GSE25055,GSM615295,1,0,expanded_pam50,0,0.1777958151294642
GSE25055,GSM615296,1,1,expanded_pam50,0,0.02100060303146901
GSE25055,GSM615297,1,3,expanded_pam50,0,0.3409719629152295
GSE25055,GSM615298,1,0,expanded_pam50,0,0.041214724545981914
GSE25055,GSM615299,1,0,expanded_pam50,0,0.0519598921973887
GSE25055,GSM615300,1,3,expanded_pam50,1,0.34807780582432357
GSE25055,GSM615301,1,2,expanded_pam50,0,0.12691265035650423
GSE25055,GSM615302,1,1,expanded_pam50,0,0.05463921276863048
GSE25055,GSM615303,1,1,expanded_pam50,0,0.2517107777440033
GSE25055,GSM615304,1,4,expanded_pam50,0,0.17469118276531437
GSE25055,GSM615305,1,1,expanded_pam50,0,0.052701999222524255
GSE25055,GSM615306,1,3,expanded_pam50,0,0.025681902447933926
GSE25055,GSM615307,1,3,expanded_pam50,1,0.5397079011504908
GSE25055,GSM615308,1,0,expanded_pam50,0,0.11382073925105134
GSE25055,GSM615309,1,0,expanded_pam50,0,0.06860035769504248
GSE25055,GSM615310,1,1,expanded_pam50,1,0.12185523172832854
GSE25055,GSM615311,1,0,expanded_pam50,0,0.03233944283672534
GSE25055,GSM615312,1,0,expanded_pam50,0,0.20509228485438172
GSE25055,GSM615313,1,2,expanded_pam50,0,0.04925447170692701
GSE25055,GSM615314,1,2,expanded_pam50,0,0.030389915072592
GSE25055,GSM615315,1,1,expanded_pam50,0,0.348612788656829
GSE25055,GSM615316,1,3,expanded_pam50,0,0.0399132082201962
GSE25055,GSM615317,1,2,expanded_pam50,0,0.4799817483442161
GSE25055,GSM615318,1,4,expanded_pam50,0,0.03167631684790187
GSE25055,GSM615319,1,3,expanded_pam50,0,0.30654983974433525
GSE25055,GSM615320,1,1,expanded_pam50,0,0.4685324245101978
GSE25055,GSM615321,1,0,expanded_pam50,0,0.43830402270849184
GSE25055,GSM615322,1,1,expanded_pam50,0,0.29253087427466046
GSE25055,GSM615323,1,3,expanded_pam50,0,0.41491373050443003
GSE25055,GSM615324,1,1,expanded_pam50,1,0.5147508594883801
GSE25055,GSM615325,1,0,expanded_pam50,1,0.5294043334891155
GSE25055,GSM615326,1,3,expanded_pam50,0,0.24101804564649684
GSE25055,GSM615327,1,0,expanded_pam50,0,0.28198636929681387
GSE25055,GSM615328,1,1,expanded_pam50,0,0.021267447432476667
GSE25055,GSM615329,1,2,expanded_pam50,0,0.0448334611556383
GSE25055,GSM615330,1,3,expanded_pam50,0,0.2616728249392604
GSE25055,GSM615331,1,4,expanded_pam50,1,0.1483110661372422
GSE25055,GSM615332,1,1,expanded_pam50,0,0.08202701506353667
GSE25055,GSM615333,1,1,expanded_pam50,0,0.2356910403999226
GSE25055,GSM615334,1,4,expanded_pam50,1,0.3232548786205792
GSE25055,GSM615335,1,2,expanded_pam50,0,0.454462630826203
GSE25055,GSM615336,1,2,expanded_pam50,1,0.46720073762280645
GSE25055,GSM615337,1,0,expanded_pam50,0,0.03918366203945823
GSE25055,GSM615338,1,4,expanded_pam50,1,0.4301512260890699
GSE25055,GSM615339,1,0,expanded_pam50,0,0.027776231143795373
GSE25055,GSM615340,1,1,expanded_pam50,0,0.061643706051166404
GSE25055,GSM615341,1,4,expanded_pam50,0,0.0464868843855631
GSE25055,GSM615342,1,3,expanded_pam50,0,0.13154104299388777
GSE25055,GSM615343,1,4,expanded_pam50,0,0.23918511565095277
GSE25055,GSM615344,1,0,expanded_pam50,0,0.2755823726364845
GSE25055,GSM615345,1,2,expanded_pam50,0,0.13372246738417284
GSE25055,GSM615346,1,3,expanded_pam50,0,0.46120324338292007
GSE25055,GSM615347,1,4,expanded_pam50,0,0.3274148550929896
GSE25055,GSM615348,1,3,expanded_pam50,0,0.5097476540573588
GSE25055,GSM615349,1,2,expanded_pam50,0,0.035928123861039545
GSE25055,GSM615350,1,0,expanded_pam50,0,0.20139334589875552
GSE25055,GSM615351,1,0,expanded_pam50,0,0.010579207024566188
GSE25055,GSM615352,1,1,expanded_pam50,0,0.014584637099912198
GSE25055,GSM615353,1,0,expanded_pam50,1,0.15393783825127405
GSE25055,GSM615354,1,3,expanded_pam50,1,0.20962920619188297
GSE25055,GSM615355,1,2,expanded_pam50,0,0.03868907537583213
GSE25055,GSM615356,1,1,expanded_pam50,0,0.421469562426908
GSE25055,GSM615357,1,3,expanded_pam50,1,0.3771570712798717
GSE25055,GSM615358,1,1,expanded_pam50,0,0.031709413852618815
GSE25055,GSM615359,1,2,expanded_pam50,1,0.16157548256675996
GSE25055,GSM615360,1,2,expanded_pam50,0,0.04736473394068447
GSE25055,GSM615361,1,2,expanded_pam50,0,0.13244263343855334
GSE25055,GSM615362,1,4,expanded_pam50,0,0.01487258568280832
GSE25055,GSM615363,1,1,expanded_pam50,0,0.39239771307450305
GSE25055,GSM615364,1,4,expanded_pam50,0,0.5139329312478947
GSE25055,GSM615365,1,4,expanded_pam50,0,0.037133184547169205
GSE25055,GSM615366,1,1,expanded_pam50,0,0.0205361271481822
GSE25055,GSM615367,1,4,expanded_pam50,0,0.09677739054529494
GSE25055,GSM615368,1,0,expanded_pam50,0,0.4862556612233604
GSE25055,GSM615369,1,3,expanded_pam50,0,0.399575849573843
GSE25055,GSM615370,1,3,expanded_pam50,0,0.06202008634892473
GSE25055,GSM615371,1,2,expanded_pam50,1,0.3559892781221668
GSE25055,GSM615372,1,2,expanded_pam50,0,0.5312003438983602
GSE25055,GSM615373,1,3,expanded_pam50,0,0.07512805831814588
GSE25055,GSM615374,1,1,expanded_pam50,0,0.009398488642576173
GSE25055,GSM615375,1,3,expanded_pam50,1,0.16567240622561843
GSE25055,GSM615376,1,1,expanded_pam50,0,0.29047781612745016
GSE25055,GSM615377,1,1,expanded_pam50,0,0.0316343781829732
GSE25055,GSM615378,1,0,expanded_pam50,0,0.45783284846962946
GSE25055,GSM615379,1,2,expanded_pam50,1,0.12691265035650423
GSE25055,GSM615380,1,0,expanded_pam50,0,0.38587881675378
GSE25055,GSM615381,1,4,expanded_pam50,0,0.04075116972877923
GSE25055,GSM615382,1,2,expanded_pam50,0,0.3201829140452285
GSE25055,GSM615383,1,1,expanded_pam50,1,0.024916785245450754
GSE25055,GSM615384,1,3,expanded_pam50,0,0.3131230372758014
GSE25055,GSM615385,1,4,expanded_pam50,0,0.21971344761792194
GSE25055,GSM615386,1,2,expanded_pam50,0,0.05221220362166525
GSE25055,GSM615387,1,0,expanded_pam50,0,0.46437440298142874
GSE25055,GSM615388,1,1,expanded_pam50,0,0.021326650402825283
GSE25055,GSM615389,1,4,expanded_pam50,0,0.0354410054815737
GSE25055,GSM615390,1,4,expanded_pam50,0,0.47001859291880443
GSE25055,GSM615391,1,1,expanded_pam50,0,0.05154794278827852
GSE25055,GSM615392,1,0,expanded_pam50,0,0.27122316738039576
GSE25055,GSM615393,1,0,expanded_pam50,1,0.3796592412297741
GSE25055,GSM615394,1,0,expanded_pam50,1,0.3534451134845239
GSE25055,GSM615395,1,1,expanded_pam50,0,0.027272078030192236
GSE25055,GSM615396,1,4,expanded_pam50,1,0.4221471364826366
GSE25055,GSM615397,1,3,expanded_pam50,1,0.1579853725906628
GSE25055,GSM615398,1,1,expanded_pam50,0,0.08065925197059454
GSE25055,GSM615399,1,2,expanded_pam50,0,0.024553700486400216
GSE25055,GSM615400,1,1,expanded_pam50,0,0.019268507379666525
GSE25055,GSM615401,1,0,expanded_pam50,0,0.059228001271618994
GSE25055,GSM615402,1,4,expanded_pam50,0,0.021478059827736474
GSE25055,GSM615403,1,4,expanded_pam50,0,0.13507433147942868
GSE25055,GSM615404,1,1,expanded_pam50,0,0.11532049297599906
GSE25055,GSM615405,1,1,expanded_pam50,0,0.20960484964769563
GSE25055,GSM615096,1,0,expanded_pam50_score,0,0.03251262373059121
GSE25055,GSM615097,1,3,expanded_pam50_score,0,0.04755779194622791
GSE25055,GSM615098,1,4,expanded_pam50_score,0,0.3730279992308938
GSE25055,GSM615099,1,0,expanded_pam50_score,1,0.5706478144699098
GSE25055,GSM615100,1,4,expanded_pam50_score,0,0.067902009148029
GSE25055,GSM615101,1,3,expanded_pam50_score,0,0.38092354382561106
GSE25055,GSM615102,1,4,expanded_pam50_score,0,0.39461773786138643
GSE25055,GSM615104,1,2,expanded_pam50_score,0,0.2477895543830512
GSE25055,GSM615106,1,4,expanded_pam50_score,0,0.17051328707027252
GSE25055,GSM615107,1,2,expanded_pam50_score,0,0.3650390832381114
GSE25055,GSM615108,1,2,expanded_pam50_score,0,0.2843661652570838
GSE25055,GSM615109,1,1,expanded_pam50_score,0,0.4705927385079047
GSE25055,GSM615111,1,0,expanded_pam50_score,0,0.20951695298480397
GSE25055,GSM615112,1,3,expanded_pam50_score,0,0.32341107610442493
GSE25055,GSM615113,1,4,expanded_pam50_score,0,0.41916007226905294
GSE25055,GSM615114,1,0,expanded_pam50_score,0,0.02443308723712921
GSE25055,GSM615115,1,0,expanded_pam50_score,0,0.13842442298558066
GSE25055,GSM615116,1,4,expanded_pam50_score,0,0.6035535446719507
GSE25055,GSM615117,1,4,expanded_pam50_score,0,0.1992992016283103
GSE25055,GSM615120,1,2,expanded_pam50_score,0,0.0059147662051063565
GSE25055,GSM615121,1,2,expanded_pam50_score,0,0.09054576472483274
GSE25055,GSM615122,1,2,expanded_pam50_score,1,0.02586323932865584
GSE25055,GSM615123,1,3,expanded_pam50_score,1,0.23146717493037344
GSE25055,GSM615124,1,0,expanded_pam50_score,0,0.040055207433314144
GSE25055,GSM615125,1,0,expanded_pam50_score,0,0.02714075180695763
GSE25055,GSM615126,1,2,expanded_pam50_score,0,0.026164264184151454
GSE25055,GSM615127,1,2,expanded_pam50_score,0,0.04938862551021973
GSE25055,GSM615128,1,3,expanded_pam50_score,0,0.05123611248349027
GSE25055,GSM615129,1,4,expanded_pam50_score,0,0.061367141144224285
GSE25055,GSM615130,1,0,expanded_pam50_score,0,0.02325539708810106
GSE25055,GSM615131,1,0,expanded_pam50_score,0,0.05895419978102208
GSE25055,GSM615132,1,0,expanded_pam50_score,0,0.027469063480499795
GSE25055,GSM615133,1,3,expanded_pam50_score,0,0.014747049551635518
GSE25055,GSM615134,1,1,expanded_pam50_score,0,0.025383714369161012
GSE25055,GSM615135,1,4,expanded_pam50_score,0,0.3509387241912839
GSE25055,GSM615136,1,2,expanded_pam50_score,0,0.2737616907655238
GSE25055,GSM615137,1,1,expanded_pam50_score,1,0.09287003649048828
GSE25055,GSM615138,1,1,expanded_pam50_score,0,0.07716668350430649
GSE25055,GSM615139,1,3,expanded_pam50_score,1,0.3720555055986268
GSE25055,GSM615140,1,1,expanded_pam50_score,1,0.023944535884681064
GSE25055,GSM615142,1,3,expanded_pam50_score,0,0.06857154248460363
GSE25055,GSM615143,1,4,expanded_pam50_score,1,0.25341113547667726
GSE25055,GSM615144,1,2,expanded_pam50_score,0,0.02713251606838802
GSE25055,GSM615145,1,3,expanded_pam50_score,0,0.5319517229532095
GSE25055,GSM615146,1,1,expanded_pam50_score,1,0.325098092708055
GSE25055,GSM615147,1,1,expanded_pam50_score,0,0.032352737800343125
GSE25055,GSM615148,1,2,expanded_pam50_score,0,0.33186900647542744
GSE25055,GSM615149,1,4,expanded_pam50_score,0,0.28860589798469927
GSE25055,GSM615150,1,1,expanded_pam50_score,0,0.016993682256273943
GSE25055,GSM615151,1,1,expanded_pam50_score,0,0.28854022951057334
GSE25055,GSM615153,1,0,expanded_pam50_score,0,0.034759608455381986
GSE25055,GSM615154,1,4,expanded_pam50_score,1,0.3810730319643099
GSE25055,GSM615155,1,1,expanded_pam50_score,0,0.10420685058173866
GSE25055,GSM615156,1,4,expanded_pam50_score,0,0.37910238551931924
GSE25055,GSM615157,1,1,expanded_pam50_score,0,0.02608920659485638
GSE25055,GSM615158,1,2,expanded_pam50_score,0,0.01386270158072927
GSE25055,GSM615159,1,2,expanded_pam50_score,0,0.1660472332413756
GSE25055,GSM615160,1,3,expanded_pam50_score,0,0.4005340165045894
GSE25055,GSM615162,1,3,expanded_pam50_score,0,0.012178014387153397
GSE25055,GSM615164,1,2,expanded_pam50_score,1,0.392170389843148
GSE25055,GSM615165,1,1,expanded_pam50_score,0,0.04342036321069523
GSE25055,GSM615166,1,1,expanded_pam50_score,0,0.05055389247188644
GSE25055,GSM615167,1,0,expanded_pam50_score,1,0.10327872567970202
GSE25055,GSM615168,1,0,expanded_pam50_score,0,0.04566127560609593
GSE25055,GSM615169,1,4,expanded_pam50_score,0,0.350782072110413
GSE25055,GSM615170,1,1,expanded_pam50_score,0,0.013212452108516128
GSE25055,GSM615171,1,4,expanded_pam50_score,1,0.29362877611552685
GSE25055,GSM615172,1,4,expanded_pam50_score,0,0.028282891919669564
GSE25055,GSM615173,1,2,expanded_pam50_score,0,0.13964159415722913
GSE25055,GSM615174,1,2,expanded_pam50_score,0,0.16590679344484116
GSE25055,GSM615175,1,2,expanded_pam50_score,1,0.30278389514495935
GSE25055,GSM615176,1,3,expanded_pam50_score,0,0.026859643714578538
GSE25055,GSM615177,1,3,expanded_pam50_score,0,0.08357290205054697
GSE25055,GSM615178,1,1,expanded_pam50_score,0,0.31709334663986305
GSE25055,GSM615179,1,2,expanded_pam50_score,0,0.03521916279939104
GSE25055,GSM615180,1,3,expanded_pam50_score,0,0.046679474562450966
GSE25055,GSM615181,1,4,expanded_pam50_score,1,0.3443913132385737
GSE25055,GSM615182,1,3,expanded_pam50_score,0,0.18218464555940936
GSE25055,GSM615183,1,4,expanded_pam50_score,0,0.03997033420652987
GSE25055,GSM615184,1,3,expanded_pam50_score,0,0.46788176264656606
GSE25055,GSM615185,1,0,expanded_pam50_score,0,0.31690172578813336
GSE25055,GSM615186,1,0,expanded_pam50_score,1,0.012663237541973743
GSE25055,GSM615187,1,4,expanded_pam50_score,0,0.044483128494902706
GSE25055,GSM615188,1,1,expanded_pam50_score,0,0.2586507575972818
GSE25055,GSM615189,1,4,expanded_pam50_score,0,0.15707327653336928
GSE25055,GSM615190,1,3,expanded_pam50_score,0,0.5290260263038451
GSE25055,GSM615191,1,1,expanded_pam50_score,1,0.5882138381203839
GSE25055,GSM615192,1,1,expanded_pam50_score,0,0.019185406908811178
GSE25055,GSM615193,1,0,expanded_pam50_score,1,0.3415875493457933
GSE25055,GSM615194,1,0,expanded_pam50_score,1,0.5589238317491811
GSE25055,GSM615195,1,3,expanded_pam50_score,0,0.5887460836447183
GSE25055,GSM615196,1,3,expanded_pam50_score,0,0.13550132548371283
GSE25055,GSM615197,1,1,expanded_pam50_score,0,0.39871269491933375
GSE25055,GSM615198,1,1,expanded_pam50_score,0,0.015069719666783344
GSE25055,GSM615199,1,2,expanded_pam50_score,0,0.07913255208901886
GSE25055,GSM615200,1,2,expanded_pam50_score,0,0.32899205667680326
GSE25055,GSM615201,1,0,expanded_pam50_score,1,0.11565120173078522
GSE25055,GSM615202,1,4,expanded_pam50_score,1,0.4324635575911021
GSE25055,GSM615203,1,3,expanded_pam50_score,0,0.009058900609463955
GSE25055,GSM615204,1,2,expanded_pam50_score,0,0.05225923766484833
GSE25055,GSM615205,1,4,expanded_pam50_score,0,0.07845890181540667
GSE25055,GSM615206,1,2,expanded_pam50_score,0,0.031142777258770876
GSE25055,GSM615207,1,3,expanded_pam50_score,0,0.038535879219379496
GSE25055,GSM615208,1,1,expanded_pam50_score,0,0.021401967253157066
GSE25055,GSM615209,1,3,expanded_pam50_score,1,0.4579144866081228
GSE25055,GSM615210,1,4,expanded_pam50_score,0,0.03481087672592491
GSE25055,GSM615211,1,4,expanded_pam50_score,1,0.6347982408068249
GSE25055,GSM615212,1,1,expanded_pam50_score,1,0.14748139569274063
GSE25055,GSM615213,1,2,expanded_pam50_score,1,0.2918947529362917
GSE25055,GSM615214,1,3,expanded_pam50_score,0,0.02673012038460434
GSE25055,GSM615215,1,3,expanded_pam50_score,1,0.23916900658425672
GSE25055,GSM615216,1,3,expanded_pam50_score,0,0.04711536587509321
GSE25055,GSM615217,1,0,expanded_pam50_score,0,0.030075249172838787
GSE25055,GSM615218,1,4,expanded_pam50_score,0,0.20327294299008436
GSE25055,GSM615219,1,3,expanded_pam50_score,0,0.21865159906557072
GSE25055,GSM615220,1,3,expanded_pam50_score,0,0.07226471929571249
GSE25055,GSM615221,1,4,expanded_pam50_score,0,0.05129645711546264
GSE25055,GSM615222,1,3,expanded_pam50_score,0,0.027079461949788747
GSE25055,GSM615223,1,0,expanded_pam50_score,0,0.1892121881865171
GSE25055,GSM615224,1,2,expanded_pam50_score,0,0.012844962754655907
GSE25055,GSM615225,1,4,expanded_pam50_score,0,0.2050755433373366
GSE25055,GSM615226,1,4,expanded_pam50_score,0,0.02104951926443071
GSE25055,GSM615227,1,4,expanded_pam50_score,0,0.07490431973283022
GSE25055,GSM615228,1,2,expanded_pam50_score,0,0.31720800050598086
GSE25055,GSM615229,1,3,expanded_pam50_score,0,0.057356899518162564
GSE25055,GSM615230,1,0,expanded_pam50_score,0,0.04622685026974787
GSE25055,GSM615231,1,0,expanded_pam50_score,0,0.018475655544102743
GSE25055,GSM615232,1,2,expanded_pam50_score,0,0.01715718520129424
GSE25055,GSM615233,1,0,expanded_pam50_score,0,0.008591729483689095
GSE25055,GSM615234,1,4,expanded_pam50_score,0,0.1771779486886282
GSE25055,GSM615235,1,2,expanded_pam50_score,0,0.05429125897771774
GSE25055,GSM615236,1,4,expanded_pam50_score,0,0.06833100420105179
GSE25055,GSM615237,1,2,expanded_pam50_score,0,0.027299305656254626
GSE25055,GSM615238,1,1,expanded_pam50_score,0,0.0398518698953299
GSE25055,GSM615239,1,4,expanded_pam50_score,0,0.10227023382989071
GSE25055,GSM615240,1,1,expanded_pam50_score,1,0.1590186495096654
GSE25055,GSM615241,1,0,expanded_pam50_score,0,0.02509592354833919
GSE25055,GSM615242,1,1,expanded_pam50_score,1,0.4174094070300689
GSE25055,GSM615243,1,2,expanded_pam50_score,0,0.02541819632103827
GSE25055,GSM615244,1,0,expanded_pam50_score,0,0.28209280475771664
GSE25055,GSM615245,1,2,expanded_pam50_score,0,0.12548765011620278
GSE25055,GSM615246,1,2,expanded_pam50_score,0,0.08754351922244971
GSE25055,GSM615247,1,2,expanded_pam50_score,0,0.23903980748679676
GSE25055,GSM615248,1,4,expanded_pam50_score,0,0.2102610559357079
GSE25055,GSM615249,1,2,expanded_pam50_score,0,0.06747960162209744
GSE25055,GSM615250,1,2,expanded_pam50_score,0,0.602504753478732
GSE25055,GSM615251,1,1,expanded_pam50_score,0,0.4791666052321379
GSE25055,GSM615252,1,1,expanded_pam50_score,0,0.013501567065230216
GSE25055,GSM615253,1,4,expanded_pam50_score,0,0.13053069275710133
GSE25055,GSM615254,1,2,expanded_pam50_score,0,0.04011545778836501
GSE25055,GSM615255,1,3,expanded_pam50_score,0,0.32323571956323227
GSE25055,GSM615256,1,2,expanded_pam50_score,1,0.1415191423249203
GSE25055,GSM615257,1,0,expanded_pam50_score,0,0.006308361805611131
GSE25055,GSM615258,1,3,expanded_pam50_score,0,0.0768502400848107
GSE25055,GSM615259,1,0,expanded_pam50_score,0,0.018223050453655517
GSE25055,GSM615260,1,3,expanded_pam50_score,0,0.33627978274865017
GSE25055,GSM615261,1,0,expanded_pam50_score,0,0.06065694610032476
GSE25055,GSM615262,1,0,expanded_pam50_score,0,0.011751038476057891
GSE25055,GSM615263,1,2,expanded_pam50_score,1,0.12290986557324629
GSE25055,GSM615264,1,2,expanded_pam50_score,1,0.2500632419026662
GSE25055,GSM615265,1,4,expanded_pam50_score,0,0.25900283200776475
GSE25055,GSM615266,1,4,expanded_pam50_score,0,0.036647039961714166
GSE25055,GSM615267,1,4,expanded_pam50_score,0,0.100401214456628
GSE25055,GSM615268,1,0,expanded_pam50_score,0,0.025708022924101404
GSE25055,GSM615269,1,0,expanded_pam50_score,0,0.03551429936862725
GSE25055,GSM615270,1,4,expanded_pam50_score,1,0.40814913430199956
GSE25055,GSM615271,1,1,expanded_pam50_score,0,0.09162146638160397
GSE25055,GSM615272,1,3,expanded_pam50_score,0,0.023492543654810023
GSE25055,GSM615273,1,4,expanded_pam50_score,0,0.07001561656720436
GSE25055,GSM615274,1,4,expanded_pam50_score,0,0.16820407531165157
GSE25055,GSM615275,1,0,expanded_pam50_score,0,0.20620358321886073
GSE25055,GSM615276,1,4,expanded_pam50_score,0,0.26472963814935635
GSE25055,GSM615277,1,3,expanded_pam50_score,0,0.043477165133907585
GSE25055,GSM615278,1,3,expanded_pam50_score,0,0.11332765478290477
GSE25055,GSM615279,1,3,expanded_pam50_score,0,0.03751627500905828
GSE25055,GSM615280,1,1,expanded_pam50_score,1,0.09032386003149556
GSE25055,GSM615281,1,2,expanded_pam50_score,0,0.08614129659888398
GSE25055,GSM615282,1,1,expanded_pam50_score,0,0.028690565301142716
GSE25055,GSM615283,1,1,expanded_pam50_score,0,0.06887294325541901
GSE25055,GSM615284,1,0,expanded_pam50_score,1,0.3284046868272125
GSE25055,GSM615285,1,3,expanded_pam50_score,0,0.08229483184998802
GSE25055,GSM615286,1,2,expanded_pam50_score,0,0.17206664435437416
GSE25055,GSM615287,1,3,expanded_pam50_score,0,0.2118414543082563
GSE25055,GSM615288,1,2,expanded_pam50_score,0,0.6638246182794758
GSE25055,GSM615289,1,3,expanded_pam50_score,0,0.09584425800462332
GSE25055,GSM615290,1,0,expanded_pam50_score,0,0.12166882529975898
GSE25055,GSM615291,1,3,expanded_pam50_score,1,0.3183569461024299
GSE25055,GSM615292,1,0,expanded_pam50_score,0,0.0415966329603583
GSE25055,GSM615293,1,0,expanded_pam50_score,1,0.6661752782656922
GSE25055,GSM615294,1,0,expanded_pam50_score,0,0.1389355622630822
GSE25055,GSM615295,1,0,expanded_pam50_score,0,0.11431078043099112
GSE25055,GSM615296,1,1,expanded_pam50_score,0,0.02758786635184695
GSE25055,GSM615297,1,3,expanded_pam50_score,0,0.4526528472959789
GSE25055,GSM615298,1,0,expanded_pam50_score,0,0.04219781425982493
GSE25055,GSM615299,1,0,expanded_pam50_score,0,0.031023639346857756
GSE25055,GSM615300,1,3,expanded_pam50_score,1,0.27253796293463217
GSE25055,GSM615301,1,2,expanded_pam50_score,0,0.11699622148284519
GSE25055,GSM615302,1,1,expanded_pam50_score,0,0.05038662720185184
GSE25055,GSM615303,1,1,expanded_pam50_score,0,0.24628766589889678
GSE25055,GSM615304,1,4,expanded_pam50_score,0,0.07873762791717727
GSE25055,GSM615305,1,1,expanded_pam50_score,0,0.04719390129560906
GSE25055,GSM615306,1,3,expanded_pam50_score,0,0.02190049544841128
GSE25055,GSM615307,1,3,expanded_pam50_score,1,0.7267701112861216
GSE25055,GSM615308,1,0,expanded_pam50_score,0,0.05887294953092135
GSE25055,GSM615309,1,0,expanded_pam50_score,0,0.047237968116618595
GSE25055,GSM615310,1,1,expanded_pam50_score,1,0.3189413553652084
GSE25055,GSM615311,1,0,expanded_pam50_score,0,0.020504054512173304
GSE25055,GSM615312,1,0,expanded_pam50_score,0,0.1889282301022072
GSE25055,GSM615313,1,2,expanded_pam50_score,0,0.03445705092558566
GSE25055,GSM615314,1,2,expanded_pam50_score,0,0.019760330643312337
GSE25055,GSM615315,1,1,expanded_pam50_score,0,0.4583022763452751
GSE25055,GSM615316,1,3,expanded_pam50_score,0,0.02172148605119878
GSE25055,GSM615317,1,2,expanded_pam50_score,0,0.5020413282757358
GSE25055,GSM615318,1,4,expanded_pam50_score,0,0.023649915887752185
GSE25055,GSM615319,1,3,expanded_pam50_score,0,0.23048218473208423
GSE25055,GSM615320,1,1,expanded_pam50_score,0,0.6147661020509512
GSE25055,GSM615321,1,0,expanded_pam50_score,0,0.42109741734924644
GSE25055,GSM615322,1,1,expanded_pam50_score,0,0.40069258752186016
GSE25055,GSM615323,1,3,expanded_pam50_score,0,0.2387251063151544
GSE25055,GSM615324,1,1,expanded_pam50_score,1,0.7477817770486862
GSE25055,GSM615325,1,0,expanded_pam50_score,1,0.6161925738970759
GSE25055,GSM615326,1,3,expanded_pam50_score,0,0.4267730411118529
GSE25055,GSM615327,1,0,expanded_pam50_score,0,0.28418373657403795
GSE25055,GSM615328,1,1,expanded_pam50_score,0,0.014802582882677618
GSE25055,GSM615329,1,2,expanded_pam50_score,0,0.029541331785721152
GSE25055,GSM615330,1,3,expanded_pam50_score,0,0.1266017736016413
GSE25055,GSM615331,1,4,expanded_pam50_score,1,0.07343014087074379
GSE25055,GSM615332,1,1,expanded_pam50_score,0,0.12720571650183785
GSE25055,GSM615333,1,1,expanded_pam50_score,0,0.19890758808139788
GSE25055,GSM615334,1,4,expanded_pam50_score,1,0.5070940205655412
GSE25055,GSM615335,1,2,expanded_pam50_score,0,0.43607780041547
GSE25055,GSM615336,1,2,expanded_pam50_score,1,0.5657168121468933
GSE25055,GSM615337,1,0,expanded_pam50_score,0,0.03831284699362854
GSE25055,GSM615338,1,4,expanded_pam50_score,1,0.37822138489092777
GSE25055,GSM615339,1,0,expanded_pam50_score,0,0.016242102475300665
GSE25055,GSM615340,1,1,expanded_pam50_score,0,0.0250676090008142
GSE25055,GSM615341,1,4,expanded_pam50_score,0,0.03211270906335178
GSE25055,GSM615342,1,3,expanded_pam50_score,0,0.08422718348912046
GSE25055,GSM615343,1,4,expanded_pam50_score,0,0.228232396306142
GSE25055,GSM615344,1,0,expanded_pam50_score,0,0.1667078737107607
GSE25055,GSM615345,1,2,expanded_pam50_score,0,0.06560743115157923
GSE25055,GSM615346,1,3,expanded_pam50_score,0,0.5014041338406791
GSE25055,GSM615347,1,4,expanded_pam50_score,0,0.34368515859926546
GSE25055,GSM615348,1,3,expanded_pam50_score,0,0.5074337174441081
GSE25055,GSM615349,1,2,expanded_pam50_score,0,0.031047010623206483
GSE25055,GSM615350,1,0,expanded_pam50_score,0,0.14705806126532237
GSE25055,GSM615351,1,0,expanded_pam50_score,0,0.015517502287832777
GSE25055,GSM615352,1,1,expanded_pam50_score,0,0.007856219305436203
GSE25055,GSM615353,1,0,expanded_pam50_score,1,0.12635390544209069
GSE25055,GSM615354,1,3,expanded_pam50_score,1,0.23954906524094402
GSE25055,GSM615355,1,2,expanded_pam50_score,0,0.05706804667425595
GSE25055,GSM615356,1,1,expanded_pam50_score,0,0.2780189661287595
GSE25055,GSM615357,1,3,expanded_pam50_score,1,0.46969280901385063
GSE25055,GSM615358,1,1,expanded_pam50_score,0,0.021006801306474226
GSE25055,GSM615359,1,2,expanded_pam50_score,1,0.25959575189952216
GSE25055,GSM615360,1,2,expanded_pam50_score,0,0.042014826896201125
GSE25055,GSM615361,1,2,expanded_pam50_score,0,0.15387406673523385
GSE25055,GSM615362,1,4,expanded_pam50_score,0,0.015751301767593175
GSE25055,GSM615363,1,1,expanded_pam50_score,0,0.2045113456399796
GSE25055,GSM615364,1,4,expanded_pam50_score,0,0.5489203690257505
GSE25055,GSM615365,1,4,expanded_pam50_score,0,0.03591148405396655
GSE25055,GSM615366,1,1,expanded_pam50_score,0,0.01847952600691023
GSE25055,GSM615367,1,4,expanded_pam50_score,0,0.06870312107050533
GSE25055,GSM615368,1,0,expanded_pam50_score,0,0.6224307347667201
GSE25055,GSM615369,1,3,expanded_pam50_score,0,0.27588266359301045
GSE25055,GSM615370,1,3,expanded_pam50_score,0,0.07798218814671161
GSE25055,GSM615371,1,2,expanded_pam50_score,1,0.33432862532076535
GSE25055,GSM615372,1,2,expanded_pam50_score,0,0.5135370802804521
GSE25055,GSM615373,1,3,expanded_pam50_score,0,0.08892411102019826
GSE25055,GSM615374,1,1,expanded_pam50_score,0,0.005694794162393125
GSE25055,GSM615375,1,3,expanded_pam50_score,1,0.407269651476492
GSE25055,GSM615376,1,1,expanded_pam50_score,0,0.18299729178709292
GSE25055,GSM615377,1,1,expanded_pam50_score,0,0.00921934596756066
GSE25055,GSM615378,1,0,expanded_pam50_score,0,0.4058486845601453
GSE25055,GSM615379,1,2,expanded_pam50_score,1,0.08211072845551433
GSE25055,GSM615380,1,0,expanded_pam50_score,0,0.5215637456808089
GSE25055,GSM615381,1,4,expanded_pam50_score,0,0.014123084788003159
GSE25055,GSM615382,1,2,expanded_pam50_score,0,0.1623630657443192
GSE25055,GSM615383,1,1,expanded_pam50_score,1,0.013291997718466696
GSE25055,GSM615384,1,3,expanded_pam50_score,0,0.22396559243672215
GSE25055,GSM615385,1,4,expanded_pam50_score,0,0.098612094499734
GSE25055,GSM615386,1,2,expanded_pam50_score,0,0.02275365314985848
GSE25055,GSM615387,1,0,expanded_pam50_score,0,0.32490684518675006
GSE25055,GSM615388,1,1,expanded_pam50_score,0,0.01526553870199271
GSE25055,GSM615389,1,4,expanded_pam50_score,0,0.04293070521975565
GSE25055,GSM615390,1,4,expanded_pam50_score,0,0.5119574652548359
GSE25055,GSM615391,1,1,expanded_pam50_score,0,0.021728326295168948
GSE25055,GSM615392,1,0,expanded_pam50_score,0,0.30778215925800634
GSE25055,GSM615393,1,0,expanded_pam50_score,1,0.26269228785001986
GSE25055,GSM615394,1,0,expanded_pam50_score,1,0.25242901174074756
GSE25055,GSM615395,1,1,expanded_pam50_score,0,0.013830372788830671
GSE25055,GSM615396,1,4,expanded_pam50_score,1,0.42755841825275986
GSE25055,GSM615397,1,3,expanded_pam50_score,1,0.20799669942093343
GSE25055,GSM615398,1,1,expanded_pam50_score,0,0.0824851417576606
GSE25055,GSM615399,1,2,expanded_pam50_score,0,0.02302337411499395
GSE25055,GSM615400,1,1,expanded_pam50_score,0,0.0184457180021639
GSE25055,GSM615401,1,0,expanded_pam50_score,0,0.062436409964473694
GSE25055,GSM615402,1,4,expanded_pam50_score,0,0.0233321821398079
GSE25055,GSM615403,1,4,expanded_pam50_score,0,0.19584456664164818
GSE25055,GSM615404,1,1,expanded_pam50_score,0,0.07745956712055496
GSE25055,GSM615405,1,1,expanded_pam50_score,0,0.3606928726538159
GSE25055,GSM615096,2,2,expanded,0,0.061330319326672274
GSE25055,GSM615097,2,3,expanded,0,0.04103484265619713
GSE25055,GSM615098,2,0,expanded,0,0.3442074033301729
GSE25055,GSM615099,2,4,expanded,1,0.45880378142414724
GSE25055,GSM615100,2,0,expanded,0,0.02075469031237851
GSE25055,GSM615101,2,0,expanded,0,0.2202431628604342
GSE25055,GSM615102,2,2,expanded,0,0.41447757107920286
GSE25055,GSM615104,2,2,expanded,0,0.3705548383215765
GSE25055,GSM615106,2,1,expanded,0,0.31550404157057177
GSE25055,GSM615107,2,2,expanded,0,0.4155381946421305
GSE25055,GSM615108,2,0,expanded,0,0.12590801347935296
GSE25055,GSM615109,2,1,expanded,0,0.27014268711851525
GSE25055,GSM615111,2,4,expanded,0,0.25911524092709576
GSE25055,GSM615112,2,0,expanded,0,0.3005385503392376
GSE25055,GSM615113,2,2,expanded,0,0.47934990218177315
GSE25055,GSM615114,2,0,expanded,0,0.023546009886851255
GSE25055,GSM615115,2,3,expanded,0,0.10840880313812082
GSE25055,GSM615116,2,3,expanded,0,0.033202332608259014
GSE25055,GSM615117,2,0,expanded,0,0.05375224795516774
GSE25055,GSM615120,2,4,expanded,0,0.011702004885009372
GSE25055,GSM615121,2,1,expanded,0,0.10076332700157806
GSE25055,GSM615122,2,0,expanded,1,0.021935749558025377
GSE25055,GSM615123,2,0,expanded,1,0.05979150468591449
GSE25055,GSM615124,2,4,expanded,0,0.02549248540480195
GSE25055,GSM615125,2,1,expanded,0,0.05810335270174092
GSE25055,GSM615126,2,4,expanded,0,0.04889817311667994
GSE25055,GSM615127,2,1,expanded,0,0.02767008843719986
GSE25055,GSM615128,2,3,expanded,0,0.08801844785572575
GSE25055,GSM615129,2,3,expanded,0,0.1453454249128688
GSE25055,GSM615130,2,0,expanded,0,0.011611991509529932
GSE25055,GSM615131,2,4,expanded,0,0.08140268797501453
GSE25055,GSM615132,2,0,expanded,0,0.025210667307022917
GSE25055,GSM615133,2,4,expanded,0,0.017379333171158532
GSE25055,GSM615134,2,3,expanded,0,0.017848742780992556
GSE25055,GSM615135,2,1,expanded,0,0.3477944583049346
GSE25055,GSM615136,2,3,expanded,0,0.2868674780591828
GSE25055,GSM615137,2,1,expanded,1,0.10443563434929806
GSE25055,GSM615138,2,1,expanded,0,0.053300419948774456
GSE25055,GSM615139,2,1,expanded,1,0.364781801007123
GSE25055,GSM615140,2,3,expanded,1,0.013760145722990091
GSE25055,GSM615142,2,4,expanded,0,0.09280666320008146
GSE25055,GSM615143,2,2,expanded,1,0.2556739487908753
GSE25055,GSM615144,2,0,expanded,0,0.020914942154934925
GSE25055,GSM615145,2,1,expanded,0,0.28790640342080615
GSE25055,GSM615146,2,0,expanded,1,0.4611884177829117
GSE25055,GSM615147,2,1,expanded,0,0.06694745350637912
GSE25055,GSM615148,2,3,expanded,0,0.38911799966239013
GSE25055,GSM615149,2,3,expanded,0,0.3651898427146608
GSE25055,GSM615150,2,1,expanded,0,0.05139823041175683
GSE25055,GSM615151,2,1,expanded,0,0.23213357054571906
GSE25055,GSM615153,2,2,expanded,0,0.02503340614876202
GSE25055,GSM615154,2,0,expanded,1,0.4804304175866218
GSE25055,GSM615155,2,1,expanded,0,0.1008618049514448
GSE25055,GSM615156,2,1,expanded,0,0.48954770781114476
GSE25055,GSM615157,2,4,expanded,0,0.08215901623231017
GSE25055,GSM615158,2,0,expanded,0,0.008241439166081863
GSE25055,GSM615159,2,2,expanded,0,0.3208257321562503
GSE25055,GSM615160,2,0,expanded,0,0.377216039752346
GSE25055,GSM615162,2,2,expanded,0,0.012889037727162482
GSE25055,GSM615164,2,4,expanded,1,0.2728449345786751
GSE25055,GSM615165,2,4,expanded,0,0.057348720890033
GSE25055,GSM615166,2,2,expanded,0,0.02887662093732089
GSE25055,GSM615167,2,4,expanded,1,0.28233749886089315
GSE25055,GSM615168,2,0,expanded,0,0.062103130896863236
GSE25055,GSM615169,2,4,expanded,0,0.3456437824237538
GSE25055,GSM615170,2,4,expanded,0,0.029866409525600286
GSE25055,GSM615171,2,3,expanded,1,0.4477752470247444
GSE25055,GSM615172,2,1,expanded,0,0.037942776878492665
GSE25055,GSM615173,2,0,expanded,0,0.10752777897006484
GSE25055,GSM615174,2,1,expanded,0,0.14758116589893908
GSE25055,GSM615175,2,4,expanded,1,0.27175051046745535
GSE25055,GSM615176,2,3,expanded,0,0.011042963164362101
GSE25055,GSM615177,2,3,expanded,0,0.11808639888437174
GSE25055,GSM615178,2,1,expanded,0,0.5439522551835452
GSE25055,GSM615179,2,3,expanded,0,0.039986511464214065
GSE25055,GSM615180,2,4,expanded,0,0.044200622332882265
GSE25055,GSM615181,2,1,expanded,1,0.3285659344623082
GSE25055,GSM615182,2,2,expanded,0,0.24329845920667784
GSE25055,GSM615183,2,2,expanded,0,0.06619291623463641
GSE25055,GSM615184,2,1,expanded,0,0.39559114160017345
GSE25055,GSM615185,2,4,expanded,0,0.36735500796118153
GSE25055,GSM615186,2,2,expanded,1,0.01987153535511662
GSE25055,GSM615187,2,1,expanded,0,0.031995407138489106
GSE25055,GSM615188,2,0,expanded,0,0.1935814515490894
GSE25055,GSM615189,2,3,expanded,0,0.2234850244676205
GSE25055,GSM615190,2,4,expanded,0,0.3697272027972866
GSE25055,GSM615191,2,2,expanded,1,0.35878537758714707
GSE25055,GSM615192,2,3,expanded,0,0.04456589816210291
GSE25055,GSM615193,2,4,expanded,1,0.45056635733280986
GSE25055,GSM615194,2,3,expanded,1,0.3022585699281513
GSE25055,GSM615195,2,4,expanded,0,0.31971483221079083
GSE25055,GSM615196,2,0,expanded,0,0.0540842657320271
GSE25055,GSM615197,2,0,expanded,0,0.39386446806769587
GSE25055,GSM615198,2,3,expanded,0,0.03912634837978793
GSE25055,GSM615199,2,2,expanded,0,0.06108386460201664
GSE25055,GSM615200,2,4,expanded,0,0.16797260671551387
GSE25055,GSM615201,2,4,expanded,1,0.09222815631285147
GSE25055,GSM615202,2,0,expanded,1,0.24017725140096938
GSE25055,GSM615203,2,1,expanded,0,0.023424873670960283
GSE25055,GSM615204,2,0,expanded,0,0.04036436920935182
GSE25055,GSM615205,2,4,expanded,0,0.06188918303793305
GSE25055,GSM615206,2,4,expanded,0,0.06670760285467357
GSE25055,GSM615207,2,2,expanded,0,0.039934997286128454
GSE25055,GSM615208,2,4,expanded,0,0.047373718723953254
GSE25055,GSM615209,2,4,expanded,1,0.40732381212626717
GSE25055,GSM615210,2,3,expanded,0,0.04953484328046219
GSE25055,GSM615211,2,3,expanded,1,0.4934338176754617
GSE25055,GSM615212,2,2,expanded,1,0.36455421029121854
GSE25055,GSM615213,2,0,expanded,1,0.33017505162708216
GSE25055,GSM615214,2,3,expanded,0,0.07735778688790293
GSE25055,GSM615215,2,1,expanded,1,0.4491219500407198
GSE25055,GSM615216,2,2,expanded,0,0.04064488154044019
GSE25055,GSM615217,2,2,expanded,0,0.03247712980945236
GSE25055,GSM615218,2,2,expanded,0,0.25027953853152934
GSE25055,GSM615219,2,4,expanded,0,0.09965766177459894
GSE25055,GSM615220,2,2,expanded,0,0.10286954501070752
GSE25055,GSM615221,2,2,expanded,0,0.08981808430926308
GSE25055,GSM615222,2,3,expanded,0,0.04835471794567464
GSE25055,GSM615223,2,1,expanded,0,0.2803727564164191
GSE25055,GSM615224,2,0,expanded,0,0.0237949473450856
GSE25055,GSM615225,2,1,expanded,0,0.19843747998619116
GSE25055,GSM615226,2,0,expanded,0,0.015122503022740492
GSE25055,GSM615227,2,2,expanded,0,0.045969592469938335
GSE25055,GSM615228,2,3,expanded,0,0.3423339486345202
GSE25055,GSM615229,2,4,expanded,0,0.13313254922860435
GSE25055,GSM615230,2,0,expanded,0,0.07139974622502786
GSE25055,GSM615231,2,3,expanded,0,0.03827665916862576
GSE25055,GSM615232,2,4,expanded,0,0.03760274800843056
GSE25055,GSM615233,2,3,expanded,0,0.009357678787583869
GSE25055,GSM615234,2,3,expanded,0,0.261309272246373
GSE25055,GSM615235,2,2,expanded,0,0.06460486488017067
GSE25055,GSM615236,2,0,expanded,0,0.05247908327693547
GSE25055,GSM615237,2,4,expanded,0,0.04350236466200773
GSE25055,GSM615238,2,2,expanded,0,0.0966891452928467
GSE25055,GSM615239,2,3,expanded,0,0.15466198236873124
GSE25055,GSM615240,2,2,expanded,1,0.4516109258913727
GSE25055,GSM615241,2,2,expanded,0,0.033136431901784794
GSE25055,GSM615242,2,3,expanded,1,0.35579468627454236
GSE25055,GSM615243,2,1,expanded,0,0.05521061646923293
GSE25055,GSM615244,2,1,expanded,0,0.49108535957178645
GSE25055,GSM615245,2,2,expanded,0,0.06359058204227566
GSE25055,GSM615246,2,4,expanded,0,0.05582380116326001
GSE25055,GSM615247,2,1,expanded,0,0.20984385428634467
GSE25055,GSM615248,2,2,expanded,0,0.11548047156533671
GSE25055,GSM615249,2,1,expanded,0,0.07848238913079918
GSE25055,GSM615250,2,0,expanded,0,0.521877717386487
GSE25055,GSM615251,2,2,expanded,0,0.4729309917772126
GSE25055,GSM615252,2,2,expanded,0,0.03990944607944332
GSE25055,GSM615253,2,0,expanded,0,0.08271400482905587
GSE25055,GSM615254,2,3,expanded,0,0.051880015334004874
GSE25055,GSM615255,2,0,expanded,0,0.2721601977139825
GSE25055,GSM615256,2,1,expanded,1,0.0690159745813485
GSE25055,GSM615257,2,0,expanded,0,0.005799276527811157
GSE25055,GSM615258,2,2,expanded,0,0.04322902522244752
GSE25055,GSM615259,2,1,expanded,0,0.03571979425108448
GSE25055,GSM615260,2,4,expanded,0,0.22922586606257883
GSE25055,GSM615261,2,4,expanded,0,0.057851323009057626
GSE25055,GSM615262,2,0,expanded,0,0.011538052144101908
GSE25055,GSM615263,2,1,expanded,1,0.19394446771440335
GSE25055,GSM615264,2,1,expanded,1,0.3823595336899584
GSE25055,GSM615265,2,2,expanded,0,0.3738239762951353
GSE25055,GSM615266,2,1,expanded,0,0.02642426206331932
GSE25055,GSM615267,2,1,expanded,0,0.04962008984442788
GSE25055,GSM615268,2,0,expanded,0,0.03560502822771455
GSE25055,GSM615269,2,2,expanded,0,0.058669769962319526
GSE25055,GSM615270,2,4,expanded,1,0.29331167730369845
GSE25055,GSM615271,2,0,expanded,0,0.02920836540169812
GSE25055,GSM615272,2,3,expanded,0,0.03832660188816134
GSE25055,GSM615273,2,1,expanded,0,0.06599170534653016
GSE25055,GSM615274,2,2,expanded,0,0.06633194269799167
GSE25055,GSM615275,2,2,expanded,0,0.08859449358198622
GSE25055,GSM615276,2,2,expanded,0,0.3439720512519005
GSE25055,GSM615277,2,1,expanded,0,0.06256508060557053
GSE25055,GSM615278,2,2,expanded,0,0.10536727393457156
GSE25055,GSM615279,2,3,expanded,0,0.050777539444666675
GSE25055,GSM615280,2,0,expanded,1,0.049533965537751086
GSE25055,GSM615281,2,4,expanded,0,0.05690248737869199
GSE25055,GSM615282,2,0,expanded,0,0.02681871251681768
GSE25055,GSM615283,2,3,expanded,0,0.07264679312568019
GSE25055,GSM615284,2,2,expanded,1,0.2751897618597156
GSE25055,GSM615285,2,1,expanded,0,0.11358149960078262
GSE25055,GSM615286,2,3,expanded,0,0.06537939219425422
GSE25055,GSM615287,2,0,expanded,0,0.21775601367945532
GSE25055,GSM615288,2,0,expanded,0,0.5796564650248144
GSE25055,GSM615289,2,1,expanded,0,0.06959207057920776
GSE25055,GSM615290,2,0,expanded,0,0.019787733004604634
GSE25055,GSM615291,2,2,expanded,1,0.3941109324585785
GSE25055,GSM615292,2,2,expanded,0,0.05090789134944794
GSE25055,GSM615293,2,4,expanded,1,0.49254014516840694
GSE25055,GSM615294,2,4,expanded,0,0.12286972491477946
GSE25055,GSM615295,2,3,expanded,0,0.25530907361050537
GSE25055,GSM615296,2,2,expanded,0,0.025694789450531108
GSE25055,GSM615297,2,4,expanded,0,0.4006744799798761
GSE25055,GSM615298,2,1,expanded,0,0.08150881142821087
GSE25055,GSM615299,2,0,expanded,0,0.04397146144576121
GSE25055,GSM615300,2,3,expanded,1,0.37182796183124844
GSE25055,GSM615301,2,3,expanded,0,0.21852728430722296
GSE25055,GSM615302,2,4,expanded,0,0.07316762613410122
GSE25055,GSM615303,2,4,expanded,0,0.21524550995284072
GSE25055,GSM615304,2,3,expanded,0,0.17762952674467986
GSE25055,GSM615305,2,1,expanded,0,0.06785242036100236
GSE25055,GSM615306,2,0,expanded,0,0.01541364453046484
GSE25055,GSM615307,2,2,expanded,1,0.53717228346566
GSE25055,GSM615308,2,1,expanded,0,0.11844094929063467
GSE25055,GSM615309,2,4,expanded,0,0.07132485924196069
GSE25055,GSM615310,2,1,expanded,1,0.06886227066128948
GSE25055,GSM615311,2,0,expanded,0,0.021169175506144076
GSE25055,GSM615312,2,2,expanded,0,0.11577114573103031
GSE25055,GSM615313,2,3,expanded,0,0.020924242825258354
GSE25055,GSM615314,2,2,expanded,0,0.031063069576610668
GSE25055,GSM615315,2,1,expanded,0,0.35472903707817194
GSE25055,GSM615316,2,1,expanded,0,0.04522053830962492
GSE25055,GSM615317,2,1,expanded,0,0.4280786209338966
GSE25055,GSM615318,2,4,expanded,0,0.044200622332882265
GSE25055,GSM615319,2,1,expanded,0,0.32178847122545173
GSE25055,GSM615320,2,0,expanded,0,0.48311979820957984
GSE25055,GSM615321,2,3,expanded,0,0.4095342329693477
GSE25055,GSM615322,2,3,expanded,0,0.2596376463951549
GSE25055,GSM615323,2,0,expanded,0,0.2912261602498578
GSE25055,GSM615324,2,4,expanded,1,0.5244914257302746
GSE25055,GSM615325,2,3,expanded,1,0.5277064877945512
GSE25055,GSM615326,2,2,expanded,0,0.15099346094759034
GSE25055,GSM615327,2,2,expanded,0,0.2165438556735177
GSE25055,GSM615328,2,1,expanded,0,0.03555471496450651
GSE25055,GSM615329,2,1,expanded,0,0.06313006498385838
GSE25055,GSM615330,2,2,expanded,0,0.2840552021394153
GSE25055,GSM615331,2,4,expanded,1,0.11561937438164933
GSE25055,GSM615332,2,4,expanded,0,0.0635120607840873
GSE25055,GSM615333,2,4,expanded,0,0.19251068415328434
GSE25055,GSM615334,2,3,expanded,1,0.2822580115101677
GSE25055,GSM615335,2,2,expanded,0,0.4357323552132028
GSE25055,GSM615336,2,1,expanded,1,0.41418812414555684
GSE25055,GSM615337,2,4,expanded,0,0.06394967329541211
GSE25055,GSM615338,2,1,expanded,1,0.3601729643398416
GSE25055,GSM615339,2,3,expanded,0,0.038283950665216414
GSE25055,GSM615340,2,1,expanded,0,0.08732162179404639
GSE25055,GSM615341,2,2,expanded,0,0.05090789134944794
GSE25055,GSM615342,2,0,expanded,0,0.25318187233503503
GSE25055,GSM615343,2,3,expanded,0,0.28472036214510676
GSE25055,GSM615344,2,3,expanded,0,0.36655503269576883
GSE25055,GSM615345,2,3,expanded,0,0.12800380402370334
GSE25055,GSM615346,2,2,expanded,0,0.4836330984482326
GSE25055,GSM615347,2,3,expanded,0,0.2732145694702925
GSE25055,GSM615348,2,3,expanded,0,0.3980281008065046
GSE25055,GSM615349,2,0,expanded,0,0.024428576785255694
GSE25055,GSM615350,2,4,expanded,0,0.2486199656575082
GSE25055,GSM615351,2,2,expanded,0,0.010316275126224468
GSE25055,GSM615352,2,1,expanded,0,0.01645704219044692
GSE25055,GSM615353,2,0,expanded,1,0.10987588669248952
GSE25055,GSM615354,2,0,expanded,1,0.2456204682538941
GSE25055,GSM615355,2,4,expanded,0,0.04236764878771478
GSE25055,GSM615356,2,3,expanded,0,0.42024550658610405
GSE25055,GSM615357,2,2,expanded,1,0.4252173562257938
GSE25055,GSM615358,2,1,expanded,0,0.011455693188518808
GSE25055,GSM615359,2,3,expanded,1,0.2640135888961321
GSE25055,GSM615360,2,4,expanded,0,0.058402000517492204
GSE25055,GSM615361,2,2,expanded,0,0.18013083401719135
GSE25055,GSM615362,2,4,expanded,0,0.017238416256072107
GSE25055,GSM615363,2,3,expanded,0,0.45927193482892625
GSE25055,GSM615364,2,4,expanded,0,0.4821911856925983
GSE25055,GSM615365,2,1,expanded,0,0.04405192534611211
GSE25055,GSM615366,2,3,expanded,0,0.016733408228323435
GSE25055,GSM615367,2,0,expanded,0,0.044701687011753276
GSE25055,GSM615368,2,0,expanded,0,0.5234905495919367
GSE25055,GSM615369,2,3,expanded,0,0.4095342329693477
GSE25055,GSM615370,2,0,expanded,0,0.029347470472394888
GSE25055,GSM615371,2,1,expanded,1,0.297437058167103
GSE25055,GSM615372,2,4,expanded,0,0.46498117307704373
GSE25055,GSM615373,2,3,expanded,0,0.09514405307018353
GSE25055,GSM615374,2,4,expanded,0,0.011263212555941914
GSE25055,GSM615375,2,2,expanded,1,0.1978512966413279
GSE25055,GSM615376,2,4,expanded,0,0.23828450312205612
GSE25055,GSM615377,2,0,expanded,0,0.009918226762369451
GSE25055,GSM615378,2,2,expanded,0,0.48899040356580814
GSE25055,GSM615379,2,0,expanded,1,0.21528107597709117
GSE25055,GSM615380,2,4,expanded,0,0.370390632671489
GSE25055,GSM615381,2,2,expanded,0,0.055695457859120626
GSE25055,GSM615382,2,0,expanded,0,0.3950335636017204
GSE25055,GSM615383,2,0,expanded,1,0.02410973201708421
GSE25055,GSM615384,2,2,expanded,0,0.3201961594580117
GSE25055,GSM615385,2,2,expanded,0,0.18664264797417482
GSE25055,GSM615386,2,1,expanded,0,0.06425712340890988
GSE25055,GSM615387,2,4,expanded,0,0.46841782814066735
GSE25055,GSM615388,2,3,expanded,0,0.04170727596216912
GSE25055,GSM615389,2,4,expanded,0,0.03332638496595685
GSE25055,GSM615390,2,1,expanded,0,0.43506806242098195
GSE25055,GSM615391,2,0,expanded,0,0.02295887499991224
GSE25055,GSM615392,2,3,expanded,0,0.2071494311286429
GSE25055,GSM615393,2,2,expanded,1,0.3887348121199541
GSE25055,GSM615394,2,3,expanded,1,0.32039498238074704
GSE25055,GSM615395,2,0,expanded,0,0.056330203809967436
GSE25055,GSM615396,2,0,expanded,1,0.3954088599010081
GSE25055,GSM615397,2,3,expanded,1,0.14676110457308653
GSE25055,GSM615398,2,0,expanded,0,0.02855877143128798
GSE25055,GSM615399,2,3,expanded,0,0.03664412219557579
GSE25055,GSM615400,2,3,expanded,0,0.028040340162017813
GSE25055,GSM615401,2,0,expanded,0,0.059199893605026255
GSE25055,GSM615402,2,4,expanded,0,0.030761774844937886
GSE25055,GSM615403,2,1,expanded,0,0.1371312046688417
GSE25055,GSM615404,2,4,expanded,0,0.11009062960527712
GSE25055,GSM615405,2,1,expanded,0,0.2076572606731816
GSE25055,GSM615096,2,2,expanded_score,0,0.04102734495148657
GSE25055,GSM615097,2,3,expanded_score,0,0.03231352607758576
GSE25055,GSM615098,2,0,expanded_score,0,0.3867846860449564
GSE25055,GSM615099,2,4,expanded_score,1,0.6052727345775324
GSE25055,GSM615100,2,0,expanded_score,0,0.03494991281518122
GSE25055,GSM615101,2,0,expanded_score,0,0.27237749295503216
GSE25055,GSM615102,2,2,expanded_score,0,0.4506703876672216
GSE25055,GSM615104,2,2,expanded_score,0,0.2780013073434113
GSE25055,GSM615106,2,1,expanded_score,0,0.18631320480891422
GSE25055,GSM615107,2,2,expanded_score,0,0.40424642246634584
GSE25055,GSM615108,2,0,expanded_score,0,0.13591348994009914
GSE25055,GSM615109,2,1,expanded_score,0,0.37801187893750626
GSE25055,GSM615111,2,4,expanded_score,0,0.18006723589128018
GSE25055,GSM615112,2,0,expanded_score,0,0.3634640919799901
GSE25055,GSM615113,2,2,expanded_score,0,0.49100478117430324
GSE25055,GSM615114,2,0,expanded_score,0,0.015807484417991135
GSE25055,GSM615115,2,3,expanded_score,0,0.11939191995129478
GSE25055,GSM615116,2,3,expanded_score,0,0.02109854399272337
GSE25055,GSM615117,2,0,expanded_score,0,0.09394021926164721
GSE25055,GSM615120,2,4,expanded_score,0,0.009446716932861025
GSE25055,GSM615121,2,1,expanded_score,0,0.05311308563596016
GSE25055,GSM615122,2,0,expanded_score,1,0.009769786283973243
GSE25055,GSM615123,2,0,expanded_score,1,0.149160939667158
GSE25055,GSM615124,2,4,expanded_score,0,0.026674190810449094
GSE25055,GSM615125,2,1,expanded_score,0,0.040249828927809254
GSE25055,GSM615126,2,4,expanded_score,0,0.047449524264267164
GSE25055,GSM615127,2,1,expanded_score,0,0.03513721563710213
GSE25055,GSM615128,2,3,expanded_score,0,0.059629427135502594
GSE25055,GSM615129,2,3,expanded_score,0,0.1034938768944665
GSE25055,GSM615130,2,0,expanded_score,0,0.007380572519680565
GSE25055,GSM615131,2,4,expanded_score,0,0.06241589864349429
GSE25055,GSM615132,2,0,expanded_score,0,0.018492025794510314
GSE25055,GSM615133,2,4,expanded_score,0,0.015399489822895749
GSE25055,GSM615134,2,3,expanded_score,0,0.017151216104893834
GSE25055,GSM615135,2,1,expanded_score,0,0.2590542495941059
GSE25055,GSM615136,2,3,expanded_score,0,0.3183498951565435
GSE25055,GSM615137,2,1,expanded_score,1,0.09253709347519448
GSE25055,GSM615138,2,1,expanded_score,0,0.05153506551361095
GSE25055,GSM615139,2,1,expanded_score,1,0.5661012642135854
GSE25055,GSM615140,2,3,expanded_score,1,0.016193522684361875
GSE25055,GSM615142,2,4,expanded_score,0,0.06421165875009469
GSE25055,GSM615143,2,2,expanded_score,1,0.2547270537971539
GSE25055,GSM615144,2,0,expanded_score,0,0.01851472058305899
GSE25055,GSM615145,2,1,expanded_score,0,0.53881045614473
GSE25055,GSM615146,2,0,expanded_score,1,0.430328454514069
GSE25055,GSM615147,2,1,expanded_score,0,0.04670157812235363
GSE25055,GSM615148,2,3,expanded_score,0,0.37579084411406094
GSE25055,GSM615149,2,3,expanded_score,0,0.3000200073190874
GSE25055,GSM615150,2,1,expanded_score,0,0.032476440238205916
GSE25055,GSM615151,2,1,expanded_score,0,0.32167876314796323
GSE25055,GSM615153,2,2,expanded_score,0,0.036343588437779996
GSE25055,GSM615154,2,0,expanded_score,1,0.3578392360784795
GSE25055,GSM615155,2,1,expanded_score,0,0.1545465667976725
GSE25055,GSM615156,2,1,expanded_score,0,0.36094904370928477
GSE25055,GSM615157,2,4,expanded_score,0,0.05481168541960315
GSE25055,GSM615158,2,0,expanded_score,0,0.010111868727144865
GSE25055,GSM615159,2,2,expanded_score,0,0.13030839723562454
GSE25055,GSM615160,2,0,expanded_score,0,0.3124860483864066
GSE25055,GSM615162,2,2,expanded_score,0,0.010106830229217057
GSE25055,GSM615164,2,4,expanded_score,1,0.43114759275724246
GSE25055,GSM615165,2,4,expanded_score,0,0.054606779586022273
GSE25055,GSM615166,2,2,expanded_score,0,0.05221841536025587
GSE25055,GSM615167,2,4,expanded_score,1,0.17734564980300216
GSE25055,GSM615168,2,0,expanded_score,0,0.02260124603675978
GSE25055,GSM615169,2,4,expanded_score,0,0.350556757760634
GSE25055,GSM615170,2,4,expanded_score,0,0.021216148685814392
GSE25055,GSM615171,2,3,expanded_score,1,0.3510819220322568
GSE25055,GSM615172,2,1,expanded_score,0,0.032247238102378416
GSE25055,GSM615173,2,0,expanded_score,0,0.042980423850310125
GSE25055,GSM615174,2,1,expanded_score,0,0.13331897294869804
GSE25055,GSM615175,2,4,expanded_score,1,0.33617415706081955
GSE25055,GSM615176,2,3,expanded_score,0,0.012759624834756724
GSE25055,GSM615177,2,3,expanded_score,0,0.10386396511406337
GSE25055,GSM615178,2,1,expanded_score,0,0.4583851468994502
GSE25055,GSM615179,2,3,expanded_score,0,0.044072249306133585
GSE25055,GSM615180,2,4,expanded_score,0,0.05442114424781569
GSE25055,GSM615181,2,1,expanded_score,1,0.32501159037078614
GSE25055,GSM615182,2,2,expanded_score,0,0.2984424170420894
GSE25055,GSM615183,2,2,expanded_score,0,0.039104688978888115
GSE25055,GSM615184,2,1,expanded_score,0,0.5661646425685131
GSE25055,GSM615185,2,4,expanded_score,0,0.28950138321475727
GSE25055,GSM615186,2,2,expanded_score,1,0.020568986312129358
GSE25055,GSM615187,2,1,expanded_score,0,0.049841728942559914
GSE25055,GSM615188,2,0,expanded_score,0,0.21421653157945328
GSE25055,GSM615189,2,3,expanded_score,0,0.19901081136535304
GSE25055,GSM615190,2,4,expanded_score,0,0.3998383420905851
GSE25055,GSM615191,2,2,expanded_score,1,0.600873272293138
GSE25055,GSM615192,2,3,expanded_score,0,0.039412852650565704
GSE25055,GSM615193,2,4,expanded_score,1,0.44390556106957557
GSE25055,GSM615194,2,3,expanded_score,1,0.3872441165674365
GSE25055,GSM615195,2,4,expanded_score,0,0.48667779384920934
GSE25055,GSM615196,2,0,expanded_score,0,0.07736804812831537
GSE25055,GSM615197,2,0,expanded_score,0,0.5057358595305943
GSE25055,GSM615198,2,3,expanded_score,0,0.031148298089586822
GSE25055,GSM615199,2,2,expanded_score,0,0.07031509318410344
GSE25055,GSM615200,2,4,expanded_score,0,0.2879760401478659
GSE25055,GSM615201,2,4,expanded_score,1,0.15506659776641055
GSE25055,GSM615202,2,0,expanded_score,1,0.3797232791012905
GSE25055,GSM615203,2,1,expanded_score,0,0.010647347092712884
GSE25055,GSM615204,2,0,expanded_score,0,0.020919969542441734
GSE25055,GSM615205,2,4,expanded_score,0,0.0589019096710264
GSE25055,GSM615206,2,4,expanded_score,0,0.03615553180304315
GSE25055,GSM615207,2,2,expanded_score,0,0.025718927295334756
GSE25055,GSM615208,2,4,expanded_score,0,0.0323125988197177
GSE25055,GSM615209,2,4,expanded_score,1,0.5261555461655536
GSE25055,GSM615210,2,3,expanded_score,0,0.030011208660327485
GSE25055,GSM615211,2,3,expanded_score,1,0.5958152084424931
GSE25055,GSM615212,2,2,expanded_score,1,0.17827331591103177
GSE25055,GSM615213,2,0,expanded_score,1,0.35154316559448995
GSE25055,GSM615214,2,3,expanded_score,0,0.041391736342754656
GSE25055,GSM615215,2,1,expanded_score,1,0.36019216810298404
GSE25055,GSM615216,2,2,expanded_score,0,0.06411342534751673
GSE25055,GSM615217,2,2,expanded_score,0,0.035473116553978716
GSE25055,GSM615218,2,2,expanded_score,0,0.18516159278701344
GSE25055,GSM615219,2,4,expanded_score,0,0.09957802848015944
GSE25055,GSM615220,2,2,expanded_score,0,0.02044806008072933
GSE25055,GSM615221,2,2,expanded_score,0,0.06696180010184108
GSE25055,GSM615222,2,3,expanded_score,0,0.032627115380732215
GSE25055,GSM615223,2,1,expanded_score,0,0.1399336298596548
GSE25055,GSM615224,2,0,expanded_score,0,0.005650346066446147
GSE25055,GSM615225,2,1,expanded_score,0,0.18117913835105165
GSE25055,GSM615226,2,0,expanded_score,0,0.009253881045806997
GSE25055,GSM615227,2,2,expanded_score,0,0.06901200451123263
GSE25055,GSM615228,2,3,expanded_score,0,0.2785520724564399
GSE25055,GSM615229,2,4,expanded_score,0,0.04377215370769127
GSE25055,GSM615230,2,0,expanded_score,0,0.018564506776158302
GSE25055,GSM615231,2,3,expanded_score,0,0.026823201070840533
GSE25055,GSM615232,2,4,expanded_score,0,0.0189160895952787
GSE25055,GSM615233,2,3,expanded_score,0,0.00695254413429185
GSE25055,GSM615234,2,3,expanded_score,0,0.17063844389003927
GSE25055,GSM615235,2,2,expanded_score,0,0.14200063306883223
GSE25055,GSM615236,2,0,expanded_score,0,0.03653814150726819
GSE25055,GSM615237,2,4,expanded_score,0,0.027280299570597365
GSE25055,GSM615238,2,2,expanded_score,0,0.03901242804643408
GSE25055,GSM615239,2,3,expanded_score,0,0.14805885021199433
GSE25055,GSM615240,2,2,expanded_score,1,0.16786081607191103
GSE25055,GSM615241,2,2,expanded_score,0,0.03630851700925989
GSE25055,GSM615242,2,3,expanded_score,1,0.38235840390974324
GSE25055,GSM615243,2,1,expanded_score,0,0.03459612901023494
GSE25055,GSM615244,2,1,expanded_score,0,0.2385608102583524
GSE25055,GSM615245,2,2,expanded_score,0,0.12002737403610543
GSE25055,GSM615246,2,4,expanded_score,0,0.07545537755321752
GSE25055,GSM615247,2,1,expanded_score,0,0.1557842121170895
GSE25055,GSM615248,2,2,expanded_score,0,0.2533649147215512
GSE25055,GSM615249,2,1,expanded_score,0,0.04576920452375625
GSE25055,GSM615250,2,0,expanded_score,0,0.6466241551567286
GSE25055,GSM615251,2,2,expanded_score,0,0.48763207200767894
GSE25055,GSM615252,2,2,expanded_score,0,0.01907218104278438
GSE25055,GSM615253,2,0,expanded_score,0,0.0880119949778251
GSE25055,GSM615254,2,3,expanded_score,0,0.04220551275269075
GSE25055,GSM615255,2,0,expanded_score,0,0.18602072047857418
GSE25055,GSM615256,2,1,expanded_score,1,0.0881079666696462
GSE25055,GSM615257,2,0,expanded_score,0,0.0022344153813186143
GSE25055,GSM615258,2,2,expanded_score,0,0.06008859337031609
GSE25055,GSM615259,2,1,expanded_score,0,0.023825166676592423
GSE25055,GSM615260,2,4,expanded_score,0,0.3849026196602025
GSE25055,GSM615261,2,4,expanded_score,0,0.058027999429155146
GSE25055,GSM615262,2,0,expanded_score,0,0.007373985000358728
GSE25055,GSM615263,2,1,expanded_score,1,0.24515811216105585
GSE25055,GSM615264,2,1,expanded_score,1,0.2324570222392927
GSE25055,GSM615265,2,2,expanded_score,0,0.19175341628547826
GSE25055,GSM615266,2,1,expanded_score,0,0.047495078067732205
GSE25055,GSM615267,2,1,expanded_score,0,0.05169060008742504
GSE25055,GSM615268,2,0,expanded_score,0,0.05475244169396237
GSE25055,GSM615269,2,2,expanded_score,0,0.04505007357809223
GSE25055,GSM615270,2,4,expanded_score,1,0.415813219318019
GSE25055,GSM615271,2,0,expanded_score,0,0.07124451712693042
GSE25055,GSM615272,2,3,expanded_score,0,0.03201292901040559
GSE25055,GSM615273,2,1,expanded_score,0,0.0938277409859924
GSE25055,GSM615274,2,2,expanded_score,0,0.19620729587445732
GSE25055,GSM615275,2,2,expanded_score,0,0.1765298610623136
GSE25055,GSM615276,2,2,expanded_score,0,0.24097686710895114
GSE25055,GSM615277,2,1,expanded_score,0,0.06498801006282455
GSE25055,GSM615278,2,2,expanded_score,0,0.08882607080000725
GSE25055,GSM615279,2,3,expanded_score,0,0.04670755709288977
GSE25055,GSM615280,2,0,expanded_score,1,0.07087950218934219
GSE25055,GSM615281,2,4,expanded_score,0,0.06810379623608272
GSE25055,GSM615282,2,0,expanded_score,0,0.030479003490581906
GSE25055,GSM615283,2,3,expanded_score,0,0.09007152881838787
GSE25055,GSM615284,2,2,expanded_score,1,0.2980768161374833
GSE25055,GSM615285,2,1,expanded_score,0,0.05443696179294554
GSE25055,GSM615286,2,3,expanded_score,0,0.12310066702278738
GSE25055,GSM615287,2,0,expanded_score,0,0.23930583204635028
GSE25055,GSM615288,2,0,expanded_score,0,0.6518199364262874
GSE25055,GSM615289,2,1,expanded_score,0,0.15418476444472912
GSE25055,GSM615290,2,0,expanded_score,0,0.07255843612772331
GSE25055,GSM615291,2,2,expanded_score,1,0.34819518479946565
GSE25055,GSM615292,2,2,expanded_score,0,0.052289645792976715
GSE25055,GSM615293,2,4,expanded_score,1,0.7150117154630664
GSE25055,GSM615294,2,4,expanded_score,0,0.1670066398011287
GSE25055,GSM615295,2,3,expanded_score,0,0.1592118533110854
GSE25055,GSM615296,2,2,expanded_score,0,0.030555168530308072
GSE25055,GSM615297,2,4,expanded_score,0,0.5280419965619388
GSE25055,GSM615298,2,1,expanded_score,0,0.07568164564373397
GSE25055,GSM615299,2,0,expanded_score,0,0.01892448208603798
GSE25055,GSM615300,2,3,expanded_score,1,0.2885081316748176
GSE25055,GSM615301,2,3,expanded_score,0,0.21306526865363917
GSE25055,GSM615302,2,4,expanded_score,0,0.08741718533977844
GSE25055,GSM615303,2,4,expanded_score,0,0.20432451010944538
GSE25055,GSM615304,2,3,expanded_score,0,0.0976751597100934
GSE25055,GSM615305,2,1,expanded_score,0,0.056702440104007906
GSE25055,GSM615306,2,0,expanded_score,0,0.009261095640546453
GSE25055,GSM615307,2,2,expanded_score,1,0.7745746999285199
GSE25055,GSM615308,2,1,expanded_score,0,0.05758359838309178
GSE25055,GSM615309,2,4,expanded_score,0,0.049938357224327885
GSE25055,GSM615310,2,1,expanded_score,1,0.1940574619611953
GSE25055,GSM615311,2,0,expanded_score,0,0.008429646324359032
GSE25055,GSM615312,2,2,expanded_score,0,0.11922016819351466
GSE25055,GSM615313,2,3,expanded_score,0,0.017178204206316765
GSE25055,GSM615314,2,2,expanded_score,0,0.018990029067299505
GSE25055,GSM615315,2,1,expanded_score,0,0.46619093823072116
GSE25055,GSM615316,2,1,expanded_score,0,0.017803575695271634
GSE25055,GSM615317,2,1,expanded_score,0,0.44612176278641935
GSE25055,GSM615318,2,4,expanded_score,0,0.028190418637633757
GSE25055,GSM615319,2,1,expanded_score,0,0.21152232308595142
GSE25055,GSM615320,2,0,expanded_score,0,0.644783427116161
GSE25055,GSM615321,2,3,expanded_score,0,0.3971162972393102
GSE25055,GSM615322,2,3,expanded_score,0,0.3278747591834948
GSE25055,GSM615323,2,0,expanded_score,0,0.08750442452221238
GSE25055,GSM615324,2,4,expanded_score,1,0.7368343597363839
GSE25055,GSM615325,2,3,expanded_score,1,0.5938986521278261
GSE25055,GSM615326,2,2,expanded_score,0,0.3965084308572071
GSE25055,GSM615327,2,2,expanded_score,0,0.24005275627249684
GSE25055,GSM615328,2,1,expanded_score,0,0.026953901970943925
GSE25055,GSM615329,2,1,expanded_score,0,0.040451847553837204
GSE25055,GSM615330,2,2,expanded_score,0,0.09756568303630374
GSE25055,GSM615331,2,4,expanded_score,1,0.07000023103814207
GSE25055,GSM615332,2,4,expanded_score,0,0.096661312824143
GSE25055,GSM615333,2,4,expanded_score,0,0.18072904602042214
GSE25055,GSM615334,2,3,expanded_score,1,0.43577215217628285
GSE25055,GSM615335,2,2,expanded_score,0,0.40983170998120316
GSE25055,GSM615336,2,1,expanded_score,1,0.5143873408998247
GSE25055,GSM615337,2,4,expanded_score,0,0.056912463151166534
GSE25055,GSM615338,2,1,expanded_score,1,0.3185226858248896
GSE25055,GSM615339,2,3,expanded_score,0,0.02464954406251683
GSE25055,GSM615340,2,1,expanded_score,0,0.04978515428042324
GSE25055,GSM615341,2,2,expanded_score,0,0.029700075154844026
GSE25055,GSM615342,2,0,expanded_score,0,0.1620363853547588
GSE25055,GSM615343,2,3,expanded_score,0,0.2750216294966908
GSE25055,GSM615344,2,3,expanded_score,0,0.21901587861651808
GSE25055,GSM615345,2,3,expanded_score,0,0.0681315549327307
GSE25055,GSM615346,2,2,expanded_score,0,0.5256904766447823
GSE25055,GSM615347,2,3,expanded_score,0,0.2906151002082992
GSE25055,GSM615348,2,3,expanded_score,0,0.4000585965957154
GSE25055,GSM615349,2,0,expanded_score,0,0.01734204193714662
GSE25055,GSM615350,2,4,expanded_score,0,0.16251454691530368
GSE25055,GSM615351,2,2,expanded_score,0,0.018397340532453045
GSE25055,GSM615352,2,1,expanded_score,0,0.010096895921989956
GSE25055,GSM615353,2,0,expanded_score,1,0.0827733325847139
GSE25055,GSM615354,2,0,expanded_score,1,0.3247126367443314
GSE25055,GSM615355,2,4,expanded_score,0,0.05938620474128962
GSE25055,GSM615356,2,3,expanded_score,0,0.30457777095762384
GSE25055,GSM615357,2,2,expanded_score,1,0.5318976187072968
GSE25055,GSM615358,2,1,expanded_score,0,0.010704806725814574
GSE25055,GSM615359,2,3,expanded_score,1,0.3715217924720884
GSE25055,GSM615360,2,4,expanded_score,0,0.04777854545242708
GSE25055,GSM615361,2,2,expanded_score,0,0.17750509493296218
GSE25055,GSM615362,2,4,expanded_score,0,0.014877007428995791
GSE25055,GSM615363,2,3,expanded_score,0,0.3310660121719837
GSE25055,GSM615364,2,4,expanded_score,0,0.5540215555378897
GSE25055,GSM615365,2,1,expanded_score,0,0.039612195156964056
GSE25055,GSM615366,2,3,expanded_score,0,0.016893632998338484
GSE25055,GSM615367,2,0,expanded_score,0,0.024928492230946363
GSE25055,GSM615368,2,0,expanded_score,0,0.7060366295784776
GSE25055,GSM615369,2,3,expanded_score,0,0.2880038350836609
GSE25055,GSM615370,2,0,expanded_score,0,0.03352810708465209
GSE25055,GSM615371,2,1,expanded_score,1,0.2789051814666086
GSE25055,GSM615372,2,4,expanded_score,0,0.4703935685357898
GSE25055,GSM615373,2,3,expanded_score,0,0.11200103728790686
GSE25055,GSM615374,2,4,expanded_score,0,0.00704589187419136
GSE25055,GSM615375,2,2,expanded_score,1,0.5297294184112907
GSE25055,GSM615376,2,4,expanded_score,0,0.16663157293152495
GSE25055,GSM615377,2,0,expanded_score,0,0.0026876596213171815
GSE25055,GSM615378,2,2,expanded_score,0,0.4181493363474908
GSE25055,GSM615379,2,0,expanded_score,1,0.12099426291959571
GSE25055,GSM615380,2,4,expanded_score,0,0.5356730800348656
GSE25055,GSM615381,2,2,expanded_score,0,0.01369169348928445
GSE25055,GSM615382,2,0,expanded_score,0,0.17850816537549838
GSE25055,GSM615383,2,0,expanded_score,1,0.011577297527209316
GSE25055,GSM615384,2,2,expanded_score,0,0.19156185160663805
GSE25055,GSM615385,2,2,expanded_score,0,0.06470544584163639
GSE25055,GSM615386,2,1,expanded_score,0,0.025330891571633075
GSE25055,GSM615387,2,4,expanded_score,0,0.34201494194800586
GSE25055,GSM615388,2,3,expanded_score,0,0.036281768559633935
GSE25055,GSM615389,2,4,expanded_score,0,0.037008362737541746
GSE25055,GSM615390,2,1,expanded_score,0,0.4865356126304391
GSE25055,GSM615391,2,0,expanded_score,0,0.00813892692711368
GSE25055,GSM615392,2,3,expanded_score,0,0.24376296363105965
GSE25055,GSM615393,2,2,expanded_score,1,0.23479197469079693
GSE25055,GSM615394,2,3,expanded_score,1,0.246212264429904
GSE25055,GSM615395,2,0,expanded_score,0,0.026482198405532415
GSE25055,GSM615396,2,0,expanded_score,1,0.4039773311334117
GSE25055,GSM615397,2,3,expanded_score,1,0.19320849953988692
GSE25055,GSM615398,2,0,expanded_score,0,0.023943836206746668
GSE25055,GSM615399,2,3,expanded_score,0,0.03563626371060573
GSE25055,GSM615400,2,3,expanded_score,0,0.026044736108369184
GSE25055,GSM615401,2,0,expanded_score,0,0.05672230310335959
GSE25055,GSM615402,2,4,expanded_score,0,0.02838182784594761
GSE25055,GSM615403,2,1,expanded_score,0,0.2342151570496694
GSE25055,GSM615404,2,4,expanded_score,0,0.07940457021241686
GSE25055,GSM615405,2,1,expanded_score,0,0.3469091272897037
GSE25055,GSM615096,2,2,expanded_pam50,0,0.045166035240055656
GSE25055,GSM615097,2,3,expanded_pam50,0,0.05367959452664223
GSE25055,GSM615098,2,0,expanded_pam50,0,0.354130223143278
GSE25055,GSM615099,2,4,expanded_pam50,1,0.473654359991061
GSE25055,GSM615100,2,0,expanded_pam50,0,0.01566170063953956
GSE25055,GSM615101,2,0,expanded_pam50,0,0.23046297881123354
GSE25055,GSM615102,2,2,expanded_pam50,0,0.42575616584445264
GSE25055,GSM615104,2,2,expanded_pam50,0,0.37414716339273935
GSE25055,GSM615106,2,1,expanded_pam50,0,0.33092115589238463
GSE25055,GSM615107,2,2,expanded_pam50,0,0.4157508842187427
GSE25055,GSM615108,2,0,expanded_pam50,0,0.1148128525721712
GSE25055,GSM615109,2,1,expanded_pam50,0,0.28857991933968424
GSE25055,GSM615111,2,4,expanded_pam50,0,0.2717599217586498
GSE25055,GSM615112,2,0,expanded_pam50,0,0.30844969439030157
GSE25055,GSM615113,2,2,expanded_pam50,0,0.48311608928332017
GSE25055,GSM615114,2,0,expanded_pam50,0,0.01852951639792295
GSE25055,GSM615115,2,3,expanded_pam50,0,0.12079875368646546
GSE25055,GSM615116,2,3,expanded_pam50,0,0.03028217651876568
GSE25055,GSM615117,2,0,expanded_pam50,0,0.08142227196104641
GSE25055,GSM615120,2,4,expanded_pam50,0,0.011676120019677086
GSE25055,GSM615121,2,1,expanded_pam50,0,0.09417290514344065
GSE25055,GSM615122,2,0,expanded_pam50,1,0.01649051676607766
GSE25055,GSM615123,2,0,expanded_pam50,1,0.060167219588181886
GSE25055,GSM615124,2,4,expanded_pam50,0,0.04881363850925245
GSE25055,GSM615125,2,1,expanded_pam50,0,0.0607916365586073
GSE25055,GSM615126,2,4,expanded_pam50,0,0.03649093457950205
GSE25055,GSM615127,2,1,expanded_pam50,0,0.02538286575241199
GSE25055,GSM615128,2,3,expanded_pam50,0,0.10062501651722053
GSE25055,GSM615129,2,3,expanded_pam50,0,0.16631432452303233
GSE25055,GSM615130,2,0,expanded_pam50,0,0.01689671779578359
GSE25055,GSM615131,2,4,expanded_pam50,0,0.06667641790769951
GSE25055,GSM615132,2,0,expanded_pam50,0,0.019747196200406613
GSE25055,GSM615133,2,4,expanded_pam50,0,0.0174819693522455
GSE25055,GSM615134,2,3,expanded_pam50,0,0.026640647269656398
GSE25055,GSM615135,2,1,expanded_pam50,0,0.25829032806347707
GSE25055,GSM615136,2,3,expanded_pam50,0,0.29065172207718154
GSE25055,GSM615137,2,1,expanded_pam50,1,0.14037640879802096
GSE25055,GSM615138,2,1,expanded_pam50,0,0.05545112679162653
GSE25055,GSM615139,2,1,expanded_pam50,1,0.2247252357713181
GSE25055,GSM615140,2,3,expanded_pam50,1,0.013950950992496288
GSE25055,GSM615142,2,4,expanded_pam50,0,0.07358904832045456
GSE25055,GSM615143,2,2,expanded_pam50,1,0.2861113352403752
GSE25055,GSM615144,2,0,expanded_pam50,0,0.016593799195987913
GSE25055,GSM615145,2,1,expanded_pam50,0,0.30523995292101935
GSE25055,GSM615146,2,0,expanded_pam50,1,0.4707313342894851
GSE25055,GSM615147,2,1,expanded_pam50,0,0.056327396688370605
GSE25055,GSM615148,2,3,expanded_pam50,0,0.38771108948853894
GSE25055,GSM615149,2,3,expanded_pam50,0,0.3650681087785134
GSE25055,GSM615150,2,1,expanded_pam50,0,0.04644743234092538
GSE25055,GSM615151,2,1,expanded_pam50,0,0.2707842311291631
GSE25055,GSM615153,2,2,expanded_pam50,0,0.03141857743600285
GSE25055,GSM615154,2,0,expanded_pam50,1,0.48335709106736574
GSE25055,GSM615155,2,1,expanded_pam50,0,0.14074196630109484
GSE25055,GSM615156,2,1,expanded_pam50,0,0.5020546526303601
GSE25055,GSM615157,2,4,expanded_pam50,0,0.09713600899023322
GSE25055,GSM615158,2,0,expanded_pam50,0,0.007338228438576281
GSE25055,GSM615159,2,2,expanded_pam50,0,0.3001487513074175
GSE25055,GSM615160,2,0,expanded_pam50,0,0.38008763106728943
GSE25055,GSM615162,2,2,expanded_pam50,0,0.010882763272144146
GSE25055,GSM615164,2,4,expanded_pam50,1,0.28089719017170733
GSE25055,GSM615165,2,4,expanded_pam50,0,0.04564855619030838
GSE25055,GSM615166,2,2,expanded_pam50,0,0.04321585573704689
GSE25055,GSM615167,2,4,expanded_pam50,1,0.1676720116094518
GSE25055,GSM615168,2,0,expanded_pam50,0,0.04380377429026935
GSE25055,GSM615169,2,4,expanded_pam50,0,0.3616901858963563
GSE25055,GSM615170,2,4,expanded_pam50,0,0.02568234713818317
GSE25055,GSM615171,2,3,expanded_pam50,1,0.4483225009260008
GSE25055,GSM615172,2,1,expanded_pam50,0,0.03679624290725128
GSE25055,GSM615173,2,0,expanded_pam50,0,0.07453980141104172
GSE25055,GSM615174,2,1,expanded_pam50,0,0.1502957807577764
GSE25055,GSM615175,2,4,expanded_pam50,1,0.2800738004831438
GSE25055,GSM615176,2,3,expanded_pam50,0,0.01661612796875765
GSE25055,GSM615177,2,3,expanded_pam50,0,0.08780333532733832
GSE25055,GSM615178,2,1,expanded_pam50,0,0.5728460694731606
GSE25055,GSM615179,2,3,expanded_pam50,0,0.03342279393435086
GSE25055,GSM615180,2,4,expanded_pam50,0,0.03856750926331705
GSE25055,GSM615181,2,1,expanded_pam50,1,0.3430011823889154
GSE25055,GSM615182,2,2,expanded_pam50,0,0.22389528075852444
GSE25055,GSM615183,2,2,expanded_pam50,0,0.04852387534805107
GSE25055,GSM615184,2,1,expanded_pam50,0,0.4366115511945496
GSE25055,GSM615185,2,4,expanded_pam50,0,0.40340903282621066
GSE25055,GSM615186,2,2,expanded_pam50,1,0.01543121680027416
GSE25055,GSM615187,2,1,expanded_pam50,0,0.03153804484148876
GSE25055,GSM615188,2,0,expanded_pam50,0,0.15094332406507485
GSE25055,GSM615189,2,3,expanded_pam50,0,0.20944003342263934
GSE25055,GSM615190,2,4,expanded_pam50,0,0.3782835921011441
GSE25055,GSM615191,2,2,expanded_pam50,1,0.3941682282389237
GSE25055,GSM615192,2,3,expanded_pam50,0,0.03706502990808905
GSE25055,GSM615193,2,4,expanded_pam50,1,0.2750385397006336
GSE25055,GSM615194,2,3,expanded_pam50,1,0.3320827731930364
GSE25055,GSM615195,2,4,expanded_pam50,0,0.31703444946330245
GSE25055,GSM615196,2,0,expanded_pam50,0,0.05482860912276787
GSE25055,GSM615197,2,0,expanded_pam50,0,0.3560262490214212
GSE25055,GSM615198,2,3,expanded_pam50,0,0.03273697522103192
GSE25055,GSM615199,2,2,expanded_pam50,0,0.04499557809905613
GSE25055,GSM615200,2,4,expanded_pam50,0,0.16860069783437884
GSE25055,GSM615201,2,4,expanded_pam50,1,0.08824507583107234
GSE25055,GSM615202,2,0,expanded_pam50,1,0.25785083970938505
GSE25055,GSM615203,2,1,expanded_pam50,0,0.02279172987804606
GSE25055,GSM615204,2,0,expanded_pam50,0,0.03156690470872309
GSE25055,GSM615205,2,4,expanded_pam50,0,0.07457367342017188
GSE25055,GSM615206,2,4,expanded_pam50,0,0.06740162753359198
GSE25055,GSM615207,2,2,expanded_pam50,0,0.030559517556113726
GSE25055,GSM615208,2,4,expanded_pam50,0,0.045249622005415886
GSE25055,GSM615209,2,4,expanded_pam50,1,0.4352362151360303
GSE25055,GSM615210,2,3,expanded_pam50,0,0.03792205454414308
GSE25055,GSM615211,2,3,expanded_pam50,1,0.4915586038935463
GSE25055,GSM615212,2,2,expanded_pam50,1,0.3791375674641042
GSE25055,GSM615213,2,0,expanded_pam50,1,0.3362396989306829
GSE25055,GSM615214,2,3,expanded_pam50,0,0.0582346313345713
GSE25055,GSM615215,2,1,expanded_pam50,1,0.2846272746296797
GSE25055,GSM615216,2,2,expanded_pam50,0,0.05059259527771876
GSE25055,GSM615217,2,2,expanded_pam50,0,0.025208910048713465
GSE25055,GSM615218,2,2,expanded_pam50,0,0.2549771173186101
GSE25055,GSM615219,2,4,expanded_pam50,0,0.14490206254314264
GSE25055,GSM615220,2,2,expanded_pam50,0,0.12361830920196629
GSE25055,GSM615221,2,2,expanded_pam50,0,0.057280030620882466
GSE25055,GSM615222,2,3,expanded_pam50,0,0.03559123831904999
GSE25055,GSM615223,2,1,expanded_pam50,0,0.2981877988448435
GSE25055,GSM615224,2,0,expanded_pam50,0,0.01871194009810437
GSE25055,GSM615225,2,1,expanded_pam50,0,0.21151122798932936
GSE25055,GSM615226,2,0,expanded_pam50,0,0.022639989090991245
GSE25055,GSM615227,2,2,expanded_pam50,0,0.05661272409660674
GSE25055,GSM615228,2,3,expanded_pam50,0,0.25076898539841047
GSE25055,GSM615229,2,4,expanded_pam50,0,0.074244401903294
GSE25055,GSM615230,2,0,expanded_pam50,0,0.09193262244982998
GSE25055,GSM615231,2,3,expanded_pam50,0,0.031420458318452374
GSE25055,GSM615232,2,4,expanded_pam50,0,0.034000889917539454
GSE25055,GSM615233,2,3,expanded_pam50,0,0.01451436904150956
GSE25055,GSM615234,2,3,expanded_pam50,0,0.2707085931064047
GSE25055,GSM615235,2,2,expanded_pam50,0,0.06583420835870557
GSE25055,GSM615236,2,0,expanded_pam50,0,0.03662465123374368
GSE25055,GSM615237,2,4,expanded_pam50,0,0.037885049690628184
GSE25055,GSM615238,2,2,expanded_pam50,0,0.10632987308136282
GSE25055,GSM615239,2,3,expanded_pam50,0,0.10456752271475425
GSE25055,GSM615240,2,2,expanded_pam50,1,0.4574748903653421
GSE25055,GSM615241,2,2,expanded_pam50,0,0.022590311731160412
GSE25055,GSM615242,2,3,expanded_pam50,1,0.35616925965370844
GSE25055,GSM615243,2,1,expanded_pam50,0,0.05168449065019403
GSE25055,GSM615244,2,1,expanded_pam50,0,0.5159578471895206
GSE25055,GSM615245,2,2,expanded_pam50,0,0.046728067908779446
GSE25055,GSM615246,2,4,expanded_pam50,0,0.04561722837180851
GSE25055,GSM615247,2,1,expanded_pam50,0,0.1771556519177169
GSE25055,GSM615248,2,2,expanded_pam50,0,0.17067764990159526
GSE25055,GSM615249,2,1,expanded_pam50,0,0.06059633831368276
GSE25055,GSM615250,2,0,expanded_pam50,0,0.4796421724708164
GSE25055,GSM615251,2,2,expanded_pam50,0,0.4771860363882127
GSE25055,GSM615252,2,2,expanded_pam50,0,0.026878028192445086
GSE25055,GSM615253,2,0,expanded_pam50,0,0.08314092126069292
GSE25055,GSM615254,2,3,expanded_pam50,0,0.042861470887114214
GSE25055,GSM615255,2,0,expanded_pam50,0,0.2755464176664019
GSE25055,GSM615256,2,1,expanded_pam50,1,0.06678979792706677
GSE25055,GSM615257,2,0,expanded_pam50,0,0.0092037962391645
GSE25055,GSM615258,2,2,expanded_pam50,0,0.0636794354850361
GSE25055,GSM615259,2,1,expanded_pam50,0,0.03484034123922861
GSE25055,GSM615260,2,4,expanded_pam50,0,0.3486488087489596
GSE25055,GSM615261,2,4,expanded_pam50,0,0.04612223940370495
GSE25055,GSM615262,2,0,expanded_pam50,0,0.00982112374323625
GSE25055,GSM615263,2,1,expanded_pam50,1,0.13305107609749814
GSE25055,GSM615264,2,1,expanded_pam50,1,0.40289700953444313
GSE25055,GSM615265,2,2,expanded_pam50,0,0.3337290195430767
GSE25055,GSM615266,2,1,expanded_pam50,0,0.02526688560348496
GSE25055,GSM615267,2,1,expanded_pam50,0,0.05420090378215603
GSE25055,GSM615268,2,0,expanded_pam50,0,0.02791165803996734
GSE25055,GSM615269,2,2,expanded_pam50,0,0.07072117525897828
GSE25055,GSM615270,2,4,expanded_pam50,1,0.297499611473978
GSE25055,GSM615271,2,0,expanded_pam50,0,0.041843068003887166
GSE25055,GSM615272,2,3,expanded_pam50,0,0.05094425576101651
GSE25055,GSM615273,2,1,expanded_pam50,0,0.06111585692101058
GSE25055,GSM615274,2,2,expanded_pam50,0,0.10032706378281393
GSE25055,GSM615275,2,2,expanded_pam50,0,0.10441429770869128
GSE25055,GSM615276,2,2,expanded_pam50,0,0.34946839610694747
GSE25055,GSM615277,2,1,expanded_pam50,0,0.05822677313293297
GSE25055,GSM615278,2,2,expanded_pam50,0,0.0718670419644446
GSE25055,GSM615279,2,3,expanded_pam50,0,0.06623680222945125
GSE25055,GSM615280,2,0,expanded_pam50,1,0.06284593994497843
GSE25055,GSM615281,2,4,expanded_pam50,0,0.06275016069122082
GSE25055,GSM615282,2,0,expanded_pam50,0,0.0363452742120736
GSE25055,GSM615283,2,3,expanded_pam50,0,0.05480537350035447
GSE25055,GSM615284,2,2,expanded_pam50,1,0.2781912343989055
GSE25055,GSM615285,2,1,expanded_pam50,0,0.09530698397880498
GSE25055,GSM615286,2,3,expanded_pam50,0,0.06996441934046034
GSE25055,GSM615287,2,0,expanded_pam50,0,0.20518322442954606
GSE25055,GSM615288,2,0,expanded_pam50,0,0.5878986489654665
GSE25055,GSM615289,2,1,expanded_pam50,0,0.08015494968643368
GSE25055,GSM615290,2,0,expanded_pam50,0,0.03623536098977753
GSE25055,GSM615291,2,2,expanded_pam50,1,0.40412819295510705
GSE25055,GSM615292,2,2,expanded_pam50,0,0.03793031432641812
GSE25055,GSM615293,2,4,expanded_pam50,1,0.4986196842754223
GSE25055,GSM615294,2,4,expanded_pam50,0,0.08888806526620832
GSE25055,GSM615295,2,3,expanded_pam50,0,0.23807720721644332
GSE25055,GSM615296,2,2,expanded_pam50,0,0.018763859215467117
GSE25055,GSM615297,2,4,expanded_pam50,0,0.4302286208844625
GSE25055,GSM615298,2,1,expanded_pam50,0,0.07406049162484223
GSE25055,GSM615299,2,0,expanded_pam50,0,0.03351323706659673
GSE25055,GSM615300,2,3,expanded_pam50,1,0.3762495655314632
GSE25055,GSM615301,2,3,expanded_pam50,0,0.22140422293553771
GSE25055,GSM615302,2,4,expanded_pam50,0,0.08929456990712235
GSE25055,GSM615303,2,4,expanded_pam50,0,0.23771828587678098
GSE25055,GSM615304,2,3,expanded_pam50,0,0.2034891378060503
GSE25055,GSM615305,2,1,expanded_pam50,0,0.05769512662439975
GSE25055,GSM615306,2,0,expanded_pam50,0,0.01187332281819831
GSE25055,GSM615307,2,2,expanded_pam50,1,0.5364999714252092
GSE25055,GSM615308,2,1,expanded_pam50,0,0.12331005264390864
GSE25055,GSM615309,2,4,expanded_pam50,0,0.0712302890485995
GSE25055,GSM615310,2,1,expanded_pam50,1,0.10213991410023948
GSE25055,GSM615311,2,0,expanded_pam50,0,0.015952891703051808
GSE25055,GSM615312,2,2,expanded_pam50,0,0.1475873270925348
GSE25055,GSM615313,2,3,expanded_pam50,0,0.031557740357472316
GSE25055,GSM615314,2,2,expanded_pam50,0,0.02392781642685431
GSE25055,GSM615315,2,1,expanded_pam50,0,0.3555203062429722
GSE25055,GSM615316,2,1,expanded_pam50,0,0.041827037838720944
GSE25055,GSM615317,2,1,expanded_pam50,0,0.446258433438406
GSE25055,GSM615318,2,4,expanded_pam50,0,0.03856750926331705
GSE25055,GSM615319,2,1,expanded_pam50,0,0.34801228533877765
GSE25055,GSM615320,2,0,expanded_pam50,0,0.4858504123681019
GSE25055,GSM615321,2,3,expanded_pam50,0,0.4120730353234867
GSE25055,GSM615322,2,3,expanded_pam50,0,0.26055620191408235
GSE25055,GSM615323,2,0,expanded_pam50,0,0.24507594643498656
GSE25055,GSM615324,2,4,expanded_pam50,1,0.5503381014663683
GSE25055,GSM615325,2,3,expanded_pam50,1,0.5292390995715713
GSE25055,GSM615326,2,2,expanded_pam50,0,0.21369975164049626
GSE25055,GSM615327,2,2,expanded_pam50,0,0.23121694377306495
GSE25055,GSM615328,2,1,expanded_pam50,0,0.03167706034522845
GSE25055,GSM615329,2,1,expanded_pam50,0,0.05837149047184043
GSE25055,GSM615330,2,2,expanded_pam50,0,0.2934359745023352
GSE25055,GSM615331,2,4,expanded_pam50,1,0.18872811776945705
GSE25055,GSM615332,2,4,expanded_pam50,0,0.07599378811434647
GSE25055,GSM615333,2,4,expanded_pam50,0,0.2354430897555796
GSE25055,GSM615334,2,3,expanded_pam50,1,0.28625083212614705
GSE25055,GSM615335,2,2,expanded_pam50,0,0.44277504095191494
GSE25055,GSM615336,2,1,expanded_pam50,1,0.43357046114149095
GSE25055,GSM615337,2,4,expanded_pam50,0,0.056537204903740944
GSE25055,GSM615338,2,1,expanded_pam50,1,0.38383727131996914
GSE25055,GSM615339,2,3,expanded_pam50,0,0.032064762319229445
GSE25055,GSM615340,2,1,expanded_pam50,0,0.06380911006838692
GSE25055,GSM615341,2,2,expanded_pam50,0,0.03793031432641812
GSE25055,GSM615342,2,0,expanded_pam50,0,0.24123467164250897
GSE25055,GSM615343,2,3,expanded_pam50,0,0.3130952584611786
GSE25055,GSM615344,2,3,expanded_pam50,0,0.3484934091997842
GSE25055,GSM615345,2,3,expanded_pam50,0,0.13329238113390623
GSE25055,GSM615346,2,2,expanded_pam50,0,0.4870722048666417
GSE25055,GSM615347,2,3,expanded_pam50,0,0.28179327902734513
GSE25055,GSM615348,2,3,expanded_pam50,0,0.39610199285697106
GSE25055,GSM615349,2,0,expanded_pam50,0,0.019175741173682682
GSE25055,GSM615350,2,4,expanded_pam50,0,0.19113947818934351
GSE25055,GSM615351,2,2,expanded_pam50,0,0.009262266958266353
GSE25055,GSM615352,2,1,expanded_pam50,0,0.01828552900625026
GSE25055,GSM615353,2,0,expanded_pam50,1,0.10674851765675675
GSE25055,GSM615354,2,0,expanded_pam50,1,0.27205203155704155
GSE25055,GSM615355,2,4,expanded_pam50,0,0.0371484514591734
GSE25055,GSM615356,2,3,expanded_pam50,0,0.39621405429167955
GSE25055,GSM615357,2,2,expanded_pam50,1,0.4330289263000971
GSE25055,GSM615358,2,1,expanded_pam50,0,0.013127101043497423
GSE25055,GSM615359,2,3,expanded_pam50,1,0.2647085634091922
GSE25055,GSM615360,2,4,expanded_pam50,0,0.05284712085374597
GSE25055,GSM615361,2,2,expanded_pam50,0,0.20709312639633687
GSE25055,GSM615362,2,4,expanded_pam50,0,0.017377160993828647
GSE25055,GSM615363,2,3,expanded_pam50,0,0.4591751639623579
GSE25055,GSM615364,2,4,expanded_pam50,0,0.49097074107445954
GSE25055,GSM615365,2,1,expanded_pam50,0,0.042364375205794995
GSE25055,GSM615366,2,3,expanded_pam50,0,0.01550897870322931
GSE25055,GSM615367,2,0,expanded_pam50,0,0.043757254917076695
GSE25055,GSM615368,2,0,expanded_pam50,0,0.5232652139405118
GSE25055,GSM615369,2,3,expanded_pam50,0,0.4120730353234867
GSE25055,GSM615370,2,0,expanded_pam50,0,0.02275285837764532
GSE25055,GSM615371,2,1,expanded_pam50,1,0.3250224977252759
GSE25055,GSM615372,2,4,expanded_pam50,0,0.4782336557946787
GSE25055,GSM615373,2,3,expanded_pam50,0,0.1103252315104117
GSE25055,GSM615374,2,4,expanded_pam50,0,0.011351101972869756
GSE25055,GSM615375,2,2,expanded_pam50,1,0.22598330801759683
GSE25055,GSM615376,2,4,expanded_pam50,0,0.28118096866963443
GSE25055,GSM615377,2,0,expanded_pam50,0,0.011287684352322993
GSE25055,GSM615378,2,2,expanded_pam50,0,0.49201956995186147
GSE25055,GSM615379,2,0,expanded_pam50,1,0.2220661352750337
GSE25055,GSM615380,2,4,expanded_pam50,0,0.3802525121631889
GSE25055,GSM615381,2,2,expanded_pam50,0,0.03640461695727464
GSE25055,GSM615382,2,0,expanded_pam50,0,0.40901814543607035
GSE25055,GSM615383,2,0,expanded_pam50,1,0.018942448587618756
GSE25055,GSM615384,2,2,expanded_pam50,0,0.32731192236857204
GSE25055,GSM615385,2,2,expanded_pam50,0,0.21047250026695535
GSE25055,GSM615386,2,1,expanded_pam50,0,0.05965493691093484
GSE25055,GSM615387,2,4,expanded_pam50,0,0.48077934025936964
GSE25055,GSM615388,2,3,expanded_pam50,0,0.03409732762529244
GSE25055,GSM615389,2,4,expanded_pam50,0,0.03278985926827327
GSE25055,GSM615390,2,1,expanded_pam50,0,0.4526298440424127
GSE25055,GSM615391,2,0,expanded_pam50,0,0.02337934521819309
GSE25055,GSM615392,2,3,expanded_pam50,0,0.21051422558450436
GSE25055,GSM615393,2,2,expanded_pam50,1,0.3909805820336075
GSE25055,GSM615394,2,3,expanded_pam50,1,0.3271372709627507
GSE25055,GSM615395,2,0,expanded_pam50,0,0.04173248166738751
GSE25055,GSM615396,2,0,expanded_pam50,1,0.39698369014917584
GSE25055,GSM615397,2,3,expanded_pam50,1,0.16595714785096066
GSE25055,GSM615398,2,0,expanded_pam50,0,0.028041769423335795
GSE25055,GSM615399,2,3,expanded_pam50,0,0.030141248355477886
GSE25055,GSM615400,2,3,expanded_pam50,0,0.02113483467578467
GSE25055,GSM615401,2,0,expanded_pam50,0,0.054963963172602014
GSE25055,GSM615402,2,4,expanded_pam50,0,0.0264119835649991
GSE25055,GSM615403,2,1,expanded_pam50,0,0.15897345926563294
GSE25055,GSM615404,2,4,expanded_pam50,0,0.12029621377707345
GSE25055,GSM615405,2,1,expanded_pam50,0,0.11431407858358941
GSE25055,GSM615096,2,2,expanded_pam50_score,0,0.032981190520405684
GSE25055,GSM615097,2,3,expanded_pam50_score,0,0.04411618410057973
GSE25055,GSM615098,2,0,expanded_pam50_score,0,0.38621186680734676
GSE25055,GSM615099,2,4,expanded_pam50_score,1,0.6061431750178647
GSE25055,GSM615100,2,0,expanded_pam50_score,0,0.028508699221216526
GSE25055,GSM615101,2,0,expanded_pam50_score,0,0.27425004302838085
GSE25055,GSM615102,2,2,expanded_pam50_score,0,0.4460378729612938
GSE25055,GSM615104,2,2,expanded_pam50_score,0,0.2805614654633654
GSE25055,GSM615106,2,1,expanded_pam50_score,0,0.19846768012016203
GSE25055,GSM615107,2,2,expanded_pam50_score,0,0.4017022868300681
GSE25055,GSM615108,2,0,expanded_pam50_score,0,0.13247283347463776
GSE25055,GSM615109,2,1,expanded_pam50_score,0,0.38892533505203564
GSE25055,GSM615111,2,4,expanded_pam50_score,0,0.1921562183792368
GSE25055,GSM615112,2,0,expanded_pam50_score,0,0.36490608812205383
GSE25055,GSM615113,2,2,expanded_pam50_score,0,0.49009467661485356
GSE25055,GSM615114,2,0,expanded_pam50_score,0,0.013028671020169996
GSE25055,GSM615115,2,3,expanded_pam50_score,0,0.12575904639349111
GSE25055,GSM615116,2,3,expanded_pam50_score,0,0.019753892647205368
GSE25055,GSM615117,2,0,expanded_pam50_score,0,0.11237545862887457
GSE25055,GSM615120,2,4,expanded_pam50_score,0,0.00979036141390882
GSE25055,GSM615121,2,1,expanded_pam50_score,0,0.052108177414102494
GSE25055,GSM615122,2,0,expanded_pam50_score,1,0.008060291260854752
GSE25055,GSM615123,2,0,expanded_pam50_score,1,0.1475634195772116
GSE25055,GSM615124,2,4,expanded_pam50_score,0,0.03821155675072435
GSE25055,GSM615125,2,1,expanded_pam50_score,0,0.045558383411143134
GSE25055,GSM615126,2,4,expanded_pam50_score,0,0.040393654888752135
GSE25055,GSM615127,2,1,expanded_pam50_score,0,0.03386416458269215
GSE25055,GSM615128,2,3,expanded_pam50_score,0,0.06714632359394748
GSE25055,GSM615129,2,3,expanded_pam50_score,0,0.11654336311150183
GSE25055,GSM615130,2,0,expanded_pam50_score,0,0.007581358589357527
GSE25055,GSM615131,2,4,expanded_pam50_score,0,0.059863099315730826
GSE25055,GSM615132,2,0,expanded_pam50_score,0,0.015193019423735821
GSE25055,GSM615133,2,4,expanded_pam50_score,0,0.01603303499111005
GSE25055,GSM615134,2,3,expanded_pam50_score,0,0.02505576482219717
GSE25055,GSM615135,2,1,expanded_pam50_score,0,0.24987988878485093
GSE25055,GSM615136,2,3,expanded_pam50_score,0,0.31938346568119685
GSE25055,GSM615137,2,1,expanded_pam50_score,1,0.10524675137716676
GSE25055,GSM615138,2,1,expanded_pam50_score,0,0.05157159768601166
GSE25055,GSM615139,2,1,expanded_pam50_score,1,0.3994396475875292
GSE25055,GSM615140,2,3,expanded_pam50_score,1,0.015769149879963792
GSE25055,GSM615142,2,4,expanded_pam50_score,0,0.060023333018834425
GSE25055,GSM615143,2,2,expanded_pam50_score,1,0.270194877351486
GSE25055,GSM615144,2,0,expanded_pam50_score,0,0.015275226269270989
GSE25055,GSM615145,2,1,expanded_pam50_score,0,0.5413608063284079
GSE25055,GSM615146,2,0,expanded_pam50_score,1,0.4286739814957078
GSE25055,GSM615147,2,1,expanded_pam50_score,0,0.04498695428090266
GSE25055,GSM615148,2,3,expanded_pam50_score,0,0.37435987082795463
GSE25055,GSM615149,2,3,expanded_pam50_score,0,0.30079844371566994
GSE25055,GSM615150,2,1,expanded_pam50_score,0,0.031635175828498924
GSE25055,GSM615151,2,1,expanded_pam50_score,0,0.33686448785113515
GSE25055,GSM615153,2,2,expanded_pam50_score,0,0.041929426433530294
GSE25055,GSM615154,2,0,expanded_pam50_score,1,0.35749287535929725
GSE25055,GSM615155,2,1,expanded_pam50_score,0,0.17136951226172
GSE25055,GSM615156,2,1,expanded_pam50_score,0,0.3734777884722877
GSE25055,GSM615157,2,4,expanded_pam50_score,0,0.050310964818169476
GSE25055,GSM615158,2,0,expanded_pam50_score,0,0.008818781888748257
GSE25055,GSM615159,2,2,expanded_pam50_score,0,0.11503545798314566
GSE25055,GSM615160,2,0,expanded_pam50_score,0,0.31284696228402864
GSE25055,GSM615162,2,2,expanded_pam50_score,0,0.008749558840871212
GSE25055,GSM615164,2,4,expanded_pam50_score,1,0.4209353359209
GSE25055,GSM615165,2,4,expanded_pam50_score,0,0.044004068702602026
GSE25055,GSM615166,2,2,expanded_pam50_score,0,0.08365541475865762
GSE25055,GSM615167,2,4,expanded_pam50_score,1,0.12706834491136468
GSE25055,GSM615168,2,0,expanded_pam50_score,0,0.017659840800812836
GSE25055,GSM615169,2,4,expanded_pam50_score,0,0.36259709490960307
GSE25055,GSM615170,2,4,expanded_pam50_score,0,0.02023394409287976
GSE25055,GSM615171,2,3,expanded_pam50_score,1,0.35295757766604574
GSE25055,GSM615172,2,1,expanded_pam50_score,0,0.03268955568413713
GSE25055,GSM615173,2,0,expanded_pam50_score,0,0.033398613249461216
GSE25055,GSM615174,2,1,expanded_pam50_score,0,0.13764927852205397
GSE25055,GSM615175,2,4,expanded_pam50_score,1,0.33381169693660995
GSE25055,GSM615176,2,3,expanded_pam50_score,0,0.018335956158702562
GSE25055,GSM615177,2,3,expanded_pam50_score,0,0.08660429019747419
GSE25055,GSM615178,2,1,expanded_pam50_score,0,0.48076189029861377
GSE25055,GSM615179,2,3,expanded_pam50_score,0,0.038360825109933605
GSE25055,GSM615180,2,4,expanded_pam50_score,0,0.051217056079274105
GSE25055,GSM615181,2,1,expanded_pam50_score,1,0.3338275639832395
GSE25055,GSM615182,2,2,expanded_pam50_score,0,0.2525078097124539
GSE25055,GSM615183,2,2,expanded_pam50_score,0,0.031364408914879925
GSE25055,GSM615184,2,1,expanded_pam50_score,0,0.582088148820716
GSE25055,GSM615185,2,4,expanded_pam50_score,0,0.32188627860907665
GSE25055,GSM615186,2,2,expanded_pam50_score,1,0.016436892924507368
GSE25055,GSM615187,2,1,expanded_pam50_score,0,0.05001925436643496
GSE25055,GSM615188,2,0,expanded_pam50_score,0,0.19075640819036285
GSE25055,GSM615189,2,3,expanded_pam50_score,0,0.18194604020964775
GSE25055,GSM615190,2,4,expanded_pam50_score,0,0.4002771889005045
GSE25055,GSM615191,2,2,expanded_pam50_score,1,0.6119353989814248
GSE25055,GSM615192,2,3,expanded_pam50_score,0,0.03434991348762594
GSE25055,GSM615193,2,4,expanded_pam50_score,1,0.3280920587318172
GSE25055,GSM615194,2,3,expanded_pam50_score,1,0.40692636320848785
GSE25055,GSM615195,2,4,expanded_pam50_score,0,0.4663568363052318
GSE25055,GSM615196,2,0,expanded_pam50_score,0,0.07734444399523922
GSE25055,GSM615197,2,0,expanded_pam50_score,0,0.4399229440551698
GSE25055,GSM615198,2,3,expanded_pam50_score,0,0.02731878397079342
GSE25055,GSM615199,2,2,expanded_pam50_score,0,0.05603830844699846
GSE25055,GSM615200,2,4,expanded_pam50_score,0,0.2765388083395634
GSE25055,GSM615201,2,4,expanded_pam50_score,1,0.14023019595560196
GSE25055,GSM615202,2,0,expanded_pam50_score,1,0.39099298984729985
GSE25055,GSM615203,2,1,expanded_pam50_score,0,0.011477118194813719
GSE25055,GSM615204,2,0,expanded_pam50_score,0,0.017135658363409065
GSE25055,GSM615205,2,4,expanded_pam50_score,0,0.06683490342922663
GSE25055,GSM615206,2,4,expanded_pam50_score,0,0.03684437592929886
GSE25055,GSM615207,2,2,expanded_pam50_score,0,0.02063939435300414
GSE25055,GSM615208,2,4,expanded_pam50_score,0,0.034782944076538716
GSE25055,GSM615209,2,4,expanded_pam50_score,1,0.5422287121195193
GSE25055,GSM615210,2,3,expanded_pam50_score,0,0.025253687652153956
GSE25055,GSM615211,2,3,expanded_pam50_score,1,0.5910776719534278
GSE25055,GSM615212,2,2,expanded_pam50_score,1,0.1821864954157634
GSE25055,GSM615213,2,0,expanded_pam50_score,1,0.3524275104751119
GSE25055,GSM615214,2,3,expanded_pam50_score,0,0.034457097202885714
GSE25055,GSM615215,2,1,expanded_pam50_score,1,0.22608189874769563
GSE25055,GSM615216,2,2,expanded_pam50_score,0,0.07298383102593801
GSE25055,GSM615217,2,2,expanded_pam50_score,0,0.028511789867442273
GSE25055,GSM615218,2,2,expanded_pam50_score,0,0.18868474055106912
GSE25055,GSM615219,2,4,expanded_pam50_score,0,0.11915844745339631
GSE25055,GSM615220,2,2,expanded_pam50_score,0,0.032531489696530316
GSE25055,GSM615221,2,2,expanded_pam50_score,0,0.049758223441043005
GSE25055,GSM615222,2,3,expanded_pam50_score,0,0.026688398613335905
GSE25055,GSM615223,2,1,expanded_pam50_score,0,0.15298818777625126
GSE25055,GSM615224,2,0,expanded_pam50_score,0,0.0047128296722878495
GSE25055,GSM615225,2,1,expanded_pam50_score,0,0.18951990416029532
GSE25055,GSM615226,2,0,expanded_pam50_score,0,0.014505158449835734
GSE25055,GSM615227,2,2,expanded_pam50_score,0,0.07796920751155303
GSE25055,GSM615228,2,3,expanded_pam50_score,0,0.22663899741474713
GSE25055,GSM615229,2,4,expanded_pam50_score,0,0.03166660816417416
GSE25055,GSM615230,2,0,expanded_pam50_score,0,0.017841340821601003
GSE25055,GSM615231,2,3,expanded_pam50_score,0,0.02369455829501729
GSE25055,GSM615232,2,4,expanded_pam50_score,0,0.019497119194196326
GSE25055,GSM615233,2,3,expanded_pam50_score,0,0.010511813105001745
GSE25055,GSM615234,2,3,expanded_pam50_score,0,0.19875559526037476
GSE25055,GSM615235,2,2,expanded_pam50_score,0,0.13743713541058106
GSE25055,GSM615236,2,0,expanded_pam50_score,0,0.028643030065955966
GSE25055,GSM615237,2,4,expanded_pam50_score,0,0.026654916373476775
GSE25055,GSM615238,2,2,expanded_pam50_score,0,0.04175256828645715
GSE25055,GSM615239,2,3,expanded_pam50_score,0,0.1154284175461511
GSE25055,GSM615240,2,2,expanded_pam50_score,1,0.17410221237122298
GSE25055,GSM615241,2,2,expanded_pam50_score,0,0.02725102138699782
GSE25055,GSM615242,2,3,expanded_pam50_score,1,0.381055812672348
GSE25055,GSM615243,2,1,expanded_pam50_score,0,0.03415102283030049
GSE25055,GSM615244,2,1,expanded_pam50_score,0,0.26563942423133247
GSE25055,GSM615245,2,2,expanded_pam50_score,0,0.09514580228411344
GSE25055,GSM615246,2,4,expanded_pam50_score,0,0.06564718029599964
GSE25055,GSM615247,2,1,expanded_pam50_score,0,0.14857557193222967
GSE25055,GSM615248,2,2,expanded_pam50_score,0,0.3041141635155176
GSE25055,GSM615249,2,1,expanded_pam50_score,0,0.031393324789716764
GSE25055,GSM615250,2,0,expanded_pam50_score,0,0.5816157134902409
GSE25055,GSM615251,2,2,expanded_pam50_score,0,0.48707660485751314
GSE25055,GSM615252,2,2,expanded_pam50_score,0,0.014397582615098629
GSE25055,GSM615253,2,0,expanded_pam50_score,0,0.08739130535437892
GSE25055,GSM615254,2,3,expanded_pam50_score,0,0.03730048929666916
GSE25055,GSM615255,2,0,expanded_pam50_score,0,0.18795289613761434
GSE25055,GSM615256,2,1,expanded_pam50_score,1,0.0864979919136605
GSE25055,GSM615257,2,0,expanded_pam50_score,0,0.0037710505177487607
GSE25055,GSM615258,2,2,expanded_pam50_score,0,0.09897271081867683
GSE25055,GSM615259,2,1,expanded_pam50_score,0,0.024591513276130905
GSE25055,GSM615260,2,4,expanded_pam50_score,0,0.4590381483281638
GSE25055,GSM615261,2,4,expanded_pam50_score,0,0.05264026570508641
GSE25055,GSM615262,2,0,expanded_pam50_score,0,0.006426217232884563
GSE25055,GSM615263,2,1,expanded_pam50_score,1,0.2233688900709074
GSE25055,GSM615264,2,1,expanded_pam50_score,1,0.2449044818878713
GSE25055,GSM615265,2,2,expanded_pam50_score,0,0.22841933763914
GSE25055,GSM615266,2,1,expanded_pam50_score,0,0.045521566378316336
GSE25055,GSM615267,2,1,expanded_pam50_score,0,0.05301062770080683
GSE25055,GSM615268,2,0,expanded_pam50_score,0,0.04449106399283344
GSE25055,GSM615269,2,2,expanded_pam50_score,0,0.05116463292046355
GSE25055,GSM615270,2,4,expanded_pam50_score,1,0.4065584001563473
GSE25055,GSM615271,2,0,expanded_pam50_score,0,0.0707555110167856
GSE25055,GSM615272,2,3,expanded_pam50_score,0,0.03898706427566979
GSE25055,GSM615273,2,1,expanded_pam50_score,0,0.09104034488314505
GSE25055,GSM615274,2,2,expanded_pam50_score,0,0.2140425068858839
GSE25055,GSM615275,2,2,expanded_pam50_score,0,0.18818688851599608
GSE25055,GSM615276,2,2,expanded_pam50_score,0,0.24516190407036598
GSE25055,GSM615277,2,1,expanded_pam50_score,0,0.0643140207319208
GSE25055,GSM615278,2,2,expanded_pam50_score,0,0.06692805319109797
GSE25055,GSM615279,2,3,expanded_pam50_score,0,0.05600558540617846
GSE25055,GSM615280,2,0,expanded_pam50_score,1,0.06723194105787385
GSE25055,GSM615281,2,4,expanded_pam50_score,0,0.0687468512830585
GSE25055,GSM615282,2,0,expanded_pam50_score,0,0.029379814418871834
GSE25055,GSM615283,2,3,expanded_pam50_score,0,0.07416726302442037
GSE25055,GSM615284,2,2,expanded_pam50_score,1,0.29822559598515336
GSE25055,GSM615285,2,1,expanded_pam50_score,0,0.05138674643757138
GSE25055,GSM615286,2,3,expanded_pam50_score,0,0.11354994341688178
GSE25055,GSM615287,2,0,expanded_pam50_score,0,0.28254907277406993
GSE25055,GSM615288,2,0,expanded_pam50_score,0,0.647123081623698
GSE25055,GSM615289,2,1,expanded_pam50_score,0,0.16186523566898692
GSE25055,GSM615290,2,0,expanded_pam50_score,0,0.09219193017205808
GSE25055,GSM615291,2,2,expanded_pam50_score,1,0.3542968831232859
GSE25055,GSM615292,2,2,expanded_pam50_score,0,0.04217252869038225
GSE25055,GSM615293,2,4,expanded_pam50_score,1,0.7032683465790573
GSE25055,GSM615294,2,4,expanded_pam50_score,0,0.1268716107237228
GSE25055,GSM615295,2,3,expanded_pam50_score,0,0.1784369042976514
GSE25055,GSM615296,2,2,expanded_pam50_score,0,0.024296694117917756
GSE25055,GSM615297,2,4,expanded_pam50_score,0,0.5451665788903253
GSE25055,GSM615298,2,1,expanded_pam50_score,0,0.07318452810438582
GSE25055,GSM615299,2,0,expanded_pam50_score,0,0.015529799090045612
GSE25055,GSM615300,2,3,expanded_pam50_score,1,0.29235166617930336
GSE25055,GSM615301,2,3,expanded_pam50_score,0,0.2145074568130383
GSE25055,GSM615302,2,4,expanded_pam50_score,0,0.0793236053231769
GSE25055,GSM615303,2,4,expanded_pam50_score,0,0.2229141262454412
GSE25055,GSM615304,2,3,expanded_pam50_score,0,0.11138471799970649
GSE25055,GSM615305,2,1,expanded_pam50_score,0,0.0526791851720363
GSE25055,GSM615306,2,0,expanded_pam50_score,0,0.007706272155391423
GSE25055,GSM615307,2,2,expanded_pam50_score,1,0.7660686745358428
GSE25055,GSM615308,2,1,expanded_pam50_score,0,0.0629951404065773
GSE25055,GSM615309,2,4,expanded_pam50_score,0,0.049855146567983094
GSE25055,GSM615310,2,1,expanded_pam50_score,1,0.2260896226567632
GSE25055,GSM615311,2,0,expanded_pam50_score,0,0.006972473040791725
GSE25055,GSM615312,2,2,expanded_pam50_score,0,0.13923387647119967
GSE25055,GSM615313,2,3,expanded_pam50_score,0,0.02539575181214763
GSE25055,GSM615314,2,2,expanded_pam50_score,0,0.015976780989204603
GSE25055,GSM615315,2,1,expanded_pam50_score,0,0.45186767408571177
GSE25055,GSM615316,2,1,expanded_pam50_score,0,0.01901561971664041
GSE25055,GSM615317,2,1,expanded_pam50_score,0,0.4591432780683655
GSE25055,GSM615318,2,4,expanded_pam50_score,0,0.0278428651439907
GSE25055,GSM615319,2,1,expanded_pam50_score,0,0.2343348377603925
GSE25055,GSM615320,2,0,expanded_pam50_score,0,0.6407235820640074
GSE25055,GSM615321,2,3,expanded_pam50_score,0,0.39820000444614295
GSE25055,GSM615322,2,3,expanded_pam50_score,0,0.3259216196321807
GSE25055,GSM615323,2,0,expanded_pam50_score,0,0.10379141998260734
GSE25055,GSM615324,2,4,expanded_pam50_score,1,0.7415935851065374
GSE25055,GSM615325,2,3,expanded_pam50_score,1,0.5922260915443119
GSE25055,GSM615326,2,2,expanded_pam50_score,0,0.4387914142827953
GSE25055,GSM615327,2,2,expanded_pam50_score,0,0.24347670596986634
GSE25055,GSM615328,2,1,expanded_pam50_score,0,0.025492444488993543
GSE25055,GSM615329,2,1,expanded_pam50_score,0,0.039313932174053046
GSE25055,GSM615330,2,2,expanded_pam50_score,0,0.10332735962572595
GSE25055,GSM615331,2,4,expanded_pam50_score,1,0.09939278505421775
GSE25055,GSM615332,2,4,expanded_pam50_score,0,0.10479348363104704
GSE25055,GSM615333,2,4,expanded_pam50_score,0,0.20682277531825954
GSE25055,GSM615334,2,3,expanded_pam50_score,1,0.4337654779409379
GSE25055,GSM615335,2,2,expanded_pam50_score,0,0.41287535279378124
GSE25055,GSM615336,2,1,expanded_pam50_score,1,0.525189272970998
GSE25055,GSM615337,2,4,expanded_pam50_score,0,0.05565091496799228
GSE25055,GSM615338,2,1,expanded_pam50_score,1,0.33958081042625654
GSE25055,GSM615339,2,3,expanded_pam50_score,0,0.0217388456344854
GSE25055,GSM615340,2,1,expanded_pam50_score,0,0.031833498190648686
GSE25055,GSM615341,2,2,expanded_pam50_score,0,0.024224705204756395
GSE25055,GSM615342,2,0,expanded_pam50_score,0,0.13676867231991097
GSE25055,GSM615343,2,3,expanded_pam50_score,0,0.2971279854436564
GSE25055,GSM615344,2,3,expanded_pam50_score,0,0.24567181981333616
GSE25055,GSM615345,2,3,expanded_pam50_score,0,0.07395301977529752
GSE25055,GSM615346,2,2,expanded_pam50_score,0,0.5236536984106561
GSE25055,GSM615347,2,3,expanded_pam50_score,0,0.2916748860193168
GSE25055,GSM615348,2,3,expanded_pam50_score,0,0.39370374129130936
GSE25055,GSM615349,2,0,expanded_pam50_score,0,0.014267700484078803
GSE25055,GSM615350,2,4,expanded_pam50_score,0,0.14577979151719983
GSE25055,GSM615351,2,2,expanded_pam50_score,0,0.015777835399048777
GSE25055,GSM615352,2,1,expanded_pam50_score,0,0.011601117342747064
GSE25055,GSM615353,2,0,expanded_pam50_score,1,0.08227355399593128
GSE25055,GSM615354,2,0,expanded_pam50_score,1,0.33619850066752965
GSE25055,GSM615355,2,4,expanded_pam50_score,0,0.05508472425525629
GSE25055,GSM615356,2,3,expanded_pam50_score,0,0.3012989298384863
GSE25055,GSM615357,2,2,expanded_pam50_score,1,0.5320812147874294
GSE25055,GSM615358,2,1,expanded_pam50_score,0,0.011459559040464234
GSE25055,GSM615359,2,3,expanded_pam50_score,1,0.3682353188124652
GSE25055,GSM615360,2,4,expanded_pam50_score,0,0.04809846929554711
GSE25055,GSM615361,2,2,expanded_pam50_score,0,0.2426362593260685
GSE25055,GSM615362,2,4,expanded_pam50_score,0,0.015551681693734942
GSE25055,GSM615363,2,3,expanded_pam50_score,0,0.3294491787559932
GSE25055,GSM615364,2,4,expanded_pam50_score,0,0.5547508031272258
GSE25055,GSM615365,2,1,expanded_pam50_score,0,0.04100054677027633
GSE25055,GSM615366,2,3,expanded_pam50_score,0,0.015794313136457894
GSE25055,GSM615367,2,0,expanded_pam50_score,0,0.025272132711835107
GSE25055,GSM615368,2,0,expanded_pam50_score,0,0.7008112613346801
GSE25055,GSM615369,2,3,expanded_pam50_score,0,0.2915549700182048
GSE25055,GSM615370,2,0,expanded_pam50_score,0,0.027309443722811067
GSE25055,GSM615371,2,1,expanded_pam50_score,1,0.30402593629476904
GSE25055,GSM615372,2,4,expanded_pam50_score,0,0.48041242502236087
GSE25055,GSM615373,2,3,expanded_pam50_score,0,0.12254481311658215
GSE25055,GSM615374,2,4,expanded_pam50_score,0,0.007515466928677455
GSE25055,GSM615375,2,2,expanded_pam50_score,1,0.55226043267675
GSE25055,GSM615376,2,4,expanded_pam50_score,0,0.19415345985795374
GSE25055,GSM615377,2,0,expanded_pam50_score,0,0.002954932429164076
GSE25055,GSM615378,2,2,expanded_pam50_score,0,0.4188563303513264
GSE25055,GSM615379,2,0,expanded_pam50_score,1,0.1238333873155993
GSE25055,GSM615380,2,4,expanded_pam50_score,0,0.5298817905698591
GSE25055,GSM615381,2,2,expanded_pam50_score,0,0.010706112017031227
GSE25055,GSM615382,2,0,expanded_pam50_score,0,0.18087701307659523
GSE25055,GSM615383,2,0,expanded_pam50_score,1,0.00957011954064544
GSE25055,GSM615384,2,2,expanded_pam50_score,0,0.19706803078514257
GSE25055,GSM615385,2,2,expanded_pam50_score,0,0.07113303088012922
GSE25055,GSM615386,2,1,expanded_pam50_score,0,0.026158286102617428
GSE25055,GSM615387,2,4,expanded_pam50_score,0,0.35974793793967724
GSE25055,GSM615388,2,3,expanded_pam50_score,0,0.031276542156489125
GSE25055,GSM615389,2,4,expanded_pam50_score,0,0.03803372236741278
GSE25055,GSM615390,2,1,expanded_pam50_score,0,0.4973414138891717
GSE25055,GSM615391,2,0,expanded_pam50_score,0,0.008408544485723616
GSE25055,GSM615392,2,3,expanded_pam50_score,0,0.24462176013791392
GSE25055,GSM615393,2,2,expanded_pam50_score,1,0.23764982433315537
GSE25055,GSM615394,2,3,expanded_pam50_score,1,0.24787952183133738
GSE25055,GSM615395,2,0,expanded_pam50_score,0,0.020747706209585975
GSE25055,GSM615396,2,0,expanded_pam50_score,1,0.40267371064058083
GSE25055,GSM615397,2,3,expanded_pam50_score,1,0.20414172158854477
GSE25055,GSM615398,2,0,expanded_pam50_score,0,0.02431981011902265
GSE25055,GSM615399,2,3,expanded_pam50_score,0,0.031292815115403896
GSE25055,GSM615400,2,3,expanded_pam50_score,0,0.02151385089376183
GSE25055,GSM615401,2,0,expanded_pam50_score,0,0.05464278363398464
GSE25055,GSM615402,2,4,expanded_pam50_score,0,0.0267846108436136
GSE25055,GSM615403,2,1,expanded_pam50_score,0,0.24230085463288326
GSE25055,GSM615404,2,4,expanded_pam50_score,0,0.08719790045199803
GSE25055,GSM615405,2,1,expanded_pam50_score,0,0.20721223633087632
GSE25055,GSM615096,3,4,expanded,0,0.056641591823818
GSE25055,GSM615097,3,0,expanded,0,0.046992613555885306
GSE25055,GSM615098,3,0,expanded,0,0.34572904291052375
GSE25055,GSM615099,3,3,expanded,1,0.23038972398267135
GSE25055,GSM615100,3,2,expanded,0,0.034838853367849726
GSE25055,GSM615101,3,2,expanded,0,0.23011699599238827
GSE25055,GSM615102,3,0,expanded,0,0.4164154120663416
GSE25055,GSM615104,3,4,expanded,0,0.3652344953647913
GSE25055,GSM615106,3,0,expanded,0,0.3533883587895437
GSE25055,GSM615107,3,4,expanded,0,0.4101890082717354
GSE25055,GSM615108,3,4,expanded,0,0.1362941026488852
GSE25055,GSM615109,3,3,expanded,0,0.12279155934084682
GSE25055,GSM615111,3,4,expanded,0,0.24182742442992378
GSE25055,GSM615112,3,3,expanded,0,0.11602065581771588
GSE25055,GSM615113,3,1,expanded,0,0.4102734525126459
GSE25055,GSM615114,3,4,expanded,0,0.026358417698485494
GSE25055,GSM615115,3,4,expanded,0,0.14713305515395464
GSE25055,GSM615116,3,3,expanded,0,0.7565259795463255
GSE25055,GSM615117,3,2,expanded,0,0.13889110584294725
GSE25055,GSM615120,3,3,expanded,0,0.007219467155260486
GSE25055,GSM615121,3,2,expanded,0,0.16813691875755188
GSE25055,GSM615122,3,4,expanded,1,0.03989334657877272
GSE25055,GSM615123,3,4,expanded,1,0.053778473363858915
GSE25055,GSM615124,3,1,expanded,0,0.025551029919084225
GSE25055,GSM615125,3,1,expanded,0,0.06500312275099258
GSE25055,GSM615126,3,0,expanded,0,0.06070129867160262
GSE25055,GSM615127,3,4,expanded,0,0.029980011313409688
GSE25055,GSM615128,3,1,expanded,0,0.07595195398126191
GSE25055,GSM615129,3,3,expanded,0,0.0561842922610056
GSE25055,GSM615130,3,2,expanded,0,0.020785190925079692
GSE25055,GSM615131,3,3,expanded,0,0.031041125748811686
GSE25055,GSM615132,3,0,expanded,0,0.04171296110554908
GSE25055,GSM615133,3,1,expanded,0,0.023438304073028028
GSE25055,GSM615134,3,2,expanded,0,0.010219192659357444
GSE25055,GSM615135,3,4,expanded,0,0.42323611621066815
GSE25055,GSM615136,3,0,expanded,0,0.3012961222033313
GSE25055,GSM615137,3,2,expanded,1,0.17166088183942374
GSE25055,GSM615138,3,4,expanded,0,0.05195311343850036
GSE25055,GSM615139,3,3,expanded,1,0.4484114799406377
GSE25055,GSM615140,3,2,expanded,1,0.006199581615886874
GSE25055,GSM615142,3,1,expanded,0,0.09462329143315201
GSE25055,GSM615143,3,3,expanded,1,0.23715719954362366
GSE25055,GSM615144,3,0,expanded,0,0.028961498920295616
GSE25055,GSM615145,3,3,expanded,0,0.3329304565739668
GSE25055,GSM615146,3,2,expanded,1,0.4402002566272422
GSE25055,GSM615147,3,3,expanded,0,0.031843513422703765
GSE25055,GSM615148,3,2,expanded,0,0.39340927486427774
GSE25055,GSM615149,3,0,expanded,0,0.39640394951742736
GSE25055,GSM615150,3,0,expanded,0,0.04869036770996338
GSE25055,GSM615151,3,1,expanded,0,0.22145583497240937
GSE25055,GSM615153,3,4,expanded,0,0.020004716675104797
GSE25055,GSM615154,3,1,expanded,1,0.4219014384109417
GSE25055,GSM615155,3,0,expanded,0,0.10847280402672767
GSE25055,GSM615156,3,3,expanded,0,0.5140964392318923
GSE25055,GSM615157,3,3,expanded,0,0.12631089486143712
GSE25055,GSM615158,3,1,expanded,0,0.019342809645169528
GSE25055,GSM615159,3,4,expanded,0,0.4104070437132781
GSE25055,GSM615160,3,0,expanded,0,0.43846004063213356
GSE25055,GSM615162,3,4,expanded,0,0.01527923783437725
GSE25055,GSM615164,3,3,expanded,1,0.29314978712790973
GSE25055,GSM615165,3,0,expanded,0,0.054315055244338266
GSE25055,GSM615166,3,0,expanded,0,0.03985769891406009
GSE25055,GSM615167,3,1,expanded,1,0.25909577407359397
GSE25055,GSM615168,3,0,expanded,0,0.07983241559977354
GSE25055,GSM615169,3,3,expanded,0,0.35908974967574364
GSE25055,GSM615170,3,1,expanded,0,0.048424315632491666
GSE25055,GSM615171,3,0,expanded,1,0.4607347396074529
GSE25055,GSM615172,3,0,expanded,0,0.030497142340376194
GSE25055,GSM615173,3,0,expanded,0,0.1371682510148491
GSE25055,GSM615174,3,3,expanded,0,0.19333265818878667
GSE25055,GSM615175,3,4,expanded,1,0.2813250563249323
GSE25055,GSM615176,3,1,expanded,0,0.020734329947340466
GSE25055,GSM615177,3,4,expanded,0,0.055436913230217
GSE25055,GSM615178,3,4,expanded,0,0.44252940909066596
GSE25055,GSM615179,3,3,expanded,0,0.037610107303427794
GSE25055,GSM615180,3,1,expanded,0,0.04566783006576012
GSE25055,GSM615181,3,4,expanded,1,0.353336185632223
GSE25055,GSM615182,3,1,expanded,0,0.25051819265613817
GSE25055,GSM615183,3,4,expanded,0,0.06117678630456007
GSE25055,GSM615184,3,0,expanded,0,0.3007557937123572
GSE25055,GSM615185,3,3,expanded,0,0.44471453482007794
GSE25055,GSM615186,3,2,expanded,1,0.008005222350062433
GSE25055,GSM615187,3,0,expanded,0,0.02597707697080714
GSE25055,GSM615188,3,3,expanded,0,0.13169375558445257
GSE25055,GSM615189,3,3,expanded,0,0.24777606229416269
GSE25055,GSM615190,3,0,expanded,0,0.42419958266508384
GSE25055,GSM615191,3,0,expanded,1,0.44098554984412147
GSE25055,GSM615192,3,1,expanded,0,0.05565954413684976
GSE25055,GSM615193,3,0,expanded,1,0.4621649958632808
GSE25055,GSM615194,3,1,expanded,1,0.2505289520135144
GSE25055,GSM615195,3,0,expanded,0,0.4379259882459341
GSE25055,GSM615196,3,2,expanded,0,0.10742211028844308
GSE25055,GSM615197,3,1,expanded,0,0.28050254353822424
GSE25055,GSM615198,3,3,expanded,0,0.037083832302197174
GSE25055,GSM615199,3,0,expanded,0,0.07121565429971172
GSE25055,GSM615200,3,2,expanded,0,0.18892171215595657
GSE25055,GSM615201,3,0,expanded,1,0.09357542873027834
GSE25055,GSM615202,3,3,expanded,1,0.31565230433273095
GSE25055,GSM615203,3,0,expanded,0,0.02334364931907836
GSE25055,GSM615204,3,1,expanded,0,0.07980222865052546
GSE25055,GSM615205,3,4,expanded,0,0.04292094283349184
GSE25055,GSM615206,3,2,expanded,0,0.09687558683104285
GSE25055,GSM615207,3,4,expanded,0,0.03303329216163642
GSE25055,GSM615208,3,4,expanded,0,0.02975129748012754
GSE25055,GSM615209,3,0,expanded,1,0.37734398781784084
GSE25055,GSM615210,3,2,expanded,0,0.03223136001756289
GSE25055,GSM615211,3,3,expanded,1,0.5261529907225752
GSE25055,GSM615212,3,1,expanded,1,0.3894301970986018
GSE25055,GSM615213,3,2,expanded,1,0.3384106191204963
GSE25055,GSM615214,3,1,expanded,0,0.08497098543013734
GSE25055,GSM615215,3,0,expanded,1,0.45478712319788034
GSE25055,GSM615216,3,4,expanded,0,0.03740729154662552
GSE25055,GSM615217,3,2,expanded,0,0.031138354303244364
GSE25055,GSM615218,3,2,expanded,0,0.2518273999810958
GSE25055,GSM615219,3,3,expanded,0,0.1699864154841771
GSE25055,GSM615220,3,1,expanded,0,0.11563842021711541
GSE25055,GSM615221,3,0,expanded,0,0.09283559052132909
GSE25055,GSM615222,3,4,expanded,0,0.024362970877239428
GSE25055,GSM615223,3,0,expanded,0,0.318372572948188
GSE25055,GSM615224,3,1,expanded,0,0.054414976362057076
GSE25055,GSM615225,3,1,expanded,0,0.21290016744421347
GSE25055,GSM615226,3,4,expanded,0,0.009767525295010264
GSE25055,GSM615227,3,0,expanded,0,0.050168254229538106
GSE25055,GSM615228,3,3,expanded,0,0.46149658403133775
GSE25055,GSM615229,3,2,expanded,0,0.08113149931836372
GSE25055,GSM615230,3,1,expanded,0,0.1604076502053247
GSE25055,GSM615231,3,4,expanded,0,0.027597288217064468
GSE25055,GSM615232,3,1,expanded,0,0.04969450189271446
GSE25055,GSM615233,3,3,expanded,0,0.013150974362749054
GSE25055,GSM615234,3,3,expanded,0,0.33294678109554804
GSE25055,GSM615235,3,1,expanded,0,0.09158768363706529
GSE25055,GSM615236,3,1,expanded,0,0.07881438987714817
GSE25055,GSM615237,3,0,expanded,0,0.04456948561854911
GSE25055,GSM615238,3,3,expanded,0,0.12941227482876033
GSE25055,GSM615239,3,3,expanded,0,0.15409588383102052
GSE25055,GSM615240,3,4,expanded,1,0.48132330113132565
GSE25055,GSM615241,3,0,expanded,0,0.028306143531464233
GSE25055,GSM615242,3,0,expanded,1,0.38499621025594466
GSE25055,GSM615243,3,1,expanded,0,0.06229366048120826
GSE25055,GSM615244,3,3,expanded,0,0.590769010147943
GSE25055,GSM615245,3,0,expanded,0,0.07481913636139621
GSE25055,GSM615246,3,1,expanded,0,0.09683007448446786
GSE25055,GSM615247,3,2,expanded,0,0.2330817353004828
GSE25055,GSM615248,3,3,expanded,0,0.12745088239353414
GSE25055,GSM615249,3,4,expanded,0,0.06335854305113187
GSE25055,GSM615250,3,2,expanded,0,0.47029822045601033
GSE25055,GSM615251,3,4,expanded,0,0.5028522995923427
GSE25055,GSM615252,3,2,expanded,0,0.022817164032385564
GSE25055,GSM615253,3,4,expanded,0,0.074260919755145
GSE25055,GSM615254,3,2,expanded,0,0.03925792271541929
GSE25055,GSM615255,3,3,expanded,0,0.27945802256771435
GSE25055,GSM615256,3,4,expanded,1,0.07597051530352325
GSE25055,GSM615257,3,0,expanded,0,0.01602672481782948
GSE25055,GSM615258,3,2,expanded,0,0.03541228432480408
GSE25055,GSM615259,3,1,expanded,0,0.04333567248668015
GSE25055,GSM615260,3,3,expanded,0,0.3455477377727948
GSE25055,GSM615261,3,0,expanded,0,0.052712156309782175
GSE25055,GSM615262,3,2,expanded,0,0.010419697721670049
GSE25055,GSM615263,3,3,expanded,1,0.21939473548254723
GSE25055,GSM615264,3,2,expanded,1,0.4135707380121651
GSE25055,GSM615265,3,2,expanded,0,0.3813299222820896
GSE25055,GSM615266,3,0,expanded,0,0.02416767009940601
GSE25055,GSM615267,3,2,expanded,0,0.04744185880324087
GSE25055,GSM615268,3,3,expanded,0,0.04741069735120053
GSE25055,GSM615269,3,1,expanded,0,0.06878149089470847
GSE25055,GSM615270,3,1,expanded,1,0.3140946564597647
GSE25055,GSM615271,3,1,expanded,0,0.0628976273936343
GSE25055,GSM615272,3,3,expanded,0,0.049249203548032416
GSE25055,GSM615273,3,1,expanded,0,0.05748602314644341
GSE25055,GSM615274,3,2,expanded,0,0.05696057538112459
GSE25055,GSM615275,3,4,expanded,0,0.10933398246038495
GSE25055,GSM615276,3,2,expanded,0,0.34241808736782037
GSE25055,GSM615277,3,2,expanded,0,0.038590254498583165
GSE25055,GSM615278,3,3,expanded,0,0.1318746332735497
GSE25055,GSM615279,3,0,expanded,0,0.05276725224017642
GSE25055,GSM615280,3,0,expanded,1,0.10663661990107241
GSE25055,GSM615281,3,4,expanded,0,0.044740335313987356
GSE25055,GSM615282,3,3,expanded,0,0.041738947209588
GSE25055,GSM615283,3,3,expanded,0,0.1094408907142206
GSE25055,GSM615284,3,1,expanded,1,0.2557417969944009
GSE25055,GSM615285,3,1,expanded,0,0.14493971120316482
GSE25055,GSM615286,3,3,expanded,0,0.10250858197249896
GSE25055,GSM615287,3,4,expanded,0,0.20760587556859483
GSE25055,GSM615288,3,3,expanded,0,0.5431890688018197
GSE25055,GSM615289,3,1,expanded,0,0.06013487087803087
GSE25055,GSM615290,3,4,expanded,0,0.019966057218319188
GSE25055,GSM615291,3,3,expanded,1,0.4386568862485284
GSE25055,GSM615292,3,4,expanded,0,0.046938116114404835
GSE25055,GSM615293,3,3,expanded,1,0.5407248935557184
GSE25055,GSM615294,3,2,expanded,0,0.17189969278914238
GSE25055,GSM615295,3,2,expanded,0,0.2620491537742193
GSE25055,GSM615296,3,1,expanded,0,0.03618598476591761
GSE25055,GSM615297,3,0,expanded,0,0.36491709232552283
GSE25055,GSM615298,3,3,expanded,0,0.06763019966664945
GSE25055,GSM615299,3,2,expanded,0,0.05749212791036447
GSE25055,GSM615300,3,2,expanded,1,0.40689460741015343
GSE25055,GSM615301,3,3,expanded,0,0.21689804791610173
GSE25055,GSM615302,3,1,expanded,0,0.08312869813997303
GSE25055,GSM615303,3,0,expanded,0,0.2162039652719933
GSE25055,GSM615304,3,2,expanded,0,0.1832606279953845
GSE25055,GSM615305,3,2,expanded,0,0.05955138760068504
GSE25055,GSM615306,3,1,expanded,0,0.03547317281157667
GSE25055,GSM615307,3,1,expanded,1,0.47392915283623677
GSE25055,GSM615308,3,3,expanded,0,0.17382162459498646
GSE25055,GSM615309,3,4,expanded,0,0.037836306088063876
GSE25055,GSM615310,3,0,expanded,1,0.08796679754808903
GSE25055,GSM615311,3,1,expanded,0,0.061311743527672075
GSE25055,GSM615312,3,4,expanded,0,0.22337874813856223
GSE25055,GSM615313,3,4,expanded,0,0.035044980360368745
GSE25055,GSM615314,3,2,expanded,0,0.02685154090569042
GSE25055,GSM615315,3,1,expanded,0,0.34582138429928794
GSE25055,GSM615316,3,0,expanded,0,0.050160769468410416
GSE25055,GSM615317,3,2,expanded,0,0.45057796444855913
GSE25055,GSM615318,3,1,expanded,0,0.04566783006576012
GSE25055,GSM615319,3,4,expanded,0,0.4018392455251336
GSE25055,GSM615320,3,0,expanded,0,0.48129619278567054
GSE25055,GSM615321,3,2,expanded,0,0.4373607221675474
GSE25055,GSM615322,3,3,expanded,0,0.24278863573837803
GSE25055,GSM615323,3,0,expanded,0,0.41837295586231427
GSE25055,GSM615324,3,1,expanded,1,0.439136185286636
GSE25055,GSM615325,3,1,expanded,1,0.47475116600198664
GSE25055,GSM615326,3,2,expanded,0,0.1435144465181532
GSE25055,GSM615327,3,2,expanded,0,0.2551848618566826
GSE25055,GSM615328,3,4,expanded,0,0.01827048497591604
GSE25055,GSM615329,3,4,expanded,0,0.03372821437908907
GSE25055,GSM615330,3,3,expanded,0,0.30341293796026997
GSE25055,GSM615331,3,2,expanded,1,0.12666608531691032
GSE25055,GSM615332,3,3,expanded,0,0.0972456034588479
GSE25055,GSM615333,3,4,expanded,0,0.2410684692684536
GSE25055,GSM615334,3,0,expanded,1,0.2957211091076591
GSE25055,GSM615335,3,3,expanded,0,0.4676683365395808
GSE25055,GSM615336,3,4,expanded,1,0.4759487528223466
GSE25055,GSM615337,3,0,expanded,0,0.05835093133761051
GSE25055,GSM615338,3,2,expanded,1,0.40689460741015343
GSE25055,GSM615339,3,0,expanded,0,0.03194643228489583
GSE25055,GSM615340,3,3,expanded,0,0.11498577072530938
GSE25055,GSM615341,3,2,expanded,0,0.04062664140634187
GSE25055,GSM615342,3,2,expanded,0,0.1668789033733683
GSE25055,GSM615343,3,4,expanded,0,0.19965248216478354
GSE25055,GSM615344,3,3,expanded,0,0.44226458489048753
GSE25055,GSM615345,3,4,expanded,0,0.23731466583477365
GSE25055,GSM615346,3,1,expanded,0,0.4149133888814113
GSE25055,GSM615347,3,0,expanded,0,0.22488830306879407
GSE25055,GSM615348,3,2,expanded,0,0.3775395092724573
GSE25055,GSM615349,3,1,expanded,0,0.05693086357876586
GSE25055,GSM615350,3,1,expanded,0,0.2180781285565901
GSE25055,GSM615351,3,3,expanded,0,0.01184249114905329
GSE25055,GSM615352,3,3,expanded,0,0.012962344111872652
GSE25055,GSM615353,3,4,expanded,1,0.15019514395939268
GSE25055,GSM615354,3,2,expanded,1,0.15956674615615932
GSE25055,GSM615355,3,3,expanded,0,0.04268025832823872
GSE25055,GSM615356,3,1,expanded,0,0.4182279792262713
GSE25055,GSM615357,3,0,expanded,1,0.39628598227836803
GSE25055,GSM615358,3,2,expanded,0,0.014608030430183057
GSE25055,GSM615359,3,3,expanded,1,0.245489921189055
GSE25055,GSM615360,3,1,expanded,0,0.05133587781852139
GSE25055,GSM615361,3,4,expanded,0,0.093615996975944
GSE25055,GSM615362,3,4,expanded,0,0.012867000768463355
GSE25055,GSM615363,3,4,expanded,0,0.4280587344708626
GSE25055,GSM615364,3,2,expanded,0,0.5084219634345029
GSE25055,GSM615365,3,0,expanded,0,0.03791454801476735
GSE25055,GSM615366,3,2,expanded,0,0.009708709625192064
GSE25055,GSM615367,3,0,expanded,0,0.08797940102885807
GSE25055,GSM615368,3,4,expanded,0,0.5880749259591217
GSE25055,GSM615369,3,4,expanded,0,0.47057976954538644
GSE25055,GSM615370,3,0,expanded,0,0.05596192311491811
GSE25055,GSM615371,3,1,expanded,1,0.28050254353822424
GSE25055,GSM615372,3,2,expanded,0,0.48611606115856665
GSE25055,GSM615373,3,1,expanded,0,0.1055207695683527
GSE25055,GSM615374,3,2,expanded,0,0.004702244053130919
GSE25055,GSM615375,3,1,expanded,1,0.15480906526114613
GSE25055,GSM615376,3,1,expanded,0,0.1903201019854408
GSE25055,GSM615377,3,4,expanded,0,0.010522441753702877
GSE25055,GSM615378,3,4,expanded,0,0.518996474664937
GSE25055,GSM615379,3,4,expanded,1,0.1990050772835036
GSE25055,GSM615380,3,1,expanded,0,0.3629998045233744
GSE25055,GSM615381,3,0,expanded,0,0.05124785127117026
GSE25055,GSM615382,3,4,expanded,0,0.31321240036829967
GSE25055,GSM615383,3,4,expanded,1,0.027371824966859148
GSE25055,GSM615384,3,0,expanded,0,0.318372572948188
GSE25055,GSM615385,3,1,expanded,0,0.20109980420352988
GSE25055,GSM615386,3,1,expanded,0,0.05620304529614949
GSE25055,GSM615387,3,0,expanded,0,0.4945997604878619
GSE25055,GSM615388,3,1,expanded,0,0.055486516169785983
GSE25055,GSM615389,3,3,expanded,0,0.0368331743235589
GSE25055,GSM615390,3,0,expanded,0,0.4416186988617215
GSE25055,GSM615391,3,2,expanded,0,0.057664307372105865
GSE25055,GSM615392,3,0,expanded,0,0.23004554634412316
GSE25055,GSM615393,3,2,expanded,1,0.3794453877285015
GSE25055,GSM615394,3,0,expanded,1,0.2746490492087974
GSE25055,GSM615395,3,2,expanded,0,0.0325367586975533
GSE25055,GSM615396,3,4,expanded,1,0.44071388703793274
GSE25055,GSM615397,3,3,expanded,1,0.1910418773519299
GSE25055,GSM615398,3,2,expanded,0,0.07969450104447376
GSE25055,GSM615399,3,3,expanded,0,0.03621655411771569
GSE25055,GSM615400,3,2,expanded,0,0.01636231493741997
GSE25055,GSM615401,3,1,expanded,0,0.08108499455216957
GSE25055,GSM615402,3,4,expanded,0,0.017513676068555566
GSE25055,GSM615403,3,2,expanded,0,0.07850983749188621
GSE25055,GSM615404,3,3,expanded,0,0.14632516080676727
GSE25055,GSM615405,3,2,expanded,0,0.24516158212077016
GSE25055,GSM615096,3,4,expanded_score,0,0.0344513284246978
GSE25055,GSM615097,3,0,expanded_score,0,0.034159199374375296
GSE25055,GSM615098,3,0,expanded_score,0,0.39504900835581275
GSE25055,GSM615099,3,3,expanded_score,1,0.3560854866953744
GSE25055,GSM615100,3,2,expanded_score,0,0.06620847775273259
GSE25055,GSM615101,3,2,expanded_score,0,0.3036217340120475
GSE25055,GSM615102,3,0,expanded_score,0,0.4547151075047408
GSE25055,GSM615104,3,4,expanded_score,0,0.27667189248562074
GSE25055,GSM615106,3,0,expanded_score,0,0.22862931963414615
GSE25055,GSM615107,3,4,expanded_score,0,0.4067235247801107
GSE25055,GSM615108,3,4,expanded_score,0,0.15569536147697433
GSE25055,GSM615109,3,3,expanded_score,0,0.2007527014406095
GSE25055,GSM615111,3,4,expanded_score,0,0.14799801562200765
GSE25055,GSM615112,3,3,expanded_score,0,0.1697580540630572
GSE25055,GSM615113,3,1,expanded_score,0,0.4394835898954316
GSE25055,GSM615114,3,4,expanded_score,0,0.0194881728203179
GSE25055,GSM615115,3,4,expanded_score,0,0.15404191921446903
GSE25055,GSM615116,3,3,expanded_score,0,0.6585250809945357
GSE25055,GSM615117,3,2,expanded_score,0,0.26600080489451366
GSE25055,GSM615120,3,3,expanded_score,0,0.007553635269924695
GSE25055,GSM615121,3,2,expanded_score,0,0.07774766224189152
GSE25055,GSM615122,3,4,expanded_score,1,0.020717544616225096
GSE25055,GSM615123,3,4,expanded_score,1,0.13106977108231477
GSE25055,GSM615124,3,1,expanded_score,0,0.029826861175328092
GSE25055,GSM615125,3,1,expanded_score,0,0.04013109114938423
GSE25055,GSM615126,3,0,expanded_score,0,0.06363708538903759
GSE25055,GSM615127,3,4,expanded_score,0,0.03995647264188466
GSE25055,GSM615128,3,1,expanded_score,0,0.0421330519673517
GSE25055,GSM615129,3,3,expanded_score,0,0.05213742391041014
GSE25055,GSM615130,3,2,expanded_score,0,0.015134609804136612
GSE25055,GSM615131,3,3,expanded_score,0,0.03379207727477581
GSE25055,GSM615132,3,0,expanded_score,0,0.03975182716691096
GSE25055,GSM615133,3,1,expanded_score,0,0.021180275937137234
GSE25055,GSM615134,3,2,expanded_score,0,0.007813282682554596
GSE25055,GSM615135,3,4,expanded_score,0,0.3047380284141052
GSE25055,GSM615136,3,0,expanded_score,0,0.3396278773827302
GSE25055,GSM615137,3,2,expanded_score,1,0.15034567113370417
GSE25055,GSM615138,3,4,expanded_score,0,0.051383552313036894
GSE25055,GSM615139,3,3,expanded_score,1,0.5804172050170019
GSE25055,GSM615140,3,2,expanded_score,1,0.011332547443175049
GSE25055,GSM615142,3,1,expanded_score,0,0.06508865168944046
GSE25055,GSM615143,3,3,expanded_score,1,0.2329281454724126
GSE25055,GSM615144,3,0,expanded_score,0,0.03168881581668108
GSE25055,GSM615145,3,3,expanded_score,0,0.49400996585310974
GSE25055,GSM615146,3,2,expanded_score,1,0.40779219847429365
GSE25055,GSM615147,3,3,expanded_score,0,0.03239071027891466
GSE25055,GSM615148,3,2,expanded_score,0,0.35637253579330225
GSE25055,GSM615149,3,0,expanded_score,0,0.3170124024417396
GSE25055,GSM615150,3,0,expanded_score,0,0.0325926518128827
GSE25055,GSM615151,3,1,expanded_score,0,0.28299384033309205
GSE25055,GSM615153,3,4,expanded_score,0,0.02563623316464091
GSE25055,GSM615154,3,1,expanded_score,1,0.3287761805190183
GSE25055,GSM615155,3,0,expanded_score,0,0.1542034376530409
GSE25055,GSM615156,3,3,expanded_score,0,0.436356936756497
GSE25055,GSM615157,3,3,expanded_score,0,0.09482953198232948
GSE25055,GSM615158,3,1,expanded_score,0,0.02256841513362756
GSE25055,GSM615159,3,4,expanded_score,0,0.1527001751799444
GSE25055,GSM615160,3,0,expanded_score,0,0.39218853836246886
GSE25055,GSM615162,3,4,expanded_score,0,0.011565199414110505
GSE25055,GSM615164,3,3,expanded_score,1,0.3954069352198148
GSE25055,GSM615165,3,0,expanded_score,0,0.052309892743047065
GSE25055,GSM615166,3,0,expanded_score,0,0.06421643105222008
GSE25055,GSM615167,3,1,expanded_score,1,0.1545395084267693
GSE25055,GSM615168,3,0,expanded_score,0,0.048566778573738145
GSE25055,GSM615169,3,3,expanded_score,0,0.3582626511917841
GSE25055,GSM615170,3,1,expanded_score,0,0.03250134504082225
GSE25055,GSM615171,3,0,expanded_score,1,0.3541766872304011
GSE25055,GSM615172,3,0,expanded_score,0,0.02809843377633553
GSE25055,GSM615173,3,0,expanded_score,0,0.08082957106790362
GSE25055,GSM615174,3,3,expanded_score,0,0.1843459598494219
GSE25055,GSM615175,3,4,expanded_score,1,0.34540155717739124
GSE25055,GSM615176,3,1,expanded_score,0,0.020174551826856183
GSE25055,GSM615177,3,4,expanded_score,0,0.039058671428299864
GSE25055,GSM615178,3,4,expanded_score,0,0.32046650363291107
GSE25055,GSM615179,3,3,expanded_score,0,0.04167252182764206
GSE25055,GSM615180,3,1,expanded_score,0,0.05865748253509595
GSE25055,GSM615181,3,4,expanded_score,1,0.3325101028778042
GSE25055,GSM615182,3,1,expanded_score,0,0.28963704977975646
GSE25055,GSM615183,3,4,expanded_score,0,0.03314207032836576
GSE25055,GSM615184,3,0,expanded_score,0,0.4562810272975619
GSE25055,GSM615185,3,3,expanded_score,0,0.38025995319756506
GSE25055,GSM615186,3,2,expanded_score,1,0.008330902577583236
GSE25055,GSM615187,3,0,expanded_score,0,0.04022870930327588
GSE25055,GSM615188,3,3,expanded_score,0,0.1424523774871837
GSE25055,GSM615189,3,3,expanded_score,0,0.22026576199078585
GSE25055,GSM615190,3,0,expanded_score,0,0.4471713492520625
GSE25055,GSM615191,3,0,expanded_score,1,0.6275150791320854
GSE25055,GSM615192,3,1,expanded_score,0,0.04287035615241129
GSE25055,GSM615193,3,0,expanded_score,1,0.4511748075282801
GSE25055,GSM615194,3,1,expanded_score,1,0.3852621227420481
GSE25055,GSM615195,3,0,expanded_score,0,0.5687824904527929
GSE25055,GSM615196,3,2,expanded_score,0,0.1792382283925769
GSE25055,GSM615197,3,1,expanded_score,0,0.3747946378939733
GSE25055,GSM615198,3,3,expanded_score,0,0.030915481187542584
GSE25055,GSM615199,3,0,expanded_score,0,0.07967968918174213
GSE25055,GSM615200,3,2,expanded_score,0,0.33218778941632215
GSE25055,GSM615201,3,0,expanded_score,1,0.1428747069075038
GSE25055,GSM615202,3,3,expanded_score,1,0.4026280300647715
GSE25055,GSM615203,3,0,expanded_score,0,0.01180341467500326
GSE25055,GSM615204,3,1,expanded_score,0,0.046574475371216
GSE25055,GSM615205,3,4,expanded_score,0,0.04135334135963708
GSE25055,GSM615206,3,2,expanded_score,0,0.04436959368762851
GSE25055,GSM615207,3,4,expanded_score,0,0.018905860064542035
GSE25055,GSM615208,3,4,expanded_score,0,0.018743425806918262
GSE25055,GSM615209,3,0,expanded_score,1,0.47396519234353934
GSE25055,GSM615210,3,2,expanded_score,0,0.013089952257182128
GSE25055,GSM615211,3,3,expanded_score,1,0.6200443547901774
GSE25055,GSM615212,3,1,expanded_score,1,0.19968592076289018
GSE25055,GSM615213,3,2,expanded_score,1,0.35179703443634897
GSE25055,GSM615214,3,1,expanded_score,0,0.036669838028039685
GSE25055,GSM615215,3,0,expanded_score,1,0.3852752434923667
GSE25055,GSM615216,3,4,expanded_score,0,0.0513292564069801
GSE25055,GSM615217,3,2,expanded_score,0,0.031259949228430964
GSE25055,GSM615218,3,2,expanded_score,0,0.18054771650396828
GSE25055,GSM615219,3,3,expanded_score,0,0.15848225401644409
GSE25055,GSM615220,3,1,expanded_score,0,0.027843817819711333
GSE25055,GSM615221,3,0,expanded_score,0,0.07715417580360089
GSE25055,GSM615222,3,4,expanded_score,0,0.013465294682446444
GSE25055,GSM615223,3,0,expanded_score,0,0.17929917526689415
GSE25055,GSM615224,3,1,expanded_score,0,0.017564601991137595
GSE25055,GSM615225,3,1,expanded_score,0,0.1896501280757689
GSE25055,GSM615226,3,4,expanded_score,0,0.007569183922258371
GSE25055,GSM615227,3,0,expanded_score,0,0.06857416121042974
GSE25055,GSM615228,3,3,expanded_score,0,0.40342396948955794
GSE25055,GSM615229,3,2,expanded_score,0,0.01659250471106833
GSE25055,GSM615230,3,1,expanded_score,0,0.05939768529812408
GSE25055,GSM615231,3,4,expanded_score,0,0.013449430516820625
GSE25055,GSM615232,3,1,expanded_score,0,0.024402406788534677
GSE25055,GSM615233,3,3,expanded_score,0,0.010111887479647712
GSE25055,GSM615234,3,3,expanded_score,0,0.24036149244637117
GSE25055,GSM615235,3,1,expanded_score,0,0.1634459067983185
GSE25055,GSM615236,3,1,expanded_score,0,0.06969865534009041
GSE25055,GSM615237,3,0,expanded_score,0,0.03292670375679708
GSE25055,GSM615238,3,3,expanded_score,0,0.08096951780816239
GSE25055,GSM615239,3,3,expanded_score,0,0.14907804520300566
GSE25055,GSM615240,3,4,expanded_score,1,0.18368180707341802
GSE25055,GSM615241,3,0,expanded_score,0,0.03205488216040242
GSE25055,GSM615242,3,0,expanded_score,1,0.41575982621354207
GSE25055,GSM615243,3,1,expanded_score,0,0.034857338932402955
GSE25055,GSM615244,3,3,expanded_score,0,0.41971907369114614
GSE25055,GSM615245,3,0,expanded_score,0,0.1215773358386523
GSE25055,GSM615246,3,1,expanded_score,0,0.11348308117671775
GSE25055,GSM615247,3,2,expanded_score,0,0.17958732767044464
GSE25055,GSM615248,3,3,expanded_score,0,0.20025614467776404
GSE25055,GSM615249,3,4,expanded_score,0,0.03111703447933253
GSE25055,GSM615250,3,2,expanded_score,0,0.5702997477376996
GSE25055,GSM615251,3,4,expanded_score,0,0.5140110127249445
GSE25055,GSM615252,3,2,expanded_score,0,0.010070996034128643
GSE25055,GSM615253,3,4,expanded_score,0,0.08523141094808537
GSE25055,GSM615254,3,2,expanded_score,0,0.024648068382524615
GSE25055,GSM615255,3,3,expanded_score,0,0.24402055220448018
GSE25055,GSM615256,3,4,expanded_score,1,0.10041322901613178
GSE25055,GSM615257,3,0,expanded_score,0,0.009233204722705324
GSE25055,GSM615258,3,2,expanded_score,0,0.04753470570585371
GSE25055,GSM615259,3,1,expanded_score,0,0.026173936242611984
GSE25055,GSM615260,3,3,expanded_score,0,0.4401708491708018
GSE25055,GSM615261,3,0,expanded_score,0,0.05886806654109961
GSE25055,GSM615262,3,2,expanded_score,0,0.006518327330866348
GSE25055,GSM615263,3,3,expanded_score,1,0.24884230502181529
GSE25055,GSM615264,3,2,expanded_score,1,0.21920568800954127
GSE25055,GSM615265,3,2,expanded_score,0,0.17115526394627498
GSE25055,GSM615266,3,0,expanded_score,0,0.04043221414044062
GSE25055,GSM615267,3,2,expanded_score,0,0.049556408178919625
GSE25055,GSM615268,3,3,expanded_score,0,0.0630784625234674
GSE25055,GSM615269,3,1,expanded_score,0,0.05343055875430302
GSE25055,GSM615270,3,1,expanded_score,1,0.43042625887540037
GSE25055,GSM615271,3,1,expanded_score,0,0.13557015371757308
GSE25055,GSM615272,3,3,expanded_score,0,0.04167927063014019
GSE25055,GSM615273,3,1,expanded_score,0,0.08348961277657727
GSE25055,GSM615274,3,2,expanded_score,0,0.1749575440486915
GSE25055,GSM615275,3,4,expanded_score,0,0.22123098475797642
GSE25055,GSM615276,3,2,expanded_score,0,0.2272271368419421
GSE25055,GSM615277,3,2,expanded_score,0,0.03918237543063276
GSE25055,GSM615278,3,3,expanded_score,0,0.11278987337297067
GSE25055,GSM615279,3,0,expanded_score,0,0.04745262875171594
GSE25055,GSM615280,3,0,expanded_score,1,0.15376396120724342
GSE25055,GSM615281,3,4,expanded_score,0,0.056808003520427613
GSE25055,GSM615282,3,3,expanded_score,0,0.0494868396384417
GSE25055,GSM615283,3,3,expanded_score,0,0.13348931387618332
GSE25055,GSM615284,3,1,expanded_score,1,0.29603413892347585
GSE25055,GSM615285,3,1,expanded_score,0,0.06674187254108122
GSE25055,GSM615286,3,3,expanded_score,0,0.17601377262349577
GSE25055,GSM615287,3,4,expanded_score,0,0.22373391821971184
GSE25055,GSM615288,3,3,expanded_score,0,0.572978356354282
GSE25055,GSM615289,3,1,expanded_score,0,0.1367074615851512
GSE25055,GSM615290,3,4,expanded_score,0,0.06784227196268977
GSE25055,GSM615291,3,3,expanded_score,1,0.41231086294424585
GSE25055,GSM615292,3,4,expanded_score,0,0.04294583185055233
GSE25055,GSM615293,3,3,expanded_score,1,0.6727784048015893
GSE25055,GSM615294,3,2,expanded_score,0,0.23139923468288032
GSE25055,GSM615295,3,2,expanded_score,0,0.10031579860791436
GSE25055,GSM615296,3,1,expanded_score,0,0.04223438014877351
GSE25055,GSM615297,3,0,expanded_score,0,0.4700738985291476
GSE25055,GSM615298,3,3,expanded_score,0,0.06689171975680419
GSE25055,GSM615299,3,2,expanded_score,0,0.02435394230013294
GSE25055,GSM615300,3,2,expanded_score,1,0.25751325875270514
GSE25055,GSM615301,3,3,expanded_score,0,0.21162877360820928
GSE25055,GSM615302,3,1,expanded_score,0,0.0946236630433979
GSE25055,GSM615303,3,0,expanded_score,0,0.2126357792733252
GSE25055,GSM615304,3,2,expanded_score,0,0.06562991027312699
GSE25055,GSM615305,3,2,expanded_score,0,0.04684624443323855
GSE25055,GSM615306,3,1,expanded_score,0,0.027044183527720072
GSE25055,GSM615307,3,1,expanded_score,1,0.7171876934393664
GSE25055,GSM615308,3,3,expanded_score,0,0.11359803290315565
GSE25055,GSM615309,3,4,expanded_score,0,0.02189741314936904
GSE25055,GSM615310,3,0,expanded_score,1,0.2171742258286966
GSE25055,GSM615311,3,1,expanded_score,0,0.03255255680658655
GSE25055,GSM615312,3,4,expanded_score,0,0.19782739309915992
GSE25055,GSM615313,3,4,expanded_score,0,0.022636671022516815
GSE25055,GSM615314,3,2,expanded_score,0,0.013585217809626108
GSE25055,GSM615315,3,1,expanded_score,0,0.4411168805597975
GSE25055,GSM615316,3,0,expanded_score,0,0.023983990284229647
GSE25055,GSM615317,3,2,expanded_score,0,0.470785765094479
GSE25055,GSM615318,3,1,expanded_score,0,0.029804083335675597
GSE25055,GSM615319,3,4,expanded_score,0,0.2523939107934985
GSE25055,GSM615320,3,0,expanded_score,0,0.5901758752006767
GSE25055,GSM615321,3,2,expanded_score,0,0.4114521981578096
GSE25055,GSM615322,3,3,expanded_score,0,0.3001304020467825
GSE25055,GSM615323,3,0,expanded_score,0,0.2135645236979338
GSE25055,GSM615324,3,1,expanded_score,1,0.6686818201261694
GSE25055,GSM615325,3,1,expanded_score,1,0.5950475440587136
GSE25055,GSM615326,3,2,expanded_score,0,0.4264518902481234
GSE25055,GSM615327,3,2,expanded_score,0,0.2777319624061434
GSE25055,GSM615328,3,4,expanded_score,0,0.011248588618839313
GSE25055,GSM615329,3,4,expanded_score,0,0.019056308371014352
GSE25055,GSM615330,3,3,expanded_score,0,0.1759957971939141
GSE25055,GSM615331,3,2,expanded_score,1,0.063875811106126
GSE25055,GSM615332,3,3,expanded_score,0,0.1265522743011112
GSE25055,GSM615333,3,4,expanded_score,0,0.22115990093881105
GSE25055,GSM615334,3,0,expanded_score,1,0.47987576129519816
GSE25055,GSM615335,3,3,expanded_score,0,0.45598879179027524
GSE25055,GSM615336,3,4,expanded_score,1,0.5808012410432377
GSE25055,GSM615337,3,0,expanded_score,0,0.054868720056044484
GSE25055,GSM615338,3,2,expanded_score,1,0.3444952145102981
GSE25055,GSM615339,3,0,expanded_score,0,0.020601645285146828
GSE25055,GSM615340,3,3,expanded_score,0,0.08078988335357319
GSE25055,GSM615341,3,2,expanded_score,0,0.020262182428657537
GSE25055,GSM615342,3,2,expanded_score,0,0.08778188534888688
GSE25055,GSM615343,3,4,expanded_score,0,0.17925521003619235
GSE25055,GSM615344,3,3,expanded_score,0,0.29861708120040037
GSE25055,GSM615345,3,4,expanded_score,0,0.09124479997891836
GSE25055,GSM615346,3,1,expanded_score,0,0.47091004509847273
GSE25055,GSM615347,3,0,expanded_score,0,0.2663574387499359
GSE25055,GSM615348,3,2,expanded_score,0,0.3898313091987311
GSE25055,GSM615349,3,1,expanded_score,0,0.04399348030834514
GSE25055,GSM615350,3,1,expanded_score,0,0.14868574140270124
GSE25055,GSM615351,3,3,expanded_score,0,0.01695025807816608
GSE25055,GSM615352,3,3,expanded_score,0,0.009730997641202197
GSE25055,GSM615353,3,4,expanded_score,1,0.11154895530112618
GSE25055,GSM615354,3,2,expanded_score,1,0.19765719412812235
GSE25055,GSM615355,3,3,expanded_score,0,0.0564361800822951
GSE25055,GSM615356,3,1,expanded_score,0,0.2660764812411768
GSE25055,GSM615357,3,0,expanded_score,1,0.48377751815982734
GSE25055,GSM615358,3,2,expanded_score,0,0.011055636114900536
GSE25055,GSM615359,3,3,expanded_score,1,0.3354376719117779
GSE25055,GSM615360,3,1,expanded_score,0,0.04427044876511293
GSE25055,GSM615361,3,4,expanded_score,0,0.09204228353866066
GSE25055,GSM615362,3,4,expanded_score,0,0.01221898125873664
GSE25055,GSM615363,3,4,expanded_score,0,0.26210683868730283
GSE25055,GSM615364,3,2,expanded_score,0,0.5572789782344042
GSE25055,GSM615365,3,0,expanded_score,0,0.03578542599072702
GSE25055,GSM615366,3,2,expanded_score,0,0.008079786888896729
GSE25055,GSM615367,3,0,expanded_score,0,0.06922136580761512
GSE25055,GSM615368,3,4,expanded_score,0,0.7318428169515088
GSE25055,GSM615369,3,4,expanded_score,0,0.276498190740097
GSE25055,GSM615370,3,0,expanded_score,0,0.07128065047535666
GSE25055,GSM615371,3,1,expanded_score,1,0.28242469334270315
GSE25055,GSM615372,3,2,expanded_score,0,0.45135006899765673
GSE25055,GSM615373,3,1,expanded_score,0,0.13062955082879787
GSE25055,GSM615374,3,2,expanded_score,0,0.0029625000092056808
GSE25055,GSM615375,3,1,expanded_score,1,0.4372860869290795
GSE25055,GSM615376,3,1,expanded_score,0,0.13512616536302785
GSE25055,GSM615377,3,4,expanded_score,0,0.0038221454148787038
GSE25055,GSM615378,3,4,expanded_score,0,0.44648337932544346
GSE25055,GSM615379,3,4,expanded_score,1,0.11800005095883276
GSE25055,GSM615380,3,1,expanded_score,0,0.5206241572192022
GSE25055,GSM615381,3,0,expanded_score,0,0.018308930703511007
GSE25055,GSM615382,3,4,expanded_score,0,0.14035266247354
GSE25055,GSM615383,3,4,expanded_score,1,0.014981946889955744
GSE25055,GSM615384,3,0,expanded_score,0,0.22474094876314057
GSE25055,GSM615385,3,1,expanded_score,0,0.08532024795309742
GSE25055,GSM615386,3,1,expanded_score,0,0.022567466225497212
GSE25055,GSM615387,3,0,expanded_score,0,0.36059577706068857
GSE25055,GSM615388,3,1,expanded_score,0,0.039272321095858334
GSE25055,GSM615389,3,3,expanded_score,0,0.04214905332448708
GSE25055,GSM615390,3,0,expanded_score,0,0.49280729926618183
GSE25055,GSM615391,3,2,expanded_score,0,0.026467970180141964
GSE25055,GSM615392,3,0,expanded_score,0,0.27067898900768206
GSE25055,GSM615393,3,2,expanded_score,1,0.21299168047604655
GSE25055,GSM615394,3,0,expanded_score,1,0.21787449089586106
GSE25055,GSM615395,3,2,expanded_score,0,0.01575603617751389
GSE25055,GSM615396,3,4,expanded_score,1,0.44564592244888207
GSE25055,GSM615397,3,3,expanded_score,1,0.2438587586441627
GSE25055,GSM615398,3,2,expanded_score,0,0.0818282873548769
GSE25055,GSM615399,3,3,expanded_score,0,0.03501533651304637
GSE25055,GSM615400,3,2,expanded_score,0,0.012865773189571423
GSE25055,GSM615401,3,1,expanded_score,0,0.08924766190056461
GSE25055,GSM615402,3,4,expanded_score,0,0.015739254670767637
GSE25055,GSM615403,3,2,expanded_score,0,0.13339029159592056
GSE25055,GSM615404,3,3,expanded_score,0,0.11641725594865027
GSE25055,GSM615405,3,2,expanded_score,0,0.4031425346669596
GSE25055,GSM615096,3,4,expanded_pam50,0,0.03939541326761654
GSE25055,GSM615097,3,0,expanded_pam50,0,0.04753315883462801
GSE25055,GSM615098,3,0,expanded_pam50,0,0.35168737357897756
GSE25055,GSM615099,3,3,expanded_pam50,1,0.26236848156924664
GSE25055,GSM615100,3,2,expanded_pam50,0,0.025436448503227724
GSE25055,GSM615101,3,2,expanded_pam50,0,0.23726569633091354
GSE25055,GSM615102,3,0,expanded_pam50,0,0.4240290351776344
GSE25055,GSM615104,3,4,expanded_pam50,0,0.36936573293329256
GSE25055,GSM615106,3,0,expanded_pam50,0,0.37629808180311525
GSE25055,GSM615107,3,4,expanded_pam50,0,0.4095370583448284
GSE25055,GSM615108,3,4,expanded_pam50,0,0.10671687226871074
GSE25055,GSM615109,3,3,expanded_pam50,0,0.145117792870277
GSE25055,GSM615111,3,4,expanded_pam50,0,0.24557158444286153
GSE25055,GSM615112,3,3,expanded_pam50,0,0.13842763444053463
GSE25055,GSM615113,3,1,expanded_pam50,0,0.415262052465965
GSE25055,GSM615114,3,4,expanded_pam50,0,0.019940036584357973
GSE25055,GSM615115,3,4,expanded_pam50,0,0.1694704498616564
GSE25055,GSM615116,3,3,expanded_pam50,0,0.7609446576077055
GSE25055,GSM615117,3,2,expanded_pam50,0,0.16986110320554257
GSE25055,GSM615120,3,3,expanded_pam50,0,0.007268676368592787
GSE25055,GSM615121,3,2,expanded_pam50,0,0.1927271321589267
GSE25055,GSM615122,3,4,expanded_pam50,1,0.02702830464097248
GSE25055,GSM615123,3,4,expanded_pam50,1,0.04897336994033809
GSE25055,GSM615124,3,1,expanded_pam50,0,0.04047070590369771
GSE25055,GSM615125,3,1,expanded_pam50,0,0.059844844775018995
GSE25055,GSM615126,3,0,expanded_pam50,0,0.05198038652440728
GSE25055,GSM615127,3,4,expanded_pam50,0,0.02092820725436927
GSE25055,GSM615128,3,1,expanded_pam50,0,0.08164524158151583
GSE25055,GSM615129,3,3,expanded_pam50,0,0.06104189147286253
GSE25055,GSM615130,3,2,expanded_pam50,0,0.027884528668084083
GSE25055,GSM615131,3,3,expanded_pam50,0,0.02775273364883389
GSE25055,GSM615132,3,0,expanded_pam50,0,0.041040557389071426
GSE25055,GSM615133,3,1,expanded_pam50,0,0.02252183909252332
GSE25055,GSM615134,3,2,expanded_pam50,0,0.015370447100733365
GSE25055,GSM615135,3,4,expanded_pam50,0,0.3876023790389168
GSE25055,GSM615136,3,0,expanded_pam50,0,0.33419549199544246
GSE25055,GSM615137,3,2,expanded_pam50,1,0.19787670575287095
GSE25055,GSM615138,3,4,expanded_pam50,0,0.04491113970606416
GSE25055,GSM615139,3,3,expanded_pam50,1,0.34200746158228584
GSE25055,GSM615140,3,2,expanded_pam50,1,0.00648510408576109
GSE25055,GSM615142,3,1,expanded_pam50,0,0.06775832167631787
GSE25055,GSM615143,3,3,expanded_pam50,1,0.2652762789743497
GSE25055,GSM615144,3,0,expanded_pam50,0,0.030923487996332454
GSE25055,GSM615145,3,3,expanded_pam50,0,0.34958919428128027
GSE25055,GSM615146,3,2,expanded_pam50,1,0.44406028607454373
GSE25055,GSM615147,3,3,expanded_pam50,0,0.02836626039469213
GSE25055,GSM615148,3,2,expanded_pam50,0,0.3903330100705802
GSE25055,GSM615149,3,0,expanded_pam50,0,0.41031688526990806
GSE25055,GSM615150,3,0,expanded_pam50,0,0.04664117237646725
GSE25055,GSM615151,3,1,expanded_pam50,0,0.2584751146809788
GSE25055,GSM615153,3,4,expanded_pam50,0,0.020448533925226026
GSE25055,GSM615154,3,1,expanded_pam50,1,0.42661255548089166
GSE25055,GSM615155,3,0,expanded_pam50,0,0.13918504446284413
GSE25055,GSM615156,3,3,expanded_pam50,0,0.5278159757118193
GSE25055,GSM615157,3,3,expanded_pam50,0,0.1322377993840246
GSE25055,GSM615158,3,1,expanded_pam50,0,0.018680429304818037
GSE25055,GSM615159,3,4,expanded_pam50,0,0.36505549283280775
GSE25055,GSM615160,3,0,expanded_pam50,0,0.44317436511915864
GSE25055,GSM615162,3,4,expanded_pam50,0,0.012359210512620766
GSE25055,GSM615164,3,3,expanded_pam50,1,0.3086612202343128
GSE25055,GSM615165,3,0,expanded_pam50,0,0.05177788327100876
GSE25055,GSM615166,3,0,expanded_pam50,0,0.038736713200276544
GSE25055,GSM615167,3,1,expanded_pam50,1,0.18610821379145975
GSE25055,GSM615168,3,0,expanded_pam50,0,0.07374855941849301
GSE25055,GSM615169,3,3,expanded_pam50,0,0.3723596304795567
GSE25055,GSM615170,3,1,expanded_pam50,0,0.04056944675992541
GSE25055,GSM615171,3,0,expanded_pam50,1,0.4784580952033097
GSE25055,GSM615172,3,0,expanded_pam50,0,0.03218676001795888
GSE25055,GSM615173,3,0,expanded_pam50,0,0.12921500012057874
GSE25055,GSM615174,3,3,expanded_pam50,0,0.18589605497853692
GSE25055,GSM615175,3,4,expanded_pam50,1,0.29546784955765765
GSE25055,GSM615176,3,1,expanded_pam50,0,0.021984000392944496
GSE25055,GSM615177,3,4,expanded_pam50,0,0.03367975483522688
GSE25055,GSM615178,3,4,expanded_pam50,0,0.47055565114001857
GSE25055,GSM615179,3,3,expanded_pam50,0,0.03478030953395618
GSE25055,GSM615180,3,1,expanded_pam50,0,0.0369072232858995
GSE25055,GSM615181,3,4,expanded_pam50,1,0.3586919744524612
GSE25055,GSM615182,3,1,expanded_pam50,0,0.26850181880655166
GSE25055,GSM615183,3,4,expanded_pam50,0,0.04225290721796043
GSE25055,GSM615184,3,0,expanded_pam50,0,0.33651251369095964
GSE25055,GSM615185,3,3,expanded_pam50,0,0.4842299716275488
GSE25055,GSM615186,3,2,expanded_pam50,1,0.006010122683360421
GSE25055,GSM615187,3,0,expanded_pam50,0,0.028425009035226684
GSE25055,GSM615188,3,3,expanded_pam50,0,0.09798923318958232
GSE25055,GSM615189,3,3,expanded_pam50,0,0.18502202049404123
GSE25055,GSM615190,3,0,expanded_pam50,0,0.43009853094141287
GSE25055,GSM615191,3,0,expanded_pam50,1,0.46610857369321146
GSE25055,GSM615192,3,1,expanded_pam50,0,0.046694912904790706
GSE25055,GSM615193,3,0,expanded_pam50,1,0.36564934343376443
GSE25055,GSM615194,3,1,expanded_pam50,1,0.2609937539383066
GSE25055,GSM615195,3,0,expanded_pam50,0,0.42503448005460964
GSE25055,GSM615196,3,2,expanded_pam50,0,0.13580459149847787
GSE25055,GSM615197,3,1,expanded_pam50,0,0.2908836810735836
GSE25055,GSM615198,3,3,expanded_pam50,0,0.034363157533505204
GSE25055,GSM615199,3,0,expanded_pam50,0,0.06713765463655848
GSE25055,GSM615200,3,2,expanded_pam50,0,0.2147250385159607
GSE25055,GSM615201,3,0,expanded_pam50,1,0.08170151180989155
GSE25055,GSM615202,3,3,expanded_pam50,1,0.3419865963169303
GSE25055,GSM615203,3,0,expanded_pam50,0,0.026372136941947857
GSE25055,GSM615204,3,1,expanded_pam50,0,0.06683021806752476
GSE25055,GSM615205,3,4,expanded_pam50,0,0.04012746246966451
GSE25055,GSM615206,3,2,expanded_pam50,0,0.12346818811374023
GSE25055,GSM615207,3,4,expanded_pam50,0,0.02442541845775515
GSE25055,GSM615208,3,4,expanded_pam50,0,0.022025008188977974
GSE25055,GSM615209,3,0,expanded_pam50,1,0.4126824583573745
GSE25055,GSM615210,3,2,expanded_pam50,0,0.022144088906987654
GSE25055,GSM615211,3,3,expanded_pam50,1,0.5380821008163311
GSE25055,GSM615212,3,1,expanded_pam50,1,0.4041509497846189
GSE25055,GSM615213,3,2,expanded_pam50,1,0.33645455588295653
GSE25055,GSM615214,3,1,expanded_pam50,0,0.06766910349227653
GSE25055,GSM615215,3,0,expanded_pam50,1,0.2678532205005538
GSE25055,GSM615216,3,4,expanded_pam50,0,0.037916230532018265
GSE25055,GSM615217,3,2,expanded_pam50,0,0.023477461932743204
GSE25055,GSM615218,3,2,expanded_pam50,0,0.2522506415429874
GSE25055,GSM615219,3,3,expanded_pam50,0,0.23912469338750902
GSE25055,GSM615220,3,1,expanded_pam50,0,0.09059309575113643
GSE25055,GSM615221,3,0,expanded_pam50,0,0.07824601109432695
GSE25055,GSM615222,3,4,expanded_pam50,0,0.015252625342149504
GSE25055,GSM615223,3,0,expanded_pam50,0,0.3481333155530785
GSE25055,GSM615224,3,1,expanded_pam50,0,0.04566929555777056
GSE25055,GSM615225,3,1,expanded_pam50,0,0.21931941920539
GSE25055,GSM615226,3,4,expanded_pam50,0,0.019920628558159115
GSE25055,GSM615227,3,0,expanded_pam50,0,0.054561434969334605
GSE25055,GSM615228,3,3,expanded_pam50,0,0.3906359835107656
GSE25055,GSM615229,3,2,expanded_pam50,0,0.08794543225978449
GSE25055,GSM615230,3,1,expanded_pam50,0,0.21550290557580032
GSE25055,GSM615231,3,4,expanded_pam50,0,0.019388236751003703
GSE25055,GSM615232,3,1,expanded_pam50,0,0.04177753306265562
GSE25055,GSM615233,3,3,expanded_pam50,0,0.015877153128005108
GSE25055,GSM615234,3,3,expanded_pam50,0,0.3010784937003997
GSE25055,GSM615235,3,1,expanded_pam50,0,0.10034852074776968
GSE25055,GSM615236,3,1,expanded_pam50,0,0.056666202453227274
GSE25055,GSM615237,3,0,expanded_pam50,0,0.04320878695122175
GSE25055,GSM615238,3,3,expanded_pam50,0,0.13068832002349948
GSE25055,GSM615239,3,3,expanded_pam50,0,0.11518036819466024
GSE25055,GSM615240,3,4,expanded_pam50,1,0.4881511316679945
GSE25055,GSM615241,3,0,expanded_pam50,0,0.027985657893493672
GSE25055,GSM615242,3,0,expanded_pam50,1,0.4013448272249471
GSE25055,GSM615243,3,1,expanded_pam50,0,0.05215958173916928
GSE25055,GSM615244,3,3,expanded_pam50,0,0.6147677322360099
GSE25055,GSM615245,3,0,expanded_pam50,0,0.06977381345532546
GSE25055,GSM615246,3,1,expanded_pam50,0,0.08060225254673584
GSE25055,GSM615247,3,2,expanded_pam50,0,0.16403992450361768
GSE25055,GSM615248,3,3,expanded_pam50,0,0.19586897281785828
GSE25055,GSM615249,3,4,expanded_pam50,0,0.08800921307825235
GSE25055,GSM615250,3,2,expanded_pam50,0,0.45282359398449273
GSE25055,GSM615251,3,4,expanded_pam50,0,0.507359666115174
GSE25055,GSM615252,3,2,expanded_pam50,0,0.015838363183698374
GSE25055,GSM615253,3,4,expanded_pam50,0,0.06561802679035016
GSE25055,GSM615254,3,2,expanded_pam50,0,0.02853617919908176
GSE25055,GSM615255,3,3,expanded_pam50,0,0.28356003785261347
GSE25055,GSM615256,3,4,expanded_pam50,1,0.058609846781707726
GSE25055,GSM615257,3,0,expanded_pam50,0,0.01902153557746138
GSE25055,GSM615258,3,2,expanded_pam50,0,0.048243245777619424
GSE25055,GSM615259,3,1,expanded_pam50,0,0.03652931165982414
GSE25055,GSM615260,3,3,expanded_pam50,0,0.4892404963027543
GSE25055,GSM615261,3,0,expanded_pam50,0,0.04985541480807287
GSE25055,GSM615262,3,2,expanded_pam50,0,0.008233142924386963
GSE25055,GSM615263,3,3,expanded_pam50,1,0.13841326577679408
GSE25055,GSM615264,3,2,expanded_pam50,1,0.417835356478505
GSE25055,GSM615265,3,2,expanded_pam50,0,0.3761856539250816
GSE25055,GSM615266,3,0,expanded_pam50,0,0.025054847827460047
GSE25055,GSM615267,3,2,expanded_pam50,0,0.062498031696936275
GSE25055,GSM615268,3,3,expanded_pam50,0,0.04312563288159362
GSE25055,GSM615269,3,1,expanded_pam50,0,0.08347611227818753
GSE25055,GSM615270,3,1,expanded_pam50,1,0.31921487605559323
GSE25055,GSM615271,3,1,expanded_pam50,0,0.09722017419813421
GSE25055,GSM615272,3,3,expanded_pam50,0,0.0545807956466152
GSE25055,GSM615273,3,1,expanded_pam50,0,0.0464604130348748
GSE25055,GSM615274,3,2,expanded_pam50,0,0.07319546515322585
GSE25055,GSM615275,3,4,expanded_pam50,0,0.13091152318324573
GSE25055,GSM615276,3,2,expanded_pam50,0,0.34038055637500675
GSE25055,GSM615277,3,2,expanded_pam50,0,0.028054061731161987
GSE25055,GSM615278,3,3,expanded_pam50,0,0.10938965935572471
GSE25055,GSM615279,3,0,expanded_pam50,0,0.056733820450709536
GSE25055,GSM615280,3,0,expanded_pam50,1,0.0650414140538072
GSE25055,GSM615281,3,4,expanded_pam50,0,0.042028497381087444
GSE25055,GSM615282,3,3,expanded_pam50,0,0.04364479290591726
GSE25055,GSM615283,3,3,expanded_pam50,0,0.09443094697744578
GSE25055,GSM615284,3,1,expanded_pam50,1,0.26176909285605837
GSE25055,GSM615285,3,1,expanded_pam50,0,0.10827991030615235
GSE25055,GSM615286,3,3,expanded_pam50,0,0.11080527015467145
GSE25055,GSM615287,3,4,expanded_pam50,0,0.21664163482087045
GSE25055,GSM615288,3,3,expanded_pam50,0,0.5681626532740078
GSE25055,GSM615289,3,1,expanded_pam50,0,0.07339079243886357
GSE25055,GSM615290,3,4,expanded_pam50,0,0.04744774589006564
GSE25055,GSM615291,3,3,expanded_pam50,1,0.4632314284013951
GSE25055,GSM615292,3,4,expanded_pam50,0,0.03322518938671176
GSE25055,GSM615293,3,3,expanded_pam50,1,0.5504819170801091
GSE25055,GSM615294,3,2,expanded_pam50,0,0.2022614618996964
GSE25055,GSM615295,3,2,expanded_pam50,0,0.26110688335562177
GSE25055,GSM615296,3,1,expanded_pam50,0,0.02925808759311408
GSE25055,GSM615297,3,0,expanded_pam50,0,0.4026992387312823
GSE25055,GSM615298,3,3,expanded_pam50,0,0.05908875487572164
GSE25055,GSM615299,3,2,expanded_pam50,0,0.041580415983436904
GSE25055,GSM615300,3,2,expanded_pam50,1,0.4026652552634039
GSE25055,GSM615301,3,3,expanded_pam50,0,0.22893468998672264
GSE25055,GSM615302,3,1,expanded_pam50,0,0.12494646257641105
GSE25055,GSM615303,3,0,expanded_pam50,0,0.24818050571009173
GSE25055,GSM615304,3,2,expanded_pam50,0,0.217922084621184
GSE25055,GSM615305,3,2,expanded_pam50,0,0.040835327399927186
GSE25055,GSM615306,3,1,expanded_pam50,0,0.028808035914411546
GSE25055,GSM615307,3,1,expanded_pam50,1,0.47731968180843803
GSE25055,GSM615308,3,3,expanded_pam50,0,0.1696461522069127
GSE25055,GSM615309,3,4,expanded_pam50,0,0.03147096658211277
GSE25055,GSM615310,3,0,expanded_pam50,1,0.13256157652493655
GSE25055,GSM615311,3,1,expanded_pam50,0,0.04931068368277608
GSE25055,GSM615312,3,4,expanded_pam50,0,0.28044471468364324
GSE25055,GSM615313,3,4,expanded_pam50,0,0.07231765125488997
GSE25055,GSM615314,3,2,expanded_pam50,0,0.01958117120158459
GSE25055,GSM615315,3,1,expanded_pam50,0,0.3503100903391103
GSE25055,GSM615316,3,0,expanded_pam50,0,0.053693280988914634
GSE25055,GSM615317,3,2,expanded_pam50,0,0.4454634572355302
GSE25055,GSM615318,3,1,expanded_pam50,0,0.0369072232858995
GSE25055,GSM615319,3,4,expanded_pam50,0,0.4168850965970128
GSE25055,GSM615320,3,0,expanded_pam50,0,0.49446562168899455
GSE25055,GSM615321,3,2,expanded_pam50,0,0.43250848140399606
GSE25055,GSM615322,3,3,expanded_pam50,0,0.2517404695936343
GSE25055,GSM615323,3,0,expanded_pam50,0,0.30463696263954554
GSE25055,GSM615324,3,1,expanded_pam50,1,0.44443785307484784
GSE25055,GSM615325,3,1,expanded_pam50,1,0.4791459945736986
GSE25055,GSM615326,3,2,expanded_pam50,0,0.1712974164502765
GSE25055,GSM615327,3,2,expanded_pam50,0,0.26167534940071413
GSE25055,GSM615328,3,4,expanded_pam50,0,0.01260352407156449
GSE25055,GSM615329,3,4,expanded_pam50,0,0.024887407361413625
GSE25055,GSM615330,3,3,expanded_pam50,0,0.32364265059320313
GSE25055,GSM615331,3,2,expanded_pam50,1,0.15516607311972427
GSE25055,GSM615332,3,3,expanded_pam50,0,0.10249049026310295
GSE25055,GSM615333,3,4,expanded_pam50,0,0.3136749529619554
GSE25055,GSM615334,3,0,expanded_pam50,1,0.3296117075381751
GSE25055,GSM615335,3,3,expanded_pam50,0,0.48816416655460376
GSE25055,GSM615336,3,4,expanded_pam50,1,0.48335224761909185
GSE25055,GSM615337,3,0,expanded_pam50,0,0.057492629498329256
GSE25055,GSM615338,3,2,expanded_pam50,1,0.4026652552634039
GSE25055,GSM615339,3,0,expanded_pam50,0,0.03336625182387148
GSE25055,GSM615340,3,3,expanded_pam50,0,0.1137424282560779
GSE25055,GSM615341,3,2,expanded_pam50,0,0.029524653273560856
GSE25055,GSM615342,3,2,expanded_pam50,0,0.17080956287725746
GSE25055,GSM615343,3,4,expanded_pam50,0,0.1686461123753779
GSE25055,GSM615344,3,3,expanded_pam50,0,0.31831292263965427
GSE25055,GSM615345,3,4,expanded_pam50,0,0.1491090692856107
GSE25055,GSM615346,3,1,expanded_pam50,0,0.41979217752400183
GSE25055,GSM615347,3,0,expanded_pam50,0,0.26796692857792564
GSE25055,GSM615348,3,2,expanded_pam50,0,0.38316299935188475
GSE25055,GSM615349,3,1,expanded_pam50,0,0.047742410770491926
GSE25055,GSM615350,3,1,expanded_pam50,0,0.19331993299593794
GSE25055,GSM615351,3,3,expanded_pam50,0,0.012132798308229862
GSE25055,GSM615352,3,3,expanded_pam50,0,0.013465251912610346
GSE25055,GSM615353,3,4,expanded_pam50,1,0.12981069206998253
GSE25055,GSM615354,3,2,expanded_pam50,1,0.16967685595775114
GSE25055,GSM615355,3,3,expanded_pam50,0,0.03876065565100245
GSE25055,GSM615356,3,1,expanded_pam50,0,0.37336592480653435
GSE25055,GSM615357,3,0,expanded_pam50,1,0.4277904487848911
GSE25055,GSM615358,3,2,expanded_pam50,0,0.020009235427519527
GSE25055,GSM615359,3,3,expanded_pam50,1,0.25410207606890534
GSE25055,GSM615360,3,1,expanded_pam50,0,0.04156665130301574
GSE25055,GSM615361,3,4,expanded_pam50,0,0.12879359721711386
GSE25055,GSM615362,3,4,expanded_pam50,0,0.011366670011405892
GSE25055,GSM615363,3,4,expanded_pam50,0,0.442833479792046
GSE25055,GSM615364,3,2,expanded_pam50,0,0.5022358555195988
GSE25055,GSM615365,3,0,expanded_pam50,0,0.04115801674724875
GSE25055,GSM615366,3,2,expanded_pam50,0,0.0076797258232252875
GSE25055,GSM615367,3,0,expanded_pam50,0,0.08537049305479255
GSE25055,GSM615368,3,4,expanded_pam50,0,0.5834181842849144
GSE25055,GSM615369,3,4,expanded_pam50,0,0.4785564320978457
GSE25055,GSM615370,3,0,expanded_pam50,0,0.051588234171275026
GSE25055,GSM615371,3,1,expanded_pam50,1,0.28787356450178986
GSE25055,GSM615372,3,2,expanded_pam50,0,0.48032670812054457
GSE25055,GSM615373,3,1,expanded_pam50,0,0.12445124740487401
GSE25055,GSM615374,3,2,expanded_pam50,0,0.003913352116032017
GSE25055,GSM615375,3,1,expanded_pam50,1,0.16379795890906823
GSE25055,GSM615376,3,1,expanded_pam50,0,0.21788024443027285
GSE25055,GSM615377,3,4,expanded_pam50,0,0.010959999008311551
GSE25055,GSM615378,3,4,expanded_pam50,0,0.5217549175739069
GSE25055,GSM615379,3,4,expanded_pam50,1,0.20665248139137615
GSE25055,GSM615380,3,1,expanded_pam50,0,0.36807024934320287
GSE25055,GSM615381,3,0,expanded_pam50,0,0.049146999245819147
GSE25055,GSM615382,3,4,expanded_pam50,0,0.33815435576734276
GSE25055,GSM615383,3,4,expanded_pam50,1,0.020627158153177783
GSE25055,GSM615384,3,0,expanded_pam50,0,0.3481333155530785
GSE25055,GSM615385,3,1,expanded_pam50,0,0.22872430464535282
GSE25055,GSM615386,3,1,expanded_pam50,0,0.0454397007887157
GSE25055,GSM615387,3,0,expanded_pam50,0,0.5048011475116789
GSE25055,GSM615388,3,1,expanded_pam50,0,0.04637018430746533
GSE25055,GSM615389,3,3,expanded_pam50,0,0.03473926212762937
GSE25055,GSM615390,3,0,expanded_pam50,0,0.4635226205191204
GSE25055,GSM615391,3,2,expanded_pam50,0,0.07531432448972684
GSE25055,GSM615392,3,0,expanded_pam50,0,0.25993151488115673
GSE25055,GSM615393,3,2,expanded_pam50,1,0.3766528468916117
GSE25055,GSM615394,3,0,expanded_pam50,1,0.31040124133019814
GSE25055,GSM615395,3,2,expanded_pam50,0,0.02314360985366741
GSE25055,GSM615396,3,4,expanded_pam50,1,0.43672751624851275
GSE25055,GSM615397,3,3,expanded_pam50,1,0.22510329783623778
GSE25055,GSM615398,3,2,expanded_pam50,0,0.09954905697682835
GSE25055,GSM615399,3,3,expanded_pam50,0,0.03167493847639307
GSE25055,GSM615400,3,2,expanded_pam50,0,0.01140166376007161
GSE25055,GSM615401,3,1,expanded_pam50,0,0.08614588264591469
GSE25055,GSM615402,3,4,expanded_pam50,0,0.012134214183343353
GSE25055,GSM615403,3,2,expanded_pam50,0,0.0856558878759103
GSE25055,GSM615404,3,3,expanded_pam50,0,0.1464004789422829
GSE25055,GSM615405,3,2,expanded_pam50,0,0.2375238230425328
GSE25055,GSM615096,3,4,expanded_pam50_score,0,0.025753580633332003
GSE25055,GSM615097,3,0,expanded_pam50_score,0,0.036799663699148
GSE25055,GSM615098,3,0,expanded_pam50_score,0,0.3927651582776947
GSE25055,GSM615099,3,3,expanded_pam50_score,1,0.36328403175644525
GSE25055,GSM615100,3,2,expanded_pam50_score,0,0.055065202863888794
GSE25055,GSM615101,3,2,expanded_pam50_score,0,0.296098157712384
GSE25055,GSM615102,3,0,expanded_pam50_score,0,0.45535535977615266
GSE25055,GSM615104,3,4,expanded_pam50_score,0,0.279682745988909
GSE25055,GSM615106,3,0,expanded_pam50_score,0,0.24438635471971776
GSE25055,GSM615107,3,4,expanded_pam50_score,0,0.4021286391313648
GSE25055,GSM615108,3,4,expanded_pam50_score,0,0.12449647093011354
GSE25055,GSM615109,3,3,expanded_pam50_score,0,0.20964777085104913
GSE25055,GSM615111,3,4,expanded_pam50_score,0,0.15112976517371368
GSE25055,GSM615112,3,3,expanded_pam50_score,0,0.18206585289128416
GSE25055,GSM615113,3,1,expanded_pam50_score,0,0.440096972974912
GSE25055,GSM615114,3,4,expanded_pam50_score,0,0.015173173056274563
GSE25055,GSM615115,3,4,expanded_pam50_score,0,0.16821028390481824
GSE25055,GSM615116,3,3,expanded_pam50_score,0,0.6851257249787914
GSE25055,GSM615117,3,2,expanded_pam50_score,0,0.2667949611131743
GSE25055,GSM615120,3,3,expanded_pam50_score,0,0.007563128377945525
GSE25055,GSM615121,3,2,expanded_pam50_score,0,0.08908397089463614
GSE25055,GSM615122,3,4,expanded_pam50_score,1,0.015183930779146896
GSE25055,GSM615123,3,4,expanded_pam50_score,1,0.11094709629601412
GSE25055,GSM615124,3,1,expanded_pam50_score,0,0.03622647236926809
GSE25055,GSM615125,3,1,expanded_pam50_score,0,0.0385353506572192
GSE25055,GSM615126,3,0,expanded_pam50_score,0,0.0581128490486956
GSE25055,GSM615127,3,4,expanded_pam50_score,0,0.028927372515066673
GSE25055,GSM615128,3,1,expanded_pam50_score,0,0.047499205021561595
GSE25055,GSM615129,3,3,expanded_pam50_score,0,0.05419185182437027
GSE25055,GSM615130,3,2,expanded_pam50_score,0,0.016210407017774278
GSE25055,GSM615131,3,3,expanded_pam50_score,0,0.03162920725352289
GSE25055,GSM615132,3,0,expanded_pam50_score,0,0.040480779376533736
GSE25055,GSM615133,3,1,expanded_pam50_score,0,0.020413876698583758
GSE25055,GSM615134,3,2,expanded_pam50_score,0,0.012212115681697598
GSE25055,GSM615135,3,4,expanded_pam50_score,0,0.37346797393254416
GSE25055,GSM615136,3,0,expanded_pam50_score,0,0.37214567356987566
GSE25055,GSM615137,3,2,expanded_pam50_score,1,0.14125957114881532
GSE25055,GSM615138,3,4,expanded_pam50_score,0,0.04287485709844109
GSE25055,GSM615139,3,3,expanded_pam50_score,1,0.4483112810230612
GSE25055,GSM615140,3,2,expanded_pam50_score,1,0.010796589335377329
GSE25055,GSM615142,3,1,expanded_pam50_score,0,0.05455247718167844
GSE25055,GSM615143,3,3,expanded_pam50_score,1,0.253725789895959
GSE25055,GSM615144,3,0,expanded_pam50_score,0,0.03517165909421062
GSE25055,GSM615145,3,3,expanded_pam50_score,0,0.48585690382406255
GSE25055,GSM615146,3,2,expanded_pam50_score,1,0.3940615671460969
GSE25055,GSM615147,3,3,expanded_pam50_score,0,0.03050455977914738
GSE25055,GSM615148,3,2,expanded_pam50_score,0,0.34917123902148217
GSE25055,GSM615149,3,0,expanded_pam50_score,0,0.3265127136522007
GSE25055,GSM615150,3,0,expanded_pam50_score,0,0.032652446841976816
GSE25055,GSM615151,3,1,expanded_pam50_score,0,0.3004643669815609
GSE25055,GSM615153,3,4,expanded_pam50_score,0,0.0245497373054761
GSE25055,GSM615154,3,1,expanded_pam50_score,1,0.3364912305847857
GSE25055,GSM615155,3,0,expanded_pam50_score,0,0.16688487749613706
GSE25055,GSM615156,3,3,expanded_pam50_score,0,0.4597601280921978
GSE25055,GSM615157,3,3,expanded_pam50_score,0,0.09089765598586756
GSE25055,GSM615158,3,1,expanded_pam50_score,0,0.021435293628577937
GSE25055,GSM615159,3,4,expanded_pam50_score,0,0.12324440386914744
GSE25055,GSM615160,3,0,expanded_pam50_score,0,0.39277696404531287
GSE25055,GSM615162,3,4,expanded_pam50_score,0,0.009619699072241836
GSE25055,GSM615164,3,3,expanded_pam50_score,1,0.39164283989643933
GSE25055,GSM615165,3,0,expanded_pam50_score,0,0.05426066110777397
GSE25055,GSM615166,3,0,expanded_pam50_score,0,0.06500079796483002
GSE25055,GSM615167,3,1,expanded_pam50_score,1,0.1336687586663379
GSE25055,GSM615168,3,0,expanded_pam50_score,0,0.04859300161928552
GSE25055,GSM615169,3,3,expanded_pam50_score,0,0.3697671327003195
GSE25055,GSM615170,3,1,expanded_pam50_score,0,0.029692087477859504
GSE25055,GSM615171,3,0,expanded_pam50_score,1,0.3690742306613879
GSE25055,GSM615172,3,0,expanded_pam50_score,0,0.03083036092356016
GSE25055,GSM615173,3,0,expanded_pam50_score,0,0.08417618507660841
GSE25055,GSM615174,3,3,expanded_pam50_score,0,0.1762726263277597
GSE25055,GSM615175,3,4,expanded_pam50_score,1,0.3450061234877222
GSE25055,GSM615176,3,1,expanded_pam50_score,0,0.02031234081558673
GSE25055,GSM615177,3,4,expanded_pam50_score,0,0.026549722326470238
GSE25055,GSM615178,3,4,expanded_pam50_score,0,0.34045709038386146
GSE25055,GSM615179,3,3,expanded_pam50_score,0,0.03974509111573295
GSE25055,GSM615180,3,1,expanded_pam50_score,0,0.050711992339773214
GSE25055,GSM615181,3,4,expanded_pam50_score,1,0.334786507810294
GSE25055,GSM615182,3,1,expanded_pam50_score,0,0.2912712144286387
GSE25055,GSM615183,3,4,expanded_pam50_score,0,0.02464542075684821
GSE25055,GSM615184,3,0,expanded_pam50_score,0,0.4818423298368131
GSE25055,GSM615185,3,3,expanded_pam50_score,0,0.4235959175394669
GSE25055,GSM615186,3,2,expanded_pam50_score,1,0.006440385518793484
GSE25055,GSM615187,3,0,expanded_pam50_score,0,0.04571973008354347
GSE25055,GSM615188,3,3,expanded_pam50_score,0,0.10913859437738446
GSE25055,GSM615189,3,3,expanded_pam50_score,0,0.16254812228490173
GSE25055,GSM615190,3,0,expanded_pam50_score,0,0.4459714159297666
GSE25055,GSM615191,3,0,expanded_pam50_score,1,0.6373610264871827
GSE25055,GSM615192,3,1,expanded_pam50_score,0,0.038810602510768386
GSE25055,GSM615193,3,0,expanded_pam50_score,1,0.41958863999691204
GSE25055,GSM615194,3,1,expanded_pam50_score,1,0.38183704367644233
GSE25055,GSM615195,3,0,expanded_pam50_score,0,0.5487994735864291
GSE25055,GSM615196,3,2,expanded_pam50_score,0,0.208919205298608
GSE25055,GSM615197,3,1,expanded_pam50_score,0,0.3687012666837244
GSE25055,GSM615198,3,3,expanded_pam50_score,0,0.030805244527255995
GSE25055,GSM615199,3,0,expanded_pam50_score,0,0.07884822090178259
GSE25055,GSM615200,3,2,expanded_pam50_score,0,0.3679299439270498
GSE25055,GSM615201,3,0,expanded_pam50_score,1,0.12424741925732825
GSE25055,GSM615202,3,3,expanded_pam50_score,1,0.4116843124742229
GSE25055,GSM615203,3,0,expanded_pam50_score,0,0.014125413373780801
GSE25055,GSM615204,3,1,expanded_pam50_score,0,0.04281310741310368
GSE25055,GSM615205,3,4,expanded_pam50_score,0,0.037403466472688135
GSE25055,GSM615206,3,2,expanded_pam50_score,0,0.05295317099391654
GSE25055,GSM615207,3,4,expanded_pam50_score,0,0.014473022765241976
GSE25055,GSM615208,3,4,expanded_pam50_score,0,0.014993197078018133
GSE25055,GSM615209,3,0,expanded_pam50_score,1,0.5099953662773188
GSE25055,GSM615210,3,2,expanded_pam50_score,0,0.009516635819303865
GSE25055,GSM615211,3,3,expanded_pam50_score,1,0.616426921971645
GSE25055,GSM615212,3,1,expanded_pam50_score,1,0.2141263666895407
GSE25055,GSM615213,3,2,expanded_pam50_score,1,0.3433832939348918
GSE25055,GSM615214,3,1,expanded_pam50_score,0,0.03339854818554748
GSE25055,GSM615215,3,0,expanded_pam50_score,1,0.20583623668420767
GSE25055,GSM615216,3,4,expanded_pam50_score,0,0.04867188097209495
GSE25055,GSM615217,3,2,expanded_pam50_score,0,0.02460942555968462
GSE25055,GSM615218,3,2,expanded_pam50_score,0,0.17518010146389082
GSE25055,GSM615219,3,3,expanded_pam50_score,0,0.20832525673808744
GSE25055,GSM615220,3,1,expanded_pam50_score,0,0.025985976603008443
GSE25055,GSM615221,3,0,expanded_pam50_score,0,0.0702483899229757
GSE25055,GSM615222,3,4,expanded_pam50_score,0,0.009343357945784243
GSE25055,GSM615223,3,0,expanded_pam50_score,0,0.19836745596123848
GSE25055,GSM615224,3,1,expanded_pam50_score,0,0.016767018518746707
GSE25055,GSM615225,3,1,expanded_pam50_score,0,0.19381357259409634
GSE25055,GSM615226,3,4,expanded_pam50_score,0,0.017302712639835384
GSE25055,GSM615227,3,0,expanded_pam50_score,0,0.06995681275647396
GSE25055,GSM615228,3,3,expanded_pam50_score,0,0.37300237666490177
GSE25055,GSM615229,3,2,expanded_pam50_score,0,0.02482932771351028
GSE25055,GSM615230,3,1,expanded_pam50_score,0,0.07162430080799602
GSE25055,GSM615231,3,4,expanded_pam50_score,0,0.010277265462325108
GSE25055,GSM615232,3,1,expanded_pam50_score,0,0.022706940934210315
GSE25055,GSM615233,3,3,expanded_pam50_score,0,0.01227391759406889
GSE25055,GSM615234,3,3,expanded_pam50_score,0,0.23910996119893232
GSE25055,GSM615235,3,1,expanded_pam50_score,0,0.17055462898029275
GSE25055,GSM615236,3,1,expanded_pam50_score,0,0.05757197221294558
GSE25055,GSM615237,3,0,expanded_pam50_score,0,0.033023080481703576
GSE25055,GSM615238,3,3,expanded_pam50_score,0,0.08468069967519512
GSE25055,GSM615239,3,3,expanded_pam50_score,0,0.12448718477503407
GSE25055,GSM615240,3,4,expanded_pam50_score,1,0.19251684449299256
GSE25055,GSM615241,3,0,expanded_pam50_score,0,0.03428515266913667
GSE25055,GSM615242,3,0,expanded_pam50_score,1,0.4289544910980409
GSE25055,GSM615243,3,1,expanded_pam50_score,0,0.03215468218948052
GSE25055,GSM615244,3,3,expanded_pam50_score,0,0.46857901552009623
GSE25055,GSM615245,3,0,expanded_pam50_score,0,0.1189732379456356
GSE25055,GSM615246,3,1,expanded_pam50_score,0,0.10046772432569552
GSE25055,GSM615247,3,2,expanded_pam50_score,0,0.1447521409495097
GSE25055,GSM615248,3,3,expanded_pam50_score,0,0.254173818264954
GSE25055,GSM615249,3,4,expanded_pam50_score,0,0.03362220993919854
GSE25055,GSM615250,3,2,expanded_pam50_score,0,0.5710423349040835
GSE25055,GSM615251,3,4,expanded_pam50_score,0,0.513964864256124
GSE25055,GSM615252,3,2,expanded_pam50_score,0,0.007597775936396125
GSE25055,GSM615253,3,4,expanded_pam50_score,0,0.07252844740681746
GSE25055,GSM615254,3,2,expanded_pam50_score,0,0.01955575065805786
GSE25055,GSM615255,3,3,expanded_pam50_score,0,0.2509309714139209
GSE25055,GSM615256,3,4,expanded_pam50_score,1,0.07782953033223242
GSE25055,GSM615257,3,0,expanded_pam50_score,0,0.01120197535583097
GSE25055,GSM615258,3,2,expanded_pam50_score,0,0.07152385605554615
GSE25055,GSM615259,3,1,expanded_pam50_score,0,0.024062322240260337
GSE25055,GSM615260,3,3,expanded_pam50_score,0,0.544630426638686
GSE25055,GSM615261,3,0,expanded_pam50_score,0,0.060064586428486236
GSE25055,GSM615262,3,2,expanded_pam50_score,0,0.005274786013483586
GSE25055,GSM615263,3,3,expanded_pam50_score,1,0.17905522392002468
GSE25055,GSM615264,3,2,expanded_pam50_score,1,0.20661234589474478
GSE25055,GSM615265,3,2,expanded_pam50_score,0,0.23019508297157457
GSE25055,GSM615266,3,0,expanded_pam50_score,0,0.043159482406351334
GSE25055,GSM615267,3,2,expanded_pam50_score,0,0.05726076051650461
GSE25055,GSM615268,3,3,expanded_pam50_score,0,0.057021406959056255
GSE25055,GSM615269,3,1,expanded_pam50_score,0,0.06290226015402073
GSE25055,GSM615270,3,1,expanded_pam50_score,1,0.42614375686304384
GSE25055,GSM615271,3,1,expanded_pam50_score,0,0.1524097357687376
GSE25055,GSM615272,3,3,expanded_pam50_score,0,0.04480348547819005
GSE25055,GSM615273,3,1,expanded_pam50_score,0,0.07171237435199349
GSE25055,GSM615274,3,2,expanded_pam50_score,0,0.18040955314346843
GSE25055,GSM615275,3,4,expanded_pam50_score,0,0.24195715236773244
GSE25055,GSM615276,3,2,expanded_pam50_score,0,0.21901679182799877
GSE25055,GSM615277,3,2,expanded_pam50_score,0,0.0314237273880946
GSE25055,GSM615278,3,3,expanded_pam50_score,0,0.10366388605332978
GSE25055,GSM615279,3,0,expanded_pam50_score,0,0.04788805127952831
GSE25055,GSM615280,3,0,expanded_pam50_score,1,0.07750203689691926
GSE25055,GSM615281,3,4,expanded_pam50_score,0,0.049055766668251746
GSE25055,GSM615282,3,3,expanded_pam50_score,0,0.0437195837573511
GSE25055,GSM615283,3,3,expanded_pam50_score,0,0.12061437793741542
GSE25055,GSM615284,3,1,expanded_pam50_score,1,0.29673412464327986
GSE25055,GSM615285,3,1,expanded_pam50_score,0,0.05827687415328801
GSE25055,GSM615286,3,3,expanded_pam50_score,0,0.15510148097065662
GSE25055,GSM615287,3,4,expanded_pam50_score,0,0.30057454839068193
GSE25055,GSM615288,3,3,expanded_pam50_score,0,0.5887426131902505
GSE25055,GSM615289,3,1,expanded_pam50_score,0,0.14898843516889676
GSE25055,GSM615290,3,4,expanded_pam50_score,0,0.10956643769234953
GSE25055,GSM615291,3,3,expanded_pam50_score,1,0.43904856815243476
GSE25055,GSM615292,3,4,expanded_pam50_score,0,0.03241778615956666
GSE25055,GSM615293,3,3,expanded_pam50_score,1,0.6618039501947915
GSE25055,GSM615294,3,2,expanded_pam50_score,0,0.2989196000366887
GSE25055,GSM615295,3,2,expanded_pam50_score,0,0.14236696991452738
GSE25055,GSM615296,3,1,expanded_pam50_score,0,0.03673517238261689
GSE25055,GSM615297,3,0,expanded_pam50_score,0,0.509217200028621
GSE25055,GSM615298,3,3,expanded_pam50_score,0,0.06199976199628914
GSE25055,GSM615299,3,2,expanded_pam50_score,0,0.019007692165231845
GSE25055,GSM615300,3,2,expanded_pam50_score,1,0.24552160561116837
GSE25055,GSM615301,3,3,expanded_pam50_score,0,0.2225978775156145
GSE25055,GSM615302,3,1,expanded_pam50_score,0,0.11009912770529574
GSE25055,GSM615303,3,0,expanded_pam50_score,0,0.24151585919179497
GSE25055,GSM615304,3,2,expanded_pam50_score,0,0.07665449058068524
GSE25055,GSM615305,3,2,expanded_pam50_score,0,0.035625160525088635
GSE25055,GSM615306,3,1,expanded_pam50_score,0,0.024109786387571976
GSE25055,GSM615307,3,1,expanded_pam50_score,1,0.7054998646752425
GSE25055,GSM615308,3,3,expanded_pam50_score,0,0.11656244552434313
GSE25055,GSM615309,3,4,expanded_pam50_score,0,0.018241127112592605
GSE25055,GSM615310,3,0,expanded_pam50_score,1,0.2788860188239699
GSE25055,GSM615311,3,1,expanded_pam50_score,0,0.029608462703979113
GSE25055,GSM615312,3,4,expanded_pam50_score,0,0.2359280354203783
GSE25055,GSM615313,3,4,expanded_pam50_score,0,0.05411262938007217
GSE25055,GSM615314,3,2,expanded_pam50_score,0,0.010551142776472679
GSE25055,GSM615315,3,1,expanded_pam50_score,0,0.4381082662530232
GSE25055,GSM615316,3,0,expanded_pam50_score,0,0.028561766196607722
GSE25055,GSM615317,3,2,expanded_pam50_score,0,0.45998682120755696
GSE25055,GSM615318,3,1,expanded_pam50_score,0,0.026796551416585893
GSE25055,GSM615319,3,4,expanded_pam50_score,0,0.26572554958054245
GSE25055,GSM615320,3,0,expanded_pam50_score,0,0.6006957353209049
GSE25055,GSM615321,3,2,expanded_pam50_score,0,0.3996945622789409
GSE25055,GSM615322,3,3,expanded_pam50_score,0,0.29915810835068785
GSE25055,GSM615323,3,0,expanded_pam50_score,0,0.17742124813439722
GSE25055,GSM615324,3,1,expanded_pam50_score,1,0.657307142259592
GSE25055,GSM615325,3,1,expanded_pam50_score,1,0.5895088470678079
GSE25055,GSM615326,3,2,expanded_pam50_score,0,0.4054817584303563
GSE25055,GSM615327,3,2,expanded_pam50_score,0,0.2658015066226498
GSE25055,GSM615328,3,4,expanded_pam50_score,0,0.008392299480745642
GSE25055,GSM615329,3,4,expanded_pam50_score,0,0.014560865311975736
GSE25055,GSM615330,3,3,expanded_pam50_score,0,0.20551542343722579
GSE25055,GSM615331,3,2,expanded_pam50_score,1,0.060803165373664696
GSE25055,GSM615332,3,3,expanded_pam50_score,0,0.12389705136773757
GSE25055,GSM615333,3,4,expanded_pam50_score,0,0.26500477995442795
GSE25055,GSM615334,3,0,expanded_pam50_score,1,0.5166691338827154
GSE25055,GSM615335,3,3,expanded_pam50_score,0,0.4766607290906694
GSE25055,GSM615336,3,4,expanded_pam50_score,1,0.5806092431843589
GSE25055,GSM615337,3,0,expanded_pam50_score,0,0.05693431934515027
GSE25055,GSM615338,3,2,expanded_pam50_score,1,0.3318553543073113
GSE25055,GSM615339,3,0,expanded_pam50_score,0,0.022385750814990966
GSE25055,GSM615340,3,3,expanded_pam50_score,0,0.07514292210262419
GSE25055,GSM615341,3,2,expanded_pam50_score,0,0.016018437380807958
GSE25055,GSM615342,3,2,expanded_pam50_score,0,0.0899598653691268
GSE25055,GSM615343,3,4,expanded_pam50_score,0,0.14934750028821908
GSE25055,GSM615344,3,3,expanded_pam50_score,0,0.2455749652501535
GSE25055,GSM615345,3,4,expanded_pam50_score,0,0.06466134788199696
GSE25055,GSM615346,3,1,expanded_pam50_score,0,0.46980983785073577
GSE25055,GSM615347,3,0,expanded_pam50_score,0,0.3103581428432242
GSE25055,GSM615348,3,2,expanded_pam50_score,0,0.3806161458909857
GSE25055,GSM615349,3,1,expanded_pam50_score,0,0.03981782900904055
GSE25055,GSM615350,3,1,expanded_pam50_score,0,0.15231485428901687
GSE25055,GSM615351,3,3,expanded_pam50_score,0,0.0165217554654817
GSE25055,GSM615352,3,3,expanded_pam50_score,0,0.010734397468059325
GSE25055,GSM615353,3,4,expanded_pam50_score,1,0.09550231777558257
GSE25055,GSM615354,3,2,expanded_pam50_score,1,0.1943588033336292
GSE25055,GSM615355,3,3,expanded_pam50_score,0,0.05151372106164391
GSE25055,GSM615356,3,1,expanded_pam50_score,0,0.2709729015171795
GSE25055,GSM615357,3,0,expanded_pam50_score,1,0.5151283497493551
GSE25055,GSM615358,3,2,expanded_pam50_score,0,0.012819001659703922
GSE25055,GSM615359,3,3,expanded_pam50_score,1,0.32907615260401657
GSE25055,GSM615360,3,1,expanded_pam50_score,0,0.039123654608244574
GSE25055,GSM615361,3,4,expanded_pam50_score,0,0.15572614158224676
GSE25055,GSM615362,3,4,expanded_pam50_score,0,0.010554877670343372
GSE25055,GSM615363,3,4,expanded_pam50_score,0,0.2666652274214006
GSE25055,GSM615364,3,2,expanded_pam50_score,0,0.5493029616375255
GSE25055,GSM615365,3,0,expanded_pam50_score,0,0.04117494264688808
GSE25055,GSM615366,3,2,expanded_pam50_score,0,0.0065545855731183175
GSE25055,GSM615367,3,0,expanded_pam50_score,0,0.06551298122121323
GSE25055,GSM615368,3,4,expanded_pam50_score,0,0.7202312379265068
GSE25055,GSM615369,3,4,expanded_pam50_score,0,0.285309717331413
GSE25055,GSM615370,3,0,expanded_pam50_score,0,0.06776193146923715
GSE25055,GSM615371,3,1,expanded_pam50_score,1,0.28517421149621563
GSE25055,GSM615372,3,2,expanded_pam50_score,0,0.4410636538851045
GSE25055,GSM615373,3,1,expanded_pam50_score,0,0.14579609759100703
GSE25055,GSM615374,3,2,expanded_pam50_score,0,0.0023612714334730325
GSE25055,GSM615375,3,1,expanded_pam50_score,1,0.422321658531455
GSE25055,GSM615376,3,1,expanded_pam50_score,0,0.14899428899629077
GSE25055,GSM615377,3,4,expanded_pam50_score,0,0.0037161451880699586
GSE25055,GSM615378,3,4,expanded_pam50_score,0,0.4474209508945638
GSE25055,GSM615379,3,4,expanded_pam50_score,1,0.12359351409911634
GSE25055,GSM615380,3,1,expanded_pam50_score,0,0.5134776395680316
GSE25055,GSM615381,3,0,expanded_pam50_score,0,0.019245847387347515
GSE25055,GSM615382,3,4,expanded_pam50_score,0,0.1512681113298566
GSE25055,GSM615383,3,4,expanded_pam50_score,1,0.011720645457334582
GSE25055,GSM615384,3,0,expanded_pam50_score,0,0.247102949810576
GSE25055,GSM615385,3,1,expanded_pam50_score,0,0.09783539884319986
GSE25055,GSM615386,3,1,expanded_pam50_score,0,0.020872273991734143
GSE25055,GSM615387,3,0,expanded_pam50_score,0,0.3681650945171104
GSE25055,GSM615388,3,1,expanded_pam50_score,0,0.03574984877288526
GSE25055,GSM615389,3,3,expanded_pam50_score,0,0.04038862868773645
GSE25055,GSM615390,3,0,expanded_pam50_score,0,0.5132343961304142
GSE25055,GSM615391,3,2,expanded_pam50_score,0,0.031814816723994256
GSE25055,GSM615392,3,0,expanded_pam50_score,0,0.3003410725050096
GSE25055,GSM615393,3,2,expanded_pam50_score,1,0.20549958754229572
GSE25055,GSM615394,3,0,expanded_pam50_score,1,0.24502639247703076
GSE25055,GSM615395,3,2,expanded_pam50_score,0,0.01140794460099871
GSE25055,GSM615396,3,4,expanded_pam50_score,1,0.4372491257462049
GSE25055,GSM615397,3,3,expanded_pam50_score,1,0.26489099582926917
GSE25055,GSM615398,3,2,expanded_pam50_score,0,0.1005079652286019
GSE25055,GSM615399,3,3,expanded_pam50_score,0,0.03260135500879071
GSE25055,GSM615400,3,2,expanded_pam50_score,0,0.009682777147132967
GSE25055,GSM615401,3,1,expanded_pam50_score,0,0.09499305035922119
GSE25055,GSM615402,3,4,expanded_pam50_score,0,0.01166415900711203
GSE25055,GSM615403,3,2,expanded_pam50_score,0,0.13383231550342078
GSE25055,GSM615404,3,3,expanded_pam50_score,0,0.11903257098003704
GSE25055,GSM615405,3,2,expanded_pam50_score,0,0.41401343402851126
GSE25055,GSM615096,4,4,expanded,0,0.06565518089583283
GSE25055,GSM615097,4,4,expanded,0,0.037148930550746626
GSE25055,GSM615098,4,0,expanded,0,0.2852311663974729
GSE25055,GSM615099,4,4,expanded,1,0.46954918070058727
GSE25055,GSM615100,4,0,expanded,0,0.030965137383862897
GSE25055,GSM615101,4,3,expanded,0,0.25654371620847094
GSE25055,GSM615102,4,1,expanded,0,0.39849529472669143
GSE25055,GSM615104,4,0,expanded,0,0.3871517850790852
GSE25055,GSM615106,4,0,expanded,0,0.36299793140291825
GSE25055,GSM615107,4,0,expanded,0,0.4359215607591883
GSE25055,GSM615108,4,3,expanded,0,0.11664302949929277
GSE25055,GSM615109,4,1,expanded,0,0.3130849140108304
GSE25055,GSM615111,4,2,expanded,0,0.2546765192987148
GSE25055,GSM615112,4,4,expanded,0,0.2658641061226098
GSE25055,GSM615113,4,3,expanded,0,0.4233693451608965
GSE25055,GSM615114,4,3,expanded,0,0.04514876829637702
GSE25055,GSM615115,4,3,expanded,0,0.09173251412249347
GSE25055,GSM615116,4,3,expanded,0,0.31589689109738045
GSE25055,GSM615117,4,3,expanded,0,0.13174398475481433
GSE25055,GSM615120,4,3,expanded,0,0.009084896802020511
GSE25055,GSM615121,4,2,expanded,0,0.09244815208045047
GSE25055,GSM615122,4,0,expanded,1,0.03398582419458354
GSE25055,GSM615123,4,2,expanded,1,0.05001616074019367
GSE25055,GSM615124,4,4,expanded,0,0.017957822386385134
GSE25055,GSM615125,4,0,expanded,0,0.023480667658165616
GSE25055,GSM615126,4,1,expanded,0,0.06500604642842783
GSE25055,GSM615127,4,0,expanded,0,0.030086602485625648
GSE25055,GSM615128,4,4,expanded,0,0.07285572417318655
GSE25055,GSM615129,4,0,expanded,0,0.11100182456171488
GSE25055,GSM615130,4,1,expanded,0,0.04086645778783661
GSE25055,GSM615131,4,3,expanded,0,0.09958743181820803
GSE25055,GSM615132,4,2,expanded,0,0.04052175553843299
GSE25055,GSM615133,4,4,expanded,0,0.013361164024381027
GSE25055,GSM615134,4,3,expanded,0,0.013918032864572483
GSE25055,GSM615135,4,3,expanded,0,0.37861556134234303
GSE25055,GSM615136,4,1,expanded,0,0.3072973719890747
GSE25055,GSM615137,4,2,expanded,1,0.09483389301464146
GSE25055,GSM615138,4,0,expanded,0,0.060665406020549054
GSE25055,GSM615139,4,1,expanded,1,0.3828379354739958
GSE25055,GSM615140,4,3,expanded,1,0.12950212492696347
GSE25055,GSM615142,4,0,expanded,0,0.07297598436480962
GSE25055,GSM615143,4,0,expanded,1,0.24015371859987053
GSE25055,GSM615144,4,4,expanded,0,0.036507670978870185
GSE25055,GSM615145,4,3,expanded,0,0.3121545161039434
GSE25055,GSM615146,4,2,expanded,1,0.3950493723972874
GSE25055,GSM615147,4,0,expanded,0,0.06072017553090443
GSE25055,GSM615148,4,1,expanded,0,0.41211909615082937
GSE25055,GSM615149,4,2,expanded,0,0.35457795301610007
GSE25055,GSM615150,4,4,expanded,0,0.03818574584435474
GSE25055,GSM615151,4,2,expanded,0,0.2949470783049507
GSE25055,GSM615153,4,3,expanded,0,0.028368306612947296
GSE25055,GSM615154,4,0,expanded,1,0.5450435258532739
GSE25055,GSM615155,4,1,expanded,0,0.11393958048962068
GSE25055,GSM615156,4,2,expanded,0,0.4675078246583405
GSE25055,GSM615157,4,1,expanded,0,0.10727825003400132
GSE25055,GSM615158,4,3,expanded,0,0.011722645469688386
GSE25055,GSM615159,4,0,expanded,0,0.35362420837265374
GSE25055,GSM615160,4,2,expanded,0,0.3849807372721936
GSE25055,GSM615162,4,1,expanded,0,0.025275505589358985
GSE25055,GSM615164,4,1,expanded,1,0.320491986026693
GSE25055,GSM615165,4,0,expanded,0,0.04665018809280711
GSE25055,GSM615166,4,2,expanded,0,0.033106752999354304
GSE25055,GSM615167,4,3,expanded,1,0.1800870836510894
GSE25055,GSM615168,4,3,expanded,0,0.1523573025117459
GSE25055,GSM615169,4,0,expanded,0,0.3806507090913689
GSE25055,GSM615170,4,2,expanded,0,0.029806199566413498
GSE25055,GSM615171,4,3,expanded,1,0.4225213190981941
GSE25055,GSM615172,4,3,expanded,0,0.04177969864001556
GSE25055,GSM615173,4,1,expanded,0,0.15936872792263865
GSE25055,GSM615174,4,2,expanded,0,0.08022533610197612
GSE25055,GSM615175,4,0,expanded,1,0.2769003517411651
GSE25055,GSM615176,4,0,expanded,0,0.003930398743214622
GSE25055,GSM615177,4,2,expanded,0,0.04981823643471776
GSE25055,GSM615178,4,0,expanded,0,0.3861743516822462
GSE25055,GSM615179,4,3,expanded,0,0.04357764862261051
GSE25055,GSM615180,4,1,expanded,0,0.0495739495969837
GSE25055,GSM615181,4,0,expanded,1,0.3741921448335775
GSE25055,GSM615182,4,3,expanded,0,0.33968853311727454
GSE25055,GSM615183,4,4,expanded,0,0.0705817217476443
GSE25055,GSM615184,4,4,expanded,0,0.3236876657449994
GSE25055,GSM615185,4,1,expanded,0,0.31778712016078103
GSE25055,GSM615186,4,4,expanded,1,0.013082096650247874
GSE25055,GSM615187,4,0,expanded,0,0.014351430675291342
GSE25055,GSM615188,4,4,expanded,0,0.12973230528042778
GSE25055,GSM615189,4,4,expanded,0,0.28993977484341976
GSE25055,GSM615190,4,1,expanded,0,0.4049962200788164
GSE25055,GSM615191,4,1,expanded,1,0.33386374127232765
GSE25055,GSM615192,4,4,expanded,0,0.04511495481302179
GSE25055,GSM615193,4,1,expanded,1,0.4500554563286407
GSE25055,GSM615194,4,4,expanded,1,0.40664082692325565
GSE25055,GSM615195,4,4,expanded,0,0.32016454330678845
GSE25055,GSM615196,4,3,expanded,0,0.13675877966320552
GSE25055,GSM615197,4,4,expanded,0,0.3413529059622994
GSE25055,GSM615198,4,0,expanded,0,0.01757926400500305
GSE25055,GSM615199,4,1,expanded,0,0.07594830880660572
GSE25055,GSM615200,4,0,expanded,0,0.21704083880178585
GSE25055,GSM615201,4,0,expanded,1,0.09962809396659489
GSE25055,GSM615202,4,3,expanded,1,0.361032144599421
GSE25055,GSM615203,4,3,expanded,0,0.02571903304452269
GSE25055,GSM615204,4,1,expanded,0,0.05900160423924501
GSE25055,GSM615205,4,1,expanded,0,0.06805263712306263
GSE25055,GSM615206,4,2,expanded,0,0.04023425785491755
GSE25055,GSM615207,4,4,expanded,0,0.0537333919992053
GSE25055,GSM615208,4,0,expanded,0,0.024040875397323608
GSE25055,GSM615209,4,1,expanded,1,0.3844369125403698
GSE25055,GSM615210,4,2,expanded,0,0.04575186272798189
GSE25055,GSM615211,4,3,expanded,1,0.4455624632257853
GSE25055,GSM615212,4,4,expanded,1,0.4021990548967188
GSE25055,GSM615213,4,2,expanded,1,0.3152528317076575
GSE25055,GSM615214,4,4,expanded,0,0.06255235436784033
GSE25055,GSM615215,4,3,expanded,1,0.4199799986941049
GSE25055,GSM615216,4,2,expanded,0,0.043544961669634744
GSE25055,GSM615217,4,1,expanded,0,0.04083650966175284
GSE25055,GSM615218,4,2,expanded,0,0.2339269516540841
GSE25055,GSM615219,4,4,expanded,0,0.1180525496362393
GSE25055,GSM615220,4,2,expanded,0,0.05131372639072676
GSE25055,GSM615221,4,1,expanded,0,0.09996348983133181
GSE25055,GSM615222,4,2,expanded,0,0.039306719036935736
GSE25055,GSM615223,4,0,expanded,0,0.33236254106861735
GSE25055,GSM615224,4,1,expanded,0,0.04083650966175284
GSE25055,GSM615225,4,1,expanded,0,0.25642185958546465
GSE25055,GSM615226,4,3,expanded,0,0.011246215037954388
GSE25055,GSM615227,4,4,expanded,0,0.04994665588586473
GSE25055,GSM615228,4,4,expanded,0,0.3133524044927495
GSE25055,GSM615229,4,2,expanded,0,0.20480614482265624
GSE25055,GSM615230,4,2,expanded,0,0.06531550228688392
GSE25055,GSM615231,4,2,expanded,0,0.037001934683307945
GSE25055,GSM615232,4,2,expanded,0,0.03444905227632954
GSE25055,GSM615233,4,3,expanded,0,0.009998449254958942
GSE25055,GSM615234,4,1,expanded,0,0.21521913325303976
GSE25055,GSM615235,4,4,expanded,0,0.06118161030022351
GSE25055,GSM615236,4,4,expanded,0,0.1098408639108267
GSE25055,GSM615237,4,1,expanded,0,0.04748458020563974
GSE25055,GSM615238,4,4,expanded,0,0.07565949010096203
GSE25055,GSM615239,4,1,expanded,0,0.13943167359387612
GSE25055,GSM615240,4,3,expanded,1,0.40873824623248
GSE25055,GSM615241,4,3,expanded,0,0.027142107903129303
GSE25055,GSM615242,4,2,expanded,1,0.3463507063569648
GSE25055,GSM615243,4,2,expanded,0,0.04178944921781547
GSE25055,GSM615244,4,1,expanded,0,0.4734774030967976
GSE25055,GSM615245,4,3,expanded,0,0.05344220816010905
GSE25055,GSM615246,4,3,expanded,0,0.06058599123584295
GSE25055,GSM615247,4,3,expanded,0,0.21673946039861694
GSE25055,GSM615248,4,1,expanded,0,0.11548207509814028
GSE25055,GSM615249,4,4,expanded,0,0.11809032258306719
GSE25055,GSM615250,4,0,expanded,0,0.5446980711446417
GSE25055,GSM615251,4,4,expanded,0,0.4533023886440746
GSE25055,GSM615252,4,4,expanded,0,0.027137784377318747
GSE25055,GSM615253,4,3,expanded,0,0.0653175679569443
GSE25055,GSM615254,4,4,expanded,0,0.05293681584749093
GSE25055,GSM615255,4,2,expanded,0,0.3004997411884484
GSE25055,GSM615256,4,3,expanded,1,0.14131914998513767
GSE25055,GSM615257,4,2,expanded,0,0.022079833929451786
GSE25055,GSM615258,4,1,expanded,0,0.053055389050921525
GSE25055,GSM615259,4,0,expanded,0,0.015706836067916136
GSE25055,GSM615260,4,4,expanded,0,0.28623714648032605
GSE25055,GSM615261,4,4,expanded,0,0.08393242251613262
GSE25055,GSM615262,4,1,expanded,0,0.03249319006146969
GSE25055,GSM615263,4,4,expanded,1,0.19673329833797074
GSE25055,GSM615264,4,3,expanded,1,0.4213534336937552
GSE25055,GSM615265,4,0,expanded,0,0.41876605776710907
GSE25055,GSM615266,4,0,expanded,0,0.009960394491904688
GSE25055,GSM615267,4,4,expanded,0,0.0698354140811891
GSE25055,GSM615268,4,2,expanded,0,0.07139837916048695
GSE25055,GSM615269,4,1,expanded,0,0.07284437451360994
GSE25055,GSM615270,4,2,expanded,1,0.3047372509864053
GSE25055,GSM615271,4,4,expanded,0,0.05829876988031923
GSE25055,GSM615272,4,3,expanded,0,0.039659874529989474
GSE25055,GSM615273,4,2,expanded,0,0.05271769265826808
GSE25055,GSM615274,4,1,expanded,0,0.06469425193775019
GSE25055,GSM615275,4,0,expanded,0,0.07300453801093996
GSE25055,GSM615276,4,3,expanded,0,0.32142905387589166
GSE25055,GSM615277,4,1,expanded,0,0.05901133888621239
GSE25055,GSM615278,4,0,expanded,0,0.07404422523141037
GSE25055,GSM615279,4,1,expanded,0,0.05901133888621239
GSE25055,GSM615280,4,2,expanded,1,0.05910267600469664
GSE25055,GSM615281,4,2,expanded,0,0.06302252825502876
GSE25055,GSM615282,4,3,expanded,0,0.028074828198954866
GSE25055,GSM615283,4,4,expanded,0,0.05905292305142389
GSE25055,GSM615284,4,4,expanded,1,0.2346772524995022
GSE25055,GSM615285,4,2,expanded,0,0.0594473545900062
GSE25055,GSM615286,4,3,expanded,0,0.05194782717347902
GSE25055,GSM615287,4,1,expanded,0,0.1850453213766705
GSE25055,GSM615288,4,3,expanded,0,0.5238705205979514
GSE25055,GSM615289,4,4,expanded,0,0.056095418246177656
GSE25055,GSM615290,4,1,expanded,0,0.03011796788829317
GSE25055,GSM615291,4,4,expanded,1,0.37899514591453115
GSE25055,GSM615292,4,2,expanded,0,0.05372948026599755
GSE25055,GSM615293,4,4,expanded,1,0.5195597141192544
GSE25055,GSM615294,4,2,expanded,0,0.08406477855594142
GSE25055,GSM615295,4,4,expanded,0,0.22384779991839082
GSE25055,GSM615296,4,4,expanded,0,0.02424196641017364
GSE25055,GSM615297,4,1,expanded,0,0.373825772573264
GSE25055,GSM615298,4,2,expanded,0,0.06134058323066462
GSE25055,GSM615299,4,3,expanded,0,0.06477095654221264
GSE25055,GSM615300,4,2,expanded,1,0.376217007082262
GSE25055,GSM615301,4,3,expanded,0,0.2324135013692315
GSE25055,GSM615302,4,3,expanded,0,0.05608884860724955
GSE25055,GSM615303,4,4,expanded,0,0.17510629145908568
GSE25055,GSM615304,4,2,expanded,0,0.08408339499851264
GSE25055,GSM615305,4,1,expanded,0,0.12310826984917683
GSE25055,GSM615306,4,0,expanded,0,0.018728272927278168
GSE25055,GSM615307,4,2,expanded,1,0.4990869861613808
GSE25055,GSM615308,4,4,expanded,0,0.15660234068114334
GSE25055,GSM615309,4,3,expanded,0,0.08804201378586621
GSE25055,GSM615310,4,2,expanded,1,0.07685046396865525
GSE25055,GSM615311,4,0,expanded,0,0.032012888496467544
GSE25055,GSM615312,4,1,expanded,0,0.1517673662103134
GSE25055,GSM615313,4,3,expanded,0,0.017831950936082672
GSE25055,GSM615314,4,0,expanded,0,0.022989126788611695
GSE25055,GSM615315,4,3,expanded,0,0.30000576449881944
GSE25055,GSM615316,4,2,expanded,0,0.07400744879525563
GSE25055,GSM615317,4,3,expanded,0,0.4115402348368076
GSE25055,GSM615318,4,3,expanded,0,0.03444516906949585
GSE25055,GSM615319,4,4,expanded,0,0.35995873317321975
GSE25055,GSM615320,4,0,expanded,0,0.5495835968662306
GSE25055,GSM615321,4,0,expanded,0,0.49248361177648015
GSE25055,GSM615322,4,0,expanded,0,0.25159896007868854
GSE25055,GSM615323,4,1,expanded,0,0.3932873233782086
GSE25055,GSM615324,4,1,expanded,1,0.48472750489061345
GSE25055,GSM615325,4,1,expanded,1,0.5185250725271636
GSE25055,GSM615326,4,1,expanded,0,0.12938170139443084
GSE25055,GSM615327,4,3,expanded,0,0.2930614095005227
GSE25055,GSM615328,4,0,expanded,0,0.015244812472702617
GSE25055,GSM615329,4,0,expanded,0,0.025165107821808995
GSE25055,GSM615330,4,2,expanded,0,0.2656849001715636
GSE25055,GSM615331,4,2,expanded,1,0.05631723140268777
GSE25055,GSM615332,4,2,expanded,0,0.05432179268892293
GSE25055,GSM615333,4,4,expanded,0,0.18529110652320854
GSE25055,GSM615334,4,0,expanded,1,0.31235305230956195
GSE25055,GSM615335,4,0,expanded,0,0.4867597361374412
GSE25055,GSM615336,4,4,expanded,1,0.42812723299869576
GSE25055,GSM615337,4,2,expanded,0,0.05475956412784642
GSE25055,GSM615338,4,1,expanded,1,0.37911688671024957
GSE25055,GSM615339,4,3,expanded,0,0.04262234017608576
GSE25055,GSM615340,4,4,expanded,0,0.1091574754257753
GSE25055,GSM615341,4,0,expanded,0,0.03917545165700511
GSE25055,GSM615342,4,3,expanded,0,0.1658452846606048
GSE25055,GSM615343,4,2,expanded,0,0.13634639388498837
GSE25055,GSM615344,4,0,expanded,0,0.44687309925380797
GSE25055,GSM615345,4,2,expanded,0,0.27347147453086107
GSE25055,GSM615346,4,4,expanded,0,0.4634471949847246
GSE25055,GSM615347,4,1,expanded,0,0.23620330098734585
GSE25055,GSM615348,4,4,expanded,0,0.37147112855752507
GSE25055,GSM615349,4,0,expanded,0,0.020573561861373497
GSE25055,GSM615350,4,3,expanded,0,0.3206982154918953
GSE25055,GSM615351,4,4,expanded,0,0.012936994656427205
GSE25055,GSM615352,4,1,expanded,0,0.01642404346600466
GSE25055,GSM615353,4,1,expanded,1,0.16487970970375493
GSE25055,GSM615354,4,0,expanded,1,0.23031651960040142
GSE25055,GSM615355,4,0,expanded,0,0.022004815701055846
GSE25055,GSM615356,4,4,expanded,0,0.4269879371343482
GSE25055,GSM615357,4,4,expanded,1,0.40824532592368834
GSE25055,GSM615358,4,4,expanded,0,0.017757311327372027
GSE25055,GSM615359,4,0,expanded,1,0.25593650823506425
GSE25055,GSM615360,4,2,expanded,0,0.04792334008741646
GSE25055,GSM615361,4,1,expanded,0,0.15161141855975796
GSE25055,GSM615362,4,0,expanded,0,0.005614061147709021
GSE25055,GSM615363,4,0,expanded,0,0.4246065648638428
GSE25055,GSM615364,4,1,expanded,0,0.5062831807364684
GSE25055,GSM615365,4,1,expanded,0,0.044692462942106624
GSE25055,GSM615366,4,0,expanded,0,0.011601914825706801
GSE25055,GSM615367,4,3,expanded,0,0.11380927621017002
GSE25055,GSM615368,4,0,expanded,0,0.6162959799661676
GSE25055,GSM615369,4,3,expanded,0,0.403152188514633
GSE25055,GSM615370,4,3,expanded,0,0.05431991231172218
GSE25055,GSM615371,4,0,expanded,1,0.3966451637996333
GSE25055,GSM615372,4,1,expanded,0,0.47812182072894505
GSE25055,GSM615373,4,2,expanded,0,0.08201863372308162
GSE25055,GSM615374,4,1,expanded,0,0.013343048225262468
GSE25055,GSM615375,4,0,expanded,1,0.21463888766640007
GSE25055,GSM615376,4,2,expanded,0,0.32826370923311526
GSE25055,GSM615377,4,2,expanded,0,0.01996958279291398
GSE25055,GSM615378,4,4,expanded,0,0.4685315008909253
GSE25055,GSM615379,4,3,expanded,1,0.2324135013692315
GSE25055,GSM615380,4,0,expanded,0,0.4235728699723273
GSE25055,GSM615381,4,2,expanded,0,0.02820678540692893
GSE25055,GSM615382,4,0,expanded,0,0.3034927813053943
GSE25055,GSM615383,4,0,expanded,1,0.02011704021087274
GSE25055,GSM615384,4,0,expanded,0,0.33236254106861735
GSE25055,GSM615385,4,1,expanded,0,0.24989594995587475
GSE25055,GSM615386,4,3,expanded,0,0.046318057562608254
GSE25055,GSM615387,4,4,expanded,0,0.483819458706584
GSE25055,GSM615388,4,1,expanded,0,0.04157215909699247
GSE25055,GSM615389,4,2,expanded,0,0.050842921770723505
GSE25055,GSM615390,4,1,expanded,0,0.43896776480980554
GSE25055,GSM615391,4,1,expanded,0,0.047850363503112475
GSE25055,GSM615392,4,0,expanded,0,0.19974710975350093
GSE25055,GSM615393,4,1,expanded,1,0.39422286093933023
GSE25055,GSM615394,4,1,expanded,1,0.27924627283631936
GSE25055,GSM615395,4,0,expanded,0,0.029622218703382015
GSE25055,GSM615396,4,4,expanded,1,0.4065533050620484
GSE25055,GSM615397,4,3,expanded,1,0.14461052515967618
GSE25055,GSM615398,4,2,expanded,0,0.036314474748786796
GSE25055,GSM615399,4,2,expanded,0,0.035597272616147785
GSE25055,GSM615400,4,2,expanded,0,0.024168399035463826
GSE25055,GSM615401,4,4,expanded,0,0.06384895533671114
GSE25055,GSM615402,4,3,expanded,0,0.02496413360389052
GSE25055,GSM615403,4,2,expanded,0,0.1983433499069439
GSE25055,GSM615404,4,4,expanded,0,0.12241294995083365
GSE25055,GSM615405,4,2,expanded,0,0.22680732889518843
GSE25055,GSM615096,4,4,expanded_score,0,0.04772038749206774
GSE25055,GSM615097,4,4,expanded_score,0,0.02572781038270364
GSE25055,GSM615098,4,0,expanded_score,0,0.3208612262666935
GSE25055,GSM615099,4,4,expanded_score,1,0.6036208174236379
GSE25055,GSM615100,4,0,expanded_score,0,0.05181985131460009
GSE25055,GSM615101,4,3,expanded_score,0,0.33970111715894746
GSE25055,GSM615102,4,1,expanded_score,0,0.4396535961830882
GSE25055,GSM615104,4,0,expanded_score,0,0.3218756264765413
GSE25055,GSM615106,4,0,expanded_score,0,0.22556441005480288
GSE25055,GSM615107,4,0,expanded_score,0,0.4476235941860017
GSE25055,GSM615108,4,3,expanded_score,0,0.11899103632566248
GSE25055,GSM615109,4,1,expanded_score,0,0.4260660994046293
GSE25055,GSM615111,4,2,expanded_score,0,0.18422446519069688
GSE25055,GSM615112,4,4,expanded_score,0,0.31619268884899754
GSE25055,GSM615113,4,3,expanded_score,0,0.4335347289617156
GSE25055,GSM615114,4,3,expanded_score,0,0.03329265378914474
GSE25055,GSM615115,4,3,expanded_score,0,0.09797676157583671
GSE25055,GSM615116,4,3,expanded_score,0,0.16492678232427407
GSE25055,GSM615117,4,3,expanded_score,0,0.26578873113322904
GSE25055,GSM615120,4,3,expanded_score,0,0.008315216894336218
GSE25055,GSM615121,4,2,expanded_score,0,0.05819006892641295
GSE25055,GSM615122,4,0,expanded_score,1,0.02008475060456386
GSE25055,GSM615123,4,2,expanded_score,1,0.0978547268497556
GSE25055,GSM615124,4,4,expanded_score,0,0.020808667641858736
GSE25055,GSM615125,4,0,expanded_score,0,0.014935055688259601
GSE25055,GSM615126,4,1,expanded_score,0,0.06357819022588318
GSE25055,GSM615127,4,0,expanded_score,0,0.03645113785139115
GSE25055,GSM615128,4,4,expanded_score,0,0.04137077029724462
GSE25055,GSM615129,4,0,expanded_score,0,0.06742071383496699
GSE25055,GSM615130,4,1,expanded_score,0,0.03183805098995564
GSE25055,GSM615131,4,3,expanded_score,0,0.0711159280674324
GSE25055,GSM615132,4,2,expanded_score,0,0.0364455215973148
GSE25055,GSM615133,4,4,expanded_score,0,0.013317052356944453
GSE25055,GSM615134,4,3,expanded_score,0,0.011257646610374468
GSE25055,GSM615135,4,3,expanded_score,0,0.24933578077627577
GSE25055,GSM615136,4,1,expanded_score,0,0.3556212862777511
GSE25055,GSM615137,4,2,expanded_score,1,0.08914867930215933
GSE25055,GSM615138,4,0,expanded_score,0,0.05968801102413233
GSE25055,GSM615139,4,1,expanded_score,1,0.6015502537561462
GSE25055,GSM615140,4,3,expanded_score,1,0.15603418490313165
GSE25055,GSM615142,4,0,expanded_score,0,0.048138689059512234
GSE25055,GSM615143,4,0,expanded_score,1,0.21230651085610183
GSE25055,GSM615144,4,4,expanded_score,0,0.036369682567632074
GSE25055,GSM615145,4,3,expanded_score,0,0.6212881867174054
GSE25055,GSM615146,4,2,expanded_score,1,0.38279920346237284
GSE25055,GSM615147,4,0,expanded_score,0,0.041416710412102695
GSE25055,GSM615148,4,1,expanded_score,0,0.389433215806101
GSE25055,GSM615149,4,2,expanded_score,0,0.2846904931339108
GSE25055,GSM615150,4,4,expanded_score,0,0.024089604557826414
GSE25055,GSM615151,4,2,expanded_score,0,0.37354216561903786
GSE25055,GSM615153,4,3,expanded_score,0,0.04174068921892096
GSE25055,GSM615154,4,0,expanded_score,1,0.44196248562003304
GSE25055,GSM615155,4,1,expanded_score,0,0.16254687958929354
GSE25055,GSM615156,4,2,expanded_score,0,0.37645732390992603
GSE25055,GSM615157,4,1,expanded_score,0,0.06540276311003793
GSE25055,GSM615158,4,3,expanded_score,0,0.01543105615338781
GSE25055,GSM615159,4,0,expanded_score,0,0.15932158322109877
GSE25055,GSM615160,4,2,expanded_score,0,0.34541935277611985
GSE25055,GSM615162,4,1,expanded_score,0,0.019462524718524714
GSE25055,GSM615164,4,1,expanded_score,1,0.48890870125184976
GSE25055,GSM615165,4,0,expanded_score,0,0.04188618708959148
GSE25055,GSM615166,4,2,expanded_score,0,0.04837040578063559
GSE25055,GSM615167,4,3,expanded_score,1,0.08190643608522344
GSE25055,GSM615168,4,3,expanded_score,0,0.06469426233708032
GSE25055,GSM615169,4,0,expanded_score,0,0.3811733831241169
GSE25055,GSM615170,4,2,expanded_score,0,0.023743544353953237
GSE25055,GSM615171,4,3,expanded_score,1,0.26021073305137216
GSE25055,GSM615172,4,3,expanded_score,0,0.0313038748096851
GSE25055,GSM615173,4,1,expanded_score,0,0.08801956563869963
GSE25055,GSM615174,4,2,expanded_score,0,0.07468154192548794
GSE25055,GSM615175,4,0,expanded_score,1,0.3287975699329437
GSE25055,GSM615176,4,0,expanded_score,0,0.004216962820729885
GSE25055,GSM615177,4,2,expanded_score,0,0.04049569143030264
GSE25055,GSM615178,4,0,expanded_score,0,0.3089051375508253
GSE25055,GSM615179,4,3,expanded_score,0,0.04949359934332232
GSE25055,GSM615180,4,1,expanded_score,0,0.06279056309858765
GSE25055,GSM615181,4,0,expanded_score,1,0.37260850559904823
GSE25055,GSM615182,4,3,expanded_score,0,0.37455818182524026
GSE25055,GSM615183,4,4,expanded_score,0,0.04636946657372283
GSE25055,GSM615184,4,4,expanded_score,0,0.5019851534466426
GSE25055,GSM615185,4,1,expanded_score,0,0.26422630898777155
GSE25055,GSM615186,4,4,expanded_score,1,0.013290823316761242
GSE25055,GSM615187,4,0,expanded_score,0,0.020244188429871232
GSE25055,GSM615188,4,4,expanded_score,0,0.13553038157131087
GSE25055,GSM615189,4,4,expanded_score,0,0.26085098222673003
GSE25055,GSM615190,4,1,expanded_score,0,0.42794645734060316
GSE25055,GSM615191,4,1,expanded_score,1,0.5528381113563123
GSE25055,GSM615192,4,4,expanded_score,0,0.03798661804110418
GSE25055,GSM615193,4,1,expanded_score,1,0.4399704081652718
GSE25055,GSM615194,4,4,expanded_score,1,0.555594688327114
GSE25055,GSM615195,4,4,expanded_score,0,0.47080217866668367
GSE25055,GSM615196,4,3,expanded_score,0,0.21314476646098232
GSE25055,GSM615197,4,4,expanded_score,0,0.42318831020929254
GSE25055,GSM615198,4,0,expanded_score,0,0.012015190974790552
GSE25055,GSM615199,4,1,expanded_score,0,0.08421409022610946
GSE25055,GSM615200,4,0,expanded_score,0,0.33318585039407306
GSE25055,GSM615201,4,0,expanded_score,1,0.15012787208814002
GSE25055,GSM615202,4,3,expanded_score,1,0.5376514301001843
GSE25055,GSM615203,4,3,expanded_score,0,0.00831728998769017
GSE25055,GSM615204,4,1,expanded_score,0,0.0394567352087421
GSE25055,GSM615205,4,1,expanded_score,0,0.06572015721864542
GSE25055,GSM615206,4,2,expanded_score,0,0.02385620798737204
GSE25055,GSM615207,4,4,expanded_score,0,0.034789536997128986
GSE25055,GSM615208,4,0,expanded_score,0,0.017470003957518694
GSE25055,GSM615209,4,1,expanded_score,1,0.5070259678554311
GSE25055,GSM615210,4,2,expanded_score,0,0.02799930292941306
GSE25055,GSM615211,4,3,expanded_score,1,0.6240470848045241
GSE25055,GSM615212,4,4,expanded_score,1,0.21960093984436338
GSE25055,GSM615213,4,2,expanded_score,1,0.327246061075286
GSE25055,GSM615214,4,4,expanded_score,0,0.02626635109117947
GSE25055,GSM615215,4,3,expanded_score,1,0.3059059262190534
GSE25055,GSM615216,4,2,expanded_score,0,0.056649104770382964
GSE25055,GSM615217,4,1,expanded_score,0,0.042998594973580766
GSE25055,GSM615218,4,2,expanded_score,0,0.1934449266774954
GSE25055,GSM615219,4,4,expanded_score,0,0.10011556298178217
GSE25055,GSM615220,4,2,expanded_score,0,0.01623649767611862
GSE25055,GSM615221,4,1,expanded_score,0,0.07620356899999832
GSE25055,GSM615222,4,2,expanded_score,0,0.025850263063230277
GSE25055,GSM615223,4,0,expanded_score,0,0.17650080388337502
GSE25055,GSM615224,4,1,expanded_score,0,0.01486322599290786
GSE25055,GSM615225,4,1,expanded_score,0,0.22025750045932976
GSE25055,GSM615226,4,3,expanded_score,0,0.006945834748015169
GSE25055,GSM615227,4,4,expanded_score,0,0.07140707225672613
GSE25055,GSM615228,4,4,expanded_score,0,0.2517865015043792
GSE25055,GSM615229,4,2,expanded_score,0,0.09149716619975812
GSE25055,GSM615230,4,2,expanded_score,0,0.030907184309350112
GSE25055,GSM615231,4,2,expanded_score,0,0.0233704929101087
GSE25055,GSM615232,4,2,expanded_score,0,0.021024940127275956
GSE25055,GSM615233,4,3,expanded_score,0,0.004838666646647322
GSE25055,GSM615234,4,1,expanded_score,0,0.1254655742608277
GSE25055,GSM615235,4,4,expanded_score,0,0.1100817468117602
GSE25055,GSM615236,4,4,expanded_score,0,0.09410632266522731
GSE25055,GSM615237,4,1,expanded_score,0,0.0315655852922288
GSE25055,GSM615238,4,4,expanded_score,0,0.03355072422447253
GSE25055,GSM615239,4,1,expanded_score,0,0.12788719592809986
GSE25055,GSM615240,4,3,expanded_score,1,0.11742322039208236
GSE25055,GSM615241,4,3,expanded_score,0,0.03144897938202381
GSE25055,GSM615242,4,2,expanded_score,1,0.3704673963644142
GSE25055,GSM615243,4,2,expanded_score,0,0.02881513732183426
GSE25055,GSM615244,4,1,expanded_score,0,0.2504039166446557
GSE25055,GSM615245,4,3,expanded_score,0,0.11022988372290934
GSE25055,GSM615246,4,3,expanded_score,0,0.09012691275925994
GSE25055,GSM615247,4,3,expanded_score,0,0.16098436826903245
GSE25055,GSM615248,4,1,expanded_score,0,0.2344256491278796
GSE25055,GSM615249,4,4,expanded_score,0,0.07537777202483849
GSE25055,GSM615250,4,0,expanded_score,0,0.6284789548979951
GSE25055,GSM615251,4,4,expanded_score,0,0.4817694657384126
GSE25055,GSM615252,4,4,expanded_score,0,0.014024910902594062
GSE25055,GSM615253,4,3,expanded_score,0,0.0687713602371719
GSE25055,GSM615254,4,4,expanded_score,0,0.03996180202798593
GSE25055,GSM615255,4,2,expanded_score,0,0.24556910000078416
GSE25055,GSM615256,4,3,expanded_score,1,0.1813692170754062
GSE25055,GSM615257,4,2,expanded_score,0,0.012941383829259885
GSE25055,GSM615258,4,1,expanded_score,0,0.07037567809970326
GSE25055,GSM615259,4,0,expanded_score,0,0.009576493272944872
GSE25055,GSM615260,4,4,expanded_score,0,0.46167029345705723
GSE25055,GSM615261,4,4,expanded_score,0,0.08528842104992282
GSE25055,GSM615262,4,1,expanded_score,0,0.023281400449211457
GSE25055,GSM615263,4,4,expanded_score,1,0.23115193378242144
GSE25055,GSM615264,4,3,expanded_score,1,0.21433276522006858
GSE25055,GSM615265,4,0,expanded_score,0,0.25092676962028154
GSE25055,GSM615266,4,0,expanded_score,0,0.015725382185773636
GSE25055,GSM615267,4,4,expanded_score,0,0.06611946377315557
GSE25055,GSM615268,4,2,expanded_score,0,0.09962938686513471
GSE25055,GSM615269,4,1,expanded_score,0,0.05654230779543556
GSE25055,GSM615270,4,2,expanded_score,1,0.38805102549266723
GSE25055,GSM615271,4,4,expanded_score,0,0.12833299391841702
GSE25055,GSM615272,4,3,expanded_score,0,0.025944847076584343
GSE25055,GSM615273,4,2,expanded_score,0,0.06886667104306249
GSE25055,GSM615274,4,1,expanded_score,0,0.17445562344516394
GSE25055,GSM615275,4,0,expanded_score,0,0.1523767209942709
GSE25055,GSM615276,4,3,expanded_score,0,0.2136549096266408
GSE25055,GSM615277,4,1,expanded_score,0,0.0625490650975717
GSE25055,GSM615278,4,0,expanded_score,0,0.0543392863628279
GSE25055,GSM615279,4,1,expanded_score,0,0.051139793719162815
GSE25055,GSM615280,4,2,expanded_score,1,0.07945694627469567
GSE25055,GSM615281,4,2,expanded_score,0,0.07473533494462535
GSE25055,GSM615282,4,3,expanded_score,0,0.03619429341537901
GSE25055,GSM615283,4,4,expanded_score,0,0.07699910345888321
GSE25055,GSM615284,4,4,expanded_score,1,0.26644979653067097
GSE25055,GSM615285,4,2,expanded_score,0,0.033281666989300726
GSE25055,GSM615286,4,3,expanded_score,0,0.14943389729731466
GSE25055,GSM615287,4,1,expanded_score,0,0.2020257155042635
GSE25055,GSM615288,4,3,expanded_score,0,0.5703504778126167
GSE25055,GSM615289,4,4,expanded_score,0,0.12948429531191646
GSE25055,GSM615290,4,1,expanded_score,0,0.10151439615171763
GSE25055,GSM615291,4,4,expanded_score,1,0.34795123338836603
GSE25055,GSM615292,4,2,expanded_score,0,0.05294663359360606
GSE25055,GSM615293,4,4,expanded_score,1,0.7229600091680786
GSE25055,GSM615294,4,2,expanded_score,0,0.10491547016235296
GSE25055,GSM615295,4,4,expanded_score,0,0.11161405758175891
GSE25055,GSM615296,4,4,expanded_score,0,0.029175973322559497
GSE25055,GSM615297,4,1,expanded_score,0,0.507315255963284
GSE25055,GSM615298,4,2,expanded_score,0,0.05800967543878763
GSE25055,GSM615299,4,3,expanded_score,0,0.026947524107740758
GSE25055,GSM615300,4,2,expanded_score,1,0.2900697841530891
GSE25055,GSM615301,4,3,expanded_score,0,0.20868835471061695
GSE25055,GSM615302,4,3,expanded_score,0,0.06291825359887387
GSE25055,GSM615303,4,4,expanded_score,0,0.16780342619174174
GSE25055,GSM615304,4,2,expanded_score,0,0.0424194352480969
GSE25055,GSM615305,4,1,expanded_score,0,0.10195251605648357
GSE25055,GSM615306,4,0,expanded_score,0,0.014058469426287913
GSE25055,GSM615307,4,2,expanded_score,1,0.6876673896991393
GSE25055,GSM615308,4,4,expanded_score,0,0.08604885866330768
GSE25055,GSM615309,4,3,expanded_score,0,0.056788530174195315
GSE25055,GSM615310,4,2,expanded_score,1,0.1765273608563916
GSE25055,GSM615311,4,0,expanded_score,0,0.017328390258183817
GSE25055,GSM615312,4,1,expanded_score,0,0.15759024132286806
GSE25055,GSM615313,4,3,expanded_score,0,0.010879975340363349
GSE25055,GSM615314,4,0,expanded_score,0,0.014085274726506766
GSE25055,GSM615315,4,3,expanded_score,0,0.4267902413227643
GSE25055,GSM615316,4,2,expanded_score,0,0.03909300400776327
GSE25055,GSM615317,4,3,expanded_score,0,0.4278359569951222
GSE25055,GSM615318,4,3,expanded_score,0,0.020083088686179813
GSE25055,GSM615319,4,4,expanded_score,0,0.24965378793658882
GSE25055,GSM615320,4,0,expanded_score,0,0.6710122097173513
GSE25055,GSM615321,4,0,expanded_score,0,0.4859382299530064
GSE25055,GSM615322,4,0,expanded_score,0,0.3437758141594095
GSE25055,GSM615323,4,1,expanded_score,0,0.16494526357345546
GSE25055,GSM615324,4,1,expanded_score,1,0.7076431298278424
GSE25055,GSM615325,4,1,expanded_score,1,0.6354585103070479
GSE25055,GSM615326,4,1,expanded_score,0,0.32910480809163467
GSE25055,GSM615327,4,3,expanded_score,0,0.30929219074144504
GSE25055,GSM615328,4,0,expanded_score,0,0.010748785437113693
GSE25055,GSM615329,4,0,expanded_score,0,0.014817608480326528
GSE25055,GSM615330,4,2,expanded_score,0,0.1288041144645688
GSE25055,GSM615331,4,2,expanded_score,1,0.035264759099031116
GSE25055,GSM615332,4,2,expanded_score,0,0.07790962046626311
GSE25055,GSM615333,4,4,expanded_score,0,0.20069783771586952
GSE25055,GSM615334,4,0,expanded_score,1,0.5323907196692429
GSE25055,GSM615335,4,0,expanded_score,0,0.4742245596009935
GSE25055,GSM615336,4,4,expanded_score,1,0.5392585825876268
GSE25055,GSM615337,4,2,expanded_score,0,0.04993114153470431
GSE25055,GSM615338,4,1,expanded_score,1,0.35123823471254595
GSE25055,GSM615339,4,3,expanded_score,0,0.018696355806871626
GSE25055,GSM615340,4,4,expanded_score,0,0.06558889582793208
GSE25055,GSM615341,4,0,expanded_score,0,0.023398263634921673
GSE25055,GSM615342,4,3,expanded_score,0,0.08824172710295755
GSE25055,GSM615343,4,2,expanded_score,0,0.13356330120799123
GSE25055,GSM615344,4,0,expanded_score,0,0.24424633735854406
GSE25055,GSM615345,4,2,expanded_score,0,0.15028503904209642
GSE25055,GSM615346,4,4,expanded_score,0,0.5166419978464915
GSE25055,GSM615347,4,1,expanded_score,0,0.29062726651284426
GSE25055,GSM615348,4,4,expanded_score,0,0.37955065767504764
GSE25055,GSM615349,4,0,expanded_score,0,0.016268475723637165
GSE25055,GSM615350,4,3,expanded_score,0,0.19821136938441433
GSE25055,GSM615351,4,4,expanded_score,0,0.01983867085770679
GSE25055,GSM615352,4,1,expanded_score,0,0.009755102507141985
GSE25055,GSM615353,4,1,expanded_score,1,0.1482875755271215
GSE25055,GSM615354,4,0,expanded_score,1,0.28682599270535636
GSE25055,GSM615355,4,0,expanded_score,0,0.03051728771640564
GSE25055,GSM615356,4,4,expanded_score,0,0.2880682159638841
GSE25055,GSM615357,4,4,expanded_score,1,0.5123952980923209
GSE25055,GSM615358,4,4,expanded_score,0,0.0128113630252995
GSE25055,GSM615359,4,0,expanded_score,1,0.4014774815886355
GSE25055,GSM615360,4,2,expanded_score,0,0.04123058005648942
GSE25055,GSM615361,4,1,expanded_score,0,0.15525872556736028
GSE25055,GSM615362,4,0,expanded_score,0,0.005262134052773392
GSE25055,GSM615363,4,0,expanded_score,0,0.27141526240649394
GSE25055,GSM615364,4,1,expanded_score,0,0.5544182813177646
GSE25055,GSM615365,4,1,expanded_score,0,0.04146362379581663
GSE25055,GSM615366,4,0,expanded_score,0,0.01068926197503007
GSE25055,GSM615367,4,3,expanded_score,0,0.07719863391151735
GSE25055,GSM615368,4,0,expanded_score,0,0.7462381381175488
GSE25055,GSM615369,4,3,expanded_score,0,0.20164585371950314
GSE25055,GSM615370,4,3,expanded_score,0,0.07115228359434203
GSE25055,GSM615371,4,0,expanded_score,1,0.3834302823397006
GSE25055,GSM615372,4,1,expanded_score,0,0.46332890159118095
GSE25055,GSM615373,4,2,expanded_score,0,0.10416544776631166
GSE25055,GSM615374,4,1,expanded_score,0,0.009620059338971348
GSE25055,GSM615375,4,0,expanded_score,1,0.48321560121458856
GSE25055,GSM615376,4,2,expanded_score,0,0.25886068064985407
GSE25055,GSM615377,4,2,expanded_score,0,0.010105927964323117
GSE25055,GSM615378,4,4,expanded_score,0,0.4239064629460166
GSE25055,GSM615379,4,3,expanded_score,1,0.13323832438904362
GSE25055,GSM615380,4,0,expanded_score,0,0.5801829520335797
GSE25055,GSM615381,4,2,expanded_score,0,0.0099266608604842
GSE25055,GSM615382,4,0,expanded_score,0,0.15034724158186194
GSE25055,GSM615383,4,0,expanded_score,1,0.0116681756544048
GSE25055,GSM615384,4,0,expanded_score,0,0.22832437920304877
GSE25055,GSM615385,4,1,expanded_score,0,0.10440555232072724
GSE25055,GSM615386,4,3,expanded_score,0,0.013512269774496332
GSE25055,GSM615387,4,4,expanded_score,0,0.34095541190007994
GSE25055,GSM615388,4,1,expanded_score,0,0.033024603777938734
GSE25055,GSM615389,4,2,expanded_score,0,0.059311190079501835
GSE25055,GSM615390,4,1,expanded_score,0,0.5048101703521173
GSE25055,GSM615391,4,1,expanded_score,0,0.02652344561679766
GSE25055,GSM615392,4,0,expanded_score,0,0.24936404944990612
GSE25055,GSM615393,4,1,expanded_score,1,0.2626929915307384
GSE25055,GSM615394,4,1,expanded_score,1,0.21373842010710759
GSE25055,GSM615395,4,0,expanded_score,0,0.016964159541342297
GSE25055,GSM615396,4,4,expanded_score,1,0.42401545119670814
GSE25055,GSM615397,4,3,expanded_score,1,0.21085400021655457
GSE25055,GSM615398,4,2,expanded_score,0,0.035623769429398607
GSE25055,GSM615399,4,2,expanded_score,0,0.031699002552269574
GSE25055,GSM615400,4,2,expanded_score,0,0.02172083846818983
GSE25055,GSM615401,4,4,expanded_score,0,0.06483478124704994
GSE25055,GSM615402,4,3,expanded_score,0,0.02530839030998408
GSE25055,GSM615403,4,2,expanded_score,0,0.27181658700976996
GSE25055,GSM615404,4,4,expanded_score,0,0.0915977435648878
GSE25055,GSM615405,4,2,expanded_score,0,0.3156648481018536
GSE25055,GSM615096,4,4,expanded_pam50,0,0.04712631376869431
GSE25055,GSM615097,4,4,expanded_pam50,0,0.039659055565042664
GSE25055,GSM615098,4,0,expanded_pam50,0,0.2921860073987529
GSE25055,GSM615099,4,4,expanded_pam50,1,0.4740624778024168
GSE25055,GSM615100,4,0,expanded_pam50,0,0.0206617017447405
GSE25055,GSM615101,4,3,expanded_pam50,0,0.27432386597314046
GSE25055,GSM615102,4,1,expanded_pam50,0,0.41569852736613466
GSE25055,GSM615104,4,0,expanded_pam50,0,0.3885147980155525
GSE25055,GSM615106,4,0,expanded_pam50,0,0.3647655628401341
GSE25055,GSM615107,4,0,expanded_pam50,0,0.43642181584006307
GSE25055,GSM615108,4,3,expanded_pam50,0,0.1103135687095763
GSE25055,GSM615109,4,1,expanded_pam50,0,0.3354379588542068
GSE25055,GSM615111,4,2,expanded_pam50,0,0.25793124397532746
GSE25055,GSM615112,4,4,expanded_pam50,0,0.2725637333162418
GSE25055,GSM615113,4,3,expanded_pam50,0,0.4336341643726065
GSE25055,GSM615114,4,3,expanded_pam50,0,0.04188196954745389
GSE25055,GSM615115,4,3,expanded_pam50,0,0.1073947048365247
GSE25055,GSM615116,4,3,expanded_pam50,0,0.33105188452605033
GSE25055,GSM615117,4,3,expanded_pam50,0,0.18941727224919092
GSE25055,GSM615120,4,3,expanded_pam50,0,0.009531132104197034
GSE25055,GSM615121,4,2,expanded_pam50,0,0.10784317701180855
GSE25055,GSM615122,4,0,expanded_pam50,1,0.02266160538607025
GSE25055,GSM615123,4,2,expanded_pam50,1,0.06039632954267198
GSE25055,GSM615124,4,4,expanded_pam50,0,0.03486301999539176
GSE25055,GSM615125,4,0,expanded_pam50,0,0.037181105506141024
GSE25055,GSM615126,4,1,expanded_pam50,0,0.04934052411979113
GSE25055,GSM615127,4,0,expanded_pam50,0,0.019266215367157065
GSE25055,GSM615128,4,4,expanded_pam50,0,0.08627598805658093
GSE25055,GSM615129,4,0,expanded_pam50,0,0.11390626705797606
GSE25055,GSM615130,4,1,expanded_pam50,0,0.04644715542560937
GSE25055,GSM615131,4,3,expanded_pam50,0,0.08305807753849631
GSE25055,GSM615132,4,2,expanded_pam50,0,0.03739465176828483
GSE25055,GSM615133,4,4,expanded_pam50,0,0.012221781673800792
GSE25055,GSM615134,4,3,expanded_pam50,0,0.016181376907654633
GSE25055,GSM615135,4,3,expanded_pam50,0,0.2775466827478481
GSE25055,GSM615136,4,1,expanded_pam50,0,0.330576381836389
GSE25055,GSM615137,4,2,expanded_pam50,1,0.0969617038418885
GSE25055,GSM615138,4,0,expanded_pam50,0,0.06514263179140514
GSE25055,GSM615139,4,1,expanded_pam50,1,0.27853865267800726
GSE25055,GSM615140,4,3,expanded_pam50,1,0.14877306120768963
GSE25055,GSM615142,4,0,expanded_pam50,0,0.04340725512468399
GSE25055,GSM615143,4,0,expanded_pam50,1,0.26322503312408413
GSE25055,GSM615144,4,4,expanded_pam50,0,0.0278608509677207
GSE25055,GSM615145,4,3,expanded_pam50,0,0.3278879591305361
GSE25055,GSM615146,4,2,expanded_pam50,1,0.3951729656671633
GSE25055,GSM615147,4,0,expanded_pam50,0,0.03605054287797752
GSE25055,GSM615148,4,1,expanded_pam50,0,0.4169502721191365
GSE25055,GSM615149,4,2,expanded_pam50,0,0.360754259936416
GSE25055,GSM615150,4,4,expanded_pam50,0,0.027157219264494558
GSE25055,GSM615151,4,2,expanded_pam50,0,0.3101285381696298
GSE25055,GSM615153,4,3,expanded_pam50,0,0.031108514921319535
GSE25055,GSM615154,4,0,expanded_pam50,1,0.5463402444970219
GSE25055,GSM615155,4,1,expanded_pam50,0,0.17878699648303928
GSE25055,GSM615156,4,2,expanded_pam50,0,0.4767976602736557
GSE25055,GSM615157,4,1,expanded_pam50,0,0.11612305813224634
GSE25055,GSM615158,4,3,expanded_pam50,0,0.012404995854737923
GSE25055,GSM615159,4,0,expanded_pam50,0,0.34428546838885693
GSE25055,GSM615160,4,2,expanded_pam50,0,0.38836191050887814
GSE25055,GSM615162,4,1,expanded_pam50,0,0.024311447510245103
GSE25055,GSM615164,4,1,expanded_pam50,1,0.33522987729184966
GSE25055,GSM615165,4,0,expanded_pam50,0,0.06724704026239144
GSE25055,GSM615166,4,2,expanded_pam50,0,0.02865235606133001
GSE25055,GSM615167,4,3,expanded_pam50,1,0.12955768269256474
GSE25055,GSM615168,4,3,expanded_pam50,0,0.12761602660085317
GSE25055,GSM615169,4,0,expanded_pam50,0,0.3821244386401648
GSE25055,GSM615170,4,2,expanded_pam50,0,0.026823004005680152
GSE25055,GSM615171,4,3,expanded_pam50,1,0.4329308291131044
GSE25055,GSM615172,4,3,expanded_pam50,0,0.039280654284805025
GSE25055,GSM615173,4,1,expanded_pam50,0,0.12893811885970674
GSE25055,GSM615174,4,2,expanded_pam50,0,0.09768948803275179
GSE25055,GSM615175,4,0,expanded_pam50,1,0.2838868107227204
GSE25055,GSM615176,4,0,expanded_pam50,0,0.007244932614398351
GSE25055,GSM615177,4,2,expanded_pam50,0,0.044299456620337366
GSE25055,GSM615178,4,0,expanded_pam50,0,0.40776849072884136
GSE25055,GSM615179,4,3,expanded_pam50,0,0.04067296035880387
GSE25055,GSM615180,4,1,expanded_pam50,0,0.04270121708392194
GSE25055,GSM615181,4,0,expanded_pam50,1,0.37577459616127956
GSE25055,GSM615182,4,3,expanded_pam50,0,0.2748050176522541
GSE25055,GSM615183,4,4,expanded_pam50,0,0.05054211130484537
GSE25055,GSM615184,4,4,expanded_pam50,0,0.3675134377296029
GSE25055,GSM615185,4,1,expanded_pam50,0,0.3644133872648779
GSE25055,GSM615186,4,4,expanded_pam50,1,0.010080086802208645
GSE25055,GSM615187,4,0,expanded_pam50,0,0.009959549000149209
GSE25055,GSM615188,4,4,expanded_pam50,0,0.1297860118254061
GSE25055,GSM615189,4,4,expanded_pam50,0,0.2917451577634271
GSE25055,GSM615190,4,1,expanded_pam50,0,0.42102461615712106
GSE25055,GSM615191,4,1,expanded_pam50,1,0.374783388606479
GSE25055,GSM615192,4,4,expanded_pam50,0,0.03411878890996542
GSE25055,GSM615193,4,1,expanded_pam50,1,0.3629177320573788
GSE25055,GSM615194,4,4,expanded_pam50,1,0.4473595484444117
GSE25055,GSM615195,4,4,expanded_pam50,0,0.31784122028981576
GSE25055,GSM615196,4,3,expanded_pam50,0,0.13489032709644452
GSE25055,GSM615197,4,4,expanded_pam50,0,0.3175509262575425
GSE25055,GSM615198,4,0,expanded_pam50,0,0.012166180582872861
GSE25055,GSM615199,4,1,expanded_pam50,0,0.06460387947276934
GSE25055,GSM615200,4,0,expanded_pam50,0,0.20722916880601533
GSE25055,GSM615201,4,0,expanded_pam50,1,0.09667152229269502
GSE25055,GSM615202,4,3,expanded_pam50,1,0.38214399760060586
GSE25055,GSM615203,4,3,expanded_pam50,0,0.02437268920232135
GSE25055,GSM615204,4,1,expanded_pam50,0,0.05462305251549596
GSE25055,GSM615205,4,1,expanded_pam50,0,0.07030381150206756
GSE25055,GSM615206,4,2,expanded_pam50,0,0.04715084221654977
GSE25055,GSM615207,4,4,expanded_pam50,0,0.0403508177406864
GSE25055,GSM615208,4,0,expanded_pam50,0,0.016258008514039662
GSE25055,GSM615209,4,1,expanded_pam50,1,0.4110594769826608
GSE25055,GSM615210,4,2,expanded_pam50,0,0.04554856579238856
GSE25055,GSM615211,4,3,expanded_pam50,1,0.4520066844558892
GSE25055,GSM615212,4,4,expanded_pam50,1,0.4196458367212276
GSE25055,GSM615213,4,2,expanded_pam50,1,0.3248228113666129
GSE25055,GSM615214,4,4,expanded_pam50,0,0.040711403760631495
GSE25055,GSM615215,4,3,expanded_pam50,1,0.3288290925879015
GSE25055,GSM615216,4,2,expanded_pam50,0,0.05830140608708021
GSE25055,GSM615217,4,1,expanded_pam50,0,0.037920692141800626
GSE25055,GSM615218,4,2,expanded_pam50,0,0.23897365987571653
GSE25055,GSM615219,4,4,expanded_pam50,0,0.15793448915701674
GSE25055,GSM615220,4,2,expanded_pam50,0,0.04192016305800542
GSE25055,GSM615221,4,1,expanded_pam50,0,0.07237795395184093
GSE25055,GSM615222,4,2,expanded_pam50,0,0.03567137489952176
GSE25055,GSM615223,4,0,expanded_pam50,0,0.3346123301599365
GSE25055,GSM615224,4,1,expanded_pam50,0,0.037920692141800626
GSE25055,GSM615225,4,1,expanded_pam50,0,0.27316747511553496
GSE25055,GSM615226,4,3,expanded_pam50,0,0.01316106155689675
GSE25055,GSM615227,4,4,expanded_pam50,0,0.07283438816042455
GSE25055,GSM615228,4,4,expanded_pam50,0,0.19124957969551498
GSE25055,GSM615229,4,2,expanded_pam50,0,0.18201373987541983
GSE25055,GSM615230,4,2,expanded_pam50,0,0.04258444025328979
GSE25055,GSM615231,4,2,expanded_pam50,0,0.034761811578523434
GSE25055,GSM615232,4,2,expanded_pam50,0,0.032280951180224005
GSE25055,GSM615233,4,3,expanded_pam50,0,0.012327580085130631
GSE25055,GSM615234,4,1,expanded_pam50,0,0.22775741663294743
GSE25055,GSM615235,4,4,expanded_pam50,0,0.06902594830550374
GSE25055,GSM615236,4,4,expanded_pam50,0,0.06861970303174761
GSE25055,GSM615237,4,1,expanded_pam50,0,0.04286374753182645
GSE25055,GSM615238,4,4,expanded_pam50,0,0.09722247184152957
GSE25055,GSM615239,4,1,expanded_pam50,0,0.09705092049184888
GSE25055,GSM615240,4,3,expanded_pam50,1,0.4214832269187678
GSE25055,GSM615241,4,3,expanded_pam50,0,0.024112199995686222
GSE25055,GSM615242,4,2,expanded_pam50,1,0.3532604432529965
GSE25055,GSM615243,4,2,expanded_pam50,0,0.038453358860470264
GSE25055,GSM615244,4,1,expanded_pam50,0,0.5011612112430665
GSE25055,GSM615245,4,3,expanded_pam50,0,0.04702984026583582
GSE25055,GSM615246,4,3,expanded_pam50,0,0.05344204285643489
GSE25055,GSM615247,4,3,expanded_pam50,0,0.17692633344214703
GSE25055,GSM615248,4,1,expanded_pam50,0,0.19106936616170175
GSE25055,GSM615249,4,4,expanded_pam50,0,0.15957777188396696
GSE25055,GSM615250,4,0,expanded_pam50,0,0.5154660277885265
GSE25055,GSM615251,4,4,expanded_pam50,0,0.45864616777835215
GSE25055,GSM615252,4,4,expanded_pam50,0,0.017157823015899687
GSE25055,GSM615253,4,3,expanded_pam50,0,0.06491233618215782
GSE25055,GSM615254,4,4,expanded_pam50,0,0.03829168297028615
GSE25055,GSM615255,4,2,expanded_pam50,0,0.2994349700190986
GSE25055,GSM615256,4,3,expanded_pam50,1,0.12914999352280854
GSE25055,GSM615257,4,2,expanded_pam50,0,0.02175696794754313
GSE25055,GSM615258,4,1,expanded_pam50,0,0.07325934917428478
GSE25055,GSM615259,4,0,expanded_pam50,0,0.010886598655137575
GSE25055,GSM615260,4,4,expanded_pam50,0,0.39984233074425624
GSE25055,GSM615261,4,4,expanded_pam50,0,0.05307251955226863
GSE25055,GSM615262,4,1,expanded_pam50,0,0.03187027349782986
GSE25055,GSM615263,4,4,expanded_pam50,1,0.12049349646566299
GSE25055,GSM615264,4,3,expanded_pam50,1,0.4380806442331925
GSE25055,GSM615265,4,0,expanded_pam50,0,0.39306536966352584
GSE25055,GSM615266,4,0,expanded_pam50,0,0.006872356637257619
GSE25055,GSM615267,4,4,expanded_pam50,0,0.09357458105613531
GSE25055,GSM615268,4,2,expanded_pam50,0,0.06995324632246015
GSE25055,GSM615269,4,1,expanded_pam50,0,0.07326923301374222
GSE25055,GSM615270,4,2,expanded_pam50,1,0.30325336716070966
GSE25055,GSM615271,4,4,expanded_pam50,0,0.09471272851493451
GSE25055,GSM615272,4,3,expanded_pam50,0,0.04316043770130478
GSE25055,GSM615273,4,2,expanded_pam50,0,0.05052170313002273
GSE25055,GSM615274,4,1,expanded_pam50,0,0.08683372216674136
GSE25055,GSM615275,4,0,expanded_pam50,0,0.08397770858601868
GSE25055,GSM615276,4,3,expanded_pam50,0,0.3357200103715908
GSE25055,GSM615277,4,1,expanded_pam50,0,0.052571530791267994
GSE25055,GSM615278,4,0,expanded_pam50,0,0.04537245476036506
GSE25055,GSM615279,4,1,expanded_pam50,0,0.06180791950334623
GSE25055,GSM615280,4,2,expanded_pam50,1,0.0391894261759062
GSE25055,GSM615281,4,2,expanded_pam50,0,0.07804856953393552
GSE25055,GSM615282,4,3,expanded_pam50,0,0.03167844891499445
GSE25055,GSM615283,4,4,expanded_pam50,0,0.03850273079841545
GSE25055,GSM615284,4,4,expanded_pam50,1,0.23680756715491216
GSE25055,GSM615285,4,2,expanded_pam50,0,0.05154869699978252
GSE25055,GSM615286,4,3,expanded_pam50,0,0.05819886400730343
GSE25055,GSM615287,4,1,expanded_pam50,0,0.1562773394066458
GSE25055,GSM615288,4,3,expanded_pam50,0,0.5362927449953401
GSE25055,GSM615289,4,4,expanded_pam50,0,0.08107824340132613
GSE25055,GSM615290,4,1,expanded_pam50,0,0.0703459999047822
GSE25055,GSM615291,4,4,expanded_pam50,1,0.3878904673733748
GSE25055,GSM615292,4,2,expanded_pam50,0,0.05139883589602568
GSE25055,GSM615293,4,4,expanded_pam50,1,0.5214570369609917
GSE25055,GSM615294,4,2,expanded_pam50,0,0.07045787325321536
GSE25055,GSM615295,4,4,expanded_pam50,0,0.13789455592151245
GSE25055,GSM615296,4,4,expanded_pam50,0,0.0170616984427058
GSE25055,GSM615297,4,1,expanded_pam50,0,0.4022575403413482
GSE25055,GSM615298,4,2,expanded_pam50,0,0.05795339006051051
GSE25055,GSM615299,4,3,expanded_pam50,0,0.05807011554527441
GSE25055,GSM615300,4,2,expanded_pam50,1,0.39364091779173616
GSE25055,GSM615301,4,3,expanded_pam50,0,0.24871980379090247
GSE25055,GSM615302,4,3,expanded_pam50,0,0.0619722000173212
GSE25055,GSM615303,4,4,expanded_pam50,0,0.1796478191891912
GSE25055,GSM615304,4,2,expanded_pam50,0,0.10705395366495547
GSE25055,GSM615305,4,1,expanded_pam50,0,0.09755224178703865
GSE25055,GSM615306,4,0,expanded_pam50,0,0.012561294847226047
GSE25055,GSM615307,4,2,expanded_pam50,1,0.5053461573679456
GSE25055,GSM615308,4,4,expanded_pam50,0,0.18493214355754223
GSE25055,GSM615309,4,3,expanded_pam50,0,0.08318694894149876
GSE25055,GSM615310,4,2,expanded_pam50,1,0.0844479542905241
GSE25055,GSM615311,4,0,expanded_pam50,0,0.02135529969968015
GSE25055,GSM615312,4,1,expanded_pam50,0,0.19739812017568542
GSE25055,GSM615313,4,3,expanded_pam50,0,0.020919893139096285
GSE25055,GSM615314,4,0,expanded_pam50,0,0.015554220159308104
GSE25055,GSM615315,4,3,expanded_pam50,0,0.3059722321446649
GSE25055,GSM615316,4,2,expanded_pam50,0,0.0741203198564847
GSE25055,GSM615317,4,3,expanded_pam50,0,0.4238130454122628
GSE25055,GSM615318,4,3,expanded_pam50,0,0.03102713164743145
GSE25055,GSM615319,4,4,expanded_pam50,0,0.36967141808264997
GSE25055,GSM615320,4,0,expanded_pam50,0,0.5507946635322395
GSE25055,GSM615321,4,0,expanded_pam50,0,0.49475970052798707
GSE25055,GSM615322,4,0,expanded_pam50,0,0.2527460807372735
GSE25055,GSM615323,4,1,expanded_pam50,0,0.2828529211580255
GSE25055,GSM615324,4,1,expanded_pam50,1,0.5102798091792206
GSE25055,GSM615325,4,1,expanded_pam50,1,0.537570441873553
GSE25055,GSM615326,4,1,expanded_pam50,0,0.21704400237405602
GSE25055,GSM615327,4,3,expanded_pam50,0,0.3170290660947584
GSE25055,GSM615328,4,0,expanded_pam50,0,0.010138333943252068
GSE25055,GSM615329,4,0,expanded_pam50,0,0.017342437624486628
GSE25055,GSM615330,4,2,expanded_pam50,0,0.27901831945303907
GSE25055,GSM615331,4,2,expanded_pam50,1,0.06239604369200092
GSE25055,GSM615332,4,2,expanded_pam50,0,0.07267485448604755
GSE25055,GSM615333,4,4,expanded_pam50,0,0.2531339740781303
GSE25055,GSM615334,4,0,expanded_pam50,1,0.3148945879984328
GSE25055,GSM615335,4,0,expanded_pam50,0,0.48914011831549126
GSE25055,GSM615336,4,4,expanded_pam50,1,0.4347266142349836
GSE25055,GSM615337,4,2,expanded_pam50,0,0.05229035833987858
GSE25055,GSM615338,4,1,expanded_pam50,1,0.4066510153682259
GSE25055,GSM615339,4,3,expanded_pam50,0,0.039934375872620005
GSE25055,GSM615340,4,4,expanded_pam50,0,0.14474638372306733
GSE25055,GSM615341,4,0,expanded_pam50,0,0.026387541041664044
GSE25055,GSM615342,4,3,expanded_pam50,0,0.1316931396472524
GSE25055,GSM615343,4,2,expanded_pam50,0,0.1636248380292466
GSE25055,GSM615344,4,0,expanded_pam50,0,0.4201827605428399
GSE25055,GSM615345,4,2,expanded_pam50,0,0.33500501629505736
GSE25055,GSM615346,4,4,expanded_pam50,0,0.46827397164484164
GSE25055,GSM615347,4,1,expanded_pam50,0,0.2774849037492144
GSE25055,GSM615348,4,4,expanded_pam50,0,0.38272720981815644
GSE25055,GSM615349,4,0,expanded_pam50,0,0.014210472095408242
GSE25055,GSM615350,4,3,expanded_pam50,0,0.2454831625908888
GSE25055,GSM615351,4,4,expanded_pam50,0,0.01185342913727321
GSE25055,GSM615352,4,1,expanded_pam50,0,0.01835847003744163
GSE25055,GSM615353,4,1,expanded_pam50,1,0.15369694220781183
GSE25055,GSM615354,4,0,expanded_pam50,1,0.25795612652021227
GSE25055,GSM615355,4,0,expanded_pam50,0,0.01518702171669165
GSE25055,GSM615356,4,4,expanded_pam50,0,0.37447245474870733
GSE25055,GSM615357,4,4,expanded_pam50,1,0.4158020512119163
GSE25055,GSM615358,4,4,expanded_pam50,0,0.02455998646878248
GSE25055,GSM615359,4,0,expanded_pam50,1,0.25701616608189315
GSE25055,GSM615360,4,2,expanded_pam50,0,0.04634478605846252
GSE25055,GSM615361,4,1,expanded_pam50,0,0.17256175216732014
GSE25055,GSM615362,4,0,expanded_pam50,0,0.004451614186227768
GSE25055,GSM615363,4,0,expanded_pam50,0,0.4328900076924727
GSE25055,GSM615364,4,1,expanded_pam50,0,0.5104221606327157
GSE25055,GSM615365,4,1,expanded_pam50,0,0.041938895605150496
GSE25055,GSM615366,4,0,expanded_pam50,0,0.008913530001123616
GSE25055,GSM615367,4,3,expanded_pam50,0,0.1080846157395903
GSE25055,GSM615368,4,0,expanded_pam50,0,0.6162578697835809
GSE25055,GSM615369,4,3,expanded_pam50,0,0.4168341594241392
GSE25055,GSM615370,4,3,expanded_pam50,0,0.04881307117297533
GSE25055,GSM615371,4,0,expanded_pam50,1,0.4005445496449651
GSE25055,GSM615372,4,1,expanded_pam50,0,0.4876260859523139
GSE25055,GSM615373,4,2,expanded_pam50,0,0.10458376296438426
GSE25055,GSM615374,4,1,expanded_pam50,0,0.014096549266552
GSE25055,GSM615375,4,0,expanded_pam50,1,0.23296754231891503
GSE25055,GSM615376,4,2,expanded_pam50,0,0.355778842595872
GSE25055,GSM615377,4,2,expanded_pam50,0,0.024480164399051343
GSE25055,GSM615378,4,4,expanded_pam50,0,0.4730972002049152
GSE25055,GSM615379,4,3,expanded_pam50,1,0.24871980379090247
GSE25055,GSM615380,4,0,expanded_pam50,0,0.4242959559750461
GSE25055,GSM615381,4,2,expanded_pam50,0,0.02505464331370904
GSE25055,GSM615382,4,0,expanded_pam50,0,0.31276790685436123
GSE25055,GSM615383,4,0,expanded_pam50,1,0.013898914849873939
GSE25055,GSM615384,4,0,expanded_pam50,0,0.3346123301599365
GSE25055,GSM615385,4,1,expanded_pam50,0,0.27806229833893925
GSE25055,GSM615386,4,3,expanded_pam50,0,0.04176946869241202
GSE25055,GSM615387,4,4,expanded_pam50,0,0.48759344956618034
GSE25055,GSM615388,4,1,expanded_pam50,0,0.03599381557639295
GSE25055,GSM615389,4,2,expanded_pam50,0,0.05147220207712061
GSE25055,GSM615390,4,1,expanded_pam50,0,0.45581893099623677
GSE25055,GSM615391,4,1,expanded_pam50,0,0.04524278057852142
GSE25055,GSM615392,4,0,expanded_pam50,0,0.2016011863942447
GSE25055,GSM615393,4,1,expanded_pam50,1,0.4023945182516354
GSE25055,GSM615394,4,1,expanded_pam50,1,0.3154911612647265
GSE25055,GSM615395,4,0,expanded_pam50,0,0.018971064378475917
GSE25055,GSM615396,4,4,expanded_pam50,1,0.40669766808453767
GSE25055,GSM615397,4,3,expanded_pam50,1,0.17012373623676
GSE25055,GSM615398,4,2,expanded_pam50,0,0.04340828081625567
GSE25055,GSM615399,4,2,expanded_pam50,0,0.03356503921699052
GSE25055,GSM615400,4,2,expanded_pam50,0,0.022966096885654933
GSE25055,GSM615401,4,4,expanded_pam50,0,0.06925484288885467
GSE25055,GSM615402,4,3,expanded_pam50,0,0.022556393914616713
GSE25055,GSM615403,4,2,expanded_pam50,0,0.21081593665643325
GSE25055,GSM615404,4,4,expanded_pam50,0,0.14750352871106337
GSE25055,GSM615405,4,2,expanded_pam50,0,0.15780406226519866
GSE25055,GSM615096,4,4,expanded_pam50_score,0,0.03748398998829987
GSE25055,GSM615097,4,4,expanded_pam50_score,0,0.03013180508768157
GSE25055,GSM615098,4,0,expanded_pam50_score,0,0.3163004531600113
GSE25055,GSM615099,4,4,expanded_pam50_score,1,0.5937788804936641
GSE25055,GSM615100,4,0,expanded_pam50_score,0,0.03605189008700126
GSE25055,GSM615101,4,3,expanded_pam50_score,0,0.3430581914789806
GSE25055,GSM615102,4,1,expanded_pam50_score,0,0.4501427902937021
GSE25055,GSM615104,4,0,expanded_pam50_score,0,0.3240630355080675
GSE25055,GSM615106,4,0,expanded_pam50_score,0,0.2306975761331532
GSE25055,GSM615107,4,0,expanded_pam50_score,0,0.44542691578159277
GSE25055,GSM615108,4,3,expanded_pam50_score,0,0.11039469763990457
GSE25055,GSM615109,4,1,expanded_pam50_score,0,0.43979349193236306
GSE25055,GSM615111,4,2,expanded_pam50_score,0,0.18035235262151522
GSE25055,GSM615112,4,4,expanded_pam50_score,0,0.31477570024295437
GSE25055,GSM615113,4,3,expanded_pam50_score,0,0.44136498755705816
GSE25055,GSM615114,4,3,expanded_pam50_score,0,0.03410858232241304
GSE25055,GSM615115,4,3,expanded_pam50_score,0,0.10154492091740215
GSE25055,GSM615116,4,3,expanded_pam50_score,0,0.1733357125976366
GSE25055,GSM615117,4,3,expanded_pam50_score,0,0.29707735925538786
GSE25055,GSM615120,4,3,expanded_pam50_score,0,0.008613626066609379
GSE25055,GSM615121,4,2,expanded_pam50_score,0,0.06662425912875625
GSE25055,GSM615122,4,0,expanded_pam50_score,1,0.014467978046157098
GSE25055,GSM615123,4,2,expanded_pam50_score,1,0.11650469129301821
GSE25055,GSM615124,4,4,expanded_pam50_score,0,0.03099327743959362
GSE25055,GSM615125,4,0,expanded_pam50_score,0,0.024522180837577467
GSE25055,GSM615126,4,1,expanded_pam50_score,0,0.055537405153991824
GSE25055,GSM615127,4,0,expanded_pam50_score,0,0.023968117854185296
GSE25055,GSM615128,4,4,expanded_pam50_score,0,0.050926523102540776
GSE25055,GSM615129,4,0,expanded_pam50_score,0,0.07388013981654798
GSE25055,GSM615130,4,1,expanded_pam50_score,0,0.029413103932388888
GSE25055,GSM615131,4,3,expanded_pam50_score,0,0.0733184068991943
GSE25055,GSM615132,4,2,expanded_pam50_score,0,0.03507314659092617
GSE25055,GSM615133,4,4,expanded_pam50_score,0,0.011976356780311847
GSE25055,GSM615134,4,3,expanded_pam50_score,0,0.01253066190638324
GSE25055,GSM615135,4,3,expanded_pam50_score,0,0.23955046551579695
GSE25055,GSM615136,4,1,expanded_pam50_score,0,0.3728010842070242
GSE25055,GSM615137,4,2,expanded_pam50_score,1,0.07994539075618382
GSE25055,GSM615138,4,0,expanded_pam50_score,0,0.06465973689346038
GSE25055,GSM615139,4,1,expanded_pam50_score,1,0.4688359478790699
GSE25055,GSM615140,4,3,expanded_pam50_score,1,0.1607487798543231
GSE25055,GSM615142,4,0,expanded_pam50_score,0,0.032117288992562644
GSE25055,GSM615143,4,0,expanded_pam50_score,1,0.2239652551828381
GSE25055,GSM615144,4,4,expanded_pam50_score,0,0.028739267248636364
GSE25055,GSM615145,4,3,expanded_pam50_score,0,0.6290910811391
GSE25055,GSM615146,4,2,expanded_pam50_score,1,0.37405101466415996
GSE25055,GSM615147,4,0,expanded_pam50_score,0,0.02763025944700468
GSE25055,GSM615148,4,1,expanded_pam50_score,0,0.39318136415242166
GSE25055,GSM615149,4,2,expanded_pam50_score,0,0.28307570093694623
GSE25055,GSM615150,4,4,expanded_pam50_score,0,0.01906286305891902
GSE25055,GSM615151,4,2,expanded_pam50_score,0,0.37451150962310853
GSE25055,GSM615153,4,3,expanded_pam50_score,0,0.04040104962355164
GSE25055,GSM615154,4,0,expanded_pam50_score,1,0.4452900829484753
GSE25055,GSM615155,4,1,expanded_pam50_score,0,0.21633573785435495
GSE25055,GSM615156,4,2,expanded_pam50_score,0,0.3777519077470665
GSE25055,GSM615157,4,1,expanded_pam50_score,0,0.06075033087362745
GSE25055,GSM615158,4,3,expanded_pam50_score,0,0.016220704702693926
GSE25055,GSM615159,4,0,expanded_pam50_score,0,0.15002705143989237
GSE25055,GSM615160,4,2,expanded_pam50_score,0,0.3418532932230007
GSE25055,GSM615162,4,1,expanded_pam50_score,0,0.01901060730333706
GSE25055,GSM615164,4,1,expanded_pam50_score,1,0.49199581389188396
GSE25055,GSM615165,4,0,expanded_pam50_score,0,0.06218416123558653
GSE25055,GSM615166,4,2,expanded_pam50_score,0,0.0455943385254117
GSE25055,GSM615167,4,3,expanded_pam50_score,1,0.07621561999418516
GSE25055,GSM615168,4,3,expanded_pam50_score,0,0.06519641993073146
GSE25055,GSM615169,4,0,expanded_pam50_score,0,0.38066646973039275
GSE25055,GSM615170,4,2,expanded_pam50_score,0,0.02206609645449514
GSE25055,GSM615171,4,3,expanded_pam50_score,1,0.26860275011767193
GSE25055,GSM615172,4,3,expanded_pam50_score,0,0.032506679029465614
GSE25055,GSM615173,4,1,expanded_pam50_score,0,0.08228614602588988
GSE25055,GSM615174,4,2,expanded_pam50_score,0,0.08968884280901962
GSE25055,GSM615175,4,0,expanded_pam50_score,1,0.32361601084218555
GSE25055,GSM615176,4,0,expanded_pam50_score,0,0.007470738816981799
GSE25055,GSM615177,4,2,expanded_pam50_score,0,0.03951384693483202
GSE25055,GSM615178,4,0,expanded_pam50_score,0,0.3268169636210811
GSE25055,GSM615179,4,3,expanded_pam50_score,0,0.05069622583420839
GSE25055,GSM615180,4,1,expanded_pam50_score,0,0.05739835584527684
GSE25055,GSM615181,4,0,expanded_pam50_score,1,0.37233179420911583
GSE25055,GSM615182,4,3,expanded_pam50_score,0,0.28710337338818426
GSE25055,GSM615183,4,4,expanded_pam50_score,0,0.036687898021527394
GSE25055,GSM615184,4,4,expanded_pam50_score,0,0.5181762217213668
GSE25055,GSM615185,4,1,expanded_pam50_score,0,0.3006222350023429
GSE25055,GSM615186,4,4,expanded_pam50_score,1,0.010582007338891872
GSE25055,GSM615187,4,0,expanded_pam50_score,0,0.014152655253447412
GSE25055,GSM615188,4,4,expanded_pam50_score,0,0.143693890608072
GSE25055,GSM615189,4,4,expanded_pam50_score,0,0.25294017779548694
GSE25055,GSM615190,4,1,expanded_pam50_score,0,0.43823666632316705
GSE25055,GSM615191,4,1,expanded_pam50_score,1,0.5691188360621923
GSE25055,GSM615192,4,4,expanded_pam50_score,0,0.03034010590269604
GSE25055,GSM615193,4,1,expanded_pam50_score,1,0.42909203842740207
GSE25055,GSM615194,4,4,expanded_pam50_score,1,0.5695515692738481
GSE25055,GSM615195,4,4,expanded_pam50_score,0,0.4561286018934891
GSE25055,GSM615196,4,3,expanded_pam50_score,0,0.20137222299450583
GSE25055,GSM615197,4,4,expanded_pam50_score,0,0.3809412410053525
GSE25055,GSM615198,4,0,expanded_pam50_score,0,0.008616575010962921
GSE25055,GSM615199,4,1,expanded_pam50_score,0,0.07648080986986641
GSE25055,GSM615200,4,0,expanded_pam50_score,0,0.32716780954563357
GSE25055,GSM615201,4,0,expanded_pam50_score,1,0.14579730166193988
GSE25055,GSM615202,4,3,expanded_pam50_score,1,0.5509689907244968
GSE25055,GSM615203,4,3,expanded_pam50_score,0,0.009059726755735248
GSE25055,GSM615204,4,1,expanded_pam50_score,0,0.039382438453309986
GSE25055,GSM615205,4,1,expanded_pam50_score,0,0.06206972668105454
GSE25055,GSM615206,4,2,expanded_pam50_score,0,0.026551615331537052
GSE25055,GSM615207,4,4,expanded_pam50_score,0,0.028322269525196814
GSE25055,GSM615208,4,0,expanded_pam50_score,0,0.012687132892075579
GSE25055,GSM615209,4,1,expanded_pam50_score,1,0.5224647142241176
GSE25055,GSM615210,4,2,expanded_pam50_score,0,0.02958335949076044
GSE25055,GSM615211,4,3,expanded_pam50_score,1,0.6255935962834254
GSE25055,GSM615212,4,4,expanded_pam50_score,1,0.24000378721652296
GSE25055,GSM615213,4,2,expanded_pam50_score,1,0.33249262696314136
GSE25055,GSM615214,4,4,expanded_pam50_score,0,0.019863331697084468
GSE25055,GSM615215,4,3,expanded_pam50_score,1,0.22210207426567524
GSE25055,GSM615216,4,2,expanded_pam50_score,0,0.07224584051431064
GSE25055,GSM615217,4,1,expanded_pam50_score,0,0.042133913186415635
GSE25055,GSM615218,4,2,expanded_pam50_score,0,0.19216022615586675
GSE25055,GSM615219,4,4,expanded_pam50_score,0,0.11920778355735417
GSE25055,GSM615220,4,2,expanded_pam50_score,0,0.014346768524578042
GSE25055,GSM615221,4,1,expanded_pam50_score,0,0.0645009377402394
GSE25055,GSM615222,4,2,expanded_pam50_score,0,0.02459981985750079
GSE25055,GSM615223,4,0,expanded_pam50_score,0,0.18231949851197635
GSE25055,GSM615224,4,1,expanded_pam50_score,0,0.015384042347643267
GSE25055,GSM615225,4,1,expanded_pam50_score,0,0.2341189236315439
GSE25055,GSM615226,4,3,expanded_pam50_score,0,0.007563129759374429
GSE25055,GSM615227,4,4,expanded_pam50_score,0,0.09207245574666283
GSE25055,GSM615228,4,4,expanded_pam50_score,0,0.17188890039341248
GSE25055,GSM615229,4,2,expanded_pam50_score,0,0.09434619395091261
GSE25055,GSM615230,4,2,expanded_pam50_score,0,0.01652905818426811
GSE25055,GSM615231,4,2,expanded_pam50_score,0,0.02287586691128774
GSE25055,GSM615232,4,2,expanded_pam50_score,0,0.020278497344216863
GSE25055,GSM615233,4,3,expanded_pam50_score,0,0.0057524914241245785
GSE25055,GSM615234,4,1,expanded_pam50_score,0,0.16496225440073797
GSE25055,GSM615235,4,4,expanded_pam50_score,0,0.11521109017442153
GSE25055,GSM615236,4,4,expanded_pam50_score,0,0.0655608202168359
GSE25055,GSM615237,4,1,expanded_pam50_score,0,0.030891509837874538
GSE25055,GSM615238,4,4,expanded_pam50_score,0,0.044395948391449766
GSE25055,GSM615239,4,1,expanded_pam50_score,0,0.10631428246738266
GSE25055,GSM615240,4,3,expanded_pam50_score,1,0.12440802075010872
GSE25055,GSM615241,4,3,expanded_pam50_score,0,0.03168828288618296
GSE25055,GSM615242,4,2,expanded_pam50_score,1,0.37307661472142406
GSE25055,GSM615243,4,2,expanded_pam50_score,0,0.027368065989116147
GSE25055,GSM615244,4,1,expanded_pam50_score,0,0.27696006748478275
GSE25055,GSM615245,4,3,expanded_pam50_score,0,0.10945832459813849
GSE25055,GSM615246,4,3,expanded_pam50_score,0,0.08694903038528574
GSE25055,GSM615247,4,3,expanded_pam50_score,0,0.1614302745986978
GSE25055,GSM615248,4,1,expanded_pam50_score,0,0.3103231411343384
GSE25055,GSM615249,4,4,expanded_pam50_score,0,0.08800439126558067
GSE25055,GSM615250,4,0,expanded_pam50_score,0,0.5813599625952712
GSE25055,GSM615251,4,4,expanded_pam50_score,0,0.48138857797495965
GSE25055,GSM615252,4,4,expanded_pam50_score,0,0.010315202439671795
GSE25055,GSM615253,4,3,expanded_pam50_score,0,0.06252747808787576
GSE25055,GSM615254,4,4,expanded_pam50_score,0,0.03137238132746262
GSE25055,GSM615255,4,2,expanded_pam50_score,0,0.2374299168958354
GSE25055,GSM615256,4,3,expanded_pam50_score,1,0.16525510137378385
GSE25055,GSM615257,4,2,expanded_pam50_score,0,0.01310118801411645
GSE25055,GSM615258,4,1,expanded_pam50_score,0,0.10322515495775074
GSE25055,GSM615259,4,0,expanded_pam50_score,0,0.006913792852328957
GSE25055,GSM615260,4,4,expanded_pam50_score,0,0.5167446202340488
GSE25055,GSM615261,4,4,expanded_pam50_score,0,0.05938985378748503
GSE25055,GSM615262,4,1,expanded_pam50_score,0,0.023181168870377144
GSE25055,GSM615263,4,4,expanded_pam50_score,1,0.1829199774777788
GSE25055,GSM615264,4,3,expanded_pam50_score,1,0.22014679660209882
GSE25055,GSM615265,4,0,expanded_pam50_score,0,0.2911436389485804
GSE25055,GSM615266,4,0,expanded_pam50_score,0,0.010887638906221164
GSE25055,GSM615267,4,4,expanded_pam50_score,0,0.08311431518260705
GSE25055,GSM615268,4,2,expanded_pam50_score,0,0.10153790501060066
GSE25055,GSM615269,4,1,expanded_pam50_score,0,0.05130128496823603
GSE25055,GSM615270,4,2,expanded_pam50_score,1,0.3825698240890669
GSE25055,GSM615271,4,4,expanded_pam50_score,0,0.1495894665846873
GSE25055,GSM615272,4,3,expanded_pam50_score,0,0.025501452553085318
GSE25055,GSM615273,4,2,expanded_pam50_score,0,0.07087148458384981
GSE25055,GSM615274,4,1,expanded_pam50_score,0,0.1744064400514784
GSE25055,GSM615275,4,0,expanded_pam50_score,0,0.1602365735359669
GSE25055,GSM615276,4,3,expanded_pam50_score,0,0.22240727872832303
GSE25055,GSM615277,4,1,expanded_pam50_score,0,0.05922994214919247
GSE25055,GSM615278,4,0,expanded_pam50_score,0,0.03582386872403054
GSE25055,GSM615279,4,1,expanded_pam50_score,0,0.04774688450512593
GSE25055,GSM615280,4,2,expanded_pam50_score,1,0.046605551906603745
GSE25055,GSM615281,4,2,expanded_pam50_score,0,0.08747212086511157
GSE25055,GSM615282,4,3,expanded_pam50_score,0,0.02756242928848931
GSE25055,GSM615283,4,4,expanded_pam50_score,0,0.05345074997587612
GSE25055,GSM615284,4,4,expanded_pam50_score,1,0.2648722206966963
GSE25055,GSM615285,4,2,expanded_pam50_score,0,0.030797934920561685
GSE25055,GSM615286,4,3,expanded_pam50_score,0,0.11771723865052734
GSE25055,GSM615287,4,1,expanded_pam50_score,0,0.2069365390726351
GSE25055,GSM615288,4,3,expanded_pam50_score,0,0.5730888011148576
GSE25055,GSM615289,4,4,expanded_pam50_score,0,0.1571984537601783
GSE25055,GSM615290,4,1,expanded_pam50_score,0,0.16492014237169297
GSE25055,GSM615291,4,4,expanded_pam50_score,1,0.3541776972923955
GSE25055,GSM615292,4,2,expanded_pam50_score,0,0.05385516980926762
GSE25055,GSM615293,4,4,expanded_pam50_score,1,0.707600972174923
GSE25055,GSM615294,4,2,expanded_pam50_score,0,0.1005924040802558
GSE25055,GSM615295,4,4,expanded_pam50_score,0,0.09271480261300691
GSE25055,GSM615296,4,4,expanded_pam50_score,0,0.0217850246788694
GSE25055,GSM615297,4,1,expanded_pam50_score,0,0.5239923484902004
GSE25055,GSM615298,4,2,expanded_pam50_score,0,0.0581204985554775
GSE25055,GSM615299,4,3,expanded_pam50_score,0,0.028159363753795474
GSE25055,GSM615300,4,2,expanded_pam50_score,1,0.2990761373389046
GSE25055,GSM615301,4,3,expanded_pam50_score,0,0.21849841313820137
GSE25055,GSM615302,4,3,expanded_pam50_score,0,0.048531590999875154
GSE25055,GSM615303,4,4,expanded_pam50_score,0,0.17056681189813816
GSE25055,GSM615304,4,2,expanded_pam50_score,0,0.05300933520990117
GSE25055,GSM615305,4,1,expanded_pam50_score,0,0.09036945481790448
GSE25055,GSM615306,4,0,expanded_pam50_score,0,0.01012635681143482
GSE25055,GSM615307,4,2,expanded_pam50_score,1,0.6950753350824177
GSE25055,GSM615308,4,4,expanded_pam50_score,0,0.1059040845094067
GSE25055,GSM615309,4,3,expanded_pam50_score,0,0.05223497457373369
GSE25055,GSM615310,4,2,expanded_pam50_score,1,0.1771574985837043
GSE25055,GSM615311,4,0,expanded_pam50_score,0,0.012536743213478852
GSE25055,GSM615312,4,1,expanded_pam50_score,0,0.18269889278142018
GSE25055,GSM615313,4,3,expanded_pam50_score,0,0.012416341315036761
GSE25055,GSM615314,4,0,expanded_pam50_score,0,0.010306652175536479
GSE25055,GSM615315,4,3,expanded_pam50_score,0,0.42392620816229626
GSE25055,GSM615316,4,2,expanded_pam50_score,0,0.04147810799881893
GSE25055,GSM615317,4,3,expanded_pam50_score,0,0.4376414573183956
GSE25055,GSM615318,4,3,expanded_pam50_score,0,0.020592256189777447
GSE25055,GSM615319,4,4,expanded_pam50_score,0,0.2617967462709927
GSE25055,GSM615320,4,0,expanded_pam50_score,0,0.6648320573367338
GSE25055,GSM615321,4,0,expanded_pam50_score,0,0.4861189115605092
GSE25055,GSM615322,4,0,expanded_pam50_score,0,0.33922760902297966
GSE25055,GSM615323,4,1,expanded_pam50_score,0,0.15241515520861437
GSE25055,GSM615324,4,1,expanded_pam50_score,1,0.7137848143106357
GSE25055,GSM615325,4,1,expanded_pam50_score,1,0.6427690556070668
GSE25055,GSM615326,4,1,expanded_pam50_score,0,0.4272440622859306
GSE25055,GSM615327,4,3,expanded_pam50_score,0,0.32063262573215473
GSE25055,GSM615328,4,0,expanded_pam50_score,0,0.007704624788179954
GSE25055,GSM615329,4,0,expanded_pam50_score,0,0.010626582308193478
GSE25055,GSM615330,4,2,expanded_pam50_score,0,0.130391235585322
GSE25055,GSM615331,4,2,expanded_pam50_score,1,0.03351428361198745
GSE25055,GSM615332,4,2,expanded_pam50_score,0,0.1004884380502998
GSE25055,GSM615333,4,4,expanded_pam50_score,0,0.24631909006592234
GSE25055,GSM615334,4,0,expanded_pam50_score,1,0.5233258811758789
GSE25055,GSM615335,4,0,expanded_pam50_score,0,0.4747876956987403
GSE25055,GSM615336,4,4,expanded_pam50_score,1,0.5321050996139965
GSE25055,GSM615337,4,2,expanded_pam50_score,0,0.050549806224201736
GSE25055,GSM615338,4,1,expanded_pam50_score,1,0.373733359014741
GSE25055,GSM615339,4,3,expanded_pam50_score,0,0.019500338741407264
GSE25055,GSM615340,4,4,expanded_pam50_score,0,0.07639379759559992
GSE25055,GSM615341,4,0,expanded_pam50_score,0,0.01699798033125741
GSE25055,GSM615342,4,3,expanded_pam50_score,0,0.060190235392026795
GSE25055,GSM615343,4,2,expanded_pam50_score,0,0.15898573679005645
GSE25055,GSM615344,4,0,expanded_pam50_score,0,0.2846670756563383
GSE25055,GSM615345,4,2,expanded_pam50_score,0,0.1983242547875581
GSE25055,GSM615346,4,4,expanded_pam50_score,0,0.513847583236503
GSE25055,GSM615347,4,1,expanded_pam50_score,0,0.3248720693712512
GSE25055,GSM615348,4,4,expanded_pam50_score,0,0.3856770898983452
GSE25055,GSM615349,4,0,expanded_pam50_score,0,0.01156826644561118
GSE25055,GSM615350,4,3,expanded_pam50_score,0,0.17047320023749407
GSE25055,GSM615351,4,4,expanded_pam50_score,0,0.01719682176553947
GSE25055,GSM615352,4,1,expanded_pam50_score,0,0.01097412460513023
GSE25055,GSM615353,4,1,expanded_pam50_score,1,0.13218560057404163
GSE25055,GSM615354,4,0,expanded_pam50_score,1,0.30294057413399866
GSE25055,GSM615355,4,0,expanded_pam50_score,0,0.021227285373304833
GSE25055,GSM615356,4,4,expanded_pam50_score,0,0.2835417434711036
GSE25055,GSM615357,4,4,expanded_pam50_score,1,0.5062379973559008
GSE25055,GSM615358,4,4,expanded_pam50_score,0,0.016867293713854092
GSE25055,GSM615359,4,0,expanded_pam50_score,1,0.39414603559510747
GSE25055,GSM615360,4,2,expanded_pam50_score,0,0.04223685207540055
GSE25055,GSM615361,4,1,expanded_pam50_score,0,0.20766703005574214
GSE25055,GSM615362,4,0,expanded_pam50_score,0,0.004064026894759681
GSE25055,GSM615363,4,0,expanded_pam50_score,0,0.27438796517503555
GSE25055,GSM615364,4,1,expanded_pam50_score,0,0.5536085870835361
GSE25055,GSM615365,4,1,expanded_pam50_score,0,0.04134155547907866
GSE25055,GSM615366,4,0,expanded_pam50_score,0,0.008315695314162411
GSE25055,GSM615367,4,3,expanded_pam50_score,0,0.07211599845462616
GSE25055,GSM615368,4,0,expanded_pam50_score,0,0.7390575520432688
GSE25055,GSM615369,4,3,expanded_pam50_score,0,0.2115715769569072
GSE25055,GSM615370,4,3,expanded_pam50_score,0,0.07002132904715931
GSE25055,GSM615371,4,0,expanded_pam50_score,1,0.38581597082896024
GSE25055,GSM615372,4,1,expanded_pam50_score,0,0.47032442786440093
GSE25055,GSM615373,4,2,expanded_pam50_score,0,0.12763273800004263
GSE25055,GSM615374,4,1,expanded_pam50_score,0,0.010195967697043217
GSE25055,GSM615375,4,0,expanded_pam50_score,1,0.4908272237889056
GSE25055,GSM615376,4,2,expanded_pam50_score,0,0.26816547009489733
GSE25055,GSM615377,4,2,expanded_pam50_score,0,0.011112733808922323
GSE25055,GSM615378,4,4,expanded_pam50_score,0,0.4296063018365943
GSE25055,GSM615379,4,3,expanded_pam50_score,1,0.1410333998164014
GSE25055,GSM615380,4,0,expanded_pam50_score,0,0.5719667527885505
GSE25055,GSM615381,4,2,expanded_pam50_score,0,0.009363970324166054
GSE25055,GSM615382,4,0,expanded_pam50_score,0,0.1549380225750149
GSE25055,GSM615383,4,0,expanded_pam50_score,1,0.008404591001359497
GSE25055,GSM615384,4,0,expanded_pam50_score,0,0.23281024999965452
GSE25055,GSM615385,4,1,expanded_pam50_score,0,0.1158836656426595
GSE25055,GSM615386,4,3,expanded_pam50_score,0,0.014150262769796017
GSE25055,GSM615387,4,4,expanded_pam50_score,0,0.35425177322373114
GSE25055,GSM615388,4,1,expanded_pam50_score,0,0.030951649648774525
GSE25055,GSM615389,4,2,expanded_pam50_score,0,0.06220839110139093
GSE25055,GSM615390,4,1,expanded_pam50_score,0,0.5140916582744994
GSE25055,GSM615391,4,1,expanded_pam50_score,0,0.024397797367301452
GSE25055,GSM615392,4,0,expanded_pam50_score,0,0.2480380244812881
GSE25055,GSM615393,4,1,expanded_pam50_score,1,0.2732875760970379
GSE25055,GSM615394,4,1,expanded_pam50_score,1,0.24127955757525896
GSE25055,GSM615395,4,0,expanded_pam50_score,0,0.011459882039461014
GSE25055,GSM615396,4,4,expanded_pam50_score,1,0.4226983949746364
GSE25055,GSM615397,4,3,expanded_pam50_score,1,0.22358603299444685
GSE25055,GSM615398,4,2,expanded_pam50_score,0,0.041580769593483974
GSE25055,GSM615399,4,2,expanded_pam50_score,0,0.03154487169482275
GSE25055,GSM615400,4,2,expanded_pam50_score,0,0.021979864796478392
GSE25055,GSM615401,4,4,expanded_pam50_score,0,0.0699221151390178
GSE25055,GSM615402,4,3,expanded_pam50_score,0,0.025565040314307712
GSE25055,GSM615403,4,2,expanded_pam50_score,0,0.275389515807342
GSE25055,GSM615404,4,4,expanded_pam50_score,0,0.1100900648288023
GSE25055,GSM615405,4,2,expanded_pam50_score,0,0.22629019288496124
GSE25055,GSM615096,5,1,expanded,0,0.06708684610635714
GSE25055,GSM615097,5,4,expanded,0,0.03617609431029614
GSE25055,GSM615098,5,2,expanded,0,0.41336354252415336
GSE25055,GSM615099,5,4,expanded,1,0.471066114323193
GSE25055,GSM615100,5,3,expanded,0,0.05208747466043471
GSE25055,GSM615101,5,4,expanded,0,0.2876760947522241
GSE25055,GSM615102,5,0,expanded,0,0.3565927576215704
GSE25055,GSM615104,5,4,expanded,0,0.3720555199211842
GSE25055,GSM615106,5,4,expanded,0,0.3419232001060301
GSE25055,GSM615107,5,2,expanded,0,0.41541113076284525
GSE25055,GSM615108,5,1,expanded,0,0.0032115273903755566
GSE25055,GSM615109,5,2,expanded,0,0.3028547805933514
GSE25055,GSM615111,5,0,expanded,0,0.23358841988941384
GSE25055,GSM615112,5,1,expanded,0,0.2952999024729108
GSE25055,GSM615113,5,3,expanded,0,0.4588637824644998
GSE25055,GSM615114,5,1,expanded,0,0.03755475035308247
GSE25055,GSM615115,5,3,expanded,0,0.11111534453478679
GSE25055,GSM615116,5,3,expanded,0,0.7314516222631925
GSE25055,GSM615117,5,3,expanded,0,0.13787389225185695
GSE25055,GSM615120,5,3,expanded,0,0.010230089179895393
GSE25055,GSM615121,5,4,expanded,0,0.16455455724010157
GSE25055,GSM615122,5,4,expanded,1,0.0542002232124708
GSE25055,GSM615123,5,1,expanded,1,0.0877808332537194
GSE25055,GSM615124,5,3,expanded,0,0.02298695726621894
GSE25055,GSM615125,5,3,expanded,0,0.049882886879091405
GSE25055,GSM615126,5,2,expanded,0,0.06766635942678575
GSE25055,GSM615127,5,4,expanded,0,0.04044137522361959
GSE25055,GSM615128,5,4,expanded,0,0.06669734931602442
GSE25055,GSM615129,5,2,expanded,0,0.09565450545008634
GSE25055,GSM615130,5,0,expanded,0,0.023945978986221503
GSE25055,GSM615131,5,0,expanded,0,0.06784090597064776
GSE25055,GSM615132,5,3,expanded,0,0.04716289373481943
GSE25055,GSM615133,5,1,expanded,0,0.015819175170449975
GSE25055,GSM615134,5,0,expanded,0,0.026489117989470398
GSE25055,GSM615135,5,2,expanded,0,0.3770677999694493
GSE25055,GSM615136,5,0,expanded,0,0.2957893044854362
GSE25055,GSM615137,5,4,expanded,1,0.17024870934336042
GSE25055,GSM615138,5,2,expanded,0,0.05899343533430903
GSE25055,GSM615139,5,3,expanded,1,0.40318389735821547
GSE25055,GSM615140,5,1,expanded,1,0.007237009346350435
GSE25055,GSM615142,5,1,expanded,0,0.08924101929707928
GSE25055,GSM615143,5,0,expanded,1,0.21124836842376749
GSE25055,GSM615144,5,4,expanded,0,0.029519109283030493
GSE25055,GSM615145,5,4,expanded,0,0.31238757672584566
GSE25055,GSM615146,5,1,expanded,1,0.3734383325623564
GSE25055,GSM615147,5,1,expanded,0,0.07973721400736433
GSE25055,GSM615148,5,3,expanded,0,0.37013991393215423
GSE25055,GSM615149,5,0,expanded,0,0.3548641313424761
GSE25055,GSM615150,5,3,expanded,0,0.045166279580079065
GSE25055,GSM615151,5,4,expanded,0,0.2270903657913506
GSE25055,GSM615153,5,1,expanded,0,0.031894241133161215
GSE25055,GSM615154,5,0,expanded,1,0.4862312462905922
GSE25055,GSM615155,5,1,expanded,0,0.08027988703768386
GSE25055,GSM615156,5,4,expanded,0,0.4892752346859113
GSE25055,GSM615157,5,3,expanded,0,0.08255512088482701
GSE25055,GSM615158,5,2,expanded,0,0.010187708827363445
GSE25055,GSM615159,5,0,expanded,0,0.31602923003654027
GSE25055,GSM615160,5,4,expanded,0,0.4344609238034281
GSE25055,GSM615162,5,2,expanded,0,0.010307459905456699
GSE25055,GSM615164,5,0,expanded,1,0.24207158869764234
GSE25055,GSM615165,5,2,expanded,0,0.07106586185251523
GSE25055,GSM615166,5,4,expanded,0,0.04260124067264495
GSE25055,GSM615167,5,2,expanded,1,0.2590108807380676
GSE25055,GSM615168,5,3,expanded,0,0.11974928520022574
GSE25055,GSM615169,5,0,expanded,0,0.3409243862257839
GSE25055,GSM615170,5,2,expanded,0,0.03022218473461125
GSE25055,GSM615171,5,3,expanded,1,0.45760982299655184
GSE25055,GSM615172,5,4,expanded,0,0.031237916996777894
GSE25055,GSM615173,5,3,expanded,0,0.22837270773397778
GSE25055,GSM615174,5,1,expanded,0,0.14345488298746964
GSE25055,GSM615175,5,0,expanded,1,0.24082105085273237
GSE25055,GSM615176,5,2,expanded,0,0.010150859348474985
GSE25055,GSM615177,5,4,expanded,0,0.08404515624984973
GSE25055,GSM615178,5,1,expanded,0,0.34890775692053644
GSE25055,GSM615179,5,4,expanded,0,0.034774137292617475
GSE25055,GSM615180,5,0,expanded,0,0.03694529607789341
GSE25055,GSM615181,5,3,expanded,1,0.3344335856877073
GSE25055,GSM615182,5,2,expanded,0,0.3058123675632566
GSE25055,GSM615183,5,0,expanded,0,0.07214724617675915
GSE25055,GSM615184,5,1,expanded,0,0.23182847060616946
GSE25055,GSM615185,5,0,expanded,0,0.36284039866326867
GSE25055,GSM615186,5,2,expanded,1,0.013852581932260483
GSE25055,GSM615187,5,1,expanded,0,0.031296705601137606
GSE25055,GSM615188,5,1,expanded,0,0.14925343890880038
GSE25055,GSM615189,5,1,expanded,0,0.26867014521209215
GSE25055,GSM615190,5,2,expanded,0,0.517666767715001
GSE25055,GSM615191,5,2,expanded,1,0.47544606127980016
GSE25055,GSM615192,5,4,expanded,0,0.040018602289511526
GSE25055,GSM615193,5,1,expanded,1,0.4671474581613408
GSE25055,GSM615194,5,4,expanded,1,0.3021653045670378
GSE25055,GSM615195,5,4,expanded,0,0.4383028184915352
GSE25055,GSM615196,5,0,expanded,0,0.0629820833021344
GSE25055,GSM615197,5,3,expanded,0,0.36068980606960865
GSE25055,GSM615198,5,1,expanded,0,0.03544311063138363
GSE25055,GSM615199,5,4,expanded,0,0.05643376405781473
GSE25055,GSM615200,5,3,expanded,0,0.196676312932547
GSE25055,GSM615201,5,3,expanded,1,0.11804638319287718
GSE25055,GSM615202,5,1,expanded,1,0.33794491256285397
GSE25055,GSM615203,5,3,expanded,0,0.028395373085899386
GSE25055,GSM615204,5,1,expanded,0,0.060380555136485076
GSE25055,GSM615205,5,4,expanded,0,0.03481734692725895
GSE25055,GSM615206,5,2,expanded,0,0.08559051841859917
GSE25055,GSM615207,5,2,expanded,0,0.04562127627960492
GSE25055,GSM615208,5,0,expanded,0,0.041027884597590714
GSE25055,GSM615209,5,4,expanded,1,0.36367291786447326
GSE25055,GSM615210,5,1,expanded,0,0.06556966873199555
GSE25055,GSM615211,5,0,expanded,1,0.5109773392498785
GSE25055,GSM615212,5,2,expanded,1,0.45336834212610777
GSE25055,GSM615213,5,3,expanded,1,0.3196136548049695
GSE25055,GSM615214,5,0,expanded,0,0.09576926551512928
GSE25055,GSM615215,5,4,expanded,1,0.4478768148345639
GSE25055,GSM615216,5,4,expanded,0,0.032286911536964086
GSE25055,GSM615217,5,1,expanded,0,0.037970454997261635
GSE25055,GSM615218,5,3,expanded,0,0.22706613994356947
GSE25055,GSM615219,5,0,expanded,0,0.11440162785081415
GSE25055,GSM615220,5,2,expanded,0,0.08414162052350885
GSE25055,GSM615221,5,1,expanded,0,0.07367890960339574
GSE25055,GSM615222,5,0,expanded,0,0.042618146012141325
GSE25055,GSM615223,5,2,expanded,0,0.3118337406921994
GSE25055,GSM615224,5,4,expanded,0,0.038912375735491764
GSE25055,GSM615225,5,1,expanded,0,0.22694471857686233
GSE25055,GSM615226,5,4,expanded,0,0.013834030452313401
GSE25055,GSM615227,5,1,expanded,0,0.055441303162952586
GSE25055,GSM615228,5,1,expanded,0,0.29393520468116624
GSE25055,GSM615229,5,1,expanded,0,0.12336243202133579
GSE25055,GSM615230,5,1,expanded,0,0.10532607443499022
GSE25055,GSM615231,5,3,expanded,0,0.04194136837089886
GSE25055,GSM615232,5,4,expanded,0,0.034774137292617475
GSE25055,GSM615233,5,0,expanded,0,0.01634272346694094
GSE25055,GSM615234,5,3,expanded,0,0.20753461239662727
GSE25055,GSM615235,5,2,expanded,0,0.06486519401552748
GSE25055,GSM615236,5,3,expanded,0,0.11639371632679554
GSE25055,GSM615237,5,4,expanded,0,0.04731454360865052
GSE25055,GSM615238,5,0,expanded,0,0.11160566943427198
GSE25055,GSM615239,5,0,expanded,0,0.10127774476445202
GSE25055,GSM615240,5,1,expanded,1,0.4376300096948812
GSE25055,GSM615241,5,4,expanded,0,0.025262702351449732
GSE25055,GSM615242,5,1,expanded,1,0.3489153904255156
GSE25055,GSM615243,5,0,expanded,0,0.03427447181791503
GSE25055,GSM615244,5,2,expanded,0,0.5042953249260361
GSE25055,GSM615245,5,2,expanded,0,0.049284497838480795
GSE25055,GSM615246,5,4,expanded,0,0.07958668459081675
GSE25055,GSM615247,5,0,expanded,0,0.2180086728377033
GSE25055,GSM615248,5,1,expanded,0,0.10091658008722693
GSE25055,GSM615249,5,3,expanded,0,0.12350110981091716
GSE25055,GSM615250,5,2,expanded,0,0.4343761543987541
GSE25055,GSM615251,5,1,expanded,0,0.4517546556553787
GSE25055,GSM615252,5,1,expanded,0,0.040708376358608016
GSE25055,GSM615253,5,0,expanded,0,0.11678498229996821
GSE25055,GSM615254,5,4,expanded,0,0.0415818630980076
GSE25055,GSM615255,5,4,expanded,0,0.3682131167216079
GSE25055,GSM615256,5,4,expanded,1,0.11426605280509834
GSE25055,GSM615257,5,2,expanded,0,0.006992755534765015
GSE25055,GSM615258,5,3,expanded,0,0.056745249788657574
GSE25055,GSM615259,5,0,expanded,0,0.026298392810724512
GSE25055,GSM615260,5,3,expanded,0,0.28156901729723255
GSE25055,GSM615261,5,1,expanded,0,0.05663984672076767
GSE25055,GSM615262,5,4,expanded,0,0.01889461646024458
GSE25055,GSM615263,5,3,expanded,1,0.2126313224298729
GSE25055,GSM615264,5,2,expanded,1,0.47084056389521556
GSE25055,GSM615265,5,3,expanded,0,0.3763608065463783
GSE25055,GSM615266,5,2,expanded,0,0.021955069314509263
GSE25055,GSM615267,5,4,expanded,0,0.07276267904806857
GSE25055,GSM615268,5,0,expanded,0,0.056492846268834884
GSE25055,GSM615269,5,0,expanded,0,0.06558441083249024
GSE25055,GSM615270,5,1,expanded,1,0.28678903240189046
GSE25055,GSM615271,5,1,expanded,0,0.061746203868907265
GSE25055,GSM615272,5,2,expanded,0,0.026796927056348254
GSE25055,GSM615273,5,2,expanded,0,0.03765869163105248
GSE25055,GSM615274,5,0,expanded,0,0.10290630655134465
GSE25055,GSM615275,5,3,expanded,0,0.08743032572821435
GSE25055,GSM615276,5,0,expanded,0,0.3250036016782735
GSE25055,GSM615277,5,4,expanded,0,0.04043424374540916
GSE25055,GSM615278,5,0,expanded,0,0.07864700681044219
GSE25055,GSM615279,5,4,expanded,0,0.04043424374540916
GSE25055,GSM615280,5,0,expanded,1,0.09418471700463167
GSE25055,GSM615281,5,4,expanded,0,0.06892160064975007
GSE25055,GSM615282,5,1,expanded,0,0.0374865809728644
GSE25055,GSM615283,5,2,expanded,0,0.049800677618398154
GSE25055,GSM615284,5,1,expanded,1,0.2530071482192929
GSE25055,GSM615285,5,3,expanded,0,0.13100507704122108
GSE25055,GSM615286,5,2,expanded,0,0.04453980150546093
GSE25055,GSM615287,5,0,expanded,0,0.15626525596523405
GSE25055,GSM615288,5,2,expanded,0,0.5941948407148556
GSE25055,GSM615289,5,3,expanded,0,0.06542227261501238
GSE25055,GSM615290,5,1,expanded,0,0.031296705601137606
GSE25055,GSM615291,5,0,expanded,1,0.40956572769767263
GSE25055,GSM615292,5,3,expanded,0,0.06440032710949742
GSE25055,GSM615293,5,1,expanded,1,0.49808111927021487
GSE25055,GSM615294,5,0,expanded,0,0.14475876336784138
GSE25055,GSM615295,5,3,expanded,0,0.23605312978238335
GSE25055,GSM615296,5,0,expanded,0,0.02347185832404445
GSE25055,GSM615297,5,2,expanded,0,0.3820342753714192
GSE25055,GSM615298,5,3,expanded,0,0.07187683382055025
GSE25055,GSM615299,5,0,expanded,0,0.09183162158361359
GSE25055,GSM615300,5,4,expanded,1,0.35694660327114797
GSE25055,GSM615301,5,2,expanded,0,0.22394932884483854
GSE25055,GSM615302,5,1,expanded,0,0.08542572575100062
GSE25055,GSM615303,5,3,expanded,0,0.19356727493123083
GSE25055,GSM615304,5,3,expanded,0,0.20222874212970446
GSE25055,GSM615305,5,3,expanded,0,0.0917917354459388
GSE25055,GSM615306,5,0,expanded,0,0.03081539621167175
GSE25055,GSM615307,5,3,expanded,1,0.5042302114223903
GSE25055,GSM615308,5,3,expanded,0,0.15573713431081468
GSE25055,GSM615309,5,1,expanded,0,0.06713163604193483
GSE25055,GSM615310,5,2,expanded,1,0.12031437650402126
GSE25055,GSM615311,5,3,expanded,0,0.05334864375498384
GSE25055,GSM615312,5,2,expanded,0,0.12529982823301114
GSE25055,GSM615313,5,4,expanded,0,0.01898395315511242
GSE25055,GSM615314,5,0,expanded,0,0.03970551765227786
GSE25055,GSM615315,5,3,expanded,0,0.30557992218869257
GSE25055,GSM615316,5,2,expanded,0,0.05473791372800851
GSE25055,GSM615317,5,1,expanded,0,0.44115261769338854
GSE25055,GSM615318,5,2,expanded,0,0.027883432295300877
GSE25055,GSM615319,5,4,expanded,0,0.317833956043046
GSE25055,GSM615320,5,0,expanded,0,0.4896432237459918
GSE25055,GSM615321,5,3,expanded,0,0.42894824701331946
GSE25055,GSM615322,5,0,expanded,0,0.22873454384421207
GSE25055,GSM615323,5,1,expanded,0,0.30465531300210574
GSE25055,GSM615324,5,3,expanded,1,0.5373271359814966
GSE25055,GSM615325,5,2,expanded,1,0.5509843022241306
GSE25055,GSM615326,5,1,expanded,0,0.1313213286531122
GSE25055,GSM615327,5,3,expanded,0,0.21801759683948493
GSE25055,GSM615328,5,0,expanded,0,0.0238663151041622
GSE25055,GSM615329,5,4,expanded,0,0.0528633993766953
GSE25055,GSM615330,5,2,expanded,0,0.2730848809938313
GSE25055,GSM615331,5,1,expanded,1,0.11333007730638338
GSE25055,GSM615332,5,0,expanded,0,0.07943990795462333
GSE25055,GSM615333,5,2,expanded,0,0.18553593686537215
GSE25055,GSM615334,5,3,expanded,1,0.29105961575797046
GSE25055,GSM615335,5,4,expanded,0,0.398063808750456
GSE25055,GSM615336,5,3,expanded,1,0.43307732384202013
GSE25055,GSM615337,5,2,expanded,0,0.03939445807117391
GSE25055,GSM615338,5,4,expanded,1,0.35694660327114797
GSE25055,GSM615339,5,1,expanded,0,0.034957451441633626
GSE25055,GSM615340,5,0,expanded,0,0.08186999196872048
GSE25055,GSM615341,5,3,expanded,0,0.06440032710949742
GSE25055,GSM615342,5,2,expanded,0,0.22224302319577438
GSE25055,GSM615343,5,4,expanded,0,0.20942711425437432
GSE25055,GSM615344,5,3,expanded,0,0.3963159928118673
GSE25055,GSM615345,5,1,expanded,0,0.1999628583613772
GSE25055,GSM615346,5,3,expanded,0,0.4622101798887123
GSE25055,GSM615347,5,3,expanded,0,0.2736421611180315
GSE25055,GSM615348,5,2,expanded,0,0.4576911389004251
GSE25055,GSM615349,5,2,expanded,0,0.03811990800540468
GSE25055,GSM615350,5,0,expanded,0,0.1685896063625024
GSE25055,GSM615351,5,1,expanded,0,0.01546686105451126
GSE25055,GSM615352,5,4,expanded,0,0.007732973796830139
GSE25055,GSM615353,5,2,expanded,1,0.14973925042030442
GSE25055,GSM615354,5,3,expanded,1,0.21892906646943383
GSE25055,GSM615355,5,2,expanded,0,0.04078295682485359
GSE25055,GSM615356,5,0,expanded,0,0.33802253652308706
GSE25055,GSM615357,5,2,expanded,1,0.41005066236791404
GSE25055,GSM615358,5,2,expanded,0,0.021072961945540016
GSE25055,GSM615359,5,2,expanded,1,0.2718946207946025
GSE25055,GSM615360,5,3,expanded,0,0.05857478618759597
GSE25055,GSM615361,5,1,expanded,0,0.16902029086578824
GSE25055,GSM615362,5,3,expanded,0,0.015781005428682566
GSE25055,GSM615363,5,2,expanded,0,0.5235151009211378
GSE25055,GSM615364,5,4,expanded,0,0.5206343828468685
GSE25055,GSM615365,5,2,expanded,0,0.026796927056348254
GSE25055,GSM615366,5,2,expanded,0,0.013162171180275016
GSE25055,GSM615367,5,0,expanded,0,0.08316228162996779
GSE25055,GSM615368,5,1,expanded,0,0.5088056665771488
GSE25055,GSM615369,5,1,expanded,0,0.4306039698899351
GSE25055,GSM615370,5,1,expanded,0,0.04727130003804407
GSE25055,GSM615371,5,4,expanded,1,0.29307853741868367
GSE25055,GSM615372,5,0,expanded,0,0.4939095156852503
GSE25055,GSM615373,5,2,expanded,0,0.06635917847750213
GSE25055,GSM615374,5,1,expanded,0,0.009971576807838478
GSE25055,GSM615375,5,2,expanded,1,0.20063155487594003
GSE25055,GSM615376,5,2,expanded,0,0.19152841224975742
GSE25055,GSM615377,5,1,expanded,0,0.01811764078989593
GSE25055,GSM615378,5,3,expanded,0,0.4663979346978966
GSE25055,GSM615379,5,0,expanded,1,0.20001999901860518
GSE25055,GSM615380,5,4,expanded,0,0.41804695999634983
GSE25055,GSM615381,5,4,expanded,0,0.04847140534343351
GSE25055,GSM615382,5,4,expanded,0,0.347830091687086
GSE25055,GSM615383,5,0,expanded,1,0.03155901407964828
GSE25055,GSM615384,5,4,expanded,0,0.30429680843654616
GSE25055,GSM615385,5,3,expanded,0,0.17664007250906566
GSE25055,GSM615386,5,1,expanded,0,0.05773129397472698
GSE25055,GSM615387,5,4,expanded,0,0.4914631995685137
GSE25055,GSM615388,5,4,expanded,0,0.04332116764747606
GSE25055,GSM615389,5,0,expanded,0,0.04217861667418404
GSE25055,GSM615390,5,0,expanded,0,0.4640987973885623
GSE25055,GSM615391,5,2,expanded,0,0.049240638232594953
GSE25055,GSM615392,5,0,expanded,0,0.19195154752908483
GSE25055,GSM615393,5,0,expanded,1,0.3595674354808126
GSE25055,GSM615394,5,0,expanded,1,0.26964058931026796
GSE25055,GSM615395,5,0,expanded,0,0.04763784423895898
GSE25055,GSM615396,5,0,expanded,1,0.4038440971033413
GSE25055,GSM615397,5,4,expanded,1,0.16726856123696074
GSE25055,GSM615398,5,0,expanded,0,0.05291329690686738
GSE25055,GSM615399,5,2,expanded,0,0.025452075390221464
GSE25055,GSM615400,5,1,expanded,0,0.031326200975019335
GSE25055,GSM615401,5,1,expanded,0,0.07614319026840378
GSE25055,GSM615402,5,3,expanded,0,0.02892054801448064
GSE25055,GSM615403,5,3,expanded,0,0.10183015607905163
GSE25055,GSM615404,5,4,expanded,0,0.06990881129729465
GSE25055,GSM615405,5,4,expanded,0,0.25079415317703885
GSE25055,GSM615096,5,1,expanded_score,0,0.04735226118547455
GSE25055,GSM615097,5,4,expanded_score,0,0.02316831520988351
GSE25055,GSM615098,5,2,expanded_score,0,0.43959716753447264
GSE25055,GSM615099,5,4,expanded_score,1,0.6099746192138756
GSE25055,GSM615100,5,3,expanded_score,0,0.08045677024740709
GSE25055,GSM615101,5,4,expanded_score,0,0.36994698373757423
GSE25055,GSM615102,5,0,expanded_score,0,0.38322477808666744
GSE25055,GSM615104,5,4,expanded_score,0,0.2932691926070322
GSE25055,GSM615106,5,4,expanded_score,0,0.18920493992448334
GSE25055,GSM615107,5,2,expanded_score,0,0.4105665689787877
GSE25055,GSM615108,5,1,expanded_score,0,0.005671277592342861
GSE25055,GSM615109,5,2,expanded_score,0,0.41363455443064784
GSE25055,GSM615111,5,0,expanded_score,0,0.14105606334587298
GSE25055,GSM615112,5,1,expanded_score,0,0.34156771723254337
GSE25055,GSM615113,5,3,expanded_score,0,0.48256069228013776
GSE25055,GSM615114,5,1,expanded_score,0,0.031701235282475385
GSE25055,GSM615115,5,3,expanded_score,0,0.12212725086073234
GSE25055,GSM615116,5,3,expanded_score,0,0.6117887968378601
GSE25055,GSM615117,5,3,expanded_score,0,0.20894065112462207
GSE25055,GSM615120,5,3,expanded_score,0,0.009977088950412072
GSE25055,GSM615121,5,4,expanded_score,0,0.08026215134669865
GSE25055,GSM615122,5,4,expanded_score,1,0.030983524533374933
GSE25055,GSM615123,5,1,expanded_score,1,0.22127762725951147
GSE25055,GSM615124,5,3,expanded_score,0,0.026324342770052394
GSE25055,GSM615125,5,3,expanded_score,0,0.03742784355172791
GSE25055,GSM615126,5,2,expanded_score,0,0.06490518815653991
GSE25055,GSM615127,5,4,expanded_score,0,0.04776466745058229
GSE25055,GSM615128,5,4,expanded_score,0,0.03332019077804921
GSE25055,GSM615129,5,2,expanded_score,0,0.0653631542032356
GSE25055,GSM615130,5,0,expanded_score,0,0.017563468131642144
GSE25055,GSM615131,5,0,expanded_score,0,0.04478108759984693
GSE25055,GSM615132,5,3,expanded_score,0,0.042459221478090045
GSE25055,GSM615133,5,1,expanded_score,0,0.01638240670307383
GSE25055,GSM615134,5,0,expanded_score,0,0.022028624799909514
GSE25055,GSM615135,5,2,expanded_score,0,0.30184805887899624
GSE25055,GSM615136,5,0,expanded_score,0,0.33480579287045775
GSE25055,GSM615137,5,4,expanded_score,1,0.14425800329987512
GSE25055,GSM615138,5,2,expanded_score,0,0.050601405155454686
GSE25055,GSM615139,5,3,expanded_score,1,0.5680423616010916
GSE25055,GSM615140,5,1,expanded_score,1,0.014194639840890361
GSE25055,GSM615142,5,1,expanded_score,0,0.061800566919822275
GSE25055,GSM615143,5,0,expanded_score,1,0.1795693651409227
GSE25055,GSM615144,5,4,expanded_score,0,0.02881741762450943
GSE25055,GSM615145,5,4,expanded_score,0,0.5843729741282453
GSE25055,GSM615146,5,1,expanded_score,1,0.35976534151440565
GSE25055,GSM615147,5,1,expanded_score,0,0.056207307030889456
GSE25055,GSM615148,5,3,expanded_score,0,0.36550277118576957
GSE25055,GSM615149,5,0,expanded_score,0,0.25351645593068334
GSE25055,GSM615150,5,3,expanded_score,0,0.031984334464244195
GSE25055,GSM615151,5,4,expanded_score,0,0.3244080210710704
GSE25055,GSM615153,5,1,expanded_score,0,0.0437544096626577
GSE25055,GSM615154,5,0,expanded_score,1,0.36461649541490293
GSE25055,GSM615155,5,1,expanded_score,0,0.13329452183314747
GSE25055,GSM615156,5,4,expanded_score,0,0.3551065023346004
GSE25055,GSM615157,5,3,expanded_score,0,0.05977418796554185
GSE25055,GSM615158,5,2,expanded_score,0,0.012678378044811815
GSE25055,GSM615159,5,0,expanded_score,0,0.11357509342563234
GSE25055,GSM615160,5,4,expanded_score,0,0.379642793348164
GSE25055,GSM615162,5,2,expanded_score,0,0.008110531526754894
GSE25055,GSM615164,5,0,expanded_score,1,0.3978138101516277
GSE25055,GSM615165,5,2,expanded_score,0,0.058505088455616694
GSE25055,GSM615166,5,4,expanded_score,0,0.073399071353899
GSE25055,GSM615167,5,2,expanded_score,1,0.1458781294972252
GSE25055,GSM615168,5,3,expanded_score,0,0.07131030713910287
GSE25055,GSM615169,5,0,expanded_score,0,0.32807345321448617
GSE25055,GSM615170,5,2,expanded_score,0,0.022019381748819216
GSE25055,GSM615171,5,3,expanded_score,1,0.3706179947918445
GSE25055,GSM615172,5,4,expanded_score,0,0.024498803767541915
GSE25055,GSM615173,5,3,expanded_score,0,0.14452721025630497
GSE25055,GSM615174,5,1,expanded_score,0,0.1428110751836705
GSE25055,GSM615175,5,0,expanded_score,1,0.2916206174732807
GSE25055,GSM615176,5,2,expanded_score,0,0.01036860073214459
GSE25055,GSM615177,5,4,expanded_score,0,0.06370656679274762
GSE25055,GSM615178,5,1,expanded_score,0,0.29106213212287396
GSE25055,GSM615179,5,4,expanded_score,0,0.03898394846424592
GSE25055,GSM615180,5,0,expanded_score,0,0.046270033045448106
GSE25055,GSM615181,5,3,expanded_score,1,0.33590673117706843
GSE25055,GSM615182,5,2,expanded_score,0,0.3633984341765426
GSE25055,GSM615183,5,0,expanded_score,0,0.04036608899593741
GSE25055,GSM615184,5,1,expanded_score,0,0.3983898721646929
GSE25055,GSM615185,5,0,expanded_score,0,0.2617843038200575
GSE25055,GSM615186,5,2,expanded_score,1,0.013990527214771691
GSE25055,GSM615187,5,1,expanded_score,0,0.049186495247614884
GSE25055,GSM615188,5,1,expanded_score,0,0.15626217034711676
GSE25055,GSM615189,5,1,expanded_score,0,0.21955204737447034
GSE25055,GSM615190,5,2,expanded_score,0,0.5089701962997529
GSE25055,GSM615191,5,2,expanded_score,1,0.6568563143373615
GSE25055,GSM615192,5,4,expanded_score,0,0.032382287101284324
GSE25055,GSM615193,5,1,expanded_score,1,0.44670396764132514
GSE25055,GSM615194,5,4,expanded_score,1,0.41920491085700995
GSE25055,GSM615195,5,4,expanded_score,0,0.6219299661675836
GSE25055,GSM615196,5,0,expanded_score,0,0.08858216686083804
GSE25055,GSM615197,5,3,expanded_score,0,0.4278222476378558
GSE25055,GSM615198,5,1,expanded_score,0,0.02662053005555247
GSE25055,GSM615199,5,4,expanded_score,0,0.06303828683271552
GSE25055,GSM615200,5,3,expanded_score,0,0.2807089466557997
GSE25055,GSM615201,5,3,expanded_score,1,0.16389771576602633
GSE25055,GSM615202,5,1,expanded_score,1,0.4885697783394515
GSE25055,GSM615203,5,3,expanded_score,0,0.01516895323931076
GSE25055,GSM615204,5,1,expanded_score,0,0.03966473563008169
GSE25055,GSM615205,5,4,expanded_score,0,0.030670857784174225
GSE25055,GSM615206,5,2,expanded_score,0,0.04715091677758323
GSE25055,GSM615207,5,2,expanded_score,0,0.028236022206708768
GSE25055,GSM615208,5,0,expanded_score,0,0.026674705255835488
GSE25055,GSM615209,5,4,expanded_score,1,0.4770685781818917
GSE25055,GSM615210,5,1,expanded_score,0,0.03065987705648084
GSE25055,GSM615211,5,0,expanded_score,1,0.6737242384024578
GSE25055,GSM615212,5,2,expanded_score,1,0.2550933619556812
GSE25055,GSM615213,5,3,expanded_score,1,0.3426228157858396
GSE25055,GSM615214,5,0,expanded_score,0,0.038756235853866984
GSE25055,GSM615215,5,4,expanded_score,1,0.3543871593137549
GSE25055,GSM615216,5,4,expanded_score,0,0.04724746245525377
GSE25055,GSM615217,5,1,expanded_score,0,0.04038592474035127
GSE25055,GSM615218,5,3,expanded_score,0,0.1977171925208785
GSE25055,GSM615219,5,0,expanded_score,0,0.09876754397409922
GSE25055,GSM615220,5,2,expanded_score,0,0.021345504257210768
GSE25055,GSM615221,5,1,expanded_score,0,0.061627402460721195
GSE25055,GSM615222,5,0,expanded_score,0,0.022241580653524162
GSE25055,GSM615223,5,2,expanded_score,0,0.1657621202514866
GSE25055,GSM615224,5,4,expanded_score,0,0.011912629201324043
GSE25055,GSM615225,5,1,expanded_score,0,0.18908108842633017
GSE25055,GSM615226,5,4,expanded_score,0,0.00987314413960754
GSE25055,GSM615227,5,1,expanded_score,0,0.07893220616471193
GSE25055,GSM615228,5,1,expanded_score,0,0.23674877846713527
GSE25055,GSM615229,5,1,expanded_score,0,0.037096186137542196
GSE25055,GSM615230,5,1,expanded_score,0,0.04411542600752134
GSE25055,GSM615231,5,3,expanded_score,0,0.02822504913350316
GSE25055,GSM615232,5,4,expanded_score,0,0.0167757469131664
GSE25055,GSM615233,5,0,expanded_score,0,0.008753808264184438
GSE25055,GSM615234,5,3,expanded_score,0,0.1402573682673718
GSE25055,GSM615235,5,2,expanded_score,0,0.128528081765581
GSE25055,GSM615236,5,3,expanded_score,0,0.10041589177148226
GSE25055,GSM615237,5,4,expanded_score,0,0.028753380891451893
GSE25055,GSM615238,5,0,expanded_score,0,0.04828915109487139
GSE25055,GSM615239,5,0,expanded_score,0,0.09356906480890717
GSE25055,GSM615240,5,1,expanded_score,1,0.17615002097497617
GSE25055,GSM615241,5,4,expanded_score,0,0.028869215543942315
GSE25055,GSM615242,5,1,expanded_score,1,0.3829790804889409
GSE25055,GSM615243,5,0,expanded_score,0,0.018004829604085837
GSE25055,GSM615244,5,2,expanded_score,0,0.2768285265678699
GSE25055,GSM615245,5,2,expanded_score,0,0.0828546698434845
GSE25055,GSM615246,5,4,expanded_score,0,0.110295616727863
GSE25055,GSM615247,5,0,expanded_score,0,0.16308674039369356
GSE25055,GSM615248,5,1,expanded_score,0,0.224150572464099
GSE25055,GSM615249,5,3,expanded_score,0,0.08493608436837308
GSE25055,GSM615250,5,2,expanded_score,0,0.5351439813580756
GSE25055,GSM615251,5,1,expanded_score,0,0.47112252668361465
GSE25055,GSM615252,5,1,expanded_score,0,0.021397172275070556
GSE25055,GSM615253,5,0,expanded_score,0,0.1323535851221085
GSE25055,GSM615254,5,4,expanded_score,0,0.028227521731589066
GSE25055,GSM615255,5,4,expanded_score,0,0.292227195389506
GSE25055,GSM615256,5,4,expanded_score,1,0.13723530593342234
GSE25055,GSM615257,5,2,expanded_score,0,0.003740388563110512
GSE25055,GSM615258,5,3,expanded_score,0,0.07057657622583847
GSE25055,GSM615259,5,0,expanded_score,0,0.014405491069675373
GSE25055,GSM615260,5,3,expanded_score,0,0.40108053539190264
GSE25055,GSM615261,5,1,expanded_score,0,0.06311194869717063
GSE25055,GSM615262,5,4,expanded_score,0,0.013906802337606137
GSE25055,GSM615263,5,3,expanded_score,1,0.24726050935721794
GSE25055,GSM615264,5,2,expanded_score,1,0.2990965756127174
GSE25055,GSM615265,5,3,expanded_score,0,0.2507834908527846
GSE25055,GSM615266,5,2,expanded_score,0,0.03629410857195978
GSE25055,GSM615267,5,4,expanded_score,0,0.07243099211178265
GSE25055,GSM615268,5,0,expanded_score,0,0.09082904669041207
GSE25055,GSM615269,5,0,expanded_score,0,0.047186881106578885
GSE25055,GSM615270,5,1,expanded_score,1,0.40545278160268894
GSE25055,GSM615271,5,1,expanded_score,0,0.13999593483810677
GSE25055,GSM615272,5,2,expanded_score,0,0.02188696508288669
GSE25055,GSM615273,5,2,expanded_score,0,0.054877205767438764
GSE25055,GSM615274,5,0,expanded_score,0,0.2553554786274566
GSE25055,GSM615275,5,3,expanded_score,0,0.15431608675782782
GSE25055,GSM615276,5,0,expanded_score,0,0.22895813152613093
GSE25055,GSM615277,5,4,expanded_score,0,0.041421958771724034
GSE25055,GSM615278,5,0,expanded_score,0,0.054075872593769815
GSE25055,GSM615279,5,4,expanded_score,0,0.03305501341298986
GSE25055,GSM615280,5,0,expanded_score,1,0.13726270796987083
GSE25055,GSM615281,5,4,expanded_score,0,0.07777224780542778
GSE25055,GSM615282,5,1,expanded_score,0,0.04504873067726965
GSE25055,GSM615283,5,2,expanded_score,0,0.06768389997735318
GSE25055,GSM615284,5,1,expanded_score,1,0.2864313440573338
GSE25055,GSM615285,5,3,expanded_score,0,0.07600387728355344
GSE25055,GSM615286,5,2,expanded_score,0,0.10710324218855438
GSE25055,GSM615287,5,0,expanded_score,0,0.16680160148717543
GSE25055,GSM615288,5,2,expanded_score,0,0.6232971983220161
GSE25055,GSM615289,5,3,expanded_score,0,0.12484730018092687
GSE25055,GSM615290,5,1,expanded_score,0,0.10503760085380545
GSE25055,GSM615291,5,0,expanded_score,1,0.3617226628323237
GSE25055,GSM615292,5,3,expanded_score,0,0.06613861022284136
GSE25055,GSM615293,5,1,expanded_score,1,0.7114021636421188
GSE25055,GSM615294,5,0,expanded_score,0,0.1800096619935491
GSE25055,GSM615295,5,3,expanded_score,0,0.14382722313551155
GSE25055,GSM615296,5,0,expanded_score,0,0.026416529372350818
GSE25055,GSM615297,5,2,expanded_score,0,0.508760447848064
GSE25055,GSM615298,5,3,expanded_score,0,0.0707876809400057
GSE25055,GSM615299,5,0,expanded_score,0,0.04346084326638972
GSE25055,GSM615300,5,4,expanded_score,1,0.23842766390179643
GSE25055,GSM615301,5,2,expanded_score,0,0.21799214010870194
GSE25055,GSM615302,5,1,expanded_score,0,0.09538326672727007
GSE25055,GSM615303,5,3,expanded_score,0,0.1929383862385937
GSE25055,GSM615304,5,3,expanded_score,0,0.11303082132248937
GSE25055,GSM615305,5,3,expanded_score,0,0.08487776181364472
GSE25055,GSM615306,5,0,expanded_score,0,0.020452253786717344
GSE25055,GSM615307,5,3,expanded_score,1,0.6963818633641262
GSE25055,GSM615308,5,3,expanded_score,0,0.09544020382754002
GSE25055,GSM615309,5,1,expanded_score,0,0.04791807419584529
GSE25055,GSM615310,5,2,expanded_score,1,0.3155780985463383
GSE25055,GSM615311,5,3,expanded_score,0,0.034897899533252855
GSE25055,GSM615312,5,2,expanded_score,0,0.13124502470839497
GSE25055,GSM615313,5,4,expanded_score,0,0.013132119099470704
GSE25055,GSM615314,5,0,expanded_score,0,0.0211149778309653
GSE25055,GSM615315,5,3,expanded_score,0,0.38606608750250515
GSE25055,GSM615316,5,2,expanded_score,0,0.024395514764705303
GSE25055,GSM615317,5,1,expanded_score,0,0.4630423953730583
GSE25055,GSM615318,5,2,expanded_score,0,0.018741110538340936
GSE25055,GSM615319,5,4,expanded_score,0,0.19546116264148783
GSE25055,GSM615320,5,0,expanded_score,0,0.632642121687802
GSE25055,GSM615321,5,3,expanded_score,0,0.4288925924738606
GSE25055,GSM615322,5,0,expanded_score,0,0.3107340557538246
GSE25055,GSM615323,5,1,expanded_score,0,0.1223303148355334
GSE25055,GSM615324,5,3,expanded_score,1,0.7001521618040235
GSE25055,GSM615325,5,2,expanded_score,1,0.6469356142585488
GSE25055,GSM615326,5,1,expanded_score,0,0.3344218722549197
GSE25055,GSM615327,5,3,expanded_score,0,0.23259734934256385
GSE25055,GSM615328,5,0,expanded_score,0,0.014529889175439131
GSE25055,GSM615329,5,4,expanded_score,0,0.03146947372516981
GSE25055,GSM615330,5,2,expanded_score,0,0.12080899639890601
GSE25055,GSM615331,5,1,expanded_score,1,0.06705739550797953
GSE25055,GSM615332,5,0,expanded_score,0,0.12901739290727363
GSE25055,GSM615333,5,2,expanded_score,0,0.18622127681476894
GSE25055,GSM615334,5,3,expanded_score,1,0.4572599024060265
GSE25055,GSM615335,5,4,expanded_score,0,0.37424836813413015
GSE25055,GSM615336,5,3,expanded_score,1,0.5226550742698812
GSE25055,GSM615337,5,2,expanded_score,0,0.036215947998341
GSE25055,GSM615338,5,4,expanded_score,1,0.3092345454229861
GSE25055,GSM615339,5,1,expanded_score,0,0.01937336979319526
GSE25055,GSM615340,5,0,expanded_score,0,0.03882833070027899
GSE25055,GSM615341,5,3,expanded_score,0,0.045380500801426187
GSE25055,GSM615342,5,2,expanded_score,0,0.1430482849826822
GSE25055,GSM615343,5,4,expanded_score,0,0.19402275161352714
GSE25055,GSM615344,5,3,expanded_score,0,0.24540643892423183
GSE25055,GSM615345,5,1,expanded_score,0,0.07692081137682247
GSE25055,GSM615346,5,3,expanded_score,0,0.5067860350952487
GSE25055,GSM615347,5,3,expanded_score,0,0.30000469688652154
GSE25055,GSM615348,5,2,expanded_score,0,0.4423713008450955
GSE25055,GSM615349,5,2,expanded_score,0,0.03184099887336106
GSE25055,GSM615350,5,0,expanded_score,0,0.09300249019802848
GSE25055,GSM615351,5,1,expanded_score,0,0.025245214232005587
GSE25055,GSM615352,5,4,expanded_score,0,0.004212906621897907
GSE25055,GSM615353,5,2,expanded_score,1,0.13467540182525214
GSE25055,GSM615354,5,3,expanded_score,1,0.26689734715321045
GSE25055,GSM615355,5,2,expanded_score,0,0.05781184118801847
GSE25055,GSM615356,5,0,expanded_score,0,0.1963415485640181
GSE25055,GSM615357,5,2,expanded_score,1,0.512300880883331
GSE25055,GSM615358,5,2,expanded_score,0,0.01700292565380172
GSE25055,GSM615359,5,2,expanded_score,1,0.40870905946337116
GSE25055,GSM615360,5,3,expanded_score,0,0.05281423966750936
GSE25055,GSM615361,5,1,expanded_score,0,0.16245140786250473
GSE25055,GSM615362,5,3,expanded_score,0,0.015918737929471787
GSE25055,GSM615363,5,2,expanded_score,0,0.34720107038256676
GSE25055,GSM615364,5,4,expanded_score,0,0.5703759407363933
GSE25055,GSM615365,5,2,expanded_score,0,0.02605788879851953
GSE25055,GSM615366,5,2,expanded_score,0,0.011869735615478817
GSE25055,GSM615367,5,0,expanded_score,0,0.05224000182271564
GSE25055,GSM615368,5,1,expanded_score,0,0.6666254405214465
GSE25055,GSM615369,5,1,expanded_score,0,0.2615413246328399
GSE25055,GSM615370,5,1,expanded_score,0,0.06398812393121979
GSE25055,GSM615371,5,4,expanded_score,1,0.26669315193380155
GSE25055,GSM615372,5,0,expanded_score,0,0.4732212871963691
GSE25055,GSM615373,5,2,expanded_score,0,0.0806429588126281
GSE25055,GSM615374,5,1,expanded_score,0,0.007332980913351275
GSE25055,GSM615375,5,2,expanded_score,1,0.5084698195880796
GSE25055,GSM615376,5,2,expanded_score,0,0.13108128549043674
GSE25055,GSM615377,5,1,expanded_score,0,0.007947877270816264
GSE25055,GSM615378,5,3,expanded_score,0,0.4348150561699941
GSE25055,GSM615379,5,0,expanded_score,1,0.11739823856450476
GSE25055,GSM615380,5,4,expanded_score,0,0.5902032974104812
GSE25055,GSM615381,5,4,expanded_score,0,0.01154951206274632
GSE25055,GSM615382,5,4,expanded_score,0,0.16177901994315677
GSE25055,GSM615383,5,0,expanded_score,1,0.016598652583569434
GSE25055,GSM615384,5,4,expanded_score,0,0.1876901256829704
GSE25055,GSM615385,5,3,expanded_score,0,0.0972059787860727
GSE25055,GSM615386,5,1,expanded_score,0,0.022401614145509174
GSE25055,GSM615387,5,4,expanded_score,0,0.3196127678362684
GSE25055,GSM615388,5,4,expanded_score,0,0.034254875980117394
GSE25055,GSM615389,5,0,expanded_score,0,0.05194053099207993
GSE25055,GSM615390,5,0,expanded_score,0,0.5291970774587261
GSE25055,GSM615391,5,2,expanded_score,0,0.028433887639381046
GSE25055,GSM615392,5,0,expanded_score,0,0.22735029562855436
GSE25055,GSM615393,5,0,expanded_score,1,0.21938173248363385
GSE25055,GSM615394,5,0,expanded_score,1,0.17512183084111427
GSE25055,GSM615395,5,0,expanded_score,0,0.024780986464839408
GSE25055,GSM615396,5,0,expanded_score,1,0.4150916607628641
GSE25055,GSM615397,5,4,expanded_score,1,0.24565115293678008
GSE25055,GSM615398,5,0,expanded_score,0,0.049391613441157764
GSE25055,GSM615399,5,2,expanded_score,0,0.023430810454547445
GSE25055,GSM615400,5,1,expanded_score,0,0.025339005075771692
GSE25055,GSM615401,5,1,expanded_score,0,0.0814703574704661
GSE25055,GSM615402,5,3,expanded_score,0,0.029314271800852474
GSE25055,GSM615403,5,3,expanded_score,0,0.15364115103399828
GSE25055,GSM615404,5,4,expanded_score,0,0.04375613473008971
GSE25055,GSM615405,5,4,expanded_score,0,0.40316929429729775
GSE25055,GSM615096,5,1,expanded_pam50,0,0.059584462530195614
GSE25055,GSM615097,5,4,expanded_pam50,0,0.04432979933454938
GSE25055,GSM615098,5,2,expanded_pam50,0,0.43528488117021774
GSE25055,GSM615099,5,4,expanded_pam50,1,0.48009506130601803
GSE25055,GSM615100,5,3,expanded_pam50,0,0.045195065083658274
GSE25055,GSM615101,5,4,expanded_pam50,0,0.2980943621716862
GSE25055,GSM615102,5,0,expanded_pam50,0,0.3629812665341053
GSE25055,GSM615104,5,4,expanded_pam50,0,0.38035221246175993
GSE25055,GSM615106,5,4,expanded_pam50,0,0.3526511252159672
GSE25055,GSM615107,5,2,expanded_pam50,0,0.41933580266531506
GSE25055,GSM615108,5,1,expanded_pam50,0,0.0030461582967229277
GSE25055,GSM615109,5,2,expanded_pam50,0,0.3096827998287948
GSE25055,GSM615111,5,0,expanded_pam50,0,0.24006484689828184
GSE25055,GSM615112,5,1,expanded_pam50,0,0.3076899684527994
GSE25055,GSM615113,5,3,expanded_pam50,0,0.4697496657906876
GSE25055,GSM615114,5,1,expanded_pam50,0,0.03484003662544094
GSE25055,GSM615115,5,3,expanded_pam50,0,0.12626289577662622
GSE25055,GSM615116,5,3,expanded_pam50,0,0.7412392467070704
GSE25055,GSM615117,5,3,expanded_pam50,0,0.2189120513977093
GSE25055,GSM615120,5,3,expanded_pam50,0,0.0106070608029628
GSE25055,GSM615121,5,4,expanded_pam50,0,0.16133840572609473
GSE25055,GSM615122,5,4,expanded_pam50,1,0.04125289483915345
GSE25055,GSM615123,5,1,expanded_pam50,1,0.08897587328804636
GSE25055,GSM615124,5,3,expanded_pam50,0,0.046451753919642014
GSE25055,GSM615125,5,3,expanded_pam50,0,0.07339208572258246
GSE25055,GSM615126,5,2,expanded_pam50,0,0.05023219415797682
GSE25055,GSM615127,5,4,expanded_pam50,0,0.03218181466318378
GSE25055,GSM615128,5,4,expanded_pam50,0,0.07088253461117006
GSE25055,GSM615129,5,2,expanded_pam50,0,0.095509421166517
GSE25055,GSM615130,5,0,expanded_pam50,0,0.02124101369076723
GSE25055,GSM615131,5,0,expanded_pam50,0,0.04564643972679043
GSE25055,GSM615132,5,3,expanded_pam50,0,0.04335686636682743
GSE25055,GSM615133,5,1,expanded_pam50,0,0.0159549924894913
GSE25055,GSM615134,5,0,expanded_pam50,0,0.03533712903535662
GSE25055,GSM615135,5,2,expanded_pam50,0,0.27404397617987364
GSE25055,GSM615136,5,0,expanded_pam50,0,0.3109054021357098
GSE25055,GSM615137,5,4,expanded_pam50,1,0.22337178381673978
GSE25055,GSM615138,5,2,expanded_pam50,0,0.06333615689807834
GSE25055,GSM615139,5,3,expanded_pam50,1,0.29423971839643415
GSE25055,GSM615140,5,1,expanded_pam50,1,0.007793359198968996
GSE25055,GSM615142,5,1,expanded_pam50,0,0.07483094205013562
GSE25055,GSM615143,5,0,expanded_pam50,1,0.22597917173616694
GSE25055,GSM615144,5,4,expanded_pam50,0,0.024951820873141902
GSE25055,GSM615145,5,4,expanded_pam50,0,0.32532399848280213
GSE25055,GSM615146,5,1,expanded_pam50,1,0.38337916440286035
GSE25055,GSM615147,5,1,expanded_pam50,0,0.06762757510267076
GSE25055,GSM615148,5,3,expanded_pam50,0,0.3754037139315572
GSE25055,GSM615149,5,0,expanded_pam50,0,0.3614138623718029
GSE25055,GSM615150,5,3,expanded_pam50,0,0.039834489728785935
GSE25055,GSM615151,5,4,expanded_pam50,0,0.26624941979655226
GSE25055,GSM615153,5,1,expanded_pam50,0,0.03509277149031857
GSE25055,GSM615154,5,0,expanded_pam50,1,0.4934231990052028
GSE25055,GSM615155,5,1,expanded_pam50,0,0.11280510022452231
GSE25055,GSM615156,5,4,expanded_pam50,0,0.4966613328846527
GSE25055,GSM615157,5,3,expanded_pam50,0,0.08774112084271003
GSE25055,GSM615158,5,2,expanded_pam50,0,0.009860202013925106
GSE25055,GSM615159,5,0,expanded_pam50,0,0.2271497920438317
GSE25055,GSM615160,5,4,expanded_pam50,0,0.4373311317049784
GSE25055,GSM615162,5,2,expanded_pam50,0,0.00917881363442843
GSE25055,GSM615164,5,0,expanded_pam50,1,0.24739679238063125
GSE25055,GSM615165,5,2,expanded_pam50,0,0.07458653898316482
GSE25055,GSM615166,5,4,expanded_pam50,0,0.05224828722882179
GSE25055,GSM615167,5,2,expanded_pam50,1,0.19688913383336834
GSE25055,GSM615168,5,3,expanded_pam50,0,0.09919143786502047
GSE25055,GSM615169,5,0,expanded_pam50,0,0.3495821970775872
GSE25055,GSM615170,5,2,expanded_pam50,0,0.025394754143837142
GSE25055,GSM615171,5,3,expanded_pam50,1,0.46864275934719746
GSE25055,GSM615172,5,4,expanded_pam50,0,0.026275422495825835
GSE25055,GSM615173,5,3,expanded_pam50,0,0.19151120828183232
GSE25055,GSM615174,5,1,expanded_pam50,0,0.14012057246692272
GSE25055,GSM615175,5,0,expanded_pam50,1,0.24632994574716796
GSE25055,GSM615176,5,2,expanded_pam50,0,0.012813064440790953
GSE25055,GSM615177,5,4,expanded_pam50,0,0.058754103945241366
GSE25055,GSM615178,5,1,expanded_pam50,0,0.36721547820176165
GSE25055,GSM615179,5,4,expanded_pam50,0,0.02898093593434493
GSE25055,GSM615180,5,0,expanded_pam50,0,0.027278342081048422
GSE25055,GSM615181,5,3,expanded_pam50,1,0.34369231697183683
GSE25055,GSM615182,5,2,expanded_pam50,0,0.3302120908304794
GSE25055,GSM615183,5,0,expanded_pam50,0,0.05248252419764214
GSE25055,GSM615184,5,1,expanded_pam50,0,0.25467428080265403
GSE25055,GSM615185,5,0,expanded_pam50,0,0.388706119584413
GSE25055,GSM615186,5,2,expanded_pam50,1,0.011878620636455686
GSE25055,GSM615187,5,1,expanded_pam50,0,0.029633015060972268
GSE25055,GSM615188,5,1,expanded_pam50,0,0.12008565232392886
GSE25055,GSM615189,5,1,expanded_pam50,0,0.24809475129835534
GSE25055,GSM615190,5,2,expanded_pam50,0,0.5392070187982533
GSE25055,GSM615191,5,2,expanded_pam50,1,0.5082303460789488
GSE25055,GSM615192,5,4,expanded_pam50,0,0.032955259551865165
GSE25055,GSM615193,5,1,expanded_pam50,1,0.3731285953799456
GSE25055,GSM615194,5,4,expanded_pam50,1,0.3401682729435615
GSE25055,GSM615195,5,4,expanded_pam50,0,0.4314808682186839
GSE25055,GSM615196,5,0,expanded_pam50,0,0.08036619229872634
GSE25055,GSM615197,5,3,expanded_pam50,0,0.2624252396441367
GSE25055,GSM615198,5,1,expanded_pam50,0,0.03309412798703845
GSE25055,GSM615199,5,4,expanded_pam50,0,0.04440214835984721
GSE25055,GSM615200,5,3,expanded_pam50,0,0.16205502659471993
GSE25055,GSM615201,5,3,expanded_pam50,1,0.09479517917946692
GSE25055,GSM615202,5,1,expanded_pam50,1,0.3572631183183509
GSE25055,GSM615203,5,3,expanded_pam50,0,0.02644000502665569
GSE25055,GSM615204,5,1,expanded_pam50,0,0.055460497675854745
GSE25055,GSM615205,5,4,expanded_pam50,0,0.04322080216593877
GSE25055,GSM615206,5,2,expanded_pam50,0,0.09083834213020392
GSE25055,GSM615207,5,2,expanded_pam50,0,0.03830131114553926
GSE25055,GSM615208,5,0,expanded_pam50,0,0.03243785679201408
GSE25055,GSM615209,5,4,expanded_pam50,1,0.38158919409346764
GSE25055,GSM615210,5,1,expanded_pam50,0,0.05813980506132019
GSE25055,GSM615211,5,0,expanded_pam50,1,0.5142197873490393
GSE25055,GSM615212,5,2,expanded_pam50,1,0.47695730830188676
GSE25055,GSM615213,5,3,expanded_pam50,1,0.33045169238853606
GSE25055,GSM615214,5,0,expanded_pam50,0,0.07069127301890211
GSE25055,GSM615215,5,4,expanded_pam50,1,0.35532406892860574
GSE25055,GSM615216,5,4,expanded_pam50,0,0.04173819614110086
GSE25055,GSM615217,5,1,expanded_pam50,0,0.03518251351059105
GSE25055,GSM615218,5,3,expanded_pam50,0,0.23424970830378344
GSE25055,GSM615219,5,0,expanded_pam50,0,0.136703890648538
GSE25055,GSM615220,5,2,expanded_pam50,0,0.0754411426210863
GSE25055,GSM615221,5,1,expanded_pam50,0,0.0604251676003615
GSE25055,GSM615222,5,0,expanded_pam50,0,0.029934665740870166
GSE25055,GSM615223,5,2,expanded_pam50,0,0.31847392551461323
GSE25055,GSM615224,5,4,expanded_pam50,0,0.03212038974796446
GSE25055,GSM615225,5,1,expanded_pam50,0,0.23672300232004034
GSE25055,GSM615226,5,4,expanded_pam50,0,0.01934210313061921
GSE25055,GSM615227,5,1,expanded_pam50,0,0.05964508830954728
GSE25055,GSM615228,5,1,expanded_pam50,0,0.24077953344063235
GSE25055,GSM615229,5,1,expanded_pam50,0,0.09391213071446874
GSE25055,GSM615230,5,1,expanded_pam50,0,0.12353226581625766
GSE25055,GSM615231,5,3,expanded_pam50,0,0.037308152066133006
GSE25055,GSM615232,5,4,expanded_pam50,0,0.02898093593434493
GSE25055,GSM615233,5,0,expanded_pam50,0,0.023627659183826512
GSE25055,GSM615234,5,3,expanded_pam50,0,0.2343846209626794
GSE25055,GSM615235,5,2,expanded_pam50,0,0.06706672507931125
GSE25055,GSM615236,5,3,expanded_pam50,0,0.09816260684787796
GSE25055,GSM615237,5,4,expanded_pam50,0,0.0384215697772828
GSE25055,GSM615238,5,0,expanded_pam50,0,0.14634478813192722
GSE25055,GSM615239,5,0,expanded_pam50,0,0.06285468050427184
GSE25055,GSM615240,5,1,expanded_pam50,1,0.44571388570805653
GSE25055,GSM615241,5,4,expanded_pam50,0,0.019085497190981165
GSE25055,GSM615242,5,1,expanded_pam50,1,0.3559472218057872
GSE25055,GSM615243,5,0,expanded_pam50,0,0.025607053260123403
GSE25055,GSM615244,5,2,expanded_pam50,0,0.5106005865712782
GSE25055,GSM615245,5,2,expanded_pam50,0,0.038489676866756584
GSE25055,GSM615246,5,4,expanded_pam50,0,0.06203441185563452
GSE25055,GSM615247,5,0,expanded_pam50,0,0.14961229723309938
GSE25055,GSM615248,5,1,expanded_pam50,0,0.1424469883992246
GSE25055,GSM615249,5,3,expanded_pam50,0,0.13332527995145083
GSE25055,GSM615250,5,2,expanded_pam50,0,0.44213339343527724
GSE25055,GSM615251,5,1,expanded_pam50,0,0.45826747697213205
GSE25055,GSM615252,5,1,expanded_pam50,0,0.034905338120710276
GSE25055,GSM615253,5,0,expanded_pam50,0,0.15180344527718267
GSE25055,GSM615254,5,4,expanded_pam50,0,0.03354327701629185
GSE25055,GSM615255,5,4,expanded_pam50,0,0.3679457430467107
GSE25055,GSM615256,5,4,expanded_pam50,1,0.11579334038069297
GSE25055,GSM615257,5,2,expanded_pam50,0,0.008314648232272437
GSE25055,GSM615258,5,3,expanded_pam50,0,0.08323888472059955
GSE25055,GSM615259,5,0,expanded_pam50,0,0.02046277354297421
GSE25055,GSM615260,5,3,expanded_pam50,0,0.4286364657931928
GSE25055,GSM615261,5,1,expanded_pam50,0,0.048816422627095304
GSE25055,GSM615262,5,4,expanded_pam50,0,0.017239208291818613
GSE25055,GSM615263,5,3,expanded_pam50,1,0.16902526947330476
GSE25055,GSM615264,5,2,expanded_pam50,1,0.4939449159222769
GSE25055,GSM615265,5,3,expanded_pam50,0,0.3198590042799955
GSE25055,GSM615266,5,2,expanded_pam50,0,0.018616933958753506
GSE25055,GSM615267,5,4,expanded_pam50,0,0.08526219781502158
GSE25055,GSM615268,5,0,expanded_pam50,0,0.04516573169871984
GSE25055,GSM615269,5,0,expanded_pam50,0,0.09027068382447222
GSE25055,GSM615270,5,1,expanded_pam50,1,0.2907042754974742
GSE25055,GSM615271,5,1,expanded_pam50,0,0.07810821038495795
GSE25055,GSM615272,5,2,expanded_pam50,0,0.03075007545923286
GSE25055,GSM615273,5,2,expanded_pam50,0,0.029593119622902148
GSE25055,GSM615274,5,0,expanded_pam50,0,0.10096345332485744
GSE25055,GSM615275,5,3,expanded_pam50,0,0.1026159858782615
GSE25055,GSM615276,5,0,expanded_pam50,0,0.33600985584255233
GSE25055,GSM615277,5,4,expanded_pam50,0,0.032694014335778225
GSE25055,GSM615278,5,0,expanded_pam50,0,0.05187498371749761
GSE25055,GSM615279,5,4,expanded_pam50,0,0.05109985203697544
GSE25055,GSM615280,5,0,expanded_pam50,1,0.07350557784017185
GSE25055,GSM615281,5,4,expanded_pam50,0,0.08121502344711724
GSE25055,GSM615282,5,1,expanded_pam50,0,0.04624480579339484
GSE25055,GSM615283,5,2,expanded_pam50,0,0.0378185166561157
GSE25055,GSM615284,5,1,expanded_pam50,1,0.2603752173852359
GSE25055,GSM615285,5,3,expanded_pam50,0,0.10756391858402539
GSE25055,GSM615286,5,2,expanded_pam50,0,0.07110492570868306
GSE25055,GSM615287,5,0,expanded_pam50,0,0.1469195061795254
GSE25055,GSM615288,5,2,expanded_pam50,0,0.6149258771006778
GSE25055,GSM615289,5,3,expanded_pam50,0,0.0650195590842976
GSE25055,GSM615290,5,1,expanded_pam50,0,0.05267362769346467
GSE25055,GSM615291,5,0,expanded_pam50,1,0.428641815391202
GSE25055,GSM615292,5,3,expanded_pam50,0,0.05803013253780594
GSE25055,GSM615293,5,1,expanded_pam50,1,0.49935124936415576
GSE25055,GSM615294,5,0,expanded_pam50,0,0.14086804933363561
GSE25055,GSM615295,5,3,expanded_pam50,0,0.1863306573628857
GSE25055,GSM615296,5,0,expanded_pam50,0,0.017060036598908836
GSE25055,GSM615297,5,2,expanded_pam50,0,0.38938960373886544
GSE25055,GSM615298,5,3,expanded_pam50,0,0.06396564953976057
GSE25055,GSM615299,5,0,expanded_pam50,0,0.07006408968023976
GSE25055,GSM615300,5,4,expanded_pam50,1,0.37535033386469213
GSE25055,GSM615301,5,2,expanded_pam50,0,0.23010148371335698
GSE25055,GSM615302,5,1,expanded_pam50,0,0.10317547263750744
GSE25055,GSM615303,5,3,expanded_pam50,0,0.20387513472197522
GSE25055,GSM615304,5,3,expanded_pam50,0,0.1869183021219913
GSE25055,GSM615305,5,3,expanded_pam50,0,0.07405637256635235
GSE25055,GSM615306,5,0,expanded_pam50,0,0.023389421970239667
GSE25055,GSM615307,5,3,expanded_pam50,1,0.5097119241746049
GSE25055,GSM615308,5,3,expanded_pam50,0,0.14001677141352006
GSE25055,GSM615309,5,1,expanded_pam50,0,0.06588379182164925
GSE25055,GSM615310,5,2,expanded_pam50,1,0.16448621670205388
GSE25055,GSM615311,5,3,expanded_pam50,0,0.04616377089977618
GSE25055,GSM615312,5,2,expanded_pam50,0,0.1498096692214809
GSE25055,GSM615313,5,4,expanded_pam50,0,0.028165943992833252
GSE25055,GSM615314,5,0,expanded_pam50,0,0.03154935866202804
GSE25055,GSM615315,5,3,expanded_pam50,0,0.303875865695227
GSE25055,GSM615316,5,2,expanded_pam50,0,0.04190536091894179
GSE25055,GSM615317,5,1,expanded_pam50,0,0.44884643303152666
GSE25055,GSM615318,5,2,expanded_pam50,0,0.02185798106008521
GSE25055,GSM615319,5,4,expanded_pam50,0,0.3388399842979963
GSE25055,GSM615320,5,0,expanded_pam50,0,0.49629196395592917
GSE25055,GSM615321,5,3,expanded_pam50,0,0.44329075455134104
GSE25055,GSM615322,5,0,expanded_pam50,0,0.23590253276306875
GSE25055,GSM615323,5,1,expanded_pam50,0,0.22340610944559036
GSE25055,GSM615324,5,3,expanded_pam50,1,0.5549961941998254
GSE25055,GSM615325,5,2,expanded_pam50,1,0.555712925122131
GSE25055,GSM615326,5,1,expanded_pam50,0,0.18062921226156492
GSE25055,GSM615327,5,3,expanded_pam50,0,0.23469490812377197
GSE25055,GSM615328,5,0,expanded_pam50,0,0.01730226820004631
GSE25055,GSM615329,5,4,expanded_pam50,0,0.04253890843387817
GSE25055,GSM615330,5,2,expanded_pam50,0,0.2804630031176659
GSE25055,GSM615331,5,1,expanded_pam50,1,0.16307456819868485
GSE25055,GSM615332,5,0,expanded_pam50,0,0.11113888389500601
GSE25055,GSM615333,5,2,expanded_pam50,0,0.2308414545711372
GSE25055,GSM615334,5,3,expanded_pam50,1,0.30477478588827056
GSE25055,GSM615335,5,4,expanded_pam50,0,0.4133352873604501
GSE25055,GSM615336,5,3,expanded_pam50,1,0.4469498649502055
GSE25055,GSM615337,5,2,expanded_pam50,0,0.030923399299739057
GSE25055,GSM615338,5,4,expanded_pam50,1,0.37535033386469213
GSE25055,GSM615339,5,1,expanded_pam50,0,0.03269105656393803
GSE25055,GSM615340,5,0,expanded_pam50,0,0.06518281247467413
GSE25055,GSM615341,5,3,expanded_pam50,0,0.05803013253780594
GSE25055,GSM615342,5,2,expanded_pam50,0,0.24978337374025072
GSE25055,GSM615343,5,4,expanded_pam50,0,0.21951967131594993
GSE25055,GSM615344,5,3,expanded_pam50,0,0.3361843306925287
GSE25055,GSM615345,5,1,expanded_pam50,0,0.16015173503190913
GSE25055,GSM615346,5,3,expanded_pam50,0,0.4727028422444805
GSE25055,GSM615347,5,3,expanded_pam50,0,0.29905279677981067
GSE25055,GSM615348,5,2,expanded_pam50,0,0.47857564817988474
GSE25055,GSM615349,5,2,expanded_pam50,0,0.03215234585958666
GSE25055,GSM615350,5,0,expanded_pam50,0,0.17650737321109639
GSE25055,GSM615351,5,1,expanded_pam50,0,0.015639789639391482
GSE25055,GSM615352,5,4,expanded_pam50,0,0.007649879690227245
GSE25055,GSM615353,5,2,expanded_pam50,1,0.14873923664666366
GSE25055,GSM615354,5,3,expanded_pam50,1,0.25099380321287174
GSE25055,GSM615355,5,2,expanded_pam50,0,0.03433755459471448
GSE25055,GSM615356,5,0,expanded_pam50,0,0.3303700297452316
GSE25055,GSM615357,5,2,expanded_pam50,1,0.4166547963149546
GSE25055,GSM615358,5,2,expanded_pam50,0,0.02496271838846749
GSE25055,GSM615359,5,2,expanded_pam50,1,0.277208380991554
GSE25055,GSM615360,5,3,expanded_pam50,0,0.05335781051378707
GSE25055,GSM615361,5,1,expanded_pam50,0,0.1599981447098973
GSE25055,GSM615362,5,3,expanded_pam50,0,0.01656249919926332
GSE25055,GSM615363,5,2,expanded_pam50,0,0.5448348067063394
GSE25055,GSM615364,5,4,expanded_pam50,0,0.5251520405253984
GSE25055,GSM615365,5,2,expanded_pam50,0,0.02124319751460385
GSE25055,GSM615366,5,2,expanded_pam50,0,0.011751723490217164
GSE25055,GSM615367,5,0,expanded_pam50,0,0.10101928956050243
GSE25055,GSM615368,5,1,expanded_pam50,0,0.5088536514286135
GSE25055,GSM615369,5,1,expanded_pam50,0,0.4394619523409408
GSE25055,GSM615370,5,1,expanded_pam50,0,0.042751771632306874
GSE25055,GSM615371,5,4,expanded_pam50,1,0.3154937073385742
GSE25055,GSM615372,5,0,expanded_pam50,0,0.4998782413646449
GSE25055,GSM615373,5,2,expanded_pam50,0,0.07162058511805423
GSE25055,GSM615374,5,1,expanded_pam50,0,0.010145541514486428
GSE25055,GSM615375,5,2,expanded_pam50,1,0.21532725802152733
GSE25055,GSM615376,5,2,expanded_pam50,0,0.2178428812991002
GSE25055,GSM615377,5,1,expanded_pam50,0,0.01997613437342242
GSE25055,GSM615378,5,3,expanded_pam50,0,0.47639697667624276
GSE25055,GSM615379,5,0,expanded_pam50,1,0.21102959131414087
GSE25055,GSM615380,5,4,expanded_pam50,0,0.4223818902249333
GSE25055,GSM615381,5,4,expanded_pam50,0,0.034004167659991
GSE25055,GSM615382,5,4,expanded_pam50,0,0.37107099577864644
GSE25055,GSM615383,5,0,expanded_pam50,1,0.02387698172698836
GSE25055,GSM615384,5,4,expanded_pam50,0,0.3178021697367016
GSE25055,GSM615385,5,3,expanded_pam50,0,0.19879148721199363
GSE25055,GSM615386,5,1,expanded_pam50,0,0.05211188859903235
GSE25055,GSM615387,5,4,expanded_pam50,0,0.4986504962110066
GSE25055,GSM615388,5,4,expanded_pam50,0,0.03416132692386842
GSE25055,GSM615389,5,0,expanded_pam50,0,0.035249573888202455
GSE25055,GSM615390,5,0,expanded_pam50,0,0.4747952057886552
GSE25055,GSM615391,5,2,expanded_pam50,0,0.052829219600101965
GSE25055,GSM615392,5,0,expanded_pam50,0,0.2039533346278291
GSE25055,GSM615393,5,0,expanded_pam50,1,0.36539625632954564
GSE25055,GSM615394,5,0,expanded_pam50,1,0.28825628778871726
GSE25055,GSM615395,5,0,expanded_pam50,0,0.0358117742474302
GSE25055,GSM615396,5,0,expanded_pam50,1,0.4027020322626242
GSE25055,GSM615397,5,4,expanded_pam50,1,0.20143171277074332
GSE25055,GSM615398,5,0,expanded_pam50,0,0.06415787724129589
GSE25055,GSM615399,5,2,expanded_pam50,0,0.02000089056462206
GSE25055,GSM615400,5,1,expanded_pam50,0,0.027643351990075258
GSE25055,GSM615401,5,1,expanded_pam50,0,0.0733814141848145
GSE25055,GSM615402,5,3,expanded_pam50,0,0.02521513995567349
GSE25055,GSM615403,5,3,expanded_pam50,0,0.11708381160979216
GSE25055,GSM615404,5,4,expanded_pam50,0,0.07934170858562502
GSE25055,GSM615405,5,4,expanded_pam50,0,0.1860087986470572
GSE25055,GSM615096,5,1,expanded_pam50_score,0,0.04530123601340306
GSE25055,GSM615097,5,4,expanded_pam50_score,0,0.032376803348646746
GSE25055,GSM615098,5,2,expanded_pam50_score,0,0.45022666340046297
GSE25055,GSM615099,5,4,expanded_pam50_score,1,0.6082210910358906
GSE25055,GSM615100,5,3,expanded_pam50_score,0,0.07015804251989793
GSE25055,GSM615101,5,4,expanded_pam50_score,0,0.3650592025853095
GSE25055,GSM615102,5,0,expanded_pam50_score,0,0.3780470161446477
GSE25055,GSM615104,5,4,expanded_pam50_score,0,0.29672224469695097
GSE25055,GSM615106,5,4,expanded_pam50_score,0,0.19521827765358662
GSE25055,GSM615107,5,2,expanded_pam50_score,0,0.41273419717097903
GSE25055,GSM615108,5,1,expanded_pam50_score,0,0.00525653010966191
GSE25055,GSM615109,5,2,expanded_pam50_score,0,0.40719054519281994
GSE25055,GSM615111,5,0,expanded_pam50_score,0,0.14005661799098262
GSE25055,GSM615112,5,1,expanded_pam50_score,0,0.35073292617960716
GSE25055,GSM615113,5,3,expanded_pam50_score,0,0.4888588075224516
GSE25055,GSM615114,5,1,expanded_pam50_score,0,0.030947757838531615
GSE25055,GSM615115,5,3,expanded_pam50_score,0,0.13161952620700174
GSE25055,GSM615116,5,3,expanded_pam50_score,0,0.6403868413246583
GSE25055,GSM615117,5,3,expanded_pam50_score,0,0.2746139367145688
GSE25055,GSM615120,5,3,expanded_pam50_score,0,0.010235110127292207
GSE25055,GSM615121,5,4,expanded_pam50_score,0,0.08045388533225152
GSE25055,GSM615122,5,4,expanded_pam50_score,1,0.026094452672098426
GSE25055,GSM615123,5,1,expanded_pam50_score,1,0.21327257241286932
GSE25055,GSM615124,5,3,expanded_pam50_score,0,0.04365645994824693
GSE25055,GSM615125,5,3,expanded_pam50_score,0,0.0557437712265586
GSE25055,GSM615126,5,2,expanded_pam50_score,0,0.05479029855038854
GSE25055,GSM615127,5,4,expanded_pam50_score,0,0.03971577837019199
GSE25055,GSM615128,5,4,expanded_pam50_score,0,0.03578020419823356
GSE25055,GSM615129,5,2,expanded_pam50_score,0,0.06518804893332214
GSE25055,GSM615130,5,0,expanded_pam50_score,0,0.010324471612177725
GSE25055,GSM615131,5,0,expanded_pam50_score,0,0.03438084453082776
GSE25055,GSM615132,5,3,expanded_pam50_score,0,0.04055801056558058
GSE25055,GSM615133,5,1,expanded_pam50_score,0,0.016422682011161094
GSE25055,GSM615134,5,0,expanded_pam50_score,0,0.032474615730524625
GSE25055,GSM615135,5,2,expanded_pam50_score,0,0.26361008928879054
GSE25055,GSM615136,5,0,expanded_pam50_score,0,0.34648729212896534
GSE25055,GSM615137,5,4,expanded_pam50_score,1,0.16092195453344849
GSE25055,GSM615138,5,2,expanded_pam50_score,0,0.0515499573013475
GSE25055,GSM615139,5,3,expanded_pam50_score,1,0.43553257331307893
GSE25055,GSM615140,5,1,expanded_pam50_score,1,0.014274810044186823
GSE25055,GSM615142,5,1,expanded_pam50_score,0,0.05823079696549936
GSE25055,GSM615143,5,0,expanded_pam50_score,1,0.18048442898998754
GSE25055,GSM615144,5,4,expanded_pam50_score,0,0.02540096138844478
GSE25055,GSM615145,5,4,expanded_pam50_score,0,0.582245232654161
GSE25055,GSM615146,5,1,expanded_pam50_score,1,0.3641016181007769
GSE25055,GSM615147,5,1,expanded_pam50_score,0,0.05354658914377167
GSE25055,GSM615148,5,3,expanded_pam50_score,0,0.3698823147790403
GSE25055,GSM615149,5,0,expanded_pam50_score,0,0.2523505190568565
GSE25055,GSM615150,5,3,expanded_pam50_score,0,0.030658022699322045
GSE25055,GSM615151,5,4,expanded_pam50_score,0,0.3384026740514032
GSE25055,GSM615153,5,1,expanded_pam50_score,0,0.04428957666374603
GSE25055,GSM615154,5,0,expanded_pam50_score,1,0.36475711417981094
GSE25055,GSM615155,5,1,expanded_pam50_score,0,0.15358387526392428
GSE25055,GSM615156,5,4,expanded_pam50_score,0,0.35980039410715464
GSE25055,GSM615157,5,3,expanded_pam50_score,0,0.05708874897934705
GSE25055,GSM615158,5,2,expanded_pam50_score,0,0.011919673290577429
GSE25055,GSM615159,5,0,expanded_pam50_score,0,0.06528760581377055
GSE25055,GSM615160,5,4,expanded_pam50_score,0,0.37843993608974097
GSE25055,GSM615162,5,2,expanded_pam50_score,0,0.007558537329433717
GSE25055,GSM615164,5,0,expanded_pam50_score,1,0.39422474634064353
GSE25055,GSM615165,5,2,expanded_pam50_score,0,0.06431211241666457
GSE25055,GSM615166,5,4,expanded_pam50_score,0,0.09577248245925306
GSE25055,GSM615167,5,2,expanded_pam50_score,1,0.13454893186719205
GSE25055,GSM615168,5,3,expanded_pam50_score,0,0.06637905444653089
GSE25055,GSM615169,5,0,expanded_pam50_score,0,0.33089182517296806
GSE25055,GSM615170,5,2,expanded_pam50_score,0,0.020163528076236233
GSE25055,GSM615171,5,3,expanded_pam50_score,1,0.38783068012120786
GSE25055,GSM615172,5,4,expanded_pam50_score,0,0.021637755565944897
GSE25055,GSM615173,5,3,expanded_pam50_score,0,0.13557141984587467
GSE25055,GSM615174,5,1,expanded_pam50_score,0,0.13764710699655325
GSE25055,GSM615175,5,0,expanded_pam50_score,1,0.28677995002492146
GSE25055,GSM615176,5,2,expanded_pam50_score,0,0.012396472944542308
GSE25055,GSM615177,5,4,expanded_pam50_score,0,0.05173206696272126
GSE25055,GSM615178,5,1,expanded_pam50_score,0,0.30058447467523597
GSE25055,GSM615179,5,4,expanded_pam50_score,0,0.033880549092769274
GSE25055,GSM615180,5,0,expanded_pam50_score,0,0.03746104858743932
GSE25055,GSM615181,5,3,expanded_pam50_score,1,0.3438995301134429
GSE25055,GSM615182,5,2,expanded_pam50_score,0,0.37319546200524545
GSE25055,GSM615183,5,0,expanded_pam50_score,0,0.03148036560807056
GSE25055,GSM615184,5,1,expanded_pam50_score,0,0.4090563462689605
GSE25055,GSM615185,5,0,expanded_pam50_score,0,0.2731297046787024
GSE25055,GSM615186,5,2,expanded_pam50_score,1,0.0124895224088129
GSE25055,GSM615187,5,1,expanded_pam50_score,0,0.04825268629941705
GSE25055,GSM615188,5,1,expanded_pam50_score,0,0.13624164759199853
GSE25055,GSM615189,5,1,expanded_pam50_score,0,0.18699101040288643
GSE25055,GSM615190,5,2,expanded_pam50_score,0,0.5218459896602211
GSE25055,GSM615191,5,2,expanded_pam50_score,1,0.6600146416615399
GSE25055,GSM615192,5,4,expanded_pam50_score,0,0.0281144093503754
GSE25055,GSM615193,5,1,expanded_pam50_score,1,0.4273760160944313
GSE25055,GSM615194,5,4,expanded_pam50_score,1,0.44620573095419447
GSE25055,GSM615195,5,4,expanded_pam50_score,0,0.6062927554451943
GSE25055,GSM615196,5,0,expanded_pam50_score,0,0.10752022510944445
GSE25055,GSM615197,5,3,expanded_pam50_score,0,0.31833002557257906
GSE25055,GSM615198,5,1,expanded_pam50_score,0,0.02620773069426408
GSE25055,GSM615199,5,4,expanded_pam50_score,0,0.053756112819617514
GSE25055,GSM615200,5,3,expanded_pam50_score,0,0.23203336016193452
GSE25055,GSM615201,5,3,expanded_pam50_score,1,0.12988091172219413
GSE25055,GSM615202,5,1,expanded_pam50_score,1,0.496228956143952
GSE25055,GSM615203,5,3,expanded_pam50_score,0,0.015866760171410813
GSE25055,GSM615204,5,1,expanded_pam50_score,0,0.038706602650976724
GSE25055,GSM615205,5,4,expanded_pam50_score,0,0.03492093461409817
GSE25055,GSM615206,5,2,expanded_pam50_score,0,0.049868660687397565
GSE25055,GSM615207,5,2,expanded_pam50_score,0,0.026145232536257588
GSE25055,GSM615208,5,0,expanded_pam50_score,0,0.022911851250363213
GSE25055,GSM615209,5,4,expanded_pam50_score,1,0.4835732040901171
GSE25055,GSM615210,5,1,expanded_pam50_score,0,0.030371378215946487
GSE25055,GSM615211,5,0,expanded_pam50_score,1,0.6756564691404011
GSE25055,GSM615212,5,2,expanded_pam50_score,1,0.2786399967620942
GSE25055,GSM615213,5,3,expanded_pam50_score,1,0.3503017009800729
GSE25055,GSM615214,5,0,expanded_pam50_score,0,0.031011480999024052
GSE25055,GSM615215,5,4,expanded_pam50_score,1,0.2743541910813534
GSE25055,GSM615216,5,4,expanded_pam50_score,0,0.054939557388049745
GSE25055,GSM615217,5,1,expanded_pam50_score,0,0.0391878170463263
GSE25055,GSM615218,5,3,expanded_pam50_score,0,0.2069914220971812
GSE25055,GSM615219,5,0,expanded_pam50_score,0,0.0956785901980702
GSE25055,GSM615220,5,2,expanded_pam50_score,0,0.0238044740393885
GSE25055,GSM615221,5,1,expanded_pam50_score,0,0.056581922915710015
GSE25055,GSM615222,5,0,expanded_pam50_score,0,0.01698242165838742
GSE25055,GSM615223,5,2,expanded_pam50_score,0,0.17651590499267003
GSE25055,GSM615224,5,4,expanded_pam50_score,0,0.010636948401836223
GSE25055,GSM615225,5,1,expanded_pam50_score,0,0.19568529557078634
GSE25055,GSM615226,5,4,expanded_pam50_score,0,0.01416895931616885
GSE25055,GSM615227,5,1,expanded_pam50_score,0,0.07871644272341256
GSE25055,GSM615228,5,1,expanded_pam50_score,0,0.21920565945481366
GSE25055,GSM615229,5,1,expanded_pam50_score,0,0.036398421293974165
GSE25055,GSM615230,5,1,expanded_pam50_score,0,0.04146253002798052
GSE25055,GSM615231,5,3,expanded_pam50_score,0,0.027448397799925802
GSE25055,GSM615232,5,4,expanded_pam50_score,0,0.014904961750640745
GSE25055,GSM615233,5,0,expanded_pam50_score,0,0.013945650935727857
GSE25055,GSM615234,5,3,expanded_pam50_score,0,0.17521256373953614
GSE25055,GSM615235,5,2,expanded_pam50_score,0,0.12083968488849069
GSE25055,GSM615236,5,3,expanded_pam50_score,0,0.09354185991984544
GSE25055,GSM615237,5,4,expanded_pam50_score,0,0.024870481875335068
GSE25055,GSM615238,5,0,expanded_pam50_score,0,0.05997431849434015
GSE25055,GSM615239,5,0,expanded_pam50_score,0,0.06772862276189823
GSE25055,GSM615240,5,1,expanded_pam50_score,1,0.1843400085942052
GSE25055,GSM615241,5,4,expanded_pam50_score,0,0.023546506187751788
GSE25055,GSM615242,5,1,expanded_pam50_score,1,0.38700953485618833
GSE25055,GSM615243,5,0,expanded_pam50_score,0,0.014035803605058005
GSE25055,GSM615244,5,2,expanded_pam50_score,0,0.29371262780146923
GSE25055,GSM615245,5,2,expanded_pam50_score,0,0.0684557139740249
GSE25055,GSM615246,5,4,expanded_pam50_score,0,0.09105125085550798
GSE25055,GSM615247,5,0,expanded_pam50_score,0,0.12597617068542963
GSE25055,GSM615248,5,1,expanded_pam50_score,0,0.2561202554102585
GSE25055,GSM615249,5,3,expanded_pam50_score,0,0.08556636795210215
GSE25055,GSM615250,5,2,expanded_pam50_score,0,0.5308862136982565
GSE25055,GSM615251,5,1,expanded_pam50_score,0,0.4758460977162486
GSE25055,GSM615252,5,1,expanded_pam50_score,0,0.02037895263533974
GSE25055,GSM615253,5,0,expanded_pam50_score,0,0.16274966520952974
GSE25055,GSM615254,5,4,expanded_pam50_score,0,0.02483018403366411
GSE25055,GSM615255,5,4,expanded_pam50_score,0,0.28938418000160393
GSE25055,GSM615256,5,4,expanded_pam50_score,1,0.13743785566168956
GSE25055,GSM615257,5,2,expanded_pam50_score,0,0.004523306657387082
GSE25055,GSM615258,5,3,expanded_pam50_score,0,0.10010300579504022
GSE25055,GSM615259,5,0,expanded_pam50_score,0,0.011742321503781827
GSE25055,GSM615260,5,3,expanded_pam50_score,0,0.5089850797520611
GSE25055,GSM615261,5,1,expanded_pam50_score,0,0.05959039983904707
GSE25055,GSM615262,5,4,expanded_pam50_score,0,0.012914853124304937
GSE25055,GSM615263,5,3,expanded_pam50_score,1,0.22666512839324646
GSE25055,GSM615264,5,2,expanded_pam50_score,1,0.3222327702694834
GSE25055,GSM615265,5,3,expanded_pam50_score,0,0.24994738225452487
GSE25055,GSM615266,5,2,expanded_pam50_score,0,0.03129411342232246
GSE25055,GSM615267,5,4,expanded_pam50_score,0,0.0769489036144284
GSE25055,GSM615268,5,0,expanded_pam50_score,0,0.07765418408853628
GSE25055,GSM615269,5,0,expanded_pam50_score,0,0.059869622165430104
GSE25055,GSM615270,5,1,expanded_pam50_score,1,0.40390727410264143
GSE25055,GSM615271,5,1,expanded_pam50_score,0,0.13190755031276516
GSE25055,GSM615272,5,2,expanded_pam50_score,0,0.02303813551965789
GSE25055,GSM615273,5,2,expanded_pam50_score,0,0.04574946685930057
GSE25055,GSM615274,5,0,expanded_pam50_score,0,0.19038214920776067
GSE25055,GSM615275,5,3,expanded_pam50_score,0,0.1627267637174646
GSE25055,GSM615276,5,0,expanded_pam50_score,0,0.23174858411718757
GSE25055,GSM615277,5,4,expanded_pam50_score,0,0.036128043808560606
GSE25055,GSM615278,5,0,expanded_pam50_score,0,0.03957135579164746
GSE25055,GSM615279,5,4,expanded_pam50_score,0,0.03859251727065385
GSE25055,GSM615280,5,0,expanded_pam50_score,1,0.08031480130006957
GSE25055,GSM615281,5,4,expanded_pam50_score,0,0.08259751060514087
GSE25055,GSM615282,5,1,expanded_pam50_score,0,0.04241016254194963
GSE25055,GSM615283,5,2,expanded_pam50_score,0,0.055562731697929815
GSE25055,GSM615284,5,1,expanded_pam50_score,1,0.2903366125533938
GSE25055,GSM615285,5,3,expanded_pam50_score,0,0.07016377276611449
GSE25055,GSM615286,5,2,expanded_pam50_score,0,0.12793818186863534
GSE25055,GSM615287,5,0,expanded_pam50_score,0,0.2114992231794469
GSE25055,GSM615288,5,2,expanded_pam50_score,0,0.6320569982150188
GSE25055,GSM615289,5,3,expanded_pam50_score,0,0.1125547116661618
GSE25055,GSM615290,5,1,expanded_pam50_score,0,0.13028996078357205
GSE25055,GSM615291,5,0,expanded_pam50_score,1,0.37521071511329424
GSE25055,GSM615292,5,3,expanded_pam50_score,0,0.06213607769026999
GSE25055,GSM615293,5,1,expanded_pam50_score,1,0.7075774643498628
GSE25055,GSM615294,5,0,expanded_pam50_score,0,0.21113267791427068
GSE25055,GSM615295,5,3,expanded_pam50_score,0,0.1381305306371777
GSE25055,GSM615296,5,0,expanded_pam50_score,0,0.020851428574563066
GSE25055,GSM615297,5,2,expanded_pam50_score,0,0.5009698374268572
GSE25055,GSM615298,5,3,expanded_pam50_score,0,0.06590298992992241
GSE25055,GSM615299,5,0,expanded_pam50_score,0,0.03557510037608745
GSE25055,GSM615300,5,4,expanded_pam50_score,1,0.2492424111234806
GSE25055,GSM615301,5,2,expanded_pam50_score,0,0.220853361913065
GSE25055,GSM615302,5,1,expanded_pam50_score,0,0.09014745080212291
GSE25055,GSM615303,5,3,expanded_pam50_score,0,0.20323685436383768
GSE25055,GSM615304,5,3,expanded_pam50_score,0,0.1110839864898279
GSE25055,GSM615305,5,3,expanded_pam50_score,0,0.07329178975427603
GSE25055,GSM615306,5,0,expanded_pam50_score,0,0.01675689381232053
GSE25055,GSM615307,5,3,expanded_pam50_score,1,0.68091384473262
GSE25055,GSM615308,5,3,expanded_pam50_score,0,0.09059651940515824
GSE25055,GSM615309,5,1,expanded_pam50_score,0,0.04624466567946881
GSE25055,GSM615310,5,2,expanded_pam50_score,1,0.3385859412569444
GSE25055,GSM615311,5,3,expanded_pam50_score,0,0.03303610745765391
GSE25055,GSM615312,5,2,expanded_pam50_score,0,0.14299490287455144
GSE25055,GSM615313,5,4,expanded_pam50_score,0,0.020503790118859146
GSE25055,GSM615314,5,0,expanded_pam50_score,0,0.018146118961821247
GSE25055,GSM615315,5,3,expanded_pam50_score,0,0.3746674576432675
GSE25055,GSM615316,5,2,expanded_pam50_score,0,0.021723949809278734
GSE25055,GSM615317,5,1,expanded_pam50_score,0,0.4687826007579698
GSE25055,GSM615318,5,2,expanded_pam50_score,0,0.01654504686621719
GSE25055,GSM615319,5,4,expanded_pam50_score,0,0.20720580952473755
GSE25055,GSM615320,5,0,expanded_pam50_score,0,0.6374785559055631
GSE25055,GSM615321,5,3,expanded_pam50_score,0,0.44124574865760885
GSE25055,GSM615322,5,0,expanded_pam50_score,0,0.3145459603501911
GSE25055,GSM615323,5,1,expanded_pam50_score,0,0.11395796552742951
GSE25055,GSM615324,5,3,expanded_pam50_score,1,0.6974875863388594
GSE25055,GSM615325,5,2,expanded_pam50_score,1,0.6407529345298629
GSE25055,GSM615326,5,1,expanded_pam50_score,0,0.37373184130141096
GSE25055,GSM615327,5,3,expanded_pam50_score,0,0.24430896668872226
GSE25055,GSM615328,5,0,expanded_pam50_score,0,0.011261999899097548
GSE25055,GSM615329,5,4,expanded_pam50_score,0,0.027035751560653406
GSE25055,GSM615330,5,2,expanded_pam50_score,0,0.13088325846696305
GSE25055,GSM615331,5,1,expanded_pam50_score,1,0.0837499691583786
GSE25055,GSM615332,5,0,expanded_pam50_score,0,0.1695616957398624
GSE25055,GSM615333,5,2,expanded_pam50_score,0,0.20906727026559924
GSE25055,GSM615334,5,3,expanded_pam50_score,1,0.4539831229137544
GSE25055,GSM615335,5,4,expanded_pam50_score,0,0.3819354508753487
GSE25055,GSM615336,5,3,expanded_pam50_score,1,0.525325406092793
GSE25055,GSM615337,5,2,expanded_pam50_score,0,0.031206338488344733
GSE25055,GSM615338,5,4,expanded_pam50_score,1,0.31961257214132416
GSE25055,GSM615339,5,1,expanded_pam50_score,0,0.019228817026408232
GSE25055,GSM615340,5,0,expanded_pam50_score,0,0.021693594465618356
GSE25055,GSM615341,5,3,expanded_pam50_score,0,0.04429907541628162
GSE25055,GSM615342,5,2,expanded_pam50_score,0,0.15901694180450363
GSE25055,GSM615343,5,4,expanded_pam50_score,0,0.2033006513093656
GSE25055,GSM615344,5,3,expanded_pam50_score,0,0.24481173825724611
GSE25055,GSM615345,5,1,expanded_pam50_score,0,0.0678945558440748
GSE25055,GSM615346,5,3,expanded_pam50_score,0,0.5104982873368774
GSE25055,GSM615347,5,3,expanded_pam50_score,0,0.318439529519989
GSE25055,GSM615348,5,2,expanded_pam50_score,0,0.4559387278869523
GSE25055,GSM615349,5,2,expanded_pam50_score,0,0.028842847131080193
GSE25055,GSM615350,5,0,expanded_pam50_score,0,0.11019867420706174
GSE25055,GSM615351,5,1,expanded_pam50_score,0,0.025108198666436266
GSE25055,GSM615352,5,4,expanded_pam50_score,0,0.004197168493917188
GSE25055,GSM615353,5,2,expanded_pam50_score,1,0.13132748747411188
GSE25055,GSM615354,5,3,expanded_pam50_score,1,0.2863183940709323
GSE25055,GSM615355,5,2,expanded_pam50_score,0,0.05035314921880299
GSE25055,GSM615356,5,0,expanded_pam50_score,0,0.2160690136151382
GSE25055,GSM615357,5,2,expanded_pam50_score,1,0.5062921151337013
GSE25055,GSM615358,5,2,expanded_pam50_score,0,0.018321110082297736
GSE25055,GSM615359,5,2,expanded_pam50_score,1,0.3999206453466419
GSE25055,GSM615360,5,3,expanded_pam50_score,0,0.05086171875707156
GSE25055,GSM615361,5,1,expanded_pam50_score,0,0.17698950755773
GSE25055,GSM615362,5,3,expanded_pam50_score,0,0.016420564675360006
GSE25055,GSM615363,5,2,expanded_pam50_score,0,0.3715054793300338
GSE25055,GSM615364,5,4,expanded_pam50_score,0,0.5678228884832754
GSE25055,GSM615365,5,2,expanded_pam50_score,0,0.022391692645381447
GSE25055,GSM615366,5,2,expanded_pam50_score,0,0.010934264178087119
GSE25055,GSM615367,5,0,expanded_pam50_score,0,0.06157557695769787
GSE25055,GSM615368,5,1,expanded_pam50_score,0,0.6627780186174815
GSE25055,GSM615369,5,1,expanded_pam50_score,0,0.27060043282419083
GSE25055,GSM615370,5,1,expanded_pam50_score,0,0.060468505524266816
GSE25055,GSM615371,5,4,expanded_pam50_score,1,0.27976130643395175
GSE25055,GSM615372,5,0,expanded_pam50_score,0,0.4742693913200981
GSE25055,GSM615373,5,2,expanded_pam50_score,0,0.07991149835442894
GSE25055,GSM615374,5,1,expanded_pam50_score,0,0.007432865966912838
GSE25055,GSM615375,5,2,expanded_pam50_score,1,0.4902928238756671
GSE25055,GSM615376,5,2,expanded_pam50_score,0,0.14451114756481795
GSE25055,GSM615377,5,1,expanded_pam50_score,0,0.008086555641780199
GSE25055,GSM615378,5,3,expanded_pam50_score,0,0.4458035904638033
GSE25055,GSM615379,5,0,expanded_pam50_score,1,0.11991643088023664
GSE25055,GSM615380,5,4,expanded_pam50_score,0,0.5835078314979607
GSE25055,GSM615381,5,4,expanded_pam50_score,0,0.009694227484041534
GSE25055,GSM615382,5,4,expanded_pam50_score,0,0.17051173237577494
GSE25055,GSM615383,5,0,expanded_pam50_score,1,0.013116973196597378
GSE25055,GSM615384,5,4,expanded_pam50_score,0,0.19478009602991866
GSE25055,GSM615385,5,3,expanded_pam50_score,0,0.11270093619748815
GSE25055,GSM615386,5,1,expanded_pam50_score,0,0.02204488433664991
GSE25055,GSM615387,5,4,expanded_pam50_score,0,0.32502130308569904
GSE25055,GSM615388,5,4,expanded_pam50_score,0,0.02872115964293739
GSE25055,GSM615389,5,0,expanded_pam50_score,0,0.046049634014195186
GSE25055,GSM615390,5,0,expanded_pam50_score,0,0.5369167891218632
GSE25055,GSM615391,5,2,expanded_pam50_score,0,0.030072598131213577
GSE25055,GSM615392,5,0,expanded_pam50_score,0,0.23626137870550343
GSE25055,GSM615393,5,0,expanded_pam50_score,1,0.2170111757405232
GSE25055,GSM615394,5,0,expanded_pam50_score,1,0.1796618009065639
GSE25055,GSM615395,5,0,expanded_pam50_score,0,0.01989000878933728
GSE25055,GSM615396,5,0,expanded_pam50_score,1,0.4079456324446003
GSE25055,GSM615397,5,4,expanded_pam50_score,1,0.2648586701828961
GSE25055,GSM615398,5,0,expanded_pam50_score,0,0.05781833711060793
GSE25055,GSM615399,5,2,expanded_pam50_score,0,0.020205963174237375
GSE25055,GSM615400,5,1,expanded_pam50_score,0,0.024556230917471965
GSE25055,GSM615401,5,1,expanded_pam50_score,0,0.07880866692563933
GSE25055,GSM615402,5,3,expanded_pam50_score,0,0.026889361508530017
GSE25055,GSM615403,5,3,expanded_pam50_score,0,0.1616187003587397
GSE25055,GSM615404,5,4,expanded_pam50_score,0,0.0493338421280219
GSE25055,GSM615405,5,4,expanded_pam50_score,0,0.31034229348727355
GSE25055,GSM615096,6,3,expanded,0,0.0436325619545814
GSE25055,GSM615097,6,1,expanded,0,0.0381426282159225
GSE25055,GSM615098,6,3,expanded,0,0.39141699400549074
GSE25055,GSM615099,6,0,expanded,1,0.3231309691583784
GSE25055,GSM615100,6,4,expanded,0,0.05353160129397953
GSE25055,GSM615101,6,0,expanded,0,0.23437250262923395
GSE25055,GSM615102,6,3,expanded,0,0.5064486249867751
GSE25055,GSM615104,6,3,expanded,0,0.3434362864981991
GSE25055,GSM615106,6,4,expanded,0,0.33037687850757846
GSE25055,GSM615107,6,4,expanded,0,0.3862042356001043
GSE25055,GSM615108,6,2,expanded,0,0.2525218052754518
GSE25055,GSM615109,6,3,expanded,0,0.2845905041407906
GSE25055,GSM615111,6,2,expanded,0,0.24044149112928867
GSE25055,GSM615112,6,0,expanded,0,0.15696677994260122
GSE25055,GSM615113,6,0,expanded,0,0.3100710085091861
GSE25055,GSM615114,6,4,expanded,0,0.03741135774983793
GSE25055,GSM615115,6,4,expanded,0,0.16677223940714628
GSE25055,GSM615116,6,3,expanded,0,0.7752484188681699
GSE25055,GSM615117,6,1,expanded,0,0.16688066703123586
GSE25055,GSM615120,6,0,expanded,0,0.005860248635793758
GSE25055,GSM615121,6,0,expanded,0,0.1753177337499275
GSE25055,GSM615122,6,3,expanded,1,0.03381270012159826
GSE25055,GSM615123,6,0,expanded,1,0.049472879402706296
GSE25055,GSM615124,6,1,expanded,0,0.0201426563988421
GSE25055,GSM615125,6,0,expanded,0,0.0256117731200135
GSE25055,GSM615126,6,1,expanded,0,0.11054365803025248
GSE25055,GSM615127,6,1,expanded,0,0.054160049567185495
GSE25055,GSM615128,6,0,expanded,0,0.021132576695544792
GSE25055,GSM615129,6,4,expanded,0,0.10218057099544592
GSE25055,GSM615130,6,1,expanded,0,0.02760110042929465
GSE25055,GSM615131,6,1,expanded,0,0.10417860500475347
GSE25055,GSM615132,6,0,expanded,0,0.023103413906624536
GSE25055,GSM615133,6,1,expanded,0,0.01305949574723508
GSE25055,GSM615134,6,2,expanded,0,0.03453624326155089
GSE25055,GSM615135,6,0,expanded,0,0.41801544138907687
GSE25055,GSM615136,6,3,expanded,0,0.2791395932319665
GSE25055,GSM615137,6,3,expanded,1,0.15904573218100793
GSE25055,GSM615138,6,0,expanded,0,0.07864078919042124
GSE25055,GSM615139,6,3,expanded,1,0.3882562302552337
GSE25055,GSM615140,6,1,expanded,1,0.006214830336665232
GSE25055,GSM615142,6,3,expanded,0,0.07922341781914062
GSE25055,GSM615143,6,4,expanded,1,0.21288202291405206
GSE25055,GSM615144,6,3,expanded,0,0.027877024487108427
GSE25055,GSM615145,6,2,expanded,0,0.3141733192562947
GSE25055,GSM615146,6,1,expanded,1,0.46095818836293967
GSE25055,GSM615147,6,0,expanded,0,0.020574312601315505
GSE25055,GSM615148,6,3,expanded,0,0.3791465767666139
GSE25055,GSM615149,6,0,expanded,0,0.4619077589170248
GSE25055,GSM615150,6,4,expanded,0,0.04586082404446336
GSE25055,GSM615151,6,4,expanded,0,0.21714877243386624
GSE25055,GSM615153,6,2,expanded,0,0.03822659181735457
GSE25055,GSM615154,6,2,expanded,1,0.46643100498632234
GSE25055,GSM615155,6,4,expanded,0,0.07202737769636156
GSE25055,GSM615156,6,2,expanded,0,0.47496022626046996
GSE25055,GSM615157,6,2,expanded,0,0.08724335951325185
GSE25055,GSM615158,6,1,expanded,0,0.0111135510843658
GSE25055,GSM615159,6,2,expanded,0,0.40824294767954444
GSE25055,GSM615160,6,0,expanded,0,0.5108804931908849
GSE25055,GSM615162,6,3,expanded,0,0.007017750110580965
GSE25055,GSM615164,6,2,expanded,1,0.24395765205052133
GSE25055,GSM615165,6,3,expanded,0,0.06185006851923435
GSE25055,GSM615166,6,2,expanded,0,0.031148074052351066
GSE25055,GSM615167,6,1,expanded,1,0.1795102650585366
GSE25055,GSM615168,6,4,expanded,0,0.07159668196068572
GSE25055,GSM615169,6,0,expanded,0,0.4350378085206917
GSE25055,GSM615170,6,2,expanded,0,0.02899219993775013
GSE25055,GSM615171,6,3,expanded,1,0.46047739692414486
GSE25055,GSM615172,6,4,expanded,0,0.03306538325247196
GSE25055,GSM615173,6,2,expanded,0,0.21803591098013228
GSE25055,GSM615174,6,1,expanded,0,0.19734331666549385
GSE25055,GSM615175,6,4,expanded,1,0.2688251985394993
GSE25055,GSM615176,6,2,expanded,0,0.012839741073371484
GSE25055,GSM615177,6,2,expanded,0,0.10050782437936463
GSE25055,GSM615178,6,3,expanded,0,0.3829620424147323
GSE25055,GSM615179,6,2,expanded,0,0.03893720057295416
GSE25055,GSM615180,6,3,expanded,0,0.024013046096324833
GSE25055,GSM615181,6,2,expanded,1,0.33427126072879815
GSE25055,GSM615182,6,0,expanded,0,0.20733028292125227
GSE25055,GSM615183,6,2,expanded,0,0.08563341295027939
GSE25055,GSM615184,6,0,expanded,0,0.22027595024327531
GSE25055,GSM615185,6,1,expanded,0,0.4201816389271115
GSE25055,GSM615186,6,3,expanded,1,0.008767039173473915
GSE25055,GSM615187,6,2,expanded,0,0.03412411752203552
GSE25055,GSM615188,6,0,expanded,0,0.133155615658054
GSE25055,GSM615189,6,0,expanded,0,0.23822812664603493
GSE25055,GSM615190,6,1,expanded,0,0.470373908601334
GSE25055,GSM615191,6,4,expanded,1,0.30769383379300386
GSE25055,GSM615192,6,1,expanded,0,0.051146372551987784
GSE25055,GSM615193,6,4,expanded,1,0.4576293221020446
GSE25055,GSM615194,6,0,expanded,1,0.31512969709127925
GSE25055,GSM615195,6,0,expanded,0,0.5101705459096576
GSE25055,GSM615196,6,3,expanded,0,0.10148491465653718
GSE25055,GSM615197,6,1,expanded,0,0.3159598456132273
GSE25055,GSM615198,6,4,expanded,0,0.03474196602580645
GSE25055,GSM615199,6,4,expanded,0,0.07407726488052435
GSE25055,GSM615200,6,0,expanded,0,0.15972776984797374
GSE25055,GSM615201,6,2,expanded,1,0.08153570205393543
GSE25055,GSM615202,6,3,expanded,1,0.3651001471071878
GSE25055,GSM615203,6,3,expanded,0,0.01354193605114037
GSE25055,GSM615204,6,1,expanded,0,0.07822703281230534
GSE25055,GSM615205,6,4,expanded,0,0.08483988699585693
GSE25055,GSM615206,6,1,expanded,0,0.14201863632404513
GSE25055,GSM615207,6,4,expanded,0,0.045209780150625795
GSE25055,GSM615208,6,0,expanded,0,0.0205100150180692
GSE25055,GSM615209,6,1,expanded,1,0.3650959776870456
GSE25055,GSM615210,6,2,expanded,0,0.060297821099768965
GSE25055,GSM615211,6,0,expanded,1,0.5963942317540928
GSE25055,GSM615212,6,2,expanded,1,0.3165356165292914
GSE25055,GSM615213,6,1,expanded,1,0.2998827614610478
GSE25055,GSM615214,6,2,expanded,0,0.07880536264026614
GSE25055,GSM615215,6,1,expanded,1,0.4220634156872438
GSE25055,GSM615216,6,3,expanded,0,0.028177326830337596
GSE25055,GSM615217,6,1,expanded,0,0.05018838405754153
GSE25055,GSM615218,6,2,expanded,0,0.2267160956258573
GSE25055,GSM615219,6,4,expanded,0,0.1214341074533885
GSE25055,GSM615220,6,3,expanded,0,0.08287213808719537
GSE25055,GSM615221,6,0,expanded,0,0.07540480310120722
GSE25055,GSM615222,6,1,expanded,0,0.034883601741439806
GSE25055,GSM615223,6,1,expanded,0,0.28342720249205605
GSE25055,GSM615224,6,2,expanded,0,0.0410395684366995
GSE25055,GSM615225,6,4,expanded,0,0.22067989777183886
GSE25055,GSM615226,6,2,expanded,0,0.012994934268582012
GSE25055,GSM615227,6,2,expanded,0,0.0682014788707371
GSE25055,GSM615228,6,4,expanded,0,0.29430361828933654
GSE25055,GSM615229,6,1,expanded,0,0.07591925571119108
GSE25055,GSM615230,6,4,expanded,0,0.08631688823056663
GSE25055,GSM615231,6,3,expanded,0,0.022983323274688775
GSE25055,GSM615232,6,1,expanded,0,0.04652389146361601
GSE25055,GSM615233,6,3,expanded,0,0.005444289041847272
GSE25055,GSM615234,6,1,expanded,0,0.23951717344286835
GSE25055,GSM615235,6,0,expanded,0,0.037017329510955134
GSE25055,GSM615236,6,3,expanded,0,0.0773077496191518
GSE25055,GSM615237,6,3,expanded,0,0.04013040534088067
GSE25055,GSM615238,6,0,expanded,0,0.07840955335304217
GSE25055,GSM615239,6,4,expanded,0,0.10667192806377096
GSE25055,GSM615240,6,2,expanded,1,0.4419933575441057
GSE25055,GSM615241,6,1,expanded,0,0.02610979324321094
GSE25055,GSM615242,6,4,expanded,1,0.3513228426838519
GSE25055,GSM615243,6,1,expanded,0,0.05620105888091456
GSE25055,GSM615244,6,3,expanded,0,0.5188270480969712
GSE25055,GSM615245,6,4,expanded,0,0.07662493661530273
GSE25055,GSM615246,6,1,expanded,0,0.08146280280195932
GSE25055,GSM615247,6,3,expanded,0,0.20217356029282613
GSE25055,GSM615248,6,3,expanded,0,0.0962371317062409
GSE25055,GSM615249,6,2,expanded,0,0.12108071715608117
GSE25055,GSM615250,6,0,expanded,0,0.4528307401894107
GSE25055,GSM615251,6,2,expanded,0,0.4555428414157715
GSE25055,GSM615252,6,2,expanded,0,0.03412484256457335
GSE25055,GSM615253,6,4,expanded,0,0.13185576545654445
GSE25055,GSM615254,6,3,expanded,0,0.0342677253231695
GSE25055,GSM615255,6,0,expanded,0,0.43508138945956915
GSE25055,GSM615256,6,4,expanded,1,0.13893975577032897
GSE25055,GSM615257,6,3,expanded,0,0.004834928503274932
GSE25055,GSM615258,6,4,expanded,0,0.0553823023252463
GSE25055,GSM615259,6,3,expanded,0,0.027755649711396473
GSE25055,GSM615260,6,1,expanded,0,0.2746330465821042
GSE25055,GSM615261,6,3,expanded,0,0.07415418924980074
GSE25055,GSM615262,6,2,expanded,0,0.03504205129493215
GSE25055,GSM615263,6,2,expanded,1,0.21493711061858128
GSE25055,GSM615264,6,4,expanded,1,0.3421319478591492
GSE25055,GSM615265,6,2,expanded,0,0.39210131690805644
GSE25055,GSM615266,6,4,expanded,0,0.02249312388251508
GSE25055,GSM615267,6,1,expanded,0,0.0804760881300852
GSE25055,GSM615268,6,2,expanded,0,0.045811395333628754
GSE25055,GSM615269,6,2,expanded,0,0.0794150925024358
GSE25055,GSM615270,6,0,expanded,1,0.4425140914216758
GSE25055,GSM615271,6,0,expanded,0,0.04263423959105669
GSE25055,GSM615272,6,1,expanded,0,0.03857494581639404
GSE25055,GSM615273,6,1,expanded,0,0.051316768944559804
GSE25055,GSM615274,6,0,expanded,0,0.03539808639318095
GSE25055,GSM615275,6,2,expanded,0,0.10721105169821646
GSE25055,GSM615276,6,2,expanded,0,0.3251921253658897
GSE25055,GSM615277,6,1,expanded,0,0.049411807065140936
GSE25055,GSM615278,6,4,expanded,0,0.07545709244039922
GSE25055,GSM615279,6,1,expanded,0,0.049411807065140936
GSE25055,GSM615280,6,0,expanded,1,0.0885396777932021
GSE25055,GSM615281,6,3,expanded,0,0.06107336840339342
GSE25055,GSM615282,6,2,expanded,0,0.03151791934179344
GSE25055,GSM615283,6,4,expanded,0,0.10181645426038757
GSE25055,GSM615284,6,4,expanded,1,0.25372129639611884
GSE25055,GSM615285,6,2,expanded,0,0.09939782090469432
GSE25055,GSM615286,6,4,expanded,0,0.09375491592765779
GSE25055,GSM615287,6,4,expanded,0,0.20083291133495668
GSE25055,GSM615288,6,1,expanded,0,0.5537251575442131
GSE25055,GSM615289,6,0,expanded,0,0.04023716615023553
GSE25055,GSM615290,6,3,expanded,0,0.025433302127187776
GSE25055,GSM615291,6,3,expanded,1,0.373965972552753
GSE25055,GSM615292,6,2,expanded,0,0.07268355517145147
GSE25055,GSM615293,6,1,expanded,1,0.4861569169337794
GSE25055,GSM615294,6,4,expanded,0,0.14513497476821843
GSE25055,GSM615295,6,2,expanded,0,0.23399923668131606
GSE25055,GSM615296,6,1,expanded,0,0.026966819808472882
GSE25055,GSM615297,6,0,expanded,0,0.42463851190794155
GSE25055,GSM615298,6,4,expanded,0,0.07160773067011392
GSE25055,GSM615299,6,0,expanded,0,0.05037175100697895
GSE25055,GSM615300,6,1,expanded,1,0.36049170315800183
GSE25055,GSM615301,6,0,expanded,0,0.27780572263527037
GSE25055,GSM615302,6,3,expanded,0,0.045054943037015766
GSE25055,GSM615303,6,1,expanded,0,0.18229038637635406
GSE25055,GSM615304,6,3,expanded,0,0.14750954339904288
GSE25055,GSM615305,6,3,expanded,0,0.06328635071259003
GSE25055,GSM615306,6,4,expanded,0,0.03612875052608815
GSE25055,GSM615307,6,2,expanded,1,0.4965075731129015
GSE25055,GSM615308,6,3,expanded,0,0.11601992157957446
GSE25055,GSM615309,6,2,expanded,0,0.07140641527117286
GSE25055,GSM615310,6,0,expanded,1,0.10783878036831081
GSE25055,GSM615311,6,1,expanded,0,0.04776530076333552
GSE25055,GSM615312,6,0,expanded,0,0.15516322141270525
GSE25055,GSM615313,6,3,expanded,0,0.013347814057402771
GSE25055,GSM615314,6,4,expanded,0,0.04192379764316691
GSE25055,GSM615315,6,2,expanded,0,0.28940232045260583
GSE25055,GSM615316,6,0,expanded,0,0.052503665605083454
GSE25055,GSM615317,6,1,expanded,0,0.4075603913835529
GSE25055,GSM615318,6,0,expanded,0,0.030250724836297378
GSE25055,GSM615319,6,2,expanded,0,0.39210131690805644
GSE25055,GSM615320,6,0,expanded,0,0.5596015571518771
GSE25055,GSM615321,6,0,expanded,0,0.4844322353949987
GSE25055,GSM615322,6,2,expanded,0,0.23646275697506455
GSE25055,GSM615323,6,1,expanded,0,0.3134818212454679
GSE25055,GSM615324,6,4,expanded,1,0.5291933142765405
GSE25055,GSM615325,6,3,expanded,1,0.563376134415497
GSE25055,GSM615326,6,4,expanded,0,0.11997208516167832
GSE25055,GSM615327,6,3,expanded,0,0.2715669532083626
GSE25055,GSM615328,6,4,expanded,0,0.031108732077929392
GSE25055,GSM615329,6,3,expanded,0,0.043734540407607325
GSE25055,GSM615330,6,3,expanded,0,0.25712971685761193
GSE25055,GSM615331,6,4,expanded,1,0.09026842420660805
GSE25055,GSM615332,6,0,expanded,0,0.04195910075169568
GSE25055,GSM615333,6,3,expanded,0,0.1742888074114317
GSE25055,GSM615334,6,1,expanded,1,0.26752957021711643
GSE25055,GSM615335,6,2,expanded,0,0.4318864995823628
GSE25055,GSM615336,6,1,expanded,1,0.39797878477189214
GSE25055,GSM615337,6,2,expanded,0,0.07361196681007194
GSE25055,GSM615338,6,3,expanded,1,0.3845317447966197
GSE25055,GSM615339,6,1,expanded,0,0.044788449203272525
GSE25055,GSM615340,6,4,expanded,0,0.07573726092414983
GSE25055,GSM615341,6,3,expanded,0,0.03578450633333798
GSE25055,GSM615342,6,4,expanded,0,0.30965196357915464
GSE25055,GSM615343,6,1,expanded,0,0.30838262956240375
GSE25055,GSM615344,6,4,expanded,0,0.3917052522759711
GSE25055,GSM615345,6,0,expanded,0,0.19159484381068054
GSE25055,GSM615346,6,0,expanded,0,0.5446750123380938
GSE25055,GSM615347,6,4,expanded,0,0.24094749294101314
GSE25055,GSM615348,6,2,expanded,0,0.26766807857979
GSE25055,GSM615349,6,3,expanded,0,0.03602436910475048
GSE25055,GSM615350,6,4,expanded,0,0.16718940891784465
GSE25055,GSM615351,6,2,expanded,0,0.017936223720647706
GSE25055,GSM615352,6,2,expanded,0,0.023201720096400622
GSE25055,GSM615353,6,0,expanded,1,0.12437484932973697
GSE25055,GSM615354,6,1,expanded,1,0.14795802504539077
GSE25055,GSM615355,6,1,expanded,0,0.055153897654908524
GSE25055,GSM615356,6,4,expanded,0,0.3504097212883926
GSE25055,GSM615357,6,2,expanded,1,0.4251794324369239
GSE25055,GSM615358,6,4,expanded,0,0.025756729168406284
GSE25055,GSM615359,6,2,expanded,1,0.23894412265434567
GSE25055,GSM615360,6,0,expanded,0,0.03282526923855615
GSE25055,GSM615361,6,2,expanded,0,0.14706546832291192
GSE25055,GSM615362,6,1,expanded,0,0.012906362542339822
GSE25055,GSM615363,6,1,expanded,0,0.47533846339956665
GSE25055,GSM615364,6,1,expanded,0,0.4712473225783496
GSE25055,GSM615365,6,3,expanded,0,0.02526211032799993
GSE25055,GSM615366,6,0,expanded,0,0.015879592894434476
GSE25055,GSM615367,6,1,expanded,0,0.13070906343884117
GSE25055,GSM615368,6,0,expanded,0,0.6460562963605143
GSE25055,GSM615369,6,4,expanded,0,0.427055920335017
GSE25055,GSM615370,6,4,expanded,0,0.050188832340443225
GSE25055,GSM615371,6,0,expanded,1,0.35998874724731134
GSE25055,GSM615372,6,3,expanded,0,0.48340335514908045
GSE25055,GSM615373,6,2,expanded,0,0.08933766470592325
GSE25055,GSM615374,6,4,expanded,0,0.012938522845549116
GSE25055,GSM615375,6,3,expanded,1,0.2151996196764971
GSE25055,GSM615376,6,4,expanded,0,0.2792824564302548
GSE25055,GSM615377,6,1,expanded,0,0.026874986498290163
GSE25055,GSM615378,6,3,expanded,0,0.47220521596603926
GSE25055,GSM615379,6,3,expanded,1,0.197076325634224
GSE25055,GSM615380,6,4,expanded,0,0.37671334137615836
GSE25055,GSM615381,6,3,expanded,0,0.04312240256928452
GSE25055,GSM615382,6,2,expanded,0,0.28488165327279547
GSE25055,GSM615383,6,0,expanded,1,0.020897132513130582
GSE25055,GSM615384,6,0,expanded,0,0.3684166763023883
GSE25055,GSM615385,6,1,expanded,0,0.12722203679607158
GSE25055,GSM615386,6,0,expanded,0,0.036882223787589714
GSE25055,GSM615387,6,4,expanded,0,0.48139408535021067
GSE25055,GSM615388,6,4,expanded,0,0.03210524916714549
GSE25055,GSM615389,6,3,expanded,0,0.012594990025809931
GSE25055,GSM615390,6,2,expanded,0,0.44875859231343523
GSE25055,GSM615391,6,0,expanded,0,0.02572151899949646
GSE25055,GSM615392,6,1,expanded,0,0.19136654108146606
GSE25055,GSM615393,6,4,expanded,1,0.36392335440290763
GSE25055,GSM615394,6,0,expanded,1,0.27914507149260387
GSE25055,GSM615395,6,1,expanded,0,0.0534502719037481
GSE25055,GSM615396,6,2,expanded,1,0.3879044716317118
GSE25055,GSM615397,6,0,expanded,1,0.22646246772850373
GSE25055,GSM615398,6,0,expanded,0,0.055278557694190135
GSE25055,GSM615399,6,3,expanded,0,0.02199676163399373
GSE25055,GSM615400,6,1,expanded,0,0.021495980248141304
GSE25055,GSM615401,6,0,expanded,0,0.05441456912464702
GSE25055,GSM615402,6,4,expanded,0,0.030025201045200723
GSE25055,GSM615403,6,2,expanded,0,0.12104093029488992
GSE25055,GSM615404,6,0,expanded,0,0.05783611433112464
GSE25055,GSM615405,6,3,expanded,0,0.2116675884966179
GSE25055,GSM615096,6,3,expanded_score,0,0.02844118108722763
GSE25055,GSM615097,6,1,expanded_score,0,0.026324977831995132
GSE25055,GSM615098,6,3,expanded_score,0,0.44252887145039776
GSE25055,GSM615099,6,0,expanded_score,1,0.5388376446826117
GSE25055,GSM615100,6,4,expanded_score,0,0.09386024543439711
GSE25055,GSM615101,6,0,expanded_score,0,0.2850796110113341
GSE25055,GSM615102,6,3,expanded_score,0,0.5365981500088581
GSE25055,GSM615104,6,3,expanded_score,0,0.271615135870162
GSE25055,GSM615106,6,4,expanded_score,0,0.18199294992034412
GSE25055,GSM615107,6,4,expanded_score,0,0.3856325365420229
GSE25055,GSM615108,6,2,expanded_score,0,0.2811359189634518
GSE25055,GSM615109,6,3,expanded_score,0,0.3942265830551172
GSE25055,GSM615111,6,2,expanded_score,0,0.16901084961002874
GSE25055,GSM615112,6,0,expanded_score,0,0.24730863547988693
GSE25055,GSM615113,6,0,expanded_score,0,0.41636400956149966
GSE25055,GSM615114,6,4,expanded_score,0,0.030081159960311812
GSE25055,GSM615115,6,4,expanded_score,0,0.17680990730684154
GSE25055,GSM615116,6,3,expanded_score,0,0.6312749523918623
GSE25055,GSM615117,6,1,expanded_score,0,0.27886899579925095
GSE25055,GSM615120,6,0,expanded_score,0,0.0048679842119874256
GSE25055,GSM615121,6,0,expanded_score,0,0.10439538592282967
GSE25055,GSM615122,6,3,expanded_score,1,0.018881578722412803
GSE25055,GSM615123,6,0,expanded_score,1,0.11390811606723407
GSE25055,GSM615124,6,1,expanded_score,0,0.022822106912449902
GSE25055,GSM615125,6,0,expanded_score,0,0.016749051788652523
GSE25055,GSM615126,6,1,expanded_score,0,0.106131116565082
GSE25055,GSM615127,6,1,expanded_score,0,0.05948826498762902
GSE25055,GSM615128,6,0,expanded_score,0,0.014853875630649062
GSE25055,GSM615129,6,4,expanded_score,0,0.059299794727508515
GSE25055,GSM615130,6,1,expanded_score,0,0.022460818697065975
GSE25055,GSM615131,6,1,expanded_score,0,0.08792918735781659
GSE25055,GSM615132,6,0,expanded_score,0,0.019134463053420765
GSE25055,GSM615133,6,1,expanded_score,0,0.012001876364268364
GSE25055,GSM615134,6,2,expanded_score,0,0.03150111625885225
GSE25055,GSM615135,6,0,expanded_score,0,0.3391063397966897
GSE25055,GSM615136,6,3,expanded_score,0,0.32565482035934507
GSE25055,GSM615137,6,3,expanded_score,1,0.12661632650851212
GSE25055,GSM615138,6,0,expanded_score,0,0.07607101897673835
GSE25055,GSM615139,6,3,expanded_score,1,0.5981887658427901
GSE25055,GSM615140,6,1,expanded_score,1,0.008918298810208196
GSE25055,GSM615142,6,3,expanded_score,0,0.052766628693553176
GSE25055,GSM615143,6,4,expanded_score,1,0.19102407175379196
GSE25055,GSM615144,6,3,expanded_score,0,0.029454350453238954
GSE25055,GSM615145,6,2,expanded_score,0,0.5689278595675777
GSE25055,GSM615146,6,1,expanded_score,1,0.4245702483436958
GSE25055,GSM615147,6,0,expanded_score,0,0.01865565108578404
GSE25055,GSM615148,6,3,expanded_score,0,0.354127590798224
GSE25055,GSM615149,6,0,expanded_score,0,0.37463787792754405
GSE25055,GSM615150,6,4,expanded_score,0,0.02726551804108196
GSE25055,GSM615151,6,4,expanded_score,0,0.3041734760455082
GSE25055,GSM615153,6,2,expanded_score,0,0.05309588985615488
GSE25055,GSM615154,6,2,expanded_score,1,0.3521825618085179
GSE25055,GSM615155,6,4,expanded_score,0,0.10843708910102959
GSE25055,GSM615156,6,2,expanded_score,0,0.34859597643414386
GSE25055,GSM615157,6,2,expanded_score,0,0.054794843733515106
GSE25055,GSM615158,6,1,expanded_score,0,0.012852256887270687
GSE25055,GSM615159,6,2,expanded_score,0,0.1809556657521439
GSE25055,GSM615160,6,0,expanded_score,0,0.46837396213273425
GSE25055,GSM615162,6,3,expanded_score,0,0.005602728169921016
GSE25055,GSM615164,6,2,expanded_score,1,0.40169630686304697
GSE25055,GSM615165,6,3,expanded_score,0,0.05118173008911745
GSE25055,GSM615166,6,2,expanded_score,0,0.05445096684985913
GSE25055,GSM615167,6,1,expanded_score,1,0.10041161880376183
GSE25055,GSM615168,6,4,expanded_score,0,0.033604346200352936
GSE25055,GSM615169,6,0,expanded_score,0,0.4353034659087225
GSE25055,GSM615170,6,2,expanded_score,0,0.02268169902252138
GSE25055,GSM615171,6,3,expanded_score,1,0.32718355517595166
GSE25055,GSM615172,6,4,expanded_score,0,0.027086922750140848
GSE25055,GSM615173,6,2,expanded_score,0,0.10204284337240935
GSE25055,GSM615174,6,1,expanded_score,0,0.20205508666770225
GSE25055,GSM615175,6,4,expanded_score,1,0.32472280613816024
GSE25055,GSM615176,6,2,expanded_score,0,0.01610979463181819
GSE25055,GSM615177,6,2,expanded_score,0,0.07978756807745058
GSE25055,GSM615178,6,3,expanded_score,0,0.3255670527493188
GSE25055,GSM615179,6,2,expanded_score,0,0.04325007646522319
GSE25055,GSM615180,6,3,expanded_score,0,0.031068526997800994
GSE25055,GSM615181,6,2,expanded_score,1,0.3294892924081275
GSE25055,GSM615182,6,0,expanded_score,0,0.24348804691061712
GSE25055,GSM615183,6,2,expanded_score,0,0.05340179430045972
GSE25055,GSM615184,6,0,expanded_score,0,0.34555020688706156
GSE25055,GSM615185,6,1,expanded_score,0,0.33348618611232594
GSE25055,GSM615186,6,3,expanded_score,1,0.008721534479544598
GSE25055,GSM615187,6,2,expanded_score,0,0.04967258599975389
GSE25055,GSM615188,6,0,expanded_score,0,0.14132323388243095
GSE25055,GSM615189,6,0,expanded_score,0,0.19249381909055652
GSE25055,GSM615190,6,1,expanded_score,0,0.4692107541887865
GSE25055,GSM615191,6,4,expanded_score,1,0.4942908227022748
GSE25055,GSM615192,6,1,expanded_score,0,0.042329190444887775
GSE25055,GSM615193,6,4,expanded_score,1,0.4241841202524001
GSE25055,GSM615194,6,0,expanded_score,1,0.4297607269806104
GSE25055,GSM615195,6,0,expanded_score,0,0.6608753438365941
GSE25055,GSM615196,6,3,expanded_score,0,0.1565466680045887
GSE25055,GSM615197,6,1,expanded_score,0,0.3925664857587367
GSE25055,GSM615198,6,4,expanded_score,0,0.024939130955827987
GSE25055,GSM615199,6,4,expanded_score,0,0.08397088224020346
GSE25055,GSM615200,6,0,expanded_score,0,0.2670236517221799
GSE25055,GSM615201,6,2,expanded_score,1,0.13266200323849414
GSE25055,GSM615202,6,3,expanded_score,1,0.5207048839082891
GSE25055,GSM615203,6,3,expanded_score,0,0.006005464941395823
GSE25055,GSM615204,6,1,expanded_score,0,0.05083146294471092
GSE25055,GSM615205,6,4,expanded_score,0,0.08324096899645271
GSE25055,GSM615206,6,1,expanded_score,0,0.08190891800383077
GSE25055,GSM615207,6,4,expanded_score,0,0.02846239644464795
GSE25055,GSM615208,6,0,expanded_score,0,0.014485738059128556
GSE25055,GSM615209,6,1,expanded_score,1,0.47002010160430885
GSE25055,GSM615210,6,2,expanded_score,0,0.030165709751268255
GSE25055,GSM615211,6,0,expanded_score,1,0.7397326895955183
GSE25055,GSM615212,6,2,expanded_score,1,0.15395383165116328
GSE25055,GSM615213,6,1,expanded_score,1,0.31578424147092693
GSE25055,GSM615214,6,2,expanded_score,0,0.034299647853584185
GSE25055,GSM615215,6,1,expanded_score,1,0.3493598651317834
GSE25055,GSM615216,6,3,expanded_score,0,0.041545930667231896
GSE25055,GSM615217,6,1,expanded_score,0,0.04909164988106485
GSE25055,GSM615218,6,2,expanded_score,0,0.19088106728528653
GSE25055,GSM615219,6,4,expanded_score,0,0.10877601105033109
GSE25055,GSM615220,6,3,expanded_score,0,0.018861933083316493
GSE25055,GSM615221,6,0,expanded_score,0,0.05662048780574726
GSE25055,GSM615222,6,1,expanded_score,0,0.018668383177831073
GSE25055,GSM615223,6,1,expanded_score,0,0.14469361028508462
GSE25055,GSM615224,6,2,expanded_score,0,0.013802909410121869
GSE25055,GSM615225,6,4,expanded_score,0,0.18153573008431134
GSE25055,GSM615226,6,2,expanded_score,0,0.010693910414075736
GSE25055,GSM615227,6,2,expanded_score,0,0.09312921311756123
GSE25055,GSM615228,6,4,expanded_score,0,0.23791891433229617
GSE25055,GSM615229,6,1,expanded_score,0,0.023490276733093837
GSE25055,GSM615230,6,4,expanded_score,0,0.030772659277329424
GSE25055,GSM615231,6,3,expanded_score,0,0.01285721687952889
GSE25055,GSM615232,6,1,expanded_score,0,0.025163412789145013
GSE25055,GSM615233,6,3,expanded_score,0,0.003378785324304496
GSE25055,GSM615234,6,1,expanded_score,0,0.14880638876346897
GSE25055,GSM615235,6,0,expanded_score,0,0.07280068947386815
GSE25055,GSM615236,6,3,expanded_score,0,0.06569367287929793
GSE25055,GSM615237,6,3,expanded_score,0,0.02583707096524033
GSE25055,GSM615238,6,0,expanded_score,0,0.03872843036134806
GSE25055,GSM615239,6,4,expanded_score,0,0.10207508455007273
GSE25055,GSM615240,6,2,expanded_score,1,0.17909783333638482
GSE25055,GSM615241,6,1,expanded_score,0,0.02742131648692983
GSE25055,GSM615242,6,4,expanded_score,1,0.38105815245822444
GSE25055,GSM615243,6,1,expanded_score,0,0.03472017627520363
GSE25055,GSM615244,6,3,expanded_score,0,0.2654960984892007
GSE25055,GSM615245,6,4,expanded_score,0,0.13767278917168826
GSE25055,GSM615246,6,1,expanded_score,0,0.10277568715818816
GSE25055,GSM615247,6,3,expanded_score,0,0.15560158426521536
GSE25055,GSM615248,6,3,expanded_score,0,0.1971564711827937
GSE25055,GSM615249,6,2,expanded_score,0,0.06602943713265053
GSE25055,GSM615250,6,0,expanded_score,0,0.5585762394769592
GSE25055,GSM615251,6,2,expanded_score,0,0.46924785107176087
GSE25055,GSM615252,6,2,expanded_score,0,0.021158929545929153
GSE25055,GSM615253,6,4,expanded_score,0,0.14974232769596688
GSE25055,GSM615254,6,3,expanded_score,0,0.024086165028921514
GSE25055,GSM615255,6,0,expanded_score,0,0.3566166497638319
GSE25055,GSM615256,6,4,expanded_score,1,0.17575995712045217
GSE25055,GSM615257,6,3,expanded_score,0,0.0024851984073765974
GSE25055,GSM615258,6,4,expanded_score,0,0.07278990968951657
GSE25055,GSM615259,6,3,expanded_score,0,0.018662696243179507
GSE25055,GSM615260,6,1,expanded_score,0,0.4584536120719902
GSE25055,GSM615261,6,3,expanded_score,0,0.08021219301769801
GSE25055,GSM615262,6,2,expanded_score,0,0.02738583735476512
GSE25055,GSM615263,6,2,expanded_score,1,0.2654285742659967
GSE25055,GSM615264,6,4,expanded_score,1,0.19363664234631103
GSE25055,GSM615265,6,2,expanded_score,0,0.20910961615117885
GSE25055,GSM615266,6,4,expanded_score,0,0.03871838932053029
GSE25055,GSM615267,6,1,expanded_score,0,0.07466285599574551
GSE25055,GSM615268,6,2,expanded_score,0,0.07323968286902707
GSE25055,GSM615269,6,2,expanded_score,0,0.06164172987085393
GSE25055,GSM615270,6,0,expanded_score,1,0.5621724310588907
GSE25055,GSM615271,6,0,expanded_score,0,0.09019372639224736
GSE25055,GSM615272,6,1,expanded_score,0,0.03039261198901829
GSE25055,GSM615273,6,1,expanded_score,0,0.07410755725943856
GSE25055,GSM615274,6,0,expanded_score,0,0.09101219371438544
GSE25055,GSM615275,6,2,expanded_score,0,0.2310019100913015
GSE25055,GSM615276,6,2,expanded_score,0,0.24508489248664542
GSE25055,GSM615277,6,1,expanded_score,0,0.0529806772960216
GSE25055,GSM615278,6,4,expanded_score,0,0.057539583569455224
GSE25055,GSM615279,6,1,expanded_score,0,0.043894283819908106
GSE25055,GSM615280,6,0,expanded_score,1,0.12939400283547117
GSE25055,GSM615281,6,3,expanded_score,0,0.06450478644536603
GSE25055,GSM615282,6,2,expanded_score,0,0.044105064324973735
GSE25055,GSM615283,6,4,expanded_score,0,0.14613830781787543
GSE25055,GSM615284,6,4,expanded_score,1,0.28286408723635237
GSE25055,GSM615285,6,2,expanded_score,0,0.044632434596777
GSE25055,GSM615286,6,4,expanded_score,0,0.2322813719244132
GSE25055,GSM615287,6,4,expanded_score,0,0.2172908765568016
GSE25055,GSM615288,6,1,expanded_score,0,0.5935896691320692
GSE25055,GSM615289,6,0,expanded_score,0,0.08933699807972839
GSE25055,GSM615290,6,3,expanded_score,0,0.08671770261216541
GSE25055,GSM615291,6,3,expanded_score,1,0.3387861452757262
GSE25055,GSM615292,6,2,expanded_score,0,0.0717915702207708
GSE25055,GSM615293,6,1,expanded_score,1,0.6789507732544316
GSE25055,GSM615294,6,4,expanded_score,0,0.18419533167186877
GSE25055,GSM615295,6,2,expanded_score,0,0.12094061422993233
GSE25055,GSM615296,6,1,expanded_score,0,0.0311669033759194
GSE25055,GSM615297,6,0,expanded_score,0,0.5567576050729788
GSE25055,GSM615298,6,4,expanded_score,0,0.06779103826464788
GSE25055,GSM615299,6,0,expanded_score,0,0.027467692049515706
GSE25055,GSM615300,6,1,expanded_score,1,0.2657533952350355
GSE25055,GSM615301,6,0,expanded_score,0,0.25675075531420405
GSE25055,GSM615302,6,3,expanded_score,0,0.04767919315302986
GSE25055,GSM615303,6,1,expanded_score,0,0.17261088693610857
GSE25055,GSM615304,6,3,expanded_score,0,0.06384823838984817
GSE25055,GSM615305,6,3,expanded_score,0,0.04666699912191707
GSE25055,GSM615306,6,4,expanded_score,0,0.026572272399865395
GSE25055,GSM615307,6,2,expanded_score,1,0.7328141771017679
GSE25055,GSM615308,6,3,expanded_score,0,0.05748170439646131
GSE25055,GSM615309,6,2,expanded_score,0,0.05013882269608246
GSE25055,GSM615310,6,0,expanded_score,1,0.2937957769760367
GSE25055,GSM615311,6,1,expanded_score,0,0.026979357700680325
GSE25055,GSM615312,6,0,expanded_score,0,0.15108739966484322
GSE25055,GSM615313,6,3,expanded_score,0,0.009245928458135627
GSE25055,GSM615314,6,4,expanded_score,0,0.02493129676359406
GSE25055,GSM615315,6,2,expanded_score,0,0.4068354550474331
GSE25055,GSM615316,6,0,expanded_score,0,0.023778742073497432
GSE25055,GSM615317,6,1,expanded_score,0,0.43280533770792423
GSE25055,GSM615318,6,0,expanded_score,0,0.01890553692964171
GSE25055,GSM615319,6,2,expanded_score,0,0.2551663201316218
GSE25055,GSM615320,6,0,expanded_score,0,0.6924304876477861
GSE25055,GSM615321,6,0,expanded_score,0,0.4897184202303286
GSE25055,GSM615322,6,2,expanded_score,0,0.33540787735254524
GSE25055,GSM615323,6,1,expanded_score,0,0.13266790686925414
GSE25055,GSM615324,6,4,expanded_score,1,0.7344846717258078
GSE25055,GSM615325,6,3,expanded_score,1,0.6555415428983185
GSE25055,GSM615326,6,4,expanded_score,0,0.3122797935491215
GSE25055,GSM615327,6,3,expanded_score,0,0.30924915277702536
GSE25055,GSM615328,6,4,expanded_score,0,0.021273443326326528
GSE25055,GSM615329,6,3,expanded_score,0,0.027232904593659957
GSE25055,GSM615330,6,3,expanded_score,0,0.10279490681955812
GSE25055,GSM615331,6,4,expanded_score,1,0.049088821455448524
GSE25055,GSM615332,6,0,expanded_score,0,0.06619645247055805
GSE25055,GSM615333,6,3,expanded_score,0,0.19257806442376824
GSE25055,GSM615334,6,1,expanded_score,1,0.4579033032795965
GSE25055,GSM615335,6,2,expanded_score,0,0.40394781070221725
GSE25055,GSM615336,6,1,expanded_score,1,0.4991338705398347
GSE25055,GSM615337,6,2,expanded_score,0,0.06577158237609892
GSE25055,GSM615338,6,3,expanded_score,1,0.34588481907973023
GSE25055,GSM615339,6,1,expanded_score,0,0.02482840225914868
GSE25055,GSM615340,6,4,expanded_score,0,0.04000516542099449
GSE25055,GSM615341,6,3,expanded_score,0,0.02084912111779596
GSE25055,GSM615342,6,4,expanded_score,0,0.21030274977258168
GSE25055,GSM615343,6,1,expanded_score,0,0.3276124962866258
GSE25055,GSM615344,6,4,expanded_score,0,0.1836600305408488
GSE25055,GSM615345,6,0,expanded_score,0,0.08558475215971131
GSE25055,GSM615346,6,0,expanded_score,0,0.6059108585818144
GSE25055,GSM615347,6,4,expanded_score,0,0.2696792361969258
GSE25055,GSM615348,6,2,expanded_score,0,0.2879477529093989
GSE25055,GSM615349,6,3,expanded_score,0,0.03093308205371298
GSE25055,GSM615350,6,4,expanded_score,0,0.10156243824424199
GSE25055,GSM615351,6,2,expanded_score,0,0.029635040152456892
GSE25055,GSM615352,6,2,expanded_score,0,0.013472899435112113
GSE25055,GSM615353,6,0,expanded_score,1,0.11022151031425133
GSE25055,GSM615354,6,1,expanded_score,1,0.17436084335534863
GSE25055,GSM615355,6,1,expanded_score,0,0.0769321252965828
GSE25055,GSM615356,6,4,expanded_score,0,0.21602264432577675
GSE25055,GSM615357,6,2,expanded_score,1,0.516203919873287
GSE25055,GSM615358,6,4,expanded_score,0,0.02161896870078994
GSE25055,GSM615359,6,2,expanded_score,1,0.3935295515580019
GSE25055,GSM615360,6,0,expanded_score,0,0.027104086037557987
GSE25055,GSM615361,6,2,expanded_score,0,0.13659097881684581
GSE25055,GSM615362,6,1,expanded_score,0,0.011585149741287234
GSE25055,GSM615363,6,1,expanded_score,0,0.31556210479504593
GSE25055,GSM615364,6,1,expanded_score,0,0.5155596784806958
GSE25055,GSM615365,6,3,expanded_score,0,0.02289276617370933
GSE25055,GSM615366,6,0,expanded_score,0,0.013947919878467876
GSE25055,GSM615367,6,1,expanded_score,0,0.10451507819495652
GSE25055,GSM615368,6,0,expanded_score,0,0.7826345227220836
GSE25055,GSM615369,6,4,expanded_score,0,0.255032444230692
GSE25055,GSM615370,6,4,expanded_score,0,0.06383939580914869
GSE25055,GSM615371,6,0,expanded_score,1,0.3526548797277189
GSE25055,GSM615372,6,3,expanded_score,0,0.4544017062220663
GSE25055,GSM615373,6,2,expanded_score,0,0.11867572833522372
GSE25055,GSM615374,6,4,expanded_score,0,0.009670820791744946
GSE25055,GSM615375,6,3,expanded_score,1,0.54302123762032
GSE25055,GSM615376,6,4,expanded_score,0,0.19567474128047013
GSE25055,GSM615377,6,1,expanded_score,0,0.011171513857773586
GSE25055,GSM615378,6,3,expanded_score,0,0.4084483787906556
GSE25055,GSM615379,6,3,expanded_score,1,0.1330351389080592
GSE25055,GSM615380,6,4,expanded_score,0,0.5316553176305745
GSE25055,GSM615381,6,3,expanded_score,0,0.012465268962105987
GSE25055,GSM615382,6,2,expanded_score,0,0.13123388460197916
GSE25055,GSM615383,6,0,expanded_score,1,0.012345207915182269
GSE25055,GSM615384,6,0,expanded_score,0,0.2553579652927554
GSE25055,GSM615385,6,1,expanded_score,0,0.05051946633301757
GSE25055,GSM615386,6,0,expanded_score,0,0.014563120788465726
GSE25055,GSM615387,6,4,expanded_score,0,0.31461233597927196
GSE25055,GSM615388,6,4,expanded_score,0,0.025614579575605
GSE25055,GSM615389,6,3,expanded_score,0,0.013034689108700911
GSE25055,GSM615390,6,2,expanded_score,0,0.49985272448985624
GSE25055,GSM615391,6,0,expanded_score,0,0.012677129654189349
GSE25055,GSM615392,6,1,expanded_score,0,0.22331284749682834
GSE25055,GSM615393,6,4,expanded_score,1,0.22935624981486435
GSE25055,GSM615394,6,0,expanded_score,1,0.20614844281803804
GSE25055,GSM615395,6,1,expanded_score,0,0.029002624708363105
GSE25055,GSM615396,6,2,expanded_score,1,0.41079137748922917
GSE25055,GSM615397,6,0,expanded_score,1,0.31099449789411676
GSE25055,GSM615398,6,0,expanded_score,0,0.054116432012502505
GSE25055,GSM615399,6,3,expanded_score,0,0.01958326890591167
GSE25055,GSM615400,6,1,expanded_score,0,0.01743443953729332
GSE25055,GSM615401,6,0,expanded_score,0,0.05892627865566232
GSE25055,GSM615402,6,4,expanded_score,0,0.029304524647410728
GSE25055,GSM615403,6,2,expanded_score,0,0.215904252151144
GSE25055,GSM615404,6,0,expanded_score,0,0.04099749137506931
GSE25055,GSM615405,6,3,expanded_score,0,0.34402285108334246
GSE25055,GSM615096,6,3,expanded_pam50,0,0.02991618450383809
GSE25055,GSM615097,6,1,expanded_pam50,0,0.04323881818733326
GSE25055,GSM615098,6,3,expanded_pam50,0,0.40225816975188994
GSE25055,GSM615099,6,0,expanded_pam50,1,0.3454737566751182
GSE25055,GSM615100,6,4,expanded_pam50,0,0.047618882860751235
GSE25055,GSM615101,6,0,expanded_pam50,0,0.24222559220999562
GSE25055,GSM615102,6,3,expanded_pam50,0,0.5192091104144079
GSE25055,GSM615104,6,3,expanded_pam50,0,0.3495984823623747
GSE25055,GSM615106,6,4,expanded_pam50,0,0.3398542313000071
GSE25055,GSM615107,6,4,expanded_pam50,0,0.3920283635790553
GSE25055,GSM615108,6,2,expanded_pam50,0,0.21327964931379206
GSE25055,GSM615109,6,3,expanded_pam50,0,0.29599931657291206
GSE25055,GSM615111,6,2,expanded_pam50,0,0.24802688043482524
GSE25055,GSM615112,6,0,expanded_pam50,0,0.17394376766704397
GSE25055,GSM615113,6,0,expanded_pam50,0,0.3324722544381846
GSE25055,GSM615114,6,4,expanded_pam50,0,0.03383795052664016
GSE25055,GSM615115,6,4,expanded_pam50,0,0.18764613318817666
GSE25055,GSM615116,6,3,expanded_pam50,0,0.7518463499154193
GSE25055,GSM615117,6,1,expanded_pam50,0,0.24273309369459245
GSE25055,GSM615120,6,0,expanded_pam50,0,0.005515346195770229
GSE25055,GSM615121,6,0,expanded_pam50,0,0.17921040481919584
GSE25055,GSM615122,6,3,expanded_pam50,1,0.022516596176023983
GSE25055,GSM615123,6,0,expanded_pam50,1,0.05338794022066526
GSE25055,GSM615124,6,1,expanded_pam50,0,0.0383299475361203
GSE25055,GSM615125,6,0,expanded_pam50,0,0.02658668726754519
GSE25055,GSM615126,6,1,expanded_pam50,0,0.07926540165327971
GSE25055,GSM615127,6,1,expanded_pam50,0,0.04371862749629508
GSE25055,GSM615128,6,0,expanded_pam50,0,0.024074543386919518
GSE25055,GSM615129,6,4,expanded_pam50,0,0.10112559073232039
GSE25055,GSM615130,6,1,expanded_pam50,0,0.029818939259889286
GSE25055,GSM615131,6,1,expanded_pam50,0,0.07854690604072223
GSE25055,GSM615132,6,0,expanded_pam50,0,0.020262362429909787
GSE25055,GSM615133,6,1,expanded_pam50,0,0.01281162206351455
GSE25055,GSM615134,6,2,expanded_pam50,0,0.04677480840171547
GSE25055,GSM615135,6,0,expanded_pam50,0,0.35366092248581465
GSE25055,GSM615136,6,3,expanded_pam50,0,0.29098988436688933
GSE25055,GSM615137,6,3,expanded_pam50,1,0.2086673583738767
GSE25055,GSM615138,6,0,expanded_pam50,0,0.08582054330418348
GSE25055,GSM615139,6,3,expanded_pam50,1,0.2917051102597697
GSE25055,GSM615140,6,1,expanded_pam50,1,0.006889708648549287
GSE25055,GSM615142,6,3,expanded_pam50,0,0.046979282505106586
GSE25055,GSM615143,6,4,expanded_pam50,1,0.22506137972031104
GSE25055,GSM615144,6,3,expanded_pam50,0,0.020710073182357663
GSE25055,GSM615145,6,2,expanded_pam50,0,0.32557817296345737
GSE25055,GSM615146,6,1,expanded_pam50,1,0.4752507008030717
GSE25055,GSM615147,6,0,expanded_pam50,0,0.018114122254993266
GSE25055,GSM615148,6,3,expanded_pam50,0,0.38180599453868164
GSE25055,GSM615149,6,0,expanded_pam50,0,0.46954595351046496
GSE25055,GSM615150,6,4,expanded_pam50,0,0.04123335941321656
GSE25055,GSM615151,6,4,expanded_pam50,0,0.23979919972580502
GSE25055,GSM615153,6,2,expanded_pam50,0,0.040572034563338764
GSE25055,GSM615154,6,2,expanded_pam50,1,0.4745820213397621
GSE25055,GSM615155,6,4,expanded_pam50,0,0.09924360127421064
GSE25055,GSM615156,6,2,expanded_pam50,0,0.4821661521228863
GSE25055,GSM615157,6,2,expanded_pam50,0,0.11101012181819232
GSE25055,GSM615158,6,1,expanded_pam50,0,0.011166348317112839
GSE25055,GSM615159,6,2,expanded_pam50,0,0.35273692091329034
GSE25055,GSM615160,6,0,expanded_pam50,0,0.5166510565283914
GSE25055,GSM615162,6,3,expanded_pam50,0,0.005710827233034134
GSE25055,GSM615164,6,2,expanded_pam50,1,0.2585602200245086
GSE25055,GSM615165,6,3,expanded_pam50,0,0.07995462211736898
GSE25055,GSM615166,6,2,expanded_pam50,0,0.03814095514682531
GSE25055,GSM615167,6,1,expanded_pam50,1,0.13358031439603896
GSE25055,GSM615168,6,4,expanded_pam50,0,0.05900488843323624
GSE25055,GSM615169,6,0,expanded_pam50,0,0.443635508153194
GSE25055,GSM615170,6,2,expanded_pam50,0,0.025358593720134652
GSE25055,GSM615171,6,3,expanded_pam50,1,0.46811012729278795
GSE25055,GSM615172,6,4,expanded_pam50,0,0.03017070882385615
GSE25055,GSM615173,6,2,expanded_pam50,0,0.16837957445645427
GSE25055,GSM615174,6,1,expanded_pam50,0,0.21194327073982075
GSE25055,GSM615175,6,4,expanded_pam50,1,0.27627307915187665
GSE25055,GSM615176,6,2,expanded_pam50,0,0.018350357154257722
GSE25055,GSM615177,6,2,expanded_pam50,0,0.07484146873617054
GSE25055,GSM615178,6,3,expanded_pam50,0,0.41923148680819455
GSE25055,GSM615179,6,2,expanded_pam50,0,0.03471731883786023
GSE25055,GSM615180,6,3,expanded_pam50,0,0.016515373621662156
GSE25055,GSM615181,6,2,expanded_pam50,1,0.34371161210428947
GSE25055,GSM615182,6,0,expanded_pam50,0,0.175036521125414
GSE25055,GSM615183,6,2,expanded_pam50,0,0.07128208147537649
GSE25055,GSM615184,6,0,expanded_pam50,0,0.2330406992694654
GSE25055,GSM615185,6,1,expanded_pam50,0,0.45923725932592907
GSE25055,GSM615186,6,3,expanded_pam50,1,0.00639371892288842
GSE25055,GSM615187,6,2,expanded_pam50,0,0.03086568385859892
GSE25055,GSM615188,6,0,expanded_pam50,0,0.12298281969028367
GSE25055,GSM615189,6,0,expanded_pam50,0,0.20321788087915
GSE25055,GSM615190,6,1,expanded_pam50,0,0.4832950719511457
GSE25055,GSM615191,6,4,expanded_pam50,1,0.3189936546655342
GSE25055,GSM615192,6,1,expanded_pam50,0,0.04396651211551805
GSE25055,GSM615193,6,4,expanded_pam50,1,0.3622361062948312
GSE25055,GSM615194,6,0,expanded_pam50,1,0.3329356117318309
GSE25055,GSM615195,6,0,expanded_pam50,0,0.5125105199187872
GSE25055,GSM615196,6,3,expanded_pam50,0,0.1250208679906885
GSE25055,GSM615197,6,1,expanded_pam50,0,0.23354411146188706
GSE25055,GSM615198,6,4,expanded_pam50,0,0.03158897159462368
GSE25055,GSM615199,6,4,expanded_pam50,0,0.06558707201964928
GSE25055,GSM615200,6,0,expanded_pam50,0,0.16584217557313108
GSE25055,GSM615201,6,2,expanded_pam50,1,0.07353289914327509
GSE25055,GSM615202,6,3,expanded_pam50,1,0.40266339628004727
GSE25055,GSM615203,6,3,expanded_pam50,0,0.009851242009815027
GSE25055,GSM615204,6,1,expanded_pam50,0,0.06811021118872276
GSE25055,GSM615205,6,4,expanded_pam50,0,0.08985145646133541
GSE25055,GSM615206,6,1,expanded_pam50,0,0.15486343591376112
GSE25055,GSM615207,6,4,expanded_pam50,0,0.04035221023946902
GSE25055,GSM615208,6,0,expanded_pam50,0,0.018306735758511855
GSE25055,GSM615209,6,1,expanded_pam50,1,0.38531281132340944
GSE25055,GSM615210,6,2,expanded_pam50,0,0.05111745497354462
GSE25055,GSM615211,6,0,expanded_pam50,1,0.6020402932641824
GSE25055,GSM615212,6,2,expanded_pam50,1,0.33629487168586353
GSE25055,GSM615213,6,1,expanded_pam50,1,0.31117860912765116
GSE25055,GSM615214,6,2,expanded_pam50,0,0.06501881832722466
GSE25055,GSM615215,6,1,expanded_pam50,1,0.3104084944987012
GSE25055,GSM615216,6,3,expanded_pam50,0,0.04074764607324273
GSE25055,GSM615217,6,1,expanded_pam50,0,0.04325890427670517
GSE25055,GSM615218,6,2,expanded_pam50,0,0.2355477449790378
GSE25055,GSM615219,6,4,expanded_pam50,0,0.15920235168413258
GSE25055,GSM615220,6,3,expanded_pam50,0,0.09399458291879391
GSE25055,GSM615221,6,0,expanded_pam50,0,0.06088914181869038
GSE25055,GSM615222,6,1,expanded_pam50,0,0.02507486826082654
GSE25055,GSM615223,6,1,expanded_pam50,0,0.29682248253334337
GSE25055,GSM615224,6,2,expanded_pam50,0,0.03638441300250809
GSE25055,GSM615225,6,4,expanded_pam50,0,0.23216518215325976
GSE25055,GSM615226,6,2,expanded_pam50,0,0.018215604439411694
GSE25055,GSM615227,6,2,expanded_pam50,0,0.07120173355885492
GSE25055,GSM615228,6,4,expanded_pam50,0,0.2396690636590095
GSE25055,GSM615229,6,1,expanded_pam50,0,0.05430544123816525
GSE25055,GSM615230,6,4,expanded_pam50,0,0.09942753595225988
GSE25055,GSM615231,6,3,expanded_pam50,0,0.01587393569130701
GSE25055,GSM615232,6,1,expanded_pam50,0,0.04053578374735098
GSE25055,GSM615233,6,3,expanded_pam50,0,0.010140927742674711
GSE25055,GSM615234,6,1,expanded_pam50,0,0.22379662721643068
GSE25055,GSM615235,6,0,expanded_pam50,0,0.03942667492780225
GSE25055,GSM615236,6,3,expanded_pam50,0,0.048341870865508035
GSE25055,GSM615237,6,3,expanded_pam50,0,0.028804951263322373
GSE25055,GSM615238,6,0,expanded_pam50,0,0.08666955333284149
GSE25055,GSM615239,6,4,expanded_pam50,0,0.08574268103360853
GSE25055,GSM615240,6,2,expanded_pam50,1,0.4528172387972814
GSE25055,GSM615241,6,1,expanded_pam50,0,0.01955126816082521
GSE25055,GSM615242,6,4,expanded_pam50,1,0.35948312660787857
GSE25055,GSM615243,6,1,expanded_pam50,0,0.04767317157156549
GSE25055,GSM615244,6,3,expanded_pam50,0,0.5339047177963331
GSE25055,GSM615245,6,4,expanded_pam50,0,0.0676927890465747
GSE25055,GSM615246,6,1,expanded_pam50,0,0.0656668595815575
GSE25055,GSM615247,6,3,expanded_pam50,0,0.12639793076428046
GSE25055,GSM615248,6,3,expanded_pam50,0,0.14670461112979644
GSE25055,GSM615249,6,2,expanded_pam50,0,0.14319319298848954
GSE25055,GSM615250,6,0,expanded_pam50,0,0.39753746352390096
GSE25055,GSM615251,6,2,expanded_pam50,0,0.4648918907628393
GSE25055,GSM615252,6,2,expanded_pam50,0,0.027745589031531407
GSE25055,GSM615253,6,4,expanded_pam50,0,0.13489211721955838
GSE25055,GSM615254,6,3,expanded_pam50,0,0.024022049498018515
GSE25055,GSM615255,6,0,expanded_pam50,0,0.440262889508473
GSE25055,GSM615256,6,4,expanded_pam50,1,0.13325755554721125
GSE25055,GSM615257,6,3,expanded_pam50,0,0.008646924220729367
GSE25055,GSM615258,6,4,expanded_pam50,0,0.05813076720264544
GSE25055,GSM615259,6,3,expanded_pam50,0,0.020628568108270802
GSE25055,GSM615260,6,1,expanded_pam50,0,0.4096411708118976
GSE25055,GSM615261,6,3,expanded_pam50,0,0.04587675449976292
GSE25055,GSM615262,6,2,expanded_pam50,0,0.03367141254959271
GSE25055,GSM615263,6,2,expanded_pam50,1,0.1567495298673384
GSE25055,GSM615264,6,4,expanded_pam50,1,0.34891126954462515
GSE25055,GSM615265,6,2,expanded_pam50,0,0.3065625874560668
GSE25055,GSM615266,6,4,expanded_pam50,0,0.020731497729825746
GSE25055,GSM615267,6,1,expanded_pam50,0,0.09201485647336556
GSE25055,GSM615268,6,2,expanded_pam50,0,0.04199552141583364
GSE25055,GSM615269,6,2,expanded_pam50,0,0.08147421798694772
GSE25055,GSM615270,6,0,expanded_pam50,1,0.44742495415433514
GSE25055,GSM615271,6,0,expanded_pam50,0,0.04552648677195906
GSE25055,GSM615272,6,1,expanded_pam50,0,0.050874548277270316
GSE25055,GSM615273,6,1,expanded_pam50,0,0.04284619672889886
GSE25055,GSM615274,6,0,expanded_pam50,0,0.03912019735784809
GSE25055,GSM615275,6,2,expanded_pam50,0,0.1280501123108767
GSE25055,GSM615276,6,2,expanded_pam50,0,0.3355318409856537
GSE25055,GSM615277,6,1,expanded_pam50,0,0.04147609401452206
GSE25055,GSM615278,6,4,expanded_pam50,0,0.06198700044006878
GSE25055,GSM615279,6,1,expanded_pam50,0,0.06264180066312285
GSE25055,GSM615280,6,0,expanded_pam50,1,0.08785243696745827
GSE25055,GSM615281,6,3,expanded_pam50,0,0.07711907175865253
GSE25055,GSM615282,6,2,expanded_pam50,0,0.04138474666021894
GSE25055,GSM615283,6,4,expanded_pam50,0,0.08893857093473585
GSE25055,GSM615284,6,4,expanded_pam50,1,0.2636972093314724
GSE25055,GSM615285,6,2,expanded_pam50,0,0.07678468330206542
GSE25055,GSM615286,6,4,expanded_pam50,0,0.11573045563102156
GSE25055,GSM615287,6,4,expanded_pam50,0,0.16067708901366132
GSE25055,GSM615288,6,1,expanded_pam50,0,0.5731322982655461
GSE25055,GSM615289,6,0,expanded_pam50,0,0.045801429665930295
GSE25055,GSM615290,6,3,expanded_pam50,0,0.05301146672812121
GSE25055,GSM615291,6,3,expanded_pam50,1,0.3898741975604652
GSE25055,GSM615292,6,2,expanded_pam50,0,0.06150213411360066
GSE25055,GSM615293,6,1,expanded_pam50,1,0.489268649946451
GSE25055,GSM615294,6,4,expanded_pam50,0,0.1332746692203775
GSE25055,GSM615295,6,2,expanded_pam50,0,0.17003853970787963
GSE25055,GSM615296,6,1,expanded_pam50,0,0.021262442560319842
GSE25055,GSM615297,6,0,expanded_pam50,0,0.43699514554153507
GSE25055,GSM615298,6,4,expanded_pam50,0,0.06354239306251992
GSE25055,GSM615299,6,0,expanded_pam50,0,0.04416384830098706
GSE25055,GSM615300,6,1,expanded_pam50,1,0.3813025937419514
GSE25055,GSM615301,6,0,expanded_pam50,0,0.28752500589418767
GSE25055,GSM615302,6,3,expanded_pam50,0,0.04870145642926799
GSE25055,GSM615303,6,1,expanded_pam50,0,0.1934818590912803
GSE25055,GSM615304,6,3,expanded_pam50,0,0.17529740637225225
GSE25055,GSM615305,6,3,expanded_pam50,0,0.038629294172469554
GSE25055,GSM615306,6,4,expanded_pam50,0,0.03303392032441311
GSE25055,GSM615307,6,2,expanded_pam50,1,0.5013067811124682
GSE25055,GSM615308,6,3,expanded_pam50,0,0.1358316976987612
GSE25055,GSM615309,6,2,expanded_pam50,0,0.06407216879140121
GSE25055,GSM615310,6,0,expanded_pam50,1,0.13839975250154374
GSE25055,GSM615311,6,1,expanded_pam50,0,0.037424435686495464
GSE25055,GSM615312,6,0,expanded_pam50,0,0.17386522081171232
GSE25055,GSM615313,6,3,expanded_pam50,0,0.0237657180244897
GSE25055,GSM615314,6,4,expanded_pam50,0,0.03859836616134836
GSE25055,GSM615315,6,2,expanded_pam50,0,0.2920468182825338
GSE25055,GSM615316,6,0,expanded_pam50,0,0.04602540195060888
GSE25055,GSM615317,6,1,expanded_pam50,0,0.42204778792116776
GSE25055,GSM615318,6,0,expanded_pam50,0,0.026270428771422247
GSE25055,GSM615319,6,2,expanded_pam50,0,0.40814043237858133
GSE25055,GSM615320,6,0,expanded_pam50,0,0.5668227751958936
GSE25055,GSM615321,6,0,expanded_pam50,0,0.49468820478464537
GSE25055,GSM615322,6,2,expanded_pam50,0,0.24441667953461915
GSE25055,GSM615323,6,1,expanded_pam50,0,0.20957367214866568
GSE25055,GSM615324,6,4,expanded_pam50,1,0.5336094968510556
GSE25055,GSM615325,6,3,expanded_pam50,1,0.5736815934609005
GSE25055,GSM615326,6,4,expanded_pam50,0,0.15876462122231408
GSE25055,GSM615327,6,3,expanded_pam50,0,0.2920834295884
GSE25055,GSM615328,6,4,expanded_pam50,0,0.02824809021323744
GSE25055,GSM615329,6,3,expanded_pam50,0,0.03114534913953067
GSE25055,GSM615330,6,3,expanded_pam50,0,0.270666387662917
GSE25055,GSM615331,6,4,expanded_pam50,1,0.12542665582297235
GSE25055,GSM615332,6,0,expanded_pam50,0,0.04772856240585409
GSE25055,GSM615333,6,3,expanded_pam50,0,0.239743317395039
GSE25055,GSM615334,6,1,expanded_pam50,1,0.282856698997981
GSE25055,GSM615335,6,2,expanded_pam50,0,0.4437967674152214
GSE25055,GSM615336,6,1,expanded_pam50,1,0.4137940678072849
GSE25055,GSM615337,6,2,expanded_pam50,0,0.06220761776421926
GSE25055,GSM615338,6,3,expanded_pam50,1,0.3994935233818458
GSE25055,GSM615339,6,1,expanded_pam50,0,0.03923653305955771
GSE25055,GSM615340,6,4,expanded_pam50,0,0.08893835515705792
GSE25055,GSM615341,6,3,expanded_pam50,0,0.024984379612490414
GSE25055,GSM615342,6,4,expanded_pam50,0,0.29496771126421983
GSE25055,GSM615343,6,1,expanded_pam50,0,0.32529954917882403
GSE25055,GSM615344,6,4,expanded_pam50,0,0.30847950808335456
GSE25055,GSM615345,6,0,expanded_pam50,0,0.17739456881230578
GSE25055,GSM615346,6,0,expanded_pam50,0,0.5525230697062182
GSE25055,GSM615347,6,4,expanded_pam50,0,0.25333585324889607
GSE25055,GSM615348,6,2,expanded_pam50,0,0.2803287938665497
GSE25055,GSM615349,6,3,expanded_pam50,0,0.02611857068124347
GSE25055,GSM615350,6,4,expanded_pam50,0,0.13215065953042957
GSE25055,GSM615351,6,2,expanded_pam50,0,0.018322310960968244
GSE25055,GSM615352,6,2,expanded_pam50,0,0.023345243538394414
GSE25055,GSM615353,6,0,expanded_pam50,1,0.13205971655263576
GSE25055,GSM615354,6,1,expanded_pam50,1,0.17425517583297886
GSE25055,GSM615355,6,1,expanded_pam50,0,0.04690883492730184
GSE25055,GSM615356,6,4,expanded_pam50,0,0.2769381679095288
GSE25055,GSM615357,6,2,expanded_pam50,1,0.4378032664547128
GSE25055,GSM615358,6,4,expanded_pam50,0,0.02819310809476994
GSE25055,GSM615359,6,2,expanded_pam50,1,0.24666887881770153
GSE25055,GSM615360,6,0,expanded_pam50,0,0.028810730494997303
GSE25055,GSM615361,6,2,expanded_pam50,0,0.14940569841907858
GSE25055,GSM615362,6,1,expanded_pam50,0,0.012683519394254345
GSE25055,GSM615363,6,1,expanded_pam50,0,0.48753269715973946
GSE25055,GSM615364,6,1,expanded_pam50,0,0.47656041487017387
GSE25055,GSM615365,6,3,expanded_pam50,0,0.01822936224147445
GSE25055,GSM615366,6,0,expanded_pam50,0,0.014783452430794194
GSE25055,GSM615367,6,1,expanded_pam50,0,0.1407877814969482
GSE25055,GSM615368,6,0,expanded_pam50,0,0.6495534721121582
GSE25055,GSM615369,6,4,expanded_pam50,0,0.43442858568585957
GSE25055,GSM615370,6,4,expanded_pam50,0,0.04447435784989281
GSE25055,GSM615371,6,0,expanded_pam50,1,0.37413942020752833
GSE25055,GSM615372,6,3,expanded_pam50,0,0.4887046067031209
GSE25055,GSM615373,6,2,expanded_pam50,0,0.08893961364167394
GSE25055,GSM615374,6,4,expanded_pam50,0,0.013071525902342071
GSE25055,GSM615375,6,3,expanded_pam50,1,0.25754739660654313
GSE25055,GSM615376,6,4,expanded_pam50,0,0.3063036486557495
GSE25055,GSM615377,6,1,expanded_pam50,0,0.03332050064439758
GSE25055,GSM615378,6,3,expanded_pam50,0,0.47864938091804315
GSE25055,GSM615379,6,3,expanded_pam50,1,0.20530624000113853
GSE25055,GSM615380,6,4,expanded_pam50,0,0.3831883968586041
GSE25055,GSM615381,6,3,expanded_pam50,0,0.02548301558380454
GSE25055,GSM615382,6,2,expanded_pam50,0,0.307127493220217
GSE25055,GSM615383,6,0,expanded_pam50,1,0.018393919323720163
GSE25055,GSM615384,6,0,expanded_pam50,0,0.3791032392809034
GSE25055,GSM615385,6,1,expanded_pam50,0,0.14411409633661312
GSE25055,GSM615386,6,0,expanded_pam50,0,0.03224192918168877
GSE25055,GSM615387,6,4,expanded_pam50,0,0.4848390770435623
GSE25055,GSM615388,6,4,expanded_pam50,0,0.028844129179758846
GSE25055,GSM615389,6,3,expanded_pam50,0,0.00934354133235852
GSE25055,GSM615390,6,2,expanded_pam50,0,0.4588485240970448
GSE25055,GSM615391,6,0,expanded_pam50,0,0.027774036919495065
GSE25055,GSM615392,6,1,expanded_pam50,0,0.20154796355781562
GSE25055,GSM615393,6,4,expanded_pam50,1,0.37125828306616854
GSE25055,GSM615394,6,0,expanded_pam50,1,0.2917600389105312
GSE25055,GSM615395,6,1,expanded_pam50,0,0.04322482512962225
GSE25055,GSM615396,6,2,expanded_pam50,1,0.3917127689837651
GSE25055,GSM615397,6,0,expanded_pam50,1,0.24805096482011413
GSE25055,GSM615398,6,0,expanded_pam50,0,0.05858377382952101
GSE25055,GSM615399,6,3,expanded_pam50,0,0.015257023988664263
GSE25055,GSM615400,6,1,expanded_pam50,0,0.016550978030358064
GSE25055,GSM615401,6,0,expanded_pam50,0,0.057773213176550216
GSE25055,GSM615402,6,4,expanded_pam50,0,0.02733340458604122
GSE25055,GSM615403,6,2,expanded_pam50,0,0.14224905072064162
GSE25055,GSM615404,6,0,expanded_pam50,0,0.06278748760074113
GSE25055,GSM615405,6,3,expanded_pam50,0,0.14597092036968687
GSE25055,GSM615096,6,3,expanded_pam50_score,0,0.02085328533348823
GSE25055,GSM615097,6,1,expanded_pam50_score,0,0.030069977319668057
GSE25055,GSM615098,6,3,expanded_pam50_score,0,0.4404532071033897
GSE25055,GSM615099,6,0,expanded_pam50_score,1,0.5497925196109863
GSE25055,GSM615100,6,4,expanded_pam50_score,0,0.0916135861398327
GSE25055,GSM615101,6,0,expanded_pam50_score,0,0.28292294207072183
GSE25055,GSM615102,6,3,expanded_pam50_score,0,0.5362618561431868
GSE25055,GSM615104,6,3,expanded_pam50_score,0,0.27607678066314206
GSE25055,GSM615106,6,4,expanded_pam50_score,0,0.18519158304456693
GSE25055,GSM615107,6,4,expanded_pam50_score,0,0.38608868321301404
GSE25055,GSM615108,6,2,expanded_pam50_score,0,0.25406378902340765
GSE25055,GSM615109,6,3,expanded_pam50_score,0,0.3928974280412193
GSE25055,GSM615111,6,2,expanded_pam50_score,0,0.17642929467102006
GSE25055,GSM615112,6,0,expanded_pam50_score,0,0.2590318644681767
GSE25055,GSM615113,6,0,expanded_pam50_score,0,0.4281241625414129
GSE25055,GSM615114,6,4,expanded_pam50_score,0,0.030222040414461207
GSE25055,GSM615115,6,4,expanded_pam50_score,0,0.17901233158537924
GSE25055,GSM615116,6,3,expanded_pam50_score,0,0.6118962228392149
GSE25055,GSM615117,6,1,expanded_pam50_score,0,0.32916216633449236
GSE25055,GSM615120,6,0,expanded_pam50_score,0,0.004518788338942031
GSE25055,GSM615121,6,0,expanded_pam50_score,0,0.10713844408037711
GSE25055,GSM615122,6,3,expanded_pam50_score,1,0.013710525926459263
GSE25055,GSM615123,6,0,expanded_pam50_score,1,0.11876703479970142
GSE25055,GSM615124,6,1,expanded_pam50_score,0,0.03375220800383752
GSE25055,GSM615125,6,0,expanded_pam50_score,0,0.019994601645705604
GSE25055,GSM615126,6,1,expanded_pam50_score,0,0.08695014781616883
GSE25055,GSM615127,6,1,expanded_pam50_score,0,0.05291046034819888
GSE25055,GSM615128,6,0,expanded_pam50_score,0,0.016294090919290776
GSE25055,GSM615129,6,4,expanded_pam50_score,0,0.0558320934127196
GSE25055,GSM615130,6,1,expanded_pam50_score,0,0.019185600794039838
GSE25055,GSM615131,6,1,expanded_pam50_score,0,0.07725817914688114
GSE25055,GSM615132,6,0,expanded_pam50_score,0,0.017131638216222274
GSE25055,GSM615133,6,1,expanded_pam50_score,0,0.011980525860852003
GSE25055,GSM615134,6,2,expanded_pam50_score,0,0.043865587506154144
GSE25055,GSM615135,6,0,expanded_pam50_score,0,0.35450202314178264
GSE25055,GSM615136,6,3,expanded_pam50_score,0,0.3281971511819352
GSE25055,GSM615137,6,3,expanded_pam50_score,1,0.1459232337770935
GSE25055,GSM615138,6,0,expanded_pam50_score,0,0.08065861878161582
GSE25055,GSM615139,6,3,expanded_pam50_score,1,0.4928796192992354
GSE25055,GSM615140,6,1,expanded_pam50_score,1,0.00923994594264149
GSE25055,GSM615142,6,3,expanded_pam50_score,0,0.03497063278717323
GSE25055,GSM615143,6,4,expanded_pam50_score,1,0.1950832269501929
GSE25055,GSM615144,6,3,expanded_pam50_score,0,0.02198243653367247
GSE25055,GSM615145,6,2,expanded_pam50_score,0,0.5691090797879812
GSE25055,GSM615146,6,1,expanded_pam50_score,1,0.4336243115385501
GSE25055,GSM615147,6,0,expanded_pam50_score,0,0.01709600230701652
GSE25055,GSM615148,6,3,expanded_pam50_score,0,0.35386357139088653
GSE25055,GSM615149,6,0,expanded_pam50_score,0,0.37662043876507223
GSE25055,GSM615150,6,4,expanded_pam50_score,0,0.026931600708666053
GSE25055,GSM615151,6,4,expanded_pam50_score,0,0.31013722419752854
GSE25055,GSM615153,6,2,expanded_pam50_score,0,0.05484838159635993
GSE25055,GSM615154,6,2,expanded_pam50_score,1,0.3620703480350776
GSE25055,GSM615155,6,4,expanded_pam50_score,0,0.11957427051610296
GSE25055,GSM615156,6,2,expanded_pam50_score,0,0.35772449701293896
GSE25055,GSM615157,6,2,expanded_pam50_score,0,0.05164812901346266
GSE25055,GSM615158,6,1,expanded_pam50_score,0,0.012920236543877672
GSE25055,GSM615159,6,2,expanded_pam50_score,0,0.14244351989383777
GSE25055,GSM615160,6,0,expanded_pam50_score,0,0.46861665740672825
GSE25055,GSM615162,6,3,expanded_pam50_score,0,0.004579419296030949
GSE25055,GSM615164,6,2,expanded_pam50_score,1,0.39840240294661405
GSE25055,GSM615165,6,3,expanded_pam50_score,0,0.07104489995625797
GSE25055,GSM615166,6,2,expanded_pam50_score,0,0.06733371985539398
GSE25055,GSM615167,6,1,expanded_pam50_score,1,0.08875324262080228
GSE25055,GSM615168,6,4,expanded_pam50_score,0,0.03331620503481778
GSE25055,GSM615169,6,0,expanded_pam50_score,0,0.4378697851065866
GSE25055,GSM615170,6,2,expanded_pam50_score,0,0.020692215041842186
GSE25055,GSM615171,6,3,expanded_pam50_score,1,0.33505410207049396
GSE25055,GSM615172,6,4,expanded_pam50_score,0,0.02746606139139715
GSE25055,GSM615173,6,2,expanded_pam50_score,0,0.09094384107929933
GSE25055,GSM615174,6,1,expanded_pam50_score,0,0.2095238792768031
GSE25055,GSM615175,6,4,expanded_pam50_score,1,0.3264770878130451
GSE25055,GSM615176,6,2,expanded_pam50_score,0,0.022253238591154995
GSE25055,GSM615177,6,2,expanded_pam50_score,0,0.06867214804117218
GSE25055,GSM615178,6,3,expanded_pam50_score,0,0.35409450830607697
GSE25055,GSM615179,6,2,expanded_pam50_score,0,0.039921506396641236
GSE25055,GSM615180,6,3,expanded_pam50_score,0,0.022102460157632932
GSE25055,GSM615181,6,2,expanded_pam50_score,1,0.3372834939263243
GSE25055,GSM615182,6,0,expanded_pam50_score,0,0.19452390534270225
GSE25055,GSM615183,6,2,expanded_pam50_score,0,0.0484296929362846
GSE25055,GSM615184,6,0,expanded_pam50_score,0,0.3499014799300422
GSE25055,GSM615185,6,1,expanded_pam50_score,0,0.3652404861547223
GSE25055,GSM615186,6,3,expanded_pam50_score,1,0.006361481564864124
GSE25055,GSM615187,6,2,expanded_pam50_score,0,0.04625678073630028
GSE25055,GSM615188,6,0,expanded_pam50_score,0,0.14028563479265727
GSE25055,GSM615189,6,0,expanded_pam50_score,0,0.15560193555871432
GSE25055,GSM615190,6,1,expanded_pam50_score,0,0.4748900647114902
GSE25055,GSM615191,6,4,expanded_pam50_score,1,0.5000926494388379
GSE25055,GSM615192,6,1,expanded_pam50_score,0,0.03940704060301531
GSE25055,GSM615193,6,4,expanded_pam50_score,1,0.43283448397875746
GSE25055,GSM615194,6,0,expanded_pam50_score,1,0.4430990024859708
GSE25055,GSM615195,6,0,expanded_pam50_score,0,0.6568358116673014
GSE25055,GSM615196,6,3,expanded_pam50_score,0,0.1801656888978568
GSE25055,GSM615197,6,1,expanded_pam50_score,0,0.29026764539959266
GSE25055,GSM615198,6,4,expanded_pam50_score,0,0.025201123283605104
GSE25055,GSM615199,6,4,expanded_pam50_score,0,0.08274517624091043
GSE25055,GSM615200,6,0,expanded_pam50_score,0,0.27538395235035207
GSE25055,GSM615201,6,2,expanded_pam50_score,1,0.11810969086315914
GSE25055,GSM615202,6,3,expanded_pam50_score,1,0.5412431923057012
GSE25055,GSM615203,6,3,expanded_pam50_score,0,0.004689644996918176
GSE25055,GSM615204,6,1,expanded_pam50_score,0,0.048357007725115406
GSE25055,GSM615205,6,4,expanded_pam50_score,0,0.07988373660925799
GSE25055,GSM615206,6,1,expanded_pam50_score,0,0.08800354427168167
GSE25055,GSM615207,6,4,expanded_pam50_score,0,0.028203191684285388
GSE25055,GSM615208,6,0,expanded_pam50_score,0,0.013489521309376532
GSE25055,GSM615209,6,1,expanded_pam50_score,1,0.482130547100844
GSE25055,GSM615210,6,2,expanded_pam50_score,0,0.029113578034712886
GSE25055,GSM615211,6,0,expanded_pam50_score,1,0.7398910703191593
GSE25055,GSM615212,6,2,expanded_pam50_score,1,0.16456256170996442
GSE25055,GSM615213,6,1,expanded_pam50_score,1,0.3254865432790792
GSE25055,GSM615214,6,2,expanded_pam50_score,0,0.03191130156185315
GSE25055,GSM615215,6,1,expanded_pam50_score,1,0.2497350276544318
GSE25055,GSM615216,6,3,expanded_pam50_score,0,0.05460723141475766
GSE25055,GSM615217,6,1,expanded_pam50_score,0,0.04535687203885204
GSE25055,GSM615218,6,2,expanded_pam50_score,0,0.19932633877351988
GSE25055,GSM615219,6,4,expanded_pam50_score,0,0.11985524612516868
GSE25055,GSM615220,6,3,expanded_pam50_score,0,0.027198698345251984
GSE25055,GSM615221,6,0,expanded_pam50_score,0,0.048871325335976545
GSE25055,GSM615222,6,1,expanded_pam50_score,0,0.016066443013300735
GSE25055,GSM615223,6,1,expanded_pam50_score,0,0.15938261884935198
GSE25055,GSM615224,6,2,expanded_pam50_score,0,0.013311109653959896
GSE25055,GSM615225,6,4,expanded_pam50_score,0,0.1854336836500952
GSE25055,GSM615226,6,2,expanded_pam50_score,0,0.015019454489465537
GSE25055,GSM615227,6,2,expanded_pam50_score,0,0.09426062424011002
GSE25055,GSM615228,6,4,expanded_pam50_score,0,0.23339970406971844
GSE25055,GSM615229,6,1,expanded_pam50_score,0,0.02125731705844079
GSE25055,GSM615230,6,4,expanded_pam50_score,0,0.027212635416711966
GSE25055,GSM615231,6,3,expanded_pam50_score,0,0.009571358214750088
GSE25055,GSM615232,6,1,expanded_pam50_score,0,0.024358746951177807
GSE25055,GSM615233,6,3,expanded_pam50_score,0,0.006403044241342092
GSE25055,GSM615234,6,1,expanded_pam50_score,0,0.15189402439205993
GSE25055,GSM615235,6,0,expanded_pam50_score,0,0.07482268118200755
GSE25055,GSM615236,6,3,expanded_pam50_score,0,0.044636194694895465
GSE25055,GSM615237,6,3,expanded_pam50_score,0,0.01932101460269887
GSE25055,GSM615238,6,0,expanded_pam50_score,0,0.04191099803377323
GSE25055,GSM615239,6,4,expanded_pam50_score,0,0.09851386011934793
GSE25055,GSM615240,6,2,expanded_pam50_score,1,0.19353214645831382
GSE25055,GSM615241,6,1,expanded_pam50_score,0,0.023539294413601173
GSE25055,GSM615242,6,4,expanded_pam50_score,1,0.38409068117176565
GSE25055,GSM615243,6,1,expanded_pam50_score,0,0.032495590443467455
GSE25055,GSM615244,6,3,expanded_pam50_score,0,0.28207561158484507
GSE25055,GSM615245,6,4,expanded_pam50_score,0,0.13535754032445635
GSE25055,GSM615246,6,1,expanded_pam50_score,0,0.08809413267356532
GSE25055,GSM615247,6,3,expanded_pam50_score,0,0.105855091361607
GSE25055,GSM615248,6,3,expanded_pam50_score,0,0.23592120070453393
GSE25055,GSM615249,6,2,expanded_pam50_score,0,0.06270982254843492
GSE25055,GSM615250,6,0,expanded_pam50_score,0,0.48981409502743345
GSE25055,GSM615251,6,2,expanded_pam50_score,0,0.47573330411246767
GSE25055,GSM615252,6,2,expanded_pam50_score,0,0.019138865192759636
GSE25055,GSM615253,6,4,expanded_pam50_score,0,0.13962580386581636
GSE25055,GSM615254,6,3,expanded_pam50_score,0,0.01786006021613817
GSE25055,GSM615255,6,0,expanded_pam50_score,0,0.35584042803388216
GSE25055,GSM615256,6,4,expanded_pam50_score,1,0.16365725093711433
GSE25055,GSM615257,6,3,expanded_pam50_score,0,0.00464253066912148
GSE25055,GSM615258,6,4,expanded_pam50_score,0,0.08619482481757572
GSE25055,GSM615259,6,3,expanded_pam50_score,0,0.01425498104905823
GSE25055,GSM615260,6,1,expanded_pam50_score,0,0.5438452555488321
GSE25055,GSM615261,6,3,expanded_pam50_score,0,0.05317089520579571
GSE25055,GSM615262,6,2,expanded_pam50_score,0,0.026848382526294907
GSE25055,GSM615263,6,2,expanded_pam50_score,1,0.2589874648049148
GSE25055,GSM615264,6,4,expanded_pam50_score,1,0.19671965358948715
GSE25055,GSM615265,6,2,expanded_pam50_score,0,0.21478933326575167
GSE25055,GSM615266,6,4,expanded_pam50_score,0,0.038971861929584996
GSE25055,GSM615267,6,1,expanded_pam50_score,0,0.0792839543208204
GSE25055,GSM615268,6,2,expanded_pam50_score,0,0.06669098523373998
GSE25055,GSM615269,6,2,expanded_pam50_score,0,0.06252387874083115
GSE25055,GSM615270,6,0,expanded_pam50_score,1,0.560163025324541
GSE25055,GSM615271,6,0,expanded_pam50_score,0,0.07799115330028869
GSE25055,GSM615272,6,1,expanded_pam50_score,0,0.036805895674426374
GSE25055,GSM615273,6,1,expanded_pam50_score,0,0.06644573746501008
GSE25055,GSM615274,6,0,expanded_pam50_score,0,0.0813777446734221
GSE25055,GSM615275,6,2,expanded_pam50_score,0,0.24700750725665682
GSE25055,GSM615276,6,2,expanded_pam50_score,0,0.25604095464161847
GSE25055,GSM615277,6,1,expanded_pam50_score,0,0.04856039955069385
GSE25055,GSM615278,6,4,expanded_pam50_score,0,0.05678599189518293
GSE25055,GSM615279,6,1,expanded_pam50_score,0,0.05090347001950969
GSE25055,GSM615280,6,0,expanded_pam50_score,1,0.10800222089180575
GSE25055,GSM615281,6,3,expanded_pam50_score,0,0.07610974549291898
GSE25055,GSM615282,6,2,expanded_pam50_score,0,0.04082161980365342
GSE25055,GSM615283,6,4,expanded_pam50_score,0,0.14597007021072292
GSE25055,GSM615284,6,4,expanded_pam50_score,1,0.28525741451423237
GSE25055,GSM615285,6,2,expanded_pam50_score,0,0.03893922598476015
GSE25055,GSM615286,6,4,expanded_pam50_score,0,0.2151278112794892
GSE25055,GSM615287,6,4,expanded_pam50_score,0,0.22645216399851364
GSE25055,GSM615288,6,1,expanded_pam50_score,0,0.6016660260425181
GSE25055,GSM615289,6,0,expanded_pam50_score,0,0.09752780157669365
GSE25055,GSM615290,6,3,expanded_pam50_score,0,0.12210704598688822
GSE25055,GSM615291,6,3,expanded_pam50_score,1,0.34711249239942515
GSE25055,GSM615292,6,2,expanded_pam50_score,0,0.06556880423118151
GSE25055,GSM615293,6,1,expanded_pam50_score,1,0.6697401034016677
GSE25055,GSM615294,6,4,expanded_pam50_score,0,0.2075623444880943
GSE25055,GSM615295,6,2,expanded_pam50_score,0,0.12073267695000095
GSE25055,GSM615296,6,1,expanded_pam50_score,0,0.02707738592066464
GSE25055,GSM615297,6,0,expanded_pam50_score,0,0.5628541899686881
GSE25055,GSM615298,6,4,expanded_pam50_score,0,0.06697453809167878
GSE25055,GSM615299,6,0,expanded_pam50_score,0,0.0252392895669127
GSE25055,GSM615300,6,1,expanded_pam50_score,1,0.2871408086443056
GSE25055,GSM615301,6,0,expanded_pam50_score,0,0.26038118957255035
GSE25055,GSM615302,6,3,expanded_pam50_score,0,0.04360519158095196
GSE25055,GSM615303,6,1,expanded_pam50_score,0,0.18356491577845013
GSE25055,GSM615304,6,3,expanded_pam50_score,0,0.07977773069548026
GSE25055,GSM615305,6,3,expanded_pam50_score,0,0.030586178103848526
GSE25055,GSM615306,6,4,expanded_pam50_score,0,0.026712955222604747
GSE25055,GSM615307,6,2,expanded_pam50_score,1,0.7242361735316987
GSE25055,GSM615308,6,3,expanded_pam50_score,0,0.07033566182670169
GSE25055,GSM615309,6,2,expanded_pam50_score,0,0.04751375521833517
GSE25055,GSM615310,6,0,expanded_pam50_score,1,0.31799760202832195
GSE25055,GSM615311,6,1,expanded_pam50_score,0,0.024213429621864933
GSE25055,GSM615312,6,0,expanded_pam50_score,0,0.16145791688372588
GSE25055,GSM615313,6,3,expanded_pam50_score,0,0.016856634555917197
GSE25055,GSM615314,6,4,expanded_pam50_score,0,0.025669135735196403
GSE25055,GSM615315,6,2,expanded_pam50_score,0,0.39937383362827955
GSE25055,GSM615316,6,0,expanded_pam50_score,0,0.021871573667375972
GSE25055,GSM615317,6,1,expanded_pam50_score,0,0.4439912924841629
GSE25055,GSM615318,6,0,expanded_pam50_score,0,0.01713021160200128
GSE25055,GSM615319,6,2,expanded_pam50_score,0,0.2741956344549669
GSE25055,GSM615320,6,0,expanded_pam50_score,0,0.6937663773916642
GSE25055,GSM615321,6,0,expanded_pam50_score,0,0.4944645527755221
GSE25055,GSM615322,6,2,expanded_pam50_score,0,0.3383951915324284
GSE25055,GSM615323,6,1,expanded_pam50_score,0,0.10812802191553658
GSE25055,GSM615324,6,4,expanded_pam50_score,1,0.740011152189536
GSE25055,GSM615325,6,3,expanded_pam50_score,1,0.6527599247294936
GSE25055,GSM615326,6,4,expanded_pam50_score,0,0.3444869235391414
GSE25055,GSM615327,6,3,expanded_pam50_score,0,0.31579773992209786
GSE25055,GSM615328,6,4,expanded_pam50_score,0,0.020890165824499003
GSE25055,GSM615329,6,3,expanded_pam50_score,0,0.020289755153218795
GSE25055,GSM615330,6,3,expanded_pam50_score,0,0.1117848835327382
GSE25055,GSM615331,6,4,expanded_pam50_score,1,0.05740127153326252
GSE25055,GSM615332,6,0,expanded_pam50_score,0,0.07257981460398945
GSE25055,GSM615333,6,3,expanded_pam50_score,0,0.23664517713778327
GSE25055,GSM615334,6,1,expanded_pam50_score,1,0.4622191430574731
GSE25055,GSM615335,6,2,expanded_pam50_score,0,0.4157276323242989
GSE25055,GSM615336,6,1,expanded_pam50_score,1,0.5069522693583355
GSE25055,GSM615337,6,2,expanded_pam50_score,0,0.060190259221628364
GSE25055,GSM615338,6,3,expanded_pam50_score,1,0.3537609227493493
GSE25055,GSM615339,6,1,expanded_pam50_score,0,0.024120953197870873
GSE25055,GSM615340,6,4,expanded_pam50_score,0,0.03567737760864733
GSE25055,GSM615341,6,3,expanded_pam50_score,0,0.015565033764552405
GSE25055,GSM615342,6,4,expanded_pam50_score,0,0.17385244317020215
GSE25055,GSM615343,6,1,expanded_pam50_score,0,0.3338876246615281
GSE25055,GSM615344,6,4,expanded_pam50_score,0,0.1920066434714359
GSE25055,GSM615345,6,0,expanded_pam50_score,0,0.08692220808842661
GSE25055,GSM615346,6,0,expanded_pam50_score,0,0.6082486805840027
GSE25055,GSM615347,6,4,expanded_pam50_score,0,0.28059102478089964
GSE25055,GSM615348,6,2,expanded_pam50_score,0,0.28697404409155025
GSE25055,GSM615349,6,3,expanded_pam50_score,0,0.022958286010011774
GSE25055,GSM615350,6,4,expanded_pam50_score,0,0.08707358490277972
GSE25055,GSM615351,6,2,expanded_pam50_score,0,0.028744812287705906
GSE25055,GSM615352,6,2,expanded_pam50_score,0,0.014288646395310769
GSE25055,GSM615353,6,0,expanded_pam50_score,1,0.11719122838301069
GSE25055,GSM615354,6,1,expanded_pam50_score,1,0.191663875939927
GSE25055,GSM615355,6,1,expanded_pam50_score,0,0.06879591755895575
GSE25055,GSM615356,6,4,expanded_pam50_score,0,0.18375402094771454
GSE25055,GSM615357,6,2,expanded_pam50_score,1,0.5240126569126238
GSE25055,GSM615358,6,4,expanded_pam50_score,0,0.020465964003355555
GSE25055,GSM615359,6,2,expanded_pam50_score,1,0.39365075814802647
GSE25055,GSM615360,6,0,expanded_pam50_score,0,0.02484780516818336
GSE25055,GSM615361,6,2,expanded_pam50_score,0,0.16239295171042667
GSE25055,GSM615362,6,1,expanded_pam50_score,0,0.01160024946461888
GSE25055,GSM615363,6,1,expanded_pam50_score,0,0.3292757005526203
GSE25055,GSM615364,6,1,expanded_pam50_score,0,0.5170475870258577
GSE25055,GSM615365,6,3,expanded_pam50_score,0,0.017083000266288603
GSE25055,GSM615366,6,0,expanded_pam50_score,0,0.013171432092513743
GSE25055,GSM615367,6,1,expanded_pam50_score,0,0.11059542820595386
GSE25055,GSM615368,6,0,expanded_pam50_score,0,0.7815436693517825
GSE25055,GSM615369,6,4,expanded_pam50_score,0,0.26005805036721835
GSE25055,GSM615370,6,4,expanded_pam50_score,0,0.0627239891888237
GSE25055,GSM615371,6,0,expanded_pam50_score,1,0.36103034040484483
GSE25055,GSM615372,6,3,expanded_pam50_score,0,0.455424613930298
GSE25055,GSM615373,6,2,expanded_pam50_score,0,0.11514399755563123
GSE25055,GSM615374,6,4,expanded_pam50_score,0,0.009804344249290844
GSE25055,GSM615375,6,3,expanded_pam50_score,1,0.564387214768574
GSE25055,GSM615376,6,4,expanded_pam50_score,0,0.2017475248980769
GSE25055,GSM615377,6,1,expanded_pam50_score,0,0.013102865170444318
GSE25055,GSM615378,6,3,expanded_pam50_score,0,0.4121326275600428
GSE25055,GSM615379,6,3,expanded_pam50_score,1,0.13862612780029646
GSE25055,GSM615380,6,4,expanded_pam50_score,0,0.5326097926347017
GSE25055,GSM615381,6,3,expanded_pam50_score,0,0.008621796248801116
GSE25055,GSM615382,6,2,expanded_pam50_score,0,0.1436083623103238
GSE25055,GSM615383,6,0,expanded_pam50_score,1,0.011100226539811896
GSE25055,GSM615384,6,0,expanded_pam50_score,0,0.2596106803719901
GSE25055,GSM615385,6,1,expanded_pam50_score,0,0.05818989460429631
GSE25055,GSM615386,6,0,expanded_pam50_score,0,0.013329174281534314
GSE25055,GSM615387,6,4,expanded_pam50_score,0,0.31674243032087623
GSE25055,GSM615388,6,4,expanded_pam50_score,0,0.025144104679408412
GSE25055,GSM615389,6,3,expanded_pam50_score,0,0.009581956134707015
GSE25055,GSM615390,6,2,expanded_pam50_score,0,0.5057390627543837
GSE25055,GSM615391,6,0,expanded_pam50_score,0,0.01327851058466861
GSE25055,GSM615392,6,1,expanded_pam50_score,0,0.23214535761482485
GSE25055,GSM615393,6,4,expanded_pam50_score,1,0.23114580252036437
GSE25055,GSM615394,6,0,expanded_pam50_score,1,0.2086565656686887
GSE25055,GSM615395,6,1,expanded_pam50_score,0,0.02695192330082564
GSE25055,GSM615396,6,2,expanded_pam50_score,1,0.40917765771936293
GSE25055,GSM615397,6,0,expanded_pam50_score,1,0.3245994904241633
GSE25055,GSM615398,6,0,expanded_pam50_score,0,0.05686463648565437
GSE25055,GSM615399,6,3,expanded_pam50_score,0,0.01426920709235326
GSE25055,GSM615400,6,1,expanded_pam50_score,0,0.015599285817958039
GSE25055,GSM615401,6,0,expanded_pam50_score,0,0.062018156673914554
GSE25055,GSM615402,6,4,expanded_pam50_score,0,0.028839386831561873
GSE25055,GSM615403,6,2,expanded_pam50_score,0,0.22916761558416357
GSE25055,GSM615404,6,0,expanded_pam50_score,0,0.044392084266785335
GSE25055,GSM615405,6,3,expanded_pam50_score,0,0.25528230798827706
GSE25055,GSM615096,7,0,expanded,0,0.07210217178476656
GSE25055,GSM615097,7,3,expanded,0,0.05193602245368248
GSE25055,GSM615098,7,3,expanded,0,0.35468573683532467
GSE25055,GSM615099,7,1,expanded,1,0.5228215962990302
GSE25055,GSM615100,7,3,expanded,0,0.06899852935454068
GSE25055,GSM615101,7,3,expanded,0,0.2357053394205454
GSE25055,GSM615102,7,1,expanded,0,0.4989723152617479
GSE25055,GSM615104,7,2,expanded,0,0.3421126431140062
GSE25055,GSM615106,7,2,expanded,0,0.3287287327544259
GSE25055,GSM615107,7,2,expanded,0,0.36900938728592264
GSE25055,GSM615108,7,1,expanded,0,0.23753838775801467
GSE25055,GSM615109,7,1,expanded,0,0.3069468488699001
GSE25055,GSM615111,7,4,expanded,0,0.2692386236454059
GSE25055,GSM615112,7,3,expanded,0,0.2578850029382596
GSE25055,GSM615113,7,2,expanded,0,0.4495901980639375
GSE25055,GSM615114,7,0,expanded,0,0.03933504435308834
GSE25055,GSM615115,7,0,expanded,0,0.16812757388395944
GSE25055,GSM615116,7,4,expanded,0,0.7730996844453676
GSE25055,GSM615117,7,4,expanded,0,0.11554699868726687
GSE25055,GSM615120,7,2,expanded,0,0.009435869891877828
GSE25055,GSM615121,7,2,expanded,0,0.17481082863765368
GSE25055,GSM615122,7,1,expanded,1,0.03115328979472665
GSE25055,GSM615123,7,1,expanded,1,0.0955263194446384
GSE25055,GSM615124,7,2,expanded,0,0.02124927558458007
GSE25055,GSM615125,7,4,expanded,0,0.03466303047117385
GSE25055,GSM615126,7,4,expanded,0,0.05346679514161048
GSE25055,GSM615127,7,3,expanded,0,0.04695348153506434
GSE25055,GSM615128,7,0,expanded,0,0.042892391799067835
GSE25055,GSM615129,7,3,expanded,0,0.10765726053599438
GSE25055,GSM615130,7,2,expanded,0,0.02624240340315855
GSE25055,GSM615131,7,1,expanded,0,0.05937937931394439
GSE25055,GSM615132,7,1,expanded,0,0.027882125513531152
GSE25055,GSM615133,7,3,expanded,0,0.021772861878341557
GSE25055,GSM615134,7,4,expanded,0,0.01568078378988125
GSE25055,GSM615135,7,4,expanded,0,0.41109837286788914
GSE25055,GSM615136,7,0,expanded,0,0.286931419798481
GSE25055,GSM615137,7,0,expanded,1,0.1278752982806588
GSE25055,GSM615138,7,1,expanded,0,0.03978128217131337
GSE25055,GSM615139,7,3,expanded,1,0.3511238275248692
GSE25055,GSM615140,7,2,expanded,1,0.007796505929275479
GSE25055,GSM615142,7,0,expanded,0,0.06339914067276622
GSE25055,GSM615143,7,0,expanded,1,0.26231905389855237
GSE25055,GSM615144,7,3,expanded,0,0.034382754846411706
GSE25055,GSM615145,7,3,expanded,0,0.3021844178165324
GSE25055,GSM615146,7,4,expanded,1,0.38105433840877645
GSE25055,GSM615147,7,3,expanded,0,0.07249489158614171
GSE25055,GSM615148,7,1,expanded,0,0.4168223799806977
GSE25055,GSM615149,7,0,expanded,0,0.34707808517757416
GSE25055,GSM615150,7,2,expanded,0,0.038881190652361376
GSE25055,GSM615151,7,4,expanded,0,0.14940994529987237
GSE25055,GSM615153,7,1,expanded,0,0.013869617957183469
GSE25055,GSM615154,7,2,expanded,1,0.4562027470240797
GSE25055,GSM615155,7,0,expanded,0,0.05884689558423438
GSE25055,GSM615156,7,4,expanded,0,0.4710886238597009
GSE25055,GSM615157,7,2,expanded,0,0.08018502757665334
GSE25055,GSM615158,7,1,expanded,0,0.004998833242711947
GSE25055,GSM615159,7,1,expanded,0,0.412166643724981
GSE25055,GSM615160,7,0,expanded,0,0.3734685520830226
GSE25055,GSM615162,7,1,expanded,0,0.005742068968442226
GSE25055,GSM615164,7,3,expanded,1,0.34534022400050607
GSE25055,GSM615165,7,1,expanded,0,0.04320601615140397
GSE25055,GSM615166,7,4,expanded,0,0.025204491857325373
GSE25055,GSM615167,7,4,expanded,1,0.22159612267407341
GSE25055,GSM615168,7,0,expanded,0,0.06832674140141527
GSE25055,GSM615169,7,4,expanded,0,0.35481568691529436
GSE25055,GSM615170,7,2,expanded,0,0.032473324497602825
GSE25055,GSM615171,7,3,expanded,1,0.44354813678149246
GSE25055,GSM615172,7,4,expanded,0,0.028958668785591255
GSE25055,GSM615173,7,4,expanded,0,0.1897215904826913
GSE25055,GSM615174,7,3,expanded,0,0.14425540998967343
GSE25055,GSM615175,7,4,expanded,1,0.2895738578599754
GSE25055,GSM615176,7,4,expanded,0,0.007392244053573916
GSE25055,GSM615177,7,2,expanded,0,0.1072681103629391
GSE25055,GSM615178,7,1,expanded,0,0.4496303609300253
GSE25055,GSM615179,7,0,expanded,0,0.0372586709595039
GSE25055,GSM615180,7,1,expanded,0,0.021236032575744974
GSE25055,GSM615181,7,1,expanded,1,0.36149819530671595
GSE25055,GSM615182,7,2,expanded,0,0.3105859909976962
GSE25055,GSM615183,7,3,expanded,0,0.08966429594708508
GSE25055,GSM615184,7,2,expanded,0,0.2964963524485692
GSE25055,GSM615185,7,2,expanded,0,0.4346059910325319
GSE25055,GSM615186,7,1,expanded,1,0.006538175933929264
GSE25055,GSM615187,7,0,expanded,0,0.031428126688028274
GSE25055,GSM615188,7,3,expanded,0,0.1507433582887641
GSE25055,GSM615189,7,2,expanded,0,0.2920468574590493
GSE25055,GSM615190,7,1,expanded,0,0.5064892342932601
GSE25055,GSM615191,7,2,expanded,1,0.43134515060354583
GSE25055,GSM615192,7,3,expanded,0,0.046605635368927645
GSE25055,GSM615193,7,4,expanded,1,0.46797218976744104
GSE25055,GSM615194,7,3,expanded,1,0.2931123385489842
GSE25055,GSM615195,7,2,expanded,0,0.3057838149529843
GSE25055,GSM615196,7,0,expanded,0,0.05706749199240236
GSE25055,GSM615197,7,4,expanded,0,0.3881176483987067
GSE25055,GSM615198,7,2,expanded,0,0.04147741464101815
GSE25055,GSM615199,7,1,expanded,0,0.041078366796618984
GSE25055,GSM615200,7,1,expanded,0,0.16301500943286387
GSE25055,GSM615201,7,0,expanded,1,0.08315823643534814
GSE25055,GSM615202,7,4,expanded,1,0.3273758311742274
GSE25055,GSM615203,7,3,expanded,0,0.024067264503993848
GSE25055,GSM615204,7,1,expanded,0,0.0449310603211143
GSE25055,GSM615205,7,3,expanded,0,0.049893433373464725
GSE25055,GSM615206,7,2,expanded,0,0.0958413725959344
GSE25055,GSM615207,7,1,expanded,0,0.03194823592614263
GSE25055,GSM615208,7,4,expanded,0,0.0370008841536005
GSE25055,GSM615209,7,3,expanded,1,0.35313206825014015
GSE25055,GSM615210,7,0,expanded,0,0.06143091465537786
GSE25055,GSM615211,7,0,expanded,1,0.4905043054647609
GSE25055,GSM615212,7,0,expanded,1,0.34447478372886986
GSE25055,GSM615213,7,3,expanded,1,0.3191477709765284
GSE25055,GSM615214,7,2,expanded,0,0.0725663531725012
GSE25055,GSM615215,7,1,expanded,1,0.5027913422487554
GSE25055,GSM615216,7,1,expanded,0,0.025296185009809468
GSE25055,GSM615217,7,4,expanded,0,0.031668779906863384
GSE25055,GSM615218,7,1,expanded,0,0.23165037805736022
GSE25055,GSM615219,7,0,expanded,0,0.08296102374199235
GSE25055,GSM615220,7,0,expanded,0,0.059336782746926935
GSE25055,GSM615221,7,2,expanded,0,0.08629854631645736
GSE25055,GSM615222,7,3,expanded,0,0.0551659318408449
GSE25055,GSM615223,7,2,expanded,0,0.3115959967963229
GSE25055,GSM615224,7,0,expanded,0,0.03987123299110223
GSE25055,GSM615225,7,3,expanded,0,0.2308508860059584
GSE25055,GSM615226,7,0,expanded,0,0.022526870718440218
GSE25055,GSM615227,7,1,expanded,0,0.02927997218283864
GSE25055,GSM615228,7,2,expanded,0,0.30500491533180296
GSE25055,GSM615229,7,2,expanded,0,0.09649475943851311
GSE25055,GSM615230,7,2,expanded,0,0.14973262704153453
GSE25055,GSM615231,7,4,expanded,0,0.03253526093214598
GSE25055,GSM615232,7,3,expanded,0,0.040503411519300564
GSE25055,GSM615233,7,0,expanded,0,0.024298136619264263
GSE25055,GSM615234,7,1,expanded,0,0.1771563699526483
GSE25055,GSM615235,7,2,expanded,0,0.07411449790418574
GSE25055,GSM615236,7,2,expanded,0,0.11938024579369096
GSE25055,GSM615237,7,1,expanded,0,0.029703366467108295
GSE25055,GSM615238,7,3,expanded,0,0.09600262702866322
GSE25055,GSM615239,7,0,expanded,0,0.07284718093128917
GSE25055,GSM615240,7,4,expanded,1,0.44262780716493916
GSE25055,GSM615241,7,1,expanded,0,0.01289907182995821
GSE25055,GSM615242,7,2,expanded,1,0.34391689011173066
GSE25055,GSM615243,7,0,expanded,0,0.04412162330057148
GSE25055,GSM615244,7,0,expanded,0,0.5279359380988051
GSE25055,GSM615245,7,2,expanded,0,0.06329042566888533
GSE25055,GSM615246,7,4,expanded,0,0.042585566840989374
GSE25055,GSM615247,7,4,expanded,0,0.20431122981853045
GSE25055,GSM615248,7,3,expanded,0,0.11733915783559867
GSE25055,GSM615249,7,4,expanded,0,0.11418254423000945
GSE25055,GSM615250,7,1,expanded,0,0.49745393033100954
GSE25055,GSM615251,7,0,expanded,0,0.45101146884461074
GSE25055,GSM615252,7,0,expanded,0,0.03842073339882791
GSE25055,GSM615253,7,1,expanded,0,0.05330939917571263
GSE25055,GSM615254,7,4,expanded,0,0.04641723550066007
GSE25055,GSM615255,7,1,expanded,0,0.3158226929838289
GSE25055,GSM615256,7,2,expanded,1,0.14862931242933225
GSE25055,GSM615257,7,3,expanded,0,0.016844035517622574
GSE25055,GSM615258,7,0,expanded,0,0.054272604438988625
GSE25055,GSM615259,7,0,expanded,0,0.033646141539574764
GSE25055,GSM615260,7,0,expanded,0,0.18592489052349317
GSE25055,GSM615261,7,0,expanded,0,0.039784022503511526
GSE25055,GSM615262,7,4,expanded,0,0.0158828707130656
GSE25055,GSM615263,7,3,expanded,1,0.2256819590532789
GSE25055,GSM615264,7,2,expanded,1,0.40201664349531463
GSE25055,GSM615265,7,1,expanded,0,0.3858171285249417
GSE25055,GSM615266,7,2,expanded,0,0.02708975627524158
GSE25055,GSM615267,7,1,expanded,0,0.04467968859441088
GSE25055,GSM615268,7,1,expanded,0,0.0152490628892849
GSE25055,GSM615269,7,3,expanded,0,0.0762940205093014
GSE25055,GSM615270,7,1,expanded,1,0.32126192832633704
GSE25055,GSM615271,7,3,expanded,0,0.06842288935563538
GSE25055,GSM615272,7,2,expanded,0,0.0450055471768762
GSE25055,GSM615273,7,4,expanded,0,0.04694358168904297
GSE25055,GSM615274,7,2,expanded,0,0.08948685859886912
GSE25055,GSM615275,7,3,expanded,0,0.12147391665041075
GSE25055,GSM615276,7,4,expanded,0,0.3435273765987072
GSE25055,GSM615277,7,0,expanded,0,0.058976719508632904
GSE25055,GSM615278,7,3,expanded,0,0.10660468621029036
GSE25055,GSM615279,7,0,expanded,0,0.058976719508632904
GSE25055,GSM615280,7,0,expanded,1,0.07531480891536832
GSE25055,GSM615281,7,1,expanded,0,0.042588749052610134
GSE25055,GSM615282,7,3,expanded,0,0.03943830480486673
GSE25055,GSM615283,7,4,expanded,0,0.07198186973192042
GSE25055,GSM615284,7,4,expanded,1,0.27017048056070064
GSE25055,GSM615285,7,4,expanded,0,0.10537511022447478
GSE25055,GSM615286,7,0,expanded,0,0.07604359639979
GSE25055,GSM615287,7,0,expanded,0,0.2290100513637286
GSE25055,GSM615288,7,4,expanded,0,0.47386599760584874
GSE25055,GSM615289,7,4,expanded,0,0.04801334239400161
GSE25055,GSM615290,7,3,expanded,0,0.030517760548447233
GSE25055,GSM615291,7,2,expanded,1,0.3968769548663898
GSE25055,GSM615292,7,4,expanded,0,0.047475599206728517
GSE25055,GSM615293,7,0,expanded,1,0.5081243858499488
GSE25055,GSM615294,7,0,expanded,0,0.11518094881437077
GSE25055,GSM615295,7,1,expanded,0,0.2452991843462188
GSE25055,GSM615296,7,1,expanded,0,0.013921818333555614
GSE25055,GSM615297,7,3,expanded,0,0.3398447393569185
GSE25055,GSM615298,7,3,expanded,0,0.0762940205093014
GSE25055,GSM615299,7,0,expanded,0,0.0923594252237415
GSE25055,GSM615300,7,3,expanded,1,0.3464584737122147
GSE25055,GSM615301,7,3,expanded,0,0.22059557462014748
GSE25055,GSM615302,7,1,expanded,0,0.03813776293020053
GSE25055,GSM615303,7,1,expanded,0,0.18246922521530126
GSE25055,GSM615304,7,0,expanded,0,0.12717950714508303
GSE25055,GSM615305,7,2,expanded,0,0.08724366382669563
GSE25055,GSM615306,7,2,expanded,0,0.03263905588808927
GSE25055,GSM615307,7,0,expanded,1,0.5037195480131706
GSE25055,GSM615308,7,4,expanded,0,0.1347650475168075
GSE25055,GSM615309,7,3,expanded,0,0.08735856382437107
GSE25055,GSM615310,7,3,expanded,1,0.11362069747138326
GSE25055,GSM615311,7,4,expanded,0,0.03860743139041459
GSE25055,GSM615312,7,1,expanded,0,0.12409225671731212
GSE25055,GSM615313,7,0,expanded,0,0.05349053769012345
GSE25055,GSM615314,7,3,expanded,0,0.032188295720568534
GSE25055,GSM615315,7,3,expanded,0,0.40566710575238235
GSE25055,GSM615316,7,2,expanded,0,0.08943710079255626
GSE25055,GSM615317,7,3,expanded,0,0.4155150164158433
GSE25055,GSM615318,7,4,expanded,0,0.03328814983105354
GSE25055,GSM615319,7,4,expanded,0,0.3994108616367161
GSE25055,GSM615320,7,1,expanded,0,0.5278202248508352
GSE25055,GSM615321,7,0,expanded,0,0.4249913163540419
GSE25055,GSM615322,7,2,expanded,0,0.24475015198572897
GSE25055,GSM615323,7,4,expanded,0,0.3141349914602776
GSE25055,GSM615324,7,3,expanded,1,0.46021473046172445
GSE25055,GSM615325,7,0,expanded,1,0.5628743509119583
GSE25055,GSM615326,7,2,expanded,0,0.16938666651594048
GSE25055,GSM615327,7,3,expanded,0,0.21222891627243004
GSE25055,GSM615328,7,2,expanded,0,0.02617429314546027
GSE25055,GSM615329,7,1,expanded,0,0.03273236191480521
GSE25055,GSM615330,7,2,expanded,0,0.2891700702637497
GSE25055,GSM615331,7,1,expanded,1,0.09234806965005665
GSE25055,GSM615332,7,2,expanded,0,0.0625003289583351
GSE25055,GSM615333,7,0,expanded,0,0.22604191913827565
GSE25055,GSM615334,7,2,expanded,1,0.3002635214624957
GSE25055,GSM615335,7,2,expanded,0,0.42268882739010966
GSE25055,GSM615336,7,4,expanded,1,0.4397118104573985
GSE25055,GSM615337,7,1,expanded,0,0.03386934808286796
GSE25055,GSM615338,7,1,expanded,1,0.4219963482835815
GSE25055,GSM615339,7,4,expanded,0,0.02956338586805869
GSE25055,GSM615340,7,4,expanded,0,0.09819530209140646
GSE25055,GSM615341,7,1,expanded,0,0.03305891572294243
GSE25055,GSM615342,7,0,expanded,0,0.32866869382026365
GSE25055,GSM615343,7,4,expanded,0,0.22421221894531881
GSE25055,GSM615344,7,1,expanded,0,0.4158966505770752
GSE25055,GSM615345,7,0,expanded,0,0.25269820232991796
GSE25055,GSM615346,7,3,expanded,0,0.4515284693510053
GSE25055,GSM615347,7,2,expanded,0,0.31922188744748076
GSE25055,GSM615348,7,0,expanded,0,0.30770185242981035
GSE25055,GSM615349,7,4,expanded,0,0.0324022893700299
GSE25055,GSM615350,7,1,expanded,0,0.29443303921817365
GSE25055,GSM615351,7,2,expanded,0,0.014060485874667072
GSE25055,GSM615352,7,2,expanded,0,0.01272080015386917
GSE25055,GSM615353,7,4,expanded,1,0.1930160798281058
GSE25055,GSM615354,7,1,expanded,1,0.18538113136861384
GSE25055,GSM615355,7,4,expanded,0,0.03353342420009699
GSE25055,GSM615356,7,4,expanded,0,0.3696847822102068
GSE25055,GSM615357,7,1,expanded,1,0.4466159823947328
GSE25055,GSM615358,7,1,expanded,0,0.009484439802415406
GSE25055,GSM615359,7,2,expanded,1,0.24722509921241115
GSE25055,GSM615360,7,2,expanded,0,0.05110176443181854
GSE25055,GSM615361,7,3,expanded,0,0.11362069747138326
GSE25055,GSM615362,7,2,expanded,0,0.014246671618005307
GSE25055,GSM615363,7,4,expanded,0,0.389176523538684
GSE25055,GSM615364,7,1,expanded,0,0.5650643789585872
GSE25055,GSM615365,7,1,expanded,0,0.022384052623387274
GSE25055,GSM615366,7,2,expanded,0,0.018138137671895153
GSE25055,GSM615367,7,4,expanded,0,0.09924767510499265
GSE25055,GSM615368,7,1,expanded,0,0.6015882791337609
GSE25055,GSM615369,7,2,expanded,0,0.42594831703422653
GSE25055,GSM615370,7,0,expanded,0,0.05218019819459543
GSE25055,GSM615371,7,0,expanded,1,0.3539115613118408
GSE25055,GSM615372,7,0,expanded,0,0.47290778685582163
GSE25055,GSM615373,7,3,expanded,0,0.09600262702866322
GSE25055,GSM615374,7,4,expanded,0,0.006534550237498349
GSE25055,GSM615375,7,0,expanded,1,0.22674284846548065
GSE25055,GSM615376,7,3,expanded,0,0.22554885157902513
GSE25055,GSM615377,7,1,expanded,0,0.011029820475701599
GSE25055,GSM615378,7,3,expanded,0,0.4588051249611571
GSE25055,GSM615379,7,0,expanded,1,0.2014306221718363
GSE25055,GSM615380,7,4,expanded,0,0.3762065445287269
GSE25055,GSM615381,7,0,expanded,0,0.035242098619497585
GSE25055,GSM615382,7,3,expanded,0,0.2900660400477311
GSE25055,GSM615383,7,4,expanded,1,0.0320335046754324
GSE25055,GSM615384,7,3,expanded,0,0.2942018126659869
GSE25055,GSM615385,7,2,expanded,0,0.15588748323907284
GSE25055,GSM615386,7,3,expanded,0,0.059642767451103446
GSE25055,GSM615387,7,1,expanded,0,0.5402902498068358
GSE25055,GSM615388,7,3,expanded,0,0.050404598924302206
GSE25055,GSM615389,7,4,expanded,0,0.02421975878377242
GSE25055,GSM615390,7,3,expanded,0,0.4226585399076163
GSE25055,GSM615391,7,0,expanded,0,0.02619885432878124
GSE25055,GSM615392,7,0,expanded,0,0.19306088000494293
GSE25055,GSM615393,7,2,expanded,1,0.3530050173054114
GSE25055,GSM615394,7,3,expanded,1,0.27227858286630136
GSE25055,GSM615395,7,2,expanded,0,0.054849879760028676
GSE25055,GSM615396,7,4,expanded,1,0.39865824967819435
GSE25055,GSM615397,7,2,expanded,1,0.17434155075476515
GSE25055,GSM615398,7,0,expanded,0,0.04391668875412167
GSE25055,GSM615399,7,0,expanded,0,0.038447864753351206
GSE25055,GSM615400,7,3,expanded,0,0.027272087259987005
GSE25055,GSM615401,7,4,expanded,0,0.09320785008075637
GSE25055,GSM615402,7,4,expanded,0,0.023237001441121643
GSE25055,GSM615403,7,0,expanded,0,0.15431339610928854
GSE25055,GSM615404,7,4,expanded,0,0.11659710472787513
GSE25055,GSM615405,7,3,expanded,0,0.2414352727886082
GSE25055,GSM615096,7,0,expanded_score,0,0.052908927411064906
GSE25055,GSM615097,7,3,expanded_score,0,0.03555167498271997
GSE25055,GSM615098,7,3,expanded_score,0,0.40826321652386643
GSE25055,GSM615099,7,1,expanded_score,1,0.6599933635597484
GSE25055,GSM615100,7,3,expanded_score,0,0.1192046501207986
GSE25055,GSM615101,7,3,expanded_score,0,0.3139782483162248
GSE25055,GSM615102,7,1,expanded_score,0,0.5450097624941186
GSE25055,GSM615104,7,2,expanded_score,0,0.27092327540669575
GSE25055,GSM615106,7,2,expanded_score,0,0.19431660384461594
GSE25055,GSM615107,7,2,expanded_score,0,0.36542047284426904
GSE25055,GSM615108,7,1,expanded_score,0,0.2689005894070599
GSE25055,GSM615109,7,1,expanded_score,0,0.40887404126230753
GSE25055,GSM615111,7,4,expanded_score,0,0.17134167994466853
GSE25055,GSM615112,7,3,expanded_score,0,0.33291149463967346
GSE25055,GSM615113,7,2,expanded_score,0,0.45643003122015374
GSE25055,GSM615114,7,0,expanded_score,0,0.031444790062821124
GSE25055,GSM615115,7,0,expanded_score,0,0.17523496909923678
GSE25055,GSM615116,7,4,expanded_score,0,0.6042878137818136
GSE25055,GSM615117,7,4,expanded_score,0,0.19832286677635336
GSE25055,GSM615120,7,2,expanded_score,0,0.009517192166390909
GSE25055,GSM615121,7,2,expanded_score,0,0.09407255406379221
GSE25055,GSM615122,7,1,expanded_score,1,0.017125409407137054
GSE25055,GSM615123,7,1,expanded_score,1,0.21532684279201417
GSE25055,GSM615124,7,2,expanded_score,0,0.02537026824030264
GSE25055,GSM615125,7,4,expanded_score,0,0.021649176192337628
GSE25055,GSM615126,7,4,expanded_score,0,0.0486767833971446
GSE25055,GSM615127,7,3,expanded_score,0,0.05847363954964867
GSE25055,GSM615128,7,0,expanded_score,0,0.025058840938176143
GSE25055,GSM615129,7,3,expanded_score,0,0.06829320724184906
GSE25055,GSM615130,7,2,expanded_score,0,0.02235131328774717
GSE25055,GSM615131,7,1,expanded_score,0,0.0406553109597234
GSE25055,GSM615132,7,1,expanded_score,0,0.02308735162953714
GSE25055,GSM615133,7,3,expanded_score,0,0.021236313008053488
GSE25055,GSM615134,7,4,expanded_score,0,0.013841426943733755
GSE25055,GSM615135,7,4,expanded_score,0,0.2983781355021974
GSE25055,GSM615136,7,0,expanded_score,0,0.32588920022982076
GSE25055,GSM615137,7,0,expanded_score,1,0.11773533257461376
GSE25055,GSM615138,7,1,expanded_score,0,0.040218948607247965
GSE25055,GSM615139,7,3,expanded_score,1,0.5818119142874622
GSE25055,GSM615140,7,2,expanded_score,1,0.012226340961728291
GSE25055,GSM615142,7,0,expanded_score,0,0.04479257495118353
GSE25055,GSM615143,7,0,expanded_score,1,0.25125169639869
GSE25055,GSM615144,7,3,expanded_score,0,0.03463841255005402
GSE25055,GSM615145,7,3,expanded_score,0,0.5809993419040341
GSE25055,GSM615146,7,4,expanded_score,1,0.33596686838645523
GSE25055,GSM615147,7,3,expanded_score,0,0.05318475673257744
GSE25055,GSM615148,7,1,expanded_score,0,0.3977755998244782
GSE25055,GSM615149,7,0,expanded_score,0,0.2750509396573424
GSE25055,GSM615150,7,2,expanded_score,0,0.024700348824404646
GSE25055,GSM615151,7,4,expanded_score,0,0.21202635157375568
GSE25055,GSM615153,7,1,expanded_score,0,0.017143978908802916
GSE25055,GSM615154,7,2,expanded_score,1,0.3464131028559052
GSE25055,GSM615155,7,0,expanded_score,0,0.08722223687856873
GSE25055,GSM615156,7,4,expanded_score,0,0.32739839931119247
GSE25055,GSM615157,7,2,expanded_score,0,0.046815219419768433
GSE25055,GSM615158,7,1,expanded_score,0,0.006038876613269607
GSE25055,GSM615159,7,1,expanded_score,0,0.17388491960305466
GSE25055,GSM615160,7,0,expanded_score,0,0.33591424758483657
GSE25055,GSM615162,7,1,expanded_score,0,0.004284402390539865
GSE25055,GSM615164,7,3,expanded_score,1,0.5244611839325906
GSE25055,GSM615165,7,1,expanded_score,0,0.043183589108659125
GSE25055,GSM615166,7,4,expanded_score,0,0.042241981134311844
GSE25055,GSM615167,7,4,expanded_score,1,0.12053460030653686
GSE25055,GSM615168,7,0,expanded_score,0,0.03645907963742188
GSE25055,GSM615169,7,4,expanded_score,0,0.3384975262902077
GSE25055,GSM615170,7,2,expanded_score,0,0.02665759357734462
GSE25055,GSM615171,7,3,expanded_score,1,0.3274734947545564
GSE25055,GSM615172,7,4,expanded_score,0,0.022640729835710825
GSE25055,GSM615173,7,4,expanded_score,0,0.08624193223541007
GSE25055,GSM615174,7,3,expanded_score,0,0.13907802868854585
GSE25055,GSM615175,7,4,expanded_score,1,0.33984081391662696
GSE25055,GSM615176,7,4,expanded_score,0,0.008612589482146625
GSE25055,GSM615177,7,2,expanded_score,0,0.09140621179637415
GSE25055,GSM615178,7,1,expanded_score,0,0.34944333216408247
GSE25055,GSM615179,7,0,expanded_score,0,0.040205381764302835
GSE25055,GSM615180,7,1,expanded_score,0,0.025742981708175215
GSE25055,GSM615181,7,1,expanded_score,1,0.3488835639606145
GSE25055,GSM615182,7,2,expanded_score,0,0.3617593204004841
GSE25055,GSM615183,7,3,expanded_score,0,0.05470791517239
GSE25055,GSM615184,7,2,expanded_score,0,0.47457467868693215
GSE25055,GSM615185,7,2,expanded_score,0,0.35417512200756945
GSE25055,GSM615186,7,1,expanded_score,1,0.007448266871658788
GSE25055,GSM615187,7,0,expanded_score,0,0.04328120765640171
GSE25055,GSM615188,7,3,expanded_score,0,0.16494364677928358
GSE25055,GSM615189,7,2,expanded_score,0,0.256944779580667
GSE25055,GSM615190,7,1,expanded_score,0,0.5344943873324053
GSE25055,GSM615191,7,2,expanded_score,1,0.6393331414150767
GSE25055,GSM615192,7,3,expanded_score,0,0.03825896432936243
GSE25055,GSM615193,7,4,expanded_score,1,0.4116707648051425
GSE25055,GSM615194,7,3,expanded_score,1,0.4212023731795603
GSE25055,GSM615195,7,2,expanded_score,0,0.4378185082786253
GSE25055,GSM615196,7,0,expanded_score,0,0.08047290037854235
GSE25055,GSM615197,7,4,expanded_score,0,0.4681837640191982
GSE25055,GSM615198,7,2,expanded_score,0,0.0329940573398218
GSE25055,GSM615199,7,1,expanded_score,0,0.044651636921626464
GSE25055,GSM615200,7,1,expanded_score,0,0.2809458068592248
GSE25055,GSM615201,7,0,expanded_score,1,0.12072981949933406
GSE25055,GSM615202,7,4,expanded_score,1,0.4649443431442955
GSE25055,GSM615203,7,3,expanded_score,0,0.010817995019045738
GSE25055,GSM615204,7,1,expanded_score,0,0.02736773065802075
GSE25055,GSM615205,7,3,expanded_score,0,0.050210206100345246
GSE25055,GSM615206,7,2,expanded_score,0,0.058058782362840816
GSE25055,GSM615207,7,1,expanded_score,0,0.019342315205550346
GSE25055,GSM615208,7,4,expanded_score,0,0.02615978597392729
GSE25055,GSM615209,7,3,expanded_score,1,0.48391893536205116
GSE25055,GSM615210,7,0,expanded_score,0,0.033690017821055684
GSE25055,GSM615211,7,0,expanded_score,1,0.6296724457471543
GSE25055,GSM615212,7,0,expanded_score,1,0.1916999314316428
GSE25055,GSM615213,7,3,expanded_score,1,0.36061419902767217
GSE25055,GSM615214,7,2,expanded_score,0,0.03066903946091839
GSE25055,GSM615215,7,1,expanded_score,1,0.4209199744321163
GSE25055,GSM615216,7,1,expanded_score,0,0.034745206148828305
GSE25055,GSM615217,7,4,expanded_score,0,0.030750933201450923
GSE25055,GSM615218,7,1,expanded_score,0,0.1761714971739521
GSE25055,GSM615219,7,0,expanded_score,0,0.07508047113388794
GSE25055,GSM615220,7,0,expanded_score,0,0.016850847826749206
GSE25055,GSM615221,7,2,expanded_score,0,0.07104300246787114
GSE25055,GSM615222,7,3,expanded_score,0,0.03276537909792918
GSE25055,GSM615223,7,2,expanded_score,0,0.15901713787726
GSE25055,GSM615224,7,0,expanded_score,0,0.015161169001688077
GSE25055,GSM615225,7,3,expanded_score,0,0.21719845252225325
GSE25055,GSM615226,7,0,expanded_score,0,0.01577157996470821
GSE25055,GSM615227,7,1,expanded_score,0,0.03914971271592262
GSE25055,GSM615228,7,2,expanded_score,0,0.23436936313411402
GSE25055,GSM615229,7,2,expanded_score,0,0.032052318566441855
GSE25055,GSM615230,7,2,expanded_score,0,0.06821370641357864
GSE25055,GSM615231,7,4,expanded_score,0,0.017512027229408682
GSE25055,GSM615232,7,3,expanded_score,0,0.02076272901590121
GSE25055,GSM615233,7,0,expanded_score,0,0.015207049991601412
GSE25055,GSM615234,7,1,expanded_score,0,0.10707162041317031
GSE25055,GSM615235,7,2,expanded_score,0,0.14553312432195795
GSE25055,GSM615236,7,2,expanded_score,0,0.10353327478868798
GSE25055,GSM615237,7,1,expanded_score,0,0.018080757203121297
GSE25055,GSM615238,7,3,expanded_score,0,0.043771334669104704
GSE25055,GSM615239,7,0,expanded_score,0,0.06971410699537547
GSE25055,GSM615240,7,4,expanded_score,1,0.16328523365701056
GSE25055,GSM615241,7,1,expanded_score,0,0.014844907001826207
GSE25055,GSM615242,7,2,expanded_score,1,0.369273986889744
GSE25055,GSM615243,7,0,expanded_score,0,0.02778064828549594
GSE25055,GSM615244,7,0,expanded_score,0,0.31342119479624353
GSE25055,GSM615245,7,2,expanded_score,0,0.1070334225616944
GSE25055,GSM615246,7,4,expanded_score,0,0.056555089443188405
GSE25055,GSM615247,7,4,expanded_score,0,0.14925171564694945
GSE25055,GSM615248,7,3,expanded_score,0,0.2504644235448526
GSE25055,GSM615249,7,4,expanded_score,0,0.062491203774990824
GSE25055,GSM615250,7,1,expanded_score,0,0.5891581011645572
GSE25055,GSM615251,7,0,expanded_score,0,0.47817632478922617
GSE25055,GSM615252,7,0,expanded_score,0,0.022232081733055815
GSE25055,GSM615253,7,1,expanded_score,0,0.06357553953581926
GSE25055,GSM615254,7,4,expanded_score,0,0.031915994702605775
GSE25055,GSM615255,7,1,expanded_score,0,0.24086400042931044
GSE25055,GSM615256,7,2,expanded_score,1,0.17344699584895862
GSE25055,GSM615257,7,3,expanded_score,0,0.008741415620201906
GSE25055,GSM615258,7,0,expanded_score,0,0.06867168419648075
GSE25055,GSM615259,7,0,expanded_score,0,0.021905445707526557
GSE25055,GSM615260,7,0,expanded_score,0,0.3086901232302316
GSE25055,GSM615261,7,0,expanded_score,0,0.03961146178207653
GSE25055,GSM615262,7,4,expanded_score,0,0.011805227320819676
GSE25055,GSM615263,7,3,expanded_score,1,0.29251468883604925
GSE25055,GSM615264,7,2,expanded_score,1,0.258929608644007
GSE25055,GSM615265,7,1,expanded_score,0,0.2098330053896132
GSE25055,GSM615266,7,2,expanded_score,0,0.04752657565915709
GSE25055,GSM615267,7,1,expanded_score,0,0.05088596363624603
GSE25055,GSM615268,7,1,expanded_score,0,0.024722770971448288
GSE25055,GSM615269,7,3,expanded_score,0,0.059199914084243764
GSE25055,GSM615270,7,1,expanded_score,1,0.4377541337915455
GSE25055,GSM615271,7,3,expanded_score,0,0.1516328553129612
GSE25055,GSM615272,7,2,expanded_score,0,0.03477279160802866
GSE25055,GSM615273,7,4,expanded_score,0,0.06923182598085745
GSE25055,GSM615274,7,2,expanded_score,0,0.20187291807280786
GSE25055,GSM615275,7,3,expanded_score,0,0.2563934944407846
GSE25055,GSM615276,7,4,expanded_score,0,0.24520554372903258
GSE25055,GSM615277,7,0,expanded_score,0,0.061890583909402413
GSE25055,GSM615278,7,3,expanded_score,0,0.08372456243620263
GSE25055,GSM615279,7,0,expanded_score,0,0.05179945657697951
GSE25055,GSM615280,7,0,expanded_score,1,0.11136926862021171
GSE25055,GSM615281,7,1,expanded_score,0,0.05463788259362376
GSE25055,GSM615282,7,3,expanded_score,0,0.05381896453693798
GSE25055,GSM615283,7,4,expanded_score,0,0.09896096374235087
GSE25055,GSM615284,7,4,expanded_score,1,0.3046169984650867
GSE25055,GSM615285,7,4,expanded_score,0,0.0434617929394001
GSE25055,GSM615286,7,0,expanded_score,0,0.16250528744844137
GSE25055,GSM615287,7,0,expanded_score,0,0.23613412521593274
GSE25055,GSM615288,7,4,expanded_score,0,0.5050730729907735
GSE25055,GSM615289,7,4,expanded_score,0,0.1175304897985587
GSE25055,GSM615290,7,3,expanded_score,0,0.10054920773290049
GSE25055,GSM615291,7,2,expanded_score,1,0.35401359699117396
GSE25055,GSM615292,7,4,expanded_score,0,0.04672367142735506
GSE25055,GSM615293,7,0,expanded_score,1,0.6987662868828886
GSE25055,GSM615294,7,0,expanded_score,0,0.13733682264185376
GSE25055,GSM615295,7,1,expanded_score,0,0.11331016837310788
GSE25055,GSM615296,7,1,expanded_score,0,0.015096781418710703
GSE25055,GSM615297,7,3,expanded_score,0,0.4811324986460279
GSE25055,GSM615298,7,3,expanded_score,0,0.07196188064591133
GSE25055,GSM615299,7,0,expanded_score,0,0.054205913471247605
GSE25055,GSM615300,7,3,expanded_score,1,0.25544447252460056
GSE25055,GSM615301,7,3,expanded_score,0,0.22659826643880457
GSE25055,GSM615302,7,1,expanded_score,0,0.04752897765311913
GSE25055,GSM615303,7,1,expanded_score,0,0.1646133833018709
GSE25055,GSM615304,7,0,expanded_score,0,0.0629896418559397
GSE25055,GSM615305,7,2,expanded_score,0,0.06872229131921369
GSE25055,GSM615306,7,2,expanded_score,0,0.025495999495844333
GSE25055,GSM615307,7,0,expanded_score,1,0.7226696194800886
GSE25055,GSM615308,7,4,expanded_score,0,0.060289663860856615
GSE25055,GSM615309,7,3,expanded_score,0,0.06294249811202732
GSE25055,GSM615310,7,3,expanded_score,1,0.3263828903984649
GSE25055,GSM615311,7,4,expanded_score,0,0.01945951106776321
GSE25055,GSM615312,7,1,expanded_score,0,0.1109548249753574
GSE25055,GSM615313,7,0,expanded_score,0,0.04028641644340784
GSE25055,GSM615314,7,3,expanded_score,0,0.02054546018646172
GSE25055,GSM615315,7,3,expanded_score,0,0.5282336825453179
GSE25055,GSM615316,7,2,expanded_score,0,0.03644860482552111
GSE25055,GSM615317,7,3,expanded_score,0,0.4553278842515686
GSE25055,GSM615318,7,4,expanded_score,0,0.02080933119027386
GSE25055,GSM615319,7,4,expanded_score,0,0.25582713236403737
GSE25055,GSM615320,7,1,expanded_score,0,0.6633233658225582
GSE25055,GSM615321,7,0,expanded_score,0,0.4224323532135961
GSE25055,GSM615322,7,2,expanded_score,0,0.3193479319075882
GSE25055,GSM615323,7,4,expanded_score,0,0.11402556775199466
GSE25055,GSM615324,7,3,expanded_score,1,0.6882616164198435
GSE25055,GSM615325,7,0,expanded_score,1,0.6630029752499875
GSE25055,GSM615326,7,2,expanded_score,0,0.36942855530475166
GSE25055,GSM615327,7,3,expanded_score,0,0.24407854528275064
GSE25055,GSM615328,7,2,expanded_score,0,0.0191215206765079
GSE25055,GSM615329,7,1,expanded_score,0,0.019603871846763505
GSE25055,GSM615330,7,2,expanded_score,0,0.12157413546126454
GSE25055,GSM615331,7,1,expanded_score,1,0.049102413536701216
GSE25055,GSM615332,7,2,expanded_score,0,0.08746134410127455
GSE25055,GSM615333,7,0,expanded_score,0,0.2275421275496779
GSE25055,GSM615334,7,2,expanded_score,1,0.4974766911180808
GSE25055,GSM615335,7,2,expanded_score,0,0.39758991026412893
GSE25055,GSM615336,7,4,expanded_score,1,0.5431422062817016
GSE25055,GSM615337,7,1,expanded_score,0,0.028860084025630926
GSE25055,GSM615338,7,1,expanded_score,1,0.37894344258938006
GSE25055,GSM615339,7,4,expanded_score,0,0.01456212855160316
GSE25055,GSM615340,7,4,expanded_score,0,0.05038563073455209
GSE25055,GSM615341,7,1,expanded_score,0,0.01838393434204622
GSE25055,GSM615342,7,0,expanded_score,0,0.2410883649915151
GSE25055,GSM615343,7,4,expanded_score,0,0.20334961953195527
GSE25055,GSM615344,7,1,expanded_score,0,0.20608532183121892
GSE25055,GSM615345,7,0,expanded_score,0,0.12432407566852603
GSE25055,GSM615346,7,3,expanded_score,0,0.5114905063951795
GSE25055,GSM615347,7,2,expanded_score,0,0.3644089696132214
GSE25055,GSM615348,7,0,expanded_score,0,0.3150180871394225
GSE25055,GSM615349,7,4,expanded_score,0,0.025861129830900376
GSE25055,GSM615350,7,1,expanded_score,0,0.18291171441126547
GSE25055,GSM615351,7,2,expanded_score,0,0.022734774671962197
GSE25055,GSM615352,7,2,expanded_score,0,0.007708222872777352
GSE25055,GSM615353,7,4,expanded_score,1,0.14980547777338094
GSE25055,GSM615354,7,1,expanded_score,1,0.2328926311990426
GSE25055,GSM615355,7,4,expanded_score,0,0.050027418738230904
GSE25055,GSM615356,7,4,expanded_score,0,0.21467986608297507
GSE25055,GSM615357,7,1,expanded_score,1,0.5524046048592693
GSE25055,GSM615358,7,1,expanded_score,0,0.007644348468727873
GSE25055,GSM615359,7,2,expanded_score,1,0.3713846457835572
GSE25055,GSM615360,7,2,expanded_score,0,0.044047947887431826
GSE25055,GSM615361,7,3,expanded_score,0,0.11954377474539332
GSE25055,GSM615362,7,2,expanded_score,0,0.014826762086746962
GSE25055,GSM615363,7,4,expanded_score,0,0.21922279103825082
GSE25055,GSM615364,7,1,expanded_score,0,0.6224580009903853
GSE25055,GSM615365,7,1,expanded_score,0,0.018196015737206358
GSE25055,GSM615366,7,2,expanded_score,0,0.016691515702049575
GSE25055,GSM615367,7,4,expanded_score,0,0.06647722802938495
GSE25055,GSM615368,7,1,expanded_score,0,0.7515630887608115
GSE25055,GSM615369,7,2,expanded_score,0,0.26796183766449944
GSE25055,GSM615370,7,0,expanded_score,0,0.06166073871728802
GSE25055,GSM615371,7,0,expanded_score,1,0.3411947615146961
GSE25055,GSM615372,7,0,expanded_score,0,0.4658369377092466
GSE25055,GSM615373,7,3,expanded_score,0,0.12687917278561622
GSE25055,GSM615374,7,4,expanded_score,0,0.004782599211084705
GSE25055,GSM615375,7,0,expanded_score,1,0.4868968576216854
GSE25055,GSM615376,7,3,expanded_score,0,0.16067283012111885
GSE25055,GSM615377,7,1,expanded_score,0,0.004065175362877807
GSE25055,GSM615378,7,3,expanded_score,0,0.414319253246998
GSE25055,GSM615379,7,0,expanded_score,1,0.13872046047518788
GSE25055,GSM615380,7,4,expanded_score,0,0.533100724894516
GSE25055,GSM615381,7,0,expanded_score,0,0.011400891912549251
GSE25055,GSM615382,7,3,expanded_score,0,0.14292819369432325
GSE25055,GSM615383,7,4,expanded_score,1,0.018064404500712717
GSE25055,GSM615384,7,3,expanded_score,0,0.20244112127168434
GSE25055,GSM615385,7,2,expanded_score,0,0.06448337404450756
GSE25055,GSM615386,7,3,expanded_score,0,0.02325876833924006
GSE25055,GSM615387,7,1,expanded_score,0,0.38376285516963715
GSE25055,GSM615388,7,3,expanded_score,0,0.03934075799709065
GSE25055,GSM615389,7,4,expanded_score,0,0.028693974457156993
GSE25055,GSM615390,7,3,expanded_score,0,0.49706806289241373
GSE25055,GSM615391,7,0,expanded_score,0,0.014392262242017574
GSE25055,GSM615392,7,0,expanded_score,0,0.22841791086514596
GSE25055,GSM615393,7,2,expanded_score,1,0.23216953310409164
GSE25055,GSM615394,7,3,expanded_score,1,0.19856642598266647
GSE25055,GSM615395,7,2,expanded_score,0,0.03194039270456918
GSE25055,GSM615396,7,4,expanded_score,1,0.39922582171264653
GSE25055,GSM615397,7,2,expanded_score,1,0.2307881261211608
GSE25055,GSM615398,7,0,expanded_score,0,0.04585968739840963
GSE25055,GSM615399,7,0,expanded_score,0,0.03471362379131742
GSE25055,GSM615400,7,3,expanded_score,0,0.026349609754689425
GSE25055,GSM615401,7,4,expanded_score,0,0.09853435453670091
GSE25055,GSM615402,7,4,expanded_score,0,0.02302085523441602
GSE25055,GSM615403,7,0,expanded_score,0,0.226929393766859
GSE25055,GSM615404,7,4,expanded_score,0,0.07628665513663728
GSE25055,GSM615405,7,3,expanded_score,0,0.4070395629455088
GSE25055,GSM615096,7,0,expanded_pam50,0,0.0635272547386463
GSE25055,GSM615097,7,3,expanded_pam50,0,0.049037153017203225
GSE25055,GSM615098,7,3,expanded_pam50,0,0.3677424616842484
GSE25055,GSM615099,7,1,expanded_pam50,1,0.5189563996032869
GSE25055,GSM615100,7,3,expanded_pam50,0,0.05480899610280592
GSE25055,GSM615101,7,3,expanded_pam50,0,0.2478910839225753
GSE25055,GSM615102,7,1,expanded_pam50,0,0.49917160559146667
GSE25055,GSM615104,7,2,expanded_pam50,0,0.34850200983291585
GSE25055,GSM615106,7,2,expanded_pam50,0,0.33674477217926907
GSE25055,GSM615107,7,2,expanded_pam50,0,0.3720243776732589
GSE25055,GSM615108,7,1,expanded_pam50,0,0.25926158104408686
GSE25055,GSM615109,7,1,expanded_pam50,0,0.3084249411781071
GSE25055,GSM615111,7,4,expanded_pam50,0,0.2811814396230939
GSE25055,GSM615112,7,3,expanded_pam50,0,0.2756332873165509
GSE25055,GSM615113,7,2,expanded_pam50,0,0.45598868367997397
GSE25055,GSM615114,7,0,expanded_pam50,0,0.035724176854478394
GSE25055,GSM615115,7,0,expanded_pam50,0,0.1810350750258458
GSE25055,GSM615116,7,4,expanded_pam50,0,0.7697985156436318
GSE25055,GSM615117,7,4,expanded_pam50,0,0.16725168204077662
GSE25055,GSM615120,7,2,expanded_pam50,0,0.009982145959963924
GSE25055,GSM615121,7,2,expanded_pam50,0,0.14222343760102107
GSE25055,GSM615122,7,1,expanded_pam50,1,0.019933801980076497
GSE25055,GSM615123,7,1,expanded_pam50,1,0.1143072716958729
GSE25055,GSM615124,7,2,expanded_pam50,0,0.03662940536815171
GSE25055,GSM615125,7,4,expanded_pam50,0,0.03136062267553158
GSE25055,GSM615126,7,4,expanded_pam50,0,0.03972822582353949
GSE25055,GSM615127,7,3,expanded_pam50,0,0.03838329168096577
GSE25055,GSM615128,7,0,expanded_pam50,0,0.04473054071749295
GSE25055,GSM615129,7,3,expanded_pam50,0,0.12833411173167447
GSE25055,GSM615130,7,2,expanded_pam50,0,0.03822962888209068
GSE25055,GSM615131,7,1,expanded_pam50,0,0.03551597380818944
GSE25055,GSM615132,7,1,expanded_pam50,0,0.018663772474932477
GSE25055,GSM615133,7,3,expanded_pam50,0,0.02166359315424101
GSE25055,GSM615134,7,4,expanded_pam50,0,0.015872669868836797
GSE25055,GSM615135,7,4,expanded_pam50,0,0.26883908936837725
GSE25055,GSM615136,7,0,expanded_pam50,0,0.3036844223916249
GSE25055,GSM615137,7,0,expanded_pam50,1,0.16408956402377456
GSE25055,GSM615138,7,1,expanded_pam50,0,0.04775651505879059
GSE25055,GSM615139,7,3,expanded_pam50,1,0.2724530458312494
GSE25055,GSM615140,7,2,expanded_pam50,1,0.008863312482879835
GSE25055,GSM615142,7,0,expanded_pam50,0,0.05285837630538843
GSE25055,GSM615143,7,0,expanded_pam50,1,0.28840541870187225
GSE25055,GSM615144,7,3,expanded_pam50,0,0.02960648277887821
GSE25055,GSM615145,7,3,expanded_pam50,0,0.3180094540018368
GSE25055,GSM615146,7,4,expanded_pam50,1,0.3866290925960017
GSE25055,GSM615147,7,3,expanded_pam50,0,0.051567468334472726
GSE25055,GSM615148,7,1,expanded_pam50,0,0.41180917079294327
GSE25055,GSM615149,7,0,expanded_pam50,0,0.35514318881926266
GSE25055,GSM615150,7,2,expanded_pam50,0,0.03395064689355952
GSE25055,GSM615151,7,4,expanded_pam50,0,0.17295969176520617
GSE25055,GSM615153,7,1,expanded_pam50,0,0.01896821056332991
GSE25055,GSM615154,7,2,expanded_pam50,1,0.4617498406703667
GSE25055,GSM615155,7,0,expanded_pam50,0,0.08120725723737109
GSE25055,GSM615156,7,4,expanded_pam50,0,0.47225894435433197
GSE25055,GSM615157,7,2,expanded_pam50,0,0.10858317269969615
GSE25055,GSM615158,7,1,expanded_pam50,0,0.0038270651379221097
GSE25055,GSM615159,7,1,expanded_pam50,0,0.37248414158197696
GSE25055,GSM615160,7,0,expanded_pam50,0,0.37741691216588424
GSE25055,GSM615162,7,1,expanded_pam50,0,0.004189054289444447
GSE25055,GSM615164,7,3,expanded_pam50,1,0.35896440653274464
GSE25055,GSM615165,7,1,expanded_pam50,0,0.07007016211099666
GSE25055,GSM615166,7,4,expanded_pam50,0,0.022835081747158054
GSE25055,GSM615167,7,4,expanded_pam50,1,0.1386762761220256
GSE25055,GSM615168,7,0,expanded_pam50,0,0.05755692978238291
GSE25055,GSM615169,7,4,expanded_pam50,0,0.3643477653148849
GSE25055,GSM615170,7,2,expanded_pam50,0,0.03035009765608367
GSE25055,GSM615171,7,3,expanded_pam50,1,0.45880836374202183
GSE25055,GSM615172,7,4,expanded_pam50,0,0.024878265204998938
GSE25055,GSM615173,7,4,expanded_pam50,0,0.14132821464600107
GSE25055,GSM615174,7,3,expanded_pam50,0,0.1670381541749614
GSE25055,GSM615175,7,4,expanded_pam50,1,0.29885457972669116
GSE25055,GSM615176,7,4,expanded_pam50,0,0.007749881031950259
GSE25055,GSM615177,7,2,expanded_pam50,0,0.08595863603384007
GSE25055,GSM615178,7,1,expanded_pam50,0,0.46609320404708005
GSE25055,GSM615179,7,0,expanded_pam50,0,0.034131675007743424
GSE25055,GSM615180,7,1,expanded_pam50,0,0.013844554726971402
GSE25055,GSM615181,7,1,expanded_pam50,1,0.3598329850932292
GSE25055,GSM615182,7,2,expanded_pam50,0,0.31198986865281664
GSE25055,GSM615183,7,3,expanded_pam50,0,0.07238547153912038
GSE25055,GSM615184,7,2,expanded_pam50,0,0.3337133526122758
GSE25055,GSM615185,7,2,expanded_pam50,0,0.46847555128698554
GSE25055,GSM615186,7,1,expanded_pam50,1,0.004439044979184711
GSE25055,GSM615187,7,0,expanded_pam50,0,0.029584776649247503
GSE25055,GSM615188,7,3,expanded_pam50,0,0.15568209228254018
GSE25055,GSM615189,7,2,expanded_pam50,0,0.28903046591739884
GSE25055,GSM615190,7,1,expanded_pam50,0,0.5062550765283067
GSE25055,GSM615191,7,2,expanded_pam50,1,0.4690447299013005
GSE25055,GSM615192,7,3,expanded_pam50,0,0.03927997551767483
GSE25055,GSM615193,7,4,expanded_pam50,1,0.3071239153298979
GSE25055,GSM615194,7,3,expanded_pam50,1,0.3310500087149692
GSE25055,GSM615195,7,2,expanded_pam50,0,0.3043860019397751
GSE25055,GSM615196,7,0,expanded_pam50,0,0.06323721842824986
GSE25055,GSM615197,7,4,expanded_pam50,0,0.3505539352063367
GSE25055,GSM615198,7,2,expanded_pam50,0,0.039669261324546366
GSE25055,GSM615199,7,1,expanded_pam50,0,0.026724646624332663
GSE25055,GSM615200,7,1,expanded_pam50,0,0.17559900262760442
GSE25055,GSM615201,7,0,expanded_pam50,1,0.07908580024587594
GSE25055,GSM615202,7,4,expanded_pam50,1,0.3433436908897543
GSE25055,GSM615203,7,3,expanded_pam50,0,0.020552791515161935
GSE25055,GSM615204,7,1,expanded_pam50,0,0.030288712009151664
GSE25055,GSM615205,7,3,expanded_pam50,0,0.0690202923033135
GSE25055,GSM615206,7,2,expanded_pam50,0,0.0879792275409043
GSE25055,GSM615207,7,1,expanded_pam50,0,0.021246245215000875
GSE25055,GSM615208,7,4,expanded_pam50,0,0.03204059989928295
GSE25055,GSM615209,7,3,expanded_pam50,1,0.3740683410873183
GSE25055,GSM615210,7,0,expanded_pam50,0,0.05511123155153554
GSE25055,GSM615211,7,0,expanded_pam50,1,0.49805140229577244
GSE25055,GSM615212,7,0,expanded_pam50,1,0.3582057470439065
GSE25055,GSM615213,7,3,expanded_pam50,1,0.3340887684799937
GSE25055,GSM615214,7,2,expanded_pam50,0,0.06110611391486138
GSE25055,GSM615215,7,1,expanded_pam50,1,0.4399413363176761
GSE25055,GSM615216,7,1,expanded_pam50,0,0.03426538534959159
GSE25055,GSM615217,7,4,expanded_pam50,0,0.02667737121913862
GSE25055,GSM615218,7,1,expanded_pam50,0,0.23152770185148774
GSE25055,GSM615219,7,0,expanded_pam50,0,0.10680553799698184
GSE25055,GSM615220,7,0,expanded_pam50,0,0.06557195391128692
GSE25055,GSM615221,7,2,expanded_pam50,0,0.06724230408126747
GSE25055,GSM615222,7,3,expanded_pam50,0,0.04175665224391121
GSE25055,GSM615223,7,2,expanded_pam50,0,0.32163237005769296
GSE25055,GSM615224,7,0,expanded_pam50,0,0.036133349793036985
GSE25055,GSM615225,7,3,expanded_pam50,0,0.24310109589072368
GSE25055,GSM615226,7,0,expanded_pam50,0,0.029092970178030607
GSE25055,GSM615227,7,1,expanded_pam50,0,0.03927585220165143
GSE25055,GSM615228,7,2,expanded_pam50,0,0.24258267771112924
GSE25055,GSM615229,7,2,expanded_pam50,0,0.0768240398151784
GSE25055,GSM615230,7,2,expanded_pam50,0,0.19848435987356486
GSE25055,GSM615231,7,4,expanded_pam50,0,0.027051221020927333
GSE25055,GSM615232,7,3,expanded_pam50,0,0.034473054507708885
GSE25055,GSM615233,7,0,expanded_pam50,0,0.03638849449952192
GSE25055,GSM615234,7,1,expanded_pam50,0,0.23745489764460395
GSE25055,GSM615235,7,2,expanded_pam50,0,0.06579913820355064
GSE25055,GSM615236,7,2,expanded_pam50,0,0.09951860465284953
GSE25055,GSM615237,7,1,expanded_pam50,0,0.01982207530393731
GSE25055,GSM615238,7,3,expanded_pam50,0,0.12441132232953746
GSE25055,GSM615239,7,0,expanded_pam50,0,0.05420567840085203
GSE25055,GSM615240,7,4,expanded_pam50,1,0.4501155827180286
GSE25055,GSM615241,7,1,expanded_pam50,0,0.007857436947071078
GSE25055,GSM615242,7,2,expanded_pam50,1,0.3500840575768457
GSE25055,GSM615243,7,0,expanded_pam50,0,0.03934905231053195
GSE25055,GSM615244,7,0,expanded_pam50,0,0.552013405463892
GSE25055,GSM615245,7,2,expanded_pam50,0,0.05489808033906033
GSE25055,GSM615246,7,4,expanded_pam50,0,0.03363393894520793
GSE25055,GSM615247,7,4,expanded_pam50,0,0.15025097826331754
GSE25055,GSM615248,7,3,expanded_pam50,0,0.16687911169068453
GSE25055,GSM615249,7,4,expanded_pam50,0,0.14349276090883192
GSE25055,GSM615250,7,1,expanded_pam50,0,0.442329445035183
GSE25055,GSM615251,7,0,expanded_pam50,0,0.4648852451978183
GSE25055,GSM615252,7,0,expanded_pam50,0,0.031148378914127046
GSE25055,GSM615253,7,1,expanded_pam50,0,0.06454365257247875
GSE25055,GSM615254,7,4,expanded_pam50,0,0.03825693202506787
GSE25055,GSM615255,7,1,expanded_pam50,0,0.31039147361544006
GSE25055,GSM615256,7,2,expanded_pam50,1,0.12290990806211757
GSE25055,GSM615257,7,3,expanded_pam50,0,0.0193580252693671
GSE25055,GSM615258,7,0,expanded_pam50,0,0.07139672798281481
GSE25055,GSM615259,7,0,expanded_pam50,0,0.031328444678704374
GSE25055,GSM615260,7,0,expanded_pam50,0,0.27361155583863245
GSE25055,GSM615261,7,0,expanded_pam50,0,0.03340036148327898
GSE25055,GSM615262,7,4,expanded_pam50,0,0.014614432390121938
GSE25055,GSM615263,7,3,expanded_pam50,1,0.140103052772634
GSE25055,GSM615264,7,2,expanded_pam50,1,0.425730824000571
GSE25055,GSM615265,7,1,expanded_pam50,0,0.40724215999106944
GSE25055,GSM615266,7,2,expanded_pam50,0,0.025918231029404794
GSE25055,GSM615267,7,1,expanded_pam50,0,0.055311530287255335
GSE25055,GSM615268,7,1,expanded_pam50,0,0.010183636419050403
GSE25055,GSM615269,7,3,expanded_pam50,0,0.10412078706253475
GSE25055,GSM615270,7,1,expanded_pam50,1,0.3154682241715991
GSE25055,GSM615271,7,3,expanded_pam50,0,0.07816498195230749
GSE25055,GSM615272,7,2,expanded_pam50,0,0.04431401266913694
GSE25055,GSM615273,7,4,expanded_pam50,0,0.03859643407927975
GSE25055,GSM615274,7,2,expanded_pam50,0,0.1330647677037207
GSE25055,GSM615275,7,3,expanded_pam50,0,0.14954649701106731
GSE25055,GSM615276,7,4,expanded_pam50,0,0.35545793149299765
GSE25055,GSM615277,7,0,expanded_pam50,0,0.053616065938081596
GSE25055,GSM615278,7,3,expanded_pam50,0,0.07683584421931955
GSE25055,GSM615279,7,0,expanded_pam50,0,0.06851779487458748
GSE25055,GSM615280,7,0,expanded_pam50,1,0.06382261001157168
GSE25055,GSM615281,7,1,expanded_pam50,0,0.05289510051526203
GSE25055,GSM615282,7,3,expanded_pam50,0,0.042926616963429656
GSE25055,GSM615283,7,4,expanded_pam50,0,0.0576181006693543
GSE25055,GSM615284,7,4,expanded_pam50,1,0.28192487746601197
GSE25055,GSM615285,7,4,expanded_pam50,0,0.07781036469507224
GSE25055,GSM615286,7,0,expanded_pam50,0,0.06883891402429294
GSE25055,GSM615287,7,0,expanded_pam50,0,0.21235529527644426
GSE25055,GSM615288,7,4,expanded_pam50,0,0.47625340265967886
GSE25055,GSM615289,7,4,expanded_pam50,0,0.0539840749838052
GSE25055,GSM615290,7,3,expanded_pam50,0,0.057858669588101215
GSE25055,GSM615291,7,2,expanded_pam50,1,0.4098858158275652
GSE25055,GSM615292,7,4,expanded_pam50,0,0.03893882698104821
GSE25055,GSM615293,7,0,expanded_pam50,1,0.51281482960968
GSE25055,GSM615294,7,0,expanded_pam50,0,0.12532413819870256
GSE25055,GSM615295,7,1,expanded_pam50,0,0.2580926259945094
GSE25055,GSM615296,7,1,expanded_pam50,0,0.009007614316789033
GSE25055,GSM615297,7,3,expanded_pam50,0,0.36146441103427474
GSE25055,GSM615298,7,3,expanded_pam50,0,0.06219636185977027
GSE25055,GSM615299,7,0,expanded_pam50,0,0.08520518672924492
GSE25055,GSM615300,7,3,expanded_pam50,1,0.36774378565485905
GSE25055,GSM615301,7,3,expanded_pam50,0,0.23326547320659824
GSE25055,GSM615302,7,1,expanded_pam50,0,0.045930233564932275
GSE25055,GSM615303,7,1,expanded_pam50,0,0.18496613526630684
GSE25055,GSM615304,7,0,expanded_pam50,0,0.14182622381224788
GSE25055,GSM615305,7,2,expanded_pam50,0,0.07188578196980926
GSE25055,GSM615306,7,2,expanded_pam50,0,0.029139732828880573
GSE25055,GSM615307,7,0,expanded_pam50,1,0.5091250623058334
GSE25055,GSM615308,7,4,expanded_pam50,0,0.1348671276174455
GSE25055,GSM615309,7,3,expanded_pam50,0,0.09993931112797184
GSE25055,GSM615310,7,3,expanded_pam50,1,0.16265633659454903
GSE25055,GSM615311,7,4,expanded_pam50,0,0.03092501794930895
GSE25055,GSM615312,7,1,expanded_pam50,0,0.14870774297304884
GSE25055,GSM615313,7,0,expanded_pam50,0,0.07594832374054057
GSE25055,GSM615314,7,3,expanded_pam50,0,0.027827277131342434
GSE25055,GSM615315,7,3,expanded_pam50,0,0.4068998124050387
GSE25055,GSM615316,7,2,expanded_pam50,0,0.07742505176080382
GSE25055,GSM615317,7,3,expanded_pam50,0,0.4326978069296966
GSE25055,GSM615318,7,4,expanded_pam50,0,0.027539103617289028
GSE25055,GSM615319,7,4,expanded_pam50,0,0.41628894108860753
GSE25055,GSM615320,7,1,expanded_pam50,0,0.523670315380708
GSE25055,GSM615321,7,0,expanded_pam50,0,0.44292779602169774
GSE25055,GSM615322,7,2,expanded_pam50,0,0.2509935993412167
GSE25055,GSM615323,7,4,expanded_pam50,0,0.18698642594250015
GSE25055,GSM615324,7,3,expanded_pam50,1,0.482806776364574
GSE25055,GSM615325,7,0,expanded_pam50,1,0.5810143966706371
GSE25055,GSM615326,7,2,expanded_pam50,0,0.24258541401368064
GSE25055,GSM615327,7,3,expanded_pam50,0,0.2313721775928499
GSE25055,GSM615328,7,2,expanded_pam50,0,0.022747001534158075
GSE25055,GSM615329,7,1,expanded_pam50,0,0.021742857714658788
GSE25055,GSM615330,7,2,expanded_pam50,0,0.30172694419098295
GSE25055,GSM615331,7,1,expanded_pam50,1,0.13226336455986387
GSE25055,GSM615332,7,2,expanded_pam50,0,0.058228356399450024
GSE25055,GSM615333,7,0,expanded_pam50,0,0.27120475282709006
GSE25055,GSM615334,7,2,expanded_pam50,1,0.31159265799956526
GSE25055,GSM615335,7,2,expanded_pam50,0,0.4325070163259836
GSE25055,GSM615336,7,4,expanded_pam50,1,0.4478424582527685
GSE25055,GSM615337,7,1,expanded_pam50,0,0.022226732411715664
GSE25055,GSM615338,7,1,expanded_pam50,1,0.4239294381901701
GSE25055,GSM615339,7,4,expanded_pam50,0,0.025282652409919965
GSE25055,GSM615340,7,4,expanded_pam50,0,0.12040974209712808
GSE25055,GSM615341,7,1,expanded_pam50,0,0.021719313461825634
GSE25055,GSM615342,7,0,expanded_pam50,0,0.23900727756190857
GSE25055,GSM615343,7,4,expanded_pam50,0,0.2129114524747398
GSE25055,GSM615344,7,1,expanded_pam50,0,0.4360239398032589
GSE25055,GSM615345,7,0,expanded_pam50,0,0.22232051644853465
GSE25055,GSM615346,7,3,expanded_pam50,0,0.46622035914001553
GSE25055,GSM615347,7,2,expanded_pam50,0,0.3514853469267724
GSE25055,GSM615348,7,0,expanded_pam50,0,0.3069260345445515
GSE25055,GSM615349,7,4,expanded_pam50,0,0.027158699454084823
GSE25055,GSM615350,7,1,expanded_pam50,0,0.2747886833619934
GSE25055,GSM615351,7,2,expanded_pam50,0,0.014926765540300592
GSE25055,GSM615352,7,2,expanded_pam50,0,0.013069579245353563
GSE25055,GSM615353,7,4,expanded_pam50,1,0.18931375573287157
GSE25055,GSM615354,7,1,expanded_pam50,1,0.20374280572832623
GSE25055,GSM615355,7,4,expanded_pam50,0,0.027896555846865928
GSE25055,GSM615356,7,4,expanded_pam50,0,0.2768727108584352
GSE25055,GSM615357,7,1,expanded_pam50,1,0.4471450841521015
GSE25055,GSM615358,7,1,expanded_pam50,0,0.012223813597462075
GSE25055,GSM615359,7,2,expanded_pam50,1,0.25318082287536187
GSE25055,GSM615360,7,2,expanded_pam50,0,0.04551932122318017
GSE25055,GSM615361,7,3,expanded_pam50,0,0.0919402393920111
GSE25055,GSM615362,7,2,expanded_pam50,0,0.015098308799327317
GSE25055,GSM615363,7,4,expanded_pam50,0,0.39296682174665154
GSE25055,GSM615364,7,1,expanded_pam50,0,0.5588332111791086
GSE25055,GSM615365,7,1,expanded_pam50,0,0.014988097989948098
GSE25055,GSM615366,7,2,expanded_pam50,0,0.017791433691577416
GSE25055,GSM615367,7,4,expanded_pam50,0,0.0998948541189173
GSE25055,GSM615368,7,1,expanded_pam50,0,0.5934157318283667
GSE25055,GSM615369,7,2,expanded_pam50,0,0.4353566069305058
GSE25055,GSM615370,7,0,expanded_pam50,0,0.0453265326604689
GSE25055,GSM615371,7,0,expanded_pam50,1,0.3821779235342768
GSE25055,GSM615372,7,0,expanded_pam50,0,0.48329137196358546
GSE25055,GSM615373,7,3,expanded_pam50,0,0.12441132232953746
GSE25055,GSM615374,7,4,expanded_pam50,0,0.006414573099110254
GSE25055,GSM615375,7,0,expanded_pam50,1,0.2695934526652421
GSE25055,GSM615376,7,3,expanded_pam50,0,0.2725575898732332
GSE25055,GSM615377,7,1,expanded_pam50,0,0.015016690295600276
GSE25055,GSM615378,7,3,expanded_pam50,0,0.47297159069208
GSE25055,GSM615379,7,0,expanded_pam50,1,0.21211730890467698
GSE25055,GSM615380,7,4,expanded_pam50,0,0.38110164079410563
GSE25055,GSM615381,7,0,expanded_pam50,0,0.029490833419267965
GSE25055,GSM615382,7,3,expanded_pam50,0,0.31395744436435435
GSE25055,GSM615383,7,4,expanded_pam50,1,0.026916989231171206
GSE25055,GSM615384,7,3,expanded_pam50,0,0.3104166975944209
GSE25055,GSM615385,7,2,expanded_pam50,0,0.17314157003115632
GSE25055,GSM615386,7,3,expanded_pam50,0,0.04939759238825053
GSE25055,GSM615387,7,1,expanded_pam50,0,0.5354348486318133
GSE25055,GSM615388,7,3,expanded_pam50,0,0.04089194796000051
GSE25055,GSM615389,7,4,expanded_pam50,0,0.02169500806268489
GSE25055,GSM615390,7,3,expanded_pam50,0,0.4393631737958985
GSE25055,GSM615391,7,0,expanded_pam50,0,0.027734142639202836
GSE25055,GSM615392,7,0,expanded_pam50,0,0.20480835231706265
GSE25055,GSM615393,7,2,expanded_pam50,1,0.3580433066018189
GSE25055,GSM615394,7,3,expanded_pam50,1,0.29671316600894504
GSE25055,GSM615395,7,2,expanded_pam50,0,0.04995594493382329
GSE25055,GSM615396,7,4,expanded_pam50,1,0.39858379847246184
GSE25055,GSM615397,7,2,expanded_pam50,1,0.199328228153556
GSE25055,GSM615398,7,0,expanded_pam50,0,0.045622241817614276
GSE25055,GSM615399,7,0,expanded_pam50,0,0.034276115796626525
GSE25055,GSM615400,7,3,expanded_pam50,0,0.021649571741148278
GSE25055,GSM615401,7,4,expanded_pam50,0,0.0948884640355566
GSE25055,GSM615402,7,4,expanded_pam50,0,0.01940936009490146
GSE25055,GSM615403,7,0,expanded_pam50,0,0.16868234103148308
GSE25055,GSM615404,7,4,expanded_pam50,0,0.12055047069068227
GSE25055,GSM615405,7,3,expanded_pam50,0,0.17641623897420353
GSE25055,GSM615096,7,0,expanded_pam50_score,0,0.04934269116098002
GSE25055,GSM615097,7,3,expanded_pam50_score,0,0.03797083993584644
GSE25055,GSM615098,7,3,expanded_pam50_score,0,0.4079542897064332
GSE25055,GSM615099,7,1,expanded_pam50_score,1,0.6531974160314623
GSE25055,GSM615100,7,3,expanded_pam50_score,0,0.09796908731219223
GSE25055,GSM615101,7,3,expanded_pam50_score,0,0.3124050963905405
GSE25055,GSM615102,7,1,expanded_pam50_score,0,0.5341603447255103
GSE25055,GSM615104,7,2,expanded_pam50_score,0,0.27630465095443224
GSE25055,GSM615106,7,2,expanded_pam50_score,0,0.20223729125119097
GSE25055,GSM615107,7,2,expanded_pam50_score,0,0.36591015039481223
GSE25055,GSM615108,7,1,expanded_pam50_score,0,0.3129173530194172
GSE25055,GSM615109,7,1,expanded_pam50_score,0,0.4086277537818836
GSE25055,GSM615111,7,4,expanded_pam50_score,0,0.18154869661947576
GSE25055,GSM615112,7,3,expanded_pam50_score,0,0.3396734106494892
GSE25055,GSM615113,7,2,expanded_pam50_score,0,0.45890918616013104
GSE25055,GSM615114,7,0,expanded_pam50_score,0,0.029936682940318877
GSE25055,GSM615115,7,0,expanded_pam50_score,0,0.1772091671208733
GSE25055,GSM615116,7,4,expanded_pam50_score,0,0.6169957174188623
GSE25055,GSM615117,7,4,expanded_pam50_score,0,0.2301997437284393
GSE25055,GSM615120,7,2,expanded_pam50_score,0,0.009727144073844333
GSE25055,GSM615121,7,2,expanded_pam50_score,0,0.07945829044532375
GSE25055,GSM615122,7,1,expanded_pam50_score,1,0.011801222065632073
GSE25055,GSM615123,7,1,expanded_pam50_score,1,0.2543827134717647
GSE25055,GSM615124,7,2,expanded_pam50_score,0,0.03357997740169076
GSE25055,GSM615125,7,4,expanded_pam50_score,0,0.020967392106147828
GSE25055,GSM615126,7,4,expanded_pam50_score,0,0.04189878818017045
GSE25055,GSM615127,7,3,expanded_pam50_score,0,0.04996182761814742
GSE25055,GSM615128,7,0,expanded_pam50_score,0,0.024525398200704415
GSE25055,GSM615129,7,3,expanded_pam50_score,0,0.08109275897116557
GSE25055,GSM615130,7,2,expanded_pam50_score,0,0.025342489725242414
GSE25055,GSM615131,7,1,expanded_pam50_score,0,0.027340601218488667
GSE25055,GSM615132,7,1,expanded_pam50_score,0,0.015918953607680118
GSE25055,GSM615133,7,3,expanded_pam50_score,0,0.02067490000495806
GSE25055,GSM615134,7,4,expanded_pam50_score,0,0.013988616337470507
GSE25055,GSM615135,7,4,expanded_pam50_score,0,0.2385701768291331
GSE25055,GSM615136,7,0,expanded_pam50_score,0,0.34110248887729394
GSE25055,GSM615137,7,0,expanded_pam50_score,1,0.12888902832237895
GSE25055,GSM615138,7,1,expanded_pam50_score,0,0.04921751679267903
GSE25055,GSM615139,7,3,expanded_pam50_score,1,0.48527469537648515
GSE25055,GSM615140,7,2,expanded_pam50_score,1,0.012907695689230553
GSE25055,GSM615142,7,0,expanded_pam50_score,0,0.041398673596080016
GSE25055,GSM615143,7,0,expanded_pam50_score,1,0.2643714710689196
GSE25055,GSM615144,7,3,expanded_pam50_score,0,0.031061537519290448
GSE25055,GSM615145,7,3,expanded_pam50_score,0,0.5703929703057222
GSE25055,GSM615146,7,4,expanded_pam50_score,1,0.34264562690741557
GSE25055,GSM615147,7,3,expanded_pam50_score,0,0.04367279137287832
GSE25055,GSM615148,7,1,expanded_pam50_score,0,0.39303918597660853
GSE25055,GSM615149,7,0,expanded_pam50_score,0,0.27629440182968973
GSE25055,GSM615150,7,2,expanded_pam50_score,0,0.023786547271463686
GSE25055,GSM615151,7,4,expanded_pam50_score,0,0.22519073320439487
GSE25055,GSM615153,7,1,expanded_pam50_score,0,0.023795744926510324
GSE25055,GSM615154,7,2,expanded_pam50_score,1,0.353500939820067
GSE25055,GSM615155,7,0,expanded_pam50_score,0,0.09888491766070688
GSE25055,GSM615156,7,4,expanded_pam50_score,0,0.33720830393483675
GSE25055,GSM615157,7,2,expanded_pam50_score,0,0.05223497134013785
GSE25055,GSM615158,7,1,expanded_pam50_score,0,0.00449963961954873
GSE25055,GSM615159,7,1,expanded_pam50_score,0,0.14446531589494727
GSE25055,GSM615160,7,0,expanded_pam50_score,0,0.332811157326978
GSE25055,GSM615162,7,1,expanded_pam50_score,0,0.003193813819299401
GSE25055,GSM615164,7,3,expanded_pam50_score,1,0.5152713213442679
GSE25055,GSM615165,7,1,expanded_pam50_score,0,0.06644956971525381
GSE25055,GSM615166,7,4,expanded_pam50_score,0,0.038660834456304874
GSE25055,GSM615167,7,4,expanded_pam50_score,1,0.0955188396873762
GSE25055,GSM615168,7,0,expanded_pam50_score,0,0.03326359210080008
GSE25055,GSM615169,7,4,expanded_pam50_score,0,0.3461105627506431
GSE25055,GSM615170,7,2,expanded_pam50_score,0,0.026162388195829077
GSE25055,GSM615171,7,3,expanded_pam50_score,1,0.3434906170040048
GSE25055,GSM615172,7,4,expanded_pam50_score,0,0.021443194815982225
GSE25055,GSM615173,7,4,expanded_pam50_score,0,0.07704946263093937
GSE25055,GSM615174,7,3,expanded_pam50_score,0,0.15546186104610552
GSE25055,GSM615175,7,4,expanded_pam50_score,1,0.34326908548094387
GSE25055,GSM615176,7,4,expanded_pam50_score,0,0.00869922622060435
GSE25055,GSM615177,7,2,expanded_pam50_score,0,0.08419442249844397
GSE25055,GSM615178,7,1,expanded_pam50_score,0,0.3648912824735184
GSE25055,GSM615179,7,0,expanded_pam50_score,0,0.038868168912893644
GSE25055,GSM615180,7,1,expanded_pam50_score,0,0.017959226002137396
GSE25055,GSM615181,7,1,expanded_pam50_score,1,0.34725605567475915
GSE25055,GSM615182,7,2,expanded_pam50_score,0,0.34049177063879904
GSE25055,GSM615183,7,3,expanded_pam50_score,0,0.04866803310778592
GSE25055,GSM615184,7,2,expanded_pam50_score,0,0.4888696480699296
GSE25055,GSM615185,7,2,expanded_pam50_score,0,0.3742081009548227
GSE25055,GSM615186,7,1,expanded_pam50_score,1,0.005132677255785835
GSE25055,GSM615187,7,0,expanded_pam50_score,0,0.04340949565979204
GSE25055,GSM615188,7,3,expanded_pam50_score,0,0.17238879549187913
GSE25055,GSM615189,7,2,expanded_pam50_score,0,0.2434598933067336
GSE25055,GSM615190,7,1,expanded_pam50_score,0,0.5234670337904632
GSE25055,GSM615191,7,2,expanded_pam50_score,1,0.6490389904762875
GSE25055,GSM615192,7,3,expanded_pam50_score,0,0.034192072945612814
GSE25055,GSM615193,7,4,expanded_pam50_score,1,0.3306112700391811
GSE25055,GSM615194,7,3,expanded_pam50_score,1,0.44089546069184304
GSE25055,GSM615195,7,2,expanded_pam50_score,0,0.42798774063234196
GSE25055,GSM615196,7,0,expanded_pam50_score,0,0.08433049490846434
GSE25055,GSM615197,7,4,expanded_pam50_score,0,0.4119354915465033
GSE25055,GSM615198,7,2,expanded_pam50_score,0,0.03295784986149865
GSE25055,GSM615199,7,1,expanded_pam50_score,0,0.030942690391070945
GSE25055,GSM615200,7,1,expanded_pam50_score,0,0.31137150295732174
GSE25055,GSM615201,7,0,expanded_pam50_score,1,0.10931830170847866
GSE25055,GSM615202,7,4,expanded_pam50_score,1,0.4675712753264283
GSE25055,GSM615203,7,3,expanded_pam50_score,0,0.010344540667138634
GSE25055,GSM615204,7,1,expanded_pam50_score,0,0.018905802480559224
GSE25055,GSM615205,7,3,expanded_pam50_score,0,0.06279027209271759
GSE25055,GSM615206,7,2,expanded_pam50_score,0,0.05242599713640793
GSE25055,GSM615207,7,1,expanded_pam50_score,0,0.013281615103763345
GSE25055,GSM615208,7,4,expanded_pam50_score,0,0.025117897260364137
GSE25055,GSM615209,7,3,expanded_pam50_score,1,0.4885058782006992
GSE25055,GSM615210,7,0,expanded_pam50_score,0,0.033180133749460765
GSE25055,GSM615211,7,0,expanded_pam50_score,1,0.6329140771788518
GSE25055,GSM615212,7,0,expanded_pam50_score,1,0.1931469318631979
GSE25055,GSM615213,7,3,expanded_pam50_score,1,0.3663379943448722
GSE25055,GSM615214,7,2,expanded_pam50_score,0,0.029332149677440078
GSE25055,GSM615215,7,1,expanded_pam50_score,1,0.345461116476319
GSE25055,GSM615216,7,1,expanded_pam50_score,0,0.0473241941183475
GSE25055,GSM615217,7,4,expanded_pam50_score,0,0.028420864835377962
GSE25055,GSM615218,7,1,expanded_pam50_score,0,0.17748424959954762
GSE25055,GSM615219,7,0,expanded_pam50_score,0,0.08128542142394429
GSE25055,GSM615220,7,0,expanded_pam50_score,0,0.021232402448563774
GSE25055,GSM615221,7,2,expanded_pam50_score,0,0.06435435067773068
GSE25055,GSM615222,7,3,expanded_pam50_score,0,0.027902149511346935
GSE25055,GSM615223,7,2,expanded_pam50_score,0,0.16778577074698237
GSE25055,GSM615224,7,0,expanded_pam50_score,0,0.014232623413458812
GSE25055,GSM615225,7,3,expanded_pam50_score,0,0.22453255652763693
GSE25055,GSM615226,7,0,expanded_pam50_score,0,0.021791006087639432
GSE25055,GSM615227,7,1,expanded_pam50_score,0,0.05283413265577182
GSE25055,GSM615228,7,2,expanded_pam50_score,0,0.21280562298593794
GSE25055,GSM615229,7,2,expanded_pam50_score,0,0.03359481543444284
GSE25055,GSM615230,7,2,expanded_pam50_score,0,0.0785515404676556
GSE25055,GSM615231,7,4,expanded_pam50_score,0,0.016571732693246927
GSE25055,GSM615232,7,3,expanded_pam50_score,0,0.019360681490858192
GSE25055,GSM615233,7,0,expanded_pam50_score,0,0.02486349570610026
GSE25055,GSM615234,7,1,expanded_pam50_score,0,0.15303972426431972
GSE25055,GSM615235,7,2,expanded_pam50_score,0,0.1227929254672545
GSE25055,GSM615236,7,2,expanded_pam50_score,0,0.09778191958802722
GSE25055,GSM615237,7,1,expanded_pam50_score,0,0.012460656628703156
GSE25055,GSM615238,7,3,expanded_pam50_score,0,0.055834598591625643
GSE25055,GSM615239,7,0,expanded_pam50_score,0,0.0582828366244621
GSE25055,GSM615240,7,4,expanded_pam50_score,1,0.17822081213973434
GSE25055,GSM615241,7,1,expanded_pam50_score,0,0.009723065979188822
GSE25055,GSM615242,7,2,expanded_pam50_score,1,0.37043988504602693
GSE25055,GSM615243,7,0,expanded_pam50_score,0,0.02575448854869129
GSE25055,GSM615244,7,0,expanded_pam50_score,0,0.33000108122197064
GSE25055,GSM615245,7,2,expanded_pam50_score,0,0.09844192845381994
GSE25055,GSM615246,7,4,expanded_pam50_score,0,0.0493715402078081
GSE25055,GSM615247,7,4,expanded_pam50_score,0,0.1294273868368049
GSE25055,GSM615248,7,3,expanded_pam50_score,0,0.2801311553032713
GSE25055,GSM615249,7,4,expanded_pam50_score,0,0.06518515554291593
GSE25055,GSM615250,7,1,expanded_pam50_score,0,0.5135897056182084
GSE25055,GSM615251,7,0,expanded_pam50_score,0,0.48785757756126286
GSE25055,GSM615252,7,0,expanded_pam50_score,0,0.019349508425733727
GSE25055,GSM615253,7,1,expanded_pam50_score,0,0.07763165815059463
GSE25055,GSM615254,7,4,expanded_pam50_score,0,0.02972005949473783
GSE25055,GSM615255,7,1,expanded_pam50_score,0,0.23826432834851327
GSE25055,GSM615256,7,2,expanded_pam50_score,1,0.14511354199025264
GSE25055,GSM615257,7,3,expanded_pam50_score,0,0.010811809086751053
GSE25055,GSM615258,7,0,expanded_pam50_score,0,0.10123412335357597
GSE25055,GSM615259,7,0,expanded_pam50_score,0,0.02144624078976466
GSE25055,GSM615260,7,0,expanded_pam50_score,0,0.38429642397424574
GSE25055,GSM615261,7,0,expanded_pam50_score,0,0.03648938621591099
GSE25055,GSM615262,7,4,expanded_pam50_score,0,0.011602298089198925
GSE25055,GSM615263,7,3,expanded_pam50_score,1,0.2382726297575113
GSE25055,GSM615264,7,2,expanded_pam50_score,1,0.2736665600743895
GSE25055,GSM615265,7,1,expanded_pam50_score,0,0.2725636018590407
GSE25055,GSM615266,7,2,expanded_pam50_score,0,0.04567246873946164
GSE25055,GSM615267,7,1,expanded_pam50_score,0,0.06153466090972581
GSE25055,GSM615268,7,1,expanded_pam50_score,0,0.01663362664877031
GSE25055,GSM615269,7,3,expanded_pam50_score,0,0.07447054249884574
GSE25055,GSM615270,7,1,expanded_pam50_score,1,0.43067576203625857
GSE25055,GSM615271,7,3,expanded_pam50_score,0,0.13887758729631752
GSE25055,GSM615272,7,2,expanded_pam50_score,0,0.0320010322607609
GSE25055,GSM615273,7,4,expanded_pam50_score,0,0.061865104205502584
GSE25055,GSM615274,7,2,expanded_pam50_score,0,0.221673322009178
GSE25055,GSM615275,7,3,expanded_pam50_score,0,0.2700586282820461
GSE25055,GSM615276,7,4,expanded_pam50_score,0,0.257179399970109
GSE25055,GSM615277,7,0,expanded_pam50_score,0,0.06041029900255971
GSE25055,GSM615278,7,3,expanded_pam50_score,0,0.06823008199779364
GSE25055,GSM615279,7,0,expanded_pam50_score,0,0.055102082319099105
GSE25055,GSM615280,7,0,expanded_pam50_score,1,0.07548950709244985
GSE25055,GSM615281,7,1,expanded_pam50_score,0,0.06607321031898784
GSE25055,GSM615282,7,3,expanded_pam50_score,0,0.0489344185090577
GSE25055,GSM615283,7,4,expanded_pam50_score,0,0.0880852286705425
GSE25055,GSM615284,7,4,expanded_pam50_score,1,0.3104890847949128
GSE25055,GSM615285,7,4,expanded_pam50_score,0,0.03890575713544575
GSE25055,GSM615286,7,0,expanded_pam50_score,0,0.11913911577092905
GSE25055,GSM615287,7,0,expanded_pam50_score,0,0.2701414511196424
GSE25055,GSM615288,7,4,expanded_pam50_score,0,0.5067219183283015
GSE25055,GSM615289,7,4,expanded_pam50_score,0,0.116499857127698
GSE25055,GSM615290,7,3,expanded_pam50_score,0,0.1296595745506915
GSE25055,GSM615291,7,2,expanded_pam50_score,1,0.3626907341598857
GSE25055,GSM615292,7,4,expanded_pam50_score,0,0.04255106238195672
GSE25055,GSM615293,7,0,expanded_pam50_score,1,0.6994789564546675
GSE25055,GSM615294,7,0,expanded_pam50_score,0,0.17131881769377225
GSE25055,GSM615295,7,1,expanded_pam50_score,0,0.15163301020027994
GSE25055,GSM615296,7,1,expanded_pam50_score,0,0.010522271616890972
GSE25055,GSM615297,7,3,expanded_pam50_score,0,0.4857505607119462
GSE25055,GSM615298,7,3,expanded_pam50_score,0,0.06272252692924966
GSE25055,GSM615299,7,0,expanded_pam50_score,0,0.053290427313361866
GSE25055,GSM615300,7,3,expanded_pam50_score,1,0.27355719194580824
GSE25055,GSM615301,7,3,expanded_pam50_score,0,0.2333003198737581
GSE25055,GSM615302,7,1,expanded_pam50_score,0,0.04135121514240935
GSE25055,GSM615303,7,1,expanded_pam50_score,0,0.1677301549070892
GSE25055,GSM615304,7,0,expanded_pam50_score,0,0.06780184039409229
GSE25055,GSM615305,7,2,expanded_pam50_score,0,0.06298550440947231
GSE25055,GSM615306,7,2,expanded_pam50_score,0,0.024662829319157958
GSE25055,GSM615307,7,0,expanded_pam50_score,1,0.7244182199072269
GSE25055,GSM615308,7,4,expanded_pam50_score,0,0.06202863684359651
GSE25055,GSM615309,7,3,expanded_pam50_score,0,0.07104724984081902
GSE25055,GSM615310,7,3,expanded_pam50_score,1,0.35727591051094904
GSE25055,GSM615311,7,4,expanded_pam50_score,0,0.018035861203376444
GSE25055,GSM615312,7,1,expanded_pam50_score,0,0.12691834678351782
GSE25055,GSM615313,7,0,expanded_pam50_score,0,0.0620304922273322
GSE25055,GSM615314,7,3,expanded_pam50_score,0,0.019362047751116364
GSE25055,GSM615315,7,3,expanded_pam50_score,0,0.5153152780224661
GSE25055,GSM615316,7,2,expanded_pam50_score,0,0.03558241516841114
GSE25055,GSM615317,7,3,expanded_pam50_score,0,0.46280337461309423
GSE25055,GSM615318,7,4,expanded_pam50_score,0,0.019466419546730868
GSE25055,GSM615319,7,4,expanded_pam50_score,0,0.2731114343135513
GSE25055,GSM615320,7,1,expanded_pam50_score,0,0.6563247184520135
GSE25055,GSM615321,7,0,expanded_pam50_score,0,0.4366311178135818
GSE25055,GSM615322,7,2,expanded_pam50_score,0,0.3181754199597856
GSE25055,GSM615323,7,4,expanded_pam50_score,0,0.08704797414572207
GSE25055,GSM615324,7,3,expanded_pam50_score,1,0.6860037502431093
GSE25055,GSM615325,7,0,expanded_pam50_score,1,0.677736886262992
GSE25055,GSM615326,7,2,expanded_pam50_score,0,0.41589502787124233
GSE25055,GSM615327,7,3,expanded_pam50_score,0,0.25283755678946634
GSE25055,GSM615328,7,2,expanded_pam50_score,0,0.01821429726446241
GSE25055,GSM615329,7,1,expanded_pam50_score,0,0.013446058909868835
GSE25055,GSM615330,7,2,expanded_pam50_score,0,0.1306883440056504
GSE25055,GSM615331,7,1,expanded_pam50_score,1,0.059194397867472895
GSE25055,GSM615332,7,2,expanded_pam50_score,0,0.07577225903477236
GSE25055,GSM615333,7,0,expanded_pam50_score,0,0.2538083366747964
GSE25055,GSM615334,7,2,expanded_pam50_score,1,0.4941155193623442
GSE25055,GSM615335,7,2,expanded_pam50_score,0,0.4036467395941794
GSE25055,GSM615336,7,4,expanded_pam50_score,1,0.5443305765434437
GSE25055,GSM615337,7,1,expanded_pam50_score,0,0.020192811690409592
GSE25055,GSM615338,7,1,expanded_pam50_score,1,0.37984323096117695
GSE25055,GSM615339,7,4,expanded_pam50_score,0,0.014108903620443711
GSE25055,GSM615340,7,4,expanded_pam50_score,0,0.051519265107166284
GSE25055,GSM615341,7,1,expanded_pam50_score,0,0.012922662828581484
GSE25055,GSM615342,7,0,expanded_pam50_score,0,0.15225868321959884
GSE25055,GSM615343,7,4,expanded_pam50_score,0,0.19512289536375013
GSE25055,GSM615344,7,1,expanded_pam50_score,0,0.26714291213873487
GSE25055,GSM615345,7,0,expanded_pam50_score,0,0.11496853177151169
GSE25055,GSM615346,7,3,expanded_pam50_score,0,0.5152478837786523
GSE25055,GSM615347,7,2,expanded_pam50_score,0,0.37931585385439465
GSE25055,GSM615348,7,0,expanded_pam50_score,0,0.30260076539596237
GSE25055,GSM615349,7,4,expanded_pam50_score,0,0.024079856814236196
GSE25055,GSM615350,7,1,expanded_pam50_score,0,0.2071678209923046
GSE25055,GSM615351,7,2,expanded_pam50_score,0,0.022807149564103818
GSE25055,GSM615352,7,2,expanded_pam50_score,0,0.008039757015702734
GSE25055,GSM615353,7,4,expanded_pam50_score,1,0.14797381461124204
GSE25055,GSM615354,7,1,expanded_pam50_score,1,0.24262796572680037
GSE25055,GSM615355,7,4,expanded_pam50_score,0,0.044844496711425944
GSE25055,GSM615356,7,4,expanded_pam50_score,0,0.1827928347269555
GSE25055,GSM615357,7,1,expanded_pam50_score,1,0.5497152132953527
GSE25055,GSM615358,7,1,expanded_pam50_score,0,0.009779690336633463
GSE25055,GSM615359,7,2,expanded_pam50_score,1,0.36744690869097507
GSE25055,GSM615360,7,2,expanded_pam50_score,0,0.04240406763438058
GSE25055,GSM615361,7,3,expanded_pam50_score,0,0.11347145075990815
GSE25055,GSM615362,7,2,expanded_pam50_score,0,0.015176834921239014
GSE25055,GSM615363,7,4,expanded_pam50_score,0,0.22966756111913839
GSE25055,GSM615364,7,1,expanded_pam50_score,0,0.6142883871284529
GSE25055,GSM615365,7,1,expanded_pam50_score,0,0.012999640830832677
GSE25055,GSM615366,7,2,expanded_pam50_score,0,0.01657396524721613
GSE25055,GSM615367,7,4,expanded_pam50_score,0,0.06679782433731533
GSE25055,GSM615368,7,1,expanded_pam50_score,0,0.742132377972009
GSE25055,GSM615369,7,2,expanded_pam50_score,0,0.2784947290001511
GSE25055,GSM615370,7,0,expanded_pam50_score,0,0.05594392789148991
GSE25055,GSM615371,7,0,expanded_pam50_score,1,0.36782312811624057
GSE25055,GSM615372,7,0,expanded_pam50_score,0,0.4706823951895949
GSE25055,GSM615373,7,3,expanded_pam50_score,0,0.14691064780138618
GSE25055,GSM615374,7,4,expanded_pam50_score,0,0.00486840520216963
GSE25055,GSM615375,7,0,expanded_pam50_score,1,0.543984053996037
GSE25055,GSM615376,7,3,expanded_pam50_score,0,0.18689549987785078
GSE25055,GSM615377,7,1,expanded_pam50_score,0,0.005578471907132389
GSE25055,GSM615378,7,3,expanded_pam50_score,0,0.42520327211510534
GSE25055,GSM615379,7,0,expanded_pam50_score,1,0.14351534354168394
GSE25055,GSM615380,7,4,expanded_pam50_score,0,0.5282938422308062
GSE25055,GSM615381,7,0,expanded_pam50_score,0,0.010493673263000275
GSE25055,GSM615382,7,3,expanded_pam50_score,0,0.15974431140108641
GSE25055,GSM615383,7,4,expanded_pam50_score,1,0.017172834576330162
GSE25055,GSM615384,7,3,expanded_pam50_score,0,0.21617151353924685
GSE25055,GSM615385,7,2,expanded_pam50_score,0,0.07022046176991593
GSE25055,GSM615386,7,3,expanded_pam50_score,0,0.021885239922789804
GSE25055,GSM615387,7,1,expanded_pam50_score,0,0.38001614588937843
GSE25055,GSM615388,7,3,expanded_pam50_score,0,0.03412769915521907
GSE25055,GSM615389,7,4,expanded_pam50_score,0,0.027264182552620093
GSE25055,GSM615390,7,3,expanded_pam50_score,0,0.5015543622436655
GSE25055,GSM615391,7,0,expanded_pam50_score,0,0.014012884699856305
GSE25055,GSM615392,7,0,expanded_pam50_score,0,0.23903093546827733
GSE25055,GSM615393,7,2,expanded_pam50_score,1,0.238530158412355
GSE25055,GSM615394,7,3,expanded_pam50_score,1,0.21503036762642724
GSE25055,GSM615395,7,2,expanded_pam50_score,0,0.0312957591250161
GSE25055,GSM615396,7,4,expanded_pam50_score,1,0.3999601358349203
GSE25055,GSM615397,7,2,expanded_pam50_score,1,0.24043141746462401
GSE25055,GSM615398,7,0,expanded_pam50_score,0,0.04505684066787022
GSE25055,GSM615399,7,0,expanded_pam50_score,0,0.03302883548162794
GSE25055,GSM615400,7,3,expanded_pam50_score,0,0.02259231168514619
GSE25055,GSM615401,7,4,expanded_pam50_score,0,0.09772989560916263
GSE25055,GSM615402,7,4,expanded_pam50_score,0,0.021058043723820315
GSE25055,GSM615403,7,0,expanded_pam50_score,0,0.23397408660110655
GSE25055,GSM615404,7,4,expanded_pam50_score,0,0.07844802765444896
GSE25055,GSM615405,7,3,expanded_pam50_score,0,0.3146466579273711
GSE25055,GSM615096,8,4,expanded,0,0.08032224562269116
GSE25055,GSM615097,8,2,expanded,0,0.03494481970808938
GSE25055,GSM615098,8,2,expanded,0,0.4034257705909641
GSE25055,GSM615099,8,1,expanded,1,0.4278696970908943
GSE25055,GSM615100,8,1,expanded,0,0.0386975877994785
GSE25055,GSM615101,8,2,expanded,0,0.24300736030226042
GSE25055,GSM615102,8,0,expanded,0,0.4749072602682114
GSE25055,GSM615104,8,4,expanded,0,0.3576781505600354
GSE25055,GSM615106,8,0,expanded,0,0.3295346006630566
GSE25055,GSM615107,8,2,expanded,0,0.4469845753926479
GSE25055,GSM615108,8,4,expanded,0,0.20340724540972843
GSE25055,GSM615109,8,3,expanded,0,0.30268443303007914
GSE25055,GSM615111,8,4,expanded,0,0.25976110754838433
GSE25055,GSM615112,8,0,expanded,0,0.28027845388975314
GSE25055,GSM615113,8,3,expanded,0,0.45114581586600566
GSE25055,GSM615114,8,1,expanded,0,0.04328289580293835
GSE25055,GSM615115,8,3,expanded,0,0.14538151213437836
GSE25055,GSM615116,8,1,expanded,0,0.7700982722810087
GSE25055,GSM615117,8,0,expanded,0,0.08889954917531598
GSE25055,GSM615120,8,2,expanded,0,0.008540235504109052
GSE25055,GSM615121,8,0,expanded,0,0.15834619721598014
GSE25055,GSM615122,8,0,expanded,1,0.029702179805257464
GSE25055,GSM615123,8,0,expanded,1,0.08936520396815269
GSE25055,GSM615124,8,1,expanded,0,0.023667272322685323
GSE25055,GSM615125,8,2,expanded,0,0.04845244245749972
GSE25055,GSM615126,8,3,expanded,0,0.051742258068478444
GSE25055,GSM615127,8,0,expanded,0,0.04533605953133232
GSE25055,GSM615128,8,1,expanded,0,0.08057380504741891
GSE25055,GSM615129,8,2,expanded,0,0.10994633304645007
GSE25055,GSM615130,8,0,expanded,0,0.01461728889807517
GSE25055,GSM615131,8,3,expanded,0,0.07903851200646288
GSE25055,GSM615132,8,1,expanded,0,0.04501385479522316
GSE25055,GSM615133,8,2,expanded,0,0.013038062662778705
GSE25055,GSM615134,8,2,expanded,0,0.018492916576894607
GSE25055,GSM615135,8,1,expanded,0,0.39332855764651
GSE25055,GSM615136,8,4,expanded,0,0.2942991200323721
GSE25055,GSM615137,8,3,expanded,1,0.1427709454419211
GSE25055,GSM615138,8,2,expanded,0,0.08242030666100345
GSE25055,GSM615139,8,1,expanded,1,0.39823367982477864
GSE25055,GSM615140,8,2,expanded,1,0.01121086316610257
GSE25055,GSM615142,8,3,expanded,0,0.0936564143010786
GSE25055,GSM615143,8,1,expanded,1,0.2703267836466931
GSE25055,GSM615144,8,2,expanded,0,0.02774087465615733
GSE25055,GSM615145,8,1,expanded,0,0.32868881865182886
GSE25055,GSM615146,8,0,expanded,1,0.47155012651385614
GSE25055,GSM615147,8,3,expanded,0,0.08140990425917853
GSE25055,GSM615148,8,2,expanded,0,0.43167100550127824
GSE25055,GSM615149,8,2,expanded,0,0.39596815536822194
GSE25055,GSM615150,8,0,expanded,0,0.02323896725698748
GSE25055,GSM615151,8,3,expanded,0,0.18248362612403368
GSE25055,GSM615153,8,4,expanded,0,0.03262393119821184
GSE25055,GSM615154,8,0,expanded,1,0.4881490780471053
GSE25055,GSM615155,8,0,expanded,0,0.06109847567608326
GSE25055,GSM615156,8,0,expanded,0,0.5001711385439882
GSE25055,GSM615157,8,0,expanded,0,0.06853354179023156
GSE25055,GSM615158,8,3,expanded,0,0.015102945104990939
GSE25055,GSM615159,8,1,expanded,0,0.2776871479077184
GSE25055,GSM615160,8,3,expanded,0,0.3875088687965108
GSE25055,GSM615162,8,0,expanded,0,0.007240956353538571
GSE25055,GSM615164,8,3,expanded,1,0.27624436791249285
GSE25055,GSM615165,8,4,expanded,0,0.0513599383708898
GSE25055,GSM615166,8,4,expanded,0,0.0321793338593103
GSE25055,GSM615167,8,1,expanded,1,0.19130292703264143
GSE25055,GSM615168,8,0,expanded,0,0.09417477631876747
GSE25055,GSM615169,8,4,expanded,0,0.3517515405801776
GSE25055,GSM615170,8,3,expanded,0,0.03097804590256572
GSE25055,GSM615171,8,3,expanded,1,0.44981978669693945
GSE25055,GSM615172,8,4,expanded,0,0.031121182312560246
GSE25055,GSM615173,8,4,expanded,0,0.17337782779118174
GSE25055,GSM615174,8,3,expanded,0,0.14815735124836432
GSE25055,GSM615175,8,3,expanded,1,0.2748186860445008
GSE25055,GSM615176,8,4,expanded,0,0.014463332488514188
GSE25055,GSM615177,8,0,expanded,0,0.06764599946699061
GSE25055,GSM615178,8,4,expanded,0,0.44984818078154226
GSE25055,GSM615179,8,3,expanded,0,0.03665905078240897
GSE25055,GSM615180,8,2,expanded,0,0.033644459915902106
GSE25055,GSM615181,8,1,expanded,1,0.3404557574060846
GSE25055,GSM615182,8,1,expanded,0,0.3513436897874305
GSE25055,GSM615183,8,0,expanded,0,0.04420905922486789
GSE25055,GSM615184,8,3,expanded,0,0.2781299310407536
GSE25055,GSM615185,8,0,expanded,0,0.46223742996084816
GSE25055,GSM615186,8,0,expanded,1,0.01218851466871494
GSE25055,GSM615187,8,2,expanded,0,0.02426503154434042
GSE25055,GSM615188,8,4,expanded,0,0.14753103217688593
GSE25055,GSM615189,8,3,expanded,0,0.31498273974982716
GSE25055,GSM615190,8,2,expanded,0,0.5246288117486714
GSE25055,GSM615191,8,4,expanded,1,0.422487899347257
GSE25055,GSM615192,8,3,expanded,0,0.03994567630009799
GSE25055,GSM615193,8,4,expanded,1,0.4479164331834063
GSE25055,GSM615194,8,1,expanded,1,0.31463632754726073
GSE25055,GSM615195,8,0,expanded,0,0.320858297835335
GSE25055,GSM615196,8,2,expanded,0,0.08164769378898942
GSE25055,GSM615197,8,2,expanded,0,0.31009750822188303
GSE25055,GSM615198,8,2,expanded,0,0.032306657346187234
GSE25055,GSM615199,8,1,expanded,0,0.05087300843490096
GSE25055,GSM615200,8,1,expanded,0,0.2356217973341195
GSE25055,GSM615201,8,4,expanded,1,0.07364320995255144
GSE25055,GSM615202,8,2,expanded,1,0.36820227245119735
GSE25055,GSM615203,8,0,expanded,0,0.013537754930149798
GSE25055,GSM615204,8,4,expanded,0,0.05948401882697592
GSE25055,GSM615205,8,4,expanded,0,0.05110530064462728
GSE25055,GSM615206,8,0,expanded,0,0.06484141542495846
GSE25055,GSM615207,8,3,expanded,0,0.04658508679443771
GSE25055,GSM615208,8,1,expanded,0,0.04028046655572832
GSE25055,GSM615209,8,3,expanded,1,0.3937120798534181
GSE25055,GSM615210,8,4,expanded,0,0.044257981298906554
GSE25055,GSM615211,8,4,expanded,1,0.511149001636065
GSE25055,GSM615212,8,1,expanded,1,0.4012809985493144
GSE25055,GSM615213,8,2,expanded,1,0.329541128689923
GSE25055,GSM615214,8,3,expanded,0,0.06775251674527609
GSE25055,GSM615215,8,4,expanded,1,0.4626710023960353
GSE25055,GSM615216,8,0,expanded,0,0.028323203659436875
GSE25055,GSM615217,8,2,expanded,0,0.03783236626089256
GSE25055,GSM615218,8,2,expanded,0,0.23556306689485906
GSE25055,GSM615219,8,2,expanded,0,0.14639427620027798
GSE25055,GSM615220,8,3,expanded,0,0.09478476832869244
GSE25055,GSM615221,8,2,expanded,0,0.08935545341451194
GSE25055,GSM615222,8,3,expanded,0,0.038411232017822615
GSE25055,GSM615223,8,3,expanded,0,0.30951080353927335
GSE25055,GSM615224,8,1,expanded,0,0.04354499969414017
GSE25055,GSM615225,8,3,expanded,0,0.229915111034309
GSE25055,GSM615226,8,2,expanded,0,0.012703425330805472
GSE25055,GSM615227,8,4,expanded,0,0.06040496818130429
GSE25055,GSM615228,8,4,expanded,0,0.2195113167809076
GSE25055,GSM615229,8,3,expanded,0,0.1371524740625723
GSE25055,GSM615230,8,2,expanded,0,0.15443296190069278
GSE25055,GSM615231,8,4,expanded,0,0.04481316266854422
GSE25055,GSM615232,8,1,expanded,0,0.042249469089496595
GSE25055,GSM615233,8,0,expanded,0,0.006513066850157078
GSE25055,GSM615234,8,0,expanded,0,0.20271725598635174
GSE25055,GSM615235,8,2,expanded,0,0.057562278814261465
GSE25055,GSM615236,8,1,expanded,0,0.12078217896017907
GSE25055,GSM615237,8,3,expanded,0,0.04426288857198268
GSE25055,GSM615238,8,1,expanded,0,0.08795229511420805
GSE25055,GSM615239,8,1,expanded,0,0.14613822426605322
GSE25055,GSM615240,8,2,expanded,1,0.4556383929282926
GSE25055,GSM615241,8,2,expanded,0,0.02432497469502015
GSE25055,GSM615242,8,2,expanded,1,0.3819698211606136
GSE25055,GSM615243,8,3,expanded,0,0.04351365090011178
GSE25055,GSM615244,8,2,expanded,0,0.5231443352971482
GSE25055,GSM615245,8,1,expanded,0,0.051640286287255505
GSE25055,GSM615246,8,1,expanded,0,0.052934127204738377
GSE25055,GSM615247,8,1,expanded,0,0.1924054931853462
GSE25055,GSM615248,8,1,expanded,0,0.11281717038432548
GSE25055,GSM615249,8,4,expanded,0,0.08659612455459959
GSE25055,GSM615250,8,1,expanded,0,0.46016880895573065
GSE25055,GSM615251,8,3,expanded,0,0.44584604889667334
GSE25055,GSM615252,8,3,expanded,0,0.03464407653248138
GSE25055,GSM615253,8,2,expanded,0,0.09671685620507293
GSE25055,GSM615254,8,1,expanded,0,0.046842421727358495
GSE25055,GSM615255,8,4,expanded,0,0.3097631633124669
GSE25055,GSM615256,8,4,expanded,1,0.0977715388176858
GSE25055,GSM615257,8,3,expanded,0,0.0164160605404645
GSE25055,GSM615258,8,3,expanded,0,0.05603653314720752
GSE25055,GSM615259,8,0,expanded,0,0.023767978913394792
GSE25055,GSM615260,8,2,expanded,0,0.19222126410787974
GSE25055,GSM615261,8,3,expanded,0,0.0566441760497491
GSE25055,GSM615262,8,4,expanded,0,0.03766179484831928
GSE25055,GSM615263,8,2,expanded,1,0.20738197010585566
GSE25055,GSM615264,8,4,expanded,1,0.332535317880622
GSE25055,GSM615265,8,1,expanded,0,0.38563741818359853
GSE25055,GSM615266,8,3,expanded,0,0.02429272159795554
GSE25055,GSM615267,8,3,expanded,0,0.055499702183278335
GSE25055,GSM615268,8,0,expanded,0,0.02602170102656669
GSE25055,GSM615269,8,3,expanded,0,0.07200767457123172
GSE25055,GSM615270,8,4,expanded,1,0.3143954883894217
GSE25055,GSM615271,8,1,expanded,0,0.048635426539015446
GSE25055,GSM615272,8,3,expanded,0,0.04894252732431861
GSE25055,GSM615273,8,2,expanded,0,0.04645607119897987
GSE25055,GSM615274,8,0,expanded,0,0.0574164195999449
GSE25055,GSM615275,8,4,expanded,0,0.12276830591253396
GSE25055,GSM615276,8,2,expanded,0,0.3368111175487845
GSE25055,GSM615277,8,2,expanded,0,0.04364144524890679
GSE25055,GSM615278,8,0,expanded,0,0.09938706749105439
GSE25055,GSM615279,8,0,expanded,0,0.03288085709585238
GSE25055,GSM615280,8,0,expanded,1,0.07941846206020585
GSE25055,GSM615281,8,4,expanded,0,0.050732808316873004
GSE25055,GSM615282,8,1,expanded,0,0.0440586998916659
GSE25055,GSM615283,8,4,expanded,0,0.06392070763942972
GSE25055,GSM615284,8,4,expanded,1,0.26142416184489087
GSE25055,GSM615285,8,0,expanded,0,0.104674010988314
GSE25055,GSM615286,8,4,expanded,0,0.05776103816966135
GSE25055,GSM615287,8,0,expanded,0,0.17505760039935003
GSE25055,GSM615288,8,1,expanded,0,0.49619654037778427
GSE25055,GSM615289,8,3,expanded,0,0.06516887632327195
GSE25055,GSM615290,8,3,expanded,0,0.030849412971026408
GSE25055,GSM615291,8,1,expanded,1,0.39314032112765207
GSE25055,GSM615292,8,4,expanded,0,0.0668265910232646
GSE25055,GSM615293,8,1,expanded,1,0.44689253054210354
GSE25055,GSM615294,8,2,expanded,0,0.2078021490935897
GSE25055,GSM615295,8,0,expanded,0,0.22942468695753857
GSE25055,GSM615296,8,4,expanded,0,0.033104138120364855
GSE25055,GSM615297,8,1,expanded,0,0.3950241060490512
GSE25055,GSM615298,8,4,expanded,0,0.07688469727737343
GSE25055,GSM615299,8,0,expanded,0,0.054218136317791495
GSE25055,GSM615300,8,4,expanded,1,0.39410192957833234
GSE25055,GSM615301,8,0,expanded,0,0.20025326276257818
GSE25055,GSM615302,8,0,expanded,0,0.05816696576826924
GSE25055,GSM615303,8,0,expanded,0,0.18240385202144116
GSE25055,GSM615304,8,0,expanded,0,0.13839795458124154
GSE25055,GSM615305,8,3,expanded,0,0.08675597254203704
GSE25055,GSM615306,8,2,expanded,0,0.02371507626980753
GSE25055,GSM615307,8,0,expanded,1,0.5304346539576343
GSE25055,GSM615308,8,4,expanded,0,0.11808586695885301
GSE25055,GSM615309,8,1,expanded,0,0.08378672037841434
GSE25055,GSM615310,8,2,expanded,1,0.13278873780635717
GSE25055,GSM615311,8,2,expanded,0,0.050580911651521586
GSE25055,GSM615312,8,1,expanded,0,0.09910811885412887
GSE25055,GSM615313,8,0,expanded,0,0.01568196439322899
GSE25055,GSM615314,8,4,expanded,0,0.040920193533919
GSE25055,GSM615315,8,4,expanded,0,0.3429480573901338
GSE25055,GSM615316,8,3,expanded,0,0.07578517680237734
GSE25055,GSM615317,8,3,expanded,0,0.432652924043233
GSE25055,GSM615318,8,1,expanded,0,0.035460299240064
GSE25055,GSM615319,8,1,expanded,0,0.38563741818359853
GSE25055,GSM615320,8,2,expanded,0,0.5209564413952031
GSE25055,GSM615321,8,0,expanded,0,0.44413176909778923
GSE25055,GSM615322,8,2,expanded,0,0.2599427228442707
GSE25055,GSM615323,8,2,expanded,0,0.40328565124130294
GSE25055,GSM615324,8,0,expanded,1,0.5645249072038485
GSE25055,GSM615325,8,1,expanded,1,0.49953008888431
GSE25055,GSM615326,8,1,expanded,0,0.2153913500108579
GSE25055,GSM615327,8,0,expanded,0,0.25335947280448073
GSE25055,GSM615328,8,3,expanded,0,0.03385714114521663
GSE25055,GSM615329,8,4,expanded,0,0.045974945463071154
GSE25055,GSM615330,8,3,expanded,0,0.2798407823649312
GSE25055,GSM615331,8,4,expanded,1,0.09739959188146077
GSE25055,GSM615332,8,3,expanded,0,0.055409366391223
GSE25055,GSM615333,8,0,expanded,0,0.14929799034603242
GSE25055,GSM615334,8,0,expanded,1,0.28889529923307333
GSE25055,GSM615335,8,4,expanded,0,0.42540176334145197
GSE25055,GSM615336,8,2,expanded,1,0.4475343680963789
GSE25055,GSM615337,8,1,expanded,0,0.04791053975232155
GSE25055,GSM615338,8,3,expanded,1,0.38945810135868264
GSE25055,GSM615339,8,3,expanded,0,0.03541856664143526
GSE25055,GSM615340,8,2,expanded,0,0.08742528905316342
GSE25055,GSM615341,8,1,expanded,0,0.047551955021405086
GSE25055,GSM615342,8,2,expanded,0,0.24514699795170894
GSE25055,GSM615343,8,4,expanded,0,0.23544897219717845
GSE25055,GSM615344,8,3,expanded,0,0.38522088220415457
GSE25055,GSM615345,8,1,expanded,0,0.15774729867990045
GSE25055,GSM615346,8,0,expanded,0,0.4823824996672286
GSE25055,GSM615347,8,1,expanded,0,0.35675633823195824
GSE25055,GSM615348,8,1,expanded,0,0.35713578506643506
GSE25055,GSM615349,8,1,expanded,0,0.044206902658627846
GSE25055,GSM615350,8,4,expanded,0,0.23739148326401152
GSE25055,GSM615351,8,3,expanded,0,0.016959854571191153
GSE25055,GSM615352,8,0,expanded,0,0.006389753609366447
GSE25055,GSM615353,8,3,expanded,1,0.18755946581999625
GSE25055,GSM615354,8,3,expanded,1,0.250152278842341
GSE25055,GSM615355,8,2,expanded,0,0.04425996149159599
GSE25055,GSM615356,8,4,expanded,0,0.34218204214252634
GSE25055,GSM615357,8,3,expanded,1,0.40656869917325794
GSE25055,GSM615358,8,4,expanded,0,0.014370886678260466
GSE25055,GSM615359,8,0,expanded,1,0.2362978297142575
GSE25055,GSM615360,8,4,expanded,0,0.05919186339827803
GSE25055,GSM615361,8,3,expanded,0,0.12393625217075764
GSE25055,GSM615362,8,1,expanded,0,0.0135070058402073
GSE25055,GSM615363,8,2,expanded,0,0.532782574171898
GSE25055,GSM615364,8,4,expanded,0,0.5165391954167033
GSE25055,GSM615365,8,0,expanded,0,0.02579261245209349
GSE25055,GSM615366,8,1,expanded,0,0.014908069206266627
GSE25055,GSM615367,8,0,expanded,0,0.06886953361561692
GSE25055,GSM615368,8,0,expanded,0,0.5495480239786501
GSE25055,GSM615369,8,3,expanded,0,0.4195546241952978
GSE25055,GSM615370,8,2,expanded,0,0.062242963299755684
GSE25055,GSM615371,8,2,expanded,1,0.31009750822188303
GSE25055,GSM615372,8,2,expanded,0,0.5291166568142791
GSE25055,GSM615373,8,1,expanded,0,0.08795229511420805
GSE25055,GSM615374,8,1,expanded,0,0.009674606461652809
GSE25055,GSM615375,8,0,expanded,1,0.19805486948326936
GSE25055,GSM615376,8,2,expanded,0,0.19997443350462654
GSE25055,GSM615377,8,4,expanded,0,0.018619814559328658
GSE25055,GSM615378,8,2,expanded,0,0.512785027215458
GSE25055,GSM615379,8,3,expanded,1,0.2236533818006859
GSE25055,GSM615380,8,4,expanded,0,0.3910158219370019
GSE25055,GSM615381,8,0,expanded,0,0.03492480938782649
GSE25055,GSM615382,8,1,expanded,0,0.38062144647440255
GSE25055,GSM615383,8,2,expanded,1,0.03904172436710866
GSE25055,GSM615384,8,2,expanded,0,0.30129142171578943
GSE25055,GSM615385,8,1,expanded,0,0.14577843936704868
GSE25055,GSM615386,8,0,expanded,0,0.03349817553299958
GSE25055,GSM615387,8,4,expanded,0,0.49496787472310827
GSE25055,GSM615388,8,4,expanded,0,0.032584989127827715
GSE25055,GSM615389,8,4,expanded,0,0.035234337218213514
GSE25055,GSM615390,8,3,expanded,0,0.4370409790031238
GSE25055,GSM615391,8,1,expanded,0,0.07260712510210003
GSE25055,GSM615392,8,0,expanded,0,0.19116952197978596
GSE25055,GSM615393,8,0,expanded,1,0.3648311872454916
GSE25055,GSM615394,8,3,expanded,1,0.27574317262666925
GSE25055,GSM615395,8,2,expanded,0,0.0443472902820832
GSE25055,GSM615396,8,2,expanded,1,0.49423408749304526
GSE25055,GSM615397,8,1,expanded,1,0.16522397068965505
GSE25055,GSM615398,8,4,expanded,0,0.06139607637007433
GSE25055,GSM615399,8,0,expanded,0,0.020524700870565352
GSE25055,GSM615400,8,4,expanded,0,0.022121892451816456
GSE25055,GSM615401,8,4,expanded,0,0.04593323099054128
GSE25055,GSM615402,8,3,expanded,0,0.032708250031342916
GSE25055,GSM615403,8,1,expanded,0,0.10186367185567782
GSE25055,GSM615404,8,0,expanded,0,0.07963702149102024
GSE25055,GSM615405,8,1,expanded,0,0.2614798779116655
GSE25055,GSM615096,8,4,expanded_score,0,0.05501424862716201
GSE25055,GSM615097,8,2,expanded_score,0,0.024386214949149995
GSE25055,GSM615098,8,2,expanded_score,0,0.43668982332622236
GSE25055,GSM615099,8,1,expanded_score,1,0.5851739782330316
GSE25055,GSM615100,8,1,expanded_score,0,0.07087716746297074
GSE25055,GSM615101,8,2,expanded_score,0,0.2957187163652481
GSE25055,GSM615102,8,0,expanded_score,0,0.4996887720804934
GSE25055,GSM615104,8,4,expanded_score,0,0.28859413591254474
GSE25055,GSM615106,8,0,expanded_score,0,0.217561598612625
GSE25055,GSM615107,8,2,expanded_score,0,0.43840694532306285
GSE25055,GSM615108,8,4,expanded_score,0,0.22666062657515196
GSE25055,GSM615109,8,3,expanded_score,0,0.39907404400492585
GSE25055,GSM615111,8,4,expanded_score,0,0.1796850178826199
GSE25055,GSM615112,8,0,expanded_score,0,0.33583116842760996
GSE25055,GSM615113,8,3,expanded_score,0,0.46273144357389095
GSE25055,GSM615114,8,1,expanded_score,0,0.03158705808940517
GSE25055,GSM615115,8,3,expanded_score,0,0.1523819753480212
GSE25055,GSM615116,8,1,expanded_score,0,0.5992752385625132
GSE25055,GSM615117,8,0,expanded_score,0,0.1390604957956401
GSE25055,GSM615120,8,2,expanded_score,0,0.008135635508386958
GSE25055,GSM615121,8,0,expanded_score,0,0.08871601011032354
GSE25055,GSM615122,8,0,expanded_score,1,0.018574223385091904
GSE25055,GSM615123,8,0,expanded_score,1,0.17343268237467482
GSE25055,GSM615124,8,1,expanded_score,0,0.026915875926169296
GSE25055,GSM615125,8,2,expanded_score,0,0.03464288170863922
GSE25055,GSM615126,8,3,expanded_score,0,0.051476932511762684
GSE25055,GSM615127,8,0,expanded_score,0,0.05019899654636735
GSE25055,GSM615128,8,1,expanded_score,0,0.04226346617057672
GSE25055,GSM615129,8,2,expanded_score,0,0.07522105171508742
GSE25055,GSM615130,8,0,expanded_score,0,0.012160639078586574
GSE25055,GSM615131,8,3,expanded_score,0,0.055208753507534084
GSE25055,GSM615132,8,1,expanded_score,0,0.03583223683788799
GSE25055,GSM615133,8,2,expanded_score,0,0.013324537889954035
GSE25055,GSM615134,8,2,expanded_score,0,0.015970555146345173
GSE25055,GSM615135,8,1,expanded_score,0,0.2953504813750746
GSE25055,GSM615136,8,4,expanded_score,0,0.33910126564284676
GSE25055,GSM615137,8,3,expanded_score,1,0.12013706371895592
GSE25055,GSM615138,8,2,expanded_score,0,0.07616204866157089
GSE25055,GSM615139,8,1,expanded_score,1,0.6372626119153338
GSE25055,GSM615140,8,2,expanded_score,1,0.01702751347147104
GSE25055,GSM615142,8,3,expanded_score,0,0.05769669546368459
GSE25055,GSM615143,8,1,expanded_score,1,0.2419370906793961
GSE25055,GSM615144,8,2,expanded_score,0,0.02971253567263379
GSE25055,GSM615145,8,1,expanded_score,0,0.6153019025787314
GSE25055,GSM615146,8,0,expanded_score,1,0.4489023230576007
GSE25055,GSM615147,8,3,expanded_score,0,0.05108211768214178
GSE25055,GSM615148,8,2,expanded_score,0,0.40134773520208766
GSE25055,GSM615149,8,2,expanded_score,0,0.30217292664936335
GSE25055,GSM615150,8,0,expanded_score,0,0.01505002305989504
GSE25055,GSM615151,8,3,expanded_score,0,0.27323758165708134
GSE25055,GSM615153,8,4,expanded_score,0,0.04552317420333709
GSE25055,GSM615154,8,0,expanded_score,1,0.40529275573599044
GSE25055,GSM615155,8,0,expanded_score,0,0.08359888983226925
GSE25055,GSM615156,8,0,expanded_score,0,0.4053884825972171
GSE25055,GSM615157,8,0,expanded_score,0,0.04334465807043779
GSE25055,GSM615158,8,3,expanded_score,0,0.02132888118875807
GSE25055,GSM615159,8,1,expanded_score,0,0.10450014849562936
GSE25055,GSM615160,8,3,expanded_score,0,0.3282087447298741
GSE25055,GSM615162,8,0,expanded_score,0,0.0061355960648865875
GSE25055,GSM615164,8,3,expanded_score,1,0.4522900612453017
GSE25055,GSM615165,8,4,expanded_score,0,0.04704495808580494
GSE25055,GSM615166,8,4,expanded_score,0,0.0540971577313555
GSE25055,GSM615167,8,1,expanded_score,1,0.09997849828976248
GSE25055,GSM615168,8,0,expanded_score,0,0.05074184393440947
GSE25055,GSM615169,8,4,expanded_score,0,0.3492328836527024
GSE25055,GSM615170,8,3,expanded_score,0,0.024262789475454852
GSE25055,GSM615171,8,3,expanded_score,1,0.3124716339458769
GSE25055,GSM615172,8,4,expanded_score,0,0.024388740695915987
GSE25055,GSM615173,8,4,expanded_score,0,0.08001363830482787
GSE25055,GSM615174,8,3,expanded_score,0,0.1340493591806822
GSE25055,GSM615175,8,3,expanded_score,1,0.3468583648014187
GSE25055,GSM615176,8,4,expanded_score,0,0.017348947666403467
GSE25055,GSM615177,8,0,expanded_score,0,0.055658470595179754
GSE25055,GSM615178,8,4,expanded_score,0,0.3616330347118896
GSE25055,GSM615179,8,3,expanded_score,0,0.04395677021944181
GSE25055,GSM615180,8,2,expanded_score,0,0.04340797240891692
GSE25055,GSM615181,8,1,expanded_score,1,0.3357028885494822
GSE25055,GSM615182,8,1,expanded_score,0,0.3909676881232215
GSE25055,GSM615183,8,0,expanded_score,0,0.0289060182378198
GSE25055,GSM615184,8,3,expanded_score,0,0.45922819408661836
GSE25055,GSM615185,8,0,expanded_score,0,0.3911428585440555
GSE25055,GSM615186,8,0,expanded_score,1,0.012728893653261833
GSE25055,GSM615187,8,2,expanded_score,0,0.038156680049029196
GSE25055,GSM615188,8,4,expanded_score,0,0.1594514066492948
GSE25055,GSM615189,8,3,expanded_score,0,0.25108861537646243
GSE25055,GSM615190,8,2,expanded_score,0,0.5261730836132403
GSE25055,GSM615191,8,4,expanded_score,1,0.6004954981596111
GSE25055,GSM615192,8,3,expanded_score,0,0.0351856531757962
GSE25055,GSM615193,8,4,expanded_score,1,0.4015736379632306
GSE25055,GSM615194,8,1,expanded_score,1,0.4420887749544305
GSE25055,GSM615195,8,0,expanded_score,0,0.44952490320762756
GSE25055,GSM615196,8,2,expanded_score,0,0.1275560857229394
GSE25055,GSM615197,8,2,expanded_score,0,0.3868766333810247
GSE25055,GSM615198,8,2,expanded_score,0,0.025294867120656876
GSE25055,GSM615199,8,1,expanded_score,0,0.05825401192151465
GSE25055,GSM615200,8,1,expanded_score,0,0.39871760418650115
GSE25055,GSM615201,8,4,expanded_score,1,0.11686532097066536
GSE25055,GSM615202,8,2,expanded_score,1,0.48873132206112246
GSE25055,GSM615203,8,0,expanded_score,0,0.00673390123226776
GSE25055,GSM615204,8,4,expanded_score,0,0.03450950956326049
GSE25055,GSM615205,8,4,expanded_score,0,0.04901312057091694
GSE25055,GSM615206,8,0,expanded_score,0,0.03565820860547246
GSE25055,GSM615207,8,3,expanded_score,0,0.031067868674417118
GSE25055,GSM615208,8,1,expanded_score,0,0.02759855144011063
GSE25055,GSM615209,8,3,expanded_score,1,0.4971888227788219
GSE25055,GSM615210,8,4,expanded_score,0,0.02237135883268928
GSE25055,GSM615211,8,4,expanded_score,1,0.6583830150816452
GSE25055,GSM615212,8,1,expanded_score,1,0.19268605553882492
GSE25055,GSM615213,8,2,expanded_score,1,0.34472260000773636
GSE25055,GSM615214,8,3,expanded_score,0,0.026528358616363403
GSE25055,GSM615215,8,4,expanded_score,1,0.3738548636373302
GSE25055,GSM615216,8,0,expanded_score,0,0.03944701587742128
GSE25055,GSM615217,8,2,expanded_score,0,0.03958947460843871
GSE25055,GSM615218,8,2,expanded_score,0,0.18984593533478739
GSE25055,GSM615219,8,2,expanded_score,0,0.1321778805902814
GSE25055,GSM615220,8,3,expanded_score,0,0.020425099763185364
GSE25055,GSM615221,8,2,expanded_score,0,0.07219915922899765
GSE25055,GSM615222,8,3,expanded_score,0,0.019803198770482693
GSE25055,GSM615223,8,3,expanded_score,0,0.1396501415654533
GSE25055,GSM615224,8,1,expanded_score,0,0.012290034395621326
GSE25055,GSM615225,8,3,expanded_score,0,0.18474535473607506
GSE25055,GSM615226,8,2,expanded_score,0,0.009530816450833243
GSE25055,GSM615227,8,4,expanded_score,0,0.08390399325999764
GSE25055,GSM615228,8,4,expanded_score,0,0.16404561701020723
GSE25055,GSM615229,8,3,expanded_score,0,0.04180004340760381
GSE25055,GSM615230,8,2,expanded_score,0,0.06914434386054727
GSE25055,GSM615231,8,4,expanded_score,0,0.025770223954271202
GSE25055,GSM615232,8,1,expanded_score,0,0.01905209868147615
GSE25055,GSM615233,8,0,expanded_score,0,0.004432717716396999
GSE25055,GSM615234,8,0,expanded_score,0,0.12045604644554565
GSE25055,GSM615235,8,2,expanded_score,0,0.11901305252010874
GSE25055,GSM615236,8,1,expanded_score,0,0.10064797252315252
GSE25055,GSM615237,8,3,expanded_score,0,0.02972562081893708
GSE25055,GSM615238,8,1,expanded_score,0,0.03787154670190292
GSE25055,GSM615239,8,1,expanded_score,0,0.1489194560477688
GSE25055,GSM615240,8,2,expanded_score,1,0.2087706789525144
GSE25055,GSM615241,8,2,expanded_score,0,0.028633227889824368
GSE25055,GSM615242,8,2,expanded_score,1,0.4066895358661329
GSE25055,GSM615243,8,3,expanded_score,0,0.02770439248585341
GSE25055,GSM615244,8,2,expanded_score,0,0.2921872305342995
GSE25055,GSM615245,8,1,expanded_score,0,0.09886950375661999
GSE25055,GSM615246,8,1,expanded_score,0,0.07129496526050336
GSE25055,GSM615247,8,1,expanded_score,0,0.16081233464829042
GSE25055,GSM615248,8,1,expanded_score,0,0.2586265735327376
GSE25055,GSM615249,8,4,expanded_score,0,0.04699247870792625
GSE25055,GSM615250,8,1,expanded_score,0,0.565931369259501
GSE25055,GSM615251,8,3,expanded_score,0,0.4594223385764605
GSE25055,GSM615252,8,3,expanded_score,0,0.017357968958791103
GSE25055,GSM615253,8,2,expanded_score,0,0.10400225337369393
GSE25055,GSM615254,8,1,expanded_score,0,0.032210585577754726
GSE25055,GSM615255,8,4,expanded_score,0,0.2515015647883787
GSE25055,GSM615256,8,4,expanded_score,1,0.12462762778663242
GSE25055,GSM615257,8,3,expanded_score,0,0.008019624176409014
GSE25055,GSM615258,8,3,expanded_score,0,0.07142278014869595
GSE25055,GSM615259,8,0,expanded_score,0,0.016025643928661477
GSE25055,GSM615260,8,2,expanded_score,0,0.33370649277488246
GSE25055,GSM615261,8,3,expanded_score,0,0.05870954497546291
GSE25055,GSM615262,8,4,expanded_score,0,0.029311770780952196
GSE25055,GSM615263,8,2,expanded_score,1,0.24115303023361725
GSE25055,GSM615264,8,4,expanded_score,1,0.18621924390112662
GSE25055,GSM615265,8,1,expanded_score,0,0.20323281293641454
GSE25055,GSM615266,8,3,expanded_score,0,0.04330161476105745
GSE25055,GSM615267,8,3,expanded_score,0,0.05962159139094601
GSE25055,GSM615268,8,0,expanded_score,0,0.03400619994004862
GSE25055,GSM615269,8,3,expanded_score,0,0.05498434670937988
GSE25055,GSM615270,8,4,expanded_score,1,0.45021974553022415
GSE25055,GSM615271,8,1,expanded_score,0,0.11787453054746011
GSE25055,GSM615272,8,3,expanded_score,0,0.03441410932855899
GSE25055,GSM615273,8,2,expanded_score,0,0.06697361487639865
GSE25055,GSM615274,8,0,expanded_score,0,0.1284644988139133
GSE25055,GSM615275,8,4,expanded_score,0,0.25885181725534473
GSE25055,GSM615276,8,2,expanded_score,0,0.25597136331626263
GSE25055,GSM615277,8,2,expanded_score,0,0.046896767104731
GSE25055,GSM615278,8,0,expanded_score,0,0.07800355491136546
GSE25055,GSM615279,8,0,expanded_score,0,0.02882537572287576
GSE25055,GSM615280,8,0,expanded_score,1,0.10990199261008773
GSE25055,GSM615281,8,4,expanded_score,0,0.059578956205740725
GSE25055,GSM615282,8,1,expanded_score,0,0.05650262951809286
GSE25055,GSM615283,8,4,expanded_score,0,0.09125355849007914
GSE25055,GSM615284,8,4,expanded_score,1,0.30893606776171384
GSE25055,GSM615285,8,0,expanded_score,0,0.054163316978895266
GSE25055,GSM615286,8,4,expanded_score,0,0.14687188962301187
GSE25055,GSM615287,8,0,expanded_score,0,0.18811264111081225
GSE25055,GSM615288,8,1,expanded_score,0,0.552599569777748
GSE25055,GSM615289,8,3,expanded_score,0,0.1507264089889882
GSE25055,GSM615290,8,3,expanded_score,0,0.1061125715528741
GSE25055,GSM615291,8,1,expanded_score,1,0.35625130350628764
GSE25055,GSM615292,8,4,expanded_score,0,0.06635669238746524
GSE25055,GSM615293,8,1,expanded_score,1,0.6937390695564959
GSE25055,GSM615294,8,2,expanded_score,0,0.2558606368706681
GSE25055,GSM615295,8,0,expanded_score,0,0.1310337797875249
GSE25055,GSM615296,8,4,expanded_score,0,0.04236084218081445
GSE25055,GSM615297,8,1,expanded_score,0,0.5390021364782319
GSE25055,GSM615298,8,4,expanded_score,0,0.07221697713182373
GSE25055,GSM615299,8,0,expanded_score,0,0.0317319950808434
GSE25055,GSM615300,8,4,expanded_score,1,0.27550619168666324
GSE25055,GSM615301,8,0,expanded_score,0,0.19591051355056344
GSE25055,GSM615302,8,0,expanded_score,0,0.0636363092548659
GSE25055,GSM615303,8,0,expanded_score,0,0.18529162377613032
GSE25055,GSM615304,8,0,expanded_score,0,0.06972381099222609
GSE25055,GSM615305,8,3,expanded_score,0,0.07094749241511382
GSE25055,GSM615306,8,2,expanded_score,0,0.018903939235730683
GSE25055,GSM615307,8,0,expanded_score,1,0.7314320115455585
GSE25055,GSM615308,8,4,expanded_score,0,0.0544518088367925
GSE25055,GSM615309,8,1,expanded_score,0,0.056288306305222184
GSE25055,GSM615310,8,2,expanded_score,1,0.3363714328155431
GSE25055,GSM615311,8,2,expanded_score,0,0.02834896042598604
GSE25055,GSM615312,8,1,expanded_score,0,0.09391308556480095
GSE25055,GSM615313,8,0,expanded_score,0,0.012147990160811162
GSE25055,GSM615314,8,4,expanded_score,0,0.024005949740677955
GSE25055,GSM615315,8,4,expanded_score,0,0.46098869479513416
GSE25055,GSM615316,8,3,expanded_score,0,0.02788227816643897
GSE25055,GSM615317,8,3,expanded_score,0,0.4489701742526633
GSE25055,GSM615318,8,1,expanded_score,0,0.021578095005735903
GSE25055,GSM615319,8,1,expanded_score,0,0.25380952539490714
GSE25055,GSM615320,8,2,expanded_score,0,0.6269528574656539
GSE25055,GSM615321,8,0,expanded_score,0,0.4460401206151148
GSE25055,GSM615322,8,2,expanded_score,0,0.33252125660348053
GSE25055,GSM615323,8,2,expanded_score,0,0.18098705340973434
GSE25055,GSM615324,8,0,expanded_score,1,0.7408144544529457
GSE25055,GSM615325,8,1,expanded_score,1,0.6306466036858455
GSE25055,GSM615326,8,1,expanded_score,0,0.5027281904246654
GSE25055,GSM615327,8,0,expanded_score,0,0.2743296460086934
GSE25055,GSM615328,8,3,expanded_score,0,0.022588301703625985
GSE25055,GSM615329,8,4,expanded_score,0,0.027717028343540912
GSE25055,GSM615330,8,3,expanded_score,0,0.0987638658925978
GSE25055,GSM615331,8,4,expanded_score,1,0.05162021511363241
GSE25055,GSM615332,8,3,expanded_score,0,0.08148594195815263
GSE25055,GSM615333,8,0,expanded_score,0,0.16104745624990388
GSE25055,GSM615334,8,0,expanded_score,1,0.4794427030936651
GSE25055,GSM615335,8,4,expanded_score,0,0.4027843809155392
GSE25055,GSM615336,8,2,expanded_score,1,0.5417272819030593
GSE25055,GSM615337,8,1,expanded_score,0,0.04264262916522617
GSE25055,GSM615338,8,3,expanded_score,1,0.3353357943889991
GSE25055,GSM615339,8,3,expanded_score,0,0.019449873582668843
GSE25055,GSM615340,8,2,expanded_score,0,0.054446091093122616
GSE25055,GSM615341,8,1,expanded_score,0,0.02674838249544044
GSE25055,GSM615342,8,2,expanded_score,0,0.16077451668307338
GSE25055,GSM615343,8,4,expanded_score,0,0.21579943868870768
GSE25055,GSM615344,8,3,expanded_score,0,0.17573850965561721
GSE25055,GSM615345,8,1,expanded_score,0,0.055867203277198456
GSE25055,GSM615346,8,0,expanded_score,0,0.5304167532926074
GSE25055,GSM615347,8,1,expanded_score,0,0.38977354894371125
GSE25055,GSM615348,8,1,expanded_score,0,0.36389649719995093
GSE25055,GSM615349,8,1,expanded_score,0,0.0340596840199403
GSE25055,GSM615350,8,4,expanded_score,0,0.14746023312827714
GSE25055,GSM615351,8,3,expanded_score,0,0.02985289109332163
GSE25055,GSM615352,8,0,expanded_score,0,0.004220035689151589
GSE25055,GSM615353,8,3,expanded_score,1,0.15160603369734627
GSE25055,GSM615354,8,3,expanded_score,1,0.30687146471593524
GSE25055,GSM615355,8,2,expanded_score,0,0.06548243797314786
GSE25055,GSM615356,8,4,expanded_score,0,0.20889478228343494
GSE25055,GSM615357,8,3,expanded_score,1,0.49999703842570586
GSE25055,GSM615358,8,4,expanded_score,0,0.012371917107892578
GSE25055,GSM615359,8,0,expanded_score,1,0.3546424231340157
GSE25055,GSM615360,8,4,expanded_score,0,0.04911134493697034
GSE25055,GSM615361,8,3,expanded_score,0,0.11062617185751518
GSE25055,GSM615362,8,1,expanded_score,0,0.011611987577323318
GSE25055,GSM615363,8,2,expanded_score,0,0.37036340409926705
GSE25055,GSM615364,8,4,expanded_score,0,0.5635110531556828
GSE25055,GSM615365,8,0,expanded_score,0,0.02385804728035748
GSE25055,GSM615366,8,1,expanded_score,0,0.01281325193600644
GSE25055,GSM615367,8,0,expanded_score,0,0.05136531151822469
GSE25055,GSM615368,8,0,expanded_score,0,0.6763517393347195
GSE25055,GSM615369,8,3,expanded_score,0,0.24607443553323746
GSE25055,GSM615370,8,2,expanded_score,0,0.07560787967110456
GSE25055,GSM615371,8,2,expanded_score,1,0.29941937164588256
GSE25055,GSM615372,8,2,expanded_score,0,0.5012329890353174
GSE25055,GSM615373,8,1,expanded_score,0,0.12201191850739512
GSE25055,GSM615374,8,1,expanded_score,0,0.005812291399943216
GSE25055,GSM615375,8,0,expanded_score,1,0.4547784285755168
GSE25055,GSM615376,8,2,expanded_score,0,0.1368168423179063
GSE25055,GSM615377,8,4,expanded_score,0,0.007914573001022607
GSE25055,GSM615378,8,2,expanded_score,0,0.452641422421819
GSE25055,GSM615379,8,3,expanded_score,1,0.13539804694575286
GSE25055,GSM615380,8,4,expanded_score,0,0.5568454374420982
GSE25055,GSM615381,8,0,expanded_score,0,0.011857311054063928
GSE25055,GSM615382,8,1,expanded_score,0,0.17508618008043728
GSE25055,GSM615383,8,2,expanded_score,1,0.02591847102508731
GSE25055,GSM615384,8,2,expanded_score,0,0.20161483653740853
GSE25055,GSM615385,8,1,expanded_score,0,0.051268054460629306
GSE25055,GSM615386,8,0,expanded_score,0,0.015188506028291776
GSE25055,GSM615387,8,4,expanded_score,0,0.3323851309845808
GSE25055,GSM615388,8,4,expanded_score,0,0.026084411680411094
GSE25055,GSM615389,8,4,expanded_score,0,0.04422116546614731
GSE25055,GSM615390,8,3,expanded_score,0,0.48930564198989995
GSE25055,GSM615391,8,1,expanded_score,0,0.034945778203894474
GSE25055,GSM615392,8,0,expanded_score,0,0.23349643409358317
GSE25055,GSM615393,8,0,expanded_score,1,0.26450107155346175
GSE25055,GSM615394,8,3,expanded_score,1,0.19629537104756287
GSE25055,GSM615395,8,2,expanded_score,0,0.027906816584170935
GSE25055,GSM615396,8,2,expanded_score,1,0.48795048590722534
GSE25055,GSM615397,8,1,expanded_score,1,0.2360858664482994
GSE25055,GSM615398,8,4,expanded_score,0,0.06407808029433193
GSE25055,GSM615399,8,0,expanded_score,0,0.018588011844365152
GSE25055,GSM615400,8,4,expanded_score,0,0.020709386339622576
GSE25055,GSM615401,8,4,expanded_score,0,0.05183752456984939
GSE25055,GSM615402,8,3,expanded_score,0,0.03107175494750122
GSE25055,GSM615403,8,1,expanded_score,0,0.16645372453245832
GSE25055,GSM615404,8,0,expanded_score,0,0.059840188946346705
GSE25055,GSM615405,8,1,expanded_score,0,0.41893797812175465
GSE25055,GSM615096,8,4,expanded_pam50,0,0.07360750319929885
GSE25055,GSM615097,8,2,expanded_pam50,0,0.037942962383574495
GSE25055,GSM615098,8,2,expanded_pam50,0,0.4148382976577151
GSE25055,GSM615099,8,1,expanded_pam50,1,0.4311006206127331
GSE25055,GSM615100,8,1,expanded_pam50,0,0.03309672281379298
GSE25055,GSM615101,8,2,expanded_pam50,0,0.2501539594993693
GSE25055,GSM615102,8,0,expanded_pam50,0,0.48073176288846287
GSE25055,GSM615104,8,4,expanded_pam50,0,0.3733186170716242
GSE25055,GSM615106,8,0,expanded_pam50,0,0.34074077568848077
GSE25055,GSM615107,8,2,expanded_pam50,0,0.44827274644525283
GSE25055,GSM615108,8,4,expanded_pam50,0,0.1852788929794079
GSE25055,GSM615109,8,3,expanded_pam50,0,0.3113287694514914
GSE25055,GSM615111,8,4,expanded_pam50,0,0.27648451168836435
GSE25055,GSM615112,8,0,expanded_pam50,0,0.2996690364054757
GSE25055,GSM615113,8,3,expanded_pam50,0,0.4569321535303991
GSE25055,GSM615114,8,1,expanded_pam50,0,0.03976439934958091
GSE25055,GSM615115,8,3,expanded_pam50,0,0.15795821597014925
GSE25055,GSM615116,8,1,expanded_pam50,0,0.766377628951578
GSE25055,GSM615117,8,0,expanded_pam50,0,0.1349614106258202
GSE25055,GSM615120,8,2,expanded_pam50,0,0.007424084037152988
GSE25055,GSM615121,8,0,expanded_pam50,0,0.14981091405866842
GSE25055,GSM615122,8,0,expanded_pam50,1,0.01979722672887284
GSE25055,GSM615123,8,0,expanded_pam50,1,0.10227521790166373
GSE25055,GSM615124,8,1,expanded_pam50,0,0.03974837646690509
GSE25055,GSM615125,8,2,expanded_pam50,0,0.055513023327658624
GSE25055,GSM615126,8,3,expanded_pam50,0,0.041934743518947645
GSE25055,GSM615127,8,0,expanded_pam50,0,0.030421434526540433
GSE25055,GSM615128,8,1,expanded_pam50,0,0.07963675103958107
GSE25055,GSM615129,8,2,expanded_pam50,0,0.1257271790251187
GSE25055,GSM615130,8,0,expanded_pam50,0,0.015727891707122903
GSE25055,GSM615131,8,3,expanded_pam50,0,0.06511281071645879
GSE25055,GSM615132,8,1,expanded_pam50,0,0.04118225022058752
GSE25055,GSM615133,8,2,expanded_pam50,0,0.011556088893128586
GSE25055,GSM615134,8,2,expanded_pam50,0,0.02395846476776564
GSE25055,GSM615135,8,1,expanded_pam50,0,0.286820797732498
GSE25055,GSM615136,8,4,expanded_pam50,0,0.3178239523084597
GSE25055,GSM615137,8,3,expanded_pam50,1,0.1815094549167191
GSE25055,GSM615138,8,2,expanded_pam50,0,0.1002316359150094
GSE25055,GSM615139,8,1,expanded_pam50,1,0.36218420753148906
GSE25055,GSM615140,8,2,expanded_pam50,1,0.01282097102405574
GSE25055,GSM615142,8,3,expanded_pam50,0,0.07630656800636187
GSE25055,GSM615143,8,1,expanded_pam50,1,0.2971360857653497
GSE25055,GSM615144,8,2,expanded_pam50,0,0.021271724488313198
GSE25055,GSM615145,8,1,expanded_pam50,0,0.33652157037203867
GSE25055,GSM615146,8,0,expanded_pam50,1,0.478004691836185
GSE25055,GSM615147,8,3,expanded_pam50,0,0.06693435421317748
GSE25055,GSM615148,8,2,expanded_pam50,0,0.4334441161224878
GSE25055,GSM615149,8,2,expanded_pam50,0,0.39884039072493105
GSE25055,GSM615150,8,0,expanded_pam50,0,0.016195288674025258
GSE25055,GSM615151,8,3,expanded_pam50,0,0.2027780172969522
GSE25055,GSM615153,8,4,expanded_pam50,0,0.03873215227089349
GSE25055,GSM615154,8,0,expanded_pam50,1,0.4957138386619093
GSE25055,GSM615155,8,0,expanded_pam50,0,0.09183249913518841
GSE25055,GSM615156,8,0,expanded_pam50,0,0.5054696909356385
GSE25055,GSM615157,8,0,expanded_pam50,0,0.06716988293008835
GSE25055,GSM615158,8,3,expanded_pam50,0,0.014842822137287036
GSE25055,GSM615159,8,1,expanded_pam50,0,0.25544124027119797
GSE25055,GSM615160,8,3,expanded_pam50,0,0.38992576618061003
GSE25055,GSM615162,8,0,expanded_pam50,0,0.005897185053584534
GSE25055,GSM615164,8,3,expanded_pam50,1,0.28372784381069704
GSE25055,GSM615165,8,4,expanded_pam50,0,0.04460563235575947
GSE25055,GSM615166,8,4,expanded_pam50,0,0.029431966580881402
GSE25055,GSM615167,8,1,expanded_pam50,1,0.1388095449603954
GSE25055,GSM615168,8,0,expanded_pam50,0,0.05948362962473568
GSE25055,GSM615169,8,4,expanded_pam50,0,0.3681837406013922
GSE25055,GSM615170,8,3,expanded_pam50,0,0.027381172940806386
GSE25055,GSM615171,8,3,expanded_pam50,1,0.45571065797424926
GSE25055,GSM615172,8,4,expanded_pam50,0,0.029674388264206927
GSE25055,GSM615173,8,4,expanded_pam50,0,0.148897142275754
GSE25055,GSM615174,8,3,expanded_pam50,0,0.14150887056455966
GSE25055,GSM615175,8,3,expanded_pam50,1,0.28239561112704176
GSE25055,GSM615176,8,4,expanded_pam50,0,0.015007114339293172
GSE25055,GSM615177,8,0,expanded_pam50,0,0.04145996190466992
GSE25055,GSM615178,8,4,expanded_pam50,0,0.4736143404456721
GSE25055,GSM615179,8,3,expanded_pam50,0,0.03306583679806515
GSE25055,GSM615180,8,2,expanded_pam50,0,0.02400041609633294
GSE25055,GSM615181,8,1,expanded_pam50,1,0.3471051053397086
GSE25055,GSM615182,8,1,expanded_pam50,0,0.33578880652938364
GSE25055,GSM615183,8,0,expanded_pam50,0,0.030404265780341826
GSE25055,GSM615184,8,3,expanded_pam50,0,0.30050501357266807
GSE25055,GSM615185,8,0,expanded_pam50,0,0.4966530603316752
GSE25055,GSM615186,8,0,expanded_pam50,1,0.008971699431810549
GSE25055,GSM615187,8,2,expanded_pam50,0,0.018672350149805544
GSE25055,GSM615188,8,4,expanded_pam50,0,0.1254086607911679
GSE25055,GSM615189,8,3,expanded_pam50,0,0.27665935034698425
GSE25055,GSM615190,8,2,expanded_pam50,0,0.5406143743641026
GSE25055,GSM615191,8,4,expanded_pam50,1,0.4370108427830985
GSE25055,GSM615192,8,3,expanded_pam50,0,0.03579241929631177
GSE25055,GSM615193,8,4,expanded_pam50,1,0.32039549065867573
GSE25055,GSM615194,8,1,expanded_pam50,1,0.3301056088260291
GSE25055,GSM615195,8,0,expanded_pam50,0,0.3106495319666758
GSE25055,GSM615196,8,2,expanded_pam50,0,0.09785589787913475
GSE25055,GSM615197,8,2,expanded_pam50,0,0.3000163198732797
GSE25055,GSM615198,8,2,expanded_pam50,0,0.024677171145294084
GSE25055,GSM615199,8,1,expanded_pam50,0,0.04329863403944461
GSE25055,GSM615200,8,1,expanded_pam50,0,0.2212475715038215
GSE25055,GSM615201,8,4,expanded_pam50,1,0.0673318660563382
GSE25055,GSM615202,8,2,expanded_pam50,1,0.3888856053956557
GSE25055,GSM615203,8,0,expanded_pam50,0,0.010424166112944068
GSE25055,GSM615204,8,4,expanded_pam50,0,0.05416848275810956
GSE25055,GSM615205,8,4,expanded_pam50,0,0.05751062870287528
GSE25055,GSM615206,8,0,expanded_pam50,0,0.0718212555489806
GSE25055,GSM615207,8,3,expanded_pam50,0,0.04125456764905533
GSE25055,GSM615208,8,1,expanded_pam50,0,0.03512641368353242
GSE25055,GSM615209,8,3,expanded_pam50,1,0.4038771835764959
GSE25055,GSM615210,8,4,expanded_pam50,0,0.042850412488477194
GSE25055,GSM615211,8,4,expanded_pam50,1,0.5172490383710258
GSE25055,GSM615212,8,1,expanded_pam50,1,0.4224232928072359
GSE25055,GSM615213,8,2,expanded_pam50,1,0.3342691276086773
GSE25055,GSM615214,8,3,expanded_pam50,0,0.05704444440635456
GSE25055,GSM615215,8,4,expanded_pam50,1,0.34148296557103514
GSE25055,GSM615216,8,0,expanded_pam50,0,0.03910660747005023
GSE25055,GSM615217,8,2,expanded_pam50,0,0.028788400184590786
GSE25055,GSM615218,8,2,expanded_pam50,0,0.23620665872468594
GSE25055,GSM615219,8,2,expanded_pam50,0,0.20034903807710824
GSE25055,GSM615220,8,3,expanded_pam50,0,0.1149966627627074
GSE25055,GSM615221,8,2,expanded_pam50,0,0.05412916748561196
GSE25055,GSM615222,8,3,expanded_pam50,0,0.03155474071357038
GSE25055,GSM615223,8,3,expanded_pam50,0,0.3176975616971565
GSE25055,GSM615224,8,1,expanded_pam50,0,0.03997944428433655
GSE25055,GSM615225,8,3,expanded_pam50,0,0.2364513908074871
GSE25055,GSM615226,8,2,expanded_pam50,0,0.016109037274183138
GSE25055,GSM615227,8,4,expanded_pam50,0,0.06838832060013536
GSE25055,GSM615228,8,4,expanded_pam50,0,0.17824836703891953
GSE25055,GSM615229,8,3,expanded_pam50,0,0.13614878524205254
GSE25055,GSM615230,8,2,expanded_pam50,0,0.21642020641658835
GSE25055,GSM615231,8,4,expanded_pam50,0,0.04260502846396652
GSE25055,GSM615232,8,1,expanded_pam50,0,0.03891525811639407
GSE25055,GSM615233,8,0,expanded_pam50,0,0.013676157823170988
GSE25055,GSM615234,8,0,expanded_pam50,0,0.23299398478539565
GSE25055,GSM615235,8,2,expanded_pam50,0,0.06359218321283379
GSE25055,GSM615236,8,1,expanded_pam50,0,0.0961532012562481
GSE25055,GSM615237,8,3,expanded_pam50,0,0.039350560788882764
GSE25055,GSM615238,8,1,expanded_pam50,0,0.09032506603374822
GSE25055,GSM615239,8,1,expanded_pam50,0,0.11169772466884917
GSE25055,GSM615240,8,2,expanded_pam50,1,0.4648180619530132
GSE25055,GSM615241,8,2,expanded_pam50,0,0.016292091143118508
GSE25055,GSM615242,8,2,expanded_pam50,1,0.3852569923606188
GSE25055,GSM615243,8,3,expanded_pam50,0,0.03873482697675889
GSE25055,GSM615244,8,2,expanded_pam50,0,0.5383516871205354
GSE25055,GSM615245,8,1,expanded_pam50,0,0.04388411353948887
GSE25055,GSM615246,8,1,expanded_pam50,0,0.04760580184297822
GSE25055,GSM615247,8,1,expanded_pam50,0,0.15107489232649246
GSE25055,GSM615248,8,1,expanded_pam50,0,0.15869165573808888
GSE25055,GSM615249,8,4,expanded_pam50,0,0.07838861830931296
GSE25055,GSM615250,8,1,expanded_pam50,0,0.42162800592679955
GSE25055,GSM615251,8,3,expanded_pam50,0,0.452049424668179
GSE25055,GSM615252,8,3,expanded_pam50,0,0.028680464598177628
GSE25055,GSM615253,8,2,expanded_pam50,0,0.12006564860921908
GSE25055,GSM615254,8,1,expanded_pam50,0,0.04020959852091141
GSE25055,GSM615255,8,4,expanded_pam50,0,0.3201968722989792
GSE25055,GSM615256,8,4,expanded_pam50,1,0.09444189186860674
GSE25055,GSM615257,8,3,expanded_pam50,0,0.025020044512195624
GSE25055,GSM615258,8,3,expanded_pam50,0,0.0774224642617889
GSE25055,GSM615259,8,0,expanded_pam50,0,0.017987539724900886
GSE25055,GSM615260,8,2,expanded_pam50,0,0.28978291822163355
GSE25055,GSM615261,8,3,expanded_pam50,0,0.047132791977186304
GSE25055,GSM615262,8,4,expanded_pam50,0,0.03886497320733906
GSE25055,GSM615263,8,2,expanded_pam50,1,0.1331832161496374
GSE25055,GSM615264,8,4,expanded_pam50,1,0.3394676194073056
GSE25055,GSM615265,8,1,expanded_pam50,0,0.2809681816577185
GSE25055,GSM615266,8,3,expanded_pam50,0,0.021883355054630113
GSE25055,GSM615267,8,3,expanded_pam50,0,0.05538105570590025
GSE25055,GSM615268,8,0,expanded_pam50,0,0.01847222782448402
GSE25055,GSM615269,8,3,expanded_pam50,0,0.07385539160627916
GSE25055,GSM615270,8,4,expanded_pam50,1,0.32420251076309736
GSE25055,GSM615271,8,1,expanded_pam50,0,0.06591150682370264
GSE25055,GSM615272,8,3,expanded_pam50,0,0.05183838169147618
GSE25055,GSM615273,8,2,expanded_pam50,0,0.03398059218375628
GSE25055,GSM615274,8,0,expanded_pam50,0,0.07107158808450618
GSE25055,GSM615275,8,4,expanded_pam50,0,0.14975996274512618
GSE25055,GSM615276,8,2,expanded_pam50,0,0.3413519139117148
GSE25055,GSM615277,8,2,expanded_pam50,0,0.03196206235302977
GSE25055,GSM615278,8,0,expanded_pam50,0,0.06224927450032453
GSE25055,GSM615279,8,0,expanded_pam50,0,0.04407895002210511
GSE25055,GSM615280,8,0,expanded_pam50,1,0.07298999623905321
GSE25055,GSM615281,8,4,expanded_pam50,0,0.05177842834938582
GSE25055,GSM615282,8,1,expanded_pam50,0,0.05885903607033283
GSE25055,GSM615283,8,4,expanded_pam50,0,0.05863017327900719
GSE25055,GSM615284,8,4,expanded_pam50,1,0.27795458342563933
GSE25055,GSM615285,8,0,expanded_pam50,0,0.06503961341370243
GSE25055,GSM615286,8,4,expanded_pam50,0,0.05403695864610553
GSE25055,GSM615287,8,0,expanded_pam50,0,0.17848106826921395
GSE25055,GSM615288,8,1,expanded_pam50,0,0.5135547255496117
GSE25055,GSM615289,8,3,expanded_pam50,0,0.0673961555957612
GSE25055,GSM615290,8,3,expanded_pam50,0,0.04960221726080049
GSE25055,GSM615291,8,1,expanded_pam50,1,0.4000738331237834
GSE25055,GSM615292,8,4,expanded_pam50,0,0.06289678599878963
GSE25055,GSM615293,8,1,expanded_pam50,1,0.44805086261690225
GSE25055,GSM615294,8,2,expanded_pam50,0,0.19589426037455268
GSE25055,GSM615295,8,0,expanded_pam50,0,0.20042390335360893
GSE25055,GSM615296,8,4,expanded_pam50,0,0.03132603306828652
GSE25055,GSM615297,8,1,expanded_pam50,0,0.40176032750960544
GSE25055,GSM615298,8,4,expanded_pam50,0,0.07090278517283337
GSE25055,GSM615299,8,0,expanded_pam50,0,0.03980450663861363
GSE25055,GSM615300,8,4,expanded_pam50,1,0.4171454608271472
GSE25055,GSM615301,8,0,expanded_pam50,0,0.21211718283065636
GSE25055,GSM615302,8,0,expanded_pam50,0,0.05879810519289408
GSE25055,GSM615303,8,0,expanded_pam50,0,0.19688631742865176
GSE25055,GSM615304,8,0,expanded_pam50,0,0.1610474722363584
GSE25055,GSM615305,8,3,expanded_pam50,0,0.07182347448920468
GSE25055,GSM615306,8,2,expanded_pam50,0,0.017062023748874205
GSE25055,GSM615307,8,0,expanded_pam50,1,0.5300193234983415
GSE25055,GSM615308,8,4,expanded_pam50,0,0.11973539468642683
GSE25055,GSM615309,8,1,expanded_pam50,0,0.08246056183270997
GSE25055,GSM615310,8,2,expanded_pam50,1,0.19340300078853212
GSE25055,GSM615311,8,2,expanded_pam50,0,0.035785745743648976
GSE25055,GSM615312,8,1,expanded_pam50,0,0.11704574457669371
GSE25055,GSM615313,8,0,expanded_pam50,0,0.03068411748291175
GSE25055,GSM615314,8,4,expanded_pam50,0,0.041427163028809964
GSE25055,GSM615315,8,4,expanded_pam50,0,0.34876493504151923
GSE25055,GSM615316,8,3,expanded_pam50,0,0.06538039144377507
GSE25055,GSM615317,8,3,expanded_pam50,0,0.4398849116390238
GSE25055,GSM615318,8,1,expanded_pam50,0,0.03060781030693292
GSE25055,GSM615319,8,1,expanded_pam50,0,0.3933518690768314
GSE25055,GSM615320,8,2,expanded_pam50,0,0.5280575689210171
GSE25055,GSM615321,8,0,expanded_pam50,0,0.4598973334679859
GSE25055,GSM615322,8,2,expanded_pam50,0,0.25981397132231104
GSE25055,GSM615323,8,2,expanded_pam50,0,0.27790913431049996
GSE25055,GSM615324,8,0,expanded_pam50,1,0.5834426207474032
GSE25055,GSM615325,8,1,expanded_pam50,1,0.501009612139318
GSE25055,GSM615326,8,1,expanded_pam50,0,0.29400054569762696
GSE25055,GSM615327,8,0,expanded_pam50,0,0.27338336826780657
GSE25055,GSM615328,8,3,expanded_pam50,0,0.029137980120311442
GSE25055,GSM615329,8,4,expanded_pam50,0,0.04138718809799528
GSE25055,GSM615330,8,3,expanded_pam50,0,0.2899415323360311
GSE25055,GSM615331,8,4,expanded_pam50,1,0.1426129587216586
GSE25055,GSM615332,8,3,expanded_pam50,0,0.056029298700750754
GSE25055,GSM615333,8,0,expanded_pam50,0,0.20424636381165343
GSE25055,GSM615334,8,0,expanded_pam50,1,0.30692546017624883
GSE25055,GSM615335,8,4,expanded_pam50,0,0.44412187285244026
GSE25055,GSM615336,8,2,expanded_pam50,1,0.4569507694470286
GSE25055,GSM615337,8,1,expanded_pam50,0,0.04103048286160265
GSE25055,GSM615338,8,3,expanded_pam50,1,0.3999321697207224
GSE25055,GSM615339,8,3,expanded_pam50,0,0.032032313969274716
GSE25055,GSM615340,8,2,expanded_pam50,0,0.1213094429271271
GSE25055,GSM615341,8,1,expanded_pam50,0,0.040755087781205755
GSE25055,GSM615342,8,2,expanded_pam50,0,0.2617990348259111
GSE25055,GSM615343,8,4,expanded_pam50,0,0.22522146767708046
GSE25055,GSM615344,8,3,expanded_pam50,0,0.36959662300393764
GSE25055,GSM615345,8,1,expanded_pam50,0,0.12454213612892076
GSE25055,GSM615346,8,0,expanded_pam50,0,0.49103173138385126
GSE25055,GSM615347,8,1,expanded_pam50,0,0.3819322557442571
GSE25055,GSM615348,8,1,expanded_pam50,0,0.37651758673563235
GSE25055,GSM615349,8,1,expanded_pam50,0,0.04052194306121775
GSE25055,GSM615350,8,4,expanded_pam50,0,0.19533752056150577
GSE25055,GSM615351,8,3,expanded_pam50,0,0.016512836497701355
GSE25055,GSM615352,8,0,expanded_pam50,0,0.00591388496497985
GSE25055,GSM615353,8,3,expanded_pam50,1,0.18120647995692452
GSE25055,GSM615354,8,3,expanded_pam50,1,0.27174450729836547
GSE25055,GSM615355,8,2,expanded_pam50,0,0.03356099340268012
GSE25055,GSM615356,8,4,expanded_pam50,0,0.2662783370253307
GSE25055,GSM615357,8,3,expanded_pam50,1,0.41578511196767787
GSE25055,GSM615358,8,4,expanded_pam50,0,0.016068595037502263
GSE25055,GSM615359,8,0,expanded_pam50,1,0.24222823995312984
GSE25055,GSM615360,8,4,expanded_pam50,0,0.05671386431355296
GSE25055,GSM615361,8,3,expanded_pam50,0,0.1501251893258054
GSE25055,GSM615362,8,1,expanded_pam50,0,0.013857704092489789
GSE25055,GSM615363,8,2,expanded_pam50,0,0.5484672955234705
GSE25055,GSM615364,8,4,expanded_pam50,0,0.5218275292225968
GSE25055,GSM615365,8,0,expanded_pam50,0,0.019551026006729047
GSE25055,GSM615366,8,1,expanded_pam50,0,0.014232196497232546
GSE25055,GSM615367,8,0,expanded_pam50,0,0.07658257159893331
GSE25055,GSM615368,8,0,expanded_pam50,0,0.5455388048518598
GSE25055,GSM615369,8,3,expanded_pam50,0,0.42779218072728525
GSE25055,GSM615370,8,2,expanded_pam50,0,0.04688875091536438
GSE25055,GSM615371,8,2,expanded_pam50,1,0.32244250745051606
GSE25055,GSM615372,8,2,expanded_pam50,0,0.5359408863614565
GSE25055,GSM615373,8,1,expanded_pam50,0,0.09032506603374822
GSE25055,GSM615374,8,1,expanded_pam50,0,0.010051863168840259
GSE25055,GSM615375,8,0,expanded_pam50,1,0.2479629068686411
GSE25055,GSM615376,8,2,expanded_pam50,0,0.23410105774881193
GSE25055,GSM615377,8,4,expanded_pam50,0,0.020704544225534235
GSE25055,GSM615378,8,2,expanded_pam50,0,0.5201602330511286
GSE25055,GSM615379,8,3,expanded_pam50,1,0.23057667424907263
GSE25055,GSM615380,8,4,expanded_pam50,0,0.4020458043718018
GSE25055,GSM615381,8,0,expanded_pam50,0,0.021666788925802857
GSE25055,GSM615382,8,1,expanded_pam50,0,0.4036998779695495
GSE25055,GSM615383,8,2,expanded_pam50,1,0.029687036161506388
GSE25055,GSM615384,8,2,expanded_pam50,0,0.30669982638565485
GSE25055,GSM615385,8,1,expanded_pam50,0,0.16329709102023884
GSE25055,GSM615386,8,0,expanded_pam50,0,0.024210876972172644
GSE25055,GSM615387,8,4,expanded_pam50,0,0.5034992536652795
GSE25055,GSM615388,8,4,expanded_pam50,0,0.029356793717224234
GSE25055,GSM615389,8,4,expanded_pam50,0,0.03553169556229788
GSE25055,GSM615390,8,3,expanded_pam50,0,0.4439324693663314
GSE25055,GSM615391,8,1,expanded_pam50,0,0.07687579239382589
GSE25055,GSM615392,8,0,expanded_pam50,0,0.2043963488555238
GSE25055,GSM615393,8,0,expanded_pam50,1,0.36968817351478417
GSE25055,GSM615394,8,3,expanded_pam50,1,0.29028190393274755
GSE25055,GSM615395,8,2,expanded_pam50,0,0.03237320701470897
GSE25055,GSM615396,8,2,expanded_pam50,1,0.4939995530026176
GSE25055,GSM615397,8,1,expanded_pam50,1,0.18580773344556026
GSE25055,GSM615398,8,4,expanded_pam50,0,0.06257467639101597
GSE25055,GSM615399,8,0,expanded_pam50,0,0.014633038349055336
GSE25055,GSM615400,8,4,expanded_pam50,0,0.021497586834060216
GSE25055,GSM615401,8,4,expanded_pam50,0,0.04735049037185978
GSE25055,GSM615402,8,3,expanded_pam50,0,0.02822364486223139
GSE25055,GSM615403,8,1,expanded_pam50,0,0.11690938924749289
GSE25055,GSM615404,8,0,expanded_pam50,0,0.09471289579715685
GSE25055,GSM615405,8,1,expanded_pam50,0,0.23657851743273273
GSE25055,GSM615096,8,4,expanded_pam50_score,0,0.05442144794324916
GSE25055,GSM615097,8,2,expanded_pam50_score,0,0.029489689253597857
GSE25055,GSM615098,8,2,expanded_pam50_score,0,0.437989017636385
GSE25055,GSM615099,8,1,expanded_pam50_score,1,0.5810058910104227
GSE25055,GSM615100,8,1,expanded_pam50_score,0,0.06717195512629319
GSE25055,GSM615101,8,2,expanded_pam50_score,0,0.29364398684665527
GSE25055,GSM615102,8,0,expanded_pam50_score,0,0.49654400759741985
GSE25055,GSM615104,8,4,expanded_pam50_score,0,0.2974379633278172
GSE25055,GSM615106,8,0,expanded_pam50_score,0,0.2299081369680392
GSE25055,GSM615107,8,2,expanded_pam50_score,0,0.4396424308657651
GSE25055,GSM615108,8,4,expanded_pam50_score,0,0.21446572289149135
GSE25055,GSM615109,8,3,expanded_pam50_score,0,0.4054595393364688
GSE25055,GSM615111,8,4,expanded_pam50_score,0,0.1865688891032968
GSE25055,GSM615112,8,0,expanded_pam50_score,0,0.3525634020549265
GSE25055,GSM615113,8,3,expanded_pam50_score,0,0.46499588020257826
GSE25055,GSM615114,8,1,expanded_pam50_score,0,0.03215701951121776
GSE25055,GSM615115,8,3,expanded_pam50_score,0,0.15400204261009784
GSE25055,GSM615116,8,1,expanded_pam50_score,0,0.6160331518050791
GSE25055,GSM615117,8,0,expanded_pam50_score,0,0.17710899709336494
GSE25055,GSM615120,8,2,expanded_pam50_score,0,0.006977889158272617
GSE25055,GSM615121,8,0,expanded_pam50_score,0,0.08682827233051023
GSE25055,GSM615122,8,0,expanded_pam50_score,1,0.013165922394577818
GSE25055,GSM615123,8,0,expanded_pam50_score,1,0.18526507415109175
GSE25055,GSM615124,8,1,expanded_pam50_score,0,0.03268779860746799
GSE25055,GSM615125,8,2,expanded_pam50_score,0,0.04269211100129647
GSE25055,GSM615126,8,3,expanded_pam50_score,0,0.04614860757559691
GSE25055,GSM615127,8,0,expanded_pam50_score,0,0.03457706934104211
GSE25055,GSM615128,8,1,expanded_pam50_score,0,0.0400641038402809
GSE25055,GSM615129,8,2,expanded_pam50_score,0,0.08857035194780237
GSE25055,GSM615130,8,0,expanded_pam50_score,0,0.010378813836232736
GSE25055,GSM615131,8,3,expanded_pam50_score,0,0.05232024741382998
GSE25055,GSM615132,8,1,expanded_pam50_score,0,0.03626720612362024
GSE25055,GSM615133,8,2,expanded_pam50_score,0,0.011476963788373795
GSE25055,GSM615134,8,2,expanded_pam50_score,0,0.02116573835764376
GSE25055,GSM615135,8,1,expanded_pam50_score,0,0.2613062276918623
GSE25055,GSM615136,8,4,expanded_pam50_score,0,0.3566136309794598
GSE25055,GSM615137,8,3,expanded_pam50_score,1,0.13008636569195267
GSE25055,GSM615138,8,2,expanded_pam50_score,0,0.08958267913701483
GSE25055,GSM615139,8,1,expanded_pam50_score,1,0.6120727838816454
GSE25055,GSM615140,8,2,expanded_pam50_score,1,0.017625323338057636
GSE25055,GSM615142,8,3,expanded_pam50_score,0,0.05383459045795549
GSE25055,GSM615143,8,1,expanded_pam50_score,1,0.25260178294390695
GSE25055,GSM615144,8,2,expanded_pam50_score,0,0.023275384486895614
GSE25055,GSM615145,8,1,expanded_pam50_score,0,0.6089557837844345
GSE25055,GSM615146,8,0,expanded_pam50_score,1,0.4486670865089678
GSE25055,GSM615147,8,3,expanded_pam50_score,0,0.048250856763553326
GSE25055,GSM615148,8,2,expanded_pam50_score,0,0.40484478476579433
GSE25055,GSM615149,8,2,expanded_pam50_score,0,0.31154122510098825
GSE25055,GSM615150,8,0,expanded_pam50_score,0,0.011137996524422057
GSE25055,GSM615151,8,3,expanded_pam50_score,0,0.2751597183297923
GSE25055,GSM615153,8,4,expanded_pam50_score,0,0.04944896151652348
GSE25055,GSM615154,8,0,expanded_pam50_score,1,0.41329768208501605
GSE25055,GSM615155,8,0,expanded_pam50_score,0,0.1071528678376027
GSE25055,GSM615156,8,0,expanded_pam50_score,0,0.41179921129975683
GSE25055,GSM615157,8,0,expanded_pam50_score,0,0.034365554557193076
GSE25055,GSM615158,8,3,expanded_pam50_score,0,0.020623442741032685
GSE25055,GSM615159,8,1,expanded_pam50_score,0,0.10222824307121886
GSE25055,GSM615160,8,3,expanded_pam50_score,0,0.3263153891128248
GSE25055,GSM615162,8,0,expanded_pam50_score,0,0.004985769805620832
GSE25055,GSM615164,8,3,expanded_pam50_score,1,0.44721898772872726
GSE25055,GSM615165,8,4,expanded_pam50_score,0,0.046710169576415245
GSE25055,GSM615166,8,4,expanded_pam50_score,0,0.053927730829012865
GSE25055,GSM615167,8,1,expanded_pam50_score,1,0.08758296394622685
GSE25055,GSM615168,8,0,expanded_pam50_score,0,0.03469663781012594
GSE25055,GSM615169,8,4,expanded_pam50_score,0,0.35882899940275087
GSE25055,GSM615170,8,3,expanded_pam50_score,0,0.02233295747855853
GSE25055,GSM615171,8,3,expanded_pam50_score,1,0.3140167784458091
GSE25055,GSM615172,8,4,expanded_pam50_score,0,0.0249630219910194
GSE25055,GSM615173,8,4,expanded_pam50_score,0,0.07950460378179725
GSE25055,GSM615174,8,3,expanded_pam50_score,0,0.1310708963830955
GSE25055,GSM615175,8,3,expanded_pam50_score,1,0.3420018529986076
GSE25055,GSM615176,8,4,expanded_pam50_score,0,0.018444916406226218
GSE25055,GSM615177,8,0,expanded_pam50_score,0,0.03751911076625033
GSE25055,GSM615178,8,4,expanded_pam50_score,0,0.37617364254912594
GSE25055,GSM615179,8,3,expanded_pam50_score,0,0.04153996504731307
GSE25055,GSM615180,8,2,expanded_pam50_score,0,0.03240235120264276
GSE25055,GSM615181,8,1,expanded_pam50_score,1,0.33870898572150165
GSE25055,GSM615182,8,1,expanded_pam50_score,0,0.3829399662261121
GSE25055,GSM615183,8,0,expanded_pam50_score,0,0.02090621652422096
GSE25055,GSM615184,8,3,expanded_pam50_score,0,0.4682594977396794
GSE25055,GSM615185,8,0,expanded_pam50_score,0,0.4178838899268177
GSE25055,GSM615186,8,0,expanded_pam50_score,1,0.009396222726901953
GSE25055,GSM615187,8,2,expanded_pam50_score,0,0.028998247036529465
GSE25055,GSM615188,8,4,expanded_pam50_score,0,0.1512063598248667
GSE25055,GSM615189,8,3,expanded_pam50_score,0,0.21061078600305172
GSE25055,GSM615190,8,2,expanded_pam50_score,0,0.5326077726797761
GSE25055,GSM615191,8,4,expanded_pam50_score,1,0.6054110582009234
GSE25055,GSM615192,8,3,expanded_pam50_score,0,0.032948626633116776
GSE25055,GSM615193,8,4,expanded_pam50_score,1,0.36850967449189614
GSE25055,GSM615194,8,1,expanded_pam50_score,1,0.4431904461765851
GSE25055,GSM615195,8,0,expanded_pam50_score,0,0.4320907012953906
GSE25055,GSM615196,8,2,expanded_pam50_score,0,0.14074794820523376
GSE25055,GSM615197,8,2,expanded_pam50_score,0,0.35112158639506047
GSE25055,GSM615198,8,2,expanded_pam50_score,0,0.020306674645550707
GSE25055,GSM615199,8,1,expanded_pam50_score,0,0.05604801544569634
GSE25055,GSM615200,8,1,expanded_pam50_score,0,0.3692548974513228
GSE25055,GSM615201,8,4,expanded_pam50_score,1,0.10702138083559673
GSE25055,GSM615202,8,2,expanded_pam50_score,1,0.4937618291076294
GSE25055,GSM615203,8,0,expanded_pam50_score,0,0.005570212804008697
GSE25055,GSM615204,8,4,expanded_pam50_score,0,0.034376759126206746
GSE25055,GSM615205,8,4,expanded_pam50_score,0,0.05297451990589263
GSE25055,GSM615206,8,0,expanded_pam50_score,0,0.03985726403112681
GSE25055,GSM615207,8,3,expanded_pam50_score,0,0.028664493831106343
GSE25055,GSM615208,8,1,expanded_pam50_score,0,0.02745392586874058
GSE25055,GSM615209,8,3,expanded_pam50_score,1,0.504912691186634
GSE25055,GSM615210,8,4,expanded_pam50_score,0,0.024117644945897933
GSE25055,GSM615211,8,4,expanded_pam50_score,1,0.6591338375968362
GSE25055,GSM615212,8,1,expanded_pam50_score,1,0.20571137002035272
GSE25055,GSM615213,8,2,expanded_pam50_score,1,0.3461315712129702
GSE25055,GSM615214,8,3,expanded_pam50_score,0,0.024579099883810372
GSE25055,GSM615215,8,4,expanded_pam50_score,1,0.2568221448702161
GSE25055,GSM615216,8,0,expanded_pam50_score,0,0.05010936882405263
GSE25055,GSM615217,8,2,expanded_pam50_score,0,0.030940563230611225
GSE25055,GSM615218,8,2,expanded_pam50_score,0,0.19421822612585266
GSE25055,GSM615219,8,2,expanded_pam50_score,0,0.16082390671780059
GSE25055,GSM615220,8,3,expanded_pam50_score,0,0.02829855591768687
GSE25055,GSM615221,8,2,expanded_pam50_score,0,0.05059574333341303
GSE25055,GSM615222,8,3,expanded_pam50_score,0,0.017885303051288267
GSE25055,GSM615223,8,3,expanded_pam50_score,0,0.14186988689587937
GSE25055,GSM615224,8,1,expanded_pam50_score,0,0.012953010025681647
GSE25055,GSM615225,8,3,expanded_pam50_score,0,0.187333375315131
GSE25055,GSM615226,8,2,expanded_pam50_score,0,0.012369779032380296
GSE25055,GSM615227,8,4,expanded_pam50_score,0,0.08854221572133371
GSE25055,GSM615228,8,4,expanded_pam50_score,0,0.15516424759750166
GSE25055,GSM615229,8,3,expanded_pam50_score,0,0.052666387333698786
GSE25055,GSM615230,8,2,expanded_pam50_score,0,0.08556251511806
GSE25055,GSM615231,8,4,expanded_pam50_score,0,0.02615953447530971
GSE25055,GSM615232,8,1,expanded_pam50_score,0,0.019775722561137975
GSE25055,GSM615233,8,0,expanded_pam50_score,0,0.00946166219602298
GSE25055,GSM615234,8,0,expanded_pam50_score,0,0.15942174576360207
GSE25055,GSM615235,8,2,expanded_pam50_score,0,0.12103978512846544
GSE25055,GSM615236,8,1,expanded_pam50_score,0,0.09744412945634937
GSE25055,GSM615237,8,3,expanded_pam50_score,0,0.02754778071335732
GSE25055,GSM615238,8,1,expanded_pam50_score,0,0.03636439192266738
GSE25055,GSM615239,8,1,expanded_pam50_score,0,0.14117232257091697
GSE25055,GSM615240,8,2,expanded_pam50_score,1,0.23021937621605185
GSE25055,GSM615241,8,2,expanded_pam50_score,0,0.020464245313454404
GSE25055,GSM615242,8,2,expanded_pam50_score,1,0.4062376249619166
GSE25055,GSM615243,8,3,expanded_pam50_score,0,0.025704220097678206
GSE25055,GSM615244,8,2,expanded_pam50_score,0,0.31815031310793257
GSE25055,GSM615245,8,1,expanded_pam50_score,0,0.09346567895785507
GSE25055,GSM615246,8,1,expanded_pam50_score,0,0.0700559179653077
GSE25055,GSM615247,8,1,expanded_pam50_score,0,0.15363664144098288
GSE25055,GSM615248,8,1,expanded_pam50_score,0,0.2845641406093806
GSE25055,GSM615249,8,4,expanded_pam50_score,0,0.03365142404992799
GSE25055,GSM615250,8,1,expanded_pam50_score,0,0.5445640128978699
GSE25055,GSM615251,8,3,expanded_pam50_score,0,0.4621526671805988
GSE25055,GSM615252,8,3,expanded_pam50_score,0,0.015815096033269714
GSE25055,GSM615253,8,2,expanded_pam50_score,0,0.12170325523559078
GSE25055,GSM615254,8,1,expanded_pam50_score,0,0.03171895790372402
GSE25055,GSM615255,8,4,expanded_pam50_score,0,0.2528946635843323
GSE25055,GSM615256,8,4,expanded_pam50_score,1,0.12114794834174196
GSE25055,GSM615257,8,3,expanded_pam50_score,0,0.012232772834003501
GSE25055,GSM615258,8,3,expanded_pam50_score,0,0.10424745223083452
GSE25055,GSM615259,8,0,expanded_pam50_score,0,0.012521863243189503
GSE25055,GSM615260,8,2,expanded_pam50_score,0,0.39326137788297433
GSE25055,GSM615261,8,3,expanded_pam50_score,0,0.05424683577195189
GSE25055,GSM615262,8,4,expanded_pam50_score,0,0.030607121919442988
GSE25055,GSM615263,8,2,expanded_pam50_score,1,0.20052650708473338
GSE25055,GSM615264,8,4,expanded_pam50_score,1,0.18982737313298556
GSE25055,GSM615265,8,1,expanded_pam50_score,0,0.1799190876008155
GSE25055,GSM615266,8,3,expanded_pam50_score,0,0.04088138996600287
GSE25055,GSM615267,8,3,expanded_pam50_score,0,0.05615081553342699
GSE25055,GSM615268,8,0,expanded_pam50_score,0,0.023853310717676587
GSE25055,GSM615269,8,3,expanded_pam50_score,0,0.05440318603343335
GSE25055,GSM615270,8,4,expanded_pam50_score,1,0.4480905654671793
GSE25055,GSM615271,8,1,expanded_pam50_score,0,0.12537262493499354
GSE25055,GSM615272,8,3,expanded_pam50_score,0,0.03521984285663426
GSE25055,GSM615273,8,2,expanded_pam50_score,0,0.05034488211909906
GSE25055,GSM615274,8,0,expanded_pam50_score,0,0.11869803128442408
GSE25055,GSM615275,8,4,expanded_pam50_score,0,0.27865128082379004
GSE25055,GSM615276,8,2,expanded_pam50_score,0,0.26505882346694093
GSE25055,GSM615277,8,2,expanded_pam50_score,0,0.03608824099407116
GSE25055,GSM615278,8,0,expanded_pam50_score,0,0.052309768206725796
GSE25055,GSM615279,8,0,expanded_pam50_score,0,0.036535934884195466
GSE25055,GSM615280,8,0,expanded_pam50_score,1,0.0832578974829698
GSE25055,GSM615281,8,4,expanded_pam50_score,0,0.05799049417273277
GSE25055,GSM615282,8,1,expanded_pam50_score,0,0.06199321931254091
GSE25055,GSM615283,8,4,expanded_pam50_score,0,0.09159254823327137
GSE25055,GSM615284,8,4,expanded_pam50_score,1,0.31631767367715186
GSE25055,GSM615285,8,0,expanded_pam50_score,0,0.03639492088089564
GSE25055,GSM615286,8,4,expanded_pam50_score,0,0.10562613926677224
GSE25055,GSM615287,8,0,expanded_pam50_score,0,0.2212263511874145
GSE25055,GSM615288,8,1,expanded_pam50_score,0,0.559581698796318
GSE25055,GSM615289,8,3,expanded_pam50_score,0,0.15106284680904528
GSE25055,GSM615290,8,3,expanded_pam50_score,0,0.1247998813036128
GSE25055,GSM615291,8,1,expanded_pam50_score,1,0.3610947493647877
GSE25055,GSM615292,8,4,expanded_pam50_score,0,0.06708345151516161
GSE25055,GSM615293,8,1,expanded_pam50_score,1,0.6859038146209928
GSE25055,GSM615294,8,2,expanded_pam50_score,0,0.2577369932972781
GSE25055,GSM615295,8,0,expanded_pam50_score,0,0.14659876402377245
GSE25055,GSM615296,8,4,expanded_pam50_score,0,0.04166654256864835
GSE25055,GSM615297,8,1,expanded_pam50_score,0,0.5374389752733015
GSE25055,GSM615298,8,4,expanded_pam50_score,0,0.07158206951416607
GSE25055,GSM615299,8,0,expanded_pam50_score,0,0.02439218774264558
GSE25055,GSM615300,8,4,expanded_pam50_score,1,0.29376089115545895
GSE25055,GSM615301,8,0,expanded_pam50_score,0,0.20782388633836946
GSE25055,GSM615302,8,0,expanded_pam50_score,0,0.05088890003984613
GSE25055,GSM615303,8,0,expanded_pam50_score,0,0.19974543264426853
GSE25055,GSM615304,8,0,expanded_pam50_score,0,0.08330695303019839
GSE25055,GSM615305,8,3,expanded_pam50_score,0,0.06471631916106628
GSE25055,GSM615306,8,2,expanded_pam50_score,0,0.014769665631695059
GSE25055,GSM615307,8,0,expanded_pam50_score,1,0.7201847126796279
GSE25055,GSM615308,8,4,expanded_pam50_score,0,0.055935966864687825
GSE25055,GSM615309,8,1,expanded_pam50_score,0,0.0527867991001031
GSE25055,GSM615310,8,2,expanded_pam50_score,1,0.3707555015198303
GSE25055,GSM615311,8,2,expanded_pam50_score,0,0.02256872054303932
GSE25055,GSM615312,8,1,expanded_pam50_score,0,0.0981256546086621
GSE25055,GSM615313,8,0,expanded_pam50_score,0,0.023904208169797728
GSE25055,GSM615314,8,4,expanded_pam50_score,0,0.026345035968988212
GSE25055,GSM615315,8,4,expanded_pam50_score,0,0.4544718455594193
GSE25055,GSM615316,8,3,expanded_pam50_score,0,0.026563109274985685
GSE25055,GSM615317,8,3,expanded_pam50_score,0,0.4528485429259548
GSE25055,GSM615318,8,1,expanded_pam50_score,0,0.02136827602124729
GSE25055,GSM615319,8,1,expanded_pam50_score,0,0.26138981448317505
GSE25055,GSM615320,8,2,expanded_pam50_score,0,0.6210886727882854
GSE25055,GSM615321,8,0,expanded_pam50_score,0,0.4582379159119601
GSE25055,GSM615322,8,2,expanded_pam50_score,0,0.32560233325546895
GSE25055,GSM615323,8,2,expanded_pam50_score,0,0.16151330821390728
GSE25055,GSM615324,8,0,expanded_pam50_score,1,0.7442305744731255
GSE25055,GSM615325,8,1,expanded_pam50_score,1,0.62714437844926
GSE25055,GSM615326,8,1,expanded_pam50_score,0,0.5401476454367735
GSE25055,GSM615327,8,0,expanded_pam50_score,0,0.288959278171693
GSE25055,GSM615328,8,3,expanded_pam50_score,0,0.02102869521930714
GSE25055,GSM615329,8,4,expanded_pam50_score,0,0.02688405274180375
GSE25055,GSM615330,8,3,expanded_pam50_score,0,0.10144517995343953
GSE25055,GSM615331,8,4,expanded_pam50_score,1,0.06391538183325801
GSE25055,GSM615332,8,3,expanded_pam50_score,0,0.08127931301228179
GSE25055,GSM615333,8,0,expanded_pam50_score,0,0.2006885033056296
GSE25055,GSM615334,8,0,expanded_pam50_score,1,0.4893234945800015
GSE25055,GSM615335,8,4,expanded_pam50_score,0,0.4183202144056932
GSE25055,GSM615336,8,2,expanded_pam50_score,1,0.5383693649792078
GSE25055,GSM615337,8,1,expanded_pam50_score,0,0.041547649846902325
GSE25055,GSM615338,8,3,expanded_pam50_score,1,0.34204939079690366
GSE25055,GSM615339,8,3,expanded_pam50_score,0,0.018355678662303684
GSE25055,GSM615340,8,2,expanded_pam50_score,0,0.06436112076667522
GSE25055,GSM615341,8,1,expanded_pam50_score,0,0.02650421856702858
GSE25055,GSM615342,8,2,expanded_pam50_score,0,0.16226941122749286
GSE25055,GSM615343,8,4,expanded_pam50_score,0,0.20950047361213028
GSE25055,GSM615344,8,3,expanded_pam50_score,0,0.21620116582660104
GSE25055,GSM615345,8,1,expanded_pam50_score,0,0.047513019276508896
GSE25055,GSM615346,8,0,expanded_pam50_score,0,0.533402435838505
GSE25055,GSM615347,8,1,expanded_pam50_score,0,0.402127310933517
GSE25055,GSM615348,8,1,expanded_pam50_score,0,0.37271827933537927
GSE25055,GSM615349,8,1,expanded_pam50_score,0,0.034556243095812955
GSE25055,GSM615350,8,4,expanded_pam50_score,0,0.1387839040647548
GSE25055,GSM615351,8,3,expanded_pam50_score,0,0.02861318030792256
GSE25055,GSM615352,8,0,expanded_pam50_score,0,0.0039048443299183233
GSE25055,GSM615353,8,3,expanded_pam50_score,1,0.15010402990882038
GSE25055,GSM615354,8,3,expanded_pam50_score,1,0.3140399338351227
GSE25055,GSM615355,8,2,expanded_pam50_score,0,0.04970883492404404
GSE25055,GSM615356,8,4,expanded_pam50_score,0,0.18470297065204905
GSE25055,GSM615357,8,3,expanded_pam50_score,1,0.5065227115529441
GSE25055,GSM615358,8,4,expanded_pam50_score,0,0.012781772579346973
GSE25055,GSM615359,8,0,expanded_pam50_score,1,0.35602289181874897
GSE25055,GSM615360,8,4,expanded_pam50_score,0,0.05069458006412663
GSE25055,GSM615361,8,3,expanded_pam50_score,0,0.15307976279854107
GSE25055,GSM615362,8,1,expanded_pam50_score,0,0.012038962749823703
GSE25055,GSM615363,8,2,expanded_pam50_score,0,0.39062132115004755
GSE25055,GSM615364,8,4,expanded_pam50_score,0,0.5650903120491348
GSE25055,GSM615365,8,0,expanded_pam50_score,0,0.01874108829759199
GSE25055,GSM615366,8,1,expanded_pam50_score,0,0.012797872339586533
GSE25055,GSM615367,8,0,expanded_pam50_score,0,0.05770728074231192
GSE25055,GSM615368,8,0,expanded_pam50_score,0,0.6643535756210818
GSE25055,GSM615369,8,3,expanded_pam50_score,0,0.24925227960039023
GSE25055,GSM615370,8,2,expanded_pam50_score,0,0.05814719887438454
GSE25055,GSM615371,8,2,expanded_pam50_score,1,0.30744734232131876
GSE25055,GSM615372,8,2,expanded_pam50_score,0,0.5072574030707782
GSE25055,GSM615373,8,1,expanded_pam50_score,0,0.11290470448049872
GSE25055,GSM615374,8,1,expanded_pam50_score,0,0.006134256988354091
GSE25055,GSM615375,8,0,expanded_pam50_score,1,0.5043755417063477
GSE25055,GSM615376,8,2,expanded_pam50_score,0,0.1576531334975973
GSE25055,GSM615377,8,4,expanded_pam50_score,0,0.008023739949934997
GSE25055,GSM615378,8,2,expanded_pam50_score,0,0.46189235564235837
GSE25055,GSM615379,8,3,expanded_pam50_score,1,0.13762858509967513
GSE25055,GSM615380,8,4,expanded_pam50_score,0,0.5586425357639874
GSE25055,GSM615381,8,0,expanded_pam50_score,0,0.008489069749328015
GSE25055,GSM615382,8,1,expanded_pam50_score,0,0.18824137946734015
GSE25055,GSM615383,8,2,expanded_pam50_score,1,0.021044064903945926
GSE25055,GSM615384,8,2,expanded_pam50_score,0,0.21209761592818513
GSE25055,GSM615385,8,1,expanded_pam50_score,0,0.05493195341729914
GSE25055,GSM615386,8,0,expanded_pam50_score,0,0.011737362698936077
GSE25055,GSM615387,8,4,expanded_pam50_score,0,0.33948695004190493
GSE25055,GSM615388,8,4,expanded_pam50_score,0,0.024848008143746228
GSE25055,GSM615389,8,4,expanded_pam50_score,0,0.045882756196577744
GSE25055,GSM615390,8,3,expanded_pam50_score,0,0.4929702406862531
GSE25055,GSM615391,8,1,expanded_pam50_score,0,0.034475186593413025
GSE25055,GSM615392,8,0,expanded_pam50_score,0,0.24646266491002838
GSE25055,GSM615393,8,0,expanded_pam50_score,1,0.2718586386441979
GSE25055,GSM615394,8,3,expanded_pam50_score,1,0.1985681690465173
GSE25055,GSM615395,8,2,expanded_pam50_score,0,0.021906097005341404
GSE25055,GSM615396,8,2,expanded_pam50_score,1,0.4879777468141592
GSE25055,GSM615397,8,1,expanded_pam50_score,1,0.24024987566335848
GSE25055,GSM615398,8,4,expanded_pam50_score,0,0.06331150717195157
GSE25055,GSM615399,8,0,expanded_pam50_score,0,0.013864682831955613
GSE25055,GSM615400,8,4,expanded_pam50_score,0,0.021522752092828553
GSE25055,GSM615401,8,4,expanded_pam50_score,0,0.05292957048632201
GSE25055,GSM615402,8,3,expanded_pam50_score,0,0.029069256315618706
GSE25055,GSM615403,8,1,expanded_pam50_score,0,0.16925351019417392
GSE25055,GSM615404,8,0,expanded_pam50_score,0,0.07143027512423927
GSE25055,GSM615405,8,1,expanded_pam50_score,0,0.3967543958221712
GSE25055,GSM615096,9,2,expanded,0,0.05983970499641607
GSE25055,GSM615097,9,0,expanded,0,0.036014939238842525
GSE25055,GSM615098,9,4,expanded,0,0.31895928052202493
GSE25055,GSM615099,9,1,expanded,1,0.46793050729519364
GSE25055,GSM615100,9,3,expanded,0,0.045868575052888036
GSE25055,GSM615101,9,0,expanded,0,0.2126518121519923
GSE25055,GSM615102,9,3,expanded,0,0.453877661978646
GSE25055,GSM615104,9,3,expanded,0,0.3743337947805331
GSE25055,GSM615106,9,4,expanded,0,0.14287529804239169
GSE25055,GSM615107,9,2,expanded,0,0.369919507866083
GSE25055,GSM615108,9,4,expanded,0,0.24985813166220563
GSE25055,GSM615109,9,1,expanded,0,0.26141443866743796
GSE25055,GSM615111,9,4,expanded,0,0.08314076992745865
GSE25055,GSM615112,9,4,expanded,0,0.12355027707237283
GSE25055,GSM615113,9,3,expanded,0,0.4860322305755509
GSE25055,GSM615114,9,3,expanded,0,0.034898215363539174
GSE25055,GSM615115,9,2,expanded,0,0.1553530333070736
GSE25055,GSM615116,9,2,expanded,0,0.7408922739881405
GSE25055,GSM615117,9,1,expanded,0,0.1733528093713043
GSE25055,GSM615120,9,0,expanded,0,0.00653387540783505
GSE25055,GSM615121,9,3,expanded,0,0.17041138645544185
GSE25055,GSM615122,9,4,expanded,1,0.04060367990240302
GSE25055,GSM615123,9,0,expanded,1,0.07649138296245615
GSE25055,GSM615124,9,0,expanded,0,0.02280450554602501
GSE25055,GSM615125,9,2,expanded,0,0.04932915976742989
GSE25055,GSM615126,9,3,expanded,0,0.05608201920563739
GSE25055,GSM615127,9,0,expanded,0,0.026287309176479624
GSE25055,GSM615128,9,4,expanded,0,0.017199255504366243
GSE25055,GSM615129,9,2,expanded,0,0.08790922366531402
GSE25055,GSM615130,9,3,expanded,0,0.02598053781047952
GSE25055,GSM615131,9,3,expanded,0,0.06574189041698512
GSE25055,GSM615132,9,2,expanded,0,0.04646884157860925
GSE25055,GSM615133,9,0,expanded,0,0.008681413598776711
GSE25055,GSM615134,9,2,expanded,0,0.028038089204341407
GSE25055,GSM615135,9,1,expanded,0,0.3219735801861688
GSE25055,GSM615136,9,0,expanded,0,0.34198620143908576
GSE25055,GSM615137,9,4,expanded,1,0.05402928711183729
GSE25055,GSM615138,9,1,expanded,0,0.08637859111408273
GSE25055,GSM615139,9,3,expanded,1,0.4065814611928395
GSE25055,GSM615140,9,3,expanded,1,0.011172275654420577
GSE25055,GSM615142,9,2,expanded,0,0.06579500702747405
GSE25055,GSM615143,9,3,expanded,1,0.31919854031583345
GSE25055,GSM615144,9,4,expanded,0,0.039041435454652454
GSE25055,GSM615145,9,3,expanded,0,0.32500252084876685
GSE25055,GSM615146,9,0,expanded,1,0.3536687293169131
GSE25055,GSM615147,9,3,expanded,0,0.06843048374037738
GSE25055,GSM615148,9,2,expanded,0,0.3620171794472258
GSE25055,GSM615149,9,3,expanded,0,0.3878440430428754
GSE25055,GSM615150,9,3,expanded,0,0.03741847100078079
GSE25055,GSM615151,9,3,expanded,0,0.2060470452159011
GSE25055,GSM615153,9,1,expanded,0,0.02399750861667753
GSE25055,GSM615154,9,0,expanded,1,0.4678264388526612
GSE25055,GSM615155,9,2,expanded,0,0.06634623583273139
GSE25055,GSM615156,9,4,expanded,0,0.5324658852947166
GSE25055,GSM615157,9,2,expanded,0,0.11672809167868382
GSE25055,GSM615158,9,2,expanded,0,0.01921127968912864
GSE25055,GSM615159,9,0,expanded,0,0.416582435456004
GSE25055,GSM615160,9,0,expanded,0,0.4139039742209538
GSE25055,GSM615162,9,4,expanded,0,0.011650773774847375
GSE25055,GSM615164,9,0,expanded,1,0.28729696685410877
GSE25055,GSM615165,9,1,expanded,0,0.07297299841055548
GSE25055,GSM615166,9,2,expanded,0,0.03748957099520543
GSE25055,GSM615167,9,0,expanded,1,0.23577408853574333
GSE25055,GSM615168,9,3,expanded,0,0.09585020828841663
GSE25055,GSM615169,9,1,expanded,0,0.3398179098579001
GSE25055,GSM615170,9,0,expanded,0,0.02209428354801498
GSE25055,GSM615171,9,1,expanded,1,0.4484923950416429
GSE25055,GSM615172,9,0,expanded,0,0.023701435344179084
GSE25055,GSM615173,9,1,expanded,0,0.1951570982114487
GSE25055,GSM615174,9,1,expanded,0,0.1794484788651439
GSE25055,GSM615175,9,4,expanded,1,0.31356737016747777
GSE25055,GSM615176,9,3,expanded,0,0.010731524222381272
GSE25055,GSM615177,9,1,expanded,0,0.11042739220415304
GSE25055,GSM615178,9,4,expanded,0,0.44361324796460466
GSE25055,GSM615179,9,1,expanded,0,0.034772367294300534
GSE25055,GSM615180,9,2,expanded,0,0.03665511812287275
GSE25055,GSM615181,9,3,expanded,1,0.3610166198083506
GSE25055,GSM615182,9,2,expanded,0,0.28066816140807344
GSE25055,GSM615183,9,3,expanded,0,0.06709861246118805
GSE25055,GSM615184,9,4,expanded,0,0.3463459703915038
GSE25055,GSM615185,9,2,expanded,0,0.3983530166355591
GSE25055,GSM615186,9,0,expanded,1,0.012876080498126634
GSE25055,GSM615187,9,0,expanded,0,0.021806967040750327
GSE25055,GSM615188,9,4,expanded,0,0.1755049479418937
GSE25055,GSM615189,9,3,expanded,0,0.25907014649633636
GSE25055,GSM615190,9,3,expanded,0,0.46098630351625297
GSE25055,GSM615191,9,2,expanded,1,0.3129810127846318
GSE25055,GSM615192,9,1,expanded,0,0.040961340151579956
GSE25055,GSM615193,9,2,expanded,1,0.5089473809784989
GSE25055,GSM615194,9,2,expanded,1,0.2450709259126315
GSE25055,GSM615195,9,0,expanded,0,0.37993319697822764
GSE25055,GSM615196,9,1,expanded,0,0.08615378907778623
GSE25055,GSM615197,9,1,expanded,0,0.2649294882800856
GSE25055,GSM615198,9,2,expanded,0,0.03954813524617478
GSE25055,GSM615199,9,3,expanded,0,0.06136358036127953
GSE25055,GSM615200,9,4,expanded,0,0.212336318849767
GSE25055,GSM615201,9,2,expanded,1,0.15702990550965362
GSE25055,GSM615202,9,2,expanded,1,0.24341117180527566
GSE25055,GSM615203,9,1,expanded,0,0.01795568476274003
GSE25055,GSM615204,9,4,expanded,0,0.08580806469935866
GSE25055,GSM615205,9,4,expanded,0,0.06297684723685472
GSE25055,GSM615206,9,4,expanded,0,0.07649481901817622
GSE25055,GSM615207,9,1,expanded,0,0.05484313729658287
GSE25055,GSM615208,9,0,expanded,0,0.03407499419794494
GSE25055,GSM615209,9,1,expanded,1,0.3438963267848216
GSE25055,GSM615210,9,0,expanded,0,0.036519974167322895
GSE25055,GSM615211,9,4,expanded,1,0.5438274930039056
GSE25055,GSM615212,9,4,expanded,1,0.43999553617575704
GSE25055,GSM615213,9,0,expanded,1,0.36396138109162857
GSE25055,GSM615214,9,1,expanded,0,0.06268724191922428
GSE25055,GSM615215,9,0,expanded,1,0.45688991369532894
GSE25055,GSM615216,9,0,expanded,0,0.03941932373497588
GSE25055,GSM615217,9,4,expanded,0,0.04446583196068536
GSE25055,GSM615218,9,1,expanded,0,0.22432905487600635
GSE25055,GSM615219,9,2,expanded,0,0.1318220864691448
GSE25055,GSM615220,9,4,expanded,0,0.06592998339120214
GSE25055,GSM615221,9,0,expanded,0,0.09059538983889752
GSE25055,GSM615222,9,2,expanded,0,0.0594928666689341
GSE25055,GSM615223,9,3,expanded,0,0.31823268819505923
GSE25055,GSM615224,9,0,expanded,0,0.026313954518154225
GSE25055,GSM615225,9,3,expanded,0,0.2313695718531513
GSE25055,GSM615226,9,0,expanded,0,0.007132957839218038
GSE25055,GSM615227,9,2,expanded,0,0.04702468440870337
GSE25055,GSM615228,9,4,expanded,0,0.3553910822306807
GSE25055,GSM615229,9,3,expanded,0,0.1272705194482922
GSE25055,GSM615230,9,3,expanded,0,0.12139734813414292
GSE25055,GSM615231,9,2,expanded,0,0.035410014050717455
GSE25055,GSM615232,9,4,expanded,0,0.04217000954237497
GSE25055,GSM615233,9,2,expanded,0,0.01689354318742325
GSE25055,GSM615234,9,4,expanded,0,0.22175154857692841
GSE25055,GSM615235,9,1,expanded,0,0.05690398386326606
GSE25055,GSM615236,9,4,expanded,0,0.12259693018956756
GSE25055,GSM615237,9,2,expanded,0,0.04857808923808777
GSE25055,GSM615238,9,2,expanded,0,0.12028560834418262
GSE25055,GSM615239,9,4,expanded,0,0.0754142020100372
GSE25055,GSM615240,9,3,expanded,1,0.45512015281089685
GSE25055,GSM615241,9,2,expanded,0,0.046113533125126845
GSE25055,GSM615242,9,4,expanded,1,0.35545973833685124
GSE25055,GSM615243,9,1,expanded,0,0.048196855973787076
GSE25055,GSM615244,9,3,expanded,0,0.5288357632083075
GSE25055,GSM615245,9,1,expanded,0,0.0798307592136306
GSE25055,GSM615246,9,3,expanded,0,0.06415717504774221
GSE25055,GSM615247,9,2,expanded,0,0.14831482301888438
GSE25055,GSM615248,9,3,expanded,0,0.1016498820701723
GSE25055,GSM615249,9,1,expanded,0,0.08565541786378943
GSE25055,GSM615250,9,4,expanded,0,0.6002206867523308
GSE25055,GSM615251,9,3,expanded,0,0.47888050164854795
GSE25055,GSM615252,9,1,expanded,0,0.03558852098443082
GSE25055,GSM615253,9,0,expanded,0,0.05704266315572791
GSE25055,GSM615254,9,0,expanded,0,0.044381352055682735
GSE25055,GSM615255,9,1,expanded,0,0.3403343981960549
GSE25055,GSM615256,9,1,expanded,1,0.14581822492814236
GSE25055,GSM615257,9,0,expanded,0,0.009914998490676544
GSE25055,GSM615258,9,4,expanded,0,0.053542291295840226
GSE25055,GSM615259,9,1,expanded,0,0.028530759243541173
GSE25055,GSM615260,9,1,expanded,0,0.19802009411083107
GSE25055,GSM615261,9,4,expanded,0,0.06640098250908345
GSE25055,GSM615262,9,1,expanded,0,0.02228759211926361
GSE25055,GSM615263,9,2,expanded,1,0.21450350457448839
GSE25055,GSM615264,9,0,expanded,1,0.334740572390151
GSE25055,GSM615265,9,0,expanded,0,0.39314693671840933
GSE25055,GSM615266,9,2,expanded,0,0.026772891594651887
GSE25055,GSM615267,9,2,expanded,0,0.11453604985298126
GSE25055,GSM615268,9,2,expanded,0,0.07413970204670295
GSE25055,GSM615269,9,3,expanded,0,0.05867087068126867
GSE25055,GSM615270,9,4,expanded,1,0.24921436232700442
GSE25055,GSM615271,9,3,expanded,0,0.05361477367378884
GSE25055,GSM615272,9,3,expanded,0,0.03474576031365803
GSE25055,GSM615273,9,3,expanded,0,0.048971729488374596
GSE25055,GSM615274,9,1,expanded,0,0.05023332684159628
GSE25055,GSM615275,9,4,expanded,0,0.07354919197278056
GSE25055,GSM615276,9,4,expanded,0,0.3366536411003323
GSE25055,GSM615277,9,1,expanded,0,0.05110984925141586
GSE25055,GSM615278,9,4,expanded,0,0.13325862678024286
GSE25055,GSM615279,9,2,expanded,0,0.04865758786486915
GSE25055,GSM615280,9,3,expanded,1,0.1038503398169096
GSE25055,GSM615281,9,0,expanded,0,0.03400432757628519
GSE25055,GSM615282,9,4,expanded,0,0.02132902130107511
GSE25055,GSM615283,9,0,expanded,0,0.04629997111016828
GSE25055,GSM615284,9,4,expanded,1,0.21942138864050367
GSE25055,GSM615285,9,2,expanded,0,0.09444837399834789
GSE25055,GSM615286,9,4,expanded,0,0.06806350530096243
GSE25055,GSM615287,9,2,expanded,0,0.23336748048117925
GSE25055,GSM615288,9,4,expanded,0,0.6261776153432944
GSE25055,GSM615289,9,1,expanded,0,0.05813329390719982
GSE25055,GSM615290,9,1,expanded,0,0.024988892752748994
GSE25055,GSM615291,9,4,expanded,1,0.4609029051995919
GSE25055,GSM615292,9,4,expanded,0,0.059444288165611814
GSE25055,GSM615293,9,3,expanded,1,0.5562032981301512
GSE25055,GSM615294,9,2,expanded,0,0.19739940071044598
GSE25055,GSM615295,9,2,expanded,0,0.2396517507297404
GSE25055,GSM615296,9,3,expanded,0,0.025265476736041965
GSE25055,GSM615297,9,0,expanded,0,0.4096632747095182
GSE25055,GSM615298,9,3,expanded,0,0.05867087068126867
GSE25055,GSM615299,9,2,expanded,0,0.07111253243060406
GSE25055,GSM615300,9,1,expanded,1,0.33625544884339625
GSE25055,GSM615301,9,0,expanded,0,0.2801831173425041
GSE25055,GSM615302,9,3,expanded,0,0.06486693965795508
GSE25055,GSM615303,9,1,expanded,0,0.16121896561209156
GSE25055,GSM615304,9,4,expanded,0,0.23946415754425532
GSE25055,GSM615305,9,4,expanded,0,0.09127156075749747
GSE25055,GSM615306,9,3,expanded,0,0.027329698141284695
GSE25055,GSM615307,9,0,expanded,1,0.498030045691321
GSE25055,GSM615308,9,3,expanded,0,0.11642140799927382
GSE25055,GSM615309,9,0,expanded,0,0.08297230631119393
GSE25055,GSM615310,9,3,expanded,1,0.13330732298728887
GSE25055,GSM615311,9,3,expanded,0,0.047461220856800775
GSE25055,GSM615312,9,0,expanded,0,0.17385481955570037
GSE25055,GSM615313,9,2,expanded,0,0.03489584789926495
GSE25055,GSM615314,9,1,expanded,0,0.02567276662243553
GSE25055,GSM615315,9,1,expanded,0,0.3956865077441081
GSE25055,GSM615316,9,3,expanded,0,0.06993451321778996
GSE25055,GSM615317,9,4,expanded,0,0.5023815763501913
GSE25055,GSM615318,9,0,expanded,0,0.03544649472670166
GSE25055,GSM615319,9,2,expanded,0,0.34644433143226533
GSE25055,GSM615320,9,4,expanded,0,0.5265990153928588
GSE25055,GSM615321,9,4,expanded,0,0.49199261228362784
GSE25055,GSM615322,9,3,expanded,0,0.2670497553049246
GSE25055,GSM615323,9,0,expanded,0,0.3702652156416396
GSE25055,GSM615324,9,0,expanded,1,0.5049959335522456
GSE25055,GSM615325,9,2,expanded,1,0.5183323112640301
GSE25055,GSM615326,9,4,expanded,0,0.15995317149807148
GSE25055,GSM615327,9,0,expanded,0,0.22733800380526445
GSE25055,GSM615328,9,0,expanded,0,0.028257214876928033
GSE25055,GSM615329,9,1,expanded,0,0.05663499498565734
GSE25055,GSM615330,9,0,expanded,0,0.32668844176161327
GSE25055,GSM615331,9,0,expanded,1,0.10915343000877666
GSE25055,GSM615332,9,1,expanded,0,0.0425566324748589
GSE25055,GSM615333,9,4,expanded,0,0.24956887309508755
GSE25055,GSM615334,9,1,expanded,1,0.24721249004527615
GSE25055,GSM615335,9,0,expanded,0,0.4331247279793603
GSE25055,GSM615336,9,2,expanded,1,0.40522150397534146
GSE25055,GSM615337,9,0,expanded,0,0.046163971582268974
GSE25055,GSM615338,9,1,expanded,1,0.33625544884339625
GSE25055,GSM615339,9,3,expanded,0,0.030950812771173064
GSE25055,GSM615340,9,3,expanded,0,0.08549096694203942
GSE25055,GSM615341,9,2,expanded,0,0.05120812699343124
GSE25055,GSM615342,9,0,expanded,0,0.2151373675584399
GSE25055,GSM615343,9,3,expanded,0,0.23895169866540686
GSE25055,GSM615344,9,0,expanded,0,0.4096632747095182
GSE25055,GSM615345,9,1,expanded,0,0.11399069813901502
GSE25055,GSM615346,9,1,expanded,0,0.4577729542784906
GSE25055,GSM615347,9,2,expanded,0,0.2916519038266541
GSE25055,GSM615348,9,4,expanded,0,0.3425634401029231
GSE25055,GSM615349,9,2,expanded,0,0.04459940746036424
GSE25055,GSM615350,9,0,expanded,0,0.26238016784592805
GSE25055,GSM615351,9,4,expanded,0,0.014669038859913261
GSE25055,GSM615352,9,0,expanded,0,0.010616942441106855
GSE25055,GSM615353,9,2,expanded,1,0.13523662409479834
GSE25055,GSM615354,9,1,expanded,1,0.19189356406589225
GSE25055,GSM615355,9,0,expanded,0,0.028133871718903632
GSE25055,GSM615356,9,3,expanded,0,0.42565869354251906
GSE25055,GSM615357,9,3,expanded,1,0.4257168033958284
GSE25055,GSM615358,9,0,expanded,0,0.01457738194337085
GSE25055,GSM615359,9,2,expanded,1,0.2462451366043499
GSE25055,GSM615360,9,1,expanded,0,0.04637726556686365
GSE25055,GSM615361,9,1,expanded,0,0.12863469524660048
GSE25055,GSM615362,9,2,expanded,0,0.021953528985945606
GSE25055,GSM615363,9,2,expanded,0,0.43977536966881114
GSE25055,GSM615364,9,0,expanded,0,0.49115638680306567
GSE25055,GSM615365,9,1,expanded,0,0.033441788472502364
GSE25055,GSM615366,9,4,expanded,0,0.020363956294602956
GSE25055,GSM615367,9,0,expanded,0,0.10010777291465192
GSE25055,GSM615368,9,1,expanded,0,0.5762396623008423
GSE25055,GSM615369,9,4,expanded,0,0.49199261228362784
GSE25055,GSM615370,9,2,expanded,0,0.0566011526666775
GSE25055,GSM615371,9,4,expanded,1,0.43351323224057
GSE25055,GSM615372,9,0,expanded,0,0.47399252975919576
GSE25055,GSM615373,9,0,expanded,0,0.05486412626115529
GSE25055,GSM615374,9,1,expanded,0,0.008551081316876553
GSE25055,GSM615375,9,1,expanded,1,0.16171382719115052
GSE25055,GSM615376,9,4,expanded,0,0.2365439824742339
GSE25055,GSM615377,9,4,expanded,0,0.013884506310244566
GSE25055,GSM615378,9,1,expanded,0,0.4662355048110787
GSE25055,GSM615379,9,2,expanded,1,0.21149874315193426
GSE25055,GSM615380,9,2,expanded,0,0.36077611020277384
GSE25055,GSM615381,9,3,expanded,0,0.04637610425790963
GSE25055,GSM615382,9,1,expanded,0,0.2796777267768159
GSE25055,GSM615383,9,3,expanded,1,0.03637453075516418
GSE25055,GSM615384,9,1,expanded,0,0.2734190802254821
GSE25055,GSM615385,9,3,expanded,0,0.21489444287094792
GSE25055,GSM615386,9,1,expanded,0,0.05278654368096643
GSE25055,GSM615387,9,3,expanded,0,0.5146670552041641
GSE25055,GSM615388,9,0,expanded,0,0.023948737584959547
GSE25055,GSM615389,9,1,expanded,0,0.02181582722686742
GSE25055,GSM615390,9,4,expanded,0,0.5058445503967189
GSE25055,GSM615391,9,4,expanded,0,0.03690376565013518
GSE25055,GSM615392,9,0,expanded,0,0.2719402201850685
GSE25055,GSM615393,9,3,expanded,1,0.39466586367191103
GSE25055,GSM615394,9,1,expanded,1,0.2595701894927761
GSE25055,GSM615395,9,2,expanded,0,0.08020443106332462
GSE25055,GSM615396,9,4,expanded,1,0.40102769906557467
GSE25055,GSM615397,9,1,expanded,1,0.14036314820716608
GSE25055,GSM615398,9,3,expanded,0,0.062199548779257825
GSE25055,GSM615399,9,3,expanded,0,0.03213990981758269
GSE25055,GSM615400,9,0,expanded,0,0.022568050266312575
GSE25055,GSM615401,9,2,expanded,0,0.07752432119941464
GSE25055,GSM615402,9,1,expanded,0,0.03186668444401491
GSE25055,GSM615403,9,2,expanded,0,0.14219423319845098
GSE25055,GSM615404,9,2,expanded,0,0.07272448739629286
GSE25055,GSM615405,9,4,expanded,0,0.20103075674703866
GSE25055,GSM615096,9,2,expanded_score,0,0.04670133503221885
GSE25055,GSM615097,9,0,expanded_score,0,0.022116329769770637
GSE25055,GSM615098,9,4,expanded_score,0,0.3810021069674734
GSE25055,GSM615099,9,1,expanded_score,1,0.6019492296142162
GSE25055,GSM615100,9,3,expanded_score,0,0.07476558081673379
GSE25055,GSM615101,9,0,expanded_score,0,0.27578151430721276
GSE25055,GSM615102,9,3,expanded_score,0,0.475091258955395
GSE25055,GSM615104,9,3,expanded_score,0,0.30291832475356656
GSE25055,GSM615106,9,4,expanded_score,0,0.09472157484315237
GSE25055,GSM615107,9,2,expanded_score,0,0.3808106701711893
GSE25055,GSM615108,9,4,expanded_score,0,0.2849478158581397
GSE25055,GSM615109,9,1,expanded_score,0,0.36808039909633156
GSE25055,GSM615111,9,4,expanded_score,0,0.06831930779920171
GSE25055,GSM615112,9,4,expanded_score,0,0.21671061883812276
GSE25055,GSM615113,9,3,expanded_score,0,0.4996952912887309
GSE25055,GSM615114,9,3,expanded_score,0,0.02796511986520517
GSE25055,GSM615115,9,2,expanded_score,0,0.17004009172689397
GSE25055,GSM615116,9,2,expanded_score,0,0.6140630283327496
GSE25055,GSM615117,9,1,expanded_score,0,0.30431866191385015
GSE25055,GSM615120,9,0,expanded_score,0,0.0056597246913539945
GSE25055,GSM615121,9,3,expanded_score,0,0.09851341432170689
GSE25055,GSM615122,9,4,expanded_score,1,0.018853456821214292
GSE25055,GSM615123,9,0,expanded_score,1,0.1837047085621636
GSE25055,GSM615124,9,0,expanded_score,0,0.024603373511698227
GSE25055,GSM615125,9,2,expanded_score,0,0.03724442671293334
GSE25055,GSM615126,9,3,expanded_score,0,0.05316857071484067
GSE25055,GSM615127,9,0,expanded_score,0,0.033714382544463815
GSE25055,GSM615128,9,4,expanded_score,0,0.011047386453762454
GSE25055,GSM615129,9,2,expanded_score,0,0.05998684582902107
GSE25055,GSM615130,9,3,expanded_score,0,0.021398393977629025
GSE25055,GSM615131,9,3,expanded_score,0,0.050915476456264916
GSE25055,GSM615132,9,2,expanded_score,0,0.042333568551138595
GSE25055,GSM615133,9,0,expanded_score,0,0.008098060520765454
GSE25055,GSM615134,9,2,expanded_score,0,0.026888316320489738
GSE25055,GSM615135,9,1,expanded_score,0,0.24708828415737338
GSE25055,GSM615136,9,0,expanded_score,0,0.38048141600322477
GSE25055,GSM615137,9,4,expanded_score,1,0.06628258437502452
GSE25055,GSM615138,9,1,expanded_score,0,0.08030343841974766
GSE25055,GSM615139,9,3,expanded_score,1,0.598767586396791
GSE25055,GSM615140,9,3,expanded_score,1,0.018579066570515352
GSE25055,GSM615142,9,2,expanded_score,0,0.048097984659181796
GSE25055,GSM615143,9,3,expanded_score,1,0.29252111697769057
GSE25055,GSM615144,9,4,expanded_score,0,0.037189135348842405
GSE25055,GSM615145,9,3,expanded_score,0,0.55702118538421
GSE25055,GSM615146,9,0,expanded_score,1,0.33472990205701314
GSE25055,GSM615147,9,3,expanded_score,0,0.04799370346516173
GSE25055,GSM615148,9,2,expanded_score,0,0.35376958311434964
GSE25055,GSM615149,9,3,expanded_score,0,0.29863488229452023
GSE25055,GSM615150,9,3,expanded_score,0,0.02322317949954101
GSE25055,GSM615151,9,3,expanded_score,0,0.2716800220189741
GSE25055,GSM615153,9,1,expanded_score,0,0.03674762764426105
GSE25055,GSM615154,9,0,expanded_score,1,0.3527951543813993
GSE25055,GSM615155,9,2,expanded_score,0,0.09477451543628114
GSE25055,GSM615156,9,4,expanded_score,0,0.38520086213287574
GSE25055,GSM615157,9,2,expanded_score,0,0.07810908327323798
GSE25055,GSM615158,9,2,expanded_score,0,0.024326739679968987
GSE25055,GSM615159,9,0,expanded_score,0,0.17663489974842012
GSE25055,GSM615160,9,0,expanded_score,0,0.3571449695310781
GSE25055,GSM615162,9,4,expanded_score,0,0.007666392725218028
GSE25055,GSM615164,9,0,expanded_score,1,0.45632574713661633
GSE25055,GSM615165,9,1,expanded_score,0,0.061920885010769526
GSE25055,GSM615166,9,2,expanded_score,0,0.05666515054205062
GSE25055,GSM615167,9,0,expanded_score,1,0.1282546427753442
GSE25055,GSM615168,9,3,expanded_score,0,0.0494960632692724
GSE25055,GSM615169,9,1,expanded_score,0,0.3375394555155471
GSE25055,GSM615170,9,0,expanded_score,0,0.0158041256122361
GSE25055,GSM615171,9,1,expanded_score,1,0.3288007548330281
GSE25055,GSM615172,9,0,expanded_score,0,0.018465485200400526
GSE25055,GSM615173,9,1,expanded_score,0,0.11435173801073295
GSE25055,GSM615174,9,1,expanded_score,0,0.18555354876195437
GSE25055,GSM615175,9,4,expanded_score,1,0.39738674109480454
GSE25055,GSM615176,9,3,expanded_score,0,0.01171290187435295
GSE25055,GSM615177,9,1,expanded_score,0,0.09950032196615619
GSE25055,GSM615178,9,4,expanded_score,0,0.33167764313864756
GSE25055,GSM615179,9,1,expanded_score,0,0.04087154273056625
GSE25055,GSM615180,9,2,expanded_score,0,0.046815648259235516
GSE25055,GSM615181,9,3,expanded_score,1,0.3497101481625295
GSE25055,GSM615182,9,2,expanded_score,0,0.3080521019134291
GSE25055,GSM615183,9,3,expanded_score,0,0.04226348180024927
GSE25055,GSM615184,9,4,expanded_score,0,0.5311262430466243
GSE25055,GSM615185,9,2,expanded_score,0,0.32407984570034093
GSE25055,GSM615186,9,0,expanded_score,1,0.013792853088754206
GSE25055,GSM615187,9,0,expanded_score,0,0.03186571001366494
GSE25055,GSM615188,9,4,expanded_score,0,0.19408401371320425
GSE25055,GSM615189,9,3,expanded_score,0,0.20957923462892097
GSE25055,GSM615190,9,3,expanded_score,0,0.4651839360526888
GSE25055,GSM615191,9,2,expanded_score,1,0.4807372855110524
GSE25055,GSM615192,9,1,expanded_score,0,0.03541048185451809
GSE25055,GSM615193,9,2,expanded_score,1,0.48600704778036546
GSE25055,GSM615194,9,2,expanded_score,1,0.34033887580264066
GSE25055,GSM615195,9,0,expanded_score,0,0.5428900558520053
GSE25055,GSM615196,9,1,expanded_score,0,0.13436192671660777
GSE25055,GSM615197,9,1,expanded_score,0,0.3473520942765451
GSE25055,GSM615198,9,2,expanded_score,0,0.031101923666959234
GSE25055,GSM615199,9,3,expanded_score,0,0.06744498269738397
GSE25055,GSM615200,9,4,expanded_score,0,0.3465392763134413
GSE25055,GSM615201,9,2,expanded_score,1,0.2030260654648123
GSE25055,GSM615202,9,2,expanded_score,1,0.3556912052688222
GSE25055,GSM615203,9,1,expanded_score,0,0.00861267303521643
GSE25055,GSM615204,9,4,expanded_score,0,0.04703700045103574
GSE25055,GSM615205,9,4,expanded_score,0,0.05803686748270478
GSE25055,GSM615206,9,4,expanded_score,0,0.03533631800156956
GSE25055,GSM615207,9,1,expanded_score,0,0.03561477313555839
GSE25055,GSM615208,9,0,expanded_score,0,0.022444455624122624
GSE25055,GSM615209,9,1,expanded_score,1,0.4605621261385452
GSE25055,GSM615210,9,0,expanded_score,0,0.0179990996352259
GSE25055,GSM615211,9,4,expanded_score,1,0.6981521984182656
GSE25055,GSM615212,9,4,expanded_score,1,0.22914465780826943
GSE25055,GSM615213,9,0,expanded_score,1,0.3799908220588519
GSE25055,GSM615214,9,1,expanded_score,0,0.027407016683067987
GSE25055,GSM615215,9,0,expanded_score,1,0.36606308341465704
GSE25055,GSM615216,9,0,expanded_score,0,0.05374040519928791
GSE25055,GSM615217,9,4,expanded_score,0,0.04192279400960744
GSE25055,GSM615218,9,1,expanded_score,0,0.18303488600369816
GSE25055,GSM615219,9,2,expanded_score,0,0.11514771490593347
GSE25055,GSM615220,9,4,expanded_score,0,0.010968120816425448
GSE25055,GSM615221,9,0,expanded_score,0,0.06919674626458143
GSE25055,GSM615222,9,2,expanded_score,0,0.03708686780151719
GSE25055,GSM615223,9,3,expanded_score,0,0.16521059713865602
GSE25055,GSM615224,9,0,expanded_score,0,0.008363684236747741
GSE25055,GSM615225,9,3,expanded_score,0,0.19945743781290098
GSE25055,GSM615226,9,0,expanded_score,0,0.0051248679736991196
GSE25055,GSM615227,9,2,expanded_score,0,0.06314551703191913
GSE25055,GSM615228,9,4,expanded_score,0,0.27957919270079845
GSE25055,GSM615229,9,3,expanded_score,0,0.04436267327993336
GSE25055,GSM615230,9,3,expanded_score,0,0.04914411526408852
GSE25055,GSM615231,9,2,expanded_score,0,0.023695617430036155
GSE25055,GSM615232,9,4,expanded_score,0,0.018925655117254147
GSE25055,GSM615233,9,2,expanded_score,0,0.01191171917313017
GSE25055,GSM615234,9,4,expanded_score,0,0.1165161391145774
GSE25055,GSM615235,9,1,expanded_score,0,0.11200488750457516
GSE25055,GSM615236,9,4,expanded_score,0,0.09231512203467923
GSE25055,GSM615237,9,2,expanded_score,0,0.035152197212924736
GSE25055,GSM615238,9,2,expanded_score,0,0.06412322513998825
GSE25055,GSM615239,9,4,expanded_score,0,0.0709247896832789
GSE25055,GSM615240,9,3,expanded_score,1,0.20630086016601876
GSE25055,GSM615241,9,2,expanded_score,0,0.04923841602909877
GSE25055,GSM615242,9,4,expanded_score,1,0.3928583440481626
GSE25055,GSM615243,9,1,expanded_score,0,0.030232515377221044
GSE25055,GSM615244,9,3,expanded_score,0,0.29171262862852315
GSE25055,GSM615245,9,1,expanded_score,0,0.1487773606514533
GSE25055,GSM615246,9,3,expanded_score,0,0.08236671649672656
GSE25055,GSM615247,9,2,expanded_score,0,0.1250368825795018
GSE25055,GSM615248,9,3,expanded_score,0,0.19787360643989377
GSE25055,GSM615249,9,1,expanded_score,0,0.05844289997158991
GSE25055,GSM615250,9,4,expanded_score,0,0.6929547348409403
GSE25055,GSM615251,9,3,expanded_score,0,0.49492919800266627
GSE25055,GSM615252,9,1,expanded_score,0,0.019666475800825495
GSE25055,GSM615253,9,0,expanded_score,0,0.06353655266080745
GSE25055,GSM615254,9,0,expanded_score,0,0.029333877963997255
GSE25055,GSM615255,9,1,expanded_score,0,0.26839042415785197
GSE25055,GSM615256,9,1,expanded_score,1,0.18374401250706182
GSE25055,GSM615257,9,0,expanded_score,0,0.004345869240802764
GSE25055,GSM615258,9,4,expanded_score,0,0.06386417314084515
GSE25055,GSM615259,9,1,expanded_score,0,0.019129805538794575
GSE25055,GSM615260,9,1,expanded_score,0,0.36571254745018605
GSE25055,GSM615261,9,4,expanded_score,0,0.06725641609353701
GSE25055,GSM615262,9,1,expanded_score,0,0.01785881364648968
GSE25055,GSM615263,9,2,expanded_score,1,0.24713851945945164
GSE25055,GSM615264,9,0,expanded_score,1,0.1953351567688017
GSE25055,GSM615265,9,0,expanded_score,0,0.21086857639361983
GSE25055,GSM615266,9,2,expanded_score,0,0.04049124323087427
GSE25055,GSM615267,9,2,expanded_score,0,0.11122019846475084
GSE25055,GSM615268,9,2,expanded_score,0,0.0978966519870964
GSE25055,GSM615269,9,3,expanded_score,0,0.04584987110498256
GSE25055,GSM615270,9,4,expanded_score,1,0.36630787029014034
GSE25055,GSM615271,9,3,expanded_score,0,0.11075421024646023
GSE25055,GSM615272,9,3,expanded_score,0,0.026343760671094424
GSE25055,GSM615273,9,3,expanded_score,0,0.06876669692654847
GSE25055,GSM615274,9,1,expanded_score,0,0.14300512525369216
GSE25055,GSM615275,9,4,expanded_score,0,0.15937339168178954
GSE25055,GSM615276,9,4,expanded_score,0,0.24057002878048778
GSE25055,GSM615277,9,1,expanded_score,0,0.058983759895789724
GSE25055,GSM615278,9,4,expanded_score,0,0.09990252881258002
GSE25055,GSM615279,9,2,expanded_score,0,0.04446641031315347
GSE25055,GSM615280,9,3,expanded_score,1,0.14949301707838566
GSE25055,GSM615281,9,0,expanded_score,0,0.04175478688559977
GSE25055,GSM615282,9,4,expanded_score,0,0.026800804161090593
GSE25055,GSM615283,9,0,expanded_score,0,0.06562220143083533
GSE25055,GSM615284,9,4,expanded_score,1,0.25441529825147297
GSE25055,GSM615285,9,2,expanded_score,0,0.05308489051048296
GSE25055,GSM615286,9,4,expanded_score,0,0.18081841307829016
GSE25055,GSM615287,9,2,expanded_score,0,0.24961046524071728
GSE25055,GSM615288,9,4,expanded_score,0,0.6895464923696323
GSE25055,GSM615289,9,1,expanded_score,0,0.14429447420903838
GSE25055,GSM615290,9,1,expanded_score,0,0.08349350952249278
GSE25055,GSM615291,9,4,expanded_score,1,0.4152936304338768
GSE25055,GSM615292,9,4,expanded_score,0,0.05196780215829419
GSE25055,GSM615293,9,3,expanded_score,1,0.733951426526876
GSE25055,GSM615294,9,2,expanded_score,0,0.21529965990350655
GSE25055,GSM615295,9,2,expanded_score,0,0.14153103439254827
GSE25055,GSM615296,9,3,expanded_score,0,0.02967996308741815
GSE25055,GSM615297,9,0,expanded_score,0,0.5282018082807465
GSE25055,GSM615298,9,3,expanded_score,0,0.05488093028887391
GSE25055,GSM615299,9,2,expanded_score,0,0.0446276684097974
GSE25055,GSM615300,9,1,expanded_score,1,0.24254743126204206
GSE25055,GSM615301,9,0,expanded_score,0,0.2556650912146497
GSE25055,GSM615302,9,3,expanded_score,0,0.07642582433696027
GSE25055,GSM615303,9,1,expanded_score,0,0.16062576378102236
GSE25055,GSM615304,9,4,expanded_score,0,0.09107248363688467
GSE25055,GSM615305,9,4,expanded_score,0,0.07176494753579375
GSE25055,GSM615306,9,3,expanded_score,0,0.020779934525635885
GSE25055,GSM615307,9,0,expanded_score,1,0.7384291036110695
GSE25055,GSM615308,9,3,expanded_score,0,0.06085978699034557
GSE25055,GSM615309,9,0,expanded_score,0,0.05442406064168334
GSE25055,GSM615310,9,3,expanded_score,1,0.3293908958328479
GSE25055,GSM615311,9,3,expanded_score,0,0.026379478897570436
GSE25055,GSM615312,9,0,expanded_score,0,0.153904477033524
GSE25055,GSM615313,9,2,expanded_score,0,0.028686789632271233
GSE25055,GSM615314,9,1,expanded_score,0,0.01778201109690559
GSE25055,GSM615315,9,1,expanded_score,0,0.49517809210510766
GSE25055,GSM615316,9,3,expanded_score,0,0.031515671577233076
GSE25055,GSM615317,9,4,expanded_score,0,0.5280249212056015
GSE25055,GSM615318,9,0,expanded_score,0,0.021211561477868308
GSE25055,GSM615319,9,2,expanded_score,0,0.25504820565917347
GSE25055,GSM615320,9,4,expanded_score,0,0.6642868297676929
GSE25055,GSM615321,9,4,expanded_score,0,0.476354065400836
GSE25055,GSM615322,9,3,expanded_score,0,0.346200947788187
GSE25055,GSM615323,9,0,expanded_score,0,0.15309815447047823
GSE25055,GSM615324,9,0,expanded_score,1,0.7120803525080507
GSE25055,GSM615325,9,2,expanded_score,1,0.604494098375453
GSE25055,GSM615326,9,4,expanded_score,0,0.43130185813966665
GSE25055,GSM615327,9,0,expanded_score,0,0.24759514338150074
GSE25055,GSM615328,9,0,expanded_score,0,0.018168962647510452
GSE25055,GSM615329,9,1,expanded_score,0,0.03630114517895693
GSE25055,GSM615330,9,0,expanded_score,0,0.1260654075441224
GSE25055,GSM615331,9,0,expanded_score,1,0.060174870824834574
GSE25055,GSM615332,9,1,expanded_score,0,0.06802991327780464
GSE25055,GSM615333,9,4,expanded_score,0,0.23822035003638226
GSE25055,GSM615334,9,1,expanded_score,1,0.45898535007738783
GSE25055,GSM615335,9,0,expanded_score,0,0.40840060722670646
GSE25055,GSM615336,9,2,expanded_score,1,0.49199566050146853
GSE25055,GSM615337,9,0,expanded_score,0,0.03871849990818658
GSE25055,GSM615338,9,1,expanded_score,1,0.3073337016754241
GSE25055,GSM615339,9,3,expanded_score,0,0.01710438584068118
GSE25055,GSM615340,9,3,expanded_score,0,0.049766407296275475
GSE25055,GSM615341,9,2,expanded_score,0,0.03577742254142311
GSE25055,GSM615342,9,0,expanded_score,0,0.13184129750511053
GSE25055,GSM615343,9,3,expanded_score,0,0.23146664953807247
GSE25055,GSM615344,9,0,expanded_score,0,0.19693277677868776
GSE25055,GSM615345,9,1,expanded_score,0,0.047296983055291356
GSE25055,GSM615346,9,1,expanded_score,0,0.5088069614862671
GSE25055,GSM615347,9,2,expanded_score,0,0.3154251587734692
GSE25055,GSM615348,9,4,expanded_score,0,0.3643317751113198
GSE25055,GSM615349,9,2,expanded_score,0,0.03970827342832011
GSE25055,GSM615350,9,0,expanded_score,0,0.1657153598129731
GSE25055,GSM615351,9,4,expanded_score,0,0.022281800761654775
GSE25055,GSM615352,9,0,expanded_score,0,0.005248803890481379
GSE25055,GSM615353,9,2,expanded_score,1,0.11843758900112239
GSE25055,GSM615354,9,1,expanded_score,1,0.23953196340875174
GSE25055,GSM615355,9,0,expanded_score,0,0.041399272918174176
GSE25055,GSM615356,9,3,expanded_score,0,0.2863629780710048
GSE25055,GSM615357,9,3,expanded_score,1,0.5175694451962465
GSE25055,GSM615358,9,0,expanded_score,0,0.012233722734551393
GSE25055,GSM615359,9,2,expanded_score,1,0.35597695487100783
GSE25055,GSM615360,9,1,expanded_score,0,0.043355903364024416
GSE25055,GSM615361,9,1,expanded_score,0,0.1310257860728217
GSE25055,GSM615362,9,2,expanded_score,0,0.022711526067210143
GSE25055,GSM615363,9,2,expanded_score,0,0.31900297348764184
GSE25055,GSM615364,9,0,expanded_score,0,0.5365251610889352
GSE25055,GSM615365,9,1,expanded_score,0,0.03351794608149299
GSE25055,GSM615366,9,4,expanded_score,0,0.0154915109565446
GSE25055,GSM615367,9,0,expanded_score,0,0.06988580514897447
GSE25055,GSM615368,9,1,expanded_score,0,0.7164277429094967
GSE25055,GSM615369,9,4,expanded_score,0,0.2959489686858907
GSE25055,GSM615370,9,2,expanded_score,0,0.06867458974395609
GSE25055,GSM615371,9,4,expanded_score,1,0.41262713343300106
GSE25055,GSM615372,9,0,expanded_score,0,0.4504453424813601
GSE25055,GSM615373,9,0,expanded_score,0,0.07345134400901292
GSE25055,GSM615374,9,1,expanded_score,0,0.006325118639791558
GSE25055,GSM615375,9,1,expanded_score,1,0.45310915457163775
GSE25055,GSM615376,9,4,expanded_score,0,0.14889798127524598
GSE25055,GSM615377,9,4,expanded_score,0,0.004728451153402547
GSE25055,GSM615378,9,1,expanded_score,0,0.4161382672334349
GSE25055,GSM615379,9,2,expanded_score,1,0.15424193354863402
GSE25055,GSM615380,9,2,expanded_score,0,0.4861593310869348
GSE25055,GSM615381,9,3,expanded_score,0,0.01410299247850104
GSE25055,GSM615382,9,1,expanded_score,0,0.13157550134327362
GSE25055,GSM615383,9,3,expanded_score,1,0.022598370930984928
GSE25055,GSM615384,9,1,expanded_score,0,0.17924900186897197
GSE25055,GSM615385,9,3,expanded_score,0,0.096007847200271
GSE25055,GSM615386,9,1,expanded_score,0,0.0229110584785518
GSE25055,GSM615387,9,3,expanded_score,0,0.36192436788054616
GSE25055,GSM615388,9,0,expanded_score,0,0.01840931130238263
GSE25055,GSM615389,9,1,expanded_score,0,0.02509725436925604
GSE25055,GSM615390,9,4,expanded_score,0,0.5699094812849029
GSE25055,GSM615391,9,4,expanded_score,0,0.017510952224144904
GSE25055,GSM615392,9,0,expanded_score,0,0.3166140734757251
GSE25055,GSM615393,9,3,expanded_score,1,0.2688130383920345
GSE25055,GSM615394,9,1,expanded_score,1,0.17918386922930238
GSE25055,GSM615395,9,2,expanded_score,0,0.04872440187094883
GSE25055,GSM615396,9,4,expanded_score,1,0.40691545935291373
GSE25055,GSM615397,9,1,expanded_score,1,0.204020304970617
GSE25055,GSM615398,9,3,expanded_score,0,0.06391930462511046
GSE25055,GSM615399,9,3,expanded_score,0,0.028726483477686436
GSE25055,GSM615400,9,0,expanded_score,0,0.019406138517540455
GSE25055,GSM615401,9,2,expanded_score,0,0.07717988077990459
GSE25055,GSM615402,9,1,expanded_score,0,0.03390751765615887
GSE25055,GSM615403,9,2,expanded_score,0,0.21179614756389067
GSE25055,GSM615404,9,2,expanded_score,0,0.05483472806339919
GSE25055,GSM615405,9,4,expanded_score,0,0.34290859736245577
GSE25055,GSM615096,9,2,expanded_pam50,0,0.055684089326661
GSE25055,GSM615097,9,0,expanded_pam50,0,0.04602313755363126
GSE25055,GSM615098,9,4,expanded_pam50,0,0.3334046262671115
GSE25055,GSM615099,9,1,expanded_pam50,1,0.471483835324557
GSE25055,GSM615100,9,3,expanded_pam50,0,0.03362530045276159
GSE25055,GSM615101,9,0,expanded_pam50,0,0.22219868847902363
GSE25055,GSM615102,9,3,expanded_pam50,0,0.46260945585848806
GSE25055,GSM615104,9,3,expanded_pam50,0,0.38569686200459047
GSE25055,GSM615106,9,4,expanded_pam50,0,0.16680911250494926
GSE25055,GSM615107,9,2,expanded_pam50,0,0.38056645708339915
GSE25055,GSM615108,9,4,expanded_pam50,0,0.2530021645557605
GSE25055,GSM615109,9,1,expanded_pam50,0,0.26758445142269294
GSE25055,GSM615111,9,4,expanded_pam50,0,0.09867183561328169
GSE25055,GSM615112,9,4,expanded_pam50,0,0.14704775938578835
GSE25055,GSM615113,9,3,expanded_pam50,0,0.5016463227716109
GSE25055,GSM615114,9,3,expanded_pam50,0,0.02643765969615668
GSE25055,GSM615115,9,2,expanded_pam50,0,0.1807659202759504
GSE25055,GSM615116,9,2,expanded_pam50,0,0.7628076861139867
GSE25055,GSM615117,9,1,expanded_pam50,0,0.24115887145567538
GSE25055,GSM615120,9,0,expanded_pam50,0,0.006068166370865943
GSE25055,GSM615121,9,3,expanded_pam50,0,0.20269578034873872
GSE25055,GSM615122,9,4,expanded_pam50,1,0.029345353040297416
GSE25055,GSM615123,9,0,expanded_pam50,1,0.08568562126708902
GSE25055,GSM615124,9,0,expanded_pam50,0,0.038411204885676786
GSE25055,GSM615125,9,2,expanded_pam50,0,0.04682627821394029
GSE25055,GSM615126,9,3,expanded_pam50,0,0.03529247396924323
GSE25055,GSM615127,9,0,expanded_pam50,0,0.021343120877014475
GSE25055,GSM615128,9,4,expanded_pam50,0,0.02265793938406655
GSE25055,GSM615129,9,2,expanded_pam50,0,0.06829859625965898
GSE25055,GSM615130,9,3,expanded_pam50,0,0.01791528262597993
GSE25055,GSM615131,9,3,expanded_pam50,0,0.04464211611886107
GSE25055,GSM615132,9,2,expanded_pam50,0,0.044441036218506744
GSE25055,GSM615133,9,0,expanded_pam50,0,0.008046295122619472
GSE25055,GSM615134,9,2,expanded_pam50,0,0.02963115337852438
GSE25055,GSM615135,9,1,expanded_pam50,0,0.285895850612139
GSE25055,GSM615136,9,0,expanded_pam50,0,0.3554822204814791
GSE25055,GSM615137,9,4,expanded_pam50,1,0.0799547855144422
GSE25055,GSM615138,9,1,expanded_pam50,0,0.07785996267881717
GSE25055,GSM615139,9,3,expanded_pam50,1,0.26130726915334784
GSE25055,GSM615140,9,3,expanded_pam50,1,0.012256849395951976
GSE25055,GSM615142,9,2,expanded_pam50,0,0.05512335294484454
GSE25055,GSM615143,9,3,expanded_pam50,1,0.3379926958752652
GSE25055,GSM615144,9,4,expanded_pam50,0,0.030869571925434273
GSE25055,GSM615145,9,3,expanded_pam50,0,0.33962584288336306
GSE25055,GSM615146,9,0,expanded_pam50,1,0.3585577335887995
GSE25055,GSM615147,9,3,expanded_pam50,0,0.046355908820373985
GSE25055,GSM615148,9,2,expanded_pam50,0,0.3731762769639919
GSE25055,GSM615149,9,3,expanded_pam50,0,0.39823739051275814
GSE25055,GSM615150,9,3,expanded_pam50,0,0.027830085629776867
GSE25055,GSM615151,9,3,expanded_pam50,0,0.23796400054908753
GSE25055,GSM615153,9,1,expanded_pam50,0,0.024255365344181896
GSE25055,GSM615154,9,0,expanded_pam50,1,0.46850122423112456
GSE25055,GSM615155,9,2,expanded_pam50,0,0.10768581024610918
GSE25055,GSM615156,9,4,expanded_pam50,0,0.5330311817905209
GSE25055,GSM615157,9,2,expanded_pam50,0,0.16436193063778565
GSE25055,GSM615158,9,2,expanded_pam50,0,0.021165309521889476
GSE25055,GSM615159,9,0,expanded_pam50,0,0.3357270729794686
GSE25055,GSM615160,9,0,expanded_pam50,0,0.41137321172410896
GSE25055,GSM615162,9,4,expanded_pam50,0,0.00990252060611234
GSE25055,GSM615164,9,0,expanded_pam50,1,0.2930453207994011
GSE25055,GSM615165,9,1,expanded_pam50,0,0.09345044300150897
GSE25055,GSM615166,9,2,expanded_pam50,0,0.03535598892480579
GSE25055,GSM615167,9,0,expanded_pam50,1,0.21020150421630407
GSE25055,GSM615168,9,3,expanded_pam50,0,0.06456944932304945
GSE25055,GSM615169,9,1,expanded_pam50,0,0.34288572446887605
GSE25055,GSM615170,9,0,expanded_pam50,0,0.018086368376197554
GSE25055,GSM615171,9,1,expanded_pam50,1,0.4529596621400282
GSE25055,GSM615172,9,0,expanded_pam50,0,0.020316301174339843
GSE25055,GSM615173,9,1,expanded_pam50,0,0.16282375607506575
GSE25055,GSM615174,9,1,expanded_pam50,0,0.16519046349876038
GSE25055,GSM615175,9,4,expanded_pam50,1,0.3284792980173486
GSE25055,GSM615176,9,3,expanded_pam50,0,0.012418568352988588
GSE25055,GSM615177,9,1,expanded_pam50,0,0.08886808332389373
GSE25055,GSM615178,9,4,expanded_pam50,0,0.4621443076452546
GSE25055,GSM615179,9,1,expanded_pam50,0,0.031536906727954304
GSE25055,GSM615180,9,2,expanded_pam50,0,0.034421163555514216
GSE25055,GSM615181,9,3,expanded_pam50,1,0.3733062562971219
GSE25055,GSM615182,9,2,expanded_pam50,0,0.2560021644674702
GSE25055,GSM615183,9,3,expanded_pam50,0,0.05036983004491293
GSE25055,GSM615184,9,4,expanded_pam50,0,0.3803340973043936
GSE25055,GSM615185,9,2,expanded_pam50,0,0.42289748294015095
GSE25055,GSM615186,9,0,expanded_pam50,1,0.010856139091112918
GSE25055,GSM615187,9,0,expanded_pam50,0,0.019046810595572145
GSE25055,GSM615188,9,4,expanded_pam50,0,0.17634912541290496
GSE25055,GSM615189,9,3,expanded_pam50,0,0.16061166518558379
GSE25055,GSM615190,9,3,expanded_pam50,0,0.4691564900843461
GSE25055,GSM615191,9,2,expanded_pam50,1,0.3365247451911151
GSE25055,GSM615192,9,1,expanded_pam50,0,0.036879304823003764
GSE25055,GSM615193,9,2,expanded_pam50,1,0.34377155838782836
GSE25055,GSM615194,9,2,expanded_pam50,1,0.2686888157529037
GSE25055,GSM615195,9,0,expanded_pam50,0,0.3702903359549549
GSE25055,GSM615196,9,1,expanded_pam50,0,0.08325300217688811
GSE25055,GSM615197,9,1,expanded_pam50,0,0.2471673508161248
GSE25055,GSM615198,9,2,expanded_pam50,0,0.0382788814751888
GSE25055,GSM615199,9,3,expanded_pam50,0,0.046336379129516644
GSE25055,GSM615200,9,4,expanded_pam50,0,0.21894105662794566
GSE25055,GSM615201,9,2,expanded_pam50,1,0.11916651943052459
GSE25055,GSM615202,9,2,expanded_pam50,1,0.2616334112916981
GSE25055,GSM615203,9,1,expanded_pam50,0,0.01600880544274955
GSE25055,GSM615204,9,4,expanded_pam50,0,0.0666663923159043
GSE25055,GSM615205,9,4,expanded_pam50,0,0.0774941892637624
GSE25055,GSM615206,9,4,expanded_pam50,0,0.08924088323610545
GSE25055,GSM615207,9,1,expanded_pam50,0,0.04875863349181902
GSE25055,GSM615208,9,0,expanded_pam50,0,0.029373885575462833
GSE25055,GSM615209,9,1,expanded_pam50,1,0.35280307464078514
GSE25055,GSM615210,9,0,expanded_pam50,0,0.030060531019416102
GSE25055,GSM615211,9,4,expanded_pam50,1,0.5431670920379439
GSE25055,GSM615212,9,4,expanded_pam50,1,0.4574201611233891
GSE25055,GSM615213,9,0,expanded_pam50,1,0.3726849357814049
GSE25055,GSM615214,9,1,expanded_pam50,0,0.05132980917345046
GSE25055,GSM615215,9,0,expanded_pam50,1,0.35721946848410474
GSE25055,GSM615216,9,0,expanded_pam50,0,0.04872075850155262
GSE25055,GSM615217,9,4,expanded_pam50,0,0.03470605562293778
GSE25055,GSM615218,9,1,expanded_pam50,0,0.22694920440726055
GSE25055,GSM615219,9,2,expanded_pam50,0,0.19931765888872355
GSE25055,GSM615220,9,4,expanded_pam50,0,0.06408728684097878
GSE25055,GSM615221,9,0,expanded_pam50,0,0.06470727732639796
GSE25055,GSM615222,9,2,expanded_pam50,0,0.05366514860959214
GSE25055,GSM615223,9,3,expanded_pam50,0,0.3332625692954644
GSE25055,GSM615224,9,0,expanded_pam50,0,0.022031552532674643
GSE25055,GSM615225,9,3,expanded_pam50,0,0.2408642612360064
GSE25055,GSM615226,9,0,expanded_pam50,0,0.010181296322343563
GSE25055,GSM615227,9,2,expanded_pam50,0,0.04087951427648794
GSE25055,GSM615228,9,4,expanded_pam50,0,0.23941458731776669
GSE25055,GSM615229,9,3,expanded_pam50,0,0.10690803604840896
GSE25055,GSM615230,9,3,expanded_pam50,0,0.0770568003983468
GSE25055,GSM615231,9,2,expanded_pam50,0,0.03333699100734406
GSE25055,GSM615232,9,4,expanded_pam50,0,0.03308754506940022
GSE25055,GSM615233,9,2,expanded_pam50,0,0.01856891141442717
GSE25055,GSM615234,9,4,expanded_pam50,0,0.20597645682855512
GSE25055,GSM615235,9,1,expanded_pam50,0,0.05041701462093155
GSE25055,GSM615236,9,4,expanded_pam50,0,0.08264738768389196
GSE25055,GSM615237,9,2,expanded_pam50,0,0.0463060948281682
GSE25055,GSM615238,9,2,expanded_pam50,0,0.10054470216300895
GSE25055,GSM615239,9,4,expanded_pam50,0,0.045553333429024796
GSE25055,GSM615240,9,3,expanded_pam50,1,0.4731685228913355
GSE25055,GSM615241,9,2,expanded_pam50,0,0.04235953288615447
GSE25055,GSM615242,9,4,expanded_pam50,1,0.3600497709095593
GSE25055,GSM615243,9,1,expanded_pam50,0,0.043086449509514776
GSE25055,GSM615244,9,3,expanded_pam50,0,0.5536667761476898
GSE25055,GSM615245,9,1,expanded_pam50,0,0.06849353387713794
GSE25055,GSM615246,9,3,expanded_pam50,0,0.04659442192566727
GSE25055,GSM615247,9,2,expanded_pam50,0,0.12464208967850243
GSE25055,GSM615248,9,3,expanded_pam50,0,0.12670091558843272
GSE25055,GSM615249,9,1,expanded_pam50,0,0.11533219070109167
GSE25055,GSM615250,9,4,expanded_pam50,0,0.5422823680425155
GSE25055,GSM615251,9,3,expanded_pam50,0,0.49506873337075785
GSE25055,GSM615252,9,1,expanded_pam50,0,0.028314242651775234
GSE25055,GSM615253,9,0,expanded_pam50,0,0.06275415015573999
GSE25055,GSM615254,9,0,expanded_pam50,0,0.03607142125711527
GSE25055,GSM615255,9,1,expanded_pam50,0,0.33743673527132306
GSE25055,GSM615256,9,1,expanded_pam50,1,0.12549565812288732
GSE25055,GSM615257,9,0,expanded_pam50,0,0.014781920385003224
GSE25055,GSM615258,9,4,expanded_pam50,0,0.06160119624074578
GSE25055,GSM615259,9,1,expanded_pam50,0,0.026109991940193013
GSE25055,GSM615260,9,1,expanded_pam50,0,0.2866968870445139
GSE25055,GSM615261,9,4,expanded_pam50,0,0.04557554579833539
GSE25055,GSM615262,9,1,expanded_pam50,0,0.02083376046091257
GSE25055,GSM615263,9,2,expanded_pam50,1,0.12217035383535621
GSE25055,GSM615264,9,0,expanded_pam50,1,0.34380422756874973
GSE25055,GSM615265,9,0,expanded_pam50,0,0.3544592561822022
GSE25055,GSM615266,9,2,expanded_pam50,0,0.025971901589595447
GSE25055,GSM615267,9,2,expanded_pam50,0,0.09681640099527251
GSE25055,GSM615268,9,2,expanded_pam50,0,0.07448154342834222
GSE25055,GSM615269,9,3,expanded_pam50,0,0.08666775743369666
GSE25055,GSM615270,9,4,expanded_pam50,1,0.2518837083704032
GSE25055,GSM615271,9,3,expanded_pam50,0,0.038825637962282125
GSE25055,GSM615272,9,3,expanded_pam50,0,0.05420194105202862
GSE25055,GSM615273,9,3,expanded_pam50,0,0.03755602133760014
GSE25055,GSM615274,9,1,expanded_pam50,0,0.07609990894869205
GSE25055,GSM615275,9,4,expanded_pam50,0,0.08861146964027819
GSE25055,GSM615276,9,4,expanded_pam50,0,0.3431479826705221
GSE25055,GSM615277,9,1,expanded_pam50,0,0.04462839324544761
GSE25055,GSM615278,9,4,expanded_pam50,0,0.09166357274106385
GSE25055,GSM615279,9,2,expanded_pam50,0,0.04219827381125077
GSE25055,GSM615280,9,3,expanded_pam50,1,0.06547963089375033
GSE25055,GSM615281,9,0,expanded_pam50,0,0.0387461778363053
GSE25055,GSM615282,9,4,expanded_pam50,0,0.02576006898822763
GSE25055,GSM615283,9,0,expanded_pam50,0,0.03616133329455693
GSE25055,GSM615284,9,4,expanded_pam50,1,0.2249780357665586
GSE25055,GSM615285,9,2,expanded_pam50,0,0.08006995071027567
GSE25055,GSM615286,9,4,expanded_pam50,0,0.08069565569159463
GSE25055,GSM615287,9,2,expanded_pam50,0,0.15056442745245865
GSE25055,GSM615288,9,4,expanded_pam50,0,0.6376447914918477
GSE25055,GSM615289,9,1,expanded_pam50,0,0.05775162633901432
GSE25055,GSM615290,9,1,expanded_pam50,0,0.04451324705966114
GSE25055,GSM615291,9,4,expanded_pam50,1,0.4691651726428325
GSE25055,GSM615292,9,4,expanded_pam50,0,0.043916657341630555
GSE25055,GSM615293,9,3,expanded_pam50,1,0.5659412436079776
GSE25055,GSM615294,9,2,expanded_pam50,0,0.1639051361639828
GSE25055,GSM615295,9,2,expanded_pam50,0,0.13710671337835872
GSE25055,GSM615296,9,3,expanded_pam50,0,0.018393409687456997
GSE25055,GSM615297,9,0,expanded_pam50,0,0.4234182869520519
GSE25055,GSM615298,9,3,expanded_pam50,0,0.04443669879387999
GSE25055,GSM615299,9,2,expanded_pam50,0,0.06709228850119332
GSE25055,GSM615300,9,1,expanded_pam50,1,0.34543976809470694
GSE25055,GSM615301,9,0,expanded_pam50,0,0.2929089097993653
GSE25055,GSM615302,9,3,expanded_pam50,0,0.04624227213848863
GSE25055,GSM615303,9,1,expanded_pam50,0,0.16596819271644017
GSE25055,GSM615304,9,4,expanded_pam50,0,0.261395430061629
GSE25055,GSM615305,9,4,expanded_pam50,0,0.06289296479853652
GSE25055,GSM615306,9,3,expanded_pam50,0,0.020803634011881886
GSE25055,GSM615307,9,0,expanded_pam50,1,0.49181527643624473
GSE25055,GSM615308,9,3,expanded_pam50,0,0.15155005694926602
GSE25055,GSM615309,9,0,expanded_pam50,0,0.08818983333975287
GSE25055,GSM615310,9,3,expanded_pam50,1,0.16792996987538447
GSE25055,GSM615311,9,3,expanded_pam50,0,0.03471055777355143
GSE25055,GSM615312,9,0,expanded_pam50,0,0.2059050754899744
GSE25055,GSM615313,9,2,expanded_pam50,0,0.0372469907995397
GSE25055,GSM615314,9,1,expanded_pam50,0,0.023107269560692752
GSE25055,GSM615315,9,1,expanded_pam50,0,0.38985902295988745
GSE25055,GSM615316,9,3,expanded_pam50,0,0.05479590712662133
GSE25055,GSM615317,9,4,expanded_pam50,0,0.5062000909929876
GSE25055,GSM615318,9,0,expanded_pam50,0,0.028489315114145222
GSE25055,GSM615319,9,2,expanded_pam50,0,0.36502384132746696
GSE25055,GSM615320,9,4,expanded_pam50,0,0.5277984560521366
GSE25055,GSM615321,9,4,expanded_pam50,0,0.4969318434695568
GSE25055,GSM615322,9,3,expanded_pam50,0,0.2743744660890138
GSE25055,GSM615323,9,0,expanded_pam50,0,0.30992328500948246
GSE25055,GSM615324,9,0,expanded_pam50,1,0.5129535462105473
GSE25055,GSM615325,9,2,expanded_pam50,1,0.5320924104353401
GSE25055,GSM615326,9,4,expanded_pam50,0,0.21177900243113446
GSE25055,GSM615327,9,0,expanded_pam50,0,0.2453173701970986
GSE25055,GSM615328,9,0,expanded_pam50,0,0.0224638041613846
GSE25055,GSM615329,9,1,expanded_pam50,0,0.050283772701979416
GSE25055,GSM615330,9,0,expanded_pam50,0,0.34341626446467
GSE25055,GSM615331,9,0,expanded_pam50,1,0.1594497761494658
GSE25055,GSM615332,9,1,expanded_pam50,0,0.04055668430931526
GSE25055,GSM615333,9,4,expanded_pam50,0,0.30810659581821265
GSE25055,GSM615334,9,1,expanded_pam50,1,0.25384618719904817
GSE25055,GSM615335,9,0,expanded_pam50,0,0.44165577581278864
GSE25055,GSM615336,9,2,expanded_pam50,1,0.42025135824661003
GSE25055,GSM615337,9,0,expanded_pam50,0,0.037195290043877866
GSE25055,GSM615338,9,1,expanded_pam50,1,0.34543976809470694
GSE25055,GSM615339,9,3,expanded_pam50,0,0.023656263617828723
GSE25055,GSM615340,9,3,expanded_pam50,0,0.05439118001760842
GSE25055,GSM615341,9,2,expanded_pam50,0,0.04819308431775837
GSE25055,GSM615342,9,0,expanded_pam50,0,0.16732999564586876
GSE25055,GSM615343,9,3,expanded_pam50,0,0.294558053226015
GSE25055,GSM615344,9,0,expanded_pam50,0,0.36669651583178486
GSE25055,GSM615345,9,1,expanded_pam50,0,0.07930816170102799
GSE25055,GSM615346,9,1,expanded_pam50,0,0.4618059858841006
GSE25055,GSM615347,9,2,expanded_pam50,0,0.31480691280271256
GSE25055,GSM615348,9,4,expanded_pam50,0,0.3548772363548101
GSE25055,GSM615349,9,2,expanded_pam50,0,0.04278319251573227
GSE25055,GSM615350,9,0,expanded_pam50,0,0.2322034981443364
GSE25055,GSM615351,9,4,expanded_pam50,0,0.013280164304611233
GSE25055,GSM615352,9,0,expanded_pam50,0,0.010270747790967264
GSE25055,GSM615353,9,2,expanded_pam50,1,0.1054588048128915
GSE25055,GSM615354,9,1,expanded_pam50,1,0.20943612440825357
GSE25055,GSM615355,9,0,expanded_pam50,0,0.023204705482681585
GSE25055,GSM615356,9,3,expanded_pam50,0,0.4406551633292089
GSE25055,GSM615357,9,3,expanded_pam50,1,0.4459474634311989
GSE25055,GSM615358,9,0,expanded_pam50,0,0.017868555894680664
GSE25055,GSM615359,9,2,expanded_pam50,1,0.2579431237476796
GSE25055,GSM615360,9,1,expanded_pam50,0,0.040662200942774576
GSE25055,GSM615361,9,1,expanded_pam50,0,0.15087891021949507
GSE25055,GSM615362,9,2,expanded_pam50,0,0.02393657725664225
GSE25055,GSM615363,9,2,expanded_pam50,0,0.4547565340663912
GSE25055,GSM615364,9,0,expanded_pam50,0,0.48650984498040895
GSE25055,GSM615365,9,1,expanded_pam50,0,0.02974229261832931
GSE25055,GSM615366,9,4,expanded_pam50,0,0.017319835796222947
GSE25055,GSM615367,9,0,expanded_pam50,0,0.1078045672685388
GSE25055,GSM615368,9,1,expanded_pam50,0,0.5745872447659037
GSE25055,GSM615369,9,4,expanded_pam50,0,0.4969318434695568
GSE25055,GSM615370,9,2,expanded_pam50,0,0.05335272852680691
GSE25055,GSM615371,9,4,expanded_pam50,1,0.44463764227933084
GSE25055,GSM615372,9,0,expanded_pam50,0,0.4732621633701105
GSE25055,GSM615373,9,0,expanded_pam50,0,0.060906865078854684
GSE25055,GSM615374,9,1,expanded_pam50,0,0.008329187421558316
GSE25055,GSM615375,9,1,expanded_pam50,1,0.18257619694845081
GSE25055,GSM615376,9,4,expanded_pam50,0,0.2699514455366607
GSE25055,GSM615377,9,4,expanded_pam50,0,0.019261428176449134
GSE25055,GSM615378,9,1,expanded_pam50,0,0.4698691726550415
GSE25055,GSM615379,9,2,expanded_pam50,1,0.22463087806394014
GSE25055,GSM615380,9,2,expanded_pam50,0,0.3720147016334847
GSE25055,GSM615381,9,3,expanded_pam50,0,0.030640741480897543
GSE25055,GSM615382,9,1,expanded_pam50,0,0.2951818680936619
GSE25055,GSM615383,9,3,expanded_pam50,1,0.027472687482428614
GSE25055,GSM615384,9,1,expanded_pam50,0,0.27916962124677586
GSE25055,GSM615385,9,3,expanded_pam50,0,0.24440927985198316
GSE25055,GSM615386,9,1,expanded_pam50,0,0.04603059272378503
GSE25055,GSM615387,9,3,expanded_pam50,0,0.5279282503147625
GSE25055,GSM615388,9,0,expanded_pam50,0,0.01925297181061375
GSE25055,GSM615389,9,1,expanded_pam50,0,0.019264868671615327
GSE25055,GSM615390,9,4,expanded_pam50,0,0.509288874569999
GSE25055,GSM615391,9,4,expanded_pam50,0,0.04431154989654359
GSE25055,GSM615392,9,0,expanded_pam50,0,0.28635656624863876
GSE25055,GSM615393,9,3,expanded_pam50,1,0.4045592405134161
GSE25055,GSM615394,9,1,expanded_pam50,1,0.2753666454217217
GSE25055,GSM615395,9,2,expanded_pam50,0,0.07529425822529413
GSE25055,GSM615396,9,4,expanded_pam50,1,0.40079968516722614
GSE25055,GSM615397,9,1,expanded_pam50,1,0.15646358574326757
GSE25055,GSM615398,9,3,expanded_pam50,0,0.0789971652670622
GSE25055,GSM615399,9,3,expanded_pam50,0,0.024171241469690952
GSE25055,GSM615400,9,0,expanded_pam50,0,0.018291351482823272
GSE25055,GSM615401,9,2,expanded_pam50,0,0.05879522715815173
GSE25055,GSM615402,9,1,expanded_pam50,0,0.026977766889240445
GSE25055,GSM615403,9,2,expanded_pam50,0,0.16697315793812864
GSE25055,GSM615404,9,2,expanded_pam50,0,0.05713002303289267
GSE25055,GSM615405,9,4,expanded_pam50,0,0.16720057959897336
GSE25055,GSM615096,9,2,expanded_pam50_score,0,0.04715772820492755
GSE25055,GSM615097,9,0,expanded_pam50_score,0,0.02725439118585008
GSE25055,GSM615098,9,4,expanded_pam50_score,0,0.3774497900443293
GSE25055,GSM615099,9,1,expanded_pam50_score,1,0.598690359641139
GSE25055,GSM615100,9,3,expanded_pam50_score,0,0.057471160509866843
GSE25055,GSM615101,9,0,expanded_pam50_score,0,0.27809498188127285
GSE25055,GSM615102,9,3,expanded_pam50_score,0,0.4724213856881261
GSE25055,GSM615104,9,3,expanded_pam50_score,0,0.3104751768700594
GSE25055,GSM615106,9,4,expanded_pam50_score,0,0.10215052742885276
GSE25055,GSM615107,9,2,expanded_pam50_score,0,0.3869689585603461
GSE25055,GSM615108,9,4,expanded_pam50_score,0,0.303563075365552
GSE25055,GSM615109,9,1,expanded_pam50_score,0,0.36730117870086554
GSE25055,GSM615111,9,4,expanded_pam50_score,0,0.07339904352026273
GSE25055,GSM615112,9,4,expanded_pam50_score,0,0.22769487666718588
GSE25055,GSM615113,9,3,expanded_pam50_score,0,0.5090243601294983
GSE25055,GSM615114,9,3,expanded_pam50_score,0,0.022324135744944823
GSE25055,GSM615115,9,2,expanded_pam50_score,0,0.18436092003910504
GSE25055,GSM615116,9,2,expanded_pam50_score,0,0.6639169278577923
GSE25055,GSM615117,9,1,expanded_pam50_score,0,0.3554539791386648
GSE25055,GSM615120,9,0,expanded_pam50_score,0,0.005356973512405294
GSE25055,GSM615121,9,3,expanded_pam50_score,0,0.11742039466625177
GSE25055,GSM615122,9,4,expanded_pam50_score,1,0.01579527715231292
GSE25055,GSM615123,9,0,expanded_pam50_score,1,0.19813630707204452
GSE25055,GSM615124,9,0,expanded_pam50_score,0,0.031825471439370936
GSE25055,GSM615125,9,2,expanded_pam50_score,0,0.039758621369423215
GSE25055,GSM615126,9,3,expanded_pam50_score,0,0.03692526759094357
GSE25055,GSM615127,9,0,expanded_pam50_score,0,0.0302557849051278
GSE25055,GSM615128,9,4,expanded_pam50_score,0,0.013645026145448998
GSE25055,GSM615129,9,2,expanded_pam50_score,0,0.04770011082762217
GSE25055,GSM615130,9,3,expanded_pam50_score,0,0.01172333320757982
GSE25055,GSM615131,9,3,expanded_pam50_score,0,0.03925332430210799
GSE25055,GSM615132,9,2,expanded_pam50_score,0,0.04304121910539056
GSE25055,GSM615133,9,0,expanded_pam50_score,0,0.007690953293381907
GSE25055,GSM615134,9,2,expanded_pam50_score,0,0.029543284607450867
GSE25055,GSM615135,9,1,expanded_pam50_score,0,0.2838982780848947
GSE25055,GSM615136,9,0,expanded_pam50_score,0,0.39630105005980776
GSE25055,GSM615137,9,4,expanded_pam50_score,1,0.07312347262951774
GSE25055,GSM615138,9,1,expanded_pam50_score,0,0.0701902572951512
GSE25055,GSM615139,9,3,expanded_pam50_score,1,0.4277200262227495
GSE25055,GSM615140,9,3,expanded_pam50_score,1,0.018627198851553978
GSE25055,GSM615142,9,2,expanded_pam50_score,0,0.0462889670326019
GSE25055,GSM615143,9,3,expanded_pam50_score,1,0.2979618585097208
GSE25055,GSM615144,9,4,expanded_pam50_score,0,0.03146964599532142
GSE25055,GSM615145,9,3,expanded_pam50_score,0,0.562350540403527
GSE25055,GSM615146,9,0,expanded_pam50_score,1,0.33165913617676335
GSE25055,GSM615147,9,3,expanded_pam50_score,0,0.03692233909168768
GSE25055,GSM615148,9,2,expanded_pam50_score,0,0.362593221232178
GSE25055,GSM615149,9,3,expanded_pam50_score,0,0.30533646663224123
GSE25055,GSM615150,9,3,expanded_pam50_score,0,0.018528705964568338
GSE25055,GSM615151,9,3,expanded_pam50_score,0,0.2870142559248267
GSE25055,GSM615153,9,1,expanded_pam50_score,0,0.034784394444042056
GSE25055,GSM615154,9,0,expanded_pam50_score,1,0.3554345408874952
GSE25055,GSM615155,9,2,expanded_pam50_score,0,0.12738847024847136
GSE25055,GSM615156,9,4,expanded_pam50_score,0,0.3859643758403135
GSE25055,GSM615157,9,2,expanded_pam50_score,0,0.09705831055748897
GSE25055,GSM615158,9,2,expanded_pam50_score,0,0.025960893873930867
GSE25055,GSM615159,9,0,expanded_pam50_score,0,0.11614713422083052
GSE25055,GSM615160,9,0,expanded_pam50_score,0,0.3548811218882119
GSE25055,GSM615162,9,4,expanded_pam50_score,0,0.0068863577252608905
GSE25055,GSM615164,9,0,expanded_pam50_score,1,0.4525684994349769
GSE25055,GSM615165,9,1,expanded_pam50_score,0,0.08983303268726432
GSE25055,GSM615166,9,2,expanded_pam50_score,0,0.055269003361564595
GSE25055,GSM615167,9,0,expanded_pam50_score,1,0.1322572916576912
GSE25055,GSM615168,9,3,expanded_pam50_score,0,0.037039308707252
GSE25055,GSM615169,9,1,expanded_pam50_score,0,0.3362644764531561
GSE25055,GSM615170,9,0,expanded_pam50_score,0,0.013844804013565184
GSE25055,GSM615171,9,1,expanded_pam50_score,1,0.3309979993540352
GSE25055,GSM615172,9,0,expanded_pam50_score,0,0.017126086506965902
GSE25055,GSM615173,9,1,expanded_pam50_score,0,0.10388222595276318
GSE25055,GSM615174,9,1,expanded_pam50_score,0,0.17196648138833723
GSE25055,GSM615175,9,4,expanded_pam50_score,1,0.3935427161296939
GSE25055,GSM615176,9,3,expanded_pam50_score,0,0.0137109477325338
GSE25055,GSM615177,9,1,expanded_pam50_score,0,0.08782625103956271
GSE25055,GSM615178,9,4,expanded_pam50_score,0,0.3446552099605889
GSE25055,GSM615179,9,1,expanded_pam50_score,0,0.03740889023807325
GSE25055,GSM615180,9,2,expanded_pam50_score,0,0.044962566210425846
GSE25055,GSM615181,9,3,expanded_pam50_score,1,0.35743197959346434
GSE25055,GSM615182,9,2,expanded_pam50_score,0,0.27044911215457673
GSE25055,GSM615183,9,3,expanded_pam50_score,0,0.033722177800016614
GSE25055,GSM615184,9,4,expanded_pam50_score,0,0.5404861685593224
GSE25055,GSM615185,9,2,expanded_pam50_score,0,0.3521887576433017
GSE25055,GSM615186,9,0,expanded_pam50_score,1,0.012597017561531554
GSE25055,GSM615187,9,0,expanded_pam50_score,0,0.03014910939744834
GSE25055,GSM615188,9,4,expanded_pam50_score,0,0.2096818803260734
GSE25055,GSM615189,9,3,expanded_pam50_score,0,0.1248185509786531
GSE25055,GSM615190,9,3,expanded_pam50_score,0,0.4622648918226372
GSE25055,GSM615191,9,2,expanded_pam50_score,1,0.4790841780529674
GSE25055,GSM615192,9,1,expanded_pam50_score,0,0.03241647336450052
GSE25055,GSM615193,9,2,expanded_pam50_score,1,0.3900595126278441
GSE25055,GSM615194,9,2,expanded_pam50_score,1,0.34951753389647494
GSE25055,GSM615195,9,0,expanded_pam50_score,0,0.5297083782645079
GSE25055,GSM615196,9,1,expanded_pam50_score,0,0.12572244221597015
GSE25055,GSM615197,9,1,expanded_pam50_score,0,0.3182971493954586
GSE25055,GSM615198,9,2,expanded_pam50_score,0,0.03257579108183499
GSE25055,GSM615199,9,3,expanded_pam50_score,0,0.05375071318283699
GSE25055,GSM615200,9,4,expanded_pam50_score,0,0.35814089420252226
GSE25055,GSM615201,9,2,expanded_pam50_score,1,0.15060108658355564
GSE25055,GSM615202,9,2,expanded_pam50_score,1,0.3564907738932704
GSE25055,GSM615203,9,1,expanded_pam50_score,0,0.008038367718662912
GSE25055,GSM615204,9,4,expanded_pam50_score,0,0.03993324871517061
GSE25055,GSM615205,9,4,expanded_pam50_score,0,0.0674025858298674
GSE25055,GSM615206,9,4,expanded_pam50_score,0,0.040800799340215556
GSE25055,GSM615207,9,1,expanded_pam50_score,0,0.032470954715548145
GSE25055,GSM615208,9,0,expanded_pam50_score,0,0.021869241764731626
GSE25055,GSM615209,9,1,expanded_pam50_score,1,0.4617438375263868
GSE25055,GSM615210,9,0,expanded_pam50_score,0,0.01713096813841383
GSE25055,GSM615211,9,4,expanded_pam50_score,1,0.6911443263056162
GSE25055,GSM615212,9,4,expanded_pam50_score,1,0.23329677520773512
GSE25055,GSM615213,9,0,expanded_pam50_score,1,0.39005371444427267
GSE25055,GSM615214,9,1,expanded_pam50_score,0,0.023831259459000394
GSE25055,GSM615215,9,0,expanded_pam50_score,1,0.25160003685384597
GSE25055,GSM615216,9,0,expanded_pam50_score,0,0.06395133062939937
GSE25055,GSM615217,9,4,expanded_pam50_score,0,0.035232420085262936
GSE25055,GSM615218,9,1,expanded_pam50_score,0,0.18264769082830953
GSE25055,GSM615219,9,2,expanded_pam50_score,0,0.15957050581156573
GSE25055,GSM615220,9,4,expanded_pam50_score,0,0.012850212923050264
GSE25055,GSM615221,9,0,expanded_pam50_score,0,0.05686713376932194
GSE25055,GSM615222,9,2,expanded_pam50_score,0,0.0377313889813597
GSE25055,GSM615223,9,3,expanded_pam50_score,0,0.1760686721684294
GSE25055,GSM615224,9,0,expanded_pam50_score,0,0.007567078938997592
GSE25055,GSM615225,9,3,expanded_pam50_score,0,0.2064445997011059
GSE25055,GSM615226,9,0,expanded_pam50_score,0,0.0065556205188645935
GSE25055,GSM615227,9,2,expanded_pam50_score,0,0.04955974091744052
GSE25055,GSM615228,9,4,expanded_pam50_score,0,0.2207625089839741
GSE25055,GSM615229,9,3,expanded_pam50_score,0,0.04835382085356205
GSE25055,GSM615230,9,3,expanded_pam50_score,0,0.025655266340282933
GSE25055,GSM615231,9,2,expanded_pam50_score,0,0.02464478096390284
GSE25055,GSM615232,9,4,expanded_pam50_score,0,0.016217610328633395
GSE25055,GSM615233,9,2,expanded_pam50_score,0,0.014119177403817853
GSE25055,GSM615234,9,4,expanded_pam50_score,0,0.1254398881901769
GSE25055,GSM615235,9,1,expanded_pam50_score,0,0.09685107160795724
GSE25055,GSM615236,9,4,expanded_pam50_score,0,0.0745755791042391
GSE25055,GSM615237,9,2,expanded_pam50_score,0,0.036624486471364785
GSE25055,GSM615238,9,2,expanded_pam50_score,0,0.05436923173848196
GSE25055,GSM615239,9,4,expanded_pam50_score,0,0.05269011425896014
GSE25055,GSM615240,9,3,expanded_pam50_score,1,0.2205869808727702
GSE25055,GSM615241,9,2,expanded_pam50_score,0,0.04786159432791931
GSE25055,GSM615242,9,4,expanded_pam50_score,1,0.39054493017110775
GSE25055,GSM615243,9,1,expanded_pam50_score,0,0.027689993217329945
GSE25055,GSM615244,9,3,expanded_pam50_score,0,0.3149016400806106
GSE25055,GSM615245,9,1,expanded_pam50_score,0,0.13313292938301616
GSE25055,GSM615246,9,3,expanded_pam50_score,0,0.061658619706235575
GSE25055,GSM615247,9,2,expanded_pam50_score,0,0.11802760499854457
GSE25055,GSM615248,9,3,expanded_pam50_score,0,0.20401424749333621
GSE25055,GSM615249,9,1,expanded_pam50_score,0,0.06740842383697059
GSE25055,GSM615250,9,4,expanded_pam50_score,0,0.647457446396475
GSE25055,GSM615251,9,3,expanded_pam50_score,0,0.5049359901535267
GSE25055,GSM615252,9,1,expanded_pam50_score,0,0.016631405076084328
GSE25055,GSM615253,9,0,expanded_pam50_score,0,0.06849775538964105
GSE25055,GSM615254,9,0,expanded_pam50_score,0,0.0267117135167468
GSE25055,GSM615255,9,1,expanded_pam50_score,0,0.2644454828709294
GSE25055,GSM615256,9,1,expanded_pam50_score,1,0.1604026809245303
GSE25055,GSM615257,9,0,expanded_pam50_score,0,0.005950711178747248
GSE25055,GSM615258,9,4,expanded_pam50_score,0,0.07671916531621564
GSE25055,GSM615259,9,1,expanded_pam50_score,0,0.017792940783370733
GSE25055,GSM615260,9,1,expanded_pam50_score,0,0.4344555276643848
GSE25055,GSM615261,9,4,expanded_pam50_score,0,0.05319022947681993
GSE25055,GSM615262,9,1,expanded_pam50_score,0,0.016596854277238754
GSE25055,GSM615263,9,2,expanded_pam50_score,1,0.17759166727192235
GSE25055,GSM615264,9,0,expanded_pam50_score,1,0.19684569204155578
GSE25055,GSM615265,9,0,expanded_pam50_score,0,0.22466547695294858
GSE25055,GSM615266,9,2,expanded_pam50_score,0,0.03926633732426435
GSE25055,GSM615267,9,2,expanded_pam50_score,0,0.08938646133775915
GSE25055,GSM615268,9,2,expanded_pam50_score,0,0.09657693122946705
GSE25055,GSM615269,9,3,expanded_pam50_score,0,0.061797525405142745
GSE25055,GSM615270,9,4,expanded_pam50_score,1,0.36026147977118017
GSE25055,GSM615271,9,3,expanded_pam50_score,0,0.0641062696610457
GSE25055,GSM615272,9,3,expanded_pam50_score,0,0.03781113351116557
GSE25055,GSM615273,9,3,expanded_pam50_score,0,0.05573054435621652
GSE25055,GSM615274,9,1,expanded_pam50_score,0,0.16567263310087665
GSE25055,GSM615275,9,4,expanded_pam50_score,0,0.16707988054360862
GSE25055,GSM615276,9,4,expanded_pam50_score,0,0.24278516113900656
GSE25055,GSM615277,9,1,expanded_pam50_score,0,0.05354624405114643
GSE25055,GSM615278,9,4,expanded_pam50_score,0,0.07952279197680628
GSE25055,GSM615279,9,2,expanded_pam50_score,0,0.03632348573436034
GSE25055,GSM615280,9,3,expanded_pam50_score,1,0.08060433814981005
GSE25055,GSM615281,9,0,expanded_pam50_score,0,0.0447840504880102
GSE25055,GSM615282,9,4,expanded_pam50_score,0,0.02489380820677067
GSE25055,GSM615283,9,0,expanded_pam50_score,0,0.05881776162049837
GSE25055,GSM615284,9,4,expanded_pam50_score,1,0.25318269754330447
GSE25055,GSM615285,9,2,expanded_pam50_score,0,0.05313864418662347
GSE25055,GSM615286,9,4,expanded_pam50_score,0,0.1666430871149108
GSE25055,GSM615287,9,2,expanded_pam50_score,0,0.19325275700924038
GSE25055,GSM615288,9,4,expanded_pam50_score,0,0.685442447806644
GSE25055,GSM615289,9,1,expanded_pam50_score,0,0.13493788917750404
GSE25055,GSM615290,9,1,expanded_pam50_score,0,0.10961307398467778
GSE25055,GSM615291,9,4,expanded_pam50_score,1,0.41762285550818756
GSE25055,GSM615292,9,4,expanded_pam50_score,0,0.04357617113144383
GSE25055,GSM615293,9,3,expanded_pam50_score,1,0.7314133555875133
GSE25055,GSM615294,9,2,expanded_pam50_score,0,0.20192848061690846
GSE25055,GSM615295,9,2,expanded_pam50_score,0,0.10596947473425196
GSE25055,GSM615296,9,3,expanded_pam50_score,0,0.022877243406697115
GSE25055,GSM615297,9,0,expanded_pam50_score,0,0.5452124434223841
GSE25055,GSM615298,9,3,expanded_pam50_score,0,0.04403209905248028
GSE25055,GSM615299,9,2,expanded_pam50_score,0,0.04694251728445303
GSE25055,GSM615300,9,1,expanded_pam50_score,1,0.24712571299357425
GSE25055,GSM615301,9,0,expanded_pam50_score,0,0.26817602093938336
GSE25055,GSM615302,9,3,expanded_pam50_score,0,0.044586938566578214
GSE25055,GSM615303,9,1,expanded_pam50_score,0,0.1614406293951887
GSE25055,GSM615304,9,4,expanded_pam50_score,0,0.10549453115512539
GSE25055,GSM615305,9,4,expanded_pam50_score,0,0.05699358746036354
GSE25055,GSM615306,9,3,expanded_pam50_score,0,0.017029673319274217
GSE25055,GSM615307,9,0,expanded_pam50_score,1,0.7337336679646648
GSE25055,GSM615308,9,3,expanded_pam50_score,0,0.07872507039115584
GSE25055,GSM615309,9,0,expanded_pam50_score,0,0.05801901280176993
GSE25055,GSM615310,9,3,expanded_pam50_score,1,0.348265884943118
GSE25055,GSM615311,9,3,expanded_pam50_score,0,0.020602096772080053
GSE25055,GSM615312,9,0,expanded_pam50_score,0,0.17393563068316328
GSE25055,GSM615313,9,2,expanded_pam50_score,0,0.03247481115383847
GSE25055,GSM615314,9,1,expanded_pam50_score,0,0.016630348703465303
GSE25055,GSM615315,9,1,expanded_pam50_score,0,0.48443579520202135
GSE25055,GSM615316,9,3,expanded_pam50_score,0,0.02750009228974629
GSE25055,GSM615317,9,4,expanded_pam50_score,0,0.5260025807225195
GSE25055,GSM615318,9,0,expanded_pam50_score,0,0.018991699305054396
GSE25055,GSM615319,9,2,expanded_pam50_score,0,0.2785055790508592
GSE25055,GSM615320,9,4,expanded_pam50_score,0,0.6583404348036848
GSE25055,GSM615321,9,4,expanded_pam50_score,0,0.4760525091171796
GSE25055,GSM615322,9,3,expanded_pam50_score,0,0.34784421003751953
GSE25055,GSM615323,9,0,expanded_pam50_score,0,0.14725079805415378
GSE25055,GSM615324,9,0,expanded_pam50_score,1,0.7213163463184369
GSE25055,GSM615325,9,2,expanded_pam50_score,1,0.6050509368217867
GSE25055,GSM615326,9,4,expanded_pam50_score,0,0.43662949889913183
GSE25055,GSM615327,9,0,expanded_pam50_score,0,0.26024694457032177
GSE25055,GSM615328,9,0,expanded_pam50_score,0,0.015991790988847076
GSE25055,GSM615329,9,1,expanded_pam50_score,0,0.033071581351413706
GSE25055,GSM615330,9,0,expanded_pam50_score,0,0.1361523747580812
GSE25055,GSM615331,9,0,expanded_pam50_score,1,0.074730399283528
GSE25055,GSM615332,9,1,expanded_pam50_score,0,0.06132960214077305
GSE25055,GSM615333,9,4,expanded_pam50_score,0,0.2623670864298055
GSE25055,GSM615334,9,1,expanded_pam50_score,1,0.45654209861322065
GSE25055,GSM615335,9,0,expanded_pam50_score,0,0.4195343608494164
GSE25055,GSM615336,9,2,expanded_pam50_score,1,0.49380650695984896
GSE25055,GSM615337,9,0,expanded_pam50_score,0,0.03490606725000515
GSE25055,GSM615338,9,1,expanded_pam50_score,1,0.3112346329984989
GSE25055,GSM615339,9,3,expanded_pam50_score,0,0.013946017595030663
GSE25055,GSM615340,9,3,expanded_pam50_score,0,0.02674861964919363
GSE25055,GSM615341,9,2,expanded_pam50_score,0,0.037034617704181504
GSE25055,GSM615342,9,0,expanded_pam50_score,0,0.08518299173872389
GSE25055,GSM615343,9,3,expanded_pam50_score,0,0.27432477034476793
GSE25055,GSM615344,9,0,expanded_pam50_score,0,0.20726355595358145
GSE25055,GSM615345,9,1,expanded_pam50_score,0,0.035966546937036624
GSE25055,GSM615346,9,1,expanded_pam50_score,0,0.5074344463857225
GSE25055,GSM615347,9,2,expanded_pam50_score,0,0.33294652906341954
GSE25055,GSM615348,9,4,expanded_pam50_score,0,0.36044981241319074
GSE25055,GSM615349,9,2,expanded_pam50_score,0,0.040607147484030784
GSE25055,GSM615350,9,0,expanded_pam50_score,0,0.16783781338536025
GSE25055,GSM615351,9,4,expanded_pam50_score,0,0.019804763558737663
GSE25055,GSM615352,9,0,expanded_pam50_score,0,0.005477726161083789
GSE25055,GSM615353,9,2,expanded_pam50_score,1,0.0921546813133012
GSE25055,GSM615354,9,1,expanded_pam50_score,1,0.24447741270503945
GSE25055,GSM615355,9,0,expanded_pam50_score,0,0.036767115801953444
GSE25055,GSM615356,9,3,expanded_pam50_score,0,0.32292273174470176
GSE25055,GSM615357,9,3,expanded_pam50_score,1,0.5309555525898406
GSE25055,GSM615358,9,0,expanded_pam50_score,0,0.014075327325341006
GSE25055,GSM615359,9,2,expanded_pam50_score,1,0.35215284478989195
GSE25055,GSM615360,9,1,expanded_pam50_score,0,0.03959577249821364
GSE25055,GSM615361,9,1,expanded_pam50_score,0,0.18190604576072936
GSE25055,GSM615362,9,2,expanded_pam50_score,0,0.024588859034537336
GSE25055,GSM615363,9,2,expanded_pam50_score,0,0.34281891300651246
GSE25055,GSM615364,9,0,expanded_pam50_score,0,0.5329538772739459
GSE25055,GSM615365,9,1,expanded_pam50_score,0,0.030878679415134006
GSE25055,GSM615366,9,4,expanded_pam50_score,0,0.013905960105189179
GSE25055,GSM615367,9,0,expanded_pam50_score,0,0.07606208814224688
GSE25055,GSM615368,9,1,expanded_pam50_score,0,0.7103638061781321
GSE25055,GSM615369,9,4,expanded_pam50_score,0,0.29998874087048183
GSE25055,GSM615370,9,2,expanded_pam50_score,0,0.06651384603795446
GSE25055,GSM615371,9,4,expanded_pam50_score,1,0.415932912862003
GSE25055,GSM615372,9,0,expanded_pam50_score,0,0.4514358842602827
GSE25055,GSM615373,9,0,expanded_pam50_score,0,0.0798399072141061
GSE25055,GSM615374,9,1,expanded_pam50_score,0,0.0059333001284120135
GSE25055,GSM615375,9,1,expanded_pam50_score,1,0.47119983923183795
GSE25055,GSM615376,9,4,expanded_pam50_score,0,0.16009069638615003
GSE25055,GSM615377,9,4,expanded_pam50_score,0,0.005953747800952286
GSE25055,GSM615378,9,1,expanded_pam50_score,0,0.4165040345759952
GSE25055,GSM615379,9,2,expanded_pam50_score,1,0.16868336950721485
GSE25055,GSM615380,9,2,expanded_pam50_score,0,0.4793589627015113
GSE25055,GSM615381,9,3,expanded_pam50_score,0,0.01083599711923083
GSE25055,GSM615382,9,1,expanded_pam50_score,0,0.13627380978907205
GSE25055,GSM615383,9,3,expanded_pam50_score,1,0.01807290332404821
GSE25055,GSM615384,9,1,expanded_pam50_score,0,0.18152326498303437
GSE25055,GSM615385,9,3,expanded_pam50_score,0,0.10584570754963242
GSE25055,GSM615386,9,1,expanded_pam50_score,0,0.021117879202587037
GSE25055,GSM615387,9,3,expanded_pam50_score,0,0.37233586166814414
GSE25055,GSM615388,9,0,expanded_pam50_score,0,0.015799627599644737
GSE25055,GSM615389,9,1,expanded_pam50_score,0,0.021992591976079768
GSE25055,GSM615390,9,4,expanded_pam50_score,0,0.5667003338804165
GSE25055,GSM615391,9,4,expanded_pam50_score,0,0.02044876162633644
GSE25055,GSM615392,9,0,expanded_pam50_score,0,0.33285514741200906
GSE25055,GSM615393,9,3,expanded_pam50_score,1,0.275512337308053
GSE25055,GSM615394,9,1,expanded_pam50_score,1,0.1843292608608534
GSE25055,GSM615395,9,2,expanded_pam50_score,0,0.05172448285570196
GSE25055,GSM615396,9,4,expanded_pam50_score,1,0.4026212583773953
GSE25055,GSM615397,9,1,expanded_pam50_score,1,0.2099442419252375
GSE25055,GSM615398,9,3,expanded_pam50_score,0,0.07746088136498043
GSE25055,GSM615399,9,3,expanded_pam50_score,0,0.02307317011875411
GSE25055,GSM615400,9,0,expanded_pam50_score,0,0.017961919572781794
GSE25055,GSM615401,9,2,expanded_pam50_score,0,0.058258868706804794
GSE25055,GSM615402,9,1,expanded_pam50_score,0,0.030004984755406288
GSE25055,GSM615403,9,2,expanded_pam50_score,0,0.22217489034166726
GSE25055,GSM615404,9,2,expanded_pam50_score,0,0.04363491027712791
GSE25055,GSM615405,9,4,expanded_pam50_score,0,0.29589755702075693
GSE32646,GSM809184,0,2,expanded,0,0.047006535231952196
GSE32646,GSM809185,0,2,expanded,1,0.19452032959263943
GSE32646,GSM809186,0,4,expanded,0,0.2309753319547215
GSE32646,GSM809187,0,0,expanded,0,0.09434828379548499
GSE32646,GSM809188,0,3,expanded,0,0.12215067982850443
GSE32646,GSM809189,0,4,expanded,0,0.05518131869933912
GSE32646,GSM809190,0,0,expanded,0,0.04161526224982241
GSE32646,GSM809191,0,3,expanded,0,0.06352229788073059
GSE32646,GSM809192,0,0,expanded,1,0.13851797510581632
GSE32646,GSM809193,0,4,expanded,0,0.04866783167193795
GSE32646,GSM809194,0,4,expanded,1,0.08276775426411358
GSE32646,GSM809195,0,3,expanded,0,0.10306666879874393
GSE32646,GSM809196,0,1,expanded,0,0.025646368747145605
GSE32646,GSM809197,0,4,expanded,0,0.00747787870747982
GSE32646,GSM809198,0,2,expanded,0,0.1358022903791096
GSE32646,GSM809199,0,1,expanded,0,0.07734495443361732
GSE32646,GSM809200,0,1,expanded,0,0.5618291345262068
GSE32646,GSM809201,0,0,expanded,0,0.13231704606346234
GSE32646,GSM809202,0,0,expanded,1,0.5568928619700055
GSE32646,GSM809203,0,2,expanded,1,0.5444382470195867
GSE32646,GSM809204,0,2,expanded,0,0.20075996601350507
GSE32646,GSM809205,0,0,expanded,0,0.06543046463661933
GSE32646,GSM809206,0,4,expanded,0,0.1152157778203232
GSE32646,GSM809207,0,1,expanded,0,0.25632122272882235
GSE32646,GSM809208,0,4,expanded,0,0.41430902018369287
GSE32646,GSM809209,0,4,expanded,0,0.2726730381211473
GSE32646,GSM809210,0,2,expanded,0,0.12832452409761358
GSE32646,GSM809211,0,2,expanded,0,0.7003040386362812
GSE32646,GSM809212,0,0,expanded,0,0.21242057367213188
GSE32646,GSM809213,0,1,expanded,1,0.0981495152796876
GSE32646,GSM809214,0,4,expanded,0,0.3932047527291009
GSE32646,GSM809215,0,2,expanded,0,0.07061341974361311
GSE32646,GSM809216,0,0,expanded,0,0.12456536284581556
GSE32646,GSM809217,0,4,expanded,0,0.14083461999579758
GSE32646,GSM809218,0,3,expanded,0,0.0728246689833065
GSE32646,GSM809219,0,2,expanded,0,0.17408306506497004
GSE32646,GSM809220,0,1,expanded,0,0.4093622690404299
GSE32646,GSM809221,0,1,expanded,0,0.5892478000685059
GSE32646,GSM809222,0,2,expanded,0,0.21867824386038226
GSE32646,GSM809223,0,0,expanded,0,0.03187312129657317
GSE32646,GSM809224,0,0,expanded,0,0.2581368302979934
GSE32646,GSM809225,0,4,expanded,1,0.5644230314435181
GSE32646,GSM809226,0,3,expanded,1,0.5561200861656098
GSE32646,GSM809227,0,0,expanded,0,0.3797923991265305
GSE32646,GSM809228,0,0,expanded,0,0.07123167414307274
GSE32646,GSM809229,0,0,expanded,1,0.12300393369849942
GSE32646,GSM809230,0,4,expanded,0,0.281627162220335
GSE32646,GSM809231,0,1,expanded,1,0.24937051977999966
GSE32646,GSM809232,0,3,expanded,1,0.40159086707693
GSE32646,GSM809233,0,1,expanded,0,0.11186598193522965
GSE32646,GSM809234,0,0,expanded,0,0.05831443737223538
GSE32646,GSM809235,0,2,expanded,0,0.19647624595608956
GSE32646,GSM809236,0,2,expanded,1,0.5037724259229837
GSE32646,GSM809237,0,2,expanded,1,0.5202209387002346
GSE32646,GSM809238,0,3,expanded,1,0.518301124339985
GSE32646,GSM809239,0,2,expanded,0,0.4994211930494465
GSE32646,GSM809240,0,3,expanded,0,0.03180601932395927
GSE32646,GSM809241,0,3,expanded,0,0.04973954277966202
GSE32646,GSM809242,0,3,expanded,0,0.11622511270765595
GSE32646,GSM809243,0,2,expanded,0,0.04805339686236016
GSE32646,GSM809244,0,3,expanded,0,0.04377573588722217
GSE32646,GSM809245,0,2,expanded,0,0.4793143232914529
GSE32646,GSM809246,0,3,expanded,1,0.3258708483723206
GSE32646,GSM809247,0,4,expanded,0,0.12971339756577546
GSE32646,GSM809248,0,3,expanded,1,0.22960609510113003
GSE32646,GSM809249,0,1,expanded,0,0.09461394588610611
GSE32646,GSM809250,0,0,expanded,0,0.025774036996887677
GSE32646,GSM809251,0,4,expanded,0,0.44383326676270324
GSE32646,GSM809252,0,4,expanded,0,0.13648398565993683
GSE32646,GSM809253,0,4,expanded,1,0.039341621051601064
GSE32646,GSM809254,0,1,expanded,0,0.11130951120107706
GSE32646,GSM809255,0,4,expanded,0,0.5671156386950099
GSE32646,GSM809256,0,2,expanded,1,0.5888821874036371
GSE32646,GSM809257,0,3,expanded,0,0.11223268672941206
GSE32646,GSM809258,0,1,expanded,0,0.16029012988935076
GSE32646,GSM809259,0,1,expanded,0,0.05393107245616069
GSE32646,GSM809260,0,0,expanded,0,0.04894354380497455
GSE32646,GSM809261,0,3,expanded,0,0.2542025480247311
GSE32646,GSM809262,0,1,expanded,0,0.29218284084383683
GSE32646,GSM809263,0,4,expanded,0,0.22795626348198214
GSE32646,GSM809264,0,3,expanded,0,0.5246307249957665
GSE32646,GSM809265,0,3,expanded,0,0.18509978578629616
GSE32646,GSM809266,0,0,expanded,1,0.4038001979521259
GSE32646,GSM809267,0,0,expanded,0,0.6242382155900787
GSE32646,GSM809268,0,1,expanded,0,0.14961439104155308
GSE32646,GSM809269,0,1,expanded,0,0.09808310218164354
GSE32646,GSM809270,0,3,expanded,0,0.3317766680170847
GSE32646,GSM809271,0,1,expanded,1,0.29094734496896824
GSE32646,GSM809272,0,4,expanded,1,0.2893577260791559
GSE32646,GSM809273,0,0,expanded,0,0.2628841693163848
GSE32646,GSM809274,0,3,expanded,1,0.6087203463849066
GSE32646,GSM809275,0,3,expanded,0,0.24321042520248007
GSE32646,GSM809276,0,1,expanded,0,0.13211615929905415
GSE32646,GSM809277,0,4,expanded,0,0.37345723791404256
GSE32646,GSM809278,0,2,expanded,0,0.458731972801279
GSE32646,GSM809279,0,0,expanded,0,0.027260154943593077
GSE32646,GSM809280,0,0,expanded,1,0.4771546016585737
GSE32646,GSM809281,0,2,expanded,0,0.633251067179011
GSE32646,GSM809282,0,3,expanded,0,0.4114495543209504
GSE32646,GSM809283,0,3,expanded,0,0.17273425554700833
GSE32646,GSM809284,0,4,expanded,0,0.08615745526095746
GSE32646,GSM809285,0,1,expanded,0,0.1856579341409395
GSE32646,GSM809286,0,1,expanded,0,0.05539099589184955
GSE32646,GSM809287,0,0,expanded,0,0.07799795768316113
GSE32646,GSM809288,0,2,expanded,0,0.11442055844127097
GSE32646,GSM809289,0,1,expanded,1,0.13533328243261844
GSE32646,GSM809290,0,1,expanded,0,0.4195495003842842
GSE32646,GSM809291,0,3,expanded,0,0.14370100412159365
GSE32646,GSM809292,0,2,expanded,0,0.1071172296014724
GSE32646,GSM809293,0,2,expanded,0,0.12632564962868736
GSE32646,GSM809294,0,1,expanded,1,0.6492851689840446
GSE32646,GSM809295,0,4,expanded,1,0.5831828565329957
GSE32646,GSM809296,0,0,expanded,0,0.08601673561089707
GSE32646,GSM809297,0,2,expanded,0,0.19719920369070867
GSE32646,GSM809298,0,4,expanded,1,0.3294616056896768
GSE32646,GSM809184,0,2,expanded_score,0,0.04584580632186932
GSE32646,GSM809185,0,2,expanded_score,1,0.3025349575126884
GSE32646,GSM809186,0,4,expanded_score,0,0.17555479900886506
GSE32646,GSM809187,0,0,expanded_score,0,0.10228238598335129
GSE32646,GSM809188,0,3,expanded_score,0,0.12793816576892186
GSE32646,GSM809189,0,4,expanded_score,0,0.02957963422769858
GSE32646,GSM809190,0,0,expanded_score,0,0.02013225016970465
GSE32646,GSM809191,0,3,expanded_score,0,0.07455840638023652
GSE32646,GSM809192,0,0,expanded_score,1,0.29546297732862925
GSE32646,GSM809193,0,4,expanded_score,0,0.025050405351566177
GSE32646,GSM809194,0,4,expanded_score,1,0.08353647445244806
GSE32646,GSM809195,0,3,expanded_score,0,0.06963360876419603
GSE32646,GSM809196,0,1,expanded_score,0,0.050856461085737326
GSE32646,GSM809197,0,4,expanded_score,0,0.004346253558026934
GSE32646,GSM809198,0,2,expanded_score,0,0.33373150829369086
GSE32646,GSM809199,0,1,expanded_score,0,0.07183042417239134
GSE32646,GSM809200,0,1,expanded_score,0,0.5550646885205688
GSE32646,GSM809201,0,0,expanded_score,0,0.07550183370689759
GSE32646,GSM809202,0,0,expanded_score,1,0.7902745656680911
GSE32646,GSM809203,0,2,expanded_score,1,0.7177247142910551
GSE32646,GSM809204,0,2,expanded_score,0,0.2248441246601481
GSE32646,GSM809205,0,0,expanded_score,0,0.0621738669494256
GSE32646,GSM809206,0,4,expanded_score,0,0.08947362969343095
GSE32646,GSM809207,0,1,expanded_score,0,0.2005947636126062
GSE32646,GSM809208,0,4,expanded_score,0,0.26884423820111336
GSE32646,GSM809209,0,4,expanded_score,0,0.36317139033017476
GSE32646,GSM809210,0,2,expanded_score,0,0.07712692862271743
GSE32646,GSM809211,0,2,expanded_score,0,0.8316097633823268
GSE32646,GSM809212,0,0,expanded_score,0,0.28875264974202386
GSE32646,GSM809213,0,1,expanded_score,1,0.12210632413848761
GSE32646,GSM809214,0,4,expanded_score,0,0.18386288707845286
GSE32646,GSM809215,0,2,expanded_score,0,0.09294346562340386
GSE32646,GSM809216,0,0,expanded_score,0,0.10994951767672363
GSE32646,GSM809217,0,4,expanded_score,0,0.12124006836864354
GSE32646,GSM809218,0,3,expanded_score,0,0.022528715913408194
GSE32646,GSM809219,0,2,expanded_score,0,0.23073126056825244
GSE32646,GSM809220,0,1,expanded_score,0,0.7448030504237163
GSE32646,GSM809221,0,1,expanded_score,0,0.40288244109946847
GSE32646,GSM809222,0,2,expanded_score,0,0.34616877712636474
GSE32646,GSM809223,0,0,expanded_score,0,0.03486670652053712
GSE32646,GSM809224,0,0,expanded_score,0,0.3234262746612529
GSE32646,GSM809225,0,4,expanded_score,1,0.4755406050547865
GSE32646,GSM809226,0,3,expanded_score,1,0.4925530802154481
GSE32646,GSM809227,0,0,expanded_score,0,0.6545222384758606
GSE32646,GSM809228,0,0,expanded_score,0,0.14247687503466477
GSE32646,GSM809229,0,0,expanded_score,1,0.3307352816884429
GSE32646,GSM809230,0,4,expanded_score,0,0.13160779132956082
GSE32646,GSM809231,0,1,expanded_score,1,0.48114594494152896
GSE32646,GSM809232,0,3,expanded_score,1,0.17072673544292427
GSE32646,GSM809233,0,1,expanded_score,0,0.07452850783127413
GSE32646,GSM809234,0,0,expanded_score,0,0.023285431155879496
GSE32646,GSM809235,0,2,expanded_score,0,0.1350034830465317
GSE32646,GSM809236,0,2,expanded_score,1,0.42847523364579476
GSE32646,GSM809237,0,2,expanded_score,1,0.8247541667950948
GSE32646,GSM809238,0,3,expanded_score,1,0.3917114521052428
GSE32646,GSM809239,0,2,expanded_score,0,0.6404558613453699
GSE32646,GSM809240,0,3,expanded_score,0,0.034698341881872166
GSE32646,GSM809241,0,3,expanded_score,0,0.03302345733906074
GSE32646,GSM809242,0,3,expanded_score,0,0.05511301306234651
GSE32646,GSM809243,0,2,expanded_score,0,0.012116530445434873
GSE32646,GSM809244,0,3,expanded_score,0,0.009674575660898159
GSE32646,GSM809245,0,2,expanded_score,0,0.39007490943531614
GSE32646,GSM809246,0,3,expanded_score,1,0.5651460056222775
GSE32646,GSM809247,0,4,expanded_score,0,0.2294021691878585
GSE32646,GSM809248,0,3,expanded_score,1,0.06991317843429887
GSE32646,GSM809249,0,1,expanded_score,0,0.044823222113102495
GSE32646,GSM809250,0,0,expanded_score,0,0.015079943643856262
GSE32646,GSM809251,0,4,expanded_score,0,0.22266286474159971
GSE32646,GSM809252,0,4,expanded_score,0,0.19275094810925636
GSE32646,GSM809253,0,4,expanded_score,1,0.05415292692446136
GSE32646,GSM809254,0,1,expanded_score,0,0.06824572917772335
GSE32646,GSM809255,0,4,expanded_score,0,0.3699144555949973
GSE32646,GSM809256,0,2,expanded_score,1,0.5600657574415044
GSE32646,GSM809257,0,3,expanded_score,0,0.13224266470790264
GSE32646,GSM809258,0,1,expanded_score,0,0.06480838468450592
GSE32646,GSM809259,0,1,expanded_score,0,0.09357514753572398
GSE32646,GSM809260,0,0,expanded_score,0,0.024853663518210764
GSE32646,GSM809261,0,3,expanded_score,0,0.29956497516148156
GSE32646,GSM809262,0,1,expanded_score,0,0.29779704014478253
GSE32646,GSM809263,0,4,expanded_score,0,0.1782473408023436
GSE32646,GSM809264,0,3,expanded_score,0,0.3380899221245951
GSE32646,GSM809265,0,3,expanded_score,0,0.06030333751319081
GSE32646,GSM809266,0,0,expanded_score,1,0.2343684514361574
GSE32646,GSM809267,0,0,expanded_score,0,0.8468604929304757
GSE32646,GSM809268,0,1,expanded_score,0,0.11266283006485013
GSE32646,GSM809269,0,1,expanded_score,0,0.24674496713423025
GSE32646,GSM809270,0,3,expanded_score,0,0.23419497646473975
GSE32646,GSM809271,0,1,expanded_score,1,0.26736404188006757
GSE32646,GSM809272,0,4,expanded_score,1,0.40949982139133173
GSE32646,GSM809273,0,0,expanded_score,0,0.1153199458464105
GSE32646,GSM809274,0,3,expanded_score,1,0.6551418991216476
GSE32646,GSM809275,0,3,expanded_score,0,0.08991727004513363
GSE32646,GSM809276,0,1,expanded_score,0,0.10208934038984173
GSE32646,GSM809277,0,4,expanded_score,0,0.30545040558709785
GSE32646,GSM809278,0,2,expanded_score,0,0.6881749843627556
GSE32646,GSM809279,0,0,expanded_score,0,0.02209025898389683
GSE32646,GSM809280,0,0,expanded_score,1,0.47611839228860714
GSE32646,GSM809281,0,2,expanded_score,0,0.24908246556894179
GSE32646,GSM809282,0,3,expanded_score,0,0.3482880553968909
GSE32646,GSM809283,0,3,expanded_score,0,0.10116207839002955
GSE32646,GSM809284,0,4,expanded_score,0,0.09523865434605996
GSE32646,GSM809285,0,1,expanded_score,0,0.16057175668570176
GSE32646,GSM809286,0,1,expanded_score,0,0.0614486690038337
GSE32646,GSM809287,0,0,expanded_score,0,0.09678207048432044
GSE32646,GSM809288,0,2,expanded_score,0,0.05956482931880641
GSE32646,GSM809289,0,1,expanded_score,1,0.17320412162985982
GSE32646,GSM809290,0,1,expanded_score,0,0.2793456472939944
GSE32646,GSM809291,0,3,expanded_score,0,0.048859232730301135
GSE32646,GSM809292,0,2,expanded_score,0,0.07173471782462502
GSE32646,GSM809293,0,2,expanded_score,0,0.06895357231900313
GSE32646,GSM809294,0,1,expanded_score,1,0.8449330870369134
GSE32646,GSM809295,0,4,expanded_score,1,0.5221384751815185
GSE32646,GSM809296,0,0,expanded_score,0,0.04276824865178106
GSE32646,GSM809297,0,2,expanded_score,0,0.29841213987516024
GSE32646,GSM809298,0,4,expanded_score,1,0.3573946986515053
GSE32646,GSM809184,1,0,expanded,0,0.0967596088189725
GSE32646,GSM809185,1,4,expanded,1,0.1504506492269634
GSE32646,GSM809186,1,3,expanded,0,0.21468116045520647
GSE32646,GSM809187,1,2,expanded,0,0.1624851950740399
GSE32646,GSM809188,1,0,expanded,0,0.10815546091407846
GSE32646,GSM809189,1,4,expanded,0,0.04692272757993694
GSE32646,GSM809190,1,4,expanded,0,0.012529207418324358
GSE32646,GSM809191,1,3,expanded,0,0.02609434269646143
GSE32646,GSM809192,1,0,expanded,1,0.11209977998461863
GSE32646,GSM809193,1,2,expanded,0,0.08797076883815272
GSE32646,GSM809194,1,0,expanded,1,0.09983879182942501
GSE32646,GSM809195,1,2,expanded,0,0.0831496832539231
GSE32646,GSM809196,1,2,expanded,0,0.06348245315872157
GSE32646,GSM809197,1,3,expanded,0,0.00485819704703493
GSE32646,GSM809198,1,3,expanded,0,0.08412185620882741
GSE32646,GSM809199,1,1,expanded,0,0.08129609118235782
GSE32646,GSM809200,1,1,expanded,0,0.5646561143553525
GSE32646,GSM809201,1,0,expanded,0,0.11384908801501173
GSE32646,GSM809202,1,4,expanded,1,0.5551120809216823
GSE32646,GSM809203,1,2,expanded,1,0.6151990840694179
GSE32646,GSM809204,1,0,expanded,0,0.225440814052001
GSE32646,GSM809205,1,1,expanded,0,0.05637207697647585
GSE32646,GSM809206,1,3,expanded,0,0.05167270895496206
GSE32646,GSM809207,1,4,expanded,0,0.20347151718874545
GSE32646,GSM809208,1,0,expanded,0,0.4626301772238794
GSE32646,GSM809209,1,0,expanded,0,0.38041899304627363
GSE32646,GSM809210,1,3,expanded,0,0.07509682190601652
GSE32646,GSM809211,1,0,expanded,0,0.7967617804638558
GSE32646,GSM809212,1,1,expanded,0,0.19768931387871738
GSE32646,GSM809213,1,3,expanded,1,0.035648893500740325
GSE32646,GSM809214,1,1,expanded,0,0.43388282517653165
GSE32646,GSM809215,1,3,expanded,0,0.017914612344100526
GSE32646,GSM809216,1,4,expanded,0,0.15874347826054166
GSE32646,GSM809217,1,3,expanded,0,0.16587014838036956
GSE32646,GSM809218,1,3,expanded,0,0.03268550423856644
GSE32646,GSM809219,1,2,expanded,0,0.13833574105924534
GSE32646,GSM809220,1,2,expanded,0,0.2721967529356762
GSE32646,GSM809221,1,0,expanded,0,0.7284304219527586
GSE32646,GSM809222,1,4,expanded,0,0.20342175049844155
GSE32646,GSM809223,1,1,expanded,0,0.015422221544419343
GSE32646,GSM809224,1,4,expanded,0,0.3913360191266195
GSE32646,GSM809225,1,1,expanded,1,0.4110680047873324
GSE32646,GSM809226,1,0,expanded,1,0.6312910801165394
GSE32646,GSM809227,1,4,expanded,0,0.3614647287599835
GSE32646,GSM809228,1,1,expanded,0,0.060545866932158444
GSE32646,GSM809229,1,1,expanded,1,0.10650474788345458
GSE32646,GSM809230,1,0,expanded,0,0.27560826460845284
GSE32646,GSM809231,1,3,expanded,1,0.06005425081820935
GSE32646,GSM809232,1,2,expanded,1,0.33274001947391013
GSE32646,GSM809233,1,2,expanded,0,0.12507351576567366
GSE32646,GSM809234,1,4,expanded,0,0.04692272757993694
GSE32646,GSM809235,1,0,expanded,0,0.27512519044583267
GSE32646,GSM809236,1,4,expanded,1,0.43801735289339283
GSE32646,GSM809237,1,4,expanded,1,0.4861584538799417
GSE32646,GSM809238,1,2,expanded,1,0.6124399986998738
GSE32646,GSM809239,1,0,expanded,0,0.5626855338854142
GSE32646,GSM809240,1,2,expanded,0,0.03545942387873927
GSE32646,GSM809241,1,1,expanded,0,0.053673800037066725
GSE32646,GSM809242,1,3,expanded,0,0.11934059911368267
GSE32646,GSM809243,1,2,expanded,0,0.0898564948809324
GSE32646,GSM809244,1,2,expanded,0,0.03994317174480873
GSE32646,GSM809245,1,2,expanded,0,0.6206949314436334
GSE32646,GSM809246,1,0,expanded,1,0.4089933074374624
GSE32646,GSM809247,1,0,expanded,0,0.23408244831305586
GSE32646,GSM809248,1,3,expanded,1,0.09471322080185329
GSE32646,GSM809249,1,3,expanded,0,0.13107152842469616
GSE32646,GSM809250,1,1,expanded,0,0.01949929800558864
GSE32646,GSM809251,1,0,expanded,0,0.5239322853601859
GSE32646,GSM809252,1,1,expanded,0,0.07777175689185563
GSE32646,GSM809253,1,3,expanded,1,0.03518348582895562
GSE32646,GSM809254,1,0,expanded,0,0.12417698817094484
GSE32646,GSM809255,1,4,expanded,0,0.479630639300044
GSE32646,GSM809256,1,3,expanded,1,0.6152172521468081
GSE32646,GSM809257,1,1,expanded,0,0.1215824969966831
GSE32646,GSM809258,1,3,expanded,0,0.24241419920396254
GSE32646,GSM809259,1,1,expanded,0,0.06808839596396231
GSE32646,GSM809260,1,1,expanded,0,0.06808839596396231
GSE32646,GSM809261,1,2,expanded,0,0.11793152931610998
GSE32646,GSM809262,1,1,expanded,0,0.25674451955664457
GSE32646,GSM809263,1,1,expanded,0,0.2575071622894408
GSE32646,GSM809264,1,4,expanded,0,0.5030524207332224
GSE32646,GSM809265,1,1,expanded,0,0.14050283905872604
GSE32646,GSM809266,1,2,expanded,1,0.33144915127035207
GSE32646,GSM809267,1,2,expanded,0,0.6875984947281939
GSE32646,GSM809268,1,0,expanded,0,0.08645387007712241
GSE32646,GSM809269,1,3,expanded,0,0.05009506023159772
GSE32646,GSM809270,1,3,expanded,0,0.41608928714564203
GSE32646,GSM809271,1,1,expanded,1,0.21737665113401208
GSE32646,GSM809272,1,4,expanded,1,0.15582542915078887
GSE32646,GSM809273,1,0,expanded,0,0.489677511902252
GSE32646,GSM809274,1,1,expanded,1,0.666514640304331
GSE32646,GSM809275,1,2,expanded,0,0.13388800600558612
GSE32646,GSM809276,1,3,expanded,0,0.15115883720333964
GSE32646,GSM809277,1,0,expanded,0,0.41608937146589986
GSE32646,GSM809278,1,4,expanded,0,0.4494183047721098
GSE32646,GSM809279,1,1,expanded,0,0.020436727374298583
GSE32646,GSM809280,1,3,expanded,1,0.45611680333842136
GSE32646,GSM809281,1,0,expanded,0,0.6494346042290182
GSE32646,GSM809282,1,2,expanded,0,0.6241142754118604
GSE32646,GSM809283,1,4,expanded,0,0.15874347826054166
GSE32646,GSM809284,1,1,expanded,0,0.10166537900467705
GSE32646,GSM809285,1,3,expanded,0,0.29412768809162276
GSE32646,GSM809286,1,2,expanded,0,0.06351252501517834
GSE32646,GSM809287,1,4,expanded,0,0.1407031812806643
GSE32646,GSM809288,1,4,expanded,0,0.12399054353078845
GSE32646,GSM809289,1,1,expanded,1,0.07921570767330662
GSE32646,GSM809290,1,2,expanded,0,0.48996619967277466
GSE32646,GSM809291,1,2,expanded,0,0.20187784259055805
GSE32646,GSM809292,1,4,expanded,0,0.10512201485493076
GSE32646,GSM809293,1,4,expanded,0,0.14000505280722633
GSE32646,GSM809294,1,4,expanded,1,0.5291615537320316
GSE32646,GSM809295,1,0,expanded,1,0.7337074019627368
GSE32646,GSM809296,1,4,expanded,0,0.10144791211751313
GSE32646,GSM809297,1,3,expanded,0,0.20065272594873684
GSE32646,GSM809298,1,2,expanded,1,0.2601503915235248
GSE32646,GSM809184,1,0,expanded_score,0,0.0927901089979485
GSE32646,GSM809185,1,4,expanded_score,1,0.2245131020873642
GSE32646,GSM809186,1,3,expanded_score,0,0.1502610619064289
GSE32646,GSM809187,1,2,expanded_score,0,0.1695331085734746
GSE32646,GSM809188,1,0,expanded_score,0,0.11491447711635885
GSE32646,GSM809189,1,4,expanded_score,0,0.02233838673483437
GSE32646,GSM809190,1,4,expanded_score,0,0.007021844399010153
GSE32646,GSM809191,1,3,expanded_score,0,0.03017457403847281
GSE32646,GSM809192,1,0,expanded_score,1,0.17636746832425787
GSE32646,GSM809193,1,2,expanded_score,0,0.017771749316322725
GSE32646,GSM809194,1,0,expanded_score,1,0.1002962017873256
GSE32646,GSM809195,1,2,expanded_score,0,0.04677518494496995
GSE32646,GSM809196,1,2,expanded_score,0,0.13889766291319564
GSE32646,GSM809197,1,3,expanded_score,0,0.001849536214018304
GSE32646,GSM809198,1,3,expanded_score,0,0.21951580507459495
GSE32646,GSM809199,1,1,expanded_score,0,0.08677478604256339
GSE32646,GSM809200,1,1,expanded_score,0,0.5437433872705202
GSE32646,GSM809201,1,0,expanded_score,0,0.07611405574788732
GSE32646,GSM809202,1,4,expanded_score,1,0.7659102490796476
GSE32646,GSM809203,1,2,expanded_score,1,0.8081196526859564
GSE32646,GSM809204,1,0,expanded_score,0,0.2443076672118058
GSE32646,GSM809205,1,1,expanded_score,0,0.06146817827387165
GSE32646,GSM809206,1,3,expanded_score,0,0.03783386360868321
GSE32646,GSM809207,1,4,expanded_score,0,0.15701058432287943
GSE32646,GSM809208,1,0,expanded_score,0,0.33645930782834776
GSE32646,GSM809209,1,0,expanded_score,0,0.4794984730903242
GSE32646,GSM809210,1,3,expanded_score,0,0.044733452690975416
GSE32646,GSM809211,1,0,expanded_score,0,0.8515935962313137
GSE32646,GSM809212,1,1,expanded_score,0,0.23590755698609625
GSE32646,GSM809213,1,3,expanded_score,1,0.040082514374457485
GSE32646,GSM809214,1,1,expanded_score,0,0.22484734507897403
GSE32646,GSM809215,1,3,expanded_score,0,0.026748261634736748
GSE32646,GSM809216,1,4,expanded_score,0,0.14379604911371813
GSE32646,GSM809217,1,3,expanded_score,0,0.13981835463802475
GSE32646,GSM809218,1,3,expanded_score,0,0.010980679258096784
GSE32646,GSM809219,1,2,expanded_score,0,0.15906428900701994
GSE32646,GSM809220,1,2,expanded_score,0,0.687105327237297
GSE32646,GSM809221,1,0,expanded_score,0,0.5843610031922855
GSE32646,GSM809222,1,4,expanded_score,0,0.30730767093395345
GSE32646,GSM809223,1,1,expanded_score,0,0.019630120875607143
GSE32646,GSM809224,1,4,expanded_score,0,0.4981518494335735
GSE32646,GSM809225,1,1,expanded_score,1,0.3478510416556479
GSE32646,GSM809226,1,0,expanded_score,1,0.6004300948674038
GSE32646,GSM809227,1,4,expanded_score,0,0.6172076257484352
GSE32646,GSM809228,1,1,expanded_score,0,0.11531294778616899
GSE32646,GSM809229,1,1,expanded_score,1,0.2508597609049961
GSE32646,GSM809230,1,0,expanded_score,0,0.13808380614409216
GSE32646,GSM809231,1,3,expanded_score,1,0.13842761841776738
GSE32646,GSM809232,1,2,expanded_score,1,0.12690208994127264
GSE32646,GSM809233,1,2,expanded_score,0,0.05744157299410208
GSE32646,GSM809234,1,4,expanded_score,0,0.02441567312010851
GSE32646,GSM809235,1,0,expanded_score,0,0.1926076019920549
GSE32646,GSM809236,1,4,expanded_score,1,0.4031716308233982
GSE32646,GSM809237,1,4,expanded_score,1,0.7586868537797108
GSE32646,GSM809238,1,2,expanded_score,1,0.4984710727975823
GSE32646,GSM809239,1,0,expanded_score,0,0.6132651349220097
GSE32646,GSM809240,1,2,expanded_score,0,0.033931895482989714
GSE32646,GSM809241,1,1,expanded_score,0,0.0485858451998873
GSE32646,GSM809242,1,3,expanded_score,0,0.05642358544145172
GSE32646,GSM809243,1,2,expanded_score,0,0.018992203253262056
GSE32646,GSM809244,1,2,expanded_score,0,0.007246654278094697
GSE32646,GSM809245,1,2,expanded_score,0,0.52443478986982
GSE32646,GSM809246,1,0,expanded_score,1,0.5634101519202468
GSE32646,GSM809247,1,0,expanded_score,0,0.3632400245992079
GSE32646,GSM809248,1,3,expanded_score,1,0.032810172761158274
GSE32646,GSM809249,1,3,expanded_score,0,0.06784214096638622
GSE32646,GSM809250,1,1,expanded_score,0,0.0163355692737316
GSE32646,GSM809251,1,0,expanded_score,0,0.3086808767223095
GSE32646,GSM809252,1,1,expanded_score,0,0.11957972992780826
GSE32646,GSM809253,1,3,expanded_score,1,0.05327739436776716
GSE32646,GSM809254,1,0,expanded_score,0,0.07961877831706636
GSE32646,GSM809255,1,4,expanded_score,0,0.33112001247502915
GSE32646,GSM809256,1,3,expanded_score,1,0.5940424357317576
GSE32646,GSM809257,1,1,expanded_score,0,0.15655045206242948
GSE32646,GSM809258,1,3,expanded_score,0,0.10173356717141882
GSE32646,GSM809259,1,1,expanded_score,0,0.1113817873028412
GSE32646,GSM809260,1,1,expanded_score,0,0.04749402834338102
GSE32646,GSM809261,1,2,expanded_score,0,0.15883312381394343
GSE32646,GSM809262,1,1,expanded_score,0,0.27765346095472027
GSE32646,GSM809263,1,1,expanded_score,0,0.23778695526045698
GSE32646,GSM809264,1,4,expanded_score,0,0.40827794157896646
GSE32646,GSM809265,1,1,expanded_score,0,0.07124173446395629
GSE32646,GSM809266,1,2,expanded_score,1,0.15427603141851076
GSE32646,GSM809267,1,2,expanded_score,0,0.8958659434763535
GSE32646,GSM809268,1,0,expanded_score,0,0.06296738475134661
GSE32646,GSM809269,1,3,expanded_score,0,0.16806610965466215
GSE32646,GSM809270,1,3,expanded_score,0,0.3107296322167945
GSE32646,GSM809271,1,1,expanded_score,1,0.2296686058524287
GSE32646,GSM809272,1,4,expanded_score,1,0.2584882962892719
GSE32646,GSM809273,1,0,expanded_score,0,0.32819097256724983
GSE32646,GSM809274,1,1,expanded_score,1,0.7061790537980973
GSE32646,GSM809275,1,2,expanded_score,0,0.036250651746709925
GSE32646,GSM809276,1,3,expanded_score,0,0.10312878786306928
GSE32646,GSM809277,1,0,expanded_score,0,0.34412817458168604
GSE32646,GSM809278,1,4,expanded_score,0,0.6446674543041172
GSE32646,GSM809279,1,1,expanded_score,0,0.021853138431527152
GSE32646,GSM809280,1,3,expanded_score,1,0.46085444496649464
GSE32646,GSM809281,1,0,expanded_score,0,0.3507054985695124
GSE32646,GSM809282,1,2,expanded_score,0,0.5816253097878457
GSE32646,GSM809283,1,4,expanded_score,0,0.10931842511709089
GSE32646,GSM809284,1,1,expanded_score,0,0.12481543064535133
GSE32646,GSM809285,1,3,expanded_score,0,0.24315415646456787
GSE32646,GSM809286,1,2,expanded_score,0,0.05473161885467568
GSE32646,GSM809287,1,4,expanded_score,0,0.16417013778052478
GSE32646,GSM809288,1,4,expanded_score,0,0.06702206846409288
GSE32646,GSM809289,1,1,expanded_score,1,0.15139524654626427
GSE32646,GSM809290,1,2,expanded_score,0,0.2635307710798766
GSE32646,GSM809291,1,2,expanded_score,0,0.05506744292098814
GSE32646,GSM809292,1,4,expanded_score,0,0.07769458083889041
GSE32646,GSM809293,1,4,expanded_score,0,0.07866521825750512
GSE32646,GSM809294,1,4,expanded_score,1,0.7875336706519038
GSE32646,GSM809295,1,0,expanded_score,1,0.6895841092324926
GSE32646,GSM809296,1,4,expanded_score,0,0.05631242051627159
GSE32646,GSM809297,1,3,expanded_score,0,0.25315735705062514
GSE32646,GSM809298,1,2,expanded_score,1,0.356809939785817
GSE32646,GSM809184,2,2,expanded,0,0.05952553058197325
GSE32646,GSM809185,2,4,expanded,1,0.20531840437503995
GSE32646,GSM809186,2,4,expanded,0,0.21217336868569406
GSE32646,GSM809187,2,2,expanded,0,0.10031104583980271
GSE32646,GSM809188,2,3,expanded,0,0.14636073454113907
GSE32646,GSM809189,2,1,expanded,0,0.05342941790442589
GSE32646,GSM809190,2,1,expanded,0,0.04550355813805314
GSE32646,GSM809191,2,0,expanded,0,0.05686273383978061
GSE32646,GSM809192,2,2,expanded,1,0.17302926469773672
GSE32646,GSM809193,2,1,expanded,0,0.054898487321553106
GSE32646,GSM809194,2,0,expanded,1,0.09400672261917994
GSE32646,GSM809195,2,0,expanded,0,0.10700563564129945
GSE32646,GSM809196,2,4,expanded,0,0.011308959214237899
GSE32646,GSM809197,2,2,expanded,0,0.0104804192966579
GSE32646,GSM809198,2,2,expanded,0,0.1108458660213746
GSE32646,GSM809199,2,3,expanded,0,0.11435516029748982
GSE32646,GSM809200,2,4,expanded,0,0.5264255428932074
GSE32646,GSM809201,2,0,expanded,0,0.1714713784060745
GSE32646,GSM809202,2,4,expanded,1,0.73826577757585
GSE32646,GSM809203,2,3,expanded,1,0.5499429983278239
GSE32646,GSM809204,2,2,expanded,0,0.25028954530794584
GSE32646,GSM809205,2,3,expanded,0,0.07575269296386003
GSE32646,GSM809206,2,1,expanded,0,0.10545563721541427
GSE32646,GSM809207,2,3,expanded,0,0.28770839589921904
GSE32646,GSM809208,2,4,expanded,0,0.26469154890896085
GSE32646,GSM809209,2,2,expanded,0,0.23954331103558
GSE32646,GSM809210,2,0,expanded,0,0.13948285602814434
GSE32646,GSM809211,2,4,expanded,0,0.8317377163480616
GSE32646,GSM809212,2,1,expanded,0,0.186510838844237
GSE32646,GSM809213,2,2,expanded,1,0.07235021011362382
GSE32646,GSM809214,2,1,expanded,0,0.3720341165273513
GSE32646,GSM809215,2,0,expanded,0,0.04835912044720796
GSE32646,GSM809216,2,3,expanded,0,0.15022145410786325
GSE32646,GSM809217,2,0,expanded,0,0.2258138489510423
GSE32646,GSM809218,2,2,expanded,0,0.07326305487756449
GSE32646,GSM809219,2,3,expanded,0,0.15119963930392127
GSE32646,GSM809220,2,2,expanded,0,0.3277136684835745
GSE32646,GSM809221,2,2,expanded,0,0.6678291485487023
GSE32646,GSM809222,2,4,expanded,0,0.22699362717890906
GSE32646,GSM809223,2,2,expanded,0,0.02536992789375864
GSE32646,GSM809224,2,2,expanded,0,0.35903238301440776
GSE32646,GSM809225,2,2,expanded,1,0.5273961949687913
GSE32646,GSM809226,2,0,expanded,1,0.5327893109388859
GSE32646,GSM809227,2,0,expanded,0,0.3600224744923184
GSE32646,GSM809228,2,2,expanded,0,0.092230208389975
GSE32646,GSM809229,2,4,expanded,1,0.10396126209638842
GSE32646,GSM809230,2,3,expanded,0,0.2246356908546841
GSE32646,GSM809231,2,4,expanded,1,0.0973718924672567
GSE32646,GSM809232,2,1,expanded,1,0.3942490997669923
GSE32646,GSM809233,2,3,expanded,0,0.162561721439519
GSE32646,GSM809234,2,3,expanded,0,0.062496667050556474
GSE32646,GSM809235,2,3,expanded,0,0.13360747871765935
GSE32646,GSM809236,2,0,expanded,1,0.40531803202336164
GSE32646,GSM809237,2,3,expanded,1,0.3545411795470388
GSE32646,GSM809238,2,3,expanded,1,0.5518337755827568
GSE32646,GSM809239,2,1,expanded,0,0.3942490997669923
GSE32646,GSM809240,2,3,expanded,0,0.02712299388987327
GSE32646,GSM809241,2,0,expanded,0,0.03971835913849344
GSE32646,GSM809242,2,1,expanded,0,0.06522680312734179
GSE32646,GSM809243,2,1,expanded,0,0.05341677566291971
GSE32646,GSM809244,2,1,expanded,0,0.03469470705215522
GSE32646,GSM809245,2,2,expanded,0,0.5609599437841557
GSE32646,GSM809246,2,0,expanded,1,0.29083299439134086
GSE32646,GSM809247,2,4,expanded,0,0.06390900553856127
GSE32646,GSM809248,2,4,expanded,1,0.1432476797042519
GSE32646,GSM809249,2,0,expanded,0,0.05891400692360808
GSE32646,GSM809250,2,4,expanded,0,0.009516691487818517
GSE32646,GSM809251,2,1,expanded,0,0.38822073286535486
GSE32646,GSM809252,2,1,expanded,0,0.1742627540736955
GSE32646,GSM809253,2,1,expanded,1,0.048885463727672364
GSE32646,GSM809254,2,4,expanded,0,0.07708597034998589
GSE32646,GSM809255,2,4,expanded,0,0.5489905532678895
GSE32646,GSM809256,2,1,expanded,1,0.6390765157491134
GSE32646,GSM809257,2,3,expanded,0,0.16663407417160925
GSE32646,GSM809258,2,1,expanded,0,0.13191364065263064
GSE32646,GSM809259,2,2,expanded,0,0.05469163634777536
GSE32646,GSM809260,2,1,expanded,0,0.04788652698641457
GSE32646,GSM809261,2,4,expanded,0,0.2696830376471429
GSE32646,GSM809262,2,0,expanded,0,0.3845130600293414
GSE32646,GSM809263,2,1,expanded,0,0.23570707193462725
GSE32646,GSM809264,2,0,expanded,0,0.4899460854806655
GSE32646,GSM809265,2,0,expanded,0,0.21404250480470763
GSE32646,GSM809266,2,3,expanded,1,0.39000629937355313
GSE32646,GSM809267,2,4,expanded,0,0.6965968426411623
GSE32646,GSM809268,2,3,expanded,0,0.17065191683183592
GSE32646,GSM809269,2,4,expanded,0,0.05972119951564084
GSE32646,GSM809270,2,2,expanded,0,0.18963615293415864
GSE32646,GSM809271,2,1,expanded,1,0.20353177118121052
GSE32646,GSM809272,2,0,expanded,1,0.15470086321167453
GSE32646,GSM809273,2,4,expanded,0,0.2748894419723305
GSE32646,GSM809274,2,2,expanded,1,0.7244902179659634
GSE32646,GSM809275,2,0,expanded,0,0.26971459578391677
GSE32646,GSM809276,2,1,expanded,0,0.19327488454443065
GSE32646,GSM809277,2,3,expanded,0,0.19960041206275947
GSE32646,GSM809278,2,0,expanded,0,0.47629790624559853
GSE32646,GSM809279,2,0,expanded,0,0.020871022718571924
GSE32646,GSM809280,2,3,expanded,1,0.35323062114260234
GSE32646,GSM809281,2,2,expanded,0,0.6356509691744451
GSE32646,GSM809282,2,3,expanded,0,0.5437882786641941
GSE32646,GSM809283,2,4,expanded,0,0.12029489580902923
GSE32646,GSM809284,2,3,expanded,0,0.1463607345411391
GSE32646,GSM809285,2,0,expanded,0,0.3056912831654314
GSE32646,GSM809286,2,1,expanded,0,0.04805165967928576
GSE32646,GSM809287,2,0,expanded,0,0.13269448152734803
GSE32646,GSM809288,2,2,expanded,0,0.10190624127470661
GSE32646,GSM809289,2,3,expanded,1,0.12536448010563403
GSE32646,GSM809290,2,3,expanded,0,0.5381070820216147
GSE32646,GSM809291,2,1,expanded,0,0.11317388271924553
GSE32646,GSM809292,2,0,expanded,0,0.07591808537141073
GSE32646,GSM809293,2,2,expanded,0,0.08360707796717373
GSE32646,GSM809294,2,2,expanded,1,0.6251934133881695
GSE32646,GSM809295,2,4,expanded,1,0.6283728054724995
GSE32646,GSM809296,2,4,expanded,0,0.03497541403295258
GSE32646,GSM809297,2,4,expanded,0,0.1908548678750823
GSE32646,GSM809298,2,1,expanded,1,0.22653180129094377
GSE32646,GSM809184,2,2,expanded_score,0,0.047667182021877925
GSE32646,GSM809185,2,4,expanded_score,1,0.3029203964755445
GSE32646,GSM809186,2,4,expanded_score,0,0.148465635822713
GSE32646,GSM809187,2,2,expanded_score,0,0.10432711559141329
GSE32646,GSM809188,2,3,expanded_score,0,0.16149099270857356
GSE32646,GSM809189,2,1,expanded_score,0,0.01968137019759713
GSE32646,GSM809190,2,1,expanded_score,0,0.020457961501252557
GSE32646,GSM809191,2,0,expanded_score,0,0.07320957613164049
GSE32646,GSM809192,2,2,expanded_score,1,0.2925607222161687
GSE32646,GSM809193,2,1,expanded_score,0,0.017243044102291542
GSE32646,GSM809194,2,0,expanded_score,1,0.09393389536994597
GSE32646,GSM809195,2,0,expanded_score,0,0.07859675642784393
GSE32646,GSM809196,2,4,expanded_score,0,0.02578720833354609
GSE32646,GSM809197,2,2,expanded_score,0,0.00576825309648112
GSE32646,GSM809198,2,2,expanded_score,0,0.26060515204720375
GSE32646,GSM809199,2,3,expanded_score,0,0.12441963585754044
GSE32646,GSM809200,2,4,expanded_score,0,0.5198035530221837
GSE32646,GSM809201,2,0,expanded_score,0,0.09759443342595508
GSE32646,GSM809202,2,4,expanded_score,1,0.9151169220692591
GSE32646,GSM809203,2,3,expanded_score,1,0.6709919225730085
GSE32646,GSM809204,2,2,expanded_score,0,0.33203067299251765
GSE32646,GSM809205,2,3,expanded_score,0,0.07127172000952066
GSE32646,GSM809206,2,1,expanded_score,0,0.07601220788722202
GSE32646,GSM809207,2,3,expanded_score,0,0.22097870222481836
GSE32646,GSM809208,2,4,expanded_score,0,0.126434842808364
GSE32646,GSM809209,2,2,expanded_score,0,0.3466786941105644
GSE32646,GSM809210,2,0,expanded_score,0,0.07855535328139353
GSE32646,GSM809211,2,4,expanded_score,0,0.9328402089352603
GSE32646,GSM809212,2,1,expanded_score,0,0.2141081838530833
GSE32646,GSM809213,2,2,expanded_score,1,0.10213709881858196
GSE32646,GSM809214,2,1,expanded_score,0,0.14732440903502045
GSE32646,GSM809215,2,0,expanded_score,0,0.07368627943345925
GSE32646,GSM809216,2,3,expanded_score,0,0.14062094827430244
GSE32646,GSM809217,2,0,expanded_score,0,0.18913709758382588
GSE32646,GSM809218,2,2,expanded_score,0,0.02875206731003566
GSE32646,GSM809219,2,3,expanded_score,0,0.1754242966988948
GSE32646,GSM809220,2,2,expanded_score,0,0.7247349632098359
GSE32646,GSM809221,2,2,expanded_score,0,0.4340289757235077
GSE32646,GSM809222,2,4,expanded_score,0,0.35811486935855646
GSE32646,GSM809223,2,2,expanded_score,0,0.028471247641783434
GSE32646,GSM809224,2,2,expanded_score,0,0.4660868159972476
GSE32646,GSM809225,2,2,expanded_score,1,0.43238650432668063
GSE32646,GSM809226,2,0,expanded_score,1,0.5063062115454768
GSE32646,GSM809227,2,0,expanded_score,0,0.6345122500938798
GSE32646,GSM809228,2,2,expanded_score,0,0.17852044290546912
GSE32646,GSM809229,2,4,expanded_score,1,0.35099513342238625
GSE32646,GSM809230,2,3,expanded_score,0,0.10366926149512397
GSE32646,GSM809231,2,4,expanded_score,1,0.19266496979706002
GSE32646,GSM809232,2,1,expanded_score,1,0.20207231422792632
GSE32646,GSM809233,2,3,expanded_score,0,0.11246110742378954
GSE32646,GSM809234,2,3,expanded_score,0,0.03591884783779632
GSE32646,GSM809235,2,3,expanded_score,0,0.09750183010605817
GSE32646,GSM809236,2,0,expanded_score,1,0.3584971288045368
GSE32646,GSM809237,2,3,expanded_score,1,0.6028331742824663
GSE32646,GSM809238,2,3,expanded_score,1,0.46104120314344404
GSE32646,GSM809239,2,1,expanded_score,0,0.44324915411246735
GSE32646,GSM809240,2,3,expanded_score,0,0.03119234732023973
GSE32646,GSM809241,2,0,expanded_score,0,0.03078859480503003
GSE32646,GSM809242,2,1,expanded_score,0,0.03491053600603297
GSE32646,GSM809243,2,1,expanded_score,0,0.017162786144761504
GSE32646,GSM809244,2,1,expanded_score,0,0.008623825802164288
GSE32646,GSM809245,2,2,expanded_score,0,0.49041482242564705
GSE32646,GSM809246,2,0,expanded_score,1,0.5323865939890415
GSE32646,GSM809247,2,4,expanded_score,0,0.16099166124827338
GSE32646,GSM809248,2,4,expanded_score,1,0.03477570267290944
GSE32646,GSM809249,2,0,expanded_score,0,0.02619924464848167
GSE32646,GSM809250,2,4,expanded_score,0,0.0048625368747342405
GSE32646,GSM809251,2,1,expanded_score,0,0.1626703128420051
GSE32646,GSM809252,2,1,expanded_score,0,0.24160476407713496
GSE32646,GSM809253,2,1,expanded_score,1,0.06888347986481519
GSE32646,GSM809254,2,4,expanded_score,0,0.03811584764445843
GSE32646,GSM809255,2,4,expanded_score,0,0.29882705227352796
GSE32646,GSM809256,2,1,expanded_score,1,0.6174114000966492
GSE32646,GSM809257,2,3,expanded_score,0,0.19186715807282545
GSE32646,GSM809258,2,1,expanded_score,0,0.061264335234971004
GSE32646,GSM809259,2,2,expanded_score,0,0.11562993676159616
GSE32646,GSM809260,2,1,expanded_score,0,0.02347187636540975
GSE32646,GSM809261,2,4,expanded_score,0,0.37341504798381686
GSE32646,GSM809262,2,0,expanded_score,0,0.37232859459429973
GSE32646,GSM809263,2,1,expanded_score,0,0.2049431475260463
GSE32646,GSM809264,2,0,expanded_score,0,0.36086190665043477
GSE32646,GSM809265,2,0,expanded_score,0,0.08771626832058493
GSE32646,GSM809266,2,3,expanded_score,1,0.24969057168757144
GSE32646,GSM809267,2,4,expanded_score,0,0.9036472270436542
GSE32646,GSM809268,2,3,expanded_score,0,0.11309848737708429
GSE32646,GSM809269,2,4,expanded_score,0,0.21679092281672044
GSE32646,GSM809270,2,2,expanded_score,0,0.17328959787611345
GSE32646,GSM809271,2,1,expanded_score,1,0.2040358773151328
GSE32646,GSM809272,2,0,expanded_score,1,0.26121941475731086
GSE32646,GSM809273,2,4,expanded_score,0,0.1275229092062962
GSE32646,GSM809274,2,2,expanded_score,1,0.7600072042705016
GSE32646,GSM809275,2,0,expanded_score,0,0.11390114130669855
GSE32646,GSM809276,2,1,expanded_score,0,0.1146804802035867
GSE32646,GSM809277,2,3,expanded_score,0,0.17404946741615906
GSE32646,GSM809278,2,0,expanded_score,0,0.6602721165301935
GSE32646,GSM809279,2,0,expanded_score,0,0.01860018461532674
GSE32646,GSM809280,2,3,expanded_score,1,0.35745687279343974
GSE32646,GSM809281,2,2,expanded_score,0,0.2484854345541576
GSE32646,GSM809282,2,3,expanded_score,0,0.4987428540143859
GSE32646,GSM809283,2,4,expanded_score,0,0.07824959171760523
GSE32646,GSM809284,2,3,expanded_score,0,0.16696612422679777
GSE32646,GSM809285,2,0,expanded_score,0,0.2461530428241193
GSE32646,GSM809286,2,1,expanded_score,0,0.04228450539012117
GSE32646,GSM809287,2,0,expanded_score,0,0.14943624595450047
GSE32646,GSM809288,2,2,expanded_score,0,0.05484124433977214
GSE32646,GSM809289,2,3,expanded_score,1,0.20744346419857765
GSE32646,GSM809290,2,3,expanded_score,0,0.36064130964901026
GSE32646,GSM809291,2,1,expanded_score,0,0.045899104911022545
GSE32646,GSM809292,2,0,expanded_score,0,0.05571050316156041
GSE32646,GSM809293,2,2,expanded_score,0,0.05568723721619472
GSE32646,GSM809294,2,2,expanded_score,1,0.8533024430350064
GSE32646,GSM809295,2,4,expanded_score,1,0.6040695095232358
GSE32646,GSM809296,2,4,expanded_score,0,0.01442920287552784
GSE32646,GSM809297,2,4,expanded_score,0,0.28775337703625853
GSE32646,GSM809298,2,1,expanded_score,1,0.3003264054720982
GSE32646,GSM809184,3,1,expanded,0,0.061012961528772225
GSE32646,GSM809185,3,2,expanded,1,0.11082073365788464
GSE32646,GSM809186,3,0,expanded,0,0.34125422228021024
GSE32646,GSM809187,3,2,expanded,0,0.10333443058557867
GSE32646,GSM809188,3,2,expanded,0,0.17589765524215936
GSE32646,GSM809189,3,4,expanded,0,0.03664066680979988
GSE32646,GSM809190,3,2,expanded,0,0.017026705227341
GSE32646,GSM809191,3,0,expanded,0,0.067661606733216
GSE32646,GSM809192,3,3,expanded,1,0.13996003999151763
GSE32646,GSM809193,3,4,expanded,0,0.0486508883111994
GSE32646,GSM809194,3,0,expanded,1,0.0650223778893476
GSE32646,GSM809195,3,4,expanded,0,0.14498292950338604
GSE32646,GSM809196,3,0,expanded,0,0.02317680637269645
GSE32646,GSM809197,3,1,expanded,0,0.02150679529793278
GSE32646,GSM809198,3,2,expanded,0,0.18384008772243488
GSE32646,GSM809199,3,2,expanded,0,0.08430191669067567
GSE32646,GSM809200,3,1,expanded,0,0.5412029443069145
GSE32646,GSM809201,3,0,expanded,0,0.15766588386197197
GSE32646,GSM809202,3,1,expanded,1,0.6264870710330103
GSE32646,GSM809203,3,4,expanded,1,0.4548680094596694
GSE32646,GSM809204,3,2,expanded,0,0.19220065492557853
GSE32646,GSM809205,3,2,expanded,0,0.09518188529557095
GSE32646,GSM809206,3,2,expanded,0,0.14874407105095594
GSE32646,GSM809207,3,4,expanded,0,0.10576755469775288
GSE32646,GSM809208,3,0,expanded,0,0.4850541498922671
GSE32646,GSM809209,3,4,expanded,0,0.19892999494176797
GSE32646,GSM809210,3,0,expanded,0,0.08663385405288783
GSE32646,GSM809211,3,3,expanded,0,0.8265524495911336
GSE32646,GSM809212,3,3,expanded,0,0.22223456822436283
GSE32646,GSM809213,3,4,expanded,1,0.05479479677034559
GSE32646,GSM809214,3,4,expanded,0,0.3046611429215283
GSE32646,GSM809215,3,0,expanded,0,0.03104196925927242
GSE32646,GSM809216,3,3,expanded,0,0.1197811668515051
GSE32646,GSM809217,3,3,expanded,0,0.1687061716347418
GSE32646,GSM809218,3,1,expanded,0,0.08289054403625543
GSE32646,GSM809219,3,4,expanded,0,0.13172871202280578
GSE32646,GSM809220,3,1,expanded,0,0.3639700845824854
GSE32646,GSM809221,3,3,expanded,0,0.7447803444095651
GSE32646,GSM809222,3,3,expanded,0,0.08405056591033243
GSE32646,GSM809223,3,4,expanded,0,0.018435370132544576
GSE32646,GSM809224,3,0,expanded,0,0.3886647695916454
GSE32646,GSM809225,3,1,expanded,1,0.47958416235169654
GSE32646,GSM809226,3,1,expanded,1,0.6118415676366082
GSE32646,GSM809227,3,0,expanded,0,0.4790937204109314
GSE32646,GSM809228,3,4,expanded,0,0.1478534890203837
GSE32646,GSM809229,3,3,expanded,1,0.11095241146110153
GSE32646,GSM809230,3,4,expanded,0,0.33894317052324546
GSE32646,GSM809231,3,3,expanded,1,0.1789209613580111
GSE32646,GSM809232,3,2,expanded,1,0.36767591273228944
GSE32646,GSM809233,3,2,expanded,0,0.1563366376800665
GSE32646,GSM809234,3,3,expanded,0,0.06289513856173472
GSE32646,GSM809235,3,2,expanded,0,0.22057721489193477
GSE32646,GSM809236,3,2,expanded,1,0.5843510654933272
GSE32646,GSM809237,3,4,expanded,1,0.5738629605109351
GSE32646,GSM809238,3,2,expanded,1,0.5950106945234688
GSE32646,GSM809239,3,1,expanded,0,0.4640753166892171
GSE32646,GSM809240,3,2,expanded,0,0.019689666809362516
GSE32646,GSM809241,3,1,expanded,0,0.06093999194741704
GSE32646,GSM809242,3,3,expanded,0,0.057735127784721944
GSE32646,GSM809243,3,4,expanded,0,0.04081785400056571
GSE32646,GSM809244,3,1,expanded,0,0.0358120620589323
GSE32646,GSM809245,3,2,expanded,0,0.5807797163083752
GSE32646,GSM809246,3,0,expanded,1,0.4070667179073674
GSE32646,GSM809247,3,3,expanded,0,0.11007368414604055
GSE32646,GSM809248,3,1,expanded,1,0.3086337133877359
GSE32646,GSM809249,3,2,expanded,0,0.10243078368669399
GSE32646,GSM809250,3,2,expanded,0,0.01885701905330074
GSE32646,GSM809251,3,1,expanded,0,0.4282772306597443
GSE32646,GSM809252,3,4,expanded,0,0.2565338042055554
GSE32646,GSM809253,3,3,expanded,1,0.013900656902738466
GSE32646,GSM809254,3,1,expanded,0,0.12679174784169278
GSE32646,GSM809255,3,4,expanded,0,0.5682367751528553
GSE32646,GSM809256,3,4,expanded,1,0.6019329916455505
GSE32646,GSM809257,3,1,expanded,0,0.10754203929872036
GSE32646,GSM809258,3,0,expanded,0,0.08068895176968956
GSE32646,GSM809259,3,0,expanded,0,0.06617108827367589
GSE32646,GSM809260,3,1,expanded,0,0.07534422027863344
GSE32646,GSM809261,3,3,expanded,0,0.23308966478518423
GSE32646,GSM809262,3,2,expanded,0,0.5436579186086543
GSE32646,GSM809263,3,2,expanded,0,0.544872153198677
GSE32646,GSM809264,3,2,expanded,0,0.596189780709115
GSE32646,GSM809265,3,3,expanded,0,0.1607684379845043
GSE32646,GSM809266,3,3,expanded,1,0.42261662122613913
GSE32646,GSM809267,3,1,expanded,0,0.6069421798875795
GSE32646,GSM809268,3,3,expanded,0,0.06026239808919973
GSE32646,GSM809269,3,4,expanded,0,0.09118940680785707
GSE32646,GSM809270,3,0,expanded,0,0.40725248088488136
GSE32646,GSM809271,3,4,expanded,1,0.1777519612096774
GSE32646,GSM809272,3,4,expanded,1,0.18524984095209326
GSE32646,GSM809273,3,1,expanded,0,0.2995038779462168
GSE32646,GSM809274,3,2,expanded,1,0.7796355854971682
GSE32646,GSM809275,3,3,expanded,0,0.18181768686572372
GSE32646,GSM809276,3,4,expanded,0,0.07079030515808098
GSE32646,GSM809277,3,0,expanded,0,0.1775212868994464
GSE32646,GSM809278,3,0,expanded,0,0.5623103246537758
GSE32646,GSM809279,3,4,expanded,0,0.03785353010646633
GSE32646,GSM809280,3,0,expanded,1,0.4361466687570726
GSE32646,GSM809281,3,4,expanded,0,0.6900612217110829
GSE32646,GSM809282,3,0,expanded,0,0.5161862530932979
GSE32646,GSM809283,3,3,expanded,0,0.1197811668515051
GSE32646,GSM809284,3,1,expanded,0,0.11159367650096166
GSE32646,GSM809285,3,3,expanded,0,0.22293503512825102
GSE32646,GSM809286,3,3,expanded,0,0.012056004591645391
GSE32646,GSM809287,3,0,expanded,0,0.10300096609346153
GSE32646,GSM809288,3,0,expanded,0,0.07937006084424979
GSE32646,GSM809289,3,0,expanded,1,0.04183191417335371
GSE32646,GSM809290,3,2,expanded,0,0.7195625045187092
GSE32646,GSM809291,3,1,expanded,0,0.1206920626455575
GSE32646,GSM809292,3,1,expanded,0,0.08940799289317325
GSE32646,GSM809293,3,0,expanded,0,0.14772005076546627
GSE32646,GSM809294,3,3,expanded,1,0.6204990762021946
GSE32646,GSM809295,3,0,expanded,1,0.4835474208480087
GSE32646,GSM809296,3,3,expanded,0,0.03380655169604602
GSE32646,GSM809297,3,1,expanded,0,0.1123191145661285
GSE32646,GSM809298,3,1,expanded,1,0.26666976889608335
GSE32646,GSM809184,3,1,expanded_score,0,0.03463625479210358
GSE32646,GSM809185,3,2,expanded_score,1,0.16826204583509094
GSE32646,GSM809186,3,0,expanded_score,0,0.28564423217055
GSE32646,GSM809187,3,2,expanded_score,0,0.11016578830423676
GSE32646,GSM809188,3,2,expanded_score,0,0.19130817288529509
GSE32646,GSM809189,3,4,expanded_score,0,0.019612136319426453
GSE32646,GSM809190,3,2,expanded_score,0,0.010173667476776685
GSE32646,GSM809191,3,0,expanded_score,0,0.10370815615307553
GSE32646,GSM809192,3,3,expanded_score,1,0.230910462486199
GSE32646,GSM809193,3,4,expanded_score,0,0.018613872586617373
GSE32646,GSM809194,3,0,expanded_score,1,0.06527544394495696
GSE32646,GSM809195,3,4,expanded_score,0,0.11383359262340945
GSE32646,GSM809196,3,0,expanded_score,0,0.046976030046239854
GSE32646,GSM809197,3,1,expanded_score,0,0.004103962152855332
GSE32646,GSM809198,3,2,expanded_score,0,0.37204813770460854
GSE32646,GSM809199,3,2,expanded_score,0,0.08588688038272804
GSE32646,GSM809200,3,1,expanded_score,0,0.5538289755891102
GSE32646,GSM809201,3,0,expanded_score,0,0.09078999330862594
GSE32646,GSM809202,3,1,expanded_score,1,0.900771705081446
GSE32646,GSM809203,3,4,expanded_score,1,0.5744049299017451
GSE32646,GSM809204,3,2,expanded_score,0,0.23497577968899286
GSE32646,GSM809205,3,2,expanded_score,0,0.09212639402937828
GSE32646,GSM809206,3,2,expanded_score,0,0.1184567230344824
GSE32646,GSM809207,3,4,expanded_score,0,0.08915295071543029
GSE32646,GSM809208,3,0,expanded_score,0,0.3590584584957296
GSE32646,GSM809209,3,4,expanded_score,0,0.2930503230610786
GSE32646,GSM809210,3,0,expanded_score,0,0.04685595775932577
GSE32646,GSM809211,3,3,expanded_score,0,0.8880137871411565
GSE32646,GSM809212,3,3,expanded_score,0,0.26806986580545467
GSE32646,GSM809213,3,4,expanded_score,1,0.06510373584852013
GSE32646,GSM809214,3,4,expanded_score,0,0.1529579500397431
GSE32646,GSM809215,3,0,expanded_score,0,0.05199390222966208
GSE32646,GSM809216,3,3,expanded_score,0,0.11118033552541157
GSE32646,GSM809217,3,3,expanded_score,0,0.1562847153004265
GSE32646,GSM809218,3,1,expanded_score,0,0.014931365325355562
GSE32646,GSM809219,3,4,expanded_score,0,0.16603668480244052
GSE32646,GSM809220,3,1,expanded_score,0,0.8131191764525331
GSE32646,GSM809221,3,3,expanded_score,0,0.6437752549147117
GSE32646,GSM809222,3,3,expanded_score,0,0.12087050735706792
GSE32646,GSM809223,3,4,expanded_score,0,0.024610151992282794
GSE32646,GSM809224,3,0,expanded_score,0,0.5208573889412826
GSE32646,GSM809225,3,1,expanded_score,1,0.36294677051436075
GSE32646,GSM809226,3,1,expanded_score,1,0.6448878346947935
GSE32646,GSM809227,3,0,expanded_score,0,0.7594054769515913
GSE32646,GSM809228,3,4,expanded_score,0,0.22305851183833425
GSE32646,GSM809229,3,3,expanded_score,1,0.2303228417185417
GSE32646,GSM809230,3,4,expanded_score,0,0.168447063566994
GSE32646,GSM809231,3,3,expanded_score,1,0.30059172453872773
GSE32646,GSM809232,3,2,expanded_score,1,0.18305629102351464
GSE32646,GSM809233,3,2,expanded_score,0,0.09700671198884929
GSE32646,GSM809234,3,3,expanded_score,0,0.03683858092304439
GSE32646,GSM809235,3,2,expanded_score,0,0.14838943410197952
GSE32646,GSM809236,3,2,expanded_score,1,0.4769539415948606
GSE32646,GSM809237,3,4,expanded_score,1,0.7704833899377901
GSE32646,GSM809238,3,2,expanded_score,1,0.4640590583966881
GSE32646,GSM809239,3,1,expanded_score,0,0.6252825735352399
GSE32646,GSM809240,3,2,expanded_score,0,0.024988047712433473
GSE32646,GSM809241,3,1,expanded_score,0,0.023620256015218576
GSE32646,GSM809242,3,3,expanded_score,0,0.0387234497784266
GSE32646,GSM809243,3,4,expanded_score,0,0.01603189517479077
GSE32646,GSM809244,3,1,expanded_score,0,0.004962692446755569
GSE32646,GSM809245,3,2,expanded_score,0,0.46390492323287263
GSE32646,GSM809246,3,0,expanded_score,1,0.6897265558873107
GSE32646,GSM809247,3,3,expanded_score,0,0.19401825068831166
GSE32646,GSM809248,3,1,expanded_score,1,0.07436544442521062
GSE32646,GSM809249,3,2,expanded_score,0,0.05083601679854064
GSE32646,GSM809250,3,2,expanded_score,0,0.014167811920439366
GSE32646,GSM809251,3,1,expanded_score,0,0.14038603992660267
GSE32646,GSM809252,3,4,expanded_score,0,0.3007335376152463
GSE32646,GSM809253,3,3,expanded_score,1,0.020253423298027432
GSE32646,GSM809254,3,1,expanded_score,0,0.04644890833937547
GSE32646,GSM809255,3,4,expanded_score,0,0.4022665293520877
GSE32646,GSM809256,3,4,expanded_score,1,0.577251426547834
GSE32646,GSM809257,3,1,expanded_score,0,0.1459697054903794
GSE32646,GSM809258,3,0,expanded_score,0,0.03296521664804321
GSE32646,GSM809259,3,0,expanded_score,0,0.13247266760156626
GSE32646,GSM809260,3,1,expanded_score,0,0.027286024682118448
GSE32646,GSM809261,3,3,expanded_score,0,0.277729200096904
GSE32646,GSM809262,3,2,expanded_score,0,0.518015546692782
GSE32646,GSM809263,3,2,expanded_score,0,0.45160423134674055
GSE32646,GSM809264,3,2,expanded_score,0,0.41078335988741743
GSE32646,GSM809265,3,3,expanded_score,0,0.08590183919071595
GSE32646,GSM809266,3,3,expanded_score,1,0.30145637860745134
GSE32646,GSM809267,3,1,expanded_score,0,0.8716691871281204
GSE32646,GSM809268,3,3,expanded_score,0,0.041634580548914196
GSE32646,GSM809269,3,4,expanded_score,0,0.22289240668698526
GSE32646,GSM809270,3,0,expanded_score,0,0.34270116783590027
GSE32646,GSM809271,3,4,expanded_score,1,0.17732850557367705
GSE32646,GSM809272,3,4,expanded_score,1,0.2651066881740854
GSE32646,GSM809273,3,1,expanded_score,0,0.09966057006755825
GSE32646,GSM809274,3,2,expanded_score,1,0.808701284821037
GSE32646,GSM809275,3,3,expanded_score,0,0.09761091327954641
GSE32646,GSM809276,3,4,expanded_score,0,0.05547541488540851
GSE32646,GSM809277,3,0,expanded_score,0,0.16720519635924522
GSE32646,GSM809278,3,0,expanded_score,0,0.75301223912162
GSE32646,GSM809279,3,4,expanded_score,0,0.034870754366228086
GSE32646,GSM809280,3,0,expanded_score,1,0.4332019651731039
GSE32646,GSM809281,3,4,expanded_score,0,0.37872744224621585
GSE32646,GSM809282,3,0,expanded_score,0,0.502986810980612
GSE32646,GSM809283,3,3,expanded_score,0,0.08759491536618233
GSE32646,GSM809284,3,1,expanded_score,0,0.10724455449266676
GSE32646,GSM809285,3,3,expanded_score,0,0.2005874683743104
GSE32646,GSM809286,3,3,expanded_score,0,0.012037841728471445
GSE32646,GSM809287,3,0,expanded_score,0,0.13216121066785755
GSE32646,GSM809288,3,0,expanded_score,0,0.038378009531685416
GSE32646,GSM809289,3,0,expanded_score,1,0.07195464744101811
GSE32646,GSM809290,3,2,expanded_score,0,0.4912053085249452
GSE32646,GSM809291,3,1,expanded_score,0,0.027166594493747517
GSE32646,GSM809292,3,1,expanded_score,0,0.043360647226223986
GSE32646,GSM809293,3,0,expanded_score,0,0.08150436799646824
GSE32646,GSM809294,3,3,expanded_score,1,0.8069699632277764
GSE32646,GSM809295,3,0,expanded_score,1,0.4383003246464644
GSE32646,GSM809296,3,3,expanded_score,0,0.020861620785650313
GSE32646,GSM809297,3,1,expanded_score,0,0.19032795792813056
GSE32646,GSM809298,3,1,expanded_score,1,0.4119079656712651
GSE32646,GSM809184,4,2,expanded,0,0.07290622484515015
GSE32646,GSM809185,4,3,expanded,1,0.15721742261683638
GSE32646,GSM809186,4,2,expanded,0,0.20971896483683267
GSE32646,GSM809187,4,2,expanded,0,0.10809824561914705
GSE32646,GSM809188,4,4,expanded,0,0.023431364464730875
GSE32646,GSM809189,4,4,expanded,0,0.03500182823712016
GSE32646,GSM809190,4,1,expanded,0,0.024517055635418606
GSE32646,GSM809191,4,2,expanded,0,0.06219706342245729
GSE32646,GSM809192,4,2,expanded,1,0.11767204726954579
GSE32646,GSM809193,4,2,expanded,0,0.04316513812474248
GSE32646,GSM809194,4,4,expanded,1,0.019430624650533107
GSE32646,GSM809195,4,1,expanded,0,0.09333997855409809
GSE32646,GSM809196,4,0,expanded,0,0.039843077469375626
GSE32646,GSM809197,4,0,expanded,0,0.013444990861939808
GSE32646,GSM809198,4,2,expanded,0,0.16296901704094796
GSE32646,GSM809199,4,4,expanded,0,0.0822219200845891
GSE32646,GSM809200,4,1,expanded,0,0.4638108566095378
GSE32646,GSM809201,4,1,expanded,0,0.1813492736520216
GSE32646,GSM809202,4,1,expanded,1,0.5525179564015504
GSE32646,GSM809203,4,0,expanded,1,0.542215578883859
GSE32646,GSM809204,4,0,expanded,0,0.12585679225359617
GSE32646,GSM809205,4,1,expanded,0,0.06596980554321967
GSE32646,GSM809206,4,2,expanded,0,0.13393017295272877
GSE32646,GSM809207,4,3,expanded,0,0.2841950158094848
GSE32646,GSM809208,4,4,expanded,0,0.2349199497089049
GSE32646,GSM809209,4,4,expanded,0,0.19716329616594958
GSE32646,GSM809210,4,3,expanded,0,0.13137011389473674
GSE32646,GSM809211,4,3,expanded,0,0.6332978420581731
GSE32646,GSM809212,4,0,expanded,0,0.16326895961492682
GSE32646,GSM809213,4,4,expanded,1,0.01190349269679715
GSE32646,GSM809214,4,4,expanded,0,0.1731646753875698
GSE32646,GSM809215,4,2,expanded,0,0.07310323676736526
GSE32646,GSM809216,4,0,expanded,0,0.16898029303735887
GSE32646,GSM809217,4,2,expanded,0,0.15012934464366465
GSE32646,GSM809218,4,2,expanded,0,0.07751442914558121
GSE32646,GSM809219,4,0,expanded,0,0.18320616733748082
GSE32646,GSM809220,4,3,expanded,0,0.35920770381552813
GSE32646,GSM809221,4,3,expanded,0,0.5723660368851248
GSE32646,GSM809222,4,3,expanded,0,0.1298095250092709
GSE32646,GSM809223,4,4,expanded,0,0.030934726744994374
GSE32646,GSM809224,4,1,expanded,0,0.38769797696749736
GSE32646,GSM809225,4,3,expanded,1,0.4019987385587993
GSE32646,GSM809226,4,2,expanded,1,0.5441720742613262
GSE32646,GSM809227,4,1,expanded,0,0.4184773560483115
GSE32646,GSM809228,4,1,expanded,0,0.09512662578026092
GSE32646,GSM809229,4,4,expanded,1,0.04277024154629224
GSE32646,GSM809230,4,3,expanded,0,0.2288500488904786
GSE32646,GSM809231,4,4,expanded,1,0.09682950776128237
GSE32646,GSM809232,4,2,expanded,1,0.4256282165282952
GSE32646,GSM809233,4,3,expanded,0,0.1402757283490675
GSE32646,GSM809234,4,2,expanded,0,0.060209651321976795
GSE32646,GSM809235,4,4,expanded,0,0.1255448087973881
GSE32646,GSM809236,4,2,expanded,1,0.520515289310592
GSE32646,GSM809237,4,3,expanded,1,0.40922791312010004
GSE32646,GSM809238,4,2,expanded,1,0.5347272417853949
GSE32646,GSM809239,4,2,expanded,0,0.4256282165282952
GSE32646,GSM809240,4,1,expanded,0,0.022815833745617232
GSE32646,GSM809241,4,2,expanded,0,0.07056866671596504
GSE32646,GSM809242,4,1,expanded,0,0.15748378373939903
GSE32646,GSM809243,4,3,expanded,0,0.06004125480709869
GSE32646,GSM809244,4,1,expanded,0,0.05955395422706073
GSE32646,GSM809245,4,2,expanded,0,0.5157694380943333
GSE32646,GSM809246,4,3,expanded,1,0.4473683542307953
GSE32646,GSM809247,4,1,expanded,0,0.05989637298152544
GSE32646,GSM809248,4,0,expanded,1,0.2757560277687199
GSE32646,GSM809249,4,0,expanded,0,0.12734393262649177
GSE32646,GSM809250,4,0,expanded,0,0.019191345608139638
GSE32646,GSM809251,4,0,expanded,0,0.41277467755290687
GSE32646,GSM809252,4,3,expanded,0,0.18370907739659043
GSE32646,GSM809253,4,0,expanded,1,0.055973652382499246
GSE32646,GSM809254,4,4,expanded,0,0.03244672319534162
GSE32646,GSM809255,4,4,expanded,0,0.5912544863973658
GSE32646,GSM809256,4,1,expanded,1,0.44793709082502675
GSE32646,GSM809257,4,0,expanded,0,0.10460480492071611
GSE32646,GSM809258,4,1,expanded,0,0.1142914478744859
GSE32646,GSM809259,4,3,expanded,0,0.08041677555601591
GSE32646,GSM809260,4,1,expanded,0,0.08494475440588115
GSE32646,GSM809261,4,1,expanded,0,0.2679903843862337
GSE32646,GSM809262,4,4,expanded,0,0.07707217705743578
GSE32646,GSM809263,4,0,expanded,0,0.3231526746709062
GSE32646,GSM809264,4,0,expanded,0,0.5724578688695329
GSE32646,GSM809265,4,3,expanded,0,0.15341664758522883
GSE32646,GSM809266,4,4,expanded,1,0.4441913944096625
GSE32646,GSM809267,4,4,expanded,0,0.7813149913351742
GSE32646,GSM809268,4,0,expanded,0,0.1444003826280907
GSE32646,GSM809269,4,3,expanded,0,0.11985025354202912
GSE32646,GSM809270,4,0,expanded,0,0.24346651978976097
GSE32646,GSM809271,4,0,expanded,1,0.28938399394229775
GSE32646,GSM809272,4,1,expanded,1,0.2082262272704392
GSE32646,GSM809273,4,3,expanded,0,0.17162859329407518
GSE32646,GSM809274,4,0,expanded,1,0.6973119840436574
GSE32646,GSM809275,4,1,expanded,0,0.17675454268784466
GSE32646,GSM809276,4,4,expanded,0,0.2243737383603323
GSE32646,GSM809277,4,3,expanded,0,0.22505757448605604
GSE32646,GSM809278,4,3,expanded,0,0.3928139872984909
GSE32646,GSM809279,4,2,expanded,0,0.030309960791824835
GSE32646,GSM809280,4,3,expanded,1,0.3983998578000585
GSE32646,GSM809281,4,4,expanded,0,0.8711038927297576
GSE32646,GSM809282,4,2,expanded,0,0.5078537843857052
GSE32646,GSM809283,4,0,expanded,0,0.16898029303735887
GSE32646,GSM809284,4,0,expanded,0,0.12075937790897023
GSE32646,GSM809285,4,1,expanded,0,0.25985768056785685
GSE32646,GSM809286,4,3,expanded,0,0.0815324991876193
GSE32646,GSM809287,4,4,expanded,0,0.08779218463189585
GSE32646,GSM809288,4,4,expanded,0,0.02957433872493633
GSE32646,GSM809289,4,1,expanded,1,0.0844192394786963
GSE32646,GSM809290,4,2,expanded,0,0.39655394723357446
GSE32646,GSM809291,4,1,expanded,0,0.1287886551143341
GSE32646,GSM809292,4,0,expanded,0,0.06667448117091118
GSE32646,GSM809293,4,0,expanded,0,0.12445720906362595
GSE32646,GSM809294,4,3,expanded,1,0.6030232931360026
GSE32646,GSM809295,4,1,expanded,1,0.4907094388609089
GSE32646,GSM809296,4,4,expanded,0,0.00985120009935426
GSE32646,GSM809297,4,2,expanded,0,0.07964576522261745
GSE32646,GSM809298,4,4,expanded,1,0.1983968248608298
GSE32646,GSM809184,4,2,expanded_score,0,0.07441714036336046
GSE32646,GSM809185,4,3,expanded_score,1,0.2231047997305222
GSE32646,GSM809186,4,2,expanded_score,0,0.1444046570012682
GSE32646,GSM809187,4,2,expanded_score,0,0.11136400068279029
GSE32646,GSM809188,4,4,expanded_score,0,0.02913194141310406
GSE32646,GSM809189,4,4,expanded_score,0,0.01843873260726493
GSE32646,GSM809190,4,1,expanded_score,0,0.015258377289840839
GSE32646,GSM809191,4,2,expanded_score,0,0.07847880819205086
GSE32646,GSM809192,4,2,expanded_score,1,0.22642655124513297
GSE32646,GSM809193,4,2,expanded_score,0,0.013447055597202702
GSE32646,GSM809194,4,4,expanded_score,1,0.023245914999328543
GSE32646,GSM809195,4,1,expanded_score,0,0.06423016798439038
GSE32646,GSM809196,4,0,expanded_score,0,0.07049522462311528
GSE32646,GSM809197,4,0,expanded_score,0,0.0048485099861283396
GSE32646,GSM809198,4,2,expanded_score,0,0.36103600436107125
GSE32646,GSM809199,4,4,expanded_score,0,0.0917966631166219
GSE32646,GSM809200,4,1,expanded_score,0,0.4640312783040584
GSE32646,GSM809201,4,1,expanded_score,0,0.111450405069103
GSE32646,GSM809202,4,1,expanded_score,1,0.7598780831345713
GSE32646,GSM809203,4,0,expanded_score,1,0.686943409762725
GSE32646,GSM809204,4,0,expanded_score,0,0.1427280953947841
GSE32646,GSM809205,4,1,expanded_score,0,0.05729162227814968
GSE32646,GSM809206,4,2,expanded_score,0,0.10379063807571244
GSE32646,GSM809207,4,3,expanded_score,0,0.26960623658723054
GSE32646,GSM809208,4,4,expanded_score,0,0.15785801885963477
GSE32646,GSM809209,4,4,expanded_score,0,0.29091163707085355
GSE32646,GSM809210,4,3,expanded_score,0,0.06955359458965427
GSE32646,GSM809211,4,3,expanded_score,0,0.799617747668868
GSE32646,GSM809212,4,0,expanded_score,0,0.19726762889138605
GSE32646,GSM809213,4,4,expanded_score,1,0.014338276834356402
GSE32646,GSM809214,4,4,expanded_score,0,0.0817475024124094
GSE32646,GSM809215,4,2,expanded_score,0,0.11275097241067658
GSE32646,GSM809216,4,0,expanded_score,0,0.14998251479435024
GSE32646,GSM809217,4,2,expanded_score,0,0.13768685305277756
GSE32646,GSM809218,4,2,expanded_score,0,0.02901772200204941
GSE32646,GSM809219,4,0,expanded_score,0,0.20658711855124687
GSE32646,GSM809220,4,3,expanded_score,0,0.7836281511638244
GSE32646,GSM809221,4,3,expanded_score,0,0.3545370408860951
GSE32646,GSM809222,4,3,expanded_score,0,0.23240647219360003
GSE32646,GSM809223,4,4,expanded_score,0,0.04022971161100221
GSE32646,GSM809224,4,1,expanded_score,0,0.4523868953482422
GSE32646,GSM809225,4,3,expanded_score,1,0.32821449309032635
GSE32646,GSM809226,4,2,expanded_score,1,0.46586254087908535
GSE32646,GSM809227,4,1,expanded_score,0,0.6882527651781242
GSE32646,GSM809228,4,1,expanded_score,0,0.15708716588060623
GSE32646,GSM809229,4,4,expanded_score,1,0.10624211488374505
GSE32646,GSM809230,4,3,expanded_score,0,0.08887116417556298
GSE32646,GSM809231,4,4,expanded_score,1,0.19517102386931245
GSE32646,GSM809232,4,2,expanded_score,1,0.21284736628499015
GSE32646,GSM809233,4,3,expanded_score,0,0.06941210086499976
GSE32646,GSM809234,4,2,expanded_score,0,0.028130388183736824
GSE32646,GSM809235,4,4,expanded_score,0,0.08853473689598552
GSE32646,GSM809236,4,2,expanded_score,1,0.39987114198256957
GSE32646,GSM809237,4,3,expanded_score,1,0.744519695888957
GSE32646,GSM809238,4,2,expanded_score,1,0.39471110897263034
GSE32646,GSM809239,4,2,expanded_score,0,0.4978306272318841
GSE32646,GSM809240,4,1,expanded_score,0,0.025069549611310322
GSE32646,GSM809241,4,2,expanded_score,0,0.05177910918580299
GSE32646,GSM809242,4,1,expanded_score,0,0.08607197902826985
GSE32646,GSM809243,4,3,expanded_score,0,0.014819649621994781
GSE32646,GSM809244,4,1,expanded_score,0,0.02264334272956188
GSE32646,GSM809245,4,2,expanded_score,0,0.3837144588765592
GSE32646,GSM809246,4,3,expanded_score,1,0.7457206007090025
GSE32646,GSM809247,4,1,expanded_score,0,0.1459946159629282
GSE32646,GSM809248,4,0,expanded_score,1,0.11240006845720116
GSE32646,GSM809249,4,0,expanded_score,0,0.06758210922259458
GSE32646,GSM809250,4,0,expanded_score,0,0.011908922318356246
GSE32646,GSM809251,4,0,expanded_score,0,0.18199085523975272
GSE32646,GSM809252,4,3,expanded_score,0,0.22015183387442686
GSE32646,GSM809253,4,0,expanded_score,1,0.07980046937774672
GSE32646,GSM809254,4,4,expanded_score,0,0.02207020713717565
GSE32646,GSM809255,4,4,expanded_score,0,0.39943707965948405
GSE32646,GSM809256,4,1,expanded_score,1,0.42604470442578896
GSE32646,GSM809257,4,0,expanded_score,0,0.11880357829321653
GSE32646,GSM809258,4,1,expanded_score,0,0.04417773784983374
GSE32646,GSM809259,4,3,expanded_score,0,0.16296237330925098
GSE32646,GSM809260,4,1,expanded_score,0,0.046036530429144504
GSE32646,GSM809261,4,1,expanded_score,0,0.32631175756869396
GSE32646,GSM809262,4,4,expanded_score,0,0.08268138229300814
GSE32646,GSM809263,4,0,expanded_score,0,0.2674347716208815
GSE32646,GSM809264,4,0,expanded_score,0,0.4306421558863016
GSE32646,GSM809265,4,3,expanded_score,0,0.05058727159242862
GSE32646,GSM809266,4,4,expanded_score,1,0.28976464861052587
GSE32646,GSM809267,4,4,expanded_score,0,0.8831553615771603
GSE32646,GSM809268,4,0,expanded_score,0,0.0873446507359797
GSE32646,GSM809269,4,3,expanded_score,0,0.3393155701712874
GSE32646,GSM809270,4,0,expanded_score,0,0.1882244560985005
GSE32646,GSM809271,4,0,expanded_score,1,0.3014856454796429
GSE32646,GSM809272,4,1,expanded_score,1,0.35521052109610507
GSE32646,GSM809273,4,3,expanded_score,0,0.0739201466758628
GSE32646,GSM809274,4,0,expanded_score,1,0.7519902675258561
GSE32646,GSM809275,4,1,expanded_score,0,0.07813695069730246
GSE32646,GSM809276,4,4,expanded_score,0,0.1796255162697422
GSE32646,GSM809277,4,3,expanded_score,0,0.16212714666829528
GSE32646,GSM809278,4,3,expanded_score,0,0.6523139041115903
GSE32646,GSM809279,4,2,expanded_score,0,0.028616436343472575
GSE32646,GSM809280,4,3,expanded_score,1,0.40302587222082037
GSE32646,GSM809281,4,4,expanded_score,0,0.641645518288004
GSE32646,GSM809282,4,2,expanded_score,0,0.41411988543270667
GSE32646,GSM809283,4,0,expanded_score,0,0.11186535766283692
GSE32646,GSM809284,4,0,expanded_score,0,0.13175831246005534
GSE32646,GSM809285,4,1,expanded_score,0,0.22380696228378583
GSE32646,GSM809286,4,3,expanded_score,0,0.0958028242663943
GSE32646,GSM809287,4,4,expanded_score,0,0.09189347168735297
GSE32646,GSM809288,4,4,expanded_score,0,0.019194869955994405
GSE32646,GSM809289,4,1,expanded_score,1,0.12544375218693932
GSE32646,GSM809290,4,2,expanded_score,0,0.20437987900547935
GSE32646,GSM809291,4,1,expanded_score,0,0.048550516217831706
GSE32646,GSM809292,4,0,expanded_score,0,0.04733844169222149
GSE32646,GSM809293,4,0,expanded_score,0,0.060618822246489124
GSE32646,GSM809294,4,3,expanded_score,1,0.8907664863181607
GSE32646,GSM809295,4,1,expanded_score,1,0.46156597440895275
GSE32646,GSM809296,4,4,expanded_score,0,0.006784393100962753
GSE32646,GSM809297,4,2,expanded_score,0,0.1390986691888996
GSE32646,GSM809298,4,4,expanded_score,1,0.24644748006027611
GSE32646,GSM809184,5,2,expanded,0,0.08102607726625136
GSE32646,GSM809185,5,4,expanded,1,0.14639821249298374
GSE32646,GSM809186,5,1,expanded,0,0.27761495068748604
GSE32646,GSM809187,5,4,expanded,0,0.05942452299839995
GSE32646,GSM809188,5,0,expanded,0,0.08829907420617
GSE32646,GSM809189,5,0,expanded,0,0.06018273658617878
GSE32646,GSM809190,5,1,expanded,0,0.04149039642328515
GSE32646,GSM809191,5,3,expanded,0,0.08834168591149084
GSE32646,GSM809192,5,2,expanded,1,0.1518862776845828
GSE32646,GSM809193,5,1,expanded,0,0.03343344389058624
GSE32646,GSM809194,5,0,expanded,1,0.07954627539405945
GSE32646,GSM809195,5,2,expanded,0,0.07305721055080427
GSE32646,GSM809196,5,1,expanded,0,0.04595733401730454
GSE32646,GSM809197,5,4,expanded,0,0.0075682883859183045
GSE32646,GSM809198,5,1,expanded,0,0.16059886955720917
GSE32646,GSM809199,5,4,expanded,0,0.07111027674926411
GSE32646,GSM809200,5,4,expanded,0,0.5528409445876601
GSE32646,GSM809201,5,0,expanded,0,0.13115017578487304
GSE32646,GSM809202,5,1,expanded,1,0.5412273695514321
GSE32646,GSM809203,5,1,expanded,1,0.4832851974510596
GSE32646,GSM809204,5,3,expanded,0,0.20137894395289654
GSE32646,GSM809205,5,2,expanded,0,0.04661633353780022
GSE32646,GSM809206,5,1,expanded,0,0.2048653655958413
GSE32646,GSM809207,5,0,expanded,0,0.2131894479359216
GSE32646,GSM809208,5,2,expanded,0,0.3298818515895421
GSE32646,GSM809209,5,2,expanded,0,0.23232005360363875
GSE32646,GSM809210,5,3,expanded,0,0.11237160701956732
GSE32646,GSM809211,5,2,expanded,0,0.7970402614903236
GSE32646,GSM809212,5,1,expanded,0,0.2094870371162065
GSE32646,GSM809213,5,3,expanded,1,0.09008250102945678
GSE32646,GSM809214,5,3,expanded,0,0.2740595240631233
GSE32646,GSM809215,5,4,expanded,0,0.08329473815600809
GSE32646,GSM809216,5,0,expanded,0,0.1325266852373789
GSE32646,GSM809217,5,1,expanded,0,0.2726703178580379
GSE32646,GSM809218,5,0,expanded,0,0.06326244104677807
GSE32646,GSM809219,5,3,expanded,0,0.14350257277009867
GSE32646,GSM809220,5,3,expanded,0,0.3238900030813701
GSE32646,GSM809221,5,0,expanded,0,0.6255433858035157
GSE32646,GSM809222,5,1,expanded,0,0.12743619621435096
GSE32646,GSM809223,5,4,expanded,0,0.01048860310895017
GSE32646,GSM809224,5,2,expanded,0,0.2440640117784971
GSE32646,GSM809225,5,3,expanded,1,0.42052718606535666
GSE32646,GSM809226,5,4,expanded,1,0.5560806470433024
GSE32646,GSM809227,5,1,expanded,0,0.4452117768283731
GSE32646,GSM809228,5,2,expanded,0,0.07487382171447676
GSE32646,GSM809229,5,4,expanded,1,0.10072211979121845
GSE32646,GSM809230,5,4,expanded,0,0.32789817429295554
GSE32646,GSM809231,5,3,expanded,1,0.20902768134101976
GSE32646,GSM809232,5,0,expanded,1,0.47178321640478993
GSE32646,GSM809233,5,2,expanded,0,0.10899108270772113
GSE32646,GSM809234,5,2,expanded,0,0.05315755538624193
GSE32646,GSM809235,5,4,expanded,0,0.10666303997557777
GSE32646,GSM809236,5,1,expanded,1,0.4610342096493888
GSE32646,GSM809237,5,4,expanded,1,0.38997781057447095
GSE32646,GSM809238,5,4,expanded,1,0.5546927705831706
GSE32646,GSM809239,5,0,expanded,0,0.47178321640478993
GSE32646,GSM809240,5,4,expanded,0,0.02421355019977908
GSE32646,GSM809241,5,0,expanded,0,0.04105610569771207
GSE32646,GSM809242,5,2,expanded,0,0.07070293042778074
GSE32646,GSM809243,5,4,expanded,0,0.05904319567897221
GSE32646,GSM809244,5,4,expanded,0,0.03323637549674005
GSE32646,GSM809245,5,3,expanded,0,0.4849584945550569
GSE32646,GSM809246,5,1,expanded,1,0.20898536140536514
GSE32646,GSM809247,5,3,expanded,0,0.09984835573498951
GSE32646,GSM809248,5,2,expanded,1,0.25349766524341705
GSE32646,GSM809249,5,2,expanded,0,0.12041339473884573
GSE32646,GSM809250,5,0,expanded,0,0.016867779149243627
GSE32646,GSM809251,5,2,expanded,0,0.3972433741231633
GSE32646,GSM809252,5,3,expanded,0,0.21669760123927648
GSE32646,GSM809253,5,2,expanded,1,0.032613158587530174
GSE32646,GSM809254,5,1,expanded,0,0.1512005920084709
GSE32646,GSM809255,5,1,expanded,0,0.5382455269692393
GSE32646,GSM809256,5,3,expanded,1,0.5651603118330627
GSE32646,GSM809257,5,2,expanded,0,0.05828194392817456
GSE32646,GSM809258,5,2,expanded,0,0.17100838174721053
GSE32646,GSM809259,5,3,expanded,0,0.08631126341288664
GSE32646,GSM809260,5,0,expanded,0,0.051816402708014846
GSE32646,GSM809261,5,2,expanded,0,0.18376343068677797
GSE32646,GSM809262,5,3,expanded,0,0.22404694001584466
GSE32646,GSM809263,5,4,expanded,0,0.2923905420995517
GSE32646,GSM809264,5,1,expanded,0,0.5056026621900582
GSE32646,GSM809265,5,1,expanded,0,0.2656444196233892
GSE32646,GSM809266,5,2,expanded,1,0.45555370945873896
GSE32646,GSM809267,5,0,expanded,0,0.6453368134626758
GSE32646,GSM809268,5,3,expanded,0,0.13244351501692148
GSE32646,GSM809269,5,1,expanded,0,0.14009378614221338
GSE32646,GSM809270,5,0,expanded,0,0.302891836795919
GSE32646,GSM809271,5,4,expanded,1,0.22330047453987342
GSE32646,GSM809272,5,0,expanded,1,0.2722269292095799
GSE32646,GSM809273,5,4,expanded,0,0.14721954241823043
GSE32646,GSM809274,5,0,expanded,1,0.7280401753522069
GSE32646,GSM809275,5,3,expanded,0,0.18918700810798128
GSE32646,GSM809276,5,0,expanded,0,0.12097199374323546
GSE32646,GSM809277,5,3,expanded,0,0.2581929578823548
GSE32646,GSM809278,5,0,expanded,0,0.4364901636966545
GSE32646,GSM809279,5,3,expanded,0,0.045648735213819666
GSE32646,GSM809280,5,3,expanded,1,0.41433180275213694
GSE32646,GSM809281,5,2,expanded,0,0.615069732879078
GSE32646,GSM809282,5,4,expanded,0,0.550755889113436
GSE32646,GSM809283,5,3,expanded,0,0.13142642722106154
GSE32646,GSM809284,5,0,expanded,0,0.08829907420617
GSE32646,GSM809285,5,1,expanded,0,0.31717028734784797
GSE32646,GSM809286,5,0,expanded,0,0.05323398146200475
GSE32646,GSM809287,5,0,expanded,0,0.11101272376999131
GSE32646,GSM809288,5,2,expanded,0,0.10727889186175386
GSE32646,GSM809289,5,1,expanded,1,0.06326415976404141
GSE32646,GSM809290,5,1,expanded,0,0.3180786319882164
GSE32646,GSM809291,5,4,expanded,0,0.18855050592673012
GSE32646,GSM809292,5,3,expanded,0,0.09836271732259627
GSE32646,GSM809293,5,1,expanded,0,0.15373109118521822
GSE32646,GSM809294,5,0,expanded,1,0.6293211219217821
GSE32646,GSM809295,5,2,expanded,1,0.625237431246798
GSE32646,GSM809296,5,4,expanded,0,0.0945142104713654
GSE32646,GSM809297,5,4,expanded,0,0.10300984716515399
GSE32646,GSM809298,5,3,expanded,1,0.22756804723995308
GSE32646,GSM809184,5,2,expanded_score,0,0.07584305537155771
GSE32646,GSM809185,5,4,expanded_score,1,0.19625640620216167
GSE32646,GSM809186,5,1,expanded_score,0,0.22393394196880567
GSE32646,GSM809187,5,4,expanded_score,0,0.06457812097939296
GSE32646,GSM809188,5,0,expanded_score,0,0.0913786992319538
GSE32646,GSM809189,5,0,expanded_score,0,0.018645475619320857
GSE32646,GSM809190,5,1,expanded_score,0,0.026291500272182418
GSE32646,GSM809191,5,3,expanded_score,0,0.1263815356515801
GSE32646,GSM809192,5,2,expanded_score,1,0.27353515878075974
GSE32646,GSM809193,5,1,expanded_score,0,0.014155076209721961
GSE32646,GSM809194,5,0,expanded_score,1,0.07432663516185754
GSE32646,GSM809195,5,2,expanded_score,0,0.04139398992901547
GSE32646,GSM809196,5,1,expanded_score,0,0.09218916375038222
GSE32646,GSM809197,5,4,expanded_score,0,0.0038320259454128047
GSE32646,GSM809198,5,1,expanded_score,0,0.32492554931268874
GSE32646,GSM809199,5,4,expanded_score,0,0.06767787598527598
GSE32646,GSM809200,5,4,expanded_score,0,0.5194737796771753
GSE32646,GSM809201,5,0,expanded_score,0,0.06121634874658739
GSE32646,GSM809202,5,1,expanded_score,1,0.7258618168742862
GSE32646,GSM809203,5,1,expanded_score,1,0.6368436455071398
GSE32646,GSM809204,5,3,expanded_score,0,0.29025480103035844
GSE32646,GSM809205,5,2,expanded_score,0,0.03354773393529435
GSE32646,GSM809206,5,1,expanded_score,0,0.1799109297196263
GSE32646,GSM809207,5,0,expanded_score,0,0.15995813505697198
GSE32646,GSM809208,5,2,expanded_score,0,0.16219974375480709
GSE32646,GSM809209,5,2,expanded_score,0,0.3481150845393029
GSE32646,GSM809210,5,3,expanded_score,0,0.06078567821605398
GSE32646,GSM809211,5,2,expanded_score,0,0.8905773980160416
GSE32646,GSM809212,5,1,expanded_score,0,0.2591161763220391
GSE32646,GSM809213,5,3,expanded_score,1,0.10795279846886162
GSE32646,GSM809214,5,3,expanded_score,0,0.11299872627314002
GSE32646,GSM809215,5,4,expanded_score,0,0.11010187055594194
GSE32646,GSM809216,5,0,expanded_score,0,0.11410641672846239
GSE32646,GSM809217,5,1,expanded_score,0,0.25544898452412557
GSE32646,GSM809218,5,0,expanded_score,0,0.01689940701720764
GSE32646,GSM809219,5,3,expanded_score,0,0.15616457069285145
GSE32646,GSM809220,5,3,expanded_score,0,0.6862343989506814
GSE32646,GSM809221,5,0,expanded_score,0,0.45226668998253405
GSE32646,GSM809222,5,1,expanded_score,0,0.19045697212557422
GSE32646,GSM809223,5,4,expanded_score,0,0.01336213407473268
GSE32646,GSM809224,5,2,expanded_score,0,0.23898032513156
GSE32646,GSM809225,5,3,expanded_score,1,0.32185161139834806
GSE32646,GSM809226,5,4,expanded_score,1,0.519290085990953
GSE32646,GSM809227,5,1,expanded_score,0,0.6773963169872905
GSE32646,GSM809228,5,2,expanded_score,0,0.1281941530103796
GSE32646,GSM809229,5,4,expanded_score,1,0.22295948019796005
GSE32646,GSM809230,5,4,expanded_score,0,0.17883423408907628
GSE32646,GSM809231,5,3,expanded_score,1,0.43117441786084937
GSE32646,GSM809232,5,0,expanded_score,1,0.25439076750455764
GSE32646,GSM809233,5,2,expanded_score,0,0.05750093986326627
GSE32646,GSM809234,5,2,expanded_score,0,0.020788755718002486
GSE32646,GSM809235,5,4,expanded_score,0,0.08701972142930137
GSE32646,GSM809236,5,1,expanded_score,1,0.4163389343510303
GSE32646,GSM809237,5,4,expanded_score,1,0.6203552690836318
GSE32646,GSM809238,5,4,expanded_score,1,0.47446219740903084
GSE32646,GSM809239,5,0,expanded_score,0,0.5892107174298998
GSE32646,GSM809240,5,4,expanded_score,0,0.02663410821252869
GSE32646,GSM809241,5,0,expanded_score,0,0.022808487128065838
GSE32646,GSM809242,5,2,expanded_score,0,0.029325760693504406
GSE32646,GSM809243,5,4,expanded_score,0,0.02449269109539376
GSE32646,GSM809244,5,4,expanded_score,0,0.01292913399934205
GSE32646,GSM809245,5,3,expanded_score,0,0.427698813968095
GSE32646,GSM809246,5,1,expanded_score,1,0.3872495968083055
GSE32646,GSM809247,5,3,expanded_score,0,0.20630873695836072
GSE32646,GSM809248,5,2,expanded_score,1,0.07408222305863764
GSE32646,GSM809249,5,2,expanded_score,0,0.05737208850378525
GSE32646,GSM809250,5,0,expanded_score,0,0.00793326666805772
GSE32646,GSM809251,5,2,expanded_score,0,0.1289466580728734
GSE32646,GSM809252,5,3,expanded_score,0,0.2500507427774833
GSE32646,GSM809253,5,2,expanded_score,1,0.04332704008013754
GSE32646,GSM809254,5,1,expanded_score,0,0.10023266205418445
GSE32646,GSM809255,5,1,expanded_score,0,0.347331583119908
GSE32646,GSM809256,5,3,expanded_score,1,0.5134125907167362
GSE32646,GSM809257,5,2,expanded_score,0,0.06918707266491855
GSE32646,GSM809258,5,2,expanded_score,0,0.05870858907243057
GSE32646,GSM809259,5,3,expanded_score,0,0.15988432755471554
GSE32646,GSM809260,5,0,expanded_score,0,0.020246074369655916
GSE32646,GSM809261,5,2,expanded_score,0,0.2429623922337647
GSE32646,GSM809262,5,3,expanded_score,0,0.20679414004160931
GSE32646,GSM809263,5,4,expanded_score,0,0.27016530350194523
GSE32646,GSM809264,5,1,expanded_score,0,0.38892634493208067
GSE32646,GSM809265,5,1,expanded_score,0,0.1384832028096916
GSE32646,GSM809266,5,2,expanded_score,1,0.23689571732328354
GSE32646,GSM809267,5,0,expanded_score,0,0.8763733915293409
GSE32646,GSM809268,5,3,expanded_score,0,0.0876070393189583
GSE32646,GSM809269,5,1,expanded_score,0,0.3327197312379381
GSE32646,GSM809270,5,0,expanded_score,0,0.23128907440963756
GSE32646,GSM809271,5,4,expanded_score,1,0.22058305810105455
GSE32646,GSM809272,5,0,expanded_score,1,0.45454721309878054
GSE32646,GSM809273,5,4,expanded_score,0,0.09212932570539208
GSE32646,GSM809274,5,0,expanded_score,1,0.8119068976741687
GSE32646,GSM809275,5,3,expanded_score,0,0.07066125589215307
GSE32646,GSM809276,5,0,expanded_score,0,0.08522546304590155
GSE32646,GSM809277,5,3,expanded_score,0,0.22449139151407993
GSE32646,GSM809278,5,0,expanded_score,0,0.6560233943182279
GSE32646,GSM809279,5,3,expanded_score,0,0.04273119408337186
GSE32646,GSM809280,5,3,expanded_score,1,0.38617981152375025
GSE32646,GSM809281,5,2,expanded_score,0,0.1969622063604504
GSE32646,GSM809282,5,4,expanded_score,0,0.5011100592108539
GSE32646,GSM809283,5,3,expanded_score,0,0.07907845936905127
GSE32646,GSM809284,5,0,expanded_score,0,0.09614005449985287
GSE32646,GSM809285,5,1,expanded_score,0,0.28489399912146834
GSE32646,GSM809286,5,0,expanded_score,0,0.043489813108960794
GSE32646,GSM809287,5,0,expanded_score,0,0.11210239692745058
GSE32646,GSM809288,5,2,expanded_score,0,0.0469823833052291
GSE32646,GSM809289,5,1,expanded_score,1,0.11115683275133365
GSE32646,GSM809290,5,1,expanded_score,0,0.21727820514117388
GSE32646,GSM809291,5,4,expanded_score,0,0.0915412895255307
GSE32646,GSM809292,5,3,expanded_score,0,0.07184153248430082
GSE32646,GSM809293,5,1,expanded_score,0,0.09658311447477579
GSE32646,GSM809294,5,0,expanded_score,1,0.8927578400665022
GSE32646,GSM809295,5,2,expanded_score,1,0.5584690870986669
GSE32646,GSM809296,5,4,expanded_score,0,0.060254892235973044
GSE32646,GSM809297,5,4,expanded_score,0,0.13755687915658985
GSE32646,GSM809298,5,3,expanded_score,1,0.28447554586702406
GSE32646,GSM809184,6,1,expanded,0,0.06748626405254732
GSE32646,GSM809185,6,0,expanded,1,0.11851068356649183
GSE32646,GSM809186,6,1,expanded,0,0.3479043899464939
GSE32646,GSM809187,6,1,expanded,0,0.12849367078608467
GSE32646,GSM809188,6,4,expanded,0,0.07768455483433014
GSE32646,GSM809189,6,2,expanded,0,0.07811920107416873
GSE32646,GSM809190,6,4,expanded,0,0.0390530709307813
GSE32646,GSM809191,6,2,expanded,0,0.03997405544355761
GSE32646,GSM809192,6,1,expanded,1,0.06211074775235323
GSE32646,GSM809193,6,1,expanded,0,0.029068309614669403
GSE32646,GSM809194,6,3,expanded,1,0.10381165795173589
GSE32646,GSM809195,6,2,expanded,0,0.07803232875457834
GSE32646,GSM809196,6,2,expanded,0,0.04489719602594031
GSE32646,GSM809197,6,4,expanded,0,0.013123104522244784
GSE32646,GSM809198,6,0,expanded,0,0.06792703169061642
GSE32646,GSM809199,6,2,expanded,0,0.13688068143648421
GSE32646,GSM809200,6,0,expanded,0,0.5191855498000316
GSE32646,GSM809201,6,1,expanded,0,0.09889780493419151
GSE32646,GSM809202,6,1,expanded,1,0.6024530014469123
GSE32646,GSM809203,6,1,expanded,1,0.573533768583142
GSE32646,GSM809204,6,2,expanded,0,0.15042823136847863
GSE32646,GSM809205,6,3,expanded,0,0.07327634354794989
GSE32646,GSM809206,6,0,expanded,0,0.09669267277389891
GSE32646,GSM809207,6,2,expanded,0,0.18799925822947544
GSE32646,GSM809208,6,1,expanded,0,0.4794166134277045
GSE32646,GSM809209,6,4,expanded,0,0.0859010142197126
GSE32646,GSM809210,6,0,expanded,0,0.06526876147387357
GSE32646,GSM809211,6,2,expanded,0,0.7248156728735027
GSE32646,GSM809212,6,3,expanded,0,0.1600269765012936
GSE32646,GSM809213,6,0,expanded,1,0.04463787598828661
GSE32646,GSM809214,6,1,expanded,0,0.46111245954700564
GSE32646,GSM809215,6,0,expanded,0,0.05606109688289252
GSE32646,GSM809216,6,3,expanded,0,0.1505097286144393
GSE32646,GSM809217,6,0,expanded,0,0.14363069811217286
GSE32646,GSM809218,6,0,expanded,0,0.06851183413120616
GSE32646,GSM809219,6,2,expanded,0,0.1535949163409125
GSE32646,GSM809220,6,2,expanded,0,0.2540844007490385
GSE32646,GSM809221,6,1,expanded,0,0.6330100217098639
GSE32646,GSM809222,6,0,expanded,0,0.22045193660098614
GSE32646,GSM809223,6,3,expanded,0,0.024881103673715994
GSE32646,GSM809224,6,2,expanded,0,0.2378233830804179
GSE32646,GSM809225,6,3,expanded,1,0.49468620409180375
GSE32646,GSM809226,6,3,expanded,1,0.555493817001446
GSE32646,GSM809227,6,4,expanded,0,0.31794347078009777
GSE32646,GSM809228,6,3,expanded,0,0.10586403967297255
GSE32646,GSM809229,6,0,expanded,1,0.07068538089757737
GSE32646,GSM809230,6,0,expanded,0,0.3178948957040988
GSE32646,GSM809231,6,4,expanded,1,0.1580927064173423
GSE32646,GSM809232,6,1,expanded,1,0.5207283094475794
GSE32646,GSM809233,6,2,expanded,0,0.1477081791357851
GSE32646,GSM809234,6,0,expanded,0,0.03035603061949443
GSE32646,GSM809235,6,1,expanded,0,0.21792473734544193
GSE32646,GSM809236,6,2,expanded,1,0.5261279842732923
GSE32646,GSM809237,6,4,expanded,1,0.4064867042096793
GSE32646,GSM809238,6,4,expanded,1,0.6039957474937426
GSE32646,GSM809239,6,1,expanded,0,0.5207283094475794
GSE32646,GSM809240,6,4,expanded,0,0.01714178376972928
GSE32646,GSM809241,6,2,expanded,0,0.0473516536758801
GSE32646,GSM809242,6,4,expanded,0,0.11079229516294788
GSE32646,GSM809243,6,3,expanded,0,0.04252354521118086
GSE32646,GSM809244,6,3,expanded,0,0.02419441080730545
GSE32646,GSM809245,6,1,expanded,0,0.5554704272974946
GSE32646,GSM809246,6,3,expanded,1,0.37779389408402025
GSE32646,GSM809247,6,1,expanded,0,0.23792227165698898
GSE32646,GSM809248,6,4,expanded,1,0.2098039446458229
GSE32646,GSM809249,6,2,expanded,0,0.1322418976327036
GSE32646,GSM809250,6,3,expanded,0,0.023219325407134797
GSE32646,GSM809251,6,1,expanded,0,0.5046652524380806
GSE32646,GSM809252,6,3,expanded,0,0.2007777977275316
GSE32646,GSM809253,6,2,expanded,1,0.04340183246357969
GSE32646,GSM809254,6,0,expanded,0,0.0627075217139386
GSE32646,GSM809255,6,3,expanded,0,0.4999980484356844
GSE32646,GSM809256,6,4,expanded,1,0.4852345405571276
GSE32646,GSM809257,6,4,expanded,0,0.12938420745379373
GSE32646,GSM809258,6,3,expanded,0,0.18601189563264553
GSE32646,GSM809259,6,1,expanded,0,0.05315934831461113
GSE32646,GSM809260,6,0,expanded,0,0.05517627376283304
GSE32646,GSM809261,6,4,expanded,0,0.29065961662558887
GSE32646,GSM809262,6,3,expanded,0,0.31351712927051917
GSE32646,GSM809263,6,2,expanded,0,0.26730106215553506
GSE32646,GSM809264,6,4,expanded,0,0.6143038508785549
GSE32646,GSM809265,6,0,expanded,0,0.13844988954406084
GSE32646,GSM809266,6,2,expanded,1,0.42162784948374205
GSE32646,GSM809267,6,3,expanded,0,0.6043992113836127
GSE32646,GSM809268,6,1,expanded,0,0.14259418618039638
GSE32646,GSM809269,6,1,expanded,0,0.15430915146373997
GSE32646,GSM809270,6,4,expanded,0,0.5095890110673768
GSE32646,GSM809271,6,3,expanded,1,0.2649140412025813
GSE32646,GSM809272,6,0,expanded,1,0.1677444905443258
GSE32646,GSM809273,6,2,expanded,0,0.3167710826126958
GSE32646,GSM809274,6,2,expanded,1,0.6972052227889786
GSE32646,GSM809275,6,4,expanded,0,0.26010739908022695
GSE32646,GSM809276,6,2,expanded,0,0.17764177546869309
GSE32646,GSM809277,6,4,expanded,0,0.09810469543832136
GSE32646,GSM809278,6,1,expanded,0,0.5092571324086271
GSE32646,GSM809279,6,1,expanded,0,0.03569954402356429
GSE32646,GSM809280,6,3,expanded,1,0.4893755590719229
GSE32646,GSM809281,6,0,expanded,0,0.70083435139282
GSE32646,GSM809282,6,4,expanded,0,0.4221589827971448
GSE32646,GSM809283,6,3,expanded,0,0.1505097286144393
GSE32646,GSM809284,6,0,expanded,0,0.05446443365770424
GSE32646,GSM809285,6,3,expanded,0,0.17807974932274317
GSE32646,GSM809286,6,4,expanded,0,0.0735062554799629
GSE32646,GSM809287,6,0,expanded,0,0.1643012426262418
GSE32646,GSM809288,6,3,expanded,0,0.12299826522345504
GSE32646,GSM809289,6,4,expanded,1,0.10546661869444701
GSE32646,GSM809290,6,4,expanded,0,0.4807535900461718
GSE32646,GSM809291,6,2,expanded,0,0.13738840407418113
GSE32646,GSM809292,6,4,expanded,0,0.0550928017218028
GSE32646,GSM809293,6,0,expanded,0,0.05469861656049991
GSE32646,GSM809294,6,2,expanded,1,0.5854000594122328
GSE32646,GSM809295,6,0,expanded,1,0.48746830737344155
GSE32646,GSM809296,6,0,expanded,0,0.041128937972048314
GSE32646,GSM809297,6,3,expanded,0,0.11959722336100717
GSE32646,GSM809298,6,1,expanded,1,0.20266688484008752
GSE32646,GSM809184,6,1,expanded_score,0,0.06350621076654157
GSE32646,GSM809185,6,0,expanded_score,1,0.15754923789100633
GSE32646,GSM809186,6,1,expanded_score,0,0.2799636892239245
GSE32646,GSM809187,6,1,expanded_score,0,0.15580812157078983
GSE32646,GSM809188,6,4,expanded_score,0,0.09535209205734284
GSE32646,GSM809189,6,2,expanded_score,0,0.024035894189046877
GSE32646,GSM809190,6,4,expanded_score,0,0.02371353537631468
GSE32646,GSM809191,6,2,expanded_score,0,0.054157985946714546
GSE32646,GSM809192,6,1,expanded_score,1,0.12320062527573182
GSE32646,GSM809193,6,1,expanded_score,0,0.01279232791271909
GSE32646,GSM809194,6,3,expanded_score,1,0.09819940818046598
GSE32646,GSM809195,6,2,expanded_score,0,0.053395468050442194
GSE32646,GSM809196,6,2,expanded_score,0,0.07774768565646009
GSE32646,GSM809197,6,4,expanded_score,0,0.00652402235242638
GSE32646,GSM809198,6,0,expanded_score,0,0.13527828778251705
GSE32646,GSM809199,6,2,expanded_score,0,0.11708616316351979
GSE32646,GSM809200,6,0,expanded_score,0,0.5040907970812702
GSE32646,GSM809201,6,1,expanded_score,0,0.06022816859589345
GSE32646,GSM809202,6,1,expanded_score,1,0.7761265023257377
GSE32646,GSM809203,6,1,expanded_score,1,0.7035316308556285
GSE32646,GSM809204,6,2,expanded_score,0,0.19872188879613376
GSE32646,GSM809205,6,3,expanded_score,0,0.06980124481631274
GSE32646,GSM809206,6,0,expanded_score,0,0.09081854965373853
GSE32646,GSM809207,6,2,expanded_score,0,0.14587246767608694
GSE32646,GSM809208,6,1,expanded_score,0,0.32663982005431497
GSE32646,GSM809209,6,4,expanded_score,0,0.19032836852715335
GSE32646,GSM809210,6,0,expanded_score,0,0.051164298367077365
GSE32646,GSM809211,6,2,expanded_score,0,0.8472425720426079
GSE32646,GSM809212,6,3,expanded_score,0,0.20831458280317106
GSE32646,GSM809213,6,0,expanded_score,1,0.054376512667826
GSE32646,GSM809214,6,1,expanded_score,0,0.21765827790520004
GSE32646,GSM809215,6,0,expanded_score,0,0.07456073874377146
GSE32646,GSM809216,6,3,expanded_score,0,0.12323576740857874
GSE32646,GSM809217,6,0,expanded_score,0,0.13865464611129072
GSE32646,GSM809218,6,0,expanded_score,0,0.03680172574216073
GSE32646,GSM809219,6,2,expanded_score,0,0.1793703487479631
GSE32646,GSM809220,6,2,expanded_score,0,0.6481850033054767
GSE32646,GSM809221,6,1,expanded_score,0,0.47075705583106203
GSE32646,GSM809222,6,0,expanded_score,0,0.2573238505259129
GSE32646,GSM809223,6,3,expanded_score,0,0.027214167223627322
GSE32646,GSM809224,6,2,expanded_score,0,0.32873519580896626
GSE32646,GSM809225,6,3,expanded_score,1,0.39248493803830115
GSE32646,GSM809226,6,3,expanded_score,1,0.5347468802875862
GSE32646,GSM809227,6,4,expanded_score,0,0.5943359860725657
GSE32646,GSM809228,6,3,expanded_score,0,0.20469105792453707
GSE32646,GSM809229,6,0,expanded_score,1,0.1553807506533672
GSE32646,GSM809230,6,0,expanded_score,0,0.17813655511325002
GSE32646,GSM809231,6,4,expanded_score,1,0.3489281132457671
GSE32646,GSM809232,6,1,expanded_score,1,0.33412425979793264
GSE32646,GSM809233,6,2,expanded_score,0,0.07709100612919223
GSE32646,GSM809234,6,0,expanded_score,0,0.02083739380598268
GSE32646,GSM809235,6,1,expanded_score,0,0.1579146909675148
GSE32646,GSM809236,6,2,expanded_score,1,0.47102573207776655
GSE32646,GSM809237,6,4,expanded_score,1,0.7202753042609005
GSE32646,GSM809238,6,4,expanded_score,1,0.4915402788212325
GSE32646,GSM809239,6,1,expanded_score,0,0.5855232866992661
GSE32646,GSM809240,6,4,expanded_score,0,0.021688350040350503
GSE32646,GSM809241,6,2,expanded_score,0,0.029057448855070663
GSE32646,GSM809242,6,4,expanded_score,0,0.06203338479678884
GSE32646,GSM809243,6,3,expanded_score,0,0.015601300171393105
GSE32646,GSM809244,6,3,expanded_score,0,0.0058647560338898974
GSE32646,GSM809245,6,1,expanded_score,0,0.4786386118419368
GSE32646,GSM809246,6,3,expanded_score,1,0.6699573730683756
GSE32646,GSM809247,6,1,expanded_score,0,0.37751740121287874
GSE32646,GSM809248,6,4,expanded_score,1,0.0970290182610123
GSE32646,GSM809249,6,2,expanded_score,0,0.051506151024454494
GSE32646,GSM809250,6,3,expanded_score,0,0.014525209794588514
GSE32646,GSM809251,6,1,expanded_score,0,0.26994217718697006
GSE32646,GSM809252,6,3,expanded_score,0,0.30058297398078976
GSE32646,GSM809253,6,2,expanded_score,1,0.08006793288243245
GSE32646,GSM809254,6,0,expanded_score,0,0.048253370321882934
GSE32646,GSM809255,6,3,expanded_score,0,0.2581291500096687
GSE32646,GSM809256,6,4,expanded_score,1,0.46224043902378736
GSE32646,GSM809257,6,4,expanded_score,0,0.16091136668193898
GSE32646,GSM809258,6,3,expanded_score,0,0.08925370486718848
GSE32646,GSM809259,6,1,expanded_score,0,0.08501006579602663
GSE32646,GSM809260,6,0,expanded_score,0,0.03684207028043166
GSE32646,GSM809261,6,4,expanded_score,0,0.35808371124147387
GSE32646,GSM809262,6,3,expanded_score,0,0.30165357625737976
GSE32646,GSM809263,6,2,expanded_score,0,0.22117398006102684
GSE32646,GSM809264,6,4,expanded_score,0,0.44621870355021553
GSE32646,GSM809265,6,0,expanded_score,0,0.0824291569561978
GSE32646,GSM809266,6,2,expanded_score,1,0.26845409144071714
GSE32646,GSM809267,6,3,expanded_score,0,0.8284358376584403
GSE32646,GSM809268,6,1,expanded_score,0,0.10480942231435739
GSE32646,GSM809269,6,1,expanded_score,0,0.3320940550236989
GSE32646,GSM809270,6,4,expanded_score,0,0.3682939067574402
GSE32646,GSM809271,6,3,expanded_score,1,0.2786726622736235
GSE32646,GSM809272,6,0,expanded_score,1,0.24454964908710658
GSE32646,GSM809273,6,2,expanded_score,0,0.1360176028315073
GSE32646,GSM809274,6,2,expanded_score,1,0.783767107331351
GSE32646,GSM809275,6,4,expanded_score,0,0.11927895383696892
GSE32646,GSM809276,6,2,expanded_score,0,0.1088110392188021
GSE32646,GSM809277,6,4,expanded_score,0,0.09508027438718508
GSE32646,GSM809278,6,1,expanded_score,0,0.6452838656034466
GSE32646,GSM809279,6,1,expanded_score,0,0.03497709901618813
GSE32646,GSM809280,6,3,expanded_score,1,0.4663114635768724
GSE32646,GSM809281,6,0,expanded_score,0,0.42850166825043184
GSE32646,GSM809282,6,4,expanded_score,0,0.37758089768658004
GSE32646,GSM809283,6,3,expanded_score,0,0.08700330367337059
GSE32646,GSM809284,6,0,expanded_score,0,0.06922978628091224
GSE32646,GSM809285,6,3,expanded_score,0,0.13645031645920028
GSE32646,GSM809286,6,4,expanded_score,0,0.06720383405043064
GSE32646,GSM809287,6,0,expanded_score,0,0.1672656472345628
GSE32646,GSM809288,6,3,expanded_score,0,0.05552650247559303
GSE32646,GSM809289,6,4,expanded_score,1,0.17537087313953448
GSE32646,GSM809290,6,4,expanded_score,0,0.25616853672420736
GSE32646,GSM809291,6,2,expanded_score,0,0.044485476229304856
GSE32646,GSM809292,6,4,expanded_score,0,0.04065237236552418
GSE32646,GSM809293,6,0,expanded_score,0,0.039012099270192085
GSE32646,GSM809294,6,2,expanded_score,1,0.8665451658650366
GSE32646,GSM809295,6,0,expanded_score,1,0.44851789769406575
GSE32646,GSM809296,6,0,expanded_score,0,0.03163016964977906
GSE32646,GSM809297,6,3,expanded_score,0,0.18514041397297495
GSE32646,GSM809298,6,1,expanded_score,1,0.2628993111215123
GSE32646,GSM809184,7,2,expanded,0,0.09051482553024036
GSE32646,GSM809185,7,0,expanded,1,0.18188826795527593
GSE32646,GSM809186,7,0,expanded,0,0.19638957964931797
GSE32646,GSM809187,7,4,expanded,0,0.12811334929380028
GSE32646,GSM809188,7,0,expanded,0,0.1228614753148598
GSE32646,GSM809189,7,4,expanded,0,0.0670531623489258
GSE32646,GSM809190,7,1,expanded,0,0.03570353160428526
GSE32646,GSM809191,7,2,expanded,0,0.08622207916105798
GSE32646,GSM809192,7,0,expanded,1,0.04966624501887998
GSE32646,GSM809193,7,2,expanded,0,0.07547103850729261
GSE32646,GSM809194,7,3,expanded,1,0.046512808345510116
GSE32646,GSM809195,7,2,expanded,0,0.13742419634624217
GSE32646,GSM809196,7,0,expanded,0,0.029380764073902506
GSE32646,GSM809197,7,0,expanded,0,0.007600292358784255
GSE32646,GSM809198,7,4,expanded,0,0.1729868297788221
GSE32646,GSM809199,7,1,expanded,0,0.09570242878989413
GSE32646,GSM809200,7,4,expanded,0,0.43877572962976896
GSE32646,GSM809201,7,0,expanded,0,0.1686708161629512
GSE32646,GSM809202,7,0,expanded,1,0.594480025486784
GSE32646,GSM809203,7,4,expanded,1,0.4692989239430843
GSE32646,GSM809204,7,1,expanded,0,0.20391033586871193
GSE32646,GSM809205,7,0,expanded,0,0.023119454113791647
GSE32646,GSM809206,7,0,expanded,0,0.1552302618927993
GSE32646,GSM809207,7,3,expanded,0,0.15119974019355506
GSE32646,GSM809208,7,0,expanded,0,0.47671759086563903
GSE32646,GSM809209,7,1,expanded,0,0.15619967864051051
GSE32646,GSM809210,7,1,expanded,0,0.11802927744903415
GSE32646,GSM809211,7,2,expanded,0,0.6118393319176506
GSE32646,GSM809212,7,3,expanded,0,0.2573983894394743
GSE32646,GSM809213,7,3,expanded,1,0.03751007559808886
GSE32646,GSM809214,7,4,expanded,0,0.28721757504188006
GSE32646,GSM809215,7,2,expanded,0,0.09432001996312474
GSE32646,GSM809216,7,1,expanded,0,0.13846565133167674
GSE32646,GSM809217,7,2,expanded,0,0.14779913404290368
GSE32646,GSM809218,7,4,expanded,0,0.07593813844261062
GSE32646,GSM809219,7,0,expanded,0,0.1436294751723123
GSE32646,GSM809220,7,2,expanded,0,0.3149954635564866
GSE32646,GSM809221,7,3,expanded,0,0.6965585655749769
GSE32646,GSM809222,7,0,expanded,0,0.04152786509208991
GSE32646,GSM809223,7,3,expanded,0,0.01733163341712106
GSE32646,GSM809224,7,3,expanded,0,0.3175478976730552
GSE32646,GSM809225,7,3,expanded,1,0.42334811544268575
GSE32646,GSM809226,7,2,expanded,1,0.5083176656935869
GSE32646,GSM809227,7,3,expanded,0,0.29842035592924687
GSE32646,GSM809228,7,2,expanded,0,0.139452486195374
GSE32646,GSM809229,7,3,expanded,1,0.05884821580116115
GSE32646,GSM809230,7,4,expanded,0,0.16842308361057387
GSE32646,GSM809231,7,4,expanded,1,0.2075030928863074
GSE32646,GSM809232,7,3,expanded,1,0.359538101880183
GSE32646,GSM809233,7,3,expanded,0,0.10379679263240431
GSE32646,GSM809234,7,3,expanded,0,0.04021439327568122
GSE32646,GSM809235,7,0,expanded,0,0.14087979479250948
GSE32646,GSM809236,7,4,expanded,1,0.4312076971402855
GSE32646,GSM809237,7,1,expanded,1,0.4847587635792835
GSE32646,GSM809238,7,2,expanded,1,0.4828166836360588
GSE32646,GSM809239,7,1,expanded,0,0.45126526595887356
GSE32646,GSM809240,7,2,expanded,0,0.056571025774877166
GSE32646,GSM809241,7,2,expanded,0,0.08595729979953477
GSE32646,GSM809242,7,2,expanded,0,0.1301401167197617
GSE32646,GSM809243,7,2,expanded,0,0.06650982073830276
GSE32646,GSM809244,7,0,expanded,0,0.041824482711531705
GSE32646,GSM809245,7,3,expanded,0,0.59916854607879
GSE32646,GSM809246,7,4,expanded,1,0.2947439277043091
GSE32646,GSM809247,7,1,expanded,0,0.07574905165058046
GSE32646,GSM809248,7,1,expanded,1,0.26255293329301643
GSE32646,GSM809249,7,0,expanded,0,0.048900191160695834
GSE32646,GSM809250,7,3,expanded,0,0.0134151905399293
GSE32646,GSM809251,7,0,expanded,0,0.5014701500072708
GSE32646,GSM809252,7,3,expanded,0,0.20875347903004782
GSE32646,GSM809253,7,0,expanded,1,0.026031371243528768
GSE32646,GSM809254,7,4,expanded,0,0.15606823246350815
GSE32646,GSM809255,7,4,expanded,0,0.5438549305797843
GSE32646,GSM809256,7,2,expanded,1,0.5498253788737147
GSE32646,GSM809257,7,4,expanded,0,0.10660228244456899
GSE32646,GSM809258,7,3,expanded,0,0.18704116345715235
GSE32646,GSM809259,7,0,expanded,0,0.024695732094866675
GSE32646,GSM809260,7,1,expanded,0,0.07762287703557359
GSE32646,GSM809261,7,2,expanded,0,0.1803632182858134
GSE32646,GSM809262,7,3,expanded,0,0.1567813969471181
GSE32646,GSM809263,7,0,expanded,0,0.3975685139995241
GSE32646,GSM809264,7,1,expanded,0,0.5977992986269514
GSE32646,GSM809265,7,4,expanded,0,0.14930115153894213
GSE32646,GSM809266,7,1,expanded,1,0.46425211195637356
GSE32646,GSM809267,7,4,expanded,0,0.5781514745366936
GSE32646,GSM809268,7,2,expanded,0,0.12555801087832213
GSE32646,GSM809269,7,4,expanded,0,0.13684506447992245
GSE32646,GSM809270,7,0,expanded,0,0.25373068670558213
GSE32646,GSM809271,7,4,expanded,1,0.2598986363564485
GSE32646,GSM809272,7,1,expanded,1,0.285865513465552
GSE32646,GSM809273,7,2,expanded,0,0.3303905117457403
GSE32646,GSM809274,7,1,expanded,1,0.6856704349209797
GSE32646,GSM809275,7,4,expanded,0,0.29169777871607344
GSE32646,GSM809276,7,3,expanded,0,0.14642337111392384
GSE32646,GSM809277,7,2,expanded,0,0.3563511542837359
GSE32646,GSM809278,7,1,expanded,0,0.41912425068761927
GSE32646,GSM809279,7,3,expanded,0,0.01594365002840748
GSE32646,GSM809280,7,4,expanded,1,0.5285402055734509
GSE32646,GSM809281,7,1,expanded,0,0.6382685422685219
GSE32646,GSM809282,7,1,expanded,0,0.48135592219427553
GSE32646,GSM809283,7,3,expanded,0,0.06132203971754235
GSE32646,GSM809284,7,2,expanded,0,0.12333841816666709
GSE32646,GSM809285,7,4,expanded,0,0.21265647191004958
GSE32646,GSM809286,7,3,expanded,0,0.03503371860799197
GSE32646,GSM809287,7,1,expanded,0,0.12348194492472
GSE32646,GSM809288,7,1,expanded,0,0.1075635109550051
GSE32646,GSM809289,7,0,expanded,1,0.034671857279582566
GSE32646,GSM809290,7,0,expanded,0,0.46891030854999516
GSE32646,GSM809291,7,4,expanded,0,0.07774101876541287
GSE32646,GSM809292,7,1,expanded,0,0.09657542769432276
GSE32646,GSM809293,7,4,expanded,0,0.13243705992259153
GSE32646,GSM809294,7,2,expanded,1,0.5040669235370128
GSE32646,GSM809295,7,3,expanded,1,0.4484782322635069
GSE32646,GSM809296,7,1,expanded,0,0.0787288092654191
GSE32646,GSM809297,7,1,expanded,0,0.1652383512641906
GSE32646,GSM809298,7,2,expanded,1,0.28682798423650935
GSE32646,GSM809184,7,2,expanded_score,0,0.06481052775759397
GSE32646,GSM809185,7,0,expanded_score,1,0.2228104147289011
GSE32646,GSM809186,7,0,expanded_score,0,0.17040239306042046
GSE32646,GSM809187,7,4,expanded_score,0,0.15393205577508418
GSE32646,GSM809188,7,0,expanded_score,0,0.13026593568918993
GSE32646,GSM809189,7,4,expanded_score,0,0.026308825453356804
GSE32646,GSM809190,7,1,expanded_score,0,0.022815479406577216
GSE32646,GSM809191,7,2,expanded_score,0,0.115464897188031
GSE32646,GSM809192,7,0,expanded_score,1,0.07615593966183497
GSE32646,GSM809193,7,2,expanded_score,0,0.018759678316053886
GSE32646,GSM809194,7,3,expanded_score,1,0.04986212162334895
GSE32646,GSM809195,7,2,expanded_score,0,0.09650808194003037
GSE32646,GSM809196,7,0,expanded_score,0,0.04429195231695131
GSE32646,GSM809197,7,0,expanded_score,0,0.004956181096404118
GSE32646,GSM809198,7,4,expanded_score,0,0.35030459219789634
GSE32646,GSM809199,7,1,expanded_score,0,0.10937411776197759
GSE32646,GSM809200,7,4,expanded_score,0,0.44936911449017714
GSE32646,GSM809201,7,0,expanded_score,0,0.1269268168192282
GSE32646,GSM809202,7,0,expanded_score,1,0.7033373718542416
GSE32646,GSM809203,7,4,expanded_score,1,0.6516357138141048
GSE32646,GSM809204,7,1,expanded_score,0,0.23188049478754902
GSE32646,GSM809205,7,0,expanded_score,0,0.023857745299946966
GSE32646,GSM809206,7,0,expanded_score,0,0.1341722203939498
GSE32646,GSM809207,7,3,expanded_score,0,0.10483024962740005
GSE32646,GSM809208,7,0,expanded_score,0,0.38520429613286467
GSE32646,GSM809209,7,1,expanded_score,0,0.31182661669391853
GSE32646,GSM809210,7,1,expanded_score,0,0.06429246304622002
GSE32646,GSM809211,7,2,expanded_score,0,0.7637386228972692
GSE32646,GSM809212,7,3,expanded_score,0,0.33856016213935847
GSE32646,GSM809213,7,3,expanded_score,1,0.04131724246692041
GSE32646,GSM809214,7,4,expanded_score,0,0.11857674551329334
GSE32646,GSM809215,7,2,expanded_score,0,0.12255983411453258
GSE32646,GSM809216,7,1,expanded_score,0,0.12730508643997682
GSE32646,GSM809217,7,2,expanded_score,0,0.1323885373139485
GSE32646,GSM809218,7,4,expanded_score,0,0.030448493059810046
GSE32646,GSM809219,7,0,expanded_score,0,0.16070710509220348
GSE32646,GSM809220,7,2,expanded_score,0,0.7153504354538023
GSE32646,GSM809221,7,3,expanded_score,0,0.5011592570434901
GSE32646,GSM809222,7,0,expanded_score,0,0.05843150453309938
GSE32646,GSM809223,7,3,expanded_score,0,0.021430664292301144
GSE32646,GSM809224,7,3,expanded_score,0,0.3710067216715394
GSE32646,GSM809225,7,3,expanded_score,1,0.3196354819891921
GSE32646,GSM809226,7,2,expanded_score,1,0.5119112581645846
GSE32646,GSM809227,7,3,expanded_score,0,0.559668305564154
GSE32646,GSM809228,7,2,expanded_score,0,0.25695543801088183
GSE32646,GSM809229,7,3,expanded_score,1,0.17250735053555255
GSE32646,GSM809230,7,4,expanded_score,0,0.0690573395760357
GSE32646,GSM809231,7,4,expanded_score,1,0.3803830782584868
GSE32646,GSM809232,7,3,expanded_score,1,0.15859666051593282
GSE32646,GSM809233,7,3,expanded_score,0,0.06162362632536207
GSE32646,GSM809234,7,3,expanded_score,0,0.01666530895581997
GSE32646,GSM809235,7,0,expanded_score,0,0.11521188852714045
GSE32646,GSM809236,7,4,expanded_score,1,0.3997750247073629
GSE32646,GSM809237,7,1,expanded_score,1,0.8039452908055377
GSE32646,GSM809238,7,2,expanded_score,1,0.4155171326461116
GSE32646,GSM809239,7,1,expanded_score,0,0.5633764472050922
GSE32646,GSM809240,7,2,expanded_score,0,0.05179539786024748
GSE32646,GSM809241,7,2,expanded_score,0,0.050154331464706325
GSE32646,GSM809242,7,2,expanded_score,0,0.06777276577147814
GSE32646,GSM809243,7,2,expanded_score,0,0.016291797517344227
GSE32646,GSM809244,7,0,expanded_score,0,0.022236205347875758
GSE32646,GSM809245,7,3,expanded_score,0,0.5226410129865715
GSE32646,GSM809246,7,4,expanded_score,1,0.5156464839168513
GSE32646,GSM809247,7,1,expanded_score,0,0.2317776072777201
GSE32646,GSM809248,7,1,expanded_score,1,0.09591662713003984
GSE32646,GSM809249,7,0,expanded_score,0,0.03557072961843585
GSE32646,GSM809250,7,3,expanded_score,0,0.009232655976913492
GSE32646,GSM809251,7,0,expanded_score,0,0.3496460424233285
GSE32646,GSM809252,7,3,expanded_score,0,0.2846662874818078
GSE32646,GSM809253,7,0,expanded_score,1,0.03599649458442126
GSE32646,GSM809254,7,4,expanded_score,0,0.09523917347181331
GSE32646,GSM809255,7,4,expanded_score,0,0.329773903518488
GSE32646,GSM809256,7,2,expanded_score,1,0.5066489752751421
GSE32646,GSM809257,7,4,expanded_score,0,0.13556306576645286
GSE32646,GSM809258,7,3,expanded_score,0,0.07676930718601656
GSE32646,GSM809259,7,0,expanded_score,0,0.03423670222562857
GSE32646,GSM809260,7,1,expanded_score,0,0.03206427960877084
GSE32646,GSM809261,7,2,expanded_score,0,0.2590164741270571
GSE32646,GSM809262,7,3,expanded_score,0,0.15546919416585198
GSE32646,GSM809263,7,0,expanded_score,0,0.3591901862890859
GSE32646,GSM809264,7,1,expanded_score,0,0.4252441167756804
GSE32646,GSM809265,7,4,expanded_score,0,0.05916080597720375
GSE32646,GSM809266,7,1,expanded_score,1,0.2887319800146326
GSE32646,GSM809267,7,4,expanded_score,0,0.7962413018375002
GSE32646,GSM809268,7,2,expanded_score,0,0.09221985285801128
GSE32646,GSM809269,7,4,expanded_score,0,0.33616900700461794
GSE32646,GSM809270,7,0,expanded_score,0,0.22072769500384135
GSE32646,GSM809271,7,4,expanded_score,1,0.26752603730888574
GSE32646,GSM809272,7,1,expanded_score,1,0.4726385169410096
GSE32646,GSM809273,7,2,expanded_score,0,0.14826525058072065
GSE32646,GSM809274,7,1,expanded_score,1,0.7448918801605735
GSE32646,GSM809275,7,4,expanded_score,0,0.13984000439624136
GSE32646,GSM809276,7,3,expanded_score,0,0.09723063865814444
GSE32646,GSM809277,7,2,expanded_score,0,0.2570012532889861
GSE32646,GSM809278,7,1,expanded_score,0,0.6344670903951566
GSE32646,GSM809279,7,3,expanded_score,0,0.014247260237888408
GSE32646,GSM809280,7,4,expanded_score,1,0.5159696551803787
GSE32646,GSM809281,7,1,expanded_score,0,0.22473208625800384
GSE32646,GSM809282,7,1,expanded_score,0,0.42544631681357487
GSE32646,GSM809283,7,3,expanded_score,0,0.03522455493363671
GSE32646,GSM809284,7,2,expanded_score,0,0.1368499248821938
GSE32646,GSM809285,7,4,expanded_score,0,0.16465326481127468
GSE32646,GSM809286,7,3,expanded_score,0,0.03593493394628681
GSE32646,GSM809287,7,1,expanded_score,0,0.13746844278288545
GSE32646,GSM809288,7,1,expanded_score,0,0.05116618792073542
GSE32646,GSM809289,7,0,expanded_score,1,0.053998147945438425
GSE32646,GSM809290,7,0,expanded_score,0,0.3643853421779011
GSE32646,GSM809291,7,4,expanded_score,0,0.03318652485509332
GSE32646,GSM809292,7,1,expanded_score,0,0.059497298118150216
GSE32646,GSM809293,7,4,expanded_score,0,0.0717126468433783
GSE32646,GSM809294,7,2,expanded_score,1,0.8215195731748706
GSE32646,GSM809295,7,3,expanded_score,1,0.36718747261411355
GSE32646,GSM809296,7,1,expanded_score,0,0.03678619138084137
GSE32646,GSM809297,7,1,expanded_score,0,0.24323080322565555
GSE32646,GSM809298,7,2,expanded_score,1,0.42082213072537644
GSE32646,GSM809184,8,3,expanded,0,0.055398928929279355
GSE32646,GSM809185,8,4,expanded,1,0.16152075855873912
GSE32646,GSM809186,8,1,expanded,0,0.21262626553080224
GSE32646,GSM809187,8,1,expanded,0,0.12942195700596795
GSE32646,GSM809188,8,1,expanded,0,0.1154866357013663
GSE32646,GSM809189,8,2,expanded,0,0.06509974944178738
GSE32646,GSM809190,8,0,expanded,0,0.029461330576013443
GSE32646,GSM809191,8,2,expanded,0,0.09399462104799741
GSE32646,GSM809192,8,0,expanded,1,0.09440177482924471
GSE32646,GSM809193,8,0,expanded,0,0.02757623463984546
GSE32646,GSM809194,8,3,expanded,1,0.06719289049693146
GSE32646,GSM809195,8,2,expanded,0,0.11536621367220659
GSE32646,GSM809196,8,0,expanded,0,0.03420155013661583
GSE32646,GSM809197,8,4,expanded,0,0.0031382511561461684
GSE32646,GSM809198,8,2,expanded,0,0.13752075055391824
GSE32646,GSM809199,8,4,expanded,0,0.046681293015511514
GSE32646,GSM809200,8,3,expanded,0,0.552752195744974
GSE32646,GSM809201,8,1,expanded,0,0.16262918925497147
GSE32646,GSM809202,8,4,expanded,1,0.5949475497622381
GSE32646,GSM809203,8,1,expanded,1,0.5176238122844709
GSE32646,GSM809204,8,0,expanded,0,0.11827543680768178
GSE32646,GSM809205,8,1,expanded,0,0.05716440205353107
GSE32646,GSM809206,8,0,expanded,0,0.09648545170127715
GSE32646,GSM809207,8,2,expanded,0,0.2511530007497078
GSE32646,GSM809208,8,3,expanded,0,0.38848671769144577
GSE32646,GSM809209,8,2,expanded,0,0.1847923445631263
GSE32646,GSM809210,8,3,expanded,0,0.09318617763189532
GSE32646,GSM809211,8,3,expanded,0,0.6823866926858698
GSE32646,GSM809212,8,2,expanded,0,0.2043421208871496
GSE32646,GSM809213,8,1,expanded,1,0.08838534686316733
GSE32646,GSM809214,8,2,expanded,0,0.35221691357579454
GSE32646,GSM809215,8,3,expanded,0,0.033169466435701865
GSE32646,GSM809216,8,3,expanded,0,0.11065912981385323
GSE32646,GSM809217,8,4,expanded,0,0.09115485175449219
GSE32646,GSM809218,8,3,expanded,0,0.04314476681728468
GSE32646,GSM809219,8,2,expanded,0,0.15446384954630832
GSE32646,GSM809220,8,2,expanded,0,0.3869370231948592
GSE32646,GSM809221,8,4,expanded,0,0.6659477547186283
GSE32646,GSM809222,8,1,expanded,0,0.1441403669140098
GSE32646,GSM809223,8,1,expanded,0,0.04532733385529588
GSE32646,GSM809224,8,2,expanded,0,0.3546321260644276
GSE32646,GSM809225,8,2,expanded,1,0.44289429994969876
GSE32646,GSM809226,8,1,expanded,1,0.5770652079597101
GSE32646,GSM809227,8,4,expanded,0,0.32738231345815216
GSE32646,GSM809228,8,0,expanded,0,0.0666131853036672
GSE32646,GSM809229,8,4,expanded,1,0.10727857535269643
GSE32646,GSM809230,8,0,expanded,0,0.15568034185648028
GSE32646,GSM809231,8,0,expanded,1,0.2617932176161827
GSE32646,GSM809232,8,3,expanded,1,0.5095655277127106
GSE32646,GSM809233,8,0,expanded,0,0.1279996027411717
GSE32646,GSM809234,8,0,expanded,0,0.06354605462825554
GSE32646,GSM809235,8,4,expanded,0,0.1727940268350999
GSE32646,GSM809236,8,3,expanded,1,0.5459863546633035
GSE32646,GSM809237,8,0,expanded,1,0.5603399438808858
GSE32646,GSM809238,8,2,expanded,1,0.5787535955042877
GSE32646,GSM809239,8,0,expanded,0,0.5059468411772977
GSE32646,GSM809240,8,0,expanded,0,0.017161700998777087
GSE32646,GSM809241,8,3,expanded,0,0.02829478540255174
GSE32646,GSM809242,8,3,expanded,0,0.09179985823151707
GSE32646,GSM809243,8,1,expanded,0,0.05332247525742191
GSE32646,GSM809244,8,1,expanded,0,0.037471856405771546
GSE32646,GSM809245,8,4,expanded,0,0.5342019138538759
GSE32646,GSM809246,8,1,expanded,1,0.32199997625867244
GSE32646,GSM809247,8,3,expanded,0,0.10110363525658504
GSE32646,GSM809248,8,2,expanded,1,0.3318139346897899
GSE32646,GSM809249,8,2,expanded,0,0.11324074882134785
GSE32646,GSM809250,8,3,expanded,0,0.013995700616612627
GSE32646,GSM809251,8,2,expanded,0,0.4201533576735659
GSE32646,GSM809252,8,4,expanded,0,0.3207792048688393
GSE32646,GSM809253,8,0,expanded,1,0.04213674444496817
GSE32646,GSM809254,8,1,expanded,0,0.13380415268945306
GSE32646,GSM809255,8,2,expanded,0,0.44662664703645893
GSE32646,GSM809256,8,0,expanded,1,0.5911559118726649
GSE32646,GSM809257,8,1,expanded,0,0.09233361582827439
GSE32646,GSM809258,8,4,expanded,0,0.25589157165200316
GSE32646,GSM809259,8,4,expanded,0,0.06793908471494349
GSE32646,GSM809260,8,0,expanded,0,0.03616412201238102
GSE32646,GSM809261,8,1,expanded,0,0.25687329967993233
GSE32646,GSM809262,8,4,expanded,0,0.3401533358303605
GSE32646,GSM809263,8,0,expanded,0,0.30087660845087627
GSE32646,GSM809264,8,3,expanded,0,0.6124848391052975
GSE32646,GSM809265,8,0,expanded,0,0.15018093604186514
GSE32646,GSM809266,8,2,expanded,1,0.4536042411302966
GSE32646,GSM809267,8,1,expanded,0,0.6196962657907118
GSE32646,GSM809268,8,1,expanded,0,0.12728843842621435
GSE32646,GSM809269,8,4,expanded,0,0.09548286390411563
GSE32646,GSM809270,8,1,expanded,0,0.29788537168091467
GSE32646,GSM809271,8,4,expanded,1,0.21003429662577208
GSE32646,GSM809272,8,4,expanded,1,0.2109492584709249
GSE32646,GSM809273,8,0,expanded,0,0.3112792917450215
GSE32646,GSM809274,8,3,expanded,1,0.6640001196946
GSE32646,GSM809275,8,1,expanded,0,0.22388284466731156
GSE32646,GSM809276,8,1,expanded,0,0.13564300562437676
GSE32646,GSM809277,8,2,expanded,0,0.28616244503042115
GSE32646,GSM809278,8,0,expanded,0,0.4728346008704993
GSE32646,GSM809279,8,4,expanded,0,0.02587725970860871
GSE32646,GSM809280,8,2,expanded,1,0.4391683899021136
GSE32646,GSM809281,8,4,expanded,0,0.7101348394549866
GSE32646,GSM809282,8,2,expanded,0,0.5151758230298711
GSE32646,GSM809283,8,3,expanded,0,0.11065912981385323
GSE32646,GSM809284,8,3,expanded,0,0.07437770724982924
GSE32646,GSM809285,8,4,expanded,0,0.103565260939894
GSE32646,GSM809286,8,2,expanded,0,0.09399462104799741
GSE32646,GSM809287,8,2,expanded,0,0.11723949799398999
GSE32646,GSM809288,8,0,expanded,0,0.12069555899839438
GSE32646,GSM809289,8,3,expanded,1,0.10396232362242787
GSE32646,GSM809290,8,1,expanded,0,0.3448978125493224
GSE32646,GSM809291,8,4,expanded,0,0.176133268184545
GSE32646,GSM809292,8,3,expanded,0,0.04789017678876601
GSE32646,GSM809293,8,3,expanded,0,0.10225864350150789
GSE32646,GSM809294,8,3,expanded,1,0.638091485826495
GSE32646,GSM809295,8,1,expanded,1,0.5383953010299167
GSE32646,GSM809296,8,0,expanded,0,0.08190771824220307
GSE32646,GSM809297,8,4,expanded,0,0.10973119034205919
GSE32646,GSM809298,8,4,expanded,1,0.3261710974761035
GSE32646,GSM809184,8,3,expanded_score,0,0.05564466087609639
GSE32646,GSM809185,8,4,expanded_score,1,0.2078467776614263
GSE32646,GSM809186,8,1,expanded_score,0,0.14959523911993716
GSE32646,GSM809187,8,1,expanded_score,0,0.13108585832387235
GSE32646,GSM809188,8,1,expanded_score,0,0.11387462026600688
GSE32646,GSM809189,8,2,expanded_score,0,0.0176042039541096
GSE32646,GSM809190,8,0,expanded_score,0,0.014727444074603097
GSE32646,GSM809191,8,2,expanded_score,0,0.13445391442908014
GSE32646,GSM809192,8,0,expanded_score,1,0.14701836450912426
GSE32646,GSM809193,8,0,expanded_score,0,0.009853647980261676
GSE32646,GSM809194,8,3,expanded_score,1,0.06641509441286302
GSE32646,GSM809195,8,2,expanded_score,0,0.06907615668048313
GSE32646,GSM809196,8,0,expanded_score,0,0.05481438046263876
GSE32646,GSM809197,8,4,expanded_score,0,0.0022811345054370015
GSE32646,GSM809198,8,2,expanded_score,0,0.3831832291583541
GSE32646,GSM809199,8,4,expanded_score,0,0.04696681919035205
GSE32646,GSM809200,8,3,expanded_score,0,0.5355322323778963
GSE32646,GSM809201,8,1,expanded_score,0,0.0920251752609542
GSE32646,GSM809202,8,4,expanded_score,1,0.7170557508674985
GSE32646,GSM809203,8,1,expanded_score,1,0.692952106148194
GSE32646,GSM809204,8,0,expanded_score,0,0.14369079210473526
GSE32646,GSM809205,8,1,expanded_score,0,0.0514487135070665
GSE32646,GSM809206,8,0,expanded_score,0,0.07348334518566799
GSE32646,GSM809207,8,2,expanded_score,0,0.2126918603641868
GSE32646,GSM809208,8,3,expanded_score,0,0.22639796995929742
GSE32646,GSM809209,8,2,expanded_score,0,0.2723583561541867
GSE32646,GSM809210,8,3,expanded_score,0,0.0519714864930415
GSE32646,GSM809211,8,3,expanded_score,0,0.8271958182036137
GSE32646,GSM809212,8,2,expanded_score,0,0.2828412352955078
GSE32646,GSM809213,8,1,expanded_score,1,0.0801464602441236
GSE32646,GSM809214,8,2,expanded_score,0,0.07201686313393948
GSE32646,GSM809215,8,3,expanded_score,0,0.047200968637187556
GSE32646,GSM809216,8,3,expanded_score,0,0.09984257154393217
GSE32646,GSM809217,8,4,expanded_score,0,0.09073485562381588
GSE32646,GSM809218,8,3,expanded_score,0,0.014870784883510525
GSE32646,GSM809219,8,2,expanded_score,0,0.18352089596459153
GSE32646,GSM809220,8,2,expanded_score,0,0.7865923547766601
GSE32646,GSM809221,8,4,expanded_score,0,0.5260311212689831
GSE32646,GSM809222,8,1,expanded_score,0,0.2290879257549523
GSE32646,GSM809223,8,1,expanded_score,0,0.05514977365366827
GSE32646,GSM809224,8,2,expanded_score,0,0.3853900694851969
GSE32646,GSM809225,8,2,expanded_score,1,0.2546032753629159
GSE32646,GSM809226,8,1,expanded_score,1,0.5586138408869361
GSE32646,GSM809227,8,4,expanded_score,0,0.5202589954116464
GSE32646,GSM809228,8,0,expanded_score,0,0.11502403102681964
GSE32646,GSM809229,8,4,expanded_score,1,0.22734513302217035
GSE32646,GSM809230,8,0,expanded_score,0,0.0791491279620792
GSE32646,GSM809231,8,0,expanded_score,1,0.4177274175065994
GSE32646,GSM809232,8,3,expanded_score,1,0.2783713727623694
GSE32646,GSM809233,8,0,expanded_score,0,0.08258923385545332
GSE32646,GSM809234,8,0,expanded_score,0,0.03188447902522313
GSE32646,GSM809235,8,4,expanded_score,0,0.13318423022531992
GSE32646,GSM809236,8,3,expanded_score,1,0.4800896708418807
GSE32646,GSM809237,8,0,expanded_score,1,0.781780304254572
GSE32646,GSM809238,8,2,expanded_score,1,0.43374036508747427
GSE32646,GSM809239,8,0,expanded_score,0,0.5973600899103649
GSE32646,GSM809240,8,0,expanded_score,0,0.017723378616474293
GSE32646,GSM809241,8,3,expanded_score,0,0.018893529504580436
GSE32646,GSM809242,8,3,expanded_score,0,0.04781429000057258
GSE32646,GSM809243,8,1,expanded_score,0,0.020383621898155815
GSE32646,GSM809244,8,1,expanded_score,0,0.009850651959074285
GSE32646,GSM809245,8,4,expanded_score,0,0.4820313076615852
GSE32646,GSM809246,8,1,expanded_score,1,0.583312343808418
GSE32646,GSM809247,8,3,expanded_score,0,0.2233793985569403
GSE32646,GSM809248,8,2,expanded_score,1,0.07635596297252027
GSE32646,GSM809249,8,2,expanded_score,0,0.04803371470124337
GSE32646,GSM809250,8,3,expanded_score,0,0.008776344838506
GSE32646,GSM809251,8,2,expanded_score,0,0.09854296467888089
GSE32646,GSM809252,8,4,expanded_score,0,0.31985720712281956
GSE32646,GSM809253,8,0,expanded_score,1,0.06363053034436078
GSE32646,GSM809254,8,1,expanded_score,0,0.06733192545351097
GSE32646,GSM809255,8,2,expanded_score,0,0.1285590428317843
GSE32646,GSM809256,8,0,expanded_score,1,0.5755363277687437
GSE32646,GSM809257,8,1,expanded_score,0,0.09821749979108485
GSE32646,GSM809258,8,4,expanded_score,0,0.13670951834601472
GSE32646,GSM809259,8,4,expanded_score,0,0.09941109743597414
GSE32646,GSM809260,8,0,expanded_score,0,0.02216459188405971
GSE32646,GSM809261,8,1,expanded_score,0,0.31146819313783536
GSE32646,GSM809262,8,4,expanded_score,0,0.36718973089019274
GSE32646,GSM809263,8,0,expanded_score,0,0.2747778890429395
GSE32646,GSM809264,8,3,expanded_score,0,0.47244946545332744
GSE32646,GSM809265,8,0,expanded_score,0,0.07276427222972062
GSE32646,GSM809266,8,2,expanded_score,1,0.18725739921464
GSE32646,GSM809267,8,1,expanded_score,0,0.8343588003045226
GSE32646,GSM809268,8,1,expanded_score,0,0.06753445584552961
GSE32646,GSM809269,8,4,expanded_score,0,0.2105992032500517
GSE32646,GSM809270,8,1,expanded_score,0,0.22925093772422922
GSE32646,GSM809271,8,4,expanded_score,1,0.2023950836250364
GSE32646,GSM809272,8,4,expanded_score,1,0.2859022365914213
GSE32646,GSM809273,8,0,expanded_score,0,0.19449171773788423
GSE32646,GSM809274,8,3,expanded_score,1,0.7235210350732212
GSE32646,GSM809275,8,1,expanded_score,0,0.08898418706485801
GSE32646,GSM809276,8,1,expanded_score,0,0.09725067424275799
GSE32646,GSM809277,8,2,expanded_score,0,0.16033282766566173
GSE32646,GSM809278,8,0,expanded_score,0,0.6337511416562669
GSE32646,GSM809279,8,4,expanded_score,0,0.02433016103775549
GSE32646,GSM809280,8,2,expanded_score,1,0.3410574454596719
GSE32646,GSM809281,8,4,expanded_score,0,0.4194598882545669
GSE32646,GSM809282,8,2,expanded_score,0,0.44420507590499403
GSE32646,GSM809283,8,3,expanded_score,0,0.07119247196988897
GSE32646,GSM809284,8,3,expanded_score,0,0.08387312599518704
GSE32646,GSM809285,8,4,expanded_score,0,0.09808191143783306
GSE32646,GSM809286,8,2,expanded_score,0,0.09734657849136438
GSE32646,GSM809287,8,2,expanded_score,0,0.13161177121716117
GSE32646,GSM809288,8,0,expanded_score,0,0.07336050181371516
GSE32646,GSM809289,8,3,expanded_score,1,0.22241595106492212
GSE32646,GSM809290,8,1,expanded_score,0,0.19115522998071352
GSE32646,GSM809291,8,4,expanded_score,0,0.08758453395144469
GSE32646,GSM809292,8,3,expanded_score,0,0.032964723523789735
GSE32646,GSM809293,8,3,expanded_score,0,0.04516045888070303
GSE32646,GSM809294,8,3,expanded_score,1,0.8639503769591813
GSE32646,GSM809295,8,1,expanded_score,1,0.5102444966223586
GSE32646,GSM809296,8,0,expanded_score,0,0.0501773977753199
GSE32646,GSM809297,8,4,expanded_score,0,0.13222909605200417
GSE32646,GSM809298,8,4,expanded_score,1,0.3946913117915569
GSE32646,GSM809184,9,2,expanded,0,0.06596997088549161
GSE32646,GSM809185,9,4,expanded,1,0.18634508376070286
GSE32646,GSM809186,9,4,expanded,0,0.15182808703377726
GSE32646,GSM809187,9,1,expanded,0,0.12120078166798236
GSE32646,GSM809188,9,1,expanded,0,0.174275685625688
GSE32646,GSM809189,9,3,expanded,0,0.07516613117719595
GSE32646,GSM809190,9,3,expanded,0,0.024664635945066887
GSE32646,GSM809191,9,4,expanded,0,0.06635952216455399
GSE32646,GSM809192,9,1,expanded,1,0.12348412416036265
GSE32646,GSM809193,9,0,expanded,0,0.07035326586039202
GSE32646,GSM809194,9,0,expanded,1,0.06748122568762698
GSE32646,GSM809195,9,3,expanded,0,0.12703309044540784
GSE32646,GSM809196,9,1,expanded,0,0.059440964266203135
GSE32646,GSM809197,9,0,expanded,0,0.017080339137479805
GSE32646,GSM809198,9,0,expanded,0,0.12330753602071431
GSE32646,GSM809199,9,3,expanded,0,0.07510770787132261
GSE32646,GSM809200,9,3,expanded,0,0.4504607088862194
GSE32646,GSM809201,9,0,expanded,0,0.08470008235264774
GSE32646,GSM809202,9,3,expanded,1,0.5962620525451157
GSE32646,GSM809203,9,3,expanded,1,0.48493301154304497
GSE32646,GSM809204,9,1,expanded,0,0.234328016817088
GSE32646,GSM809205,9,0,expanded,0,0.05882584053650978
GSE32646,GSM809206,9,1,expanded,0,0.13020760352794036
GSE32646,GSM809207,9,0,expanded,0,0.27814974299504186
GSE32646,GSM809208,9,4,expanded,0,0.3847134626719422
GSE32646,GSM809209,9,4,expanded,0,0.18779705832338608
GSE32646,GSM809210,9,2,expanded,0,0.06986388361778063
GSE32646,GSM809211,9,3,expanded,0,0.6688955387853155
GSE32646,GSM809212,9,4,expanded,0,0.214873665645046
GSE32646,GSM809213,9,4,expanded,1,0.08976547287463786
GSE32646,GSM809214,9,2,expanded,0,0.2971461411067746
GSE32646,GSM809215,9,2,expanded,0,0.02195190779759019
GSE32646,GSM809216,9,0,expanded,0,0.14931890126402478
GSE32646,GSM809217,9,4,expanded,0,0.12392934603032048
GSE32646,GSM809218,9,1,expanded,0,0.08297585071389889
GSE32646,GSM809219,9,4,expanded,0,0.11022306844162258
GSE32646,GSM809220,9,3,expanded,0,0.366820983160769
GSE32646,GSM809221,9,1,expanded,0,0.6767986398675342
GSE32646,GSM809222,9,3,expanded,0,0.24539626212808066
GSE32646,GSM809223,9,4,expanded,0,0.014905648518350783
GSE32646,GSM809224,9,0,expanded,0,0.3478292303897023
GSE32646,GSM809225,9,1,expanded,1,0.4808966065767709
GSE32646,GSM809226,9,4,expanded,1,0.540703990627294
GSE32646,GSM809227,9,4,expanded,0,0.3848873267210297
GSE32646,GSM809228,9,2,expanded,0,0.043419529201720604
GSE32646,GSM809229,9,2,expanded,1,0.07724111501265678
GSE32646,GSM809230,9,4,expanded,0,0.31238070342393703
GSE32646,GSM809231,9,2,expanded,1,0.22441231055782837
GSE32646,GSM809232,9,3,expanded,1,0.5283965443735278
GSE32646,GSM809233,9,3,expanded,0,0.16516308713456254
GSE32646,GSM809234,9,2,expanded,0,0.06604144973766689
GSE32646,GSM809235,9,0,expanded,0,0.19367384035654076
GSE32646,GSM809236,9,3,expanded,1,0.44190353277865346
GSE32646,GSM809237,9,2,expanded,1,0.5011709679471165
GSE32646,GSM809238,9,3,expanded,1,0.5195492807305673
GSE32646,GSM809239,9,3,expanded,0,0.5283965443735278
GSE32646,GSM809240,9,2,expanded,0,0.010294979324913307
GSE32646,GSM809241,9,2,expanded,0,0.018720762973274133
GSE32646,GSM809242,9,3,expanded,0,0.16684566149132202
GSE32646,GSM809243,9,0,expanded,0,0.050416249955517724
GSE32646,GSM809244,9,1,expanded,0,0.03199771619269192
GSE32646,GSM809245,9,0,expanded,0,0.44424902050586607
GSE32646,GSM809246,9,0,expanded,1,0.430004330407654
GSE32646,GSM809247,9,4,expanded,0,0.062343347237689764
GSE32646,GSM809248,9,0,expanded,1,0.18226337547950205
GSE32646,GSM809249,9,3,expanded,0,0.07222466376015294
GSE32646,GSM809250,9,1,expanded,0,0.026379035773878522
GSE32646,GSM809251,9,3,expanded,0,0.4678675741608333
GSE32646,GSM809252,9,2,expanded,0,0.08082640028739872
GSE32646,GSM809253,9,2,expanded,1,0.028618101278867394
GSE32646,GSM809254,9,2,expanded,0,0.06642454655622446
GSE32646,GSM809255,9,0,expanded,0,0.4800508970006434
GSE32646,GSM809256,9,1,expanded,1,0.6763711406667015
GSE32646,GSM809257,9,0,expanded,0,0.08598110919148111
GSE32646,GSM809258,9,0,expanded,0,0.26736228479206164
GSE32646,GSM809259,9,2,expanded,0,0.024430255462808314
GSE32646,GSM809260,9,4,expanded,0,0.06640503977756118
GSE32646,GSM809261,9,0,expanded,0,0.2113460138350687
GSE32646,GSM809262,9,4,expanded,0,0.3012417774221201
GSE32646,GSM809263,9,1,expanded,0,0.41296831937448286
GSE32646,GSM809264,9,1,expanded,0,0.6074187117787189
GSE32646,GSM809265,9,2,expanded,0,0.16296572689950375
GSE32646,GSM809266,9,4,expanded,1,0.38124241633848854
GSE32646,GSM809267,9,1,expanded,0,0.6761572805179916
GSE32646,GSM809268,9,1,expanded,0,0.13331951361675604
GSE32646,GSM809269,9,1,expanded,0,0.1739947232223618
GSE32646,GSM809270,9,3,expanded,0,0.28997625208269434
GSE32646,GSM809271,9,4,expanded,1,0.21117993732963983
GSE32646,GSM809272,9,3,expanded,1,0.19780071628138995
GSE32646,GSM809273,9,1,expanded,0,0.2156648867818186
GSE32646,GSM809274,9,0,expanded,1,0.5688722158500829
GSE32646,GSM809275,9,3,expanded,0,0.26130390886633437
GSE32646,GSM809276,9,4,expanded,0,0.09044601897251107
GSE32646,GSM809277,9,1,expanded,0,0.28986063622430575
GSE32646,GSM809278,9,3,expanded,0,0.4851430052404495
GSE32646,GSM809279,9,2,expanded,0,0.011156750495133939
GSE32646,GSM809280,9,4,expanded,1,0.4406278862341368
GSE32646,GSM809281,9,2,expanded,0,0.4866936477729858
GSE32646,GSM809282,9,4,expanded,0,0.5448960699517186
GSE32646,GSM809283,9,4,expanded,0,0.11051151751027039
GSE32646,GSM809284,9,2,expanded,0,0.05558981041302905
GSE32646,GSM809285,9,2,expanded,0,0.22147110165177358
GSE32646,GSM809286,9,4,expanded,0,0.06635952216455396
GSE32646,GSM809287,9,1,expanded,0,0.059373822454140524
GSE32646,GSM809288,9,0,expanded,0,0.09732551810364747
GSE32646,GSM809289,9,2,expanded,1,0.09147648560148385
GSE32646,GSM809290,9,1,expanded,0,0.5404599549447064
GSE32646,GSM809291,9,3,expanded,0,0.12397676334272834
GSE32646,GSM809292,9,2,expanded,0,0.03175319448039563
GSE32646,GSM809293,9,2,expanded,0,0.06321165402977505
GSE32646,GSM809294,9,1,expanded,1,0.6064865693409346
GSE32646,GSM809295,9,1,expanded,1,0.47918986424582655
GSE32646,GSM809296,9,0,expanded,0,0.06726069671365623
GSE32646,GSM809297,9,0,expanded,0,0.1506945218580862
GSE32646,GSM809298,9,0,expanded,1,0.27693007127381547
GSE32646,GSM809184,9,2,expanded_score,0,0.06896611803024327
GSE32646,GSM809185,9,4,expanded_score,1,0.28323017719826427
GSE32646,GSM809186,9,4,expanded_score,0,0.09758239616394089
GSE32646,GSM809187,9,1,expanded_score,0,0.13452249354422469
GSE32646,GSM809188,9,1,expanded_score,0,0.18795218789290025
GSE32646,GSM809189,9,3,expanded_score,0,0.020830059696430692
GSE32646,GSM809190,9,3,expanded_score,0,0.009566932277565755
GSE32646,GSM809191,9,4,expanded_score,0,0.07017011520442386
GSE32646,GSM809192,9,1,expanded_score,1,0.23240812445745707
GSE32646,GSM809193,9,0,expanded_score,0,0.02230278775744869
GSE32646,GSM809194,9,0,expanded_score,1,0.059594558848373225
GSE32646,GSM809195,9,3,expanded_score,0,0.07353458088043412
GSE32646,GSM809196,9,1,expanded_score,0,0.11171380564810812
GSE32646,GSM809197,9,0,expanded_score,0,0.005665182242676937
GSE32646,GSM809198,9,0,expanded_score,0,0.2694530552292155
GSE32646,GSM809199,9,3,expanded_score,0,0.06965258706419855
GSE32646,GSM809200,9,3,expanded_score,0,0.4790262163916612
GSE32646,GSM809201,9,0,expanded_score,0,0.04272054045765569
GSE32646,GSM809202,9,3,expanded_score,1,0.8716310294124564
GSE32646,GSM809203,9,3,expanded_score,1,0.7474682269636185
GSE32646,GSM809204,9,1,expanded_score,0,0.2811689746695816
GSE32646,GSM809205,9,0,expanded_score,0,0.05054529728748386
GSE32646,GSM809206,9,1,expanded_score,0,0.10528519258079434
GSE32646,GSM809207,9,0,expanded_score,0,0.22661599432860893
GSE32646,GSM809208,9,4,expanded_score,0,0.22569542317491986
GSE32646,GSM809209,9,4,expanded_score,0,0.34960361399178486
GSE32646,GSM809210,9,2,expanded_score,0,0.06009751017427835
GSE32646,GSM809211,9,3,expanded_score,0,0.8429385277655952
GSE32646,GSM809212,9,4,expanded_score,0,0.30277078944800845
GSE32646,GSM809213,9,4,expanded_score,1,0.09069421760125723
GSE32646,GSM809214,9,2,expanded_score,0,0.20420672610651022
GSE32646,GSM809215,9,2,expanded_score,0,0.029244383779340702
GSE32646,GSM809216,9,0,expanded_score,0,0.1308868076739827
GSE32646,GSM809217,9,4,expanded_score,0,0.11119143388493796
GSE32646,GSM809218,9,1,expanded_score,0,0.033815779669495186
GSE32646,GSM809219,9,4,expanded_score,0,0.12549568842239575
GSE32646,GSM809220,9,3,expanded_score,0,0.8106918416141805
GSE32646,GSM809221,9,1,expanded_score,0,0.49872778189870937
GSE32646,GSM809222,9,3,expanded_score,0,0.3549921275888814
GSE32646,GSM809223,9,4,expanded_score,0,0.025784738187087538
GSE32646,GSM809224,9,0,expanded_score,0,0.4352706795296908
GSE32646,GSM809225,9,1,expanded_score,1,0.3954464971212527
GSE32646,GSM809226,9,4,expanded_score,1,0.4772756252616238
GSE32646,GSM809227,9,4,expanded_score,0,0.6665804036164497
GSE32646,GSM809228,9,2,expanded_score,0,0.062150406302990284
GSE32646,GSM809229,9,2,expanded_score,1,0.13850776392951966
GSE32646,GSM809230,9,4,expanded_score,0,0.1160660131617172
GSE32646,GSM809231,9,2,expanded_score,1,0.3163836043467404
GSE32646,GSM809232,9,3,expanded_score,1,0.30436255591624345
GSE32646,GSM809233,9,3,expanded_score,0,0.0752512143582635
GSE32646,GSM809234,9,2,expanded_score,0,0.048619393131239814
GSE32646,GSM809235,9,0,expanded_score,0,0.1147881557462017
GSE32646,GSM809236,9,3,expanded_score,1,0.40846528764546236
GSE32646,GSM809237,9,2,expanded_score,1,0.639067473762497
GSE32646,GSM809238,9,3,expanded_score,1,0.46593284170586524
GSE32646,GSM809239,9,3,expanded_score,0,0.6867755135331057
GSE32646,GSM809240,9,2,expanded_score,0,0.011953836341291704
GSE32646,GSM809241,9,2,expanded_score,0,0.0180228060817764
GSE32646,GSM809242,9,3,expanded_score,0,0.06648101456134338
GSE32646,GSM809243,9,0,expanded_score,0,0.015515046191032129
GSE32646,GSM809244,9,1,expanded_score,0,0.011142378825728693
GSE32646,GSM809245,9,0,expanded_score,0,0.35903642095858984
GSE32646,GSM809246,9,0,expanded_score,1,0.6780202283398798
GSE32646,GSM809247,9,4,expanded_score,0,0.16439920658496296
GSE32646,GSM809248,9,0,expanded_score,1,0.060149971329727964
GSE32646,GSM809249,9,3,expanded_score,0,0.027696717520242154
GSE32646,GSM809250,9,1,expanded_score,0,0.018104272209326977
GSE32646,GSM809251,9,3,expanded_score,0,0.19289694731236137
GSE32646,GSM809252,9,2,expanded_score,0,0.09803407410643791
GSE32646,GSM809253,9,2,expanded_score,1,0.037560179005141504
GSE32646,GSM809254,9,2,expanded_score,0,0.056367212552822475
GSE32646,GSM809255,9,0,expanded_score,0,0.26413515420909023
GSE32646,GSM809256,9,1,expanded_score,1,0.644750028236407
GSE32646,GSM809257,9,0,expanded_score,0,0.10546725448624425
GSE32646,GSM809258,9,0,expanded_score,0,0.13242656809609132
GSE32646,GSM809259,9,2,expanded_score,0,0.03267265960443464
GSE32646,GSM809260,9,4,expanded_score,0,0.026808240432039946
GSE32646,GSM809261,9,0,expanded_score,0,0.2809433026643818
GSE32646,GSM809262,9,4,expanded_score,0,0.2912903749695639
GSE32646,GSM809263,9,1,expanded_score,0,0.34741007837965937
GSE32646,GSM809264,9,1,expanded_score,0,0.4705529551275757
GSE32646,GSM809265,9,2,expanded_score,0,0.11289993455333776
GSE32646,GSM809266,9,4,expanded_score,1,0.1893284645639968
GSE32646,GSM809267,9,1,expanded_score,0,0.8380911881514037
GSE32646,GSM809268,9,1,expanded_score,0,0.08922148618925224
GSE32646,GSM809269,9,1,expanded_score,0,0.3923749129276784
GSE32646,GSM809270,9,3,expanded_score,0,0.23791653565918108
GSE32646,GSM809271,9,4,expanded_score,1,0.2186370583782813
GSE32646,GSM809272,9,3,expanded_score,1,0.4022615678581972
GSE32646,GSM809273,9,1,expanded_score,0,0.10667942612756744
GSE32646,GSM809274,9,0,expanded_score,1,0.6338397063141257
GSE32646,GSM809275,9,3,expanded_score,0,0.0924916494081452
GSE32646,GSM809276,9,4,expanded_score,0,0.0646068640204257
GSE32646,GSM809277,9,1,expanded_score,0,0.243240528800606
GSE32646,GSM809278,9,3,expanded_score,0,0.7477238287932135
GSE32646,GSM809279,9,2,expanded_score,0,0.011601930936784795
GSE32646,GSM809280,9,4,expanded_score,1,0.4406508902521327
GSE32646,GSM809281,9,2,expanded_score,0,0.31294978457235645
GSE32646,GSM809282,9,4,expanded_score,0,0.5118749565899532
GSE32646,GSM809283,9,4,expanded_score,0,0.06487020042342999
GSE32646,GSM809284,9,2,expanded_score,0,0.06726300012202507
GSE32646,GSM809285,9,2,expanded_score,0,0.20755752581967146
GSE32646,GSM809286,9,4,expanded_score,0,0.05368016559481783
GSE32646,GSM809287,9,1,expanded_score,0,0.07210173678040686
GSE32646,GSM809288,9,0,expanded_score,0,0.0442968113440662
GSE32646,GSM809289,9,2,expanded_score,1,0.12522908617279085
GSE32646,GSM809290,9,1,expanded_score,0,0.38060702828786536
GSE32646,GSM809291,9,3,expanded_score,0,0.0292287221719079
GSE32646,GSM809292,9,2,expanded_score,0,0.029317161402924584
GSE32646,GSM809293,9,2,expanded_score,0,0.04973932405526819
GSE32646,GSM809294,9,1,expanded_score,1,0.827696093331626
GSE32646,GSM809295,9,1,expanded_score,1,0.426593239530625
GSE32646,GSM809296,9,0,expanded_score,0,0.03188335990332786
GSE32646,GSM809297,9,0,expanded_score,0,0.23946000154456146
GSE32646,GSM809298,9,0,expanded_score,1,0.3698889251986705
