cohort,repeat,model,GSM,fold,y,probability
GSE25055,0,intercept,GSM615096,3,0,0.18672199170124482
GSE25055,0,intercept,GSM615097,0,0,0.18333333333333332
GSE25055,0,intercept,GSM615098,1,0,0.18672199170124482
GSE25055,0,intercept,GSM615099,3,1,0.18672199170124482
GSE25055,0,intercept,GSM615100,4,0,0.18672199170124482
GSE25055,0,intercept,GSM615101,4,0,0.18672199170124482
GSE25055,0,intercept,GSM615102,0,0,0.18333333333333332
GSE25055,0,intercept,GSM615104,3,0,0.18672199170124482
GSE25055,0,intercept,GSM615106,1,0,0.18672199170124482
GSE25055,0,intercept,GSM615107,2,0,0.18672199170124482
GSE25055,0,intercept,GSM615108,3,0,0.18672199170124482
GSE25055,0,intercept,GSM615109,4,0,0.18672199170124482
GSE25055,0,intercept,GSM615111,3,0,0.18672199170124482
GSE25055,0,intercept,GSM615112,4,0,0.18672199170124482
GSE25055,0,intercept,GSM615113,4,0,0.18672199170124482
GSE25055,0,intercept,GSM615114,0,0,0.18333333333333332
GSE25055,0,intercept,GSM615115,0,0,0.18333333333333332
GSE25055,0,intercept,GSM615116,1,0,0.18672199170124482
GSE25055,0,intercept,GSM615117,3,0,0.18672199170124482
GSE25055,0,intercept,GSM615120,2,0,0.18672199170124482
GSE25055,0,intercept,GSM615121,4,0,0.18672199170124482
GSE25055,0,intercept,GSM615122,1,1,0.18672199170124482
GSE25055,0,intercept,GSM615123,1,1,0.18672199170124482
GSE25055,0,intercept,GSM615124,2,0,0.18672199170124482
GSE25055,0,intercept,GSM615125,1,0,0.18672199170124482
GSE25055,0,intercept,GSM615126,3,0,0.18672199170124482
GSE25055,0,intercept,GSM615127,2,0,0.18672199170124482
GSE25055,0,intercept,GSM615128,0,0,0.18333333333333332
GSE25055,0,intercept,GSM615129,0,0,0.18333333333333332
GSE25055,0,intercept,GSM615130,1,0,0.18672199170124482
GSE25055,0,intercept,GSM615131,1,0,0.18672199170124482
GSE25055,0,intercept,GSM615132,4,0,0.18672199170124482
GSE25055,0,intercept,GSM615133,0,0,0.18333333333333332
GSE25055,0,intercept,GSM615134,2,0,0.18672199170124482
GSE25055,0,intercept,GSM615135,4,0,0.18672199170124482
GSE25055,0,intercept,GSM615136,1,0,0.18672199170124482
GSE25055,0,intercept,GSM615137,3,1,0.18672199170124482
GSE25055,0,intercept,GSM615138,4,0,0.18672199170124482
GSE25055,0,intercept,GSM615139,4,1,0.18672199170124482
GSE25055,0,intercept,GSM615140,3,1,0.18672199170124482
GSE25055,0,intercept,GSM615142,0,0,0.18333333333333332
GSE25055,0,intercept,GSM615143,3,1,0.18672199170124482
GSE25055,0,intercept,GSM615144,4,0,0.18672199170124482
GSE25055,0,intercept,GSM615145,0,0,0.18333333333333332
GSE25055,0,intercept,GSM615146,2,1,0.18672199170124482
GSE25055,0,intercept,GSM615147,4,0,0.18672199170124482
GSE25055,0,intercept,GSM615148,2,0,0.18672199170124482
GSE25055,0,intercept,GSM615149,3,0,0.18672199170124482
GSE25055,0,intercept,GSM615150,1,0,0.18672199170124482
GSE25055,0,intercept,GSM615151,2,0,0.18672199170124482
GSE25055,0,intercept,GSM615153,3,0,0.18672199170124482
GSE25055,0,intercept,GSM615154,2,1,0.18672199170124482
GSE25055,0,intercept,GSM615155,2,0,0.18672199170124482
GSE25055,0,intercept,GSM615156,4,0,0.18672199170124482
GSE25055,0,intercept,GSM615157,0,0,0.18333333333333332
GSE25055,0,intercept,GSM615158,3,0,0.18672199170124482
GSE25055,0,intercept,GSM615159,4,0,0.18672199170124482
GSE25055,0,intercept,GSM615160,4,0,0.18672199170124482
GSE25055,0,intercept,GSM615162,3,0,0.18672199170124482
GSE25055,0,intercept,GSM615164,4,1,0.18672199170124482
GSE25055,0,intercept,GSM615165,3,0,0.18672199170124482
GSE25055,0,intercept,GSM615166,4,0,0.18672199170124482
GSE25055,0,intercept,GSM615167,2,1,0.18672199170124482
GSE25055,0,intercept,GSM615168,4,0,0.18672199170124482
GSE25055,0,intercept,GSM615169,4,0,0.18672199170124482
GSE25055,0,intercept,GSM615170,2,0,0.18672199170124482
GSE25055,0,intercept,GSM615171,1,1,0.18672199170124482
GSE25055,0,intercept,GSM615172,1,0,0.18672199170124482
GSE25055,0,intercept,GSM615173,2,0,0.18672199170124482
GSE25055,0,intercept,GSM615174,4,0,0.18672199170124482
GSE25055,0,intercept,GSM615175,0,1,0.18333333333333332
GSE25055,0,intercept,GSM615176,2,0,0.18672199170124482
GSE25055,0,intercept,GSM615177,1,0,0.18672199170124482
GSE25055,0,intercept,GSM615178,4,0,0.18672199170124482
GSE25055,0,intercept,GSM615179,3,0,0.18672199170124482
GSE25055,0,intercept,GSM615180,0,0,0.18333333333333332
GSE25055,0,intercept,GSM615181,1,1,0.18672199170124482
GSE25055,0,intercept,GSM615182,1,0,0.18672199170124482
GSE25055,0,intercept,GSM615183,1,0,0.18672199170124482
GSE25055,0,intercept,GSM615184,1,0,0.18672199170124482
GSE25055,0,intercept,GSM615185,1,0,0.18672199170124482
GSE25055,0,intercept,GSM615186,1,1,0.18672199170124482
GSE25055,0,intercept,GSM615187,2,0,0.18672199170124482
GSE25055,0,intercept,GSM615188,3,0,0.18672199170124482
GSE25055,0,intercept,GSM615189,1,0,0.18672199170124482
GSE25055,0,intercept,GSM615190,1,0,0.18672199170124482
GSE25055,0,intercept,GSM615191,0,1,0.18333333333333332
GSE25055,0,intercept,GSM615192,2,0,0.18672199170124482
GSE25055,0,intercept,GSM615193,4,1,0.18672199170124482
GSE25055,0,intercept,GSM615194,0,1,0.18333333333333332
GSE25055,0,intercept,GSM615195,3,0,0.18672199170124482
GSE25055,0,intercept,GSM615196,4,0,0.18672199170124482
GSE25055,0,intercept,GSM615197,3,0,0.18672199170124482
GSE25055,0,intercept,GSM615198,1,0,0.18672199170124482
GSE25055,0,intercept,GSM615199,0,0,0.18333333333333332
GSE25055,0,intercept,GSM615200,0,0,0.18333333333333332
GSE25055,0,intercept,GSM615201,2,1,0.18672199170124482
GSE25055,0,intercept,GSM615202,3,1,0.18672199170124482
GSE25055,0,intercept,GSM615203,3,0,0.18672199170124482
GSE25055,0,intercept,GSM615204,3,0,0.18672199170124482
GSE25055,0,intercept,GSM615205,2,0,0.18672199170124482
GSE25055,0,intercept,GSM615206,2,0,0.18672199170124482
GSE25055,0,intercept,GSM615207,0,0,0.18333333333333332
GSE25055,0,intercept,GSM615208,3,0,0.18672199170124482
GSE25055,0,intercept,GSM615209,1,1,0.18672199170124482
GSE25055,0,intercept,GSM615210,0,0,0.18333333333333332
GSE25055,0,intercept,GSM615211,3,1,0.18672199170124482
GSE25055,0,intercept,GSM615212,4,1,0.18672199170124482
GSE25055,0,intercept,GSM615213,2,1,0.18672199170124482
GSE25055,0,intercept,GSM615214,1,0,0.18672199170124482
GSE25055,0,intercept,GSM615215,1,1,0.18672199170124482
GSE25055,0,intercept,GSM615216,1,0,0.18672199170124482
GSE25055,0,intercept,GSM615217,0,0,0.18333333333333332
GSE25055,0,intercept,GSM615218,1,0,0.18672199170124482
GSE25055,0,intercept,GSM615219,3,0,0.18672199170124482
GSE25055,0,intercept,GSM615220,1,0,0.18672199170124482
GSE25055,0,intercept,GSM615221,4,0,0.18672199170124482
GSE25055,0,intercept,GSM615222,0,0,0.18333333333333332
GSE25055,0,intercept,GSM615223,4,0,0.18672199170124482
GSE25055,0,intercept,GSM615224,0,0,0.18333333333333332
GSE25055,0,intercept,GSM615225,0,0,0.18333333333333332
GSE25055,0,intercept,GSM615226,0,0,0.18333333333333332
GSE25055,0,intercept,GSM615227,4,0,0.18672199170124482
GSE25055,0,intercept,GSM615228,2,0,0.18672199170124482
GSE25055,0,intercept,GSM615229,2,0,0.18672199170124482
GSE25055,0,intercept,GSM615230,0,0,0.18333333333333332
GSE25055,0,intercept,GSM615231,2,0,0.18672199170124482
GSE25055,0,intercept,GSM615232,3,0,0.18672199170124482
GSE25055,0,intercept,GSM615233,4,0,0.18672199170124482
GSE25055,0,intercept,GSM615234,4,0,0.18672199170124482
GSE25055,0,intercept,GSM615235,4,0,0.18672199170124482
GSE25055,0,intercept,GSM615236,1,0,0.18672199170124482
GSE25055,0,intercept,GSM615237,0,0,0.18333333333333332
GSE25055,0,intercept,GSM615238,4,0,0.18672199170124482
GSE25055,0,intercept,GSM615239,4,0,0.18672199170124482
GSE25055,0,intercept,GSM615240,4,1,0.18672199170124482
GSE25055,0,intercept,GSM615241,4,0,0.18672199170124482
GSE25055,0,intercept,GSM615242,2,1,0.18672199170124482
GSE25055,0,intercept,GSM615243,2,0,0.18672199170124482
GSE25055,0,intercept,GSM615244,3,0,0.18672199170124482
GSE25055,0,intercept,GSM615245,3,0,0.18672199170124482
GSE25055,0,intercept,GSM615246,3,0,0.18672199170124482
GSE25055,0,intercept,GSM615247,4,0,0.18672199170124482
GSE25055,0,intercept,GSM615248,3,0,0.18672199170124482
GSE25055,0,intercept,GSM615249,4,0,0.18672199170124482
GSE25055,0,intercept,GSM615250,1,0,0.18672199170124482
GSE25055,0,intercept,GSM615251,1,0,0.18672199170124482
GSE25055,0,intercept,GSM615252,1,0,0.18672199170124482
GSE25055,0,intercept,GSM615253,2,0,0.18672199170124482
GSE25055,0,intercept,GSM615254,1,0,0.18672199170124482
GSE25055,0,intercept,GSM615255,3,0,0.18672199170124482
GSE25055,0,intercept,GSM615256,3,1,0.18672199170124482
GSE25055,0,intercept,GSM615257,0,0,0.18333333333333332
GSE25055,0,intercept,GSM615258,1,0,0.18672199170124482
GSE25055,0,intercept,GSM615259,3,0,0.18672199170124482
GSE25055,0,intercept,GSM615260,2,0,0.18672199170124482
GSE25055,0,intercept,GSM615261,3,0,0.18672199170124482
GSE25055,0,intercept,GSM615262,3,0,0.18672199170124482
GSE25055,0,intercept,GSM615263,3,1,0.18672199170124482
GSE25055,0,intercept,GSM615264,3,1,0.18672199170124482
GSE25055,0,intercept,GSM615265,4,0,0.18672199170124482
GSE25055,0,intercept,GSM615266,4,0,0.18672199170124482
GSE25055,0,intercept,GSM615267,2,0,0.18672199170124482
GSE25055,0,intercept,GSM615268,0,0,0.18333333333333332
GSE25055,0,intercept,GSM615269,0,0,0.18333333333333332
GSE25055,0,intercept,GSM615270,3,1,0.18672199170124482
GSE25055,0,intercept,GSM615271,2,0,0.18672199170124482
GSE25055,0,intercept,GSM615272,3,0,0.18672199170124482
GSE25055,0,intercept,GSM615273,2,0,0.18672199170124482
GSE25055,0,intercept,GSM615274,1,0,0.18672199170124482
GSE25055,0,intercept,GSM615275,4,0,0.18672199170124482
GSE25055,0,intercept,GSM615276,0,0,0.18333333333333332
GSE25055,0,intercept,GSM615277,2,0,0.18672199170124482
GSE25055,0,intercept,GSM615278,2,0,0.18672199170124482
GSE25055,0,intercept,GSM615279,4,0,0.18672199170124482
GSE25055,0,intercept,GSM615280,4,1,0.18672199170124482
GSE25055,0,intercept,GSM615281,3,0,0.18672199170124482
GSE25055,0,intercept,GSM615282,2,0,0.18672199170124482
GSE25055,0,intercept,GSM615283,4,0,0.18672199170124482
GSE25055,0,intercept,GSM615284,0,1,0.18333333333333332
GSE25055,0,intercept,GSM615285,3,0,0.18672199170124482
GSE25055,0,intercept,GSM615286,3,0,0.18672199170124482
GSE25055,0,intercept,GSM615287,2,0,0.18672199170124482
GSE25055,0,intercept,GSM615288,2,0,0.18672199170124482
GSE25055,0,intercept,GSM615289,1,0,0.18672199170124482
GSE25055,0,intercept,GSM615290,0,0,0.18333333333333332
GSE25055,0,intercept,GSM615291,2,1,0.18672199170124482
GSE25055,0,intercept,GSM615292,1,0,0.18672199170124482
GSE25055,0,intercept,GSM615293,2,1,0.18672199170124482
GSE25055,0,intercept,GSM615294,0,0,0.18333333333333332
GSE25055,0,intercept,GSM615295,3,0,0.18672199170124482
GSE25055,0,intercept,GSM615296,2,0,0.18672199170124482
GSE25055,0,intercept,GSM615297,3,0,0.18672199170124482
GSE25055,0,intercept,GSM615298,0,0,0.18333333333333332
GSE25055,0,intercept,GSM615299,1,0,0.18672199170124482
GSE25055,0,intercept,GSM615300,4,1,0.18672199170124482
GSE25055,0,intercept,GSM615301,1,0,0.18672199170124482
GSE25055,0,intercept,GSM615302,2,0,0.18672199170124482
GSE25055,0,intercept,GSM615303,2,0,0.18672199170124482
GSE25055,0,intercept,GSM615304,3,0,0.18672199170124482
GSE25055,0,intercept,GSM615305,2,0,0.18672199170124482
GSE25055,0,intercept,GSM615306,1,0,0.18672199170124482
GSE25055,0,intercept,GSM615307,0,1,0.18333333333333332
GSE25055,0,intercept,GSM615308,4,0,0.18672199170124482
GSE25055,0,intercept,GSM615309,2,0,0.18672199170124482
GSE25055,0,intercept,GSM615310,1,1,0.18672199170124482
GSE25055,0,intercept,GSM615311,0,0,0.18333333333333332
GSE25055,0,intercept,GSM615312,0,0,0.18333333333333332
GSE25055,0,intercept,GSM615313,3,0,0.18672199170124482
GSE25055,0,intercept,GSM615314,0,0,0.18333333333333332
GSE25055,0,intercept,GSM615315,4,0,0.18672199170124482
GSE25055,0,intercept,GSM615316,3,0,0.18672199170124482
GSE25055,0,intercept,GSM615317,2,0,0.18672199170124482
GSE25055,0,intercept,GSM615318,1,0,0.18672199170124482
GSE25055,0,intercept,GSM615319,2,0,0.18672199170124482
GSE25055,0,intercept,GSM615320,2,0,0.18672199170124482
GSE25055,0,intercept,GSM615321,1,0,0.18672199170124482
GSE25055,0,intercept,GSM615322,4,0,0.18672199170124482
GSE25055,0,intercept,GSM615323,1,0,0.18672199170124482
GSE25055,0,intercept,GSM615324,0,1,0.18333333333333332
GSE25055,0,intercept,GSM615325,0,1,0.18333333333333332
GSE25055,0,intercept,GSM615326,2,0,0.18672199170124482
GSE25055,0,intercept,GSM615327,1,0,0.18672199170124482
GSE25055,0,intercept,GSM615328,0,0,0.18333333333333332
GSE25055,0,intercept,GSM615329,0,0,0.18333333333333332
GSE25055,0,intercept,GSM615330,3,0,0.18672199170124482
GSE25055,0,intercept,GSM615331,4,1,0.18672199170124482
GSE25055,0,intercept,GSM615332,4,0,0.18672199170124482
GSE25055,0,intercept,GSM615333,2,0,0.18672199170124482
GSE25055,0,intercept,GSM615334,0,1,0.18333333333333332
GSE25055,0,intercept,GSM615335,3,0,0.18672199170124482
GSE25055,0,intercept,GSM615336,4,1,0.18672199170124482
GSE25055,0,intercept,GSM615337,4,0,0.18672199170124482
GSE25055,0,intercept,GSM615338,0,1,0.18333333333333332
GSE25055,0,intercept,GSM615339,1,0,0.18672199170124482
GSE25055,0,intercept,GSM615340,4,0,0.18672199170124482
GSE25055,0,intercept,GSM615341,1,0,0.18672199170124482
GSE25055,0,intercept,GSM615342,4,0,0.18672199170124482
GSE25055,0,intercept,GSM615343,1,0,0.18672199170124482
GSE25055,0,intercept,GSM615344,3,0,0.18672199170124482
GSE25055,0,intercept,GSM615345,4,0,0.18672199170124482
GSE25055,0,intercept,GSM615346,1,0,0.18672199170124482
GSE25055,0,intercept,GSM615347,1,0,0.18672199170124482
GSE25055,0,intercept,GSM615348,0,0,0.18333333333333332
GSE25055,0,intercept,GSM615349,2,0,0.18672199170124482
GSE25055,0,intercept,GSM615350,0,0,0.18333333333333332
GSE25055,0,intercept,GSM615351,0,0,0.18333333333333332
GSE25055,0,intercept,GSM615352,2,0,0.18672199170124482
GSE25055,0,intercept,GSM615353,0,1,0.18333333333333332
GSE25055,0,intercept,GSM615354,2,1,0.18672199170124482
GSE25055,0,intercept,GSM615355,1,0,0.18672199170124482
GSE25055,0,intercept,GSM615356,2,0,0.18672199170124482
GSE25055,0,intercept,GSM615357,2,1,0.18672199170124482
GSE25055,0,intercept,GSM615358,1,0,0.18672199170124482
GSE25055,0,intercept,GSM615359,1,1,0.18672199170124482
GSE25055,0,intercept,GSM615360,2,0,0.18672199170124482
GSE25055,0,intercept,GSM615361,0,0,0.18333333333333332
GSE25055,0,intercept,GSM615362,4,0,0.18672199170124482
GSE25055,0,intercept,GSM615363,3,0,0.18672199170124482
GSE25055,0,intercept,GSM615364,2,0,0.18672199170124482
GSE25055,0,intercept,GSM615365,2,0,0.18672199170124482
GSE25055,0,intercept,GSM615366,3,0,0.18672199170124482
GSE25055,0,intercept,GSM615367,4,0,0.18672199170124482
GSE25055,0,intercept,GSM615368,1,0,0.18672199170124482
GSE25055,0,intercept,GSM615369,0,0,0.18333333333333332
GSE25055,0,intercept,GSM615370,1,0,0.18672199170124482
GSE25055,0,intercept,GSM615371,0,1,0.18333333333333332
GSE25055,0,intercept,GSM615372,3,0,0.18672199170124482
GSE25055,0,intercept,GSM615373,0,0,0.18333333333333332
GSE25055,0,intercept,GSM615374,3,0,0.18672199170124482
GSE25055,0,intercept,GSM615375,3,1,0.18672199170124482
GSE25055,0,intercept,GSM615376,0,0,0.18333333333333332
GSE25055,0,intercept,GSM615377,4,0,0.18672199170124482
GSE25055,0,intercept,GSM615378,3,0,0.18672199170124482
GSE25055,0,intercept,GSM615379,4,1,0.18672199170124482
GSE25055,0,intercept,GSM615380,2,0,0.18672199170124482
GSE25055,0,intercept,GSM615381,1,0,0.18672199170124482
GSE25055,0,intercept,GSM615382,3,0,0.18672199170124482
GSE25055,0,intercept,GSM615383,1,1,0.18672199170124482
GSE25055,0,intercept,GSM615384,3,0,0.18672199170124482
GSE25055,0,intercept,GSM615385,0,0,0.18333333333333332
GSE25055,0,intercept,GSM615386,0,0,0.18333333333333332
GSE25055,0,intercept,GSM615387,1,0,0.18672199170124482
GSE25055,0,intercept,GSM615388,4,0,0.18672199170124482
GSE25055,0,intercept,GSM615389,0,0,0.18333333333333332
GSE25055,0,intercept,GSM615390,0,0,0.18333333333333332
GSE25055,0,intercept,GSM615391,0,0,0.18333333333333332
GSE25055,0,intercept,GSM615392,3,0,0.18672199170124482
GSE25055,0,intercept,GSM615393,2,1,0.18672199170124482
GSE25055,0,intercept,GSM615394,1,1,0.18672199170124482
GSE25055,0,intercept,GSM615395,2,0,0.18672199170124482
GSE25055,0,intercept,GSM615396,0,1,0.18333333333333332
GSE25055,0,intercept,GSM615397,4,1,0.18672199170124482
GSE25055,0,intercept,GSM615398,1,0,0.18672199170124482
GSE25055,0,intercept,GSM615399,3,0,0.18672199170124482
GSE25055,0,intercept,GSM615400,0,0,0.18333333333333332
GSE25055,0,intercept,GSM615401,4,0,0.18672199170124482
GSE25055,0,intercept,GSM615402,2,0,0.18672199170124482
GSE25055,0,intercept,GSM615403,0,0,0.18333333333333332
GSE25055,0,intercept,GSM615404,2,0,0.18672199170124482
GSE25055,0,intercept,GSM615405,0,0,0.18333333333333332
GSE25055,0,clinical,GSM615096,3,0,0.08058507056815815
GSE25055,0,clinical,GSM615097,0,0,0.0834700062060092
GSE25055,0,clinical,GSM615098,1,0,0.41388597254669074
GSE25055,0,clinical,GSM615099,3,1,0.38007807827355483
GSE25055,0,clinical,GSM615100,4,0,0.09622956300220328
GSE25055,0,clinical,GSM615101,4,0,0.3233780335381466
GSE25055,0,clinical,GSM615102,0,0,0.3783926409252291
GSE25055,0,clinical,GSM615104,3,0,0.3598429337914749
GSE25055,0,clinical,GSM615106,1,0,0.3581234416092185
GSE25055,0,clinical,GSM615107,2,0,0.3770636241672844
GSE25055,0,clinical,GSM615108,3,0,0.07134799749162304
GSE25055,0,clinical,GSM615109,4,0,0.28663764058555885
GSE25055,0,clinical,GSM615111,3,0,0.3468455734057772
GSE25055,0,clinical,GSM615112,4,0,0.2635838242620333
GSE25055,0,clinical,GSM615113,4,0,0.3796078171388718
GSE25055,0,clinical,GSM615114,0,0,0.07212727146698578
GSE25055,0,clinical,GSM615115,0,0,0.3470324726301849
GSE25055,0,clinical,GSM615116,1,0,0.3421464371757359
GSE25055,0,clinical,GSM615117,3,0,0.08420652861395575
GSE25055,0,clinical,GSM615120,2,0,0.07273835444976713
GSE25055,0,clinical,GSM615121,4,0,0.09396772029009542
GSE25055,0,clinical,GSM615122,1,1,0.07081820898119125
GSE25055,0,clinical,GSM615123,1,1,0.04444540133860136
GSE25055,0,clinical,GSM615124,2,0,0.0641243475459457
GSE25055,0,clinical,GSM615125,1,0,0.053954446494228675
GSE25055,0,clinical,GSM615126,3,0,0.07438161742809674
GSE25055,0,clinical,GSM615127,2,0,0.06177145852155109
GSE25055,0,clinical,GSM615128,0,0,0.07584631638671017
GSE25055,0,clinical,GSM615129,0,0,0.07107463646260158
GSE25055,0,clinical,GSM615130,1,0,0.053150737236140375
GSE25055,0,clinical,GSM615131,1,0,0.036707375498526394
GSE25055,0,clinical,GSM615132,4,0,0.07189852165630646
GSE25055,0,clinical,GSM615133,0,0,0.07427578513175885
GSE25055,0,clinical,GSM615134,2,0,0.08547492945351771
GSE25055,0,clinical,GSM615135,4,0,0.2861004788558429
GSE25055,0,clinical,GSM615136,1,0,0.3132147207420191
GSE25055,0,clinical,GSM615137,3,1,0.08363109006624236
GSE25055,0,clinical,GSM615138,4,0,0.09714784403274589
GSE25055,0,clinical,GSM615139,4,1,0.3002603178159378
GSE25055,0,clinical,GSM615140,3,1,0.3850286126094773
GSE25055,0,clinical,GSM615142,0,0,0.074120387580499
GSE25055,0,clinical,GSM615143,3,1,0.3733993683626065
GSE25055,0,clinical,GSM615144,4,0,0.050635968658560175
GSE25055,0,clinical,GSM615145,0,0,0.29064292797971064
GSE25055,0,clinical,GSM615146,2,1,0.3725927092952483
GSE25055,0,clinical,GSM615147,4,0,0.052827671294594314
GSE25055,0,clinical,GSM615148,2,0,0.3693547168171541
GSE25055,0,clinical,GSM615149,3,0,0.3681604481503196
GSE25055,0,clinical,GSM615150,1,0,0.053608605835343714
GSE25055,0,clinical,GSM615151,2,0,0.3497867022364804
GSE25055,0,clinical,GSM615153,3,0,0.05566427369161952
GSE25055,0,clinical,GSM615154,2,1,0.3649216614884989
GSE25055,0,clinical,GSM615155,2,0,0.10257098011217368
GSE25055,0,clinical,GSM615156,4,0,0.40783288822195146
GSE25055,0,clinical,GSM615157,0,0,0.08329710363630108
GSE25055,0,clinical,GSM615158,3,0,0.059480619932587304
GSE25055,0,clinical,GSM615159,4,0,0.3679190863083707
GSE25055,0,clinical,GSM615160,4,0,0.4116471095650059
GSE25055,0,clinical,GSM615162,3,0,0.07573268384786712
GSE25055,0,clinical,GSM615164,4,1,0.3839504759757481
GSE25055,0,clinical,GSM615165,3,0,0.07458802151004985
GSE25055,0,clinical,GSM615166,4,0,0.08518539171239556
GSE25055,0,clinical,GSM615167,2,1,0.39101273667993997
GSE25055,0,clinical,GSM615168,4,0,0.06763508100373561
GSE25055,0,clinical,GSM615169,4,0,0.34918185637296667
GSE25055,0,clinical,GSM615170,2,0,0.08162408151920154
GSE25055,0,clinical,GSM615171,1,1,0.4007618366722145
GSE25055,0,clinical,GSM615172,1,0,0.03842709486575891
GSE25055,0,clinical,GSM615173,2,0,0.07931405806532742
GSE25055,0,clinical,GSM615174,4,0,0.08216269835991068
GSE25055,0,clinical,GSM615175,0,1,0.3557974887438268
GSE25055,0,clinical,GSM615176,2,0,0.08227655178463004
GSE25055,0,clinical,GSM615177,1,0,0.04752512803422415
GSE25055,0,clinical,GSM615178,4,0,0.4059299030311119
GSE25055,0,clinical,GSM615179,3,0,0.06256814431065727
GSE25055,0,clinical,GSM615180,0,0,0.0814165645129663
GSE25055,0,clinical,GSM615181,1,1,0.3691310739677282
GSE25055,0,clinical,GSM615182,1,0,0.24509752435813084
GSE25055,0,clinical,GSM615183,1,0,0.06689757951406851
GSE25055,0,clinical,GSM615184,1,0,0.35864434279865987
GSE25055,0,clinical,GSM615185,1,0,0.28937955677595223
GSE25055,0,clinical,GSM615186,1,1,0.04651013929585223
GSE25055,0,clinical,GSM615187,2,0,0.05911235215585466
GSE25055,0,clinical,GSM615188,3,0,0.31182059114419064
GSE25055,0,clinical,GSM615189,1,0,0.28937955677595223
GSE25055,0,clinical,GSM615190,1,0,0.43435448357140705
GSE25055,0,clinical,GSM615191,0,1,0.3847985818660241
GSE25055,0,clinical,GSM615192,2,0,0.07535442804176384
GSE25055,0,clinical,GSM615193,4,1,0.3970874543596293
GSE25055,0,clinical,GSM615194,0,1,0.2665571786217935
GSE25055,0,clinical,GSM615195,3,0,0.42248888220484326
GSE25055,0,clinical,GSM615196,4,0,0.051656424832855055
GSE25055,0,clinical,GSM615197,3,0,0.2928784767048294
GSE25055,0,clinical,GSM615198,1,0,0.04084068926244643
GSE25055,0,clinical,GSM615199,0,0,0.09799931413020517
GSE25055,0,clinical,GSM615200,0,0,0.07809628805608791
GSE25055,0,clinical,GSM615201,2,1,0.0883655315195001
GSE25055,0,clinical,GSM615202,3,1,0.3758544857049938
GSE25055,0,clinical,GSM615203,3,0,0.04920108882737144
GSE25055,0,clinical,GSM615204,3,0,0.07194543945198142
GSE25055,0,clinical,GSM615205,2,0,0.057212205579347336
GSE25055,0,clinical,GSM615206,2,0,0.08033326711912231
GSE25055,0,clinical,GSM615207,0,0,0.09028637164159935
GSE25055,0,clinical,GSM615208,3,0,0.052079230032576564
GSE25055,0,clinical,GSM615209,1,1,0.3330284451921608
GSE25055,0,clinical,GSM615210,0,0,0.044930223777276526
GSE25055,0,clinical,GSM615211,3,1,0.4007387921550255
GSE25055,0,clinical,GSM615212,4,1,0.34798813898216113
GSE25055,0,clinical,GSM615213,2,1,0.31741532744734885
GSE25055,0,clinical,GSM615214,1,0,0.043587521284536565
GSE25055,0,clinical,GSM615215,1,1,0.3958756823402296
GSE25055,0,clinical,GSM615216,1,0,0.039962469667348316
GSE25055,0,clinical,GSM615217,0,0,0.07334787760114586
GSE25055,0,clinical,GSM615218,1,0,0.3330284451921608
GSE25055,0,clinical,GSM615219,3,0,0.08036351227634608
GSE25055,0,clinical,GSM615220,1,0,0.07126671207085414
GSE25055,0,clinical,GSM615221,4,0,0.09066428196267264
GSE25055,0,clinical,GSM615222,0,0,0.07974064375320657
GSE25055,0,clinical,GSM615223,4,0,0.29640879453617563
GSE25055,0,clinical,GSM615224,0,0,0.07334787760114586
GSE25055,0,clinical,GSM615225,0,0,0.27100319584654725
GSE25055,0,clinical,GSM615226,0,0,0.0646400374727094
GSE25055,0,clinical,GSM615227,4,0,0.06455295239129738
GSE25055,0,clinical,GSM615228,2,0,0.08697820382254673
GSE25055,0,clinical,GSM615229,2,0,0.3364956598103643
GSE25055,0,clinical,GSM615230,0,0,0.09601772588614411
GSE25055,0,clinical,GSM615231,2,0,0.07780739139938346
GSE25055,0,clinical,GSM615232,3,0,0.06256814431065727
GSE25055,0,clinical,GSM615233,4,0,0.03919450028641169
GSE25055,0,clinical,GSM615234,4,0,0.07659438766765972
GSE25055,0,clinical,GSM615235,4,0,0.044454705946008415
GSE25055,0,clinical,GSM615236,1,0,0.030074995207536488
GSE25055,0,clinical,GSM615237,0,0,0.08486500851780905
GSE25055,0,clinical,GSM615238,4,0,0.07847426709287605
GSE25055,0,clinical,GSM615239,4,0,0.07475588825683588
GSE25055,0,clinical,GSM615240,4,1,0.34798813898216113
GSE25055,0,clinical,GSM615241,4,0,0.04914100488490358
GSE25055,0,clinical,GSM615242,2,1,0.3442841946149302
GSE25055,0,clinical,GSM615243,2,0,0.08162408151920154
GSE25055,0,clinical,GSM615244,3,0,0.34481349457230487
GSE25055,0,clinical,GSM615245,3,0,0.08260429978104757
GSE25055,0,clinical,GSM615246,3,0,0.09468118673259603
GSE25055,0,clinical,GSM615247,4,0,0.08642246745460842
GSE25055,0,clinical,GSM615248,3,0,0.07604765226743683
GSE25055,0,clinical,GSM615249,4,0,0.044454705946008415
GSE25055,0,clinical,GSM615250,1,0,0.298784504062179
GSE25055,0,clinical,GSM615251,1,0,0.3958756823402296
GSE25055,0,clinical,GSM615252,1,0,0.043587521284536565
GSE25055,0,clinical,GSM615253,2,0,0.0883655315195001
GSE25055,0,clinical,GSM615254,1,0,0.04856113872752456
GSE25055,0,clinical,GSM615255,3,0,0.386447483691905
GSE25055,0,clinical,GSM615256,3,1,0.06710493490571805
GSE25055,0,clinical,GSM615257,0,0,0.06328566152073334
GSE25055,0,clinical,GSM615258,1,0,0.04265286169789939
GSE25055,0,clinical,GSM615259,3,0,0.05750216695723012
GSE25055,0,clinical,GSM615260,2,0,0.06952989465863717
GSE25055,0,clinical,GSM615261,3,0,0.06083483097717531
GSE25055,0,clinical,GSM615262,3,0,0.07604765226743683
GSE25055,0,clinical,GSM615263,3,1,0.31182059114419064
GSE25055,0,clinical,GSM615264,3,1,0.36537893719805037
GSE25055,0,clinical,GSM615265,4,0,0.2646055081748095
GSE25055,0,clinical,GSM615266,4,0,0.05295934721955928
GSE25055,0,clinical,GSM615267,2,0,0.08697820382254673
GSE25055,0,clinical,GSM615268,0,0,0.10416422180448041
GSE25055,0,clinical,GSM615269,0,0,0.09407202735163935
GSE25055,0,clinical,GSM615270,3,1,0.39000306186557065
GSE25055,0,clinical,GSM615271,2,0,0.08426253799547387
GSE25055,0,clinical,GSM615272,3,0,0.05669618322477479
GSE25055,0,clinical,GSM615273,2,0,0.07906110851122311
GSE25055,0,clinical,GSM615274,1,0,0.032122005317462905
GSE25055,0,clinical,GSM615275,4,0,0.28023172296695187
GSE25055,0,clinical,GSM615276,0,0,0.30819707858361445
GSE25055,0,clinical,GSM615277,2,0,0.07657190218766488
GSE25055,0,clinical,GSM615278,2,0,0.08033326711912231
GSE25055,0,clinical,GSM615279,4,0,0.06780102323497803
GSE25055,0,clinical,GSM615280,4,1,0.08436961813529652
GSE25055,0,clinical,GSM615281,3,0,0.07397038435240834
GSE25055,0,clinical,GSM615282,2,0,0.065173170086127
GSE25055,0,clinical,GSM615283,4,0,0.057056578369506415
GSE25055,0,clinical,GSM615284,0,1,0.3179264541401455
GSE25055,0,clinical,GSM615285,3,0,0.07397038435240834
GSE25055,0,clinical,GSM615286,3,0,0.05750216695723012
GSE25055,0,clinical,GSM615287,2,0,0.328794970884462
GSE25055,0,clinical,GSM615288,2,0,0.3762491473576272
GSE25055,0,clinical,GSM615289,1,0,0.05179918455804599
GSE25055,0,clinical,GSM615290,0,0,0.05452260946382686
GSE25055,0,clinical,GSM615291,2,1,0.295307179308116
GSE25055,0,clinical,GSM615292,1,0,0.050697773908951006
GSE25055,0,clinical,GSM615293,2,1,0.4051422676445779
GSE25055,0,clinical,GSM615294,0,0,0.08486500851780905
GSE25055,0,clinical,GSM615295,3,0,0.3380810796336375
GSE25055,0,clinical,GSM615296,2,0,0.08162408151920154
GSE25055,0,clinical,GSM615297,3,0,0.32153860120508804
GSE25055,0,clinical,GSM615298,0,0,0.09407202735163935
GSE25055,0,clinical,GSM615299,1,0,0.050697773908951006
GSE25055,0,clinical,GSM615300,4,1,0.29640879453617563
GSE25055,0,clinical,GSM615301,1,0,0.3035521797937449
GSE25055,0,clinical,GSM615302,2,0,0.07066045532922191
GSE25055,0,clinical,GSM615303,2,0,0.2638891667090557
GSE25055,0,clinical,GSM615304,3,0,0.061695801055056225
GSE25055,0,clinical,GSM615305,2,0,0.09120026173785575
GSE25055,0,clinical,GSM615306,1,0,0.039962469667348316
GSE25055,0,clinical,GSM615307,0,1,0.4118993633845459
GSE25055,0,clinical,GSM615308,4,0,0.06615846926163714
GSE25055,0,clinical,GSM615309,2,0,0.08293376664387328
GSE25055,0,clinical,GSM615310,1,1,0.03506181208386554
GSE25055,0,clinical,GSM615311,0,0,0.10629416636729401
GSE25055,0,clinical,GSM615312,0,0,0.31304119249526563
GSE25055,0,clinical,GSM615313,3,0,0.06804821353938062
GSE25055,0,clinical,GSM615314,0,0,0.04897710612310422
GSE25055,0,clinical,GSM615315,4,0,0.44835067973654374
GSE25055,0,clinical,GSM615316,3,0,0.05357730919550468
GSE25055,0,clinical,GSM615317,2,0,0.3403791456795839
GSE25055,0,clinical,GSM615318,1,0,0.050697773908951006
GSE25055,0,clinical,GSM615319,2,0,0.2810768871389709
GSE25055,0,clinical,GSM615320,2,0,0.36814347754410837
GSE25055,0,clinical,GSM615321,1,0,0.363871539792537
GSE25055,0,clinical,GSM615322,4,0,0.3245293492385677
GSE25055,0,clinical,GSM615323,1,0,0.4623613248399868
GSE25055,0,clinical,GSM615324,0,1,0.3228521242285682
GSE25055,0,clinical,GSM615325,0,1,0.35320917797593887
GSE25055,0,clinical,GSM615326,2,0,0.06841609118742516
GSE25055,0,clinical,GSM615327,1,0,0.28937955677595223
GSE25055,0,clinical,GSM615328,0,0,0.08486500851780905
GSE25055,0,clinical,GSM615329,0,0,0.09216173668754131
GSE25055,0,clinical,GSM615330,3,0,0.2991175161016645
GSE25055,0,clinical,GSM615331,4,1,0.051656424832855055
GSE25055,0,clinical,GSM615332,4,0,0.04558471183892037
GSE25055,0,clinical,GSM615333,2,0,0.3364956598103643
GSE25055,0,clinical,GSM615334,0,1,0.2665571786217935
GSE25055,0,clinical,GSM615335,3,0,0.34481349457230487
GSE25055,0,clinical,GSM615336,4,1,0.34204838282052175
GSE25055,0,clinical,GSM615337,4,0,0.07475588825683588
GSE25055,0,clinical,GSM615338,0,1,0.2846172666034094
GSE25055,0,clinical,GSM615339,1,0,0.039962469667348316
GSE25055,0,clinical,GSM615340,4,0,0.06780102323497803
GSE25055,0,clinical,GSM615341,1,0,0.050697773908951006
GSE25055,0,clinical,GSM615342,4,0,0.3783705568364371
GSE25055,0,clinical,GSM615343,1,0,0.07278072376967121
GSE25055,0,clinical,GSM615344,3,0,0.32153860120508804
GSE25055,0,clinical,GSM615345,4,0,0.25952249816725065
GSE25055,0,clinical,GSM615346,1,0,0.40676061667545277
GSE25055,0,clinical,GSM615347,1,0,0.25788844843740494
GSE25055,0,clinical,GSM615348,0,0,0.4064305497011798
GSE25055,0,clinical,GSM615349,2,0,0.07657190218766488
GSE25055,0,clinical,GSM615350,0,0,0.2754955152199899
GSE25055,0,clinical,GSM615351,0,0,0.07182506011019055
GSE25055,0,clinical,GSM615352,2,0,0.05271003897799578
GSE25055,0,clinical,GSM615353,0,1,0.08312452673986165
GSE25055,0,clinical,GSM615354,2,1,0.3442841946149302
GSE25055,0,clinical,GSM615355,1,0,0.050697773908951006
GSE25055,0,clinical,GSM615356,2,0,0.35612454390727244
GSE25055,0,clinical,GSM615357,2,1,0.31741532744734885
GSE25055,0,clinical,GSM615358,1,0,0.031425125804193176
GSE25055,0,clinical,GSM615359,1,1,0.35864434279865987
GSE25055,0,clinical,GSM615360,2,0,0.07297267777037057
GSE25055,0,clinical,GSM615361,0,0,0.05690250813793143
GSE25055,0,clinical,GSM615362,4,0,0.06455295239129738
GSE25055,0,clinical,GSM615363,3,0,0.397149062033945
GSE25055,0,clinical,GSM615364,2,0,0.3926660755929271
GSE25055,0,clinical,GSM615365,2,0,0.0620737210017735
GSE25055,0,clinical,GSM615366,3,0,0.07194543945198142
GSE25055,0,clinical,GSM615367,4,0,0.06948132359899487
GSE25055,0,clinical,GSM615368,1,0,0.4849478461887453
GSE25055,0,clinical,GSM615369,0,0,0.3179264541401455
GSE25055,0,clinical,GSM615370,1,0,0.0641243286252314
GSE25055,0,clinical,GSM615371,0,1,0.24087402472137892
GSE25055,0,clinical,GSM615372,3,0,0.386447483691905
GSE25055,0,clinical,GSM615373,0,0,0.08663848935022853
GSE25055,0,clinical,GSM615374,3,0,0.06256814431065727
GSE25055,0,clinical,GSM615375,3,1,0.2687037793380697
GSE25055,0,clinical,GSM615376,0,0,0.31304119249526563
GSE25055,0,clinical,GSM615377,4,0,0.06948132359899487
GSE25055,0,clinical,GSM615378,3,0,0.3793728644686493
GSE25055,0,clinical,GSM615379,4,1,0.2697518064130364
GSE25055,0,clinical,GSM615380,2,0,0.36814347754410837
GSE25055,0,clinical,GSM615381,1,0,0.036627357535296154
GSE25055,0,clinical,GSM615382,3,0,0.3182815194574533
GSE25055,0,clinical,GSM615383,1,1,0.04651013929585223
GSE25055,0,clinical,GSM615384,3,0,0.324813132890504
GSE25055,0,clinical,GSM615385,0,0,0.3847985818660241
GSE25055,0,clinical,GSM615386,0,0,0.07809628805608791
GSE25055,0,clinical,GSM615387,1,0,0.4287972784696338
GSE25055,0,clinical,GSM615388,4,0,0.08642246745460842
GSE25055,0,clinical,GSM615389,0,0,0.07182506011019055
GSE25055,0,clinical,GSM615390,0,0,0.3378636966371236
GSE25055,0,clinical,GSM615391,0,0,0.0646400374727094
GSE25055,0,clinical,GSM615392,3,0,0.2991175161016645
GSE25055,0,clinical,GSM615393,2,1,0.35612454390727244
GSE25055,0,clinical,GSM615394,1,1,0.3035521797937449
GSE25055,0,clinical,GSM615395,2,0,0.06107151889781513
GSE25055,0,clinical,GSM615396,0,1,0.4118993633845459
GSE25055,0,clinical,GSM615397,4,1,0.29640879453617563
GSE25055,0,clinical,GSM615398,1,0,0.04856113872752456
GSE25055,0,clinical,GSM615399,3,0,0.06710493490571805
GSE25055,0,clinical,GSM615400,0,0,0.04691219223994974
GSE25055,0,clinical,GSM615401,4,0,0.04019642035602127
GSE25055,0,clinical,GSM615402,2,0,0.08033326711912231
GSE25055,0,clinical,GSM615403,0,0,0.3179264541401455
GSE25055,0,clinical,GSM615404,2,0,0.06008446113561757
GSE25055,0,clinical,GSM615405,0,0,0.2800336964748278
GSE25055,0,score,GSM615096,3,0,0.07127986372962122
GSE25055,0,score,GSM615097,0,0,0.07305085797812164
GSE25055,0,score,GSM615098,1,0,0.31837378459660853
GSE25055,0,score,GSM615099,3,1,0.4388302991155462
GSE25055,0,score,GSM615100,4,0,0.2252825929962375
GSE25055,0,score,GSM615101,4,0,0.3432744145106098
GSE25055,0,score,GSM615102,0,0,0.2754822405949413
GSE25055,0,score,GSM615104,3,0,0.1810880456504086
GSE25055,0,score,GSM615106,1,0,0.09104058186238889
GSE25055,0,score,GSM615107,2,0,0.2709992879104512
GSE25055,0,score,GSM615108,3,0,0.180753065144392
GSE25055,0,score,GSM615109,4,0,0.43919726274088805
GSE25055,0,score,GSM615111,3,0,0.1408501511210915
GSE25055,0,score,GSM615112,4,0,0.3515050981448877
GSE25055,0,score,GSM615113,4,0,0.2986055029607376
GSE25055,0,score,GSM615114,0,0,0.08773217388083039
GSE25055,0,score,GSM615115,0,0,0.18017468968095446
GSE25055,0,score,GSM615116,1,0,0.10699297272520661
GSE25055,0,score,GSM615117,3,0,0.35806609897971686
GSE25055,0,score,GSM615120,2,0,0.0512830372143401
GSE25055,0,score,GSM615121,4,0,0.05868017980485195
GSE25055,0,score,GSM615122,1,1,0.038453419165360624
GSE25055,0,score,GSM615123,1,1,0.5185972539279021
GSE25055,0,score,GSM615124,2,0,0.12707739604207258
GSE25055,0,score,GSM615125,1,0,0.04554890171345653
GSE25055,0,score,GSM615126,3,0,0.15598447905504348
GSE25055,0,score,GSM615127,2,0,0.1292933646942678
GSE25055,0,score,GSM615128,0,0,0.08450339535435951
GSE25055,0,score,GSM615129,0,0,0.10241883743247916
GSE25055,0,score,GSM615130,1,0,0.06567984638169883
GSE25055,0,score,GSM615131,1,0,0.10958600896341161
GSE25055,0,score,GSM615132,4,0,0.07522742633028684
GSE25055,0,score,GSM615133,0,0,0.07476253413077583
GSE25055,0,score,GSM615134,2,0,0.051836141941934345
GSE25055,0,score,GSM615135,4,0,0.1589134328278406
GSE25055,0,score,GSM615136,1,0,0.3443069870097359
GSE25055,0,score,GSM615137,3,1,0.15025947404860024
GSE25055,0,score,GSM615138,4,0,0.0874129566194528
GSE25055,0,score,GSM615139,4,1,0.6061338025415801
GSE25055,0,score,GSM615140,3,1,0.21596413297175068
GSE25055,0,score,GSM615142,0,0,0.11096022219114088
GSE25055,0,score,GSM615143,3,1,0.23912550087149093
GSE25055,0,score,GSM615144,4,0,0.09542244807776831
GSE25055,0,score,GSM615145,0,0,0.5703901433174783
GSE25055,0,score,GSM615146,2,1,0.22246875253686418
GSE25055,0,score,GSM615147,4,0,0.09623958390352871
GSE25055,0,score,GSM615148,2,0,0.23984808647966682
GSE25055,0,score,GSM615149,3,0,0.16429934053223472
GSE25055,0,score,GSM615150,1,0,0.040295977720168526
GSE25055,0,score,GSM615151,2,0,0.2661783480072523
GSE25055,0,score,GSM615153,3,0,0.17202285254913002
GSE25055,0,score,GSM615154,2,1,0.15621407509538632
GSE25055,0,score,GSM615155,2,0,0.2973421322599116
GSE25055,0,score,GSM615156,4,0,0.14034757824230776
GSE25055,0,score,GSM615157,0,0,0.0642746707692563
GSE25055,0,score,GSM615158,3,0,0.09488932221759815
GSE25055,0,score,GSM615159,4,0,0.06308929280669619
GSE25055,0,score,GSM615160,4,0,0.19940936046095445
GSE25055,0,score,GSM615162,3,0,0.054313356740948955
GSE25055,0,score,GSM615164,4,1,0.503764681663182
GSE25055,0,score,GSM615165,3,0,0.09213614244325674
GSE25055,0,score,GSM615166,4,0,0.19178754928582326
GSE25055,0,score,GSM615167,2,1,0.0681050812833739
GSE25055,0,score,GSM615168,4,0,0.053532080333217325
GSE25055,0,score,GSM615169,4,0,0.25467450078263
GSE25055,0,score,GSM615170,2,0,0.06231644255173195
GSE25055,0,score,GSM615171,1,1,0.1309683118066727
GSE25055,0,score,GSM615172,1,0,0.06428306145102511
GSE25055,0,score,GSM615173,2,0,0.06560491401126183
GSE25055,0,score,GSM615174,4,0,0.16226130607125316
GSE25055,0,score,GSM615175,0,1,0.3086939444408994
GSE25055,0,score,GSM615176,2,0,0.0666990782099825
GSE25055,0,score,GSM615177,1,0,0.12037324900290672
GSE25055,0,score,GSM615178,4,0,0.1905047887266495
GSE25055,0,score,GSM615179,3,0,0.1290847860105949
GSE25055,0,score,GSM615180,0,0,0.16308373069536602
GSE25055,0,score,GSM615181,1,1,0.2568336371596486
GSE25055,0,score,GSM615182,1,0,0.33148003617819105
GSE25055,0,score,GSM615183,1,0,0.042833664376754635
GSE25055,0,score,GSM615184,1,0,0.5561388579775886
GSE25055,0,score,GSM615185,1,0,0.1532226954555186
GSE25055,0,score,GSM615186,1,1,0.058277981180969975
GSE25055,0,score,GSM615187,2,0,0.17973417593329205
GSE25055,0,score,GSM615188,3,0,0.18098866875290742
GSE25055,0,score,GSM615189,1,0,0.20425242298783294
GSE25055,0,score,GSM615190,1,0,0.2751153073757637
GSE25055,0,score,GSM615191,0,1,0.4990241106474199
GSE25055,0,score,GSM615192,2,0,0.07697953727611133
GSE25055,0,score,GSM615193,4,1,0.2234066854098544
GSE25055,0,score,GSM615194,0,1,0.4198343350683082
GSE25055,0,score,GSM615195,3,0,0.4621468078010745
GSE25055,0,score,GSM615196,4,0,0.28872231764737355
GSE25055,0,score,GSM615197,3,0,0.3749167529440232
GSE25055,0,score,GSM615198,1,0,0.05149530197562555
GSE25055,0,score,GSM615199,0,0,0.1418983985278871
GSE25055,0,score,GSM615200,0,0,0.32315969200588646
GSE25055,0,score,GSM615201,2,1,0.2889449461779685
GSE25055,0,score,GSM615202,3,1,0.4631661965539159
GSE25055,0,score,GSM615203,3,0,0.03594335623420356
GSE25055,0,score,GSM615204,3,0,0.05932151188228287
GSE25055,0,score,GSM615205,2,0,0.09766375509981857
GSE25055,0,score,GSM615206,2,0,0.061233870379864545
GSE25055,0,score,GSM615207,0,0,0.06494130209002326
GSE25055,0,score,GSM615208,3,0,0.078123882960058
GSE25055,0,score,GSM615209,1,1,0.46693315578405387
GSE25055,0,score,GSM615210,0,0,0.05186247759628642
GSE25055,0,score,GSM615211,3,1,0.46516031817012665
GSE25055,0,score,GSM615212,4,1,0.07014921252012314
GSE25055,0,score,GSM615213,2,1,0.2937287203570581
GSE25055,0,score,GSM615214,1,0,0.021319285439799086
GSE25055,0,score,GSM615215,1,1,0.173672575637337
GSE25055,0,score,GSM615216,1,0,0.18442217167845096
GSE25055,0,score,GSM615217,0,0,0.11523175546674728
GSE25055,0,score,GSM615218,1,0,0.17675032095511228
GSE25055,0,score,GSM615219,3,0,0.14509807994025078
GSE25055,0,score,GSM615220,1,0,0.013081942865432272
GSE25055,0,score,GSM615221,4,0,0.11288679664546669
GSE25055,0,score,GSM615222,0,0,0.05486535722348235
GSE25055,0,score,GSM615223,4,0,0.07261077576068478
GSE25055,0,score,GSM615224,0,0,0.030046508773728005
GSE25055,0,score,GSM615225,0,0,0.2026395643061781
GSE25055,0,score,GSM615226,0,0,0.046147889403610885
GSE25055,0,score,GSM615227,4,0,0.17522654200953336
GSE25055,0,score,GSM615228,2,0,0.12209293579423311
GSE25055,0,score,GSM615229,2,0,0.027098110655389914
GSE25055,0,score,GSM615230,0,0,0.05197140484483549
GSE25055,0,score,GSM615231,2,0,0.04507500358062478
GSE25055,0,score,GSM615232,3,0,0.04541756633191942
GSE25055,0,score,GSM615233,4,0,0.026030970704581886
GSE25055,0,score,GSM615234,4,0,0.06393163115495372
GSE25055,0,score,GSM615235,4,0,0.38475454450198004
GSE25055,0,score,GSM615236,1,0,0.12822337638328524
GSE25055,0,score,GSM615237,0,0,0.06593079905590206
GSE25055,0,score,GSM615238,4,0,0.02672617502810783
GSE25055,0,score,GSM615239,4,0,0.1474620664864164
GSE25055,0,score,GSM615240,4,1,0.04525164234923127
GSE25055,0,score,GSM615241,4,0,0.1152787123545697
GSE25055,0,score,GSM615242,2,1,0.3131060128238883
GSE25055,0,score,GSM615243,2,0,0.04721678612421231
GSE25055,0,score,GSM615244,3,0,0.07677831540863056
GSE25055,0,score,GSM615245,3,0,0.24643027050624527
GSE25055,0,score,GSM615246,3,0,0.1634983411890927
GSE25055,0,score,GSM615247,4,0,0.1270160064105831
GSE25055,0,score,GSM615248,3,0,0.4282839345430128
GSE25055,0,score,GSM615249,4,0,0.07935067455087015
GSE25055,0,score,GSM615250,1,0,0.43256319377707575
GSE25055,0,score,GSM615251,1,0,0.31180825396747075
GSE25055,0,score,GSM615252,1,0,0.031118605759800768
GSE25055,0,score,GSM615253,2,0,0.12043371118977163
GSE25055,0,score,GSM615254,1,0,0.05681542700628322
GSE25055,0,score,GSM615255,3,0,0.17235498348784678
GSE25055,0,score,GSM615256,3,1,0.2353080398347312
GSE25055,0,score,GSM615257,0,0,0.033198065299884366
GSE25055,0,score,GSM615258,1,0,0.1550326570008298
GSE25055,0,score,GSM615259,3,0,0.0600749274785332
GSE25055,0,score,GSM615260,2,0,0.4274766356276236
GSE25055,0,score,GSM615261,3,0,0.17282011730611802
GSE25055,0,score,GSM615262,3,0,0.048772863173274
GSE25055,0,score,GSM615263,3,1,0.3182235688457858
GSE25055,0,score,GSM615264,3,1,0.10606780604831278
GSE25055,0,score,GSM615265,4,0,0.08700353278768486
GSE25055,0,score,GSM615266,4,0,0.1957631500040146
GSE25055,0,score,GSM615267,2,0,0.09990144956504757
GSE25055,0,score,GSM615268,0,0,0.1222599297067213
GSE25055,0,score,GSM615269,0,0,0.09040252152362144
GSE25055,0,score,GSM615270,3,1,0.4117410527223054
GSE25055,0,score,GSM615271,2,0,0.32444604991773396
GSE25055,0,score,GSM615272,3,0,0.08010151889367496
GSE25055,0,score,GSM615273,2,0,0.18800672120647352
GSE25055,0,score,GSM615274,1,0,0.4291374801220831
GSE25055,0,score,GSM615275,4,0,0.4091898063037958
GSE25055,0,score,GSM615276,0,0,0.16680433798850458
GSE25055,0,score,GSM615277,2,0,0.11798191564679468
GSE25055,0,score,GSM615278,2,0,0.11789642426846803
GSE25055,0,score,GSM615279,4,0,0.08136933953987174
GSE25055,0,score,GSM615280,4,1,0.30986525157433853
GSE25055,0,score,GSM615281,3,0,0.12777838854459594
GSE25055,0,score,GSM615282,2,0,0.13536598864271446
GSE25055,0,score,GSM615283,4,0,0.16703911964577003
GSE25055,0,score,GSM615284,0,1,0.2923276870148759
GSE25055,0,score,GSM615285,3,0,0.0632449871880363
GSE25055,0,score,GSM615286,3,0,0.34786629594842033
GSE25055,0,score,GSM615287,2,0,0.17538432095631537
GSE25055,0,score,GSM615288,2,0,0.32790088434065834
GSE25055,0,score,GSM615289,1,0,0.36227794325400486
GSE25055,0,score,GSM615290,0,0,0.3906615969195844
GSE25055,0,score,GSM615291,2,1,0.2244634606526618
GSE25055,0,score,GSM615292,1,0,0.10036038312213143
GSE25055,0,score,GSM615293,2,1,0.5975945622199947
GSE25055,0,score,GSM615294,0,0,0.21912956163677927
GSE25055,0,score,GSM615295,3,0,0.09061442516776108
GSE25055,0,score,GSM615296,2,0,0.13278941916668022
GSE25055,0,score,GSM615297,3,0,0.4281205733256057
GSE25055,0,score,GSM615298,0,0,0.11480455879244761
GSE25055,0,score,GSM615299,1,0,0.03357096763355537
GSE25055,0,score,GSM615300,4,1,0.14039375857689998
GSE25055,0,score,GSM615301,1,0,0.23170109508106054
GSE25055,0,score,GSM615302,2,0,0.13270482984621904
GSE25055,0,score,GSM615303,2,0,0.24372448364828908
GSE25055,0,score,GSM615304,3,0,0.060181277545467614
GSE25055,0,score,GSM615305,2,0,0.0820918316538203
GSE25055,0,score,GSM615306,1,0,0.058518619720291425
GSE25055,0,score,GSM615307,0,1,0.5734614458690845
GSE25055,0,score,GSM615308,4,0,0.05817507559434405
GSE25055,0,score,GSM615309,2,0,0.0959382998923859
GSE25055,0,score,GSM615310,1,1,0.6449074666067927
GSE25055,0,score,GSM615311,0,0,0.05572501487161664
GSE25055,0,score,GSM615312,0,0,0.18648406800539077
GSE25055,0,score,GSM615313,3,0,0.048451605539201026
GSE25055,0,score,GSM615314,0,0,0.06770970146027237
GSE25055,0,score,GSM615315,4,0,0.4062689698234157
GSE25055,0,score,GSM615316,3,0,0.034166327758269145
GSE25055,0,score,GSM615317,2,0,0.30515213144955555
GSE25055,0,score,GSM615318,1,0,0.04590134297783035
GSE25055,0,score,GSM615319,2,0,0.1328473566453275
GSE25055,0,score,GSM615320,2,0,0.4601591898655522
GSE25055,0,score,GSM615321,1,0,0.2636845889420744
GSE25055,0,score,GSM615322,4,0,0.4064334795671639
GSE25055,0,score,GSM615323,1,0,0.0442180617577879
GSE25055,0,score,GSM615324,0,1,0.5371853125693431
GSE25055,0,score,GSM615325,0,1,0.39031995267224234
GSE25055,0,score,GSM615326,2,0,0.5357073595188397
GSE25055,0,score,GSM615327,1,0,0.28493917876471087
GSE25055,0,score,GSM615328,0,0,0.07477469605332407
GSE25055,0,score,GSM615329,0,0,0.06390961516214297
GSE25055,0,score,GSM615330,3,0,0.0647928185749704
GSE25055,0,score,GSM615331,4,1,0.07515297809095377
GSE25055,0,score,GSM615332,4,0,0.19595186383058533
GSE25055,0,score,GSM615333,2,0,0.17407070192400356
GSE25055,0,score,GSM615334,0,1,0.5304571813275345
GSE25055,0,score,GSM615335,3,0,0.24921332663539136
GSE25055,0,score,GSM615336,4,1,0.4358770612007133
GSE25055,0,score,GSM615337,4,0,0.08904597273758383
GSE25055,0,score,GSM615338,0,1,0.2195869009027367
GSE25055,0,score,GSM615339,1,0,0.030725601545585346
GSE25055,0,score,GSM615340,4,0,0.0695087912344119
GSE25055,0,score,GSM615341,1,0,0.04134967304368144
GSE25055,0,score,GSM615342,4,0,0.07954459718999414
GSE25055,0,score,GSM615343,1,0,0.1784232555110037
GSE25055,0,score,GSM615344,3,0,0.08337056589291857
GSE25055,0,score,GSM615345,4,0,0.03743225970675424
GSE25055,0,score,GSM615346,1,0,0.35182852879237897
GSE25055,0,score,GSM615347,1,0,0.32033130329774717
GSE25055,0,score,GSM615348,0,0,0.24932335541466646
GSE25055,0,score,GSM615349,2,0,0.07756104141128795
GSE25055,0,score,GSM615350,0,0,0.15095040784641547
GSE25055,0,score,GSM615351,0,0,0.12777914147582647
GSE25055,0,score,GSM615352,2,0,0.028012134620529996
GSE25055,0,score,GSM615353,0,1,0.1542663424154675
GSE25055,0,score,GSM615354,2,1,0.2433388113878753
GSE25055,0,score,GSM615355,1,0,0.17347665535901163
GSE25055,0,score,GSM615356,2,0,0.11098231622759161
GSE25055,0,score,GSM615357,2,1,0.4167056685655301
GSE25055,0,score,GSM615358,1,0,0.05535571234444195
GSE25055,0,score,GSM615359,1,1,0.5297589287060921
GSE25055,0,score,GSM615360,2,0,0.08544537522908346
GSE25055,0,score,GSM615361,0,0,0.17674571211491105
GSE25055,0,score,GSM615362,4,0,0.05216492228704567
GSE25055,0,score,GSM615363,3,0,0.11281076751447397
GSE25055,0,score,GSM615364,2,0,0.33529767793191595
GSE25055,0,score,GSM615365,2,0,0.09327937827619695
GSE25055,0,score,GSM615366,3,0,0.06633641354246865
GSE25055,0,score,GSM615367,4,0,0.10342990157052107
GSE25055,0,score,GSM615368,1,0,0.5413618420003213
GSE25055,0,score,GSM615369,0,0,0.12094105398440798
GSE25055,0,score,GSM615370,1,0,0.12905406911595887
GSE25055,0,score,GSM615371,0,1,0.23957944730954744
GSE25055,0,score,GSM615372,3,0,0.24822856660896464
GSE25055,0,score,GSM615373,0,0,0.16473806998753598
GSE25055,0,score,GSM615374,3,0,0.04208550745477997
GSE25055,0,score,GSM615375,3,1,0.7143587447131747
GSE25055,0,score,GSM615376,0,0,0.10705592184124968
GSE25055,0,score,GSM615377,4,0,0.021452810991455087
GSE25055,0,score,GSM615378,3,0,0.21104141752600536
GSE25055,0,score,GSM615379,4,1,0.12760559112070655
GSE25055,0,score,GSM615380,2,0,0.49252515392939084
GSE25055,0,score,GSM615381,1,0,0.01845697132867184
GSE25055,0,score,GSM615382,3,0,0.0830477711600479
GSE25055,0,score,GSM615383,1,1,0.03843852715216457
GSE25055,0,score,GSM615384,3,0,0.13411824456304416
GSE25055,0,score,GSM615385,0,0,0.053505477855235614
GSE25055,0,score,GSM615386,0,0,0.03799339439478176
GSE25055,0,score,GSM615387,1,0,0.10790003992701797
GSE25055,0,score,GSM615388,4,0,0.0633090997771639
GSE25055,0,score,GSM615389,0,0,0.09187172298832899
GSE25055,0,score,GSM615390,0,0,0.3243078140346117
GSE25055,0,score,GSM615391,0,0,0.07701149191270809
GSE25055,0,score,GSM615392,3,0,0.32573105350653125
GSE25055,0,score,GSM615393,2,1,0.1222250650878599
GSE25055,0,score,GSM615394,1,1,0.1344719897471214
GSE25055,0,score,GSM615395,2,0,0.040200473816494074
GSE25055,0,score,GSM615396,0,1,0.2658444904569565
GSE25055,0,score,GSM615397,4,1,0.29300979421220846
GSE25055,0,score,GSM615398,1,0,0.17477336525585055
GSE25055,0,score,GSM615399,3,0,0.09899337043075696
GSE25055,0,score,GSM615400,0,0,0.09477711382221443
GSE25055,0,score,GSM615401,4,0,0.18271814039325143
GSE25055,0,score,GSM615402,2,0,0.09916419729847857
GSE25055,0,score,GSM615403,0,0,0.29408170828291663
GSE25055,0,score,GSM615404,2,0,0.10931066853550565
GSE25055,0,score,GSM615405,0,0,0.4290586873705742
GSE25055,0,combined,GSM615096,3,0,0.0556405490713974
GSE25055,0,combined,GSM615097,0,0,0.05357053336076393
GSE25055,0,combined,GSM615098,1,0,0.4598689805548025
GSE25055,0,combined,GSM615099,3,1,0.517030289311159
GSE25055,0,combined,GSM615100,4,0,0.16337812759209172
GSE25055,0,combined,GSM615101,4,0,0.39219230685655565
GSE25055,0,combined,GSM615102,0,0,0.4137548061771332
GSE25055,0,combined,GSM615104,3,0,0.2993192698345719
GSE25055,0,combined,GSM615106,1,0,0.19376616824498996
GSE25055,0,combined,GSM615107,2,0,0.39344865012742175
GSE25055,0,combined,GSM615108,3,0,0.09310121514897195
GSE25055,0,combined,GSM615109,4,0,0.4258474650013776
GSE25055,0,combined,GSM615111,3,0,0.24861410614669058
GSE25055,0,combined,GSM615112,4,0,0.3311193528378024
GSE25055,0,combined,GSM615113,4,0,0.4139967603084686
GSE25055,0,combined,GSM615114,0,0,0.05287532571580116
GSE25055,0,combined,GSM615115,0,0,0.2975920159741075
GSE25055,0,combined,GSM615116,1,0,0.2037093046919332
GSE25055,0,combined,GSM615117,3,0,0.18526587633204777
GSE25055,0,combined,GSM615120,2,0,0.036127661594864746
GSE25055,0,combined,GSM615121,4,0,0.05411964734165379
GSE25055,0,combined,GSM615122,1,1,0.030872896814032526
GSE25055,0,combined,GSM615123,1,1,0.16703142395217288
GSE25055,0,combined,GSM615124,2,0,0.06638464154994755
GSE25055,0,combined,GSM615125,1,0,0.027214633842032057
GSE25055,0,combined,GSM615126,3,0,0.08740421226152911
GSE25055,0,combined,GSM615127,2,0,0.06468948840141557
GSE25055,0,combined,GSM615128,0,0,0.05407053234513059
GSE25055,0,combined,GSM615129,0,0,0.05829988017188689
GSE25055,0,combined,GSM615130,1,0,0.034776398840321694
GSE25055,0,combined,GSM615131,1,0,0.036478958557698775
GSE25055,0,combined,GSM615132,4,0,0.04976626117266018
GSE25055,0,combined,GSM615133,0,0,0.04852899102547981
GSE25055,0,combined,GSM615134,2,0,0.04376696138987477
GSE25055,0,combined,GSM615135,4,0,0.19618469680786865
GSE25055,0,combined,GSM615136,1,0,0.387077060441443
GSE25055,0,combined,GSM615137,3,1,0.09602489871036068
GSE25055,0,combined,GSM615138,4,0,0.07665965294893831
GSE25055,0,combined,GSM615139,4,1,0.5731284152456496
GSE25055,0,combined,GSM615140,3,1,0.3556575667948013
GSE25055,0,combined,GSM615142,0,0,0.06437336175789139
GSE25055,0,combined,GSM615143,3,1,0.36372398048444465
GSE25055,0,combined,GSM615144,4,0,0.042072430032410804
GSE25055,0,combined,GSM615145,0,0,0.5346979466422599
GSE25055,0,combined,GSM615146,2,1,0.34034876423936655
GSE25055,0,combined,GSM615147,4,0,0.044247838175875055
GSE25055,0,combined,GSM615148,2,0,0.35455462269064164
GSE25055,0,combined,GSM615149,3,0,0.29106121416991243
GSE25055,0,combined,GSM615150,1,0,0.024832035244075363
GSE25055,0,combined,GSM615151,2,0,0.3587487336513471
GSE25055,0,combined,GSM615153,3,0,0.06967532104566322
GSE25055,0,combined,GSM615154,2,1,0.26042971157194095
GSE25055,0,combined,GSM615155,2,0,0.2247838372259972
GSE25055,0,combined,GSM615156,4,0,0.2739069747605159
GSE25055,0,combined,GSM615157,0,0,0.04883869649586061
GSE25055,0,combined,GSM615158,3,0,0.0489417019402612
GSE25055,0,combined,GSM615159,4,0,0.13750305720582207
GSE25055,0,combined,GSM615160,4,0,0.3476278823156549
GSE25055,0,combined,GSM615162,3,0,0.043443419429322144
GSE25055,0,combined,GSM615164,4,1,0.5863422884756255
GSE25055,0,combined,GSM615165,3,0,0.06089941976843577
GSE25055,0,combined,GSM615166,4,0,0.1269902317916007
GSE25055,0,combined,GSM615167,2,1,0.15951723915539373
GSE25055,0,combined,GSM615168,4,0,0.03559036092957793
GSE25055,0,combined,GSM615169,4,0,0.3424776890886452
GSE25055,0,combined,GSM615170,2,0,0.04816908796668564
GSE25055,0,combined,GSM615171,1,1,0.27148912560944904
GSE25055,0,combined,GSM615172,1,0,0.02572786885768476
GSE25055,0,combined,GSM615173,2,0,0.04861469537783465
GSE25055,0,combined,GSM615174,4,0,0.10657749822183192
GSE25055,0,combined,GSM615175,0,1,0.41817327534208865
GSE25055,0,combined,GSM615176,2,0,0.05134559857293836
GSE25055,0,combined,GSM615177,1,0,0.04894473746370676
GSE25055,0,combined,GSM615178,4,0,0.33231525356293345
GSE25055,0,combined,GSM615179,3,0,0.06393872678003105
GSE25055,0,combined,GSM615180,0,0,0.0936438061002668
GSE25055,0,combined,GSM615181,1,1,0.3701700369655278
GSE25055,0,combined,GSM615182,1,0,0.31131749837084655
GSE25055,0,combined,GSM615183,1,0,0.031610242998497316
GSE25055,0,combined,GSM615184,1,0,0.5784070365041786
GSE25055,0,combined,GSM615185,1,0,0.21557688448838355
GSE25055,0,combined,GSM615186,1,1,0.028385585343381165
GSE25055,0,combined,GSM615187,2,0,0.0821900134898856
GSE25055,0,combined,GSM615188,3,0,0.25436488412054825
GSE25055,0,combined,GSM615189,1,0,0.25906213986485804
GSE25055,0,combined,GSM615190,1,0,0.4424836793562672
GSE25055,0,combined,GSM615191,0,1,0.5855134687368494
GSE25055,0,combined,GSM615192,2,0,0.05227306048659785
GSE25055,0,combined,GSM615193,4,1,0.359284741802123
GSE25055,0,combined,GSM615194,0,1,0.4020712208975603
GSE25055,0,combined,GSM615195,3,0,0.5778315221253157
GSE25055,0,combined,GSM615196,4,0,0.11372951812741965
GSE25055,0,combined,GSM615197,3,0,0.37419931128416417
GSE25055,0,combined,GSM615198,1,0,0.023176210286457496
GSE25055,0,combined,GSM615199,0,0,0.10078690622380258
GSE25055,0,combined,GSM615200,0,0,0.15553328872206343
GSE25055,0,combined,GSM615201,2,1,0.19005167156154373
GSE25055,0,combined,GSM615202,3,1,0.5284458061049397
GSE25055,0,combined,GSM615203,3,0,0.02075897245408033
GSE25055,0,combined,GSM615204,3,0,0.043594949600819916
GSE25055,0,combined,GSM615205,2,0,0.04690996870190776
GSE25055,0,combined,GSM615206,2,0,0.04664552748070769
GSE25055,0,combined,GSM615207,0,0,0.05330741099255358
GSE25055,0,combined,GSM615208,3,0,0.037218922252048564
GSE25055,0,combined,GSM615209,1,1,0.4928553556330299
GSE25055,0,combined,GSM615210,0,0,0.02278877108013437
GSE25055,0,combined,GSM615211,3,1,0.5568256081079194
GSE25055,0,combined,GSM615212,4,1,0.13757618847322337
GSE25055,0,combined,GSM615213,2,1,0.3473414648921499
GSE25055,0,combined,GSM615214,1,0,0.013240793390513705
GSE25055,0,combined,GSM615215,1,1,0.315245590225509
GSE25055,0,combined,GSM615216,1,0,0.058510601028721944
GSE25055,0,combined,GSM615217,0,0,0.06550811106140988
GSE25055,0,combined,GSM615218,1,0,0.26954543166592015
GSE25055,0,combined,GSM615219,3,0,0.08994593349900386
GSE25055,0,combined,GSM615220,1,0,0.01475774723309954
GSE25055,0,combined,GSM615221,4,0,0.08750821645083755
GSE25055,0,combined,GSM615222,0,0,0.04182940016349648
GSE25055,0,combined,GSM615223,4,0,0.11439573855779127
GSE25055,0,combined,GSM615224,0,0,0.0252401783755901
GSE25055,0,combined,GSM615225,0,0,0.24958550930982631
GSE25055,0,combined,GSM615226,0,0,0.030039533640341468
GSE25055,0,combined,GSM615227,4,0,0.0896368044826723
GSE25055,0,combined,GSM615228,2,0,0.08939575909576938
GSE25055,0,combined,GSM615229,2,0,0.0638252181668003
GSE25055,0,combined,GSM615230,0,0,0.04852810602654692
GSE25055,0,combined,GSM615231,2,0,0.03515047329241359
GSE25055,0,combined,GSM615232,3,0,0.03140471865641295
GSE25055,0,combined,GSM615233,4,0,0.011339946952510654
GSE25055,0,combined,GSM615234,4,0,0.046691230667559605
GSE25055,0,combined,GSM615235,4,0,0.13282868872821615
GSE25055,0,combined,GSM615236,1,0,0.03455610087642654
GSE25055,0,combined,GSM615237,0,0,0.050653565518577706
GSE25055,0,combined,GSM615238,4,0,0.02412127686734417
GSE25055,0,combined,GSM615239,4,0,0.08960870281300232
GSE25055,0,combined,GSM615240,4,1,0.09992709117167382
GSE25055,0,combined,GSM615241,4,0,0.047758781457650355
GSE25055,0,combined,GSM615242,2,1,0.3951750976011699
GSE25055,0,combined,GSM615243,2,0,0.038531961086216066
GSE25055,0,combined,GSM615244,3,0,0.17358475834737266
GSE25055,0,combined,GSM615245,3,0,0.13551509200216233
GSE25055,0,combined,GSM615246,3,0,0.11561123614545152
GSE25055,0,combined,GSM615247,4,0,0.09167958626668224
GSE25055,0,combined,GSM615248,3,0,0.19733398792295453
GSE25055,0,combined,GSM615249,4,0,0.03162699583741127
GSE25055,0,combined,GSM615250,1,0,0.43490395131058546
GSE25055,0,combined,GSM615251,1,0,0.43863775390262505
GSE25055,0,combined,GSM615252,1,0,0.017229846016434423
GSE25055,0,combined,GSM615253,2,0,0.0899271154117549
GSE25055,0,combined,GSM615254,1,0,0.028963275398803456
GSE25055,0,combined,GSM615255,3,0,0.3161695897814367
GSE25055,0,combined,GSM615256,3,1,0.10652080091419265
GSE25055,0,combined,GSM615257,0,0,0.023334912948929334
GSE25055,0,combined,GSM615258,1,0,0.05400219942300782
GSE25055,0,combined,GSM615259,3,0,0.03459404510377567
GSE25055,0,combined,GSM615260,2,0,0.22281233709716358
GSE25055,0,combined,GSM615261,3,0,0.07657554975009237
GSE25055,0,combined,GSM615262,3,0,0.04063698283064461
GSE25055,0,combined,GSM615263,3,1,0.3577486686268467
GSE25055,0,combined,GSM615264,3,1,0.2255094155352637
GSE25055,0,combined,GSM615265,4,0,0.11371027008788759
GSE25055,0,combined,GSM615266,4,0,0.08126191587294267
GSE25055,0,combined,GSM615267,2,0,0.07583263010369229
GSE25055,0,combined,GSM615268,0,0,0.09600529842160618
GSE25055,0,combined,GSM615269,0,0,0.07011218671918254
GSE25055,0,combined,GSM615270,3,1,0.5097735758180992
GSE25055,0,combined,GSM615271,2,0,0.20205605867546841
GSE25055,0,combined,GSM615272,3,0,0.041420694118945146
GSE25055,0,combined,GSM615273,2,0,0.11618037414586191
GSE25055,0,combined,GSM615274,1,0,0.10456511495083046
GSE25055,0,combined,GSM615275,4,0,0.39492669234039757
GSE25055,0,combined,GSM615276,0,0,0.25110931629469313
GSE25055,0,combined,GSM615277,2,0,0.07564133896616364
GSE25055,0,combined,GSM615278,2,0,0.07965222037620441
GSE25055,0,combined,GSM615279,4,0,0.049879816659564126
GSE25055,0,combined,GSM615280,4,1,0.19135587148776462
GSE25055,0,combined,GSM615281,3,0,0.07555464932350005
GSE25055,0,combined,GSM615282,2,0,0.07130001506741976
GSE25055,0,combined,GSM615283,4,0,0.07610889131587925
GSE25055,0,combined,GSM615284,0,1,0.3665616587720372
GSE25055,0,combined,GSM615285,3,0,0.04687221772941862
GSE25055,0,combined,GSM615286,3,0,0.12592229552643946
GSE25055,0,combined,GSM615287,2,0,0.24838901047503423
GSE25055,0,combined,GSM615288,2,0,0.4451033149729506
GSE25055,0,combined,GSM615289,1,0,0.12921101920054992
GSE25055,0,combined,GSM615290,0,0,0.13513978934329615
GSE25055,0,combined,GSM615291,2,1,0.2626417655922194
GSE25055,0,combined,GSM615292,1,0,0.0452767938660366
GSE25055,0,combined,GSM615293,2,1,0.6892770509189409
GSE25055,0,combined,GSM615294,0,0,0.12200054777597936
GSE25055,0,combined,GSM615295,3,0,0.1864786729342221
GSE25055,0,combined,GSM615296,2,0,0.08947364089596084
GSE25055,0,combined,GSM615297,3,0,0.44310075511992963
GSE25055,0,combined,GSM615298,0,0,0.08314257761256012
GSE25055,0,combined,GSM615299,1,0,0.02079266987729497
GSE25055,0,combined,GSM615300,4,1,0.18644812222698381
GSE25055,0,combined,GSM615301,1,0,0.29299916178961943
GSE25055,0,combined,GSM615302,2,0,0.07651487469079671
GSE25055,0,combined,GSM615303,2,0,0.24659729370122396
GSE25055,0,combined,GSM615304,3,0,0.0373381459798168
GSE25055,0,combined,GSM615305,2,0,0.06815548352582829
GSE25055,0,combined,GSM615306,1,0,0.024900151886376887
GSE25055,0,combined,GSM615307,0,1,0.6596859606426235
GSE25055,0,combined,GSM615308,4,0,0.037156777255017814
GSE25055,0,combined,GSM615309,2,0,0.0696091741669701
GSE25055,0,combined,GSM615310,1,1,0.1882578002498018
GSE25055,0,combined,GSM615311,0,0,0.05645082278843538
GSE25055,0,combined,GSM615312,0,0,0.2734690127614738
GSE25055,0,combined,GSM615313,3,0,0.03588607282381511
GSE25055,0,combined,GSM615314,0,0,0.03003028100489146
GSE25055,0,combined,GSM615315,4,0,0.5770276441779819
GSE25055,0,combined,GSM615316,3,0,0.021994553647598575
GSE25055,0,combined,GSM615317,2,0,0.3836438773934965
GSE25055,0,combined,GSM615318,1,0,0.025885331936215932
GSE25055,0,combined,GSM615319,2,0,0.16608664648010915
GSE25055,0,combined,GSM615320,2,0,0.5462098703236641
GSE25055,0,combined,GSM615321,1,0,0.37130168540993735
GSE25055,0,combined,GSM615322,4,0,0.4446732509554082
GSE25055,0,combined,GSM615323,1,0,0.17048209324747704
GSE25055,0,combined,GSM615324,0,1,0.5476429238435319
GSE25055,0,combined,GSM615325,0,1,0.477194053846701
GSE25055,0,combined,GSM615326,2,0,0.2845055022786112
GSE25055,0,combined,GSM615327,1,0,0.32127102435499877
GSE25055,0,combined,GSM615328,0,0,0.05536371387616965
GSE25055,0,combined,GSM615329,0,0,0.053805429462946426
GSE25055,0,combined,GSM615330,3,0,0.13028525410681774
GSE25055,0,combined,GSM615331,4,1,0.035313490668642485
GSE25055,0,combined,GSM615332,4,0,0.07014990964320512
GSE25055,0,combined,GSM615333,2,0,0.25413363427247526
GSE25055,0,combined,GSM615334,0,1,0.4780285999261474
GSE25055,0,combined,GSM615335,3,0,0.34236342830632555
GSE25055,0,combined,GSM615336,4,1,0.48800180747539007
GSE25055,0,combined,GSM615337,4,0,0.059331086052914164
GSE25055,0,combined,GSM615338,0,1,0.2758503254870564
GSE25055,0,combined,GSM615339,1,0,0.015806606447857374
GSE25055,0,combined,GSM615340,4,0,0.04394685928832807
GSE25055,0,combined,GSM615341,1,0,0.02405529512321629
GSE25055,0,combined,GSM615342,4,0,0.1684995508190589
GSE25055,0,combined,GSM615343,1,0,0.09486170651609363
GSE25055,0,combined,GSM615344,3,0,0.16647193990319914
GSE25055,0,combined,GSM615345,4,0,0.05846973462022831
GSE25055,0,combined,GSM615346,1,0,0.47927381382101447
GSE25055,0,combined,GSM615347,1,0,0.3164906311044066
GSE25055,0,combined,GSM615348,0,0,0.41837783814046003
GSE25055,0,combined,GSM615349,2,0,0.05354446795900567
GSE25055,0,combined,GSM615350,0,0,0.20967228217039294
GSE25055,0,combined,GSM615351,0,0,0.06927096444944307
GSE25055,0,combined,GSM615352,2,0,0.015398675649336271
GSE25055,0,combined,GSM615353,0,1,0.09161671471868853
GSE25055,0,combined,GSM615354,2,1,0.33116159875541457
GSE25055,0,combined,GSM615355,1,0,0.06828468596725538
GSE25055,0,combined,GSM615356,2,0,0.19803893506292533
GSE25055,0,combined,GSM615357,2,1,0.45001562158263275
GSE25055,0,combined,GSM615358,1,0,0.019369891561193852
GSE25055,0,combined,GSM615359,1,1,0.5604549435158653
GSE25055,0,combined,GSM615360,2,0,0.05493583712556035
GSE25055,0,combined,GSM615361,0,0,0.07099188546840499
GSE25055,0,combined,GSM615362,4,0,0.033201085127195176
GSE25055,0,combined,GSM615363,3,0,0.2595788169065802
GSE25055,0,combined,GSM615364,2,0,0.47043859871347826
GSE25055,0,combined,GSM615365,2,0,0.04938784619567282
GSE25055,0,combined,GSM615366,3,0,0.04697434926746577
GSE25055,0,combined,GSM615367,4,0,0.062136235550853756
GSE25055,0,combined,GSM615368,1,0,0.6742032567817008
GSE25055,0,combined,GSM615369,0,0,0.21258050315406574
GSE25055,0,combined,GSM615370,1,0,0.06680173599977246
GSE25055,0,combined,GSM615371,0,1,0.24905320341905868
GSE25055,0,combined,GSM615372,3,0,0.3848140728639962
GSE25055,0,combined,GSM615373,0,0,0.100067347310095
GSE25055,0,combined,GSM615374,3,0,0.02985366855417494
GSE25055,0,combined,GSM615375,3,1,0.5737938665981157
GSE25055,0,combined,GSM615376,0,0,0.19363281417844708
GSE25055,0,combined,GSM615377,4,0,0.017824695476469875
GSE25055,0,combined,GSM615378,3,0,0.3456016389492002
GSE25055,0,combined,GSM615379,4,1,0.15543642447635678
GSE25055,0,combined,GSM615380,2,0,0.5716445520077422
GSE25055,0,combined,GSM615381,1,0,0.010254979461926795
GSE25055,0,combined,GSM615382,3,0,0.16393934704056615
GSE25055,0,combined,GSM615383,1,1,0.021164327857350885
GSE25055,0,combined,GSM615384,3,0,0.22336901073847154
GSE25055,0,combined,GSM615385,0,0,0.16189349804322412
GSE25055,0,combined,GSM615386,0,0,0.031669294286992236
GSE25055,0,combined,GSM615387,1,0,0.26147710197772056
GSE25055,0,combined,GSM615388,4,0,0.05259036940934808
GSE25055,0,combined,GSM615389,0,0,0.05443854966119071
GSE25055,0,combined,GSM615390,0,0,0.4118919579226556
GSE25055,0,combined,GSM615391,0,0,0.04323959797746891
GSE25055,0,combined,GSM615392,3,0,0.34865550695343184
GSE25055,0,combined,GSM615393,2,1,0.21219204059408334
GSE25055,0,combined,GSM615394,1,1,0.20789802754633385
GSE25055,0,combined,GSM615395,2,0,0.024346549032529603
GSE25055,0,combined,GSM615396,0,1,0.4383617564479503
GSE25055,0,combined,GSM615397,4,1,0.32145753066658744
GSE25055,0,combined,GSM615398,1,0,0.0662083566782131
GSE25055,0,combined,GSM615399,3,0,0.05720907971184821
GSE25055,0,combined,GSM615400,0,0,0.036798692861066795
GSE25055,0,combined,GSM615401,4,0,0.05814122259855252
GSE25055,0,combined,GSM615402,2,0,0.06905142667835093
GSE25055,0,combined,GSM615403,0,0,0.36792560486139425
GSE25055,0,combined,GSM615404,2,0,0.05442805381418663
GSE25055,0,combined,GSM615405,0,0,0.42419645182774884
GSE25055,1,intercept,GSM615096,0,0,0.18333333333333332
GSE25055,1,intercept,GSM615097,3,0,0.18672199170124482
GSE25055,1,intercept,GSM615098,4,0,0.18672199170124482
GSE25055,1,intercept,GSM615099,0,1,0.18333333333333332
GSE25055,1,intercept,GSM615100,4,0,0.18672199170124482
GSE25055,1,intercept,GSM615101,3,0,0.18672199170124482
GSE25055,1,intercept,GSM615102,4,0,0.18672199170124482
GSE25055,1,intercept,GSM615104,2,0,0.18672199170124482
GSE25055,1,intercept,GSM615106,4,0,0.18672199170124482
GSE25055,1,intercept,GSM615107,2,0,0.18672199170124482
GSE25055,1,intercept,GSM615108,2,0,0.18672199170124482
GSE25055,1,intercept,GSM615109,1,0,0.18672199170124482
GSE25055,1,intercept,GSM615111,0,0,0.18333333333333332
GSE25055,1,intercept,GSM615112,3,0,0.18672199170124482
GSE25055,1,intercept,GSM615113,4,0,0.18672199170124482
GSE25055,1,intercept,GSM615114,0,0,0.18333333333333332
GSE25055,1,intercept,GSM615115,0,0,0.18333333333333332
GSE25055,1,intercept,GSM615116,4,0,0.18672199170124482
GSE25055,1,intercept,GSM615117,4,0,0.18672199170124482
GSE25055,1,intercept,GSM615120,2,0,0.18672199170124482
GSE25055,1,intercept,GSM615121,2,0,0.18672199170124482
GSE25055,1,intercept,GSM615122,2,1,0.18672199170124482
GSE25055,1,intercept,GSM615123,3,1,0.18672199170124482
GSE25055,1,intercept,GSM615124,0,0,0.18333333333333332
GSE25055,1,intercept,GSM615125,0,0,0.18333333333333332
GSE25055,1,intercept,GSM615126,2,0,0.18672199170124482
GSE25055,1,intercept,GSM615127,2,0,0.18672199170124482
GSE25055,1,intercept,GSM615128,3,0,0.18672199170124482
GSE25055,1,intercept,GSM615129,4,0,0.18672199170124482
GSE25055,1,intercept,GSM615130,0,0,0.18333333333333332
GSE25055,1,intercept,GSM615131,0,0,0.18333333333333332
GSE25055,1,intercept,GSM615132,0,0,0.18333333333333332
GSE25055,1,intercept,GSM615133,3,0,0.18672199170124482
GSE25055,1,intercept,GSM615134,1,0,0.18672199170124482
GSE25055,1,intercept,GSM615135,4,0,0.18672199170124482
GSE25055,1,intercept,GSM615136,2,0,0.18672199170124482
GSE25055,1,intercept,GSM615137,1,1,0.18672199170124482
GSE25055,1,intercept,GSM615138,1,0,0.18672199170124482
GSE25055,1,intercept,GSM615139,3,1,0.18672199170124482
GSE25055,1,intercept,GSM615140,1,1,0.18672199170124482
GSE25055,1,intercept,GSM615142,3,0,0.18672199170124482
GSE25055,1,intercept,GSM615143,4,1,0.18672199170124482
GSE25055,1,intercept,GSM615144,2,0,0.18672199170124482
GSE25055,1,intercept,GSM615145,3,0,0.18672199170124482
GSE25055,1,intercept,GSM615146,1,1,0.18672199170124482
GSE25055,1,intercept,GSM615147,1,0,0.18672199170124482
GSE25055,1,intercept,GSM615148,2,0,0.18672199170124482
GSE25055,1,intercept,GSM615149,4,0,0.18672199170124482
GSE25055,1,intercept,GSM615150,1,0,0.18672199170124482
GSE25055,1,intercept,GSM615151,1,0,0.18672199170124482
GSE25055,1,intercept,GSM615153,0,0,0.18333333333333332
GSE25055,1,intercept,GSM615154,4,1,0.18672199170124482
GSE25055,1,intercept,GSM615155,1,0,0.18672199170124482
GSE25055,1,intercept,GSM615156,4,0,0.18672199170124482
GSE25055,1,intercept,GSM615157,1,0,0.18672199170124482
GSE25055,1,intercept,GSM615158,2,0,0.18672199170124482
GSE25055,1,intercept,GSM615159,2,0,0.18672199170124482
GSE25055,1,intercept,GSM615160,3,0,0.18672199170124482
GSE25055,1,intercept,GSM615162,3,0,0.18672199170124482
GSE25055,1,intercept,GSM615164,2,1,0.18672199170124482
GSE25055,1,intercept,GSM615165,1,0,0.18672199170124482
GSE25055,1,intercept,GSM615166,1,0,0.18672199170124482
GSE25055,1,intercept,GSM615167,0,1,0.18333333333333332
GSE25055,1,intercept,GSM615168,0,0,0.18333333333333332
GSE25055,1,intercept,GSM615169,4,0,0.18672199170124482
GSE25055,1,intercept,GSM615170,1,0,0.18672199170124482
GSE25055,1,intercept,GSM615171,4,1,0.18672199170124482
GSE25055,1,intercept,GSM615172,4,0,0.18672199170124482
GSE25055,1,intercept,GSM615173,2,0,0.18672199170124482
GSE25055,1,intercept,GSM615174,2,0,0.18672199170124482
GSE25055,1,intercept,GSM615175,2,1,0.18672199170124482
GSE25055,1,intercept,GSM615176,3,0,0.18672199170124482
GSE25055,1,intercept,GSM615177,3,0,0.18672199170124482
GSE25055,1,intercept,GSM615178,1,0,0.18672199170124482
GSE25055,1,intercept,GSM615179,2,0,0.18672199170124482
GSE25055,1,intercept,GSM615180,3,0,0.18672199170124482
GSE25055,1,intercept,GSM615181,4,1,0.18672199170124482
GSE25055,1,intercept,GSM615182,3,0,0.18672199170124482
GSE25055,1,intercept,GSM615183,4,0,0.18672199170124482
GSE25055,1,intercept,GSM615184,3,0,0.18672199170124482
GSE25055,1,intercept,GSM615185,0,0,0.18333333333333332
GSE25055,1,intercept,GSM615186,0,1,0.18333333333333332
GSE25055,1,intercept,GSM615187,4,0,0.18672199170124482
GSE25055,1,intercept,GSM615188,1,0,0.18672199170124482
GSE25055,1,intercept,GSM615189,4,0,0.18672199170124482
GSE25055,1,intercept,GSM615190,3,0,0.18672199170124482
GSE25055,1,intercept,GSM615191,1,1,0.18672199170124482
GSE25055,1,intercept,GSM615192,1,0,0.18672199170124482
GSE25055,1,intercept,GSM615193,0,1,0.18333333333333332
GSE25055,1,intercept,GSM615194,0,1,0.18333333333333332
GSE25055,1,intercept,GSM615195,3,0,0.18672199170124482
GSE25055,1,intercept,GSM615196,3,0,0.18672199170124482
GSE25055,1,intercept,GSM615197,1,0,0.18672199170124482
GSE25055,1,intercept,GSM615198,1,0,0.18672199170124482
GSE25055,1,intercept,GSM615199,2,0,0.18672199170124482
GSE25055,1,intercept,GSM615200,2,0,0.18672199170124482
GSE25055,1,intercept,GSM615201,0,1,0.18333333333333332
GSE25055,1,intercept,GSM615202,4,1,0.18672199170124482
GSE25055,1,intercept,GSM615203,3,0,0.18672199170124482
GSE25055,1,intercept,GSM615204,2,0,0.18672199170124482
GSE25055,1,intercept,GSM615205,4,0,0.18672199170124482
GSE25055,1,intercept,GSM615206,2,0,0.18672199170124482
GSE25055,1,intercept,GSM615207,3,0,0.18672199170124482
GSE25055,1,intercept,GSM615208,1,0,0.18672199170124482
GSE25055,1,intercept,GSM615209,3,1,0.18672199170124482
GSE25055,1,intercept,GSM615210,4,0,0.18672199170124482
GSE25055,1,intercept,GSM615211,4,1,0.18672199170124482
GSE25055,1,intercept,GSM615212,1,1,0.18672199170124482
GSE25055,1,intercept,GSM615213,2,1,0.18672199170124482
GSE25055,1,intercept,GSM615214,3,0,0.18672199170124482
GSE25055,1,intercept,GSM615215,3,1,0.18672199170124482
GSE25055,1,intercept,GSM615216,3,0,0.18672199170124482
GSE25055,1,intercept,GSM615217,0,0,0.18333333333333332
GSE25055,1,intercept,GSM615218,4,0,0.18672199170124482
GSE25055,1,intercept,GSM615219,3,0,0.18672199170124482
GSE25055,1,intercept,GSM615220,3,0,0.18672199170124482
GSE25055,1,intercept,GSM615221,4,0,0.18672199170124482
GSE25055,1,intercept,GSM615222,3,0,0.18672199170124482
GSE25055,1,intercept,GSM615223,0,0,0.18333333333333332
GSE25055,1,intercept,GSM615224,2,0,0.18672199170124482
GSE25055,1,intercept,GSM615225,4,0,0.18672199170124482
GSE25055,1,intercept,GSM615226,4,0,0.18672199170124482
GSE25055,1,intercept,GSM615227,4,0,0.18672199170124482
GSE25055,1,intercept,GSM615228,2,0,0.18672199170124482
GSE25055,1,intercept,GSM615229,3,0,0.18672199170124482
GSE25055,1,intercept,GSM615230,0,0,0.18333333333333332
GSE25055,1,intercept,GSM615231,0,0,0.18333333333333332
GSE25055,1,intercept,GSM615232,2,0,0.18672199170124482
GSE25055,1,intercept,GSM615233,0,0,0.18333333333333332
GSE25055,1,intercept,GSM615234,4,0,0.18672199170124482
GSE25055,1,intercept,GSM615235,2,0,0.18672199170124482
GSE25055,1,intercept,GSM615236,4,0,0.18672199170124482
GSE25055,1,intercept,GSM615237,2,0,0.18672199170124482
GSE25055,1,intercept,GSM615238,1,0,0.18672199170124482
GSE25055,1,intercept,GSM615239,4,0,0.18672199170124482
GSE25055,1,intercept,GSM615240,1,1,0.18672199170124482
GSE25055,1,intercept,GSM615241,0,0,0.18333333333333332
GSE25055,1,intercept,GSM615242,1,1,0.18672199170124482
GSE25055,1,intercept,GSM615243,2,0,0.18672199170124482
GSE25055,1,intercept,GSM615244,0,0,0.18333333333333332
GSE25055,1,intercept,GSM615245,2,0,0.18672199170124482
GSE25055,1,intercept,GSM615246,2,0,0.18672199170124482
GSE25055,1,intercept,GSM615247,2,0,0.18672199170124482
GSE25055,1,intercept,GSM615248,4,0,0.18672199170124482
GSE25055,1,intercept,GSM615249,2,0,0.18672199170124482
GSE25055,1,intercept,GSM615250,2,0,0.18672199170124482
GSE25055,1,intercept,GSM615251,1,0,0.18672199170124482
GSE25055,1,intercept,GSM615252,1,0,0.18672199170124482
GSE25055,1,intercept,GSM615253,4,0,0.18672199170124482
GSE25055,1,intercept,GSM615254,2,0,0.18672199170124482
GSE25055,1,intercept,GSM615255,3,0,0.18672199170124482
GSE25055,1,intercept,GSM615256,2,1,0.18672199170124482
GSE25055,1,intercept,GSM615257,0,0,0.18333333333333332
GSE25055,1,intercept,GSM615258,3,0,0.18672199170124482
GSE25055,1,intercept,GSM615259,0,0,0.18333333333333332
GSE25055,1,intercept,GSM615260,3,0,0.18672199170124482
GSE25055,1,intercept,GSM615261,0,0,0.18333333333333332
GSE25055,1,intercept,GSM615262,0,0,0.18333333333333332
GSE25055,1,intercept,GSM615263,2,1,0.18672199170124482
GSE25055,1,intercept,GSM615264,2,1,0.18672199170124482
GSE25055,1,intercept,GSM615265,4,0,0.18672199170124482
GSE25055,1,intercept,GSM615266,4,0,0.18672199170124482
GSE25055,1,intercept,GSM615267,4,0,0.18672199170124482
GSE25055,1,intercept,GSM615268,0,0,0.18333333333333332
GSE25055,1,intercept,GSM615269,0,0,0.18333333333333332
GSE25055,1,intercept,GSM615270,4,1,0.18672199170124482
GSE25055,1,intercept,GSM615271,1,0,0.18672199170124482
GSE25055,1,intercept,GSM615272,3,0,0.18672199170124482
GSE25055,1,intercept,GSM615273,4,0,0.18672199170124482
GSE25055,1,intercept,GSM615274,4,0,0.18672199170124482
GSE25055,1,intercept,GSM615275,0,0,0.18333333333333332
GSE25055,1,intercept,GSM615276,4,0,0.18672199170124482
GSE25055,1,intercept,GSM615277,3,0,0.18672199170124482
GSE25055,1,intercept,GSM615278,3,0,0.18672199170124482
GSE25055,1,intercept,GSM615279,3,0,0.18672199170124482
GSE25055,1,intercept,GSM615280,1,1,0.18672199170124482
GSE25055,1,intercept,GSM615281,2,0,0.18672199170124482
GSE25055,1,intercept,GSM615282,1,0,0.18672199170124482
GSE25055,1,intercept,GSM615283,1,0,0.18672199170124482
GSE25055,1,intercept,GSM615284,0,1,0.18333333333333332
GSE25055,1,intercept,GSM615285,3,0,0.18672199170124482
GSE25055,1,intercept,GSM615286,2,0,0.18672199170124482
GSE25055,1,intercept,GSM615287,3,0,0.18672199170124482
GSE25055,1,intercept,GSM615288,2,0,0.18672199170124482
GSE25055,1,intercept,GSM615289,3,0,0.18672199170124482
GSE25055,1,intercept,GSM615290,0,0,0.18333333333333332
GSE25055,1,intercept,GSM615291,3,1,0.18672199170124482
GSE25055,1,intercept,GSM615292,0,0,0.18333333333333332
GSE25055,1,intercept,GSM615293,0,1,0.18333333333333332
GSE25055,1,intercept,GSM615294,0,0,0.18333333333333332
GSE25055,1,intercept,GSM615295,0,0,0.18333333333333332
GSE25055,1,intercept,GSM615296,1,0,0.18672199170124482
GSE25055,1,intercept,GSM615297,3,0,0.18672199170124482
GSE25055,1,intercept,GSM615298,0,0,0.18333333333333332
GSE25055,1,intercept,GSM615299,0,0,0.18333333333333332
GSE25055,1,intercept,GSM615300,3,1,0.18672199170124482
GSE25055,1,intercept,GSM615301,2,0,0.18672199170124482
GSE25055,1,intercept,GSM615302,1,0,0.18672199170124482
GSE25055,1,intercept,GSM615303,1,0,0.18672199170124482
GSE25055,1,intercept,GSM615304,4,0,0.18672199170124482
GSE25055,1,intercept,GSM615305,1,0,0.18672199170124482
GSE25055,1,intercept,GSM615306,3,0,0.18672199170124482
GSE25055,1,intercept,GSM615307,3,1,0.18672199170124482
GSE25055,1,intercept,GSM615308,0,0,0.18333333333333332
GSE25055,1,intercept,GSM615309,0,0,0.18333333333333332
GSE25055,1,intercept,GSM615310,1,1,0.18672199170124482
GSE25055,1,intercept,GSM615311,0,0,0.18333333333333332
GSE25055,1,intercept,GSM615312,0,0,0.18333333333333332
GSE25055,1,intercept,GSM615313,2,0,0.18672199170124482
GSE25055,1,intercept,GSM615314,2,0,0.18672199170124482
GSE25055,1,intercept,GSM615315,1,0,0.18672199170124482
GSE25055,1,intercept,GSM615316,3,0,0.18672199170124482
GSE25055,1,intercept,GSM615317,2,0,0.18672199170124482
GSE25055,1,intercept,GSM615318,4,0,0.18672199170124482
GSE25055,1,intercept,GSM615319,3,0,0.18672199170124482
GSE25055,1,intercept,GSM615320,1,0,0.18672199170124482
GSE25055,1,intercept,GSM615321,0,0,0.18333333333333332
GSE25055,1,intercept,GSM615322,1,0,0.18672199170124482
GSE25055,1,intercept,GSM615323,3,0,0.18672199170124482
GSE25055,1,intercept,GSM615324,1,1,0.18672199170124482
GSE25055,1,intercept,GSM615325,0,1,0.18333333333333332
GSE25055,1,intercept,GSM615326,3,0,0.18672199170124482
GSE25055,1,intercept,GSM615327,0,0,0.18333333333333332
GSE25055,1,intercept,GSM615328,1,0,0.18672199170124482
GSE25055,1,intercept,GSM615329,2,0,0.18672199170124482
GSE25055,1,intercept,GSM615330,3,0,0.18672199170124482
GSE25055,1,intercept,GSM615331,4,1,0.18672199170124482
GSE25055,1,intercept,GSM615332,1,0,0.18672199170124482
GSE25055,1,intercept,GSM615333,1,0,0.18672199170124482
GSE25055,1,intercept,GSM615334,4,1,0.18672199170124482
GSE25055,1,intercept,GSM615335,2,0,0.18672199170124482
GSE25055,1,intercept,GSM615336,2,1,0.18672199170124482
GSE25055,1,intercept,GSM615337,0,0,0.18333333333333332
GSE25055,1,intercept,GSM615338,4,1,0.18672199170124482
GSE25055,1,intercept,GSM615339,0,0,0.18333333333333332
GSE25055,1,intercept,GSM615340,1,0,0.18672199170124482
GSE25055,1,intercept,GSM615341,4,0,0.18672199170124482
GSE25055,1,intercept,GSM615342,3,0,0.18672199170124482
GSE25055,1,intercept,GSM615343,4,0,0.18672199170124482
GSE25055,1,intercept,GSM615344,0,0,0.18333333333333332
GSE25055,1,intercept,GSM615345,2,0,0.18672199170124482
GSE25055,1,intercept,GSM615346,3,0,0.18672199170124482
GSE25055,1,intercept,GSM615347,4,0,0.18672199170124482
GSE25055,1,intercept,GSM615348,3,0,0.18672199170124482
GSE25055,1,intercept,GSM615349,2,0,0.18672199170124482
GSE25055,1,intercept,GSM615350,0,0,0.18333333333333332
GSE25055,1,intercept,GSM615351,0,0,0.18333333333333332
GSE25055,1,intercept,GSM615352,1,0,0.18672199170124482
GSE25055,1,intercept,GSM615353,0,1,0.18333333333333332
GSE25055,1,intercept,GSM615354,3,1,0.18672199170124482
GSE25055,1,intercept,GSM615355,2,0,0.18672199170124482
GSE25055,1,intercept,GSM615356,1,0,0.18672199170124482
GSE25055,1,intercept,GSM615357,3,1,0.18672199170124482
GSE25055,1,intercept,GSM615358,1,0,0.18672199170124482
GSE25055,1,intercept,GSM615359,2,1,0.18672199170124482
GSE25055,1,intercept,GSM615360,2,0,0.18672199170124482
GSE25055,1,intercept,GSM615361,2,0,0.18672199170124482
GSE25055,1,intercept,GSM615362,4,0,0.18672199170124482
GSE25055,1,intercept,GSM615363,1,0,0.18672199170124482
GSE25055,1,intercept,GSM615364,4,0,0.18672199170124482
GSE25055,1,intercept,GSM615365,4,0,0.18672199170124482
GSE25055,1,intercept,GSM615366,1,0,0.18672199170124482
GSE25055,1,intercept,GSM615367,4,0,0.18672199170124482
GSE25055,1,intercept,GSM615368,0,0,0.18333333333333332
GSE25055,1,intercept,GSM615369,3,0,0.18672199170124482
GSE25055,1,intercept,GSM615370,3,0,0.18672199170124482
GSE25055,1,intercept,GSM615371,2,1,0.18672199170124482
GSE25055,1,intercept,GSM615372,2,0,0.18672199170124482
GSE25055,1,intercept,GSM615373,3,0,0.18672199170124482
GSE25055,1,intercept,GSM615374,1,0,0.18672199170124482
GSE25055,1,intercept,GSM615375,3,1,0.18672199170124482
GSE25055,1,intercept,GSM615376,1,0,0.18672199170124482
GSE25055,1,intercept,GSM615377,1,0,0.18672199170124482
GSE25055,1,intercept,GSM615378,0,0,0.18333333333333332
GSE25055,1,intercept,GSM615379,2,1,0.18672199170124482
GSE25055,1,intercept,GSM615380,0,0,0.18333333333333332
GSE25055,1,intercept,GSM615381,4,0,0.18672199170124482
GSE25055,1,intercept,GSM615382,2,0,0.18672199170124482
GSE25055,1,intercept,GSM615383,1,1,0.18672199170124482
GSE25055,1,intercept,GSM615384,3,0,0.18672199170124482
GSE25055,1,intercept,GSM615385,4,0,0.18672199170124482
GSE25055,1,intercept,GSM615386,2,0,0.18672199170124482
GSE25055,1,intercept,GSM615387,0,0,0.18333333333333332
GSE25055,1,intercept,GSM615388,1,0,0.18672199170124482
GSE25055,1,intercept,GSM615389,4,0,0.18672199170124482
GSE25055,1,intercept,GSM615390,4,0,0.18672199170124482
GSE25055,1,intercept,GSM615391,1,0,0.18672199170124482
GSE25055,1,intercept,GSM615392,0,0,0.18333333333333332
GSE25055,1,intercept,GSM615393,0,1,0.18333333333333332
GSE25055,1,intercept,GSM615394,0,1,0.18333333333333332
GSE25055,1,intercept,GSM615395,1,0,0.18672199170124482
GSE25055,1,intercept,GSM615396,4,1,0.18672199170124482
GSE25055,1,intercept,GSM615397,3,1,0.18672199170124482
GSE25055,1,intercept,GSM615398,1,0,0.18672199170124482
GSE25055,1,intercept,GSM615399,2,0,0.18672199170124482
GSE25055,1,intercept,GSM615400,1,0,0.18672199170124482
GSE25055,1,intercept,GSM615401,0,0,0.18333333333333332
GSE25055,1,intercept,GSM615402,4,0,0.18672199170124482
GSE25055,1,intercept,GSM615403,4,0,0.18672199170124482
GSE25055,1,intercept,GSM615404,1,0,0.18672199170124482
GSE25055,1,intercept,GSM615405,1,0,0.18672199170124482
GSE25055,1,clinical,GSM615096,0,0,0.0709944804588879
GSE25055,1,clinical,GSM615097,3,0,0.08257937539119048
GSE25055,1,clinical,GSM615098,4,0,0.3799631804708779
GSE25055,1,clinical,GSM615099,0,1,0.36660993402551867
GSE25055,1,clinical,GSM615100,4,0,0.09298637599041117
GSE25055,1,clinical,GSM615101,3,0,0.31704302859371936
GSE25055,1,clinical,GSM615102,4,0,0.3901376126775237
GSE25055,1,clinical,GSM615104,2,0,0.34258395167912803
GSE25055,1,clinical,GSM615106,4,0,0.33884117053644536
GSE25055,1,clinical,GSM615107,2,0,0.39384835595101597
GSE25055,1,clinical,GSM615108,2,0,0.07641665292109621
GSE25055,1,clinical,GSM615109,1,0,0.31910471543386576
GSE25055,1,clinical,GSM615111,0,0,0.3413030395465079
GSE25055,1,clinical,GSM615112,3,0,0.23535193131229035
GSE25055,1,clinical,GSM615113,4,0,0.3714970270272194
GSE25055,1,clinical,GSM615114,0,0,0.060398657755609514
GSE25055,1,clinical,GSM615115,0,0,0.3575540915647102
GSE25055,1,clinical,GSM615116,4,0,0.3270085533813714
GSE25055,1,clinical,GSM615117,4,0,0.09429930860908176
GSE25055,1,clinical,GSM615120,2,0,0.0655259584774685
GSE25055,1,clinical,GSM615121,2,0,0.09631730062796182
GSE25055,1,clinical,GSM615122,2,1,0.10827780263212808
GSE25055,1,clinical,GSM615123,3,1,0.06413263468122773
GSE25055,1,clinical,GSM615124,0,0,0.05525014881330566
GSE25055,1,clinical,GSM615125,0,0,0.06634970899770129
GSE25055,1,clinical,GSM615126,2,0,0.08189727588803863
GSE25055,1,clinical,GSM615127,2,0,0.05162384517968721
GSE25055,1,clinical,GSM615128,3,0,0.0704594231979015
GSE25055,1,clinical,GSM615129,4,0,0.06997369212160555
GSE25055,1,clinical,GSM615130,0,0,0.06585140247441183
GSE25055,1,clinical,GSM615131,0,0,0.05471090632355734
GSE25055,1,clinical,GSM615132,0,0,0.06389277743355387
GSE25055,1,clinical,GSM615133,3,0,0.06805157527115352
GSE25055,1,clinical,GSM615134,1,0,0.061879305902812085
GSE25055,1,clinical,GSM615135,4,0,0.3094843290166872
GSE25055,1,clinical,GSM615136,2,0,0.2713529824315084
GSE25055,1,clinical,GSM615137,1,1,0.06912344540080301
GSE25055,1,clinical,GSM615138,1,0,0.06912344540080301
GSE25055,1,clinical,GSM615139,3,1,0.28484326186605674
GSE25055,1,clinical,GSM615140,1,1,0.38446868595766664
GSE25055,1,clinical,GSM615142,3,0,0.06781502995024984
GSE25055,1,clinical,GSM615143,4,1,0.3718984395669714
GSE25055,1,clinical,GSM615144,2,0,0.05349646617633463
GSE25055,1,clinical,GSM615145,3,0,0.2894312761326995
GSE25055,1,clinical,GSM615146,1,1,0.3862222954577188
GSE25055,1,clinical,GSM615147,1,0,0.04878020710222562
GSE25055,1,clinical,GSM615148,2,0,0.38253515497921897
GSE25055,1,clinical,GSM615149,4,0,0.36589608110847066
GSE25055,1,clinical,GSM615150,1,0,0.060771231429177286
GSE25055,1,clinical,GSM615151,1,0,0.36641617355734146
GSE25055,1,clinical,GSM615153,0,0,0.05329707321683401
GSE25055,1,clinical,GSM615154,4,1,0.37955832340822515
GSE25055,1,clinical,GSM615155,1,0,0.07263329398711472
GSE25055,1,clinical,GSM615156,4,0,0.3897287287959266
GSE25055,1,clinical,GSM615157,1,0,0.059515754494793134
GSE25055,1,clinical,GSM615158,2,0,0.056359200533696974
GSE25055,1,clinical,GSM615159,2,0,0.35339184511353305
GSE25055,1,clinical,GSM615160,3,0,0.44381292534257366
GSE25055,1,clinical,GSM615162,3,0,0.09304136401472424
GSE25055,1,clinical,GSM615164,2,1,0.3684260422394521
GSE25055,1,clinical,GSM615165,1,0,0.061621933263280776
GSE25055,1,clinical,GSM615166,1,0,0.06406342989335241
GSE25055,1,clinical,GSM615167,0,1,0.38391002137413127
GSE25055,1,clinical,GSM615168,0,0,0.06219000472860532
GSE25055,1,clinical,GSM615169,4,0,0.3516620866063081
GSE25055,1,clinical,GSM615170,1,0,0.05943292551349113
GSE25055,1,clinical,GSM615171,4,1,0.3702938550129357
GSE25055,1,clinical,GSM615172,4,0,0.06324654079620028
GSE25055,1,clinical,GSM615173,2,0,0.07432009385448146
GSE25055,1,clinical,GSM615174,2,0,0.0847698884520135
GSE25055,1,clinical,GSM615175,2,1,0.3660955262948774
GSE25055,1,clinical,GSM615176,3,0,0.08343243292389636
GSE25055,1,clinical,GSM615177,3,0,0.07144443390208707
GSE25055,1,clinical,GSM615178,1,0,0.3872758830714575
GSE25055,1,clinical,GSM615179,2,0,0.06135619872547678
GSE25055,1,clinical,GSM615180,3,0,0.07924600777623192
GSE25055,1,clinical,GSM615181,4,1,0.34697396843772843
GSE25055,1,clinical,GSM615182,3,0,0.1653208086175755
GSE25055,1,clinical,GSM615183,4,0,0.09518380061412562
GSE25055,1,clinical,GSM615184,3,0,0.326828488817167
GSE25055,1,clinical,GSM615185,0,0,0.30452193060769456
GSE25055,1,clinical,GSM615186,0,1,0.06158744457995462
GSE25055,1,clinical,GSM615187,4,0,0.057219052527092466
GSE25055,1,clinical,GSM615188,1,0,0.3120686738848558
GSE25055,1,clinical,GSM615189,4,0,0.287536326677823
GSE25055,1,clinical,GSM615190,3,0,0.45027716926648853
GSE25055,1,clinical,GSM615191,1,1,0.39291263021289535
GSE25055,1,clinical,GSM615192,1,0,0.05542668492751309
GSE25055,1,clinical,GSM615193,0,1,0.3687547615169569
GSE25055,1,clinical,GSM615194,0,1,0.314378215597121
GSE25055,1,clinical,GSM615195,3,0,0.5248081386024861
GSE25055,1,clinical,GSM615196,3,0,0.04853814646779814
GSE25055,1,clinical,GSM615197,1,0,0.2933206145609117
GSE25055,1,clinical,GSM615198,1,0,0.05095481135380803
GSE25055,1,clinical,GSM615199,2,0,0.09309318107147393
GSE25055,1,clinical,GSM615200,2,0,0.07227655435750756
GSE25055,1,clinical,GSM615201,0,1,0.06859885943611403
GSE25055,1,clinical,GSM615202,4,1,0.3747132512203341
GSE25055,1,clinical,GSM615203,3,0,0.031555384328149985
GSE25055,1,clinical,GSM615204,2,0,0.07748515956042751
GSE25055,1,clinical,GSM615205,4,0,0.05539258883429588
GSE25055,1,clinical,GSM615206,2,0,0.07571184083624509
GSE25055,1,clinical,GSM615207,3,0,0.09399142311154193
GSE25055,1,clinical,GSM615208,1,0,0.04301629462804166
GSE25055,1,clinical,GSM615209,3,1,0.28713179622782803
GSE25055,1,clinical,GSM615210,4,0,0.04942355011656286
GSE25055,1,clinical,GSM615211,4,1,0.40330059258590784
GSE25055,1,clinical,GSM615212,1,1,0.3548087019677202
GSE25055,1,clinical,GSM615213,2,1,0.30740848630633955
GSE25055,1,clinical,GSM615214,3,0,0.062143966691022685
GSE25055,1,clinical,GSM615215,3,1,0.38673492725792735
GSE25055,1,clinical,GSM615216,3,0,0.053983824558343926
GSE25055,1,clinical,GSM615217,0,0,0.06092433345123346
GSE25055,1,clinical,GSM615218,4,0,0.3202364915311584
GSE25055,1,clinical,GSM615219,3,0,0.10751179408992864
GSE25055,1,clinical,GSM615220,3,0,0.13529791858840673
GSE25055,1,clinical,GSM615221,4,0,0.08942506504980852
GSE25055,1,clinical,GSM615222,3,0,0.07656262310764932
GSE25055,1,clinical,GSM615223,0,0,0.32440471027082846
GSE25055,1,clinical,GSM615224,2,0,0.06739249738227057
GSE25055,1,clinical,GSM615225,4,0,0.3054584301299012
GSE25055,1,clinical,GSM615226,4,0,0.06510451803981836
GSE25055,1,clinical,GSM615227,4,0,0.07167026043206472
GSE25055,1,clinical,GSM615228,2,0,0.08496461175784877
GSE25055,1,clinical,GSM615229,3,0,0.3519473759567191
GSE25055,1,clinical,GSM615230,0,0,0.07008719940164773
GSE25055,1,clinical,GSM615231,0,0,0.06293394165650736
GSE25055,1,clinical,GSM615232,2,0,0.06135619872547678
GSE25055,1,clinical,GSM615233,0,0,0.04899046492327779
GSE25055,1,clinical,GSM615234,4,0,0.08009970290692178
GSE25055,1,clinical,GSM615235,2,0,0.04726642998919492
GSE25055,1,clinical,GSM615236,4,0,0.05275553879255886
GSE25055,1,clinical,GSM615237,2,0,0.07929644953096
GSE25055,1,clinical,GSM615238,1,0,0.0611101860513289
GSE25055,1,clinical,GSM615239,4,0,0.07884231212288524
GSE25055,1,clinical,GSM615240,1,1,0.3548087019677202
GSE25055,1,clinical,GSM615241,0,0,0.05405856560930409
GSE25055,1,clinical,GSM615242,1,1,0.3616169350187646
GSE25055,1,clinical,GSM615243,2,0,0.07748515956042751
GSE25055,1,clinical,GSM615244,0,0,0.33974924370917015
GSE25055,1,clinical,GSM615245,2,0,0.09741398541661539
GSE25055,1,clinical,GSM615246,2,0,0.12179172411650728
GSE25055,1,clinical,GSM615247,2,0,0.08894514024801464
GSE25055,1,clinical,GSM615248,4,0,0.08398240153619294
GSE25055,1,clinical,GSM615249,2,0,0.04726642998919492
GSE25055,1,clinical,GSM615250,2,0,0.25673928351754854
GSE25055,1,clinical,GSM615251,1,0,0.36848119683824176
GSE25055,1,clinical,GSM615252,1,0,0.0531463712610802
GSE25055,1,clinical,GSM615253,4,0,0.0853141751317577
GSE25055,1,clinical,GSM615254,2,0,0.07227655435750756
GSE25055,1,clinical,GSM615255,3,0,0.43185982253855626
GSE25055,1,clinical,GSM615256,2,1,0.06898550416944951
GSE25055,1,clinical,GSM615257,0,0,0.05646642955901435
GSE25055,1,clinical,GSM615258,3,0,0.06000194423813339
GSE25055,1,clinical,GSM615259,0,0,0.054651297468077016
GSE25055,1,clinical,GSM615260,3,0,0.05792919406085756
GSE25055,1,clinical,GSM615261,0,0,0.057083969521710215
GSE25055,1,clinical,GSM615262,0,0,0.06786571604927963
GSE25055,1,clinical,GSM615263,2,1,0.2664241905619715
GSE25055,1,clinical,GSM615264,2,1,0.3516749959517109
GSE25055,1,clinical,GSM615265,4,0,0.2946297914587515
GSE25055,1,clinical,GSM615266,4,0,0.0630431775268246
GSE25055,1,clinical,GSM615267,4,0,0.08398240153619294
GSE25055,1,clinical,GSM615268,0,0,0.07315379460867544
GSE25055,1,clinical,GSM615269,0,0,0.06933933370986342
GSE25055,1,clinical,GSM615270,4,1,0.3909558432794904
GSE25055,1,clinical,GSM615271,1,0,0.0611101860513289
GSE25055,1,clinical,GSM615272,3,0,0.04520168228126711
GSE25055,1,clinical,GSM615273,4,0,0.0763815423246202
GSE25055,1,clinical,GSM615274,4,0,0.05539258883429588
GSE25055,1,clinical,GSM615275,0,0,0.3168691258410441
GSE25055,1,clinical,GSM615276,4,0,0.33538426980585107
GSE25055,1,clinical,GSM615277,3,0,0.07144443390208707
GSE25055,1,clinical,GSM615278,3,0,0.07924600777623192
GSE25055,1,clinical,GSM615279,3,0,0.07144443390208707
GSE25055,1,clinical,GSM615280,1,1,0.06370920628086527
GSE25055,1,clinical,GSM615281,2,0,0.0811463557705876
GSE25055,1,clinical,GSM615282,1,0,0.04884896091914054
GSE25055,1,clinical,GSM615283,1,0,0.05095481135380803
GSE25055,1,clinical,GSM615284,0,1,0.34234080280747026
GSE25055,1,clinical,GSM615285,3,0,0.08781892569073665
GSE25055,1,clinical,GSM615286,2,0,0.053243128947203
GSE25055,1,clinical,GSM615287,3,0,0.33510026142819443
GSE25055,1,clinical,GSM615288,2,0,0.3926518849400465
GSE25055,1,clinical,GSM615289,3,0,0.08201508747325474
GSE25055,1,clinical,GSM615290,0,0,0.05231654338143493
GSE25055,1,clinical,GSM615291,3,1,0.2647490262813033
GSE25055,1,clinical,GSM615292,0,0,0.06430786004874336
GSE25055,1,clinical,GSM615293,0,1,0.39322481250377245
GSE25055,1,clinical,GSM615294,0,0,0.06570966934260704
GSE25055,1,clinical,GSM615295,0,0,0.33459492487476805
GSE25055,1,clinical,GSM615296,1,0,0.05943292551349113
GSE25055,1,clinical,GSM615297,3,0,0.27208466207928284
GSE25055,1,clinical,GSM615298,0,0,0.06933933370986342
GSE25055,1,clinical,GSM615299,0,0,0.06430786004874336
GSE25055,1,clinical,GSM615300,3,1,0.27954627423561546
GSE25055,1,clinical,GSM615301,2,0,0.26155278835479
GSE25055,1,clinical,GSM615302,1,0,0.05240614154154825
GSE25055,1,clinical,GSM615303,1,0,0.2902606801643901
GSE25055,1,clinical,GSM615304,4,0,0.06615855159346302
GSE25055,1,clinical,GSM615305,1,0,0.06549874408434621
GSE25055,1,clinical,GSM615306,3,0,0.053983824558343926
GSE25055,1,clinical,GSM615307,3,1,0.49680997687344813
GSE25055,1,clinical,GSM615308,0,0,0.06158744457995462
GSE25055,1,clinical,GSM615309,0,0,0.06570966934260704
GSE25055,1,clinical,GSM615310,1,1,0.046169357414217384
GSE25055,1,clinical,GSM615311,0,0,0.07393953291037465
GSE25055,1,clinical,GSM615312,0,0,0.33974924370917015
GSE25055,1,clinical,GSM615313,2,0,0.07061331495457711
GSE25055,1,clinical,GSM615314,2,0,0.04294978953148451
GSE25055,1,clinical,GSM615315,1,0,0.410705926610833
GSE25055,1,clinical,GSM615316,3,0,0.03917331303785482
GSE25055,1,clinical,GSM615317,2,0,0.3403288170784665
GSE25055,1,clinical,GSM615318,4,0,0.07760299450708447
GSE25055,1,clinical,GSM615319,3,0,0.2366991930868896
GSE25055,1,clinical,GSM615320,1,0,0.38236831463658627
GSE25055,1,clinical,GSM615321,0,0,0.34234080280747026
GSE25055,1,clinical,GSM615322,1,0,0.341369292868532
GSE25055,1,clinical,GSM615323,3,0,0.49680997687344813
GSE25055,1,clinical,GSM615324,1,1,0.3514263075037881
GSE25055,1,clinical,GSM615325,0,1,0.36073905730981776
GSE25055,1,clinical,GSM615326,3,0,0.05592378656334827
GSE25055,1,clinical,GSM615327,0,0,0.30452193060769456
GSE25055,1,clinical,GSM615328,1,0,0.06026609525418173
GSE25055,1,clinical,GSM615329,2,0,0.08693426490900438
GSE25055,1,clinical,GSM615330,3,0,0.22346648858457085
GSE25055,1,clinical,GSM615331,4,1,0.06203548069860945
GSE25055,1,clinical,GSM615332,1,0,0.0448825671885217
GSE25055,1,clinical,GSM615333,1,0,0.3548087019677202
GSE25055,1,clinical,GSM615334,4,1,0.3018241169842089
GSE25055,1,clinical,GSM615335,2,0,0.31818652071292464
GSE25055,1,clinical,GSM615336,2,1,0.32916284716538585
GSE25055,1,clinical,GSM615337,0,0,0.06500524882113438
GSE25055,1,clinical,GSM615338,4,1,0.31650647626294315
GSE25055,1,clinical,GSM615339,0,0,0.057083969521710215
GSE25055,1,clinical,GSM615340,1,0,0.056207048732987104
GSE25055,1,clinical,GSM615341,4,0,0.07760299450708447
GSE25055,1,clinical,GSM615342,3,0,0.3956318028663591
GSE25055,1,clinical,GSM615343,4,0,0.10127213857285375
GSE25055,1,clinical,GSM615344,0,0,0.3218824745918706
GSE25055,1,clinical,GSM615345,2,0,0.25198413580657364
GSE25055,1,clinical,GSM615346,3,0,0.4045983197424474
GSE25055,1,clinical,GSM615347,4,0,0.26353069985126276
GSE25055,1,clinical,GSM615348,3,0,0.4874730248102651
GSE25055,1,clinical,GSM615349,2,0,0.07061331495457711
GSE25055,1,clinical,GSM615350,0,0,0.31937057893836485
GSE25055,1,clinical,GSM615351,0,0,0.06026790349523912
GSE25055,1,clinical,GSM615352,1,0,0.0406429697200617
GSE25055,1,clinical,GSM615353,0,1,0.06500524882113438
GSE25055,1,clinical,GSM615354,3,1,0.3691712058694225
GSE25055,1,clinical,GSM615355,2,0,0.07571184083624509
GSE25055,1,clinical,GSM615356,1,0,0.37193360687925897
GSE25055,1,clinical,GSM615357,3,1,0.31060747055349586
GSE25055,1,clinical,GSM615358,1,0,0.04301629462804166
GSE25055,1,clinical,GSM615359,2,1,0.31818652071292464
GSE25055,1,clinical,GSM615360,2,0,0.06583367498632643
GSE25055,1,clinical,GSM615361,2,0,0.05077131918134301
GSE25055,1,clinical,GSM615362,4,0,0.07167026043206472
GSE25055,1,clinical,GSM615363,1,0,0.3964502450898669
GSE25055,1,clinical,GSM615364,4,0,0.4074437232003905
GSE25055,1,clinical,GSM615365,4,0,0.060065069013906305
GSE25055,1,clinical,GSM615366,1,0,0.05943292551349113
GSE25055,1,clinical,GSM615367,4,0,0.0751777485845893
GSE25055,1,clinical,GSM615368,0,0,0.4015089815542059
GSE25055,1,clinical,GSM615369,3,0,0.33510026142819443
GSE25055,1,clinical,GSM615370,3,0,0.11489409655006758
GSE25055,1,clinical,GSM615371,2,1,0.23807272757837966
GSE25055,1,clinical,GSM615372,2,0,0.3866890985781987
GSE25055,1,clinical,GSM615373,3,0,0.08781892569073665
GSE25055,1,clinical,GSM615374,1,0,0.05167565915844432
GSE25055,1,clinical,GSM615375,3,1,0.1653208086175755
GSE25055,1,clinical,GSM615376,1,0,0.34470633665432215
GSE25055,1,clinical,GSM615377,1,0,0.05699773646732954
GSE25055,1,clinical,GSM615378,0,0,0.36607454813908497
GSE25055,1,clinical,GSM615379,2,1,0.26155278835479
GSE25055,1,clinical,GSM615380,0,0,0.3687547615169569
GSE25055,1,clinical,GSM615381,4,0,0.061042841741285735
GSE25055,1,clinical,GSM615382,2,0,0.2763386077301516
GSE25055,1,clinical,GSM615383,1,1,0.05542668492751309
GSE25055,1,clinical,GSM615384,3,0,0.27954627423561546
GSE25055,1,clinical,GSM615385,4,0,0.3950561180347799
GSE25055,1,clinical,GSM615386,2,0,0.07227655435750756
GSE25055,1,clinical,GSM615387,0,0,0.3741394211572983
GSE25055,1,clinical,GSM615388,1,0,0.06459820651831283
GSE25055,1,clinical,GSM615389,4,0,0.07053504734890674
GSE25055,1,clinical,GSM615390,4,0,0.3587479837602048
GSE25055,1,clinical,GSM615391,1,0,0.0502434862398058
GSE25055,1,clinical,GSM615392,0,0,0.30452193060769456
GSE25055,1,clinical,GSM615393,0,1,0.36073905730981776
GSE25055,1,clinical,GSM615394,0,1,0.31189794626414197
GSE25055,1,clinical,GSM615395,1,0,0.046169357414217384
GSE25055,1,clinical,GSM615396,4,1,0.4157690402700178
GSE25055,1,clinical,GSM615397,3,1,0.27954627423561546
GSE25055,1,clinical,GSM615398,1,0,0.05699773646732954
GSE25055,1,clinical,GSM615399,2,0,0.06898550416944951
GSE25055,1,clinical,GSM615400,1,0,0.0406429697200617
GSE25055,1,clinical,GSM615401,0,0,0.04953053665946226
GSE25055,1,clinical,GSM615402,4,0,0.07760299450708447
GSE25055,1,clinical,GSM615403,4,0,0.343089707958966
GSE25055,1,clinical,GSM615404,1,0,0.04552163252820109
GSE25055,1,clinical,GSM615405,1,0,0.3216840768238681
GSE25055,1,score,GSM615096,0,0,0.059191802911544286
GSE25055,1,score,GSM615097,3,0,0.06452435607825614
GSE25055,1,score,GSM615098,4,0,0.30346484603136564
GSE25055,1,score,GSM615099,0,1,0.44697649972094206
GSE25055,1,score,GSM615100,4,0,0.2297121265773077
GSE25055,1,score,GSM615101,3,0,0.3507431952163529
GSE25055,1,score,GSM615102,4,0,0.2900883107302286
GSE25055,1,score,GSM615104,2,0,0.17495405168415656
GSE25055,1,score,GSM615106,4,0,0.10819175596177961
GSE25055,1,score,GSM615107,2,0,0.2651288669600688
GSE25055,1,score,GSM615108,2,0,0.1746091041398928
GSE25055,1,score,GSM615109,1,0,0.4432988765944193
GSE25055,1,score,GSM615111,0,0,0.12661460607879885
GSE25055,1,score,GSM615112,3,0,0.3583800924549006
GSE25055,1,score,GSM615113,4,0,0.29516542795991274
GSE25055,1,score,GSM615114,0,0,0.06888714121109207
GSE25055,1,score,GSM615115,0,0,0.16670106027534687
GSE25055,1,score,GSM615116,4,0,0.12340421247723005
GSE25055,1,score,GSM615117,4,0,0.36571298290680365
GSE25055,1,score,GSM615120,2,0,0.053847641927963596
GSE25055,1,score,GSM615121,2,0,0.06643901368270912
GSE25055,1,score,GSM615122,2,1,0.050282354229188746
GSE25055,1,score,GSM615123,3,1,0.48814368719832896
GSE25055,1,score,GSM615124,0,0,0.12099310618191161
GSE25055,1,score,GSM615125,0,0,0.05269829023524433
GSE25055,1,score,GSM615126,2,0,0.14921870158563796
GSE25055,1,score,GSM615127,2,0,0.1302908517526379
GSE25055,1,score,GSM615128,3,0,0.07664908040362457
GSE25055,1,score,GSM615129,4,0,0.09434299208873151
GSE25055,1,score,GSM615130,0,0,0.072550372960056
GSE25055,1,score,GSM615131,0,0,0.11352143800718467
GSE25055,1,score,GSM615132,0,0,0.07685635900047638
GSE25055,1,score,GSM615133,3,0,0.06631618653204059
GSE25055,1,score,GSM615134,1,0,0.04548768003306529
GSE25055,1,score,GSM615135,4,0,0.1688250984011828
GSE25055,1,score,GSM615136,2,0,0.318952919913503
GSE25055,1,score,GSM615137,1,1,0.13634085433129933
GSE25055,1,score,GSM615138,1,0,0.08566454042359037
GSE25055,1,score,GSM615139,3,1,0.5930974850237121
GSE25055,1,score,GSM615140,1,1,0.21080085902109647
GSE25055,1,score,GSM615142,3,0,0.10572212642714024
GSE25055,1,score,GSM615143,4,1,0.24122466747862745
GSE25055,1,score,GSM615144,2,0,0.10293388083915113
GSE25055,1,score,GSM615145,3,0,0.6537731668492207
GSE25055,1,score,GSM615146,1,1,0.21995840715620896
GSE25055,1,score,GSM615147,1,0,0.09449989857225713
GSE25055,1,score,GSM615148,2,0,0.23568037165832398
GSE25055,1,score,GSM615149,4,0,0.1634541401138519
GSE25055,1,score,GSM615150,1,0,0.043492681133342065
GSE25055,1,score,GSM615151,1,0,0.2667691853217122
GSE25055,1,score,GSM615153,0,0,0.1583325661051962
GSE25055,1,score,GSM615154,4,1,0.16187362639897068
GSE25055,1,score,GSM615155,1,0,0.3003704484596356
GSE25055,1,score,GSM615156,4,0,0.15134707088628158
GSE25055,1,score,GSM615157,1,0,0.04316991325149845
GSE25055,1,score,GSM615158,2,0,0.0878196875445153
GSE25055,1,score,GSM615159,2,0,0.07091829738650308
GSE25055,1,score,GSM615160,3,0,0.21464957119004296
GSE25055,1,score,GSM615162,3,0,0.051711319563138416
GSE25055,1,score,GSM615164,2,1,0.4727930189733824
GSE25055,1,score,GSM615165,1,0,0.07551733734962718
GSE25055,1,score,GSM615166,1,0,0.19095405307297156
GSE25055,1,score,GSM615167,0,1,0.06481620897391265
GSE25055,1,score,GSM615168,0,0,0.05578103067315456
GSE25055,1,score,GSM615169,4,0,0.25611323994234686
GSE25055,1,score,GSM615170,1,0,0.055512932281191134
GSE25055,1,score,GSM615171,4,1,0.14553027478274688
GSE25055,1,score,GSM615172,4,0,0.08148054718143675
GSE25055,1,score,GSM615173,2,0,0.06812932515454387
GSE25055,1,score,GSM615174,2,0,0.16613968719918001
GSE25055,1,score,GSM615175,2,1,0.3236674583766252
GSE25055,1,score,GSM615176,3,0,0.07406003154835697
GSE25055,1,score,GSM615177,3,0,0.13996596550004214
GSE25055,1,score,GSM615178,1,0,0.18965204015936668
GSE25055,1,score,GSM615179,2,0,0.12193850952592852
GSE25055,1,score,GSM615180,3,0,0.16615771235589355
GSE25055,1,score,GSM615181,4,1,0.2533209669304363
GSE25055,1,score,GSM615182,3,0,0.32907967904538665
GSE25055,1,score,GSM615183,4,0,0.05850766263800701
GSE25055,1,score,GSM615184,3,0,0.5204971021722314
GSE25055,1,score,GSM615185,0,0,0.15238031472729163
GSE25055,1,score,GSM615186,0,1,0.06535505190941333
GSE25055,1,score,GSM615187,4,0,0.18451565474776563
GSE25055,1,score,GSM615188,1,0,0.17057888996142173
GSE25055,1,score,GSM615189,4,0,0.20949919735212716
GSE25055,1,score,GSM615190,3,0,0.2806115825145323
GSE25055,1,score,GSM615191,1,1,0.5924046166381252
GSE25055,1,score,GSM615192,1,0,0.06977764964876938
GSE25055,1,score,GSM615193,0,1,0.21526889504418703
GSE25055,1,score,GSM615194,0,1,0.45638806518918884
GSE25055,1,score,GSM615195,3,0,0.4970817736027432
GSE25055,1,score,GSM615196,3,0,0.2998105064207908
GSE25055,1,score,GSM615197,1,0,0.4020897586004233
GSE25055,1,score,GSM615198,1,0,0.054852016227672606
GSE25055,1,score,GSM615199,2,0,0.1315798581347538
GSE25055,1,score,GSM615200,2,0,0.34086008717943994
GSE25055,1,score,GSM615201,0,1,0.2766829270459033
GSE25055,1,score,GSM615202,4,1,0.4755053749266331
GSE25055,1,score,GSM615203,3,0,0.033192057994751736
GSE25055,1,score,GSM615204,2,0,0.053236133376158234
GSE25055,1,score,GSM615205,4,0,0.10446262197106028
GSE25055,1,score,GSM615206,2,0,0.0637869367145332
GSE25055,1,score,GSM615207,3,0,0.05614044534274326
GSE25055,1,score,GSM615208,1,0,0.06187335099252125
GSE25055,1,score,GSM615209,3,1,0.4440550435550262
GSE25055,1,score,GSM615210,4,0,0.04324611588377409
GSE25055,1,score,GSM615211,4,1,0.47758072318673445
GSE25055,1,score,GSM615212,1,1,0.06843880951007848
GSE25055,1,score,GSM615213,2,1,0.2865902962431505
GSE25055,1,score,GSM615214,3,0,0.0325981030598582
GSE25055,1,score,GSM615215,3,1,0.1903284761176267
GSE25055,1,score,GSM615216,3,0,0.20017638955252087
GSE25055,1,score,GSM615217,0,0,0.09631008620136779
GSE25055,1,score,GSM615218,4,0,0.18599593725820757
GSE25055,1,score,GSM615219,3,0,0.1482275256994026
GSE25055,1,score,GSM615220,3,0,0.02154032882414697
GSE25055,1,score,GSM615221,4,0,0.1249894476616663
GSE25055,1,score,GSM615222,3,0,0.04598927565938248
GSE25055,1,score,GSM615223,0,0,0.07433472599659191
GSE25055,1,score,GSM615224,2,0,0.021327885050068045
GSE25055,1,score,GSM615225,4,0,0.20547005471317614
GSE25055,1,score,GSM615226,4,0,0.03783222011656841
GSE25055,1,score,GSM615227,4,0,0.18399693987755256
GSE25055,1,score,GSM615228,2,0,0.12334166489722416
GSE25055,1,score,GSM615229,3,0,0.031085001770895623
GSE25055,1,score,GSM615230,0,0,0.036250845178067155
GSE25055,1,score,GSM615231,0,0,0.0429249839551471
GSE25055,1,score,GSM615232,2,0,0.040063657610391185
GSE25055,1,score,GSM615233,0,0,0.028288814648669246
GSE25055,1,score,GSM615234,4,0,0.07584106701298061
GSE25055,1,score,GSM615235,2,0,0.36612389773710885
GSE25055,1,score,GSM615236,4,0,0.14303555781117788
GSE25055,1,score,GSM615237,2,0,0.05351967137640002
GSE25055,1,score,GSM615238,1,0,0.025576196770991915
GSE25055,1,score,GSM615239,4,0,0.1580736487555961
GSE25055,1,score,GSM615240,1,1,0.04375936057648328
GSE25055,1,score,GSM615241,0,0,0.11495376288323503
GSE25055,1,score,GSM615242,1,1,0.3174160848020054
GSE25055,1,score,GSM615243,2,0,0.04976188502756659
GSE25055,1,score,GSM615244,0,0,0.0643022895175013
GSE25055,1,score,GSM615245,2,0,0.2428761785349605
GSE25055,1,score,GSM615246,2,0,0.15689610091581718
GSE25055,1,score,GSM615247,2,0,0.13318959673464917
GSE25055,1,score,GSM615248,4,0,0.4391452841900928
GSE25055,1,score,GSM615249,2,0,0.08718345346356636
GSE25055,1,score,GSM615250,2,0,0.39102311960201325
GSE25055,1,score,GSM615251,1,0,0.3031829677075538
GSE25055,1,score,GSM615252,1,0,0.03405533579195195
GSE25055,1,score,GSM615253,4,0,0.12700289377143087
GSE25055,1,score,GSM615254,2,0,0.06967378553594447
GSE25055,1,score,GSM615255,3,0,0.1780645681337503
GSE25055,1,score,GSM615256,2,1,0.23123723996612564
GSE25055,1,score,GSM615257,0,0,0.020971261116149557
GSE25055,1,score,GSM615258,3,0,0.17303248892251452
GSE25055,1,score,GSM615259,0,0,0.04892780717068733
GSE25055,1,score,GSM615260,3,0,0.43753363437156667
GSE25055,1,score,GSM615261,0,0,0.15915321628281912
GSE25055,1,score,GSM615262,0,0,0.03880533442950451
GSE25055,1,score,GSM615263,2,1,0.31852763393303685
GSE25055,1,score,GSM615264,2,1,0.09889367074061688
GSE25055,1,score,GSM615265,4,0,0.09942964047066
GSE25055,1,score,GSM615266,4,0,0.20288901492378092
GSE25055,1,score,GSM615267,4,0,0.1066923157146527
GSE25055,1,score,GSM615268,0,0,0.10358055018604091
GSE25055,1,score,GSM615269,0,0,0.07147193031340837
GSE25055,1,score,GSM615270,4,1,0.4218687805846871
GSE25055,1,score,GSM615271,1,0,0.3296928713759987
GSE25055,1,score,GSM615272,3,0,0.07847176906097454
GSE25055,1,score,GSM615273,4,0,0.19243650523627245
GSE25055,1,score,GSM615274,4,0,0.39276340025615686
GSE25055,1,score,GSM615275,0,0,0.38602905380210084
GSE25055,1,score,GSM615276,4,0,0.16474333979700917
GSE25055,1,score,GSM615277,3,0,0.12806088370652022
GSE25055,1,score,GSM615278,3,0,0.1279719481134117
GSE25055,1,score,GSM615279,3,0,0.09556841453615891
GSE25055,1,score,GSM615280,1,1,0.3112302593504388
GSE25055,1,score,GSM615281,2,0,0.12062260058629547
GSE25055,1,score,GSM615282,1,0,0.1285752453875301
GSE25055,1,score,GSM615283,1,0,0.16586108826147444
GSE25055,1,score,GSM615284,0,1,0.29950166546620915
GSE25055,1,score,GSM615285,3,0,0.06089497034250086
GSE25055,1,score,GSM615286,2,0,0.34994357774753304
GSE25055,1,score,GSM615287,3,0,0.1871514183884997
GSE25055,1,score,GSM615288,2,0,0.3188426315946239
GSE25055,1,score,GSM615289,3,0,0.3553051034327198
GSE25055,1,score,GSM615290,0,0,0.42052520112794095
GSE25055,1,score,GSM615291,3,1,0.2368664902693059
GSE25055,1,score,GSM615292,0,0,0.10510621967940802
GSE25055,1,score,GSM615293,0,1,0.5816057313961153
GSE25055,1,score,GSM615294,0,0,0.21164841889210168
GSE25055,1,score,GSM615295,0,0,0.07735395722695845
GSE25055,1,score,GSM615296,1,0,0.12592780224851843
GSE25055,1,score,GSM615297,3,0,0.4602670548565907
GSE25055,1,score,GSM615298,0,0,0.09587135182382765
GSE25055,1,score,GSM615299,0,0,0.04036667939829728
GSE25055,1,score,GSM615300,3,1,0.1564279360813488
GSE25055,1,score,GSM615301,2,0,0.22651689341658351
GSE25055,1,score,GSM615302,1,0,0.12584095508029128
GSE25055,1,score,GSM615303,1,0,0.24266648254191944
GSE25055,1,score,GSM615304,4,0,0.057500000726155354
GSE25055,1,score,GSM615305,1,0,0.07480800101654166
GSE25055,1,score,GSM615306,3,0,0.07642971727600502
GSE25055,1,score,GSM615307,3,1,0.6570933132444622
GSE25055,1,score,GSM615308,0,0,0.06032640876600817
GSE25055,1,score,GSM615309,0,0,0.09130288269987483
GSE25055,1,score,GSM615310,1,1,0.6191804392752875
GSE25055,1,score,GSM615311,0,0,0.03948068461650779
GSE25055,1,score,GSM615312,0,0,0.17386679980748795
GSE25055,1,score,GSM615313,2,0,0.042917393367183
GSE25055,1,score,GSM615314,2,0,0.05521775214451527
GSE25055,1,score,GSM615315,1,0,0.4096857824587547
GSE25055,1,score,GSM615316,3,0,0.031432949302604825
GSE25055,1,score,GSM615317,2,0,0.29737241403986236
GSE25055,1,score,GSM615318,4,0,0.06190739587228537
GSE25055,1,score,GSM615319,3,0,0.14347922977717975
GSE25055,1,score,GSM615320,1,0,0.4766883615839534
GSE25055,1,score,GSM615321,0,0,0.24688959160902432
GSE25055,1,score,GSM615322,1,0,0.4098537630047118
GSE25055,1,score,GSM615323,3,0,0.06037432946653017
GSE25055,1,score,GSM615324,1,1,0.6393339757933532
GSE25055,1,score,GSM615325,0,1,0.42010426283284064
GSE25055,1,score,GSM615326,3,0,0.5425873559046633
GSE25055,1,score,GSM615327,0,0,0.2647808799757373
GSE25055,1,score,GSM615328,1,0,0.052782199820508656
GSE25055,1,score,GSM615329,2,0,0.051600167600160264
GSE25055,1,score,GSM615330,3,0,0.06249637446603512
GSE25055,1,score,GSM615331,4,1,0.08742610689039387
GSE25055,1,score,GSM615332,1,0,0.19518183001333286
GSE25055,1,score,GSM615333,1,0,0.168780942917864
GSE25055,1,score,GSM615334,4,1,0.5845752408245364
GSE25055,1,score,GSM615335,2,0,0.24579265476065792
GSE25055,1,score,GSM615336,2,1,0.41173018152323304
GSE25055,1,score,GSM615337,0,0,0.09009804494422258
GSE25055,1,score,GSM615338,4,1,0.22498451228998895
GSE25055,1,score,GSM615339,0,0,0.037359994355418494
GSE25055,1,score,GSM615340,1,0,0.06780136950939879
GSE25055,1,score,GSM615341,4,0,0.05684662022363696
GSE25055,1,score,GSM615342,3,0,0.09362666400777288
GSE25055,1,score,GSM615343,4,0,0.18744023855439756
GSE25055,1,score,GSM615344,0,0,0.07048797460011584
GSE25055,1,score,GSM615345,2,0,0.04430926563369543
GSE25055,1,score,GSM615346,3,0,0.3464210172413993
GSE25055,1,score,GSM615347,4,0,0.30504774663902556
GSE25055,1,score,GSM615348,3,0,0.27126681047969997
GSE25055,1,score,GSM615349,2,0,0.079944074813265
GSE25055,1,score,GSM615350,0,0,0.13419709844699282
GSE25055,1,score,GSM615351,0,0,0.1093570933459643
GSE25055,1,score,GSM615352,1,0,0.023396163566166743
GSE25055,1,score,GSM615353,0,1,0.1378235730594952
GSE25055,1,score,GSM615354,3,1,0.2558270311512844
GSE25055,1,score,GSM615355,2,0,0.17727269431074286
GSE25055,1,score,GSM615356,1,0,0.10369475536630549
GSE25055,1,score,GSM615357,3,1,0.427027910627157
GSE25055,1,score,GSM615358,1,0,0.05873474638547921
GSE25055,1,score,GSM615359,2,1,0.4719411380925627
GSE25055,1,score,GSM615360,2,0,0.08769080673549573
GSE25055,1,score,GSM615361,2,0,0.17011403941962183
GSE25055,1,score,GSM615362,4,0,0.06341552683374946
GSE25055,1,score,GSM615363,1,0,0.09644844448847646
GSE25055,1,score,GSM615364,4,0,0.3311980735839471
GSE25055,1,score,GSM615365,4,0,0.10008372036681769
GSE25055,1,score,GSM615366,1,0,0.05078945117641756
GSE25055,1,score,GSM615367,4,0,0.11574307460918147
GSE25055,1,score,GSM615368,0,0,0.48361460636582526
GSE25055,1,score,GSM615369,3,0,0.11701216208877623
GSE25055,1,score,GSM615370,3,0,0.14837521966243367
GSE25055,1,score,GSM615371,2,1,0.24218422292425973
GSE25055,1,score,GSM615372,2,0,0.24476050307769417
GSE25055,1,score,GSM615373,3,0,0.16812701712875122
GSE25055,1,score,GSM615374,1,0,0.02936070821794674
GSE25055,1,score,GSM615375,3,1,0.7562901470091641
GSE25055,1,score,GSM615376,1,0,0.08507851487425896
GSE25055,1,score,GSM615377,1,0,0.020441617830121248
GSE25055,1,score,GSM615378,0,0,0.1989680358444514
GSE25055,1,score,GSM615379,2,1,0.13374692672398422
GSE25055,1,score,GSM615380,0,0,0.47648231078220943
GSE25055,1,score,GSM615381,4,0,0.029362606716787885
GSE25055,1,score,GSM615382,2,0,0.07618626054576583
GSE25055,1,score,GSM615383,1,1,0.04159307925003738
GSE25055,1,score,GSM615384,3,0,0.13628361001409584
GSE25055,1,score,GSM615385,4,0,0.044819620797277915
GSE25055,1,score,GSM615386,2,0,0.028059423763086976
GSE25055,1,score,GSM615387,0,0,0.11198980950599206
GSE25055,1,score,GSM615388,1,0,0.06163703084780604
GSE25055,1,score,GSM615389,4,0,0.0832952253005353
GSE25055,1,score,GSM615390,4,0,0.3474087943691285
GSE25055,1,score,GSM615391,1,0,0.05489156209199459
GSE25055,1,score,GSM615392,0,0,0.3224286429240299
GSE25055,1,score,GSM615393,0,1,0.1163619712725821
GSE25055,1,score,GSM615394,0,1,0.13584806903094052
GSE25055,1,score,GSM615395,1,0,0.03455881597038161
GSE25055,1,score,GSM615396,4,1,0.27880471418236913
GSE25055,1,score,GSM615397,3,1,0.30383677481178045
GSE25055,1,score,GSM615398,1,0,0.1744731134282298
GSE25055,1,score,GSM615399,2,0,0.09187554310458686
GSE25055,1,score,GSM615400,1,0,0.07234730615924193
GSE25055,1,score,GSM615401,0,0,0.17778094924315685
GSE25055,1,score,GSM615402,4,0,0.10595807908773765
GSE25055,1,score,GSM615403,4,0,0.3119034774560039
GSE25055,1,score,GSM615404,1,0,0.10200434493084753
GSE25055,1,score,GSM615405,1,0,0.5020060803931954
GSE25055,1,combined,GSM615096,0,0,0.042069125927291895
GSE25055,1,combined,GSM615097,3,0,0.05206875398681151
GSE25055,1,combined,GSM615098,4,0,0.42389858113881185
GSE25055,1,combined,GSM615099,0,1,0.5281138844607197
GSE25055,1,combined,GSM615100,4,0,0.15445024381021422
GSE25055,1,combined,GSM615101,3,0,0.39007363440625215
GSE25055,1,combined,GSM615102,4,0,0.4238110532597752
GSE25055,1,combined,GSM615104,2,0,0.27013249658191846
GSE25055,1,combined,GSM615106,4,0,0.1908349112541101
GSE25055,1,combined,GSM615107,2,0,0.4094685827203853
GSE25055,1,combined,GSM615108,2,0,0.1011465686812483
GSE25055,1,combined,GSM615109,1,0,0.47040902129873674
GSE25055,1,combined,GSM615111,0,0,0.22215925630700864
GSE25055,1,combined,GSM615112,3,0,0.3130299291046868
GSE25055,1,combined,GSM615113,4,0,0.40724393186295027
GSE25055,1,combined,GSM615114,0,0,0.03912190257180972
GSE25055,1,combined,GSM615115,0,0,0.2807801145497371
GSE25055,1,combined,GSM615116,4,0,0.19891825660242862
GSE25055,1,combined,GSM615117,4,0,0.2319884387112779
GSE25055,1,combined,GSM615120,2,0,0.03389697420469536
GSE25055,1,combined,GSM615121,2,0,0.05981247417586605
GSE25055,1,combined,GSM615122,2,1,0.05483023949171487
GSE25055,1,combined,GSM615123,3,1,0.1989040773062823
GSE25055,1,combined,GSM615124,0,0,0.05428230571847423
GSE25055,1,combined,GSM615125,0,0,0.035727945170429716
GSE25055,1,combined,GSM615126,2,0,0.09530403812450146
GSE25055,1,combined,GSM615127,2,0,0.05355690427803034
GSE25055,1,combined,GSM615128,3,0,0.050715942234504194
GSE25055,1,combined,GSM615129,4,0,0.056606631679310966
GSE25055,1,combined,GSM615130,0,0,0.044873256531947306
GSE25055,1,combined,GSM615131,0,0,0.05110001343373261
GSE25055,1,combined,GSM615132,0,0,0.04526265917123045
GSE25055,1,combined,GSM615133,3,0,0.04452772973052641
GSE25055,1,combined,GSM615134,1,0,0.029715297929456142
GSE25055,1,combined,GSM615135,4,0,0.22953393087848492
GSE25055,1,combined,GSM615136,2,0,0.3244615117917573
GSE25055,1,combined,GSM615137,1,1,0.07566102923767866
GSE25055,1,combined,GSM615138,1,0,0.05303381811120439
GSE25055,1,combined,GSM615139,3,1,0.519744879891228
GSE25055,1,combined,GSM615140,1,1,0.34484039567344216
GSE25055,1,combined,GSM615142,3,0,0.06121178801642313
GSE25055,1,combined,GSM615143,4,1,0.35970011587041373
GSE25055,1,combined,GSM615144,2,0,0.045811850999678994
GSE25055,1,combined,GSM615145,3,0,0.5673470585249603
GSE25055,1,combined,GSM615146,1,1,0.3554007162688867
GSE25055,1,combined,GSM615147,1,0,0.04095581593792467
GSE25055,1,combined,GSM615148,2,0,0.36962397185449053
GSE25055,1,combined,GSM615149,4,0,0.27613357508016173
GSE25055,1,combined,GSM615150,1,0,0.028243340267774156
GSE25055,1,combined,GSM615151,1,0,0.3799598512032151
GSE25055,1,combined,GSM615153,0,0,0.06450435679396864
GSE25055,1,combined,GSM615154,4,1,0.28730988308478106
GSE25055,1,combined,GSM615155,1,0,0.15126509282571443
GSE25055,1,combined,GSM615156,4,0,0.2848845203353673
GSE25055,1,combined,GSM615157,1,0,0.027521349584316557
GSE25055,1,combined,GSM615158,2,0,0.04254933694509058
GSE25055,1,combined,GSM615159,2,0,0.1516530163965959
GSE25055,1,combined,GSM615160,3,0,0.39546842087699197
GSE25055,1,combined,GSM615162,3,0,0.05005953044360065
GSE25055,1,combined,GSM615164,2,1,0.5537877986046214
GSE25055,1,combined,GSM615165,1,0,0.04318443928968566
GSE25055,1,combined,GSM615166,1,0,0.09219198464152135
GSE25055,1,combined,GSM615167,0,1,0.17066456688858342
GSE25055,1,combined,GSM615168,0,0,0.03458542749298953
GSE25055,1,combined,GSM615169,4,0,0.35124204372875073
GSE25055,1,combined,GSM615170,1,0,0.03312066535622154
GSE25055,1,combined,GSM615171,4,1,0.2603106925429579
GSE25055,1,combined,GSM615172,4,0,0.04521607204618172
GSE25055,1,combined,GSM615173,2,0,0.046434045766906996
GSE25055,1,combined,GSM615174,2,0,0.10760197118214132
GSE25055,1,combined,GSM615175,2,1,0.4325983491521505
GSE25055,1,combined,GSM615176,3,0,0.05768710148776518
GSE25055,1,combined,GSM615177,3,0,0.07811430981731673
GSE25055,1,combined,GSM615178,1,0,0.32590808148546896
GSE25055,1,combined,GSM615179,2,0,0.06044645290453903
GSE25055,1,combined,GSM615180,3,0,0.09665330917326777
GSE25055,1,combined,GSM615181,4,1,0.3436783856721232
GSE25055,1,combined,GSM615182,3,0,0.2209812114795948
GSE25055,1,combined,GSM615183,4,0,0.055809667769700554
GSE25055,1,combined,GSM615184,3,0,0.514212775986394
GSE25055,1,combined,GSM615185,0,0,0.21665334292264682
GSE25055,1,combined,GSM615186,0,1,0.0384638898856808
GSE25055,1,combined,GSM615187,4,0,0.07756078355131295
GSE25055,1,combined,GSM615188,1,0,0.2434247994232496
GSE25055,1,combined,GSM615189,4,0,0.24430061401426634
GSE25055,1,combined,GSM615190,3,0,0.4589312521994763
GSE25055,1,combined,GSM615191,1,1,0.651129935348152
GSE25055,1,combined,GSM615192,1,0,0.036741876696363876
GSE25055,1,combined,GSM615193,0,1,0.34111418138176264
GSE25055,1,combined,GSM615194,0,1,0.4701199561565211
GSE25055,1,combined,GSM615195,3,0,0.6719235522736747
GSE25055,1,combined,GSM615196,3,0,0.10105460913909062
GSE25055,1,combined,GSM615197,1,0,0.4119084106281512
GSE25055,1,combined,GSM615198,1,0,0.028278964060720408
GSE25055,1,combined,GSM615199,2,0,0.09805190526336108
GSE25055,1,combined,GSM615200,2,0,0.172687491980524
GSE25055,1,combined,GSM615201,0,1,0.13450640844636644
GSE25055,1,combined,GSM615202,4,1,0.5520933726365902
GSE25055,1,combined,GSM615203,3,0,0.013935965368231185
GSE25055,1,combined,GSM615204,2,0,0.040088458051380976
GSE25055,1,combined,GSM615205,4,0,0.04733553847954561
GSE25055,1,combined,GSM615206,2,0,0.04498658119366534
GSE25055,1,combined,GSM615207,3,0,0.05337704867933792
GSE25055,1,combined,GSM615208,1,0,0.026295610095754658
GSE25055,1,combined,GSM615209,3,1,0.4227500561393283
GSE25055,1,combined,GSM615210,4,0,0.021199244861107445
GSE25055,1,combined,GSM615211,4,1,0.5857940680797172
GSE25055,1,combined,GSM615212,1,1,0.1543340615937084
GSE25055,1,combined,GSM615213,2,1,0.3381358509711514
GSE25055,1,combined,GSM615214,3,0,0.025387535876911213
GSE25055,1,combined,GSM615215,3,1,0.32484462472516423
GSE25055,1,combined,GSM615216,3,0,0.07984340729934519
GSE25055,1,combined,GSM615217,0,0,0.05083471809526354
GSE25055,1,combined,GSM615218,4,0,0.2554558839533725
GSE25055,1,combined,GSM615219,3,0,0.11612864922934008
GSE25055,1,combined,GSM615220,3,0,0.04008337095949987
GSE25055,1,combined,GSM615221,4,0,0.09197554077698936
GSE25055,1,combined,GSM615222,3,0,0.03870124532265844
GSE25055,1,combined,GSM615223,0,0,0.14616080799737927
GSE25055,1,combined,GSM615224,2,0,0.017148297069121615
GSE25055,1,combined,GSM615225,4,0,0.2585538752537071
GSE25055,1,combined,GSM615226,4,0,0.02618144363764322
GSE25055,1,combined,GSM615227,4,0,0.09833814006294263
GSE25055,1,combined,GSM615228,2,0,0.08492708226665627
GSE25055,1,combined,GSM615229,3,0,0.10078385402609433
GSE25055,1,combined,GSM615230,0,0,0.028950625450345994
GSE25055,1,combined,GSM615231,0,0,0.02891205149834989
GSE25055,1,combined,GSM615232,2,0,0.025164248414470333
GSE25055,1,combined,GSM615233,0,0,0.015948658037521112
GSE25055,1,combined,GSM615234,4,0,0.055737885080261354
GSE25055,1,combined,GSM615235,2,0,0.12552746404446286
GSE25055,1,combined,GSM615236,4,0,0.057643313113012684
GSE25055,1,combined,GSM615237,2,0,0.041248240631027895
GSE25055,1,combined,GSM615238,1,0,0.019220727674530418
GSE25055,1,combined,GSM615239,4,0,0.09636509494476057
GSE25055,1,combined,GSM615240,1,1,0.11452327441499721
GSE25055,1,combined,GSM615241,0,0,0.05091080139006991
GSE25055,1,combined,GSM615242,1,1,0.41804965947757
GSE25055,1,combined,GSM615243,2,0,0.03805958998502141
GSE25055,1,combined,GSM615244,0,0,0.1417898843893419
GSE25055,1,combined,GSM615245,2,0,0.1682115167449979
GSE25055,1,combined,GSM615246,2,0,0.1471261528279018
GSE25055,1,combined,GSM615247,2,0,0.09454625844666267
GSE25055,1,combined,GSM615248,4,0,0.24781095767770528
GSE25055,1,combined,GSM615249,2,0,0.03529385888869628
GSE25055,1,combined,GSM615250,2,0,0.36122987842118914
GSE25055,1,combined,GSM615251,1,0,0.413090938791317
GSE25055,1,combined,GSM615252,1,0,0.02068275416507755
GSE25055,1,combined,GSM615253,4,0,0.08846242800089588
GSE25055,1,combined,GSM615254,2,0,0.04589367757154128
GSE25055,1,combined,GSM615255,3,0,0.3493830512200866
GSE25055,1,combined,GSM615256,2,1,0.11616656474794596
GSE25055,1,combined,GSM615257,0,0,0.015112933733611562
GSE25055,1,combined,GSM615258,3,0,0.07833604854753463
GSE25055,1,combined,GSM615259,0,0,0.027063788366243607
GSE25055,1,combined,GSM615260,3,0,0.16465438959473136
GSE25055,1,combined,GSM615261,0,0,0.06985608745201183
GSE25055,1,combined,GSM615262,0,0,0.029306308349396123
GSE25055,1,combined,GSM615263,2,1,0.3185817036813136
GSE25055,1,combined,GSM615264,2,1,0.1894590939471601
GSE25055,1,combined,GSM615265,4,0,0.14964990315009108
GSE25055,1,combined,GSM615266,4,0,0.09308038715013185
GSE25055,1,combined,GSM615267,4,0,0.07608540262846271
GSE25055,1,combined,GSM615268,0,0,0.06599018481509754
GSE25055,1,combined,GSM615269,0,0,0.04706774298203258
GSE25055,1,combined,GSM615270,4,1,0.5309965332120737
GSE25055,1,combined,GSM615271,1,0,0.14177779487953904
GSE25055,1,combined,GSM615272,3,0,0.03468154817656964
GSE25055,1,combined,GSM615273,4,0,0.10909250809308485
GSE25055,1,combined,GSM615274,4,0,0.14943513643314174
GSE25055,1,combined,GSM615275,0,0,0.4216893304099802
GSE25055,1,combined,GSM615276,4,0,0.2491518960604123
GSE25055,1,combined,GSM615277,3,0,0.07333416008231208
GSE25055,1,combined,GSM615278,3,0,0.08027716152924069
GSE25055,1,combined,GSM615279,3,0,0.059764556916693926
GSE25055,1,combined,GSM615280,1,1,0.1393934354007681
GSE25055,1,combined,GSM615281,2,0,0.07962677486355633
GSE25055,1,combined,GSM615282,1,0,0.05214554914183881
GSE25055,1,combined,GSM615283,1,0,0.06653479721314645
GSE25055,1,combined,GSM615284,0,1,0.3855468572645828
GSE25055,1,combined,GSM615285,3,0,0.05296413789122637
GSE25055,1,combined,GSM615286,2,0,0.13386087327779314
GSE25055,1,combined,GSM615287,3,0,0.28041054244692615
GSE25055,1,combined,GSM615288,2,0,0.456741709236032
GSE25055,1,combined,GSM615289,3,0,0.1787243218263425
GSE25055,1,combined,GSM615290,0,0,0.1518500195532584
GSE25055,1,combined,GSM615291,3,1,0.2613150444383568
GSE25055,1,combined,GSM615292,0,0,0.057732864881684116
GSE25055,1,combined,GSM615293,0,1,0.6526262160327702
GSE25055,1,combined,GSM615294,0,0,0.10256243936444366
GSE25055,1,combined,GSM615295,0,0,0.15676968924852647
GSE25055,1,combined,GSM615296,1,0,0.061702614896845254
GSE25055,1,combined,GSM615297,3,0,0.41736463324426076
GSE25055,1,combined,GSM615298,0,0,0.05861445231919397
GSE25055,1,combined,GSM615299,0,0,0.02833813462950835
GSE25055,1,combined,GSM615300,3,1,0.21142882292173512
GSE25055,1,combined,GSM615301,2,0,0.24215352663352582
GSE25055,1,combined,GSM615302,1,0,0.05477640896837453
GSE25055,1,combined,GSM615303,1,0,0.28713680729477237
GSE25055,1,combined,GSM615304,4,0,0.036490905797663016
GSE25055,1,combined,GSM615305,1,0,0.045476006154473315
GSE25055,1,combined,GSM615306,3,0,0.03988352925224507
GSE25055,1,combined,GSM615307,3,1,0.742508277630862
GSE25055,1,combined,GSM615308,0,0,0.03624364207082657
GSE25055,1,combined,GSM615309,0,0,0.05317135983655676
GSE25055,1,combined,GSM615310,1,1,0.22960598965383425
GSE25055,1,combined,GSM615311,0,0,0.03278751130783186
GSE25055,1,combined,GSM615312,0,0,0.2706451487814813
GSE25055,1,combined,GSM615313,2,0,0.030783245310219257
GSE25055,1,combined,GSM615314,2,0,0.022246756511741562
GSE25055,1,combined,GSM615315,1,0,0.5389802272188357
GSE25055,1,combined,GSM615316,3,0,0.016307567702028417
GSE25055,1,combined,GSM615317,2,0,0.3824428567418665
GSE25055,1,combined,GSM615318,4,0,0.046177658872008226
GSE25055,1,combined,GSM615319,3,0,0.1706532606500949
GSE25055,1,combined,GSM615320,1,0,0.560254079268502
GSE25055,1,combined,GSM615321,0,0,0.3411698851521296
GSE25055,1,combined,GSM615322,1,0,0.4693093364571096
GSE25055,1,combined,GSM615323,3,0,0.23131959385270337
GSE25055,1,combined,GSM615324,1,1,0.645804509451244
GSE25055,1,combined,GSM615325,0,1,0.5012902693728087
GSE25055,1,combined,GSM615326,3,0,0.2016542641132669
GSE25055,1,combined,GSM615327,0,0,0.3136782240333468
GSE25055,1,combined,GSM615328,1,0,0.03233532335877326
GSE25055,1,combined,GSM615329,2,0,0.04421617842642239
GSE25055,1,combined,GSM615330,3,0,0.0944918571567598
GSE25055,1,combined,GSM615331,4,1,0.046715857553883425
GSE25055,1,combined,GSM615332,1,0,0.06769877708108442
GSE25055,1,combined,GSM615333,1,0,0.2765784609727161
GSE25055,1,combined,GSM615334,4,1,0.5440862264407867
GSE25055,1,combined,GSM615335,2,0,0.3144121727488039
GSE25055,1,combined,GSM615336,2,1,0.46306129877149094
GSE25055,1,combined,GSM615337,0,0,0.052004635537606585
GSE25055,1,combined,GSM615338,4,1,0.286595686926217
GSE25055,1,combined,GSM615339,0,0,0.023329120017101728
GSE25055,1,combined,GSM615340,1,0,0.036443623523758455
GSE25055,1,combined,GSM615341,4,0,0.04332101195311483
GSE25055,1,combined,GSM615342,3,0,0.2233829936815643
GSE25055,1,combined,GSM615343,4,0,0.14353168323702006
GSE25055,1,combined,GSM615344,0,0,0.1395172382917417
GSE25055,1,combined,GSM615345,2,0,0.06966048746298853
GSE25055,1,combined,GSM615346,3,0,0.46885547908559444
GSE25055,1,combined,GSM615347,4,0,0.2914100574811393
GSE25055,1,combined,GSM615348,3,0,0.48389722589980577
GSE25055,1,combined,GSM615349,2,0,0.049876901921344106
GSE25055,1,combined,GSM615350,0,0,0.21159376697625717
GSE25055,1,combined,GSM615351,0,0,0.05533113201724241
GSE25055,1,combined,GSM615352,1,0,0.012077067455629201
GSE25055,1,combined,GSM615353,0,1,0.07197388846125148
GSE25055,1,combined,GSM615354,3,1,0.3671951476456284
GSE25055,1,combined,GSM615355,2,0,0.10148971746756036
GSE25055,1,combined,GSM615356,1,0,0.2140340538952303
GSE25055,1,combined,GSM615357,3,1,0.4355876501301071
GSE25055,1,combined,GSM615358,1,0,0.02528329639407195
GSE25055,1,combined,GSM615359,2,1,0.4966848397151362
GSE25055,1,combined,GSM615360,2,0,0.04989014139482668
GSE25055,1,combined,GSM615361,2,0,0.06589031353762663
GSE25055,1,combined,GSM615362,4,0,0.04298939005164187
GSE25055,1,combined,GSM615363,1,0,0.22072435555463824
GSE25055,1,combined,GSM615364,4,0,0.47835310568347883
GSE25055,1,combined,GSM615365,4,0,0.05005131809371326
GSE25055,1,combined,GSM615366,1,0,0.031001371693686035
GSE25055,1,combined,GSM615367,4,0,0.07172047492289396
GSE25055,1,combined,GSM615368,0,0,0.5947545261912013
GSE25055,1,combined,GSM615369,3,0,0.21246823740790557
GSE25055,1,combined,GSM615370,3,0,0.12312530425459033
GSE25055,1,combined,GSM615371,2,1,0.23113826574113772
GSE25055,1,combined,GSM615372,2,0,0.3826749709778677
GSE25055,1,combined,GSM615373,3,0,0.10649535668343627
GSE25055,1,combined,GSM615374,1,0,0.018040256796746992
GSE25055,1,combined,GSM615375,3,1,0.49198822775077955
GSE25055,1,combined,GSM615376,1,0,0.17199784476536434
GSE25055,1,combined,GSM615377,1,0,0.015230599238599053
GSE25055,1,combined,GSM615378,0,0,0.3223524776091546
GSE25055,1,combined,GSM615379,2,1,0.16421891488695797
GSE25055,1,combined,GSM615380,0,0,0.5519897994184709
GSE25055,1,combined,GSM615381,4,0,0.02014289211067012
GSE25055,1,combined,GSM615382,2,0,0.11638499853494383
GSE25055,1,combined,GSM615383,1,1,0.024978010203646223
GSE25055,1,combined,GSM615384,3,0,0.19406645628730326
GSE25055,1,combined,GSM615385,4,0,0.13233847642553326
GSE25055,1,combined,GSM615386,2,0,0.022786208047655347
GSE25055,1,combined,GSM615387,0,0,0.232465501891205
GSE25055,1,combined,GSM615388,1,0,0.03882227829209486
GSE25055,1,combined,GSM615389,4,0,0.051919378962072334
GSE25055,1,combined,GSM615390,4,0,0.43574051916189976
GSE25055,1,combined,GSM615391,1,0,0.027912291339439236
GSE25055,1,combined,GSM615392,0,0,0.35857821411114715
GSE25055,1,combined,GSM615393,0,1,0.22662443311565603
GSE25055,1,combined,GSM615394,0,1,0.2069028511876829
GSE25055,1,combined,GSM615395,1,0,0.01822924070369559
GSE25055,1,combined,GSM615396,4,1,0.4423328178410573
GSE25055,1,combined,GSM615397,3,1,0.32156155700935696
GSE25055,1,combined,GSM615398,1,0,0.07692044053248026
GSE25055,1,combined,GSM615399,2,0,0.05432482887691532
GSE25055,1,combined,GSM615400,1,0,0.028039197254346806
GSE25055,1,combined,GSM615401,0,0,0.06538591351207343
GSE25055,1,combined,GSM615402,4,0,0.06937862050459434
GSE25055,1,combined,GSM615403,4,0,0.3888685349544841
GSE25055,1,combined,GSM615404,1,0,0.040686553453092654
GSE25055,1,combined,GSM615405,1,0,0.5160479128656743
GSE25055,2,intercept,GSM615096,2,0,0.18672199170124482
GSE25055,2,intercept,GSM615097,3,0,0.18672199170124482
GSE25055,2,intercept,GSM615098,0,0,0.18333333333333332
GSE25055,2,intercept,GSM615099,4,1,0.18672199170124482
GSE25055,2,intercept,GSM615100,0,0,0.18333333333333332
GSE25055,2,intercept,GSM615101,0,0,0.18333333333333332
GSE25055,2,intercept,GSM615102,2,0,0.18672199170124482
GSE25055,2,intercept,GSM615104,2,0,0.18672199170124482
GSE25055,2,intercept,GSM615106,1,0,0.18672199170124482
GSE25055,2,intercept,GSM615107,2,0,0.18672199170124482
GSE25055,2,intercept,GSM615108,0,0,0.18333333333333332
GSE25055,2,intercept,GSM615109,1,0,0.18672199170124482
GSE25055,2,intercept,GSM615111,4,0,0.18672199170124482
GSE25055,2,intercept,GSM615112,0,0,0.18333333333333332
GSE25055,2,intercept,GSM615113,2,0,0.18672199170124482
GSE25055,2,intercept,GSM615114,0,0,0.18333333333333332
GSE25055,2,intercept,GSM615115,3,0,0.18672199170124482
GSE25055,2,intercept,GSM615116,3,0,0.18672199170124482
GSE25055,2,intercept,GSM615117,0,0,0.18333333333333332
GSE25055,2,intercept,GSM615120,4,0,0.18672199170124482
GSE25055,2,intercept,GSM615121,1,0,0.18672199170124482
GSE25055,2,intercept,GSM615122,0,1,0.18333333333333332
GSE25055,2,intercept,GSM615123,0,1,0.18333333333333332
GSE25055,2,intercept,GSM615124,4,0,0.18672199170124482
GSE25055,2,intercept,GSM615125,1,0,0.18672199170124482
GSE25055,2,intercept,GSM615126,4,0,0.18672199170124482
GSE25055,2,intercept,GSM615127,1,0,0.18672199170124482
GSE25055,2,intercept,GSM615128,3,0,0.18672199170124482
GSE25055,2,intercept,GSM615129,3,0,0.18672199170124482
GSE25055,2,intercept,GSM615130,0,0,0.18333333333333332
GSE25055,2,intercept,GSM615131,4,0,0.18672199170124482
GSE25055,2,intercept,GSM615132,0,0,0.18333333333333332
GSE25055,2,intercept,GSM615133,4,0,0.18672199170124482
GSE25055,2,intercept,GSM615134,3,0,0.18672199170124482
GSE25055,2,intercept,GSM615135,1,0,0.18672199170124482
GSE25055,2,intercept,GSM615136,3,0,0.18672199170124482
GSE25055,2,intercept,GSM615137,1,1,0.18672199170124482
GSE25055,2,intercept,GSM615138,1,0,0.18672199170124482
GSE25055,2,intercept,GSM615139,1,1,0.18672199170124482
GSE25055,2,intercept,GSM615140,3,1,0.18672199170124482
GSE25055,2,intercept,GSM615142,4,0,0.18672199170124482
GSE25055,2,intercept,GSM615143,2,1,0.18672199170124482
GSE25055,2,intercept,GSM615144,0,0,0.18333333333333332
GSE25055,2,intercept,GSM615145,1,0,0.18672199170124482
GSE25055,2,intercept,GSM615146,0,1,0.18333333333333332
GSE25055,2,intercept,GSM615147,1,0,0.18672199170124482
GSE25055,2,intercept,GSM615148,3,0,0.18672199170124482
GSE25055,2,intercept,GSM615149,3,0,0.18672199170124482
GSE25055,2,intercept,GSM615150,1,0,0.18672199170124482
GSE25055,2,intercept,GSM615151,1,0,0.18672199170124482
GSE25055,2,intercept,GSM615153,2,0,0.18672199170124482
GSE25055,2,intercept,GSM615154,0,1,0.18333333333333332
GSE25055,2,intercept,GSM615155,1,0,0.18672199170124482
GSE25055,2,intercept,GSM615156,1,0,0.18672199170124482
GSE25055,2,intercept,GSM615157,4,0,0.18672199170124482
GSE25055,2,intercept,GSM615158,0,0,0.18333333333333332
GSE25055,2,intercept,GSM615159,2,0,0.18672199170124482
GSE25055,2,intercept,GSM615160,0,0,0.18333333333333332
GSE25055,2,intercept,GSM615162,2,0,0.18672199170124482
GSE25055,2,intercept,GSM615164,4,1,0.18672199170124482
GSE25055,2,intercept,GSM615165,4,0,0.18672199170124482
GSE25055,2,intercept,GSM615166,2,0,0.18672199170124482
GSE25055,2,intercept,GSM615167,4,1,0.18672199170124482
GSE25055,2,intercept,GSM615168,0,0,0.18333333333333332
GSE25055,2,intercept,GSM615169,4,0,0.18672199170124482
GSE25055,2,intercept,GSM615170,4,0,0.18672199170124482
GSE25055,2,intercept,GSM615171,3,1,0.18672199170124482
GSE25055,2,intercept,GSM615172,1,0,0.18672199170124482
GSE25055,2,intercept,GSM615173,0,0,0.18333333333333332
GSE25055,2,intercept,GSM615174,1,0,0.18672199170124482
GSE25055,2,intercept,GSM615175,4,1,0.18672199170124482
GSE25055,2,intercept,GSM615176,3,0,0.18672199170124482
GSE25055,2,intercept,GSM615177,3,0,0.18672199170124482
GSE25055,2,intercept,GSM615178,1,0,0.18672199170124482
GSE25055,2,intercept,GSM615179,3,0,0.18672199170124482
GSE25055,2,intercept,GSM615180,4,0,0.18672199170124482
GSE25055,2,intercept,GSM615181,1,1,0.18672199170124482
GSE25055,2,intercept,GSM615182,2,0,0.18672199170124482
GSE25055,2,intercept,GSM615183,2,0,0.18672199170124482
GSE25055,2,intercept,GSM615184,1,0,0.18672199170124482
GSE25055,2,intercept,GSM615185,4,0,0.18672199170124482
GSE25055,2,intercept,GSM615186,2,1,0.18672199170124482
GSE25055,2,intercept,GSM615187,1,0,0.18672199170124482
GSE25055,2,intercept,GSM615188,0,0,0.18333333333333332
GSE25055,2,intercept,GSM615189,3,0,0.18672199170124482
GSE25055,2,intercept,GSM615190,4,0,0.18672199170124482
GSE25055,2,intercept,GSM615191,2,1,0.18672199170124482
GSE25055,2,intercept,GSM615192,3,0,0.18672199170124482
GSE25055,2,intercept,GSM615193,4,1,0.18672199170124482
GSE25055,2,intercept,GSM615194,3,1,0.18672199170124482
GSE25055,2,intercept,GSM615195,4,0,0.18672199170124482
GSE25055,2,intercept,GSM615196,0,0,0.18333333333333332
GSE25055,2,intercept,GSM615197,0,0,0.18333333333333332
GSE25055,2,intercept,GSM615198,3,0,0.18672199170124482
GSE25055,2,intercept,GSM615199,2,0,0.18672199170124482
GSE25055,2,intercept,GSM615200,4,0,0.18672199170124482
GSE25055,2,intercept,GSM615201,4,1,0.18672199170124482
GSE25055,2,intercept,GSM615202,0,1,0.18333333333333332
GSE25055,2,intercept,GSM615203,1,0,0.18672199170124482
GSE25055,2,intercept,GSM615204,0,0,0.18333333333333332
GSE25055,2,intercept,GSM615205,4,0,0.18672199170124482
GSE25055,2,intercept,GSM615206,4,0,0.18672199170124482
GSE25055,2,intercept,GSM615207,2,0,0.18672199170124482
GSE25055,2,intercept,GSM615208,4,0,0.18672199170124482
GSE25055,2,intercept,GSM615209,4,1,0.18672199170124482
GSE25055,2,intercept,GSM615210,3,0,0.18672199170124482
GSE25055,2,intercept,GSM615211,3,1,0.18672199170124482
GSE25055,2,intercept,GSM615212,2,1,0.18672199170124482
GSE25055,2,intercept,GSM615213,0,1,0.18333333333333332
GSE25055,2,intercept,GSM615214,3,0,0.18672199170124482
GSE25055,2,intercept,GSM615215,1,1,0.18672199170124482
GSE25055,2,intercept,GSM615216,2,0,0.18672199170124482
GSE25055,2,intercept,GSM615217,2,0,0.18672199170124482
GSE25055,2,intercept,GSM615218,2,0,0.18672199170124482
GSE25055,2,intercept,GSM615219,4,0,0.18672199170124482
GSE25055,2,intercept,GSM615220,2,0,0.18672199170124482
GSE25055,2,intercept,GSM615221,2,0,0.18672199170124482
GSE25055,2,intercept,GSM615222,3,0,0.18672199170124482
GSE25055,2,intercept,GSM615223,1,0,0.18672199170124482
GSE25055,2,intercept,GSM615224,0,0,0.18333333333333332
GSE25055,2,intercept,GSM615225,1,0,0.18672199170124482
GSE25055,2,intercept,GSM615226,0,0,0.18333333333333332
GSE25055,2,intercept,GSM615227,2,0,0.18672199170124482
GSE25055,2,intercept,GSM615228,3,0,0.18672199170124482
GSE25055,2,intercept,GSM615229,4,0,0.18672199170124482
GSE25055,2,intercept,GSM615230,0,0,0.18333333333333332
GSE25055,2,intercept,GSM615231,3,0,0.18672199170124482
GSE25055,2,intercept,GSM615232,4,0,0.18672199170124482
GSE25055,2,intercept,GSM615233,3,0,0.18672199170124482
GSE25055,2,intercept,GSM615234,3,0,0.18672199170124482
GSE25055,2,intercept,GSM615235,2,0,0.18672199170124482
GSE25055,2,intercept,GSM615236,0,0,0.18333333333333332
GSE25055,2,intercept,GSM615237,4,0,0.18672199170124482
GSE25055,2,intercept,GSM615238,2,0,0.18672199170124482
GSE25055,2,intercept,GSM615239,3,0,0.18672199170124482
GSE25055,2,intercept,GSM615240,2,1,0.18672199170124482
GSE25055,2,intercept,GSM615241,2,0,0.18672199170124482
GSE25055,2,intercept,GSM615242,3,1,0.18672199170124482
GSE25055,2,intercept,GSM615243,1,0,0.18672199170124482
GSE25055,2,intercept,GSM615244,1,0,0.18672199170124482
GSE25055,2,intercept,GSM615245,2,0,0.18672199170124482
GSE25055,2,intercept,GSM615246,4,0,0.18672199170124482
GSE25055,2,intercept,GSM615247,1,0,0.18672199170124482
GSE25055,2,intercept,GSM615248,2,0,0.18672199170124482
GSE25055,2,intercept,GSM615249,1,0,0.18672199170124482
GSE25055,2,intercept,GSM615250,0,0,0.18333333333333332
GSE25055,2,intercept,GSM615251,2,0,0.18672199170124482
GSE25055,2,intercept,GSM615252,2,0,0.18672199170124482
GSE25055,2,intercept,GSM615253,0,0,0.18333333333333332
GSE25055,2,intercept,GSM615254,3,0,0.18672199170124482
GSE25055,2,intercept,GSM615255,0,0,0.18333333333333332
GSE25055,2,intercept,GSM615256,1,1,0.18672199170124482
GSE25055,2,intercept,GSM615257,0,0,0.18333333333333332
GSE25055,2,intercept,GSM615258,2,0,0.18672199170124482
GSE25055,2,intercept,GSM615259,1,0,0.18672199170124482
GSE25055,2,intercept,GSM615260,4,0,0.18672199170124482
GSE25055,2,intercept,GSM615261,4,0,0.18672199170124482
GSE25055,2,intercept,GSM615262,0,0,0.18333333333333332
GSE25055,2,intercept,GSM615263,1,1,0.18672199170124482
GSE25055,2,intercept,GSM615264,1,1,0.18672199170124482
GSE25055,2,intercept,GSM615265,2,0,0.18672199170124482
GSE25055,2,intercept,GSM615266,1,0,0.18672199170124482
GSE25055,2,intercept,GSM615267,1,0,0.18672199170124482
GSE25055,2,intercept,GSM615268,0,0,0.18333333333333332
GSE25055,2,intercept,GSM615269,2,0,0.18672199170124482
GSE25055,2,intercept,GSM615270,4,1,0.18672199170124482
GSE25055,2,intercept,GSM615271,0,0,0.18333333333333332
GSE25055,2,intercept,GSM615272,3,0,0.18672199170124482
GSE25055,2,intercept,GSM615273,1,0,0.18672199170124482
GSE25055,2,intercept,GSM615274,2,0,0.18672199170124482
GSE25055,2,intercept,GSM615275,2,0,0.18672199170124482
GSE25055,2,intercept,GSM615276,2,0,0.18672199170124482
GSE25055,2,intercept,GSM615277,1,0,0.18672199170124482
GSE25055,2,intercept,GSM615278,2,0,0.18672199170124482
GSE25055,2,intercept,GSM615279,3,0,0.18672199170124482
GSE25055,2,intercept,GSM615280,0,1,0.18333333333333332
GSE25055,2,intercept,GSM615281,4,0,0.18672199170124482
GSE25055,2,intercept,GSM615282,0,0,0.18333333333333332
GSE25055,2,intercept,GSM615283,3,0,0.18672199170124482
GSE25055,2,intercept,GSM615284,2,1,0.18672199170124482
GSE25055,2,intercept,GSM615285,1,0,0.18672199170124482
GSE25055,2,intercept,GSM615286,3,0,0.18672199170124482
GSE25055,2,intercept,GSM615287,0,0,0.18333333333333332
GSE25055,2,intercept,GSM615288,0,0,0.18333333333333332
GSE25055,2,intercept,GSM615289,1,0,0.18672199170124482
GSE25055,2,intercept,GSM615290,0,0,0.18333333333333332
GSE25055,2,intercept,GSM615291,2,1,0.18672199170124482
GSE25055,2,intercept,GSM615292,2,0,0.18672199170124482
GSE25055,2,intercept,GSM615293,4,1,0.18672199170124482
GSE25055,2,intercept,GSM615294,4,0,0.18672199170124482
GSE25055,2,intercept,GSM615295,3,0,0.18672199170124482
GSE25055,2,intercept,GSM615296,2,0,0.18672199170124482
GSE25055,2,intercept,GSM615297,4,0,0.18672199170124482
GSE25055,2,intercept,GSM615298,1,0,0.18672199170124482
GSE25055,2,intercept,GSM615299,0,0,0.18333333333333332
GSE25055,2,intercept,GSM615300,3,1,0.18672199170124482
GSE25055,2,intercept,GSM615301,3,0,0.18672199170124482
GSE25055,2,intercept,GSM615302,4,0,0.18672199170124482
GSE25055,2,intercept,GSM615303,4,0,0.18672199170124482
GSE25055,2,intercept,GSM615304,3,0,0.18672199170124482
GSE25055,2,intercept,GSM615305,1,0,0.18672199170124482
GSE25055,2,intercept,GSM615306,0,0,0.18333333333333332
GSE25055,2,intercept,GSM615307,2,1,0.18672199170124482
GSE25055,2,intercept,GSM615308,1,0,0.18672199170124482
GSE25055,2,intercept,GSM615309,4,0,0.18672199170124482
GSE25055,2,intercept,GSM615310,1,1,0.18672199170124482
GSE25055,2,intercept,GSM615311,0,0,0.18333333333333332
GSE25055,2,intercept,GSM615312,2,0,0.18672199170124482
GSE25055,2,intercept,GSM615313,3,0,0.18672199170124482
GSE25055,2,intercept,GSM615314,2,0,0.18672199170124482
GSE25055,2,intercept,GSM615315,1,0,0.18672199170124482
GSE25055,2,intercept,GSM615316,1,0,0.18672199170124482
GSE25055,2,intercept,GSM615317,1,0,0.18672199170124482
GSE25055,2,intercept,GSM615318,4,0,0.18672199170124482
GSE25055,2,intercept,GSM615319,1,0,0.18672199170124482
GSE25055,2,intercept,GSM615320,0,0,0.18333333333333332
GSE25055,2,intercept,GSM615321,3,0,0.18672199170124482
GSE25055,2,intercept,GSM615322,3,0,0.18672199170124482
GSE25055,2,intercept,GSM615323,0,0,0.18333333333333332
GSE25055,2,intercept,GSM615324,4,1,0.18672199170124482
GSE25055,2,intercept,GSM615325,3,1,0.18672199170124482
GSE25055,2,intercept,GSM615326,2,0,0.18672199170124482
GSE25055,2,intercept,GSM615327,2,0,0.18672199170124482
GSE25055,2,intercept,GSM615328,1,0,0.18672199170124482
GSE25055,2,intercept,GSM615329,1,0,0.18672199170124482
GSE25055,2,intercept,GSM615330,2,0,0.18672199170124482
GSE25055,2,intercept,GSM615331,4,1,0.18672199170124482
GSE25055,2,intercept,GSM615332,4,0,0.18672199170124482
GSE25055,2,intercept,GSM615333,4,0,0.18672199170124482
GSE25055,2,intercept,GSM615334,3,1,0.18672199170124482
GSE25055,2,intercept,GSM615335,2,0,0.18672199170124482
GSE25055,2,intercept,GSM615336,1,1,0.18672199170124482
GSE25055,2,intercept,GSM615337,4,0,0.18672199170124482
GSE25055,2,intercept,GSM615338,1,1,0.18672199170124482
GSE25055,2,intercept,GSM615339,3,0,0.18672199170124482
GSE25055,2,intercept,GSM615340,1,0,0.18672199170124482
GSE25055,2,intercept,GSM615341,2,0,0.18672199170124482
GSE25055,2,intercept,GSM615342,0,0,0.18333333333333332
GSE25055,2,intercept,GSM615343,3,0,0.18672199170124482
GSE25055,2,intercept,GSM615344,3,0,0.18672199170124482
GSE25055,2,intercept,GSM615345,3,0,0.18672199170124482
GSE25055,2,intercept,GSM615346,2,0,0.18672199170124482
GSE25055,2,intercept,GSM615347,3,0,0.18672199170124482
GSE25055,2,intercept,GSM615348,3,0,0.18672199170124482
GSE25055,2,intercept,GSM615349,0,0,0.18333333333333332
GSE25055,2,intercept,GSM615350,4,0,0.18672199170124482
GSE25055,2,intercept,GSM615351,2,0,0.18672199170124482
GSE25055,2,intercept,GSM615352,1,0,0.18672199170124482
GSE25055,2,intercept,GSM615353,0,1,0.18333333333333332
GSE25055,2,intercept,GSM615354,0,1,0.18333333333333332
GSE25055,2,intercept,GSM615355,4,0,0.18672199170124482
GSE25055,2,intercept,GSM615356,3,0,0.18672199170124482
GSE25055,2,intercept,GSM615357,2,1,0.18672199170124482
GSE25055,2,intercept,GSM615358,1,0,0.18672199170124482
GSE25055,2,intercept,GSM615359,3,1,0.18672199170124482
GSE25055,2,intercept,GSM615360,4,0,0.18672199170124482
GSE25055,2,intercept,GSM615361,2,0,0.18672199170124482
GSE25055,2,intercept,GSM615362,4,0,0.18672199170124482
GSE25055,2,intercept,GSM615363,3,0,0.18672199170124482
GSE25055,2,intercept,GSM615364,4,0,0.18672199170124482
GSE25055,2,intercept,GSM615365,1,0,0.18672199170124482
GSE25055,2,intercept,GSM615366,3,0,0.18672199170124482
GSE25055,2,intercept,GSM615367,0,0,0.18333333333333332
GSE25055,2,intercept,GSM615368,0,0,0.18333333333333332
GSE25055,2,intercept,GSM615369,3,0,0.18672199170124482
GSE25055,2,intercept,GSM615370,0,0,0.18333333333333332
GSE25055,2,intercept,GSM615371,1,1,0.18672199170124482
GSE25055,2,intercept,GSM615372,4,0,0.18672199170124482
GSE25055,2,intercept,GSM615373,3,0,0.18672199170124482
GSE25055,2,intercept,GSM615374,4,0,0.18672199170124482
GSE25055,2,intercept,GSM615375,2,1,0.18672199170124482
GSE25055,2,intercept,GSM615376,4,0,0.18672199170124482
GSE25055,2,intercept,GSM615377,0,0,0.18333333333333332
GSE25055,2,intercept,GSM615378,2,0,0.18672199170124482
GSE25055,2,intercept,GSM615379,0,1,0.18333333333333332
GSE25055,2,intercept,GSM615380,4,0,0.18672199170124482
GSE25055,2,intercept,GSM615381,2,0,0.18672199170124482
GSE25055,2,intercept,GSM615382,0,0,0.18333333333333332
GSE25055,2,intercept,GSM615383,0,1,0.18333333333333332
GSE25055,2,intercept,GSM615384,2,0,0.18672199170124482
GSE25055,2,intercept,GSM615385,2,0,0.18672199170124482
GSE25055,2,intercept,GSM615386,1,0,0.18672199170124482
GSE25055,2,intercept,GSM615387,4,0,0.18672199170124482
GSE25055,2,intercept,GSM615388,3,0,0.18672199170124482
GSE25055,2,intercept,GSM615389,4,0,0.18672199170124482
GSE25055,2,intercept,GSM615390,1,0,0.18672199170124482
GSE25055,2,intercept,GSM615391,0,0,0.18333333333333332
GSE25055,2,intercept,GSM615392,3,0,0.18672199170124482
GSE25055,2,intercept,GSM615393,2,1,0.18672199170124482
GSE25055,2,intercept,GSM615394,3,1,0.18672199170124482
GSE25055,2,intercept,GSM615395,0,0,0.18333333333333332
GSE25055,2,intercept,GSM615396,0,1,0.18333333333333332
GSE25055,2,intercept,GSM615397,3,1,0.18672199170124482
GSE25055,2,intercept,GSM615398,0,0,0.18333333333333332
GSE25055,2,intercept,GSM615399,3,0,0.18672199170124482
GSE25055,2,intercept,GSM615400,3,0,0.18672199170124482
GSE25055,2,intercept,GSM615401,0,0,0.18333333333333332
GSE25055,2,intercept,GSM615402,4,0,0.18672199170124482
GSE25055,2,intercept,GSM615403,1,0,0.18672199170124482
GSE25055,2,intercept,GSM615404,4,0,0.18672199170124482
GSE25055,2,intercept,GSM615405,1,0,0.18672199170124482
GSE25055,2,clinical,GSM615096,2,0,0.0958713063085947
GSE25055,2,clinical,GSM615097,3,0,0.08721228739155668
GSE25055,2,clinical,GSM615098,0,0,0.38246208345070765
GSE25055,2,clinical,GSM615099,4,1,0.37055107329900644
GSE25055,2,clinical,GSM615100,0,0,0.06173823549930816
GSE25055,2,clinical,GSM615101,0,0,0.34039377567887896
GSE25055,2,clinical,GSM615102,2,0,0.40173032732105535
GSE25055,2,clinical,GSM615104,2,0,0.3562866459870848
GSE25055,2,clinical,GSM615106,1,0,0.33257015555694164
GSE25055,2,clinical,GSM615107,2,0,0.40394412646303196
GSE25055,2,clinical,GSM615108,0,0,0.05229169739644877
GSE25055,2,clinical,GSM615109,1,0,0.2857256021877938
GSE25055,2,clinical,GSM615111,4,0,0.33688424826068963
GSE25055,2,clinical,GSM615112,0,0,0.3023700538647586
GSE25055,2,clinical,GSM615113,2,0,0.3765795202209257
GSE25055,2,clinical,GSM615114,0,0,0.04762676328686878
GSE25055,2,clinical,GSM615115,3,0,0.3553827697764929
GSE25055,2,clinical,GSM615116,3,0,0.30759102543229094
GSE25055,2,clinical,GSM615117,0,0,0.062570449904278
GSE25055,2,clinical,GSM615120,4,0,0.06651262328488707
GSE25055,2,clinical,GSM615121,1,0,0.0874193465467468
GSE25055,2,clinical,GSM615122,0,1,0.06571223809751214
GSE25055,2,clinical,GSM615123,0,1,0.04741136577760053
GSE25055,2,clinical,GSM615124,4,0,0.059453699061849864
GSE25055,2,clinical,GSM615125,1,0,0.07160056743523768
GSE25055,2,clinical,GSM615126,4,0,0.07626726607335058
GSE25055,2,clinical,GSM615127,1,0,0.04269409659015433
GSE25055,2,clinical,GSM615128,3,0,0.07962210715588781
GSE25055,2,clinical,GSM615129,3,0,0.07485238473173327
GSE25055,2,clinical,GSM615130,0,0,0.053724986408079045
GSE25055,2,clinical,GSM615131,4,0,0.0586858809463416
GSE25055,2,clinical,GSM615132,0,0,0.051511111309689925
GSE25055,2,clinical,GSM615133,4,0,0.06824877939221334
GSE25055,2,clinical,GSM615134,3,0,0.09196681647364387
GSE25055,2,clinical,GSM615135,1,0,0.2851437767966585
GSE25055,2,clinical,GSM615136,3,0,0.28157681349819186
GSE25055,2,clinical,GSM615137,1,1,0.09065832303043567
GSE25055,2,clinical,GSM615138,1,0,0.09065832303043567
GSE25055,2,clinical,GSM615139,1,1,0.3004996401104231
GSE25055,2,clinical,GSM615140,3,1,0.37946775906453506
GSE25055,2,clinical,GSM615142,4,0,0.06815123421260098
GSE25055,2,clinical,GSM615143,2,1,0.3771197986892353
GSE25055,2,clinical,GSM615144,0,0,0.04155347369605852
GSE25055,2,clinical,GSM615145,1,0,0.304109597619642
GSE25055,2,clinical,GSM615146,0,1,0.3892283779502326
GSE25055,2,clinical,GSM615147,1,0,0.04658469893899721
GSE25055,2,clinical,GSM615148,3,0,0.3779434885545678
GSE25055,2,clinical,GSM615149,3,0,0.3553827697764929
GSE25055,2,clinical,GSM615150,1,0,0.07103377407350708
GSE25055,2,clinical,GSM615151,1,0,0.37492091344628486
GSE25055,2,clinical,GSM615153,2,0,0.054493160183217614
GSE25055,2,clinical,GSM615154,0,1,0.38208748419393385
GSE25055,2,clinical,GSM615155,1,0,0.09948779047765223
GSE25055,2,clinical,GSM615156,1,0,0.41788835893742077
GSE25055,2,clinical,GSM615157,4,0,0.07381697355719294
GSE25055,2,clinical,GSM615158,0,0,0.042965860860873895
GSE25055,2,clinical,GSM615159,2,0,0.366373825196612
GSE25055,2,clinical,GSM615160,0,0,0.3937632407458104
GSE25055,2,clinical,GSM615162,2,0,0.08726503306146517
GSE25055,2,clinical,GSM615164,4,1,0.3659089578755679
GSE25055,2,clinical,GSM615165,4,0,0.07648382607137355
GSE25055,2,clinical,GSM615166,2,0,0.09043096996281988
GSE25055,2,clinical,GSM615167,4,1,0.3937406053530203
GSE25055,2,clinical,GSM615168,0,0,0.049607595122173435
GSE25055,2,clinical,GSM615169,4,0,0.34585689475612075
GSE25055,2,clinical,GSM615170,4,0,0.0737120995852778
GSE25055,2,clinical,GSM615171,3,1,0.36084295029366964
GSE25055,2,clinical,GSM615172,1,0,0.046966270996124944
GSE25055,2,clinical,GSM615173,0,0,0.05135632190410337
GSE25055,2,clinical,GSM615174,1,0,0.07548700110475992
GSE25055,2,clinical,GSM615175,4,1,0.36448556548213346
GSE25055,2,clinical,GSM615176,3,0,0.08772938459913142
GSE25055,2,clinical,GSM615177,3,0,0.08025740742491903
GSE25055,2,clinical,GSM615178,1,0,0.4158080674365976
GSE25055,2,clinical,GSM615179,3,0,0.07119862179525324
GSE25055,2,clinical,GSM615180,4,0,0.07267087942673077
GSE25055,2,clinical,GSM615181,1,1,0.3459977757278535
GSE25055,2,clinical,GSM615182,2,0,0.22358216312508658
GSE25055,2,clinical,GSM615183,2,0,0.10372175454308902
GSE25055,2,clinical,GSM615184,1,0,0.33320364616233994
GSE25055,2,clinical,GSM615185,4,0,0.2887802973955697
GSE25055,2,clinical,GSM615186,2,1,0.0725841750374951
GSE25055,2,clinical,GSM615187,1,0,0.03965471241385021
GSE25055,2,clinical,GSM615188,0,0,0.3097821992659603
GSE25055,2,clinical,GSM615189,3,0,0.2602584412522589
GSE25055,2,clinical,GSM615190,4,0,0.38425542541434926
GSE25055,2,clinical,GSM615191,2,1,0.40838339298067966
GSE25055,2,clinical,GSM615192,3,0,0.0786777678556011
GSE25055,2,clinical,GSM615193,4,1,0.3734197576050486
GSE25055,2,clinical,GSM615194,3,1,0.27722912057061894
GSE25055,2,clinical,GSM615195,4,0,0.4136910466008471
GSE25055,2,clinical,GSM615196,0,0,0.042061854815098824
GSE25055,2,clinical,GSM615197,0,0,0.2898077237149866
GSE25055,2,clinical,GSM615198,3,0,0.06978375082809284
GSE25055,2,clinical,GSM615199,2,0,0.09547320093365988
GSE25055,2,clinical,GSM615200,4,0,0.07062900482009775
GSE25055,2,clinical,GSM615201,4,1,0.07912686461275467
GSE25055,2,clinical,GSM615202,0,1,0.37760333348368863
GSE25055,2,clinical,GSM615203,1,0,0.03271161114144509
GSE25055,2,clinical,GSM615204,0,0,0.05276540019815839
GSE25055,2,clinical,GSM615205,4,0,0.05372215955004129
GSE25055,2,clinical,GSM615206,4,0,0.07267087942673077
GSE25055,2,clinical,GSM615207,2,0,0.08781634852282384
GSE25055,2,clinical,GSM615208,4,0,0.05294716694595442
GSE25055,2,clinical,GSM615209,4,1,0.317958797265877
GSE25055,2,clinical,GSM615210,3,0,0.04839673195962406
GSE25055,2,clinical,GSM615211,3,1,0.40208325214220025
GSE25055,2,clinical,GSM615212,2,1,0.3489341669618317
GSE25055,2,clinical,GSM615213,0,1,0.33755018094694833
GSE25055,2,clinical,GSM615214,3,0,0.07410810616562412
GSE25055,2,clinical,GSM615215,1,1,0.3789405807236034
GSE25055,2,clinical,GSM615216,2,0,0.062461766208688145
GSE25055,2,clinical,GSM615217,2,0,0.0710506019998273
GSE25055,2,clinical,GSM615218,2,0,0.3083633139511891
GSE25055,2,clinical,GSM615219,4,0,0.08254795953116305
GSE25055,2,clinical,GSM615220,2,0,0.11031588458509065
GSE25055,2,clinical,GSM615221,2,0,0.09547320093365988
GSE25055,2,clinical,GSM615222,3,0,0.08350379194323616
GSE25055,2,clinical,GSM615223,1,0,0.2963190940830961
GSE25055,2,clinical,GSM615224,0,0,0.04820571024108258
GSE25055,2,clinical,GSM615225,1,0,0.27879096728553227
GSE25055,2,clinical,GSM615226,0,0,0.04402173132106212
GSE25055,2,clinical,GSM615227,2,0,0.0710506019998273
GSE25055,2,clinical,GSM615228,3,0,0.09396979769645826
GSE25055,2,clinical,GSM615229,4,0,0.3451626826893141
GSE25055,2,clinical,GSM615230,0,0,0.05859922964147619
GSE25055,2,clinical,GSM615231,3,0,0.08186594384490521
GSE25055,2,clinical,GSM615232,4,0,0.06389331352963634
GSE25055,2,clinical,GSM615233,3,0,0.0514691074998702
GSE25055,2,clinical,GSM615234,3,0,0.08859737340109652
GSE25055,2,clinical,GSM615235,2,0,0.051379753329762745
GSE25055,2,clinical,GSM615236,0,0,0.036114577995673774
GSE25055,2,clinical,GSM615237,4,0,0.07476703540779499
GSE25055,2,clinical,GSM615238,2,0,0.08419967346569826
GSE25055,2,clinical,GSM615239,3,0,0.08686908896925236
GSE25055,2,clinical,GSM615240,2,1,0.3489341669618317
GSE25055,2,clinical,GSM615241,2,0,0.05605486758241969
GSE25055,2,clinical,GSM615242,3,1,0.3465290856479366
GSE25055,2,clinical,GSM615243,1,0,0.06808029331832877
GSE25055,2,clinical,GSM615244,1,0,0.33320364616233994
GSE25055,2,clinical,GSM615245,2,0,0.09952149111385393
GSE25055,2,clinical,GSM615246,4,0,0.09761369227075459
GSE25055,2,clinical,GSM615247,1,0,0.07977547258156452
GSE25055,2,clinical,GSM615248,2,0,0.08781634852282384
GSE25055,2,clinical,GSM615249,1,0,0.03858252363786073
GSE25055,2,clinical,GSM615250,0,0,0.3030397254543028
GSE25055,2,clinical,GSM615251,2,0,0.3701204357475691
GSE25055,2,clinical,GSM615252,2,0,0.06807288767031422
GSE25055,2,clinical,GSM615253,0,0,0.05687332530550877
GSE25055,2,clinical,GSM615254,3,0,0.08186594384490521
GSE25055,2,clinical,GSM615255,0,0,0.3888513245129902
GSE25055,2,clinical,GSM615256,1,1,0.05956973110228545
GSE25055,2,clinical,GSM615257,0,0,0.04335894741844959
GSE25055,2,clinical,GSM615258,2,0,0.06662778233231377
GSE25055,2,clinical,GSM615259,1,0,0.044235739039316456
GSE25055,2,clinical,GSM615260,4,0,0.06389331352963634
GSE25055,2,clinical,GSM615261,4,0,0.06208155620637823
GSE25055,2,clinical,GSM615262,0,0,0.05602839016276295
GSE25055,2,clinical,GSM615263,1,1,0.2730916505187413
GSE25055,2,clinical,GSM615264,1,1,0.3722506467749524
GSE25055,2,clinical,GSM615265,2,0,0.27511378586643537
GSE25055,2,clinical,GSM615266,1,0,0.04671156086722569
GSE25055,2,clinical,GSM615267,1,0,0.07568632310667524
GSE25055,2,clinical,GSM615268,0,0,0.06219929206824641
GSE25055,2,clinical,GSM615269,2,0,0.09157283893652927
GSE25055,2,clinical,GSM615270,4,1,0.38063015880680906
GSE25055,2,clinical,GSM615271,0,0,0.05437383057903935
GSE25055,2,clinical,GSM615272,3,0,0.06182767467601547
GSE25055,2,clinical,GSM615273,1,0,0.0645485682872456
GSE25055,2,clinical,GSM615274,2,0,0.0502699074462203
GSE25055,2,clinical,GSM615275,2,0,0.289089660624607
GSE25055,2,clinical,GSM615276,2,0,0.328328487780669
GSE25055,2,clinical,GSM615277,1,0,0.06118802529692379
GSE25055,2,clinical,GSM615278,2,0,0.0790279719983201
GSE25055,2,clinical,GSM615279,3,0,0.08025740742491903
GSE25055,2,clinical,GSM615280,0,1,0.05687332530550877
GSE25055,2,clinical,GSM615281,4,0,0.07583583295115164
GSE25055,2,clinical,GSM615282,0,0,0.04270569650676999
GSE25055,2,clinical,GSM615283,3,0,0.06978375082809284
GSE25055,2,clinical,GSM615284,2,1,0.3385548043346193
GSE25055,2,clinical,GSM615285,1,0,0.07179042425302891
GSE25055,2,clinical,GSM615286,3,0,0.0630921764812787
GSE25055,2,clinical,GSM615287,0,0,0.3482726926828367
GSE25055,2,clinical,GSM615288,0,0,0.3926277742793335
GSE25055,2,clinical,GSM615289,1,0,0.06808029331832877
GSE25055,2,clinical,GSM615290,0,0,0.03897953713371475
GSE25055,2,clinical,GSM615291,2,1,0.2938407957663119
GSE25055,2,clinical,GSM615292,2,0,0.0790279719983201
GSE25055,2,clinical,GSM615293,4,1,0.40626516206977803
GSE25055,2,clinical,GSM615294,4,0,0.07476703540779499
GSE25055,2,clinical,GSM615295,3,0,0.31313735949184207
GSE25055,2,clinical,GSM615296,2,0,0.08071876885127413
GSE25055,2,clinical,GSM615297,4,0,0.3113388278832668
GSE25055,2,clinical,GSM615298,1,0,0.07977547258156452
GSE25055,2,clinical,GSM615299,0,0,0.05197813072550004
GSE25055,2,clinical,GSM615300,3,1,0.2948653072053936
GSE25055,2,clinical,GSM615301,3,0,0.2729230559100067
GSE25055,2,clinical,GSM615302,4,0,0.06481756024410933
GSE25055,2,clinical,GSM615303,4,0,0.2794152145144321
GSE25055,2,clinical,GSM615304,3,0,0.06978375082809284
GSE25055,2,clinical,GSM615305,1,0,0.08189488273044226
GSE25055,2,clinical,GSM615306,0,0,0.04402173132106212
GSE25055,2,clinical,GSM615307,2,1,0.4364411457574479
GSE25055,2,clinical,GSM615308,1,0,0.05956973110228545
GSE25055,2,clinical,GSM615309,4,0,0.07476703540779499
GSE25055,2,clinical,GSM615310,1,1,0.04188537584504059
GSE25055,2,clinical,GSM615311,0,0,0.06313106369623589
GSE25055,2,clinical,GSM615312,2,0,0.33342205109934847
GSE25055,2,clinical,GSM615313,3,0,0.08025740742491903
GSE25055,2,clinical,GSM615314,2,0,0.04707510979215675
GSE25055,2,clinical,GSM615315,1,0,0.46213940909238044
GSE25055,2,clinical,GSM615316,1,0,0.03858252363786073
GSE25055,2,clinical,GSM615317,1,0,0.359018659665249
GSE25055,2,clinical,GSM615318,4,0,0.07267087942673077
GSE25055,2,clinical,GSM615319,1,0,0.26191376259300153
GSE25055,2,clinical,GSM615320,0,0,0.38508816826052933
GSE25055,2,clinical,GSM615321,3,0,0.3272368641047012
GSE25055,2,clinical,GSM615322,3,0,0.3178005795071023
GSE25055,2,clinical,GSM615323,0,0,0.4155424271351632
GSE25055,2,clinical,GSM615324,4,1,0.34170156356211623
GSE25055,2,clinical,GSM615325,3,1,0.3613411439899501
GSE25055,2,clinical,GSM615326,2,0,0.06382269239476984
GSE25055,2,clinical,GSM615327,2,0,0.2660330259411381
GSE25055,2,clinical,GSM615328,1,0,0.06991260096803266
GSE25055,2,clinical,GSM615329,1,0,0.07770626966646299
GSE25055,2,clinical,GSM615330,2,0,0.2660330259411381
GSE25055,2,clinical,GSM615331,4,1,0.059453699061849864
GSE25055,2,clinical,GSM615332,4,0,0.05530434528023798
GSE25055,2,clinical,GSM615333,4,0,0.3451626826893141
GSE25055,2,clinical,GSM615334,3,1,0.27722912057061894
GSE25055,2,clinical,GSM615335,2,0,0.33342205109934847
GSE25055,2,clinical,GSM615336,1,1,0.3459977757278535
GSE25055,2,clinical,GSM615337,4,0,0.0737120995852778
GSE25055,2,clinical,GSM615338,1,1,0.2963190940830961
GSE25055,2,clinical,GSM615339,3,0,0.06839492597213746
GSE25055,2,clinical,GSM615340,1,0,0.06118802529692379
GSE25055,2,clinical,GSM615341,2,0,0.0790279719983201
GSE25055,2,clinical,GSM615342,0,0,0.37388243754325956
GSE25055,2,clinical,GSM615343,3,0,0.11847348898228759
GSE25055,2,clinical,GSM615344,3,0,0.29039536976290037
GSE25055,2,clinical,GSM615345,3,0,0.26443736225103354
GSE25055,2,clinical,GSM615346,2,0,0.3809102380218834
GSE25055,2,clinical,GSM615347,3,0,0.23222555870658682
GSE25055,2,clinical,GSM615348,3,0,0.4125088618711507
GSE25055,2,clinical,GSM615349,0,0,0.04968243919273858
GSE25055,2,clinical,GSM615350,4,0,0.3080573212031049
GSE25055,2,clinical,GSM615351,2,0,0.06954700079949437
GSE25055,2,clinical,GSM615352,1,0,0.03271161114144509
GSE25055,2,clinical,GSM615353,0,1,0.05276540019815839
GSE25055,2,clinical,GSM615354,0,1,0.36281039182127406
GSE25055,2,clinical,GSM615355,4,0,0.07267087942673077
GSE25055,2,clinical,GSM615356,3,0,0.3613411439899501
GSE25055,2,clinical,GSM615357,2,1,0.32327499966135037
GSE25055,2,clinical,GSM615358,1,0,0.0365210533421839
GSE25055,2,clinical,GSM615359,3,1,0.32250063786754396
GSE25055,2,clinical,GSM615360,4,0,0.06670348519914285
GSE25055,2,clinical,GSM615361,2,0,0.05484987440215002
GSE25055,2,clinical,GSM615362,4,0,0.06766544399026361
GSE25055,2,clinical,GSM615363,3,0,0.3969028366172263
GSE25055,2,clinical,GSM615364,4,0,0.3952071980134626
GSE25055,2,clinical,GSM615365,1,0,0.043045239767502554
GSE25055,2,clinical,GSM615366,3,0,0.08686908896925236
GSE25055,2,clinical,GSM615367,0,0,0.05043678762461911
GSE25055,2,clinical,GSM615368,0,0,0.4310310049426003
GSE25055,2,clinical,GSM615369,3,0,0.3272368641047012
GSE25055,2,clinical,GSM615370,0,0,0.06128037322098872
GSE25055,2,clinical,GSM615371,1,1,0.24046164605437248
GSE25055,2,clinical,GSM615372,4,0,0.37701815269585903
GSE25055,2,clinical,GSM615373,3,0,0.09035664007385326
GSE25055,2,clinical,GSM615374,4,0,0.06389331352963634
GSE25055,2,clinical,GSM615375,2,1,0.22358216312508658
GSE25055,2,clinical,GSM615376,4,0,0.3348299426105465
GSE25055,2,clinical,GSM615377,0,0,0.05043678762461911
GSE25055,2,clinical,GSM615378,2,0,0.38635031892933475
GSE25055,2,clinical,GSM615379,0,1,0.30640060902889754
GSE25055,2,clinical,GSM615380,4,0,0.3734197576050486
GSE25055,2,clinical,GSM615381,2,0,0.05728472870633803
GSE25055,2,clinical,GSM615382,0,0,0.3166065419164079
GSE25055,2,clinical,GSM615383,0,1,0.04893879156471302
GSE25055,2,clinical,GSM615384,2,0,0.3034782772433171
GSE25055,2,clinical,GSM615385,2,0,0.40838339298067966
GSE25055,2,clinical,GSM615386,1,0,0.0628473447077132
GSE25055,2,clinical,GSM615387,4,0,0.38063015880680906
GSE25055,2,clinical,GSM615388,3,0,0.09771191737525284
GSE25055,2,clinical,GSM615389,4,0,0.06670348519914285
GSE25055,2,clinical,GSM615390,1,0,0.36560929148449506
GSE25055,2,clinical,GSM615391,0,0,0.04402173132106212
GSE25055,2,clinical,GSM615392,3,0,0.2602584412522589
GSE25055,2,clinical,GSM615393,2,1,0.3754998846662086
GSE25055,2,clinical,GSM615394,3,1,0.2729230559100067
GSE25055,2,clinical,GSM615395,0,0,0.04018556544681809
GSE25055,2,clinical,GSM615396,0,1,0.4155424271351632
GSE25055,2,clinical,GSM615397,3,1,0.2948653072053936
GSE25055,2,clinical,GSM615398,0,0,0.05043678762461911
GSE25055,2,clinical,GSM615399,3,0,0.0786777678556011
GSE25055,2,clinical,GSM615400,3,0,0.05042501920419648
GSE25055,2,clinical,GSM615401,0,0,0.036114577995673774
GSE25055,2,clinical,GSM615402,4,0,0.07267087942673077
GSE25055,2,clinical,GSM615403,1,0,0.339571437280324
GSE25055,2,clinical,GSM615404,4,0,0.056111795904589964
GSE25055,2,clinical,GSM615405,1,0,0.2904057360735893
GSE25055,2,score,GSM615096,2,0,0.05775918369062567
GSE25055,2,score,GSM615097,3,0,0.0700838890389891
GSE25055,2,score,GSM615098,0,0,0.3062297260718983
GSE25055,2,score,GSM615099,4,1,0.4429786513771665
GSE25055,2,score,GSM615100,0,0,0.22001079394601825
GSE25055,2,score,GSM615101,0,0,0.3432929621424635
GSE25055,2,score,GSM615102,2,0,0.30356324941691687
GSE25055,2,score,GSM615104,2,0,0.17723705175422289
GSE25055,2,score,GSM615106,1,0,0.10270328022640553
GSE25055,2,score,GSM615107,2,0,0.28118254729673997
GSE25055,2,score,GSM615108,0,0,0.1646964353333122
GSE25055,2,score,GSM615109,1,0,0.4305550557910917
GSE25055,2,score,GSM615111,4,0,0.1423242582979972
GSE25055,2,score,GSM615112,0,0,0.3519550375352135
GSE25055,2,score,GSM615113,2,0,0.30953091877191313
GSE25055,2,score,GSM615114,0,0,0.06080086518825342
GSE25055,2,score,GSM615115,3,0,0.17762566388310586
GSE25055,2,score,GSM615116,3,0,0.126399693880921
GSE25055,2,score,GSM615117,0,0,0.38064384082303165
GSE25055,2,score,GSM615120,4,0,0.06048691844860099
GSE25055,2,score,GSM615121,1,0,0.06489435274654443
GSE25055,2,score,GSM615122,0,1,0.0381054850065318
GSE25055,2,score,GSM615123,0,1,0.5004648705449023
GSE25055,2,score,GSM615124,4,0,0.13665148700347812
GSE25055,2,score,GSM615125,1,0,0.05626409207518803
GSE25055,2,score,GSM615126,4,0,0.15763578831127129
GSE25055,2,score,GSM615127,1,0,0.13074739288102372
GSE25055,2,score,GSM615128,3,0,0.08142620752436856
GSE25055,2,score,GSM615129,3,0,0.09926326412462806
GSE25055,2,score,GSM615130,0,0,0.06444744326926867
GSE25055,2,score,GSM615131,4,0,0.1290670427129819
GSE25055,2,score,GSM615132,0,0,0.06876330497011764
GSE25055,2,score,GSM615133,4,0,0.06909669087129529
GSE25055,2,score,GSM615134,3,0,0.06397158880227895
GSE25055,2,score,GSM615135,1,0,0.16500274463675504
GSE25055,2,score,GSM615136,3,0,0.3049404246716711
GSE25055,2,score,GSM615137,1,1,0.14441667213550877
GSE25055,2,score,GSM615138,1,0,0.09427365743999971
GSE25055,2,score,GSM615139,1,1,0.5885322000611475
GSE25055,2,score,GSM615140,3,1,0.21075208970669135
GSE25055,2,score,GSM615142,4,0,0.10683773914677303
GSE25055,2,score,GSM615143,2,1,0.246438846180817
GSE25055,2,score,GSM615144,0,0,0.08847252215679496
GSE25055,2,score,GSM615145,1,0,0.6510573838426633
GSE25055,2,score,GSM615146,0,1,0.21489041766608558
GSE25055,2,score,GSM615147,1,0,0.10316144274772698
GSE25055,2,score,GSM615148,3,0,0.23246105130309858
GSE25055,2,score,GSM615149,3,0,0.16290357031733277
GSE25055,2,score,GSM615150,1,0,0.05057374114687847
GSE25055,2,score,GSM615151,1,0,0.2678803818866043
GSE25055,2,score,GSM615153,2,0,0.16669285186104277
GSE25055,2,score,GSM615154,0,1,0.14445612951459016
GSE25055,2,score,GSM615155,1,0,0.2990117740427673
GSE25055,2,score,GSM615156,1,0,0.1468760801179008
GSE25055,2,score,GSM615157,4,0,0.05847387160879184
GSE25055,2,score,GSM615158,0,0,0.07338833716378877
GSE25055,2,score,GSM615159,2,0,0.06403354978946416
GSE25055,2,score,GSM615160,0,0,0.19333002891084605
GSE25055,2,score,GSM615162,2,0,0.04163282485813386
GSE25055,2,score,GSM615164,4,1,0.467813234767893
GSE25055,2,score,GSM615165,4,0,0.09303389354258869
GSE25055,2,score,GSM615166,2,0,0.19811143161373038
GSE25055,2,score,GSM615167,4,1,0.07805300102150146
GSE25055,2,score,GSM615168,0,0,0.04796198768083611
GSE25055,2,score,GSM615169,4,0,0.25609816376603856
GSE25055,2,score,GSM615170,4,0,0.07206612688217974
GSE25055,2,score,GSM615171,3,1,0.1466704815030433
GSE25055,2,score,GSM615172,1,0,0.0759109162016753
GSE25055,2,score,GSM615173,0,0,0.05444156019022794
GSE25055,2,score,GSM615174,1,0,0.16825747595237914
GSE25055,2,score,GSM615175,4,1,0.3264427137011504
GSE25055,2,score,GSM615176,3,0,0.07902418759470452
GSE25055,2,score,GSM615177,3,0,0.13783584307208838
GSE25055,2,score,GSM615178,1,0,0.1955684341230792
GSE25055,2,score,GSM615179,3,0,0.12990423426302855
GSE25055,2,score,GSM615180,4,0,0.16321891176073233
GSE25055,2,score,GSM615181,1,1,0.253903359215099
GSE25055,2,score,GSM615182,2,0,0.3317618629161916
GSE25055,2,score,GSM615183,2,0,0.04806254277866462
GSE25055,2,score,GSM615184,1,0,0.5138176474311393
GSE25055,2,score,GSM615185,4,0,0.16799728972502445
GSE25055,2,score,GSM615186,2,1,0.06428889328866809
GSE25055,2,score,GSM615187,1,0,0.18136800239454196
GSE25055,2,score,GSM615188,0,0,0.16496477114874608
GSE25055,2,score,GSM615189,3,0,0.2040438799184646
GSE25055,2,score,GSM615190,4,0,0.2678834768269064
GSE25055,2,score,GSM615191,2,1,0.6037939200620354
GSE25055,2,score,GSM615192,3,0,0.08911177920086248
GSE25055,2,score,GSM615193,4,1,0.22890613049523978
GSE25055,2,score,GSM615194,3,1,0.42333990673475214
GSE25055,2,score,GSM615195,4,0,0.46640294030717255
GSE25055,2,score,GSM615196,0,0,0.28604198909114203
GSE25055,2,score,GSM615197,0,0,0.4018308737274767
GSE25055,2,score,GSM615198,3,0,0.07395925529440403
GSE25055,2,score,GSM615199,2,0,0.1286970396317368
GSE25055,2,score,GSM615200,4,0,0.3427998110894686
GSE25055,2,score,GSM615201,4,1,0.28673493682946705
GSE25055,2,score,GSM615202,0,1,0.5119520346866757
GSE25055,2,score,GSM615203,1,0,0.02958082285044967
GSE25055,2,score,GSM615204,0,0,0.040745823389303694
GSE25055,2,score,GSM615205,4,0,0.10788590730665547
GSE25055,2,score,GSM615206,4,0,0.07094015663866893
GSE25055,2,score,GSM615207,2,0,0.04565070061657446
GSE25055,2,score,GSM615208,4,0,0.07885756205247421
GSE25055,2,score,GSM615209,4,1,0.41723646533207953
GSE25055,2,score,GSM615210,3,0,0.04925266283951054
GSE25055,2,score,GSM615211,3,1,0.43985692135845944
GSE25055,2,score,GSM615212,2,1,0.07133699270030883
GSE25055,2,score,GSM615213,0,1,0.2930339491768735
GSE25055,2,score,GSM615214,3,0,0.038681525566034575
GSE25055,2,score,GSM615215,1,1,0.18013209831272034
GSE25055,2,score,GSM615216,2,0,0.190552505843606
GSE25055,2,score,GSM615217,2,0,0.09771726031879277
GSE25055,2,score,GSM615218,2,0,0.18306736531189421
GSE25055,2,score,GSM615219,4,0,0.14662210811701307
GSE25055,2,score,GSM615220,2,0,0.015637784845355697
GSE25055,2,score,GSM615221,2,0,0.11574279616097312
GSE25055,2,score,GSM615222,3,0,0.052190991861047614
GSE25055,2,score,GSM615223,1,0,0.07923352642977553
GSE25055,2,score,GSM615224,0,0,0.013967231975886651
GSE25055,2,score,GSM615225,1,0,0.20333995115561695
GSE25055,2,score,GSM615226,0,0,0.02511279020091131
GSE25055,2,score,GSM615227,2,0,0.18080878140844173
GSE25055,2,score,GSM615228,3,0,0.13121686115387454
GSE25055,2,score,GSM615229,4,0,0.034059364333154124
GSE25055,2,score,GSM615230,0,0,0.029560174706857546
GSE25055,2,score,GSM615231,3,0,0.056896742827648464
GSE25055,2,score,GSM615232,4,0,0.0457834469431098
GSE25055,2,score,GSM615233,3,0,0.04005705897833711
GSE25055,2,score,GSM615234,3,0,0.08157899893173033
GSE25055,2,score,GSM615235,2,0,0.39883466216758995
GSE25055,2,score,GSM615236,0,0,0.12442618735395088
GSE25055,2,score,GSM615237,4,0,0.0601400413974453
GSE25055,2,score,GSM615238,2,0,0.02668629545083924
GSE25055,2,score,GSM615239,3,0,0.1580460683558162
GSE25055,2,score,GSM615240,2,1,0.04564437355891481
GSE25055,2,score,GSM615241,2,0,0.11823501647576197
GSE25055,2,score,GSM615242,3,1,0.2927562211104714
GSE25055,2,score,GSM615243,1,0,0.048031553150557946
GSE25055,2,score,GSM615244,1,0,0.06859210094911908
GSE25055,2,score,GSM615245,2,0,0.25530779355903754
GSE25055,2,score,GSM615246,4,0,0.16523685518107772
GSE25055,2,score,GSM615247,1,0,0.1337698955939425
GSE25055,2,score,GSM615248,2,0,0.4784999686629616
GSE25055,2,score,GSM615249,1,0,0.08610439021448511
GSE25055,2,score,GSM615250,0,0,0.41645627775709826
GSE25055,2,score,GSM615251,2,0,0.3130429726488175
GSE25055,2,score,GSM615252,2,0,0.035529502899201565
GSE25055,2,score,GSM615253,0,0,0.10779211024265835
GSE25055,2,score,GSM615254,3,0,0.07948431774821198
GSE25055,2,score,GSM615255,0,0,0.15518381596723732
GSE25055,2,score,GSM615256,1,1,0.23686039630664973
GSE25055,2,score,GSM615257,0,0,0.016003458237359176
GSE25055,2,score,GSM615258,2,0,0.16178000260972983
GSE25055,2,score,GSM615259,1,0,0.052253790926017896
GSE25055,2,score,GSM615260,4,0,0.411224029547448
GSE25055,2,score,GSM615261,4,0,0.17466596243317517
GSE25055,2,score,GSM615262,0,0,0.0319079201242215
GSE25055,2,score,GSM615263,1,1,0.3291822096070806
GSE25055,2,score,GSM615264,1,1,0.09816667444465349
GSE25055,2,score,GSM615265,2,0,0.08881558075745472
GSE25055,2,score,GSM615266,1,0,0.200627077654041
GSE25055,2,score,GSM615267,1,0,0.10118650562618398
GSE25055,2,score,GSM615268,0,0,0.09616942066451808
GSE25055,2,score,GSM615269,2,0,0.07081644915803399
GSE25055,2,score,GSM615270,4,1,0.4157420679011703
GSE25055,2,score,GSM615271,0,0,0.3271763196999262
GSE25055,2,score,GSM615272,3,0,0.08311124018648754
GSE25055,2,score,GSM615273,1,0,0.18965889904406807
GSE25055,2,score,GSM615274,2,0,0.42439550104644763
GSE25055,2,score,GSM615275,2,0,0.4240321426624837
GSE25055,2,score,GSM615276,2,0,0.1592152957224157
GSE25055,2,score,GSM615277,1,0,0.11937729030405718
GSE25055,2,score,GSM615278,2,0,0.11522560091825572
GSE25055,2,score,GSM615279,3,0,0.09870185123318664
GSE25055,2,score,GSM615280,0,1,0.3081921747406566
GSE25055,2,score,GSM615281,4,0,0.1290981973712774
GSE25055,2,score,GSM615282,0,0,0.12294889857001158
GSE25055,2,score,GSM615283,3,0,0.17454469695635433
GSE25055,2,score,GSM615284,2,1,0.3268044658952871
GSE25055,2,score,GSM615285,1,0,0.05531956941975868
GSE25055,2,score,GSM615286,3,0,0.3317327650031586
GSE25055,2,score,GSM615287,0,0,0.16454170608790206
GSE25055,2,score,GSM615288,0,0,0.3310275613996205
GSE25055,2,score,GSM615289,1,0,0.345102310273209
GSE25055,2,score,GSM615290,0,0,0.4519635939408757
GSE25055,2,score,GSM615291,2,1,0.2301081977025385
GSE25055,2,score,GSM615292,2,0,0.10736821244152364
GSE25055,2,score,GSM615293,4,1,0.5659718850717036
GSE25055,2,score,GSM615294,4,0,0.22545348831672662
GSE25055,2,score,GSM615295,3,0,0.09327133422511598
GSE25055,2,score,GSM615296,2,0,0.13099005021599072
GSE25055,2,score,GSM615297,4,0,0.43221346899891416
GSE25055,2,score,GSM615298,1,0,0.10202487826753874
GSE25055,2,score,GSM615299,0,0,0.033352591917598866
GSE25055,2,score,GSM615300,3,1,0.1519948141365324
GSE25055,2,score,GSM615301,3,0,0.2244012355469214
GSE25055,2,score,GSM615302,4,0,0.14207423746879672
GSE25055,2,score,GSM615303,4,0,0.24567446032364407
GSE25055,2,score,GSM615304,3,0,0.06361627045766478
GSE25055,2,score,GSM615305,1,0,0.08324566416228756
GSE25055,2,score,GSM615306,0,0,0.05754010281853127
GSE25055,2,score,GSM615307,2,1,0.692335002484414
GSE25055,2,score,GSM615308,1,0,0.06437053252551472
GSE25055,2,score,GSM615309,4,0,0.10617326568783009
GSE25055,2,score,GSM615310,1,1,0.5943282929078529
GSE25055,2,score,GSM615311,0,0,0.032531922876396745
GSE25055,2,score,GSM615312,2,0,0.1842119630825585
GSE25055,2,score,GSM615313,3,0,0.051947242507538176
GSE25055,2,score,GSM615314,2,0,0.04825022697470131
GSE25055,2,score,GSM615315,1,0,0.39963668671823926
GSE25055,2,score,GSM615316,1,0,0.02796670785801584
GSE25055,2,score,GSM615317,1,0,0.30680973352779
GSE25055,2,score,GSM615318,4,0,0.06518576223620041
GSE25055,2,score,GSM615319,1,0,0.13431829035337275
GSE25055,2,score,GSM615320,0,0,0.47892059809872395
GSE25055,2,score,GSM615321,3,0,0.24764545932780008
GSE25055,2,score,GSM615322,3,0,0.362413654034994
GSE25055,2,score,GSM615323,0,0,0.0437035094106279
GSE25055,2,score,GSM615324,4,1,0.5803358078601042
GSE25055,2,score,GSM615325,3,1,0.3929679611114529
GSE25055,2,score,GSM615326,2,0,0.569341760840966
GSE25055,2,score,GSM615327,2,0,0.28741541846467805
GSE25055,2,score,GSM615328,1,0,0.06042610445034684
GSE25055,2,score,GSM615329,1,0,0.04988026054037887
GSE25055,2,score,GSM615330,2,0,0.051486693152147836
GSE25055,2,score,GSM615331,4,1,0.090889376451808
GSE25055,2,score,GSM615332,4,0,0.20468073932471784
GSE25055,2,score,GSM615333,4,0,0.1813208644712124
GSE25055,2,score,GSM615334,3,1,0.536986107587027
GSE25055,2,score,GSM615335,2,0,0.25869374681638097
GSE25055,2,score,GSM615336,1,1,0.42743625110646416
GSE25055,2,score,GSM615337,4,0,0.10491556117177982
GSE25055,2,score,GSM615338,1,1,0.22390341891023738
GSE25055,2,score,GSM615339,3,0,0.05062667094260491
GSE25055,2,score,GSM615340,1,0,0.07605745441551258
GSE25055,2,score,GSM615341,2,0,0.046487098571096896
GSE25055,2,score,GSM615342,0,0,0.07295144761352683
GSE25055,2,score,GSM615343,3,0,0.18442019036006033
GSE25055,2,score,GSM615344,3,0,0.08627896409893272
GSE25055,2,score,GSM615345,3,0,0.05342408780393862
GSE25055,2,score,GSM615346,2,0,0.3510945660668611
GSE25055,2,score,GSM615347,3,0,0.2880189369823102
GSE25055,2,score,GSM615348,3,0,0.24813517398550256
GSE25055,2,score,GSM615349,0,0,0.0657068610611189
GSE25055,2,score,GSM615350,4,0,0.149933126664195
GSE25055,2,score,GSM615351,2,0,0.11205149286913287
GSE25055,2,score,GSM615352,1,0,0.028575400758380245
GSE25055,2,score,GSM615353,0,1,0.13252675165338285
GSE25055,2,score,GSM615354,0,1,0.23757806560959463
GSE25055,2,score,GSM615355,4,0,0.18530438784875383
GSE25055,2,score,GSM615356,3,0,0.1211105755922197
GSE25055,2,score,GSM615357,2,1,0.44120989432022284
GSE25055,2,score,GSM615358,1,0,0.06666107374977455
GSE25055,2,score,GSM615359,3,1,0.4376160409465169
GSE25055,2,score,GSM615360,4,0,0.09568738390584158
GSE25055,2,score,GSM615361,2,0,0.17175510019238607
GSE25055,2,score,GSM615362,4,0,0.06671464688270456
GSE25055,2,score,GSM615363,3,0,0.11449787269085988
GSE25055,2,score,GSM615364,4,0,0.3284965654954126
GSE25055,2,score,GSM615365,1,0,0.09451844209152496
GSE25055,2,score,GSM615366,3,0,0.06967866355950866
GSE25055,2,score,GSM615367,0,0,0.09636366613320071
GSE25055,2,score,GSM615368,0,0,0.5228617803105358
GSE25055,2,score,GSM615369,3,0,0.11780605930480614
GSE25055,2,score,GSM615370,0,0,0.12522025704295323
GSE25055,2,score,GSM615371,1,1,0.2484312998951699
GSE25055,2,score,GSM615372,4,0,0.2508944737822763
GSE25055,2,score,GSM615373,3,0,0.1619726832305807
GSE25055,2,score,GSM615374,4,0,0.042416001317900034
GSE25055,2,score,GSM615375,2,1,0.793424936991613
GSE25055,2,score,GSM615376,4,0,0.10269957168643298
GSE25055,2,score,GSM615377,0,0,0.018247386250150988
GSE25055,2,score,GSM615378,2,0,0.21263325959694124
GSE25055,2,score,GSM615379,0,1,0.12041049480496116
GSE25055,2,score,GSM615380,4,0,0.46984066164825644
GSE25055,2,score,GSM615381,2,0,0.02166847683582122
GSE25055,2,score,GSM615382,0,0,0.06208878091443279
GSE25055,2,score,GSM615383,0,1,0.038091005241095634
GSE25055,2,score,GSM615384,2,0,0.12368018747989899
GSE25055,2,score,GSM615385,2,0,0.03531290957208879
GSE25055,2,score,GSM615386,1,0,0.0264538835383118
GSE25055,2,score,GSM615387,4,0,0.12750569775777063
GSE25055,2,score,GSM615388,3,0,0.08095075325732257
GSE25055,2,score,GSM615389,4,0,0.08675033017665973
GSE25055,2,score,GSM615390,1,0,0.35422286476129733
GSE25055,2,score,GSM615391,0,0,0.05079062438905424
GSE25055,2,score,GSM615392,3,0,0.3114489570897739
GSE25055,2,score,GSM615393,2,1,0.11979386415101209
GSE25055,2,score,GSM615394,3,1,0.1495537116487875
GSE25055,2,score,GSM615395,0,0,0.03143520604330824
GSE25055,2,score,GSM615396,0,1,0.2770744127689365
GSE25055,2,score,GSM615397,3,1,0.2750406657262089
GSE25055,2,score,GSM615398,0,0,0.1688833430389301
GSE25055,2,score,GSM615399,3,0,0.10131700972347003
GSE25055,2,score,GSM615400,3,0,0.09164206850876429
GSE25055,2,score,GSM615401,0,0,0.17621670617586002
GSE25055,2,score,GSM615402,4,0,0.10937268267650245
GSE25055,2,score,GSM615403,1,0,0.3162855456459895
GSE25055,2,score,GSM615404,4,0,0.11936831096104233
GSE25055,2,score,GSM615405,1,0,0.4847344317604956
GSE25055,2,combined,GSM615096,2,0,0.054222424944919176
GSE25055,2,combined,GSM615097,3,0,0.0547625525953842
GSE25055,2,combined,GSM615098,0,0,0.42925618593561754
GSE25055,2,combined,GSM615099,4,1,0.5353882483842778
GSE25055,2,combined,GSM615100,0,0,0.10392559416789948
GSE25055,2,combined,GSM615101,0,0,0.4168968449621076
GSE25055,2,combined,GSM615102,2,0,0.42627056418109255
GSE25055,2,combined,GSM615104,2,0,0.26807994843705885
GSE25055,2,combined,GSM615106,1,0,0.19114070168788228
GSE25055,2,combined,GSM615107,2,0,0.40823733858093314
GSE25055,2,combined,GSM615108,0,0,0.07040942991915332
GSE25055,2,combined,GSM615109,1,0,0.41950052142113964
GSE25055,2,combined,GSM615111,4,0,0.23578306187227618
GSE25055,2,combined,GSM615112,0,0,0.3838154508698148
GSE25055,2,combined,GSM615113,2,0,0.40867379702737094
GSE25055,2,combined,GSM615114,0,0,0.029902319689249092
GSE25055,2,combined,GSM615115,3,0,0.2904722355758706
GSE25055,2,combined,GSM615116,3,0,0.198892510513509
GSE25055,2,combined,GSM615117,0,0,0.17116834866837
GSE25055,2,combined,GSM615120,4,0,0.037116560988128135
GSE25055,2,combined,GSM615121,1,0,0.05459681596345255
GSE25055,2,combined,GSM615122,0,1,0.02899204712275929
GSE25055,2,combined,GSM615123,0,1,0.18210466114529567
GSE25055,2,combined,GSM615124,4,0,0.06065687716121138
GSE25055,2,combined,GSM615125,1,0,0.040435341257153284
GSE25055,2,combined,GSM615126,4,0,0.09085298501202216
GSE25055,2,combined,GSM615127,1,0,0.0455848870744277
GSE25055,2,combined,GSM615128,3,0,0.055649154623201504
GSE25055,2,combined,GSM615129,3,0,0.06049725674309419
GSE25055,2,combined,GSM615130,0,0,0.03508904821619575
GSE25055,2,combined,GSM615131,4,0,0.05709262067806643
GSE25055,2,combined,GSM615132,0,0,0.03536486585372351
GSE25055,2,combined,GSM615133,4,0,0.04231221851538192
GSE25055,2,combined,GSM615134,3,0,0.054154958139261945
GSE25055,2,combined,GSM615135,1,0,0.21891570762637233
GSE25055,2,combined,GSM615136,3,0,0.32587911957881477
GSE25055,2,combined,GSM615137,1,1,0.10085914526066427
GSE25055,2,combined,GSM615138,1,0,0.07392005447738503
GSE25055,2,combined,GSM615139,1,1,0.5479390414605624
GSE25055,2,combined,GSM615140,3,1,0.34549360626972964
GSE25055,2,combined,GSM615142,4,0,0.058811684739593736
GSE25055,2,combined,GSM615143,2,1,0.352667674362
GSE25055,2,combined,GSM615144,0,0,0.03482884499434167
GSE25055,2,combined,GSM615145,1,0,0.5976908476623913
GSE25055,2,combined,GSM615146,0,1,0.3535318866648545
GSE25055,2,combined,GSM615147,1,0,0.04138320067933202
GSE25055,2,combined,GSM615148,3,0,0.3645728048635907
GSE25055,2,combined,GSM615149,3,0,0.27539562514335975
GSE25055,2,combined,GSM615150,1,0,0.03717376270653735
GSE25055,2,combined,GSM615151,1,0,0.39017201281547204
GSE25055,2,combined,GSM615153,2,0,0.07592083087575811
GSE25055,2,combined,GSM615154,0,1,0.2725693995372361
GSE25055,2,combined,GSM615155,1,0,0.1920738908030275
GSE25055,2,combined,GSM615156,1,0,0.30904557138285627
GSE25055,2,combined,GSM615157,4,0,0.04108171285297421
GSE25055,2,combined,GSM615158,0,0,0.031192951489181803
GSE25055,2,combined,GSM615159,2,0,0.13726162073796583
GSE25055,2,combined,GSM615160,0,0,0.33590658923735844
GSE25055,2,combined,GSM615162,2,0,0.03869558786802474
GSE25055,2,combined,GSM615164,4,1,0.5477132720895519
GSE25055,2,combined,GSM615165,4,0,0.06073004418758133
GSE25055,2,combined,GSM615166,2,0,0.1352131346740424
GSE25055,2,combined,GSM615167,4,1,0.20129000061775384
GSE25055,2,combined,GSM615168,0,0,0.02607724640533824
GSE25055,2,combined,GSM615169,4,0,0.35524233669902716
GSE25055,2,combined,GSM615170,4,0,0.04793377110730968
GSE25055,2,combined,GSM615171,3,1,0.26263070514313613
GSE25055,2,combined,GSM615172,1,0,0.0332030312477926
GSE25055,2,combined,GSM615173,0,0,0.02962552605715178
GSE25055,2,combined,GSM615174,1,0,0.09516984329360934
GSE25055,2,combined,GSM615175,4,1,0.43768707156797926
GSE25055,2,combined,GSM615176,3,0,0.060113757809862084
GSE25055,2,combined,GSM615177,3,0,0.08298648037823363
GSE25055,2,combined,GSM615178,1,0,0.3612538693641448
GSE25055,2,combined,GSM615179,3,0,0.07044087598482764
GSE25055,2,combined,GSM615180,4,0,0.08831147638813598
GSE25055,2,combined,GSM615181,1,1,0.35019721587926794
GSE25055,2,combined,GSM615182,2,0,0.2793164820575323
GSE25055,2,combined,GSM615183,2,0,0.050734434320516435
GSE25055,2,combined,GSM615184,1,0,0.5311046654840701
GSE25055,2,combined,GSM615185,4,0,0.2147614558072404
GSE25055,2,combined,GSM615186,2,1,0.045603675321294196
GSE25055,2,combined,GSM615187,1,0,0.05504727009277714
GSE25055,2,combined,GSM615188,0,0,0.23650588371592035
GSE25055,2,combined,GSM615189,3,0,0.22843192446728244
GSE25055,2,combined,GSM615190,4,0,0.4118280335616752
GSE25055,2,combined,GSM615191,2,1,0.6636398854056097
GSE25055,2,combined,GSM615192,3,0,0.05874451632998166
GSE25055,2,combined,GSM615193,4,1,0.3627806493791033
GSE25055,2,combined,GSM615194,3,1,0.40580095423196355
GSE25055,2,combined,GSM615195,4,0,0.6044410201174754
GSE25055,2,combined,GSM615196,0,0,0.09244741947763466
GSE25055,2,combined,GSM615197,0,0,0.40691514945842777
GSE25055,2,combined,GSM615198,3,0,0.04533182355948967
GSE25055,2,combined,GSM615199,2,0,0.10029363727509133
GSE25055,2,combined,GSM615200,4,0,0.16079681961551623
GSE25055,2,combined,GSM615201,4,1,0.15473405012008715
GSE25055,2,combined,GSM615202,0,1,0.5797670595643295
GSE25055,2,combined,GSM615203,1,0,0.011765488160193419
GSE25055,2,combined,GSM615204,0,0,0.02455411256458851
GSE25055,2,combined,GSM615205,4,0,0.044661366657023166
GSE25055,2,combined,GSM615206,4,0,0.046562963966587156
GSE25055,2,combined,GSM615207,2,0,0.0417595203141505
GSE25055,2,combined,GSM615208,4,0,0.03444701853076045
GSE25055,2,combined,GSM615209,4,1,0.44779919903666954
GSE25055,2,combined,GSM615210,3,0,0.023155707039978886
GSE25055,2,combined,GSM615211,3,1,0.5558698980231602
GSE25055,2,combined,GSM615212,2,1,0.13975393052777407
GSE25055,2,combined,GSM615213,0,1,0.3739195464188048
GSE25055,2,combined,GSM615214,3,0,0.030128499816549893
GSE25055,2,combined,GSM615215,1,1,0.3123557429852481
GSE25055,2,combined,GSM615216,2,0,0.0956188665791979
GSE25055,2,combined,GSM615217,2,0,0.06207765705132833
GSE25055,2,combined,GSM615218,2,0,0.23760121309814605
GSE25055,2,combined,GSM615219,4,0,0.09411025909531391
GSE25055,2,combined,GSM615220,2,0,0.02303143056811987
GSE25055,2,combined,GSM615221,2,0,0.09229753202385164
GSE25055,2,combined,GSM615222,3,0,0.04231605972499004
GSE25055,2,combined,GSM615223,1,0,0.1412379938648175
GSE25055,2,combined,GSM615224,0,0,0.01028436358509299
GSE25055,2,combined,GSM615225,1,0,0.24563719766228323
GSE25055,2,combined,GSM615226,0,0,0.014423071722835072
GSE25055,2,combined,GSM615227,2,0,0.10214049931040498
GSE25055,2,combined,GSM615228,3,0,0.09352311543065954
GSE25055,2,combined,GSM615229,4,0,0.0941844087736175
GSE25055,2,combined,GSM615230,0,0,0.021514645190582382
GSE25055,2,combined,GSM615231,3,0,0.04412015295381747
GSE25055,2,combined,GSM615232,4,0,0.028715875501314218
GSE25055,2,combined,GSM615233,3,0,0.021208660877531264
GSE25055,2,combined,GSM615234,3,0,0.06214460293280394
GSE25055,2,combined,GSM615235,2,0,0.16218466282947092
GSE25055,2,combined,GSM615236,0,0,0.03975563620323876
GSE25055,2,combined,GSM615237,4,0,0.042607982536844474
GSE25055,2,combined,GSM615238,2,0,0.026666985036723528
GSE25055,2,combined,GSM615239,3,0,0.09955411769788249
GSE25055,2,combined,GSM615240,2,1,0.10176303621485346
GSE25055,2,combined,GSM615241,2,0,0.05858463624737172
GSE25055,2,combined,GSM615242,3,1,0.38508920613136893
GSE25055,2,combined,GSM615243,1,0,0.03434700334293244
GSE25055,2,combined,GSM615244,1,0,0.14801682384382409
GSE25055,2,combined,GSM615245,2,0,0.18054439261793936
GSE25055,2,combined,GSM615246,4,0,0.1251827051010009
GSE25055,2,combined,GSM615247,1,0,0.08435644839679503
GSE25055,2,combined,GSM615248,2,0,0.29193288696289765
GSE25055,2,combined,GSM615249,1,0,0.03011549608744234
GSE25055,2,combined,GSM615250,0,0,0.43222492346097174
GSE25055,2,combined,GSM615251,2,0,0.40578013332084173
GSE25055,2,combined,GSM615252,2,0,0.027215579278582945
GSE25055,2,combined,GSM615253,0,0,0.05465396416928875
GSE25055,2,combined,GSM615254,3,0,0.05624713123162095
GSE25055,2,combined,GSM615255,0,0,0.2903697174229259
GSE25055,2,combined,GSM615256,1,1,0.10023033217581181
GSE25055,2,combined,GSM615257,0,0,0.010229951766906591
GSE25055,2,combined,GSM615258,2,0,0.08811655666206056
GSE25055,2,combined,GSM615259,1,0,0.023840150585407675
GSE25055,2,combined,GSM615260,4,0,0.17284144249451433
GSE25055,2,combined,GSM615261,4,0,0.07772726566865942
GSE25055,2,combined,GSM615262,0,0,0.021766818420105343
GSE25055,2,combined,GSM615263,1,1,0.3341752307972254
GSE25055,2,combined,GSM615264,1,1,0.21234907397523076
GSE25055,2,combined,GSM615265,2,0,0.12545139042660053
GSE25055,2,combined,GSM615266,1,0,0.06973541008542625
GSE25055,2,combined,GSM615267,1,0,0.0652631942445761
GSE25055,2,combined,GSM615268,0,0,0.054569372161236605
GSE25055,2,combined,GSM615269,2,0,0.0607634787073265
GSE25055,2,combined,GSM615270,4,1,0.527768287016003
GSE25055,2,combined,GSM615271,0,0,0.13144892603404904
GSE25055,2,combined,GSM615272,3,0,0.04369582470765124
GSE25055,2,combined,GSM615273,1,0,0.09020568547717524
GSE25055,2,combined,GSM615274,2,0,0.17049427847646706
GSE25055,2,combined,GSM615275,2,0,0.4151974637306959
GSE25055,2,combined,GSM615276,2,0,0.22926508533672874
GSE25055,2,combined,GSM615277,1,0,0.06007049240922099
GSE25055,2,combined,GSM615278,2,0,0.07776398112900565
GSE25055,2,combined,GSM615279,3,0,0.06463649696740778
GSE25055,2,combined,GSM615280,0,1,0.1293801304779397
GSE25055,2,combined,GSM615281,4,0,0.07722564171956668
GSE25055,2,combined,GSM615282,0,0,0.04614149654449409
GSE25055,2,combined,GSM615283,3,0,0.08680568536350067
GSE25055,2,combined,GSM615284,2,1,0.3880386594152082
GSE25055,2,combined,GSM615285,1,0,0.04005374861913617
GSE25055,2,combined,GSM615286,3,0,0.1356164354641886
GSE25055,2,combined,GSM615287,0,0,0.2672417293667445
GSE25055,2,combined,GSM615288,0,0,0.4596883858100255
GSE25055,2,combined,GSM615289,1,0,0.15641877393336096
GSE25055,2,combined,GSM615290,0,0,0.1374039045505238
GSE25055,2,combined,GSM615291,2,1,0.2673892696284202
GSE25055,2,combined,GSM615292,2,0,0.07353755667851888
GSE25055,2,combined,GSM615293,4,1,0.6637317994732963
GSE25055,2,combined,GSM615294,4,0,0.1185762530221139
GSE25055,2,combined,GSM615295,3,0,0.1664935254393497
GSE25055,2,combined,GSM615296,2,0,0.08774184441996329
GSE25055,2,combined,GSM615297,4,0,0.4499329940305213
GSE25055,2,combined,GSM615298,1,0,0.06910152279779264
GSE25055,2,combined,GSM615299,0,0,0.020888046518517913
GSE25055,2,combined,GSM615300,3,1,0.21405560783128535
GSE25055,2,combined,GSM615301,3,0,0.2560567115867673
GSE25055,2,combined,GSM615302,4,0,0.06923404175532097
GSE25055,2,combined,GSM615303,4,0,0.2686319459962023
GSE25055,2,combined,GSM615304,3,0,0.04059526665898567
GSE25055,2,combined,GSM615305,1,0,0.06117382647390631
GSE25055,2,combined,GSM615306,0,0,0.02659488266278632
GSE25055,2,combined,GSM615307,2,1,0.7461023612682998
GSE25055,2,combined,GSM615308,1,0,0.037146629885977646
GSE25055,2,combined,GSM615309,4,0,0.06534772059446589
GSE25055,2,combined,GSM615310,1,1,0.18867468762364217
GSE25055,2,combined,GSM615311,0,0,0.02483087083180462
GSE25055,2,combined,GSM615312,2,0,0.2576545985265161
GSE25055,2,combined,GSM615313,3,0,0.040474111156056765
GSE25055,2,combined,GSM615314,2,0,0.024606486386947117
GSE25055,2,combined,GSM615315,1,0,0.5792814086879524
GSE25055,2,combined,GSM615316,1,0,0.013294597919240854
GSE25055,2,combined,GSM615317,1,0,0.4065143418091323
GSE25055,2,combined,GSM615318,4,0,0.04370728319398434
GSE25055,2,combined,GSM615319,1,0,0.1744309714609114
GSE25055,2,combined,GSM615320,0,0,0.5637200797163462
GSE25055,2,combined,GSM615321,3,0,0.32801374327178484
GSE25055,2,combined,GSM615322,3,0,0.4083847716746365
GSE25055,2,combined,GSM615323,0,0,0.14249349870396122
GSE25055,2,combined,GSM615324,4,1,0.5981109659187935
GSE25055,2,combined,GSM615325,3,1,0.47879635412784916
GSE25055,2,combined,GSM615326,2,0,0.28622237723762906
GSE25055,2,combined,GSM615327,2,0,0.2886101522305402
GSE25055,2,combined,GSM615328,1,0,0.04156286121169394
GSE25055,2,combined,GSM615329,1,0,0.04025850334440935
GSE25055,2,combined,GSM615330,2,0,0.08107272377482928
GSE25055,2,combined,GSM615331,4,1,0.04413199195335108
GSE25055,2,combined,GSM615332,4,0,0.0776048461205869
GSE25055,2,combined,GSM615333,4,0,0.2845981527536362
GSE25055,2,combined,GSM615334,3,1,0.48616231114407166
GSE25055,2,combined,GSM615335,2,0,0.32584215950709866
GSE25055,2,combined,GSM615336,1,1,0.48368847888776656
GSE25055,2,combined,GSM615337,4,0,0.06367030000680793
GSE25055,2,combined,GSM615338,1,1,0.27815913109549045
GSE25055,2,combined,GSM615339,3,0,0.033674944871489976
GSE25055,2,combined,GSM615340,1,0,0.043051086430494025
GSE25055,2,combined,GSM615341,2,0,0.03839908464531042
GSE25055,2,combined,GSM615342,0,0,0.1726349716260481
GSE25055,2,combined,GSM615343,3,0,0.15106875042285234
GSE25055,2,combined,GSM615344,3,0,0.14442967796677478
GSE25055,2,combined,GSM615345,3,0,0.09325144087955788
GSE25055,2,combined,GSM615346,2,0,0.4476743281374116
GSE25055,2,combined,GSM615347,3,0,0.26073368668474156
GSE25055,2,combined,GSM615348,3,0,0.4132331542976018
GSE25055,2,combined,GSM615349,0,0,0.03300915457083864
GSE25055,2,combined,GSM615350,4,0,0.21639547559508174
GSE25055,2,combined,GSM615351,2,0,0.06790376082646213
GSE25055,2,combined,GSM615352,1,0,0.011477574726890153
GSE25055,2,combined,GSM615353,0,1,0.059751115696570906
GSE25055,2,combined,GSM615354,0,1,0.3505687803102328
GSE25055,2,combined,GSM615355,4,0,0.09777212868789982
GSE25055,2,combined,GSM615356,3,0,0.2336641564264369
GSE25055,2,combined,GSM615357,2,1,0.4634019125609882
GSE25055,2,combined,GSM615358,1,0,0.02361704113218644
GSE25055,2,combined,GSM615359,3,1,0.4687128846072831
GSE25055,2,combined,GSM615360,4,0,0.052677395429333536
GSE25055,2,combined,GSM615361,2,0,0.07830518378810185
GSE25055,2,combined,GSM615362,4,0,0.040786169277203015
GSE25055,2,combined,GSM615363,3,0,0.2529507272536687
GSE25055,2,combined,GSM615364,4,0,0.47747605845233193
GSE25055,2,combined,GSM615365,1,0,0.035901678027956276
GSE25055,2,combined,GSM615366,3,0,0.054312160653839765
GSE25055,2,combined,GSM615367,0,0,0.04473718136587765
GSE25055,2,combined,GSM615368,0,0,0.6373909521372404
GSE25055,2,combined,GSM615369,3,0,0.20419155144244622
GSE25055,2,combined,GSM615370,0,0,0.06582867093845685
GSE25055,2,combined,GSM615371,1,1,0.24382129727651783
GSE25055,2,combined,GSM615372,4,0,0.38766307398653854
GSE25055,2,combined,GSM615373,3,0,0.10541484192665422
GSE25055,2,combined,GSM615374,4,0,0.027132196645962652
GSE25055,2,combined,GSM615375,2,1,0.6476064136099943
GSE25055,2,combined,GSM615376,4,0,0.1887690736759817
GSE25055,2,combined,GSM615377,0,0,0.013059182674910864
GSE25055,2,combined,GSM615378,2,0,0.32776260753965686
GSE25055,2,combined,GSM615379,0,1,0.1896393607103329
GSE25055,2,combined,GSM615380,4,0,0.5585614211577653
GSE25055,2,combined,GSM615381,2,0,0.015884357354844614
GSE25055,2,combined,GSM615382,0,0,0.12643437641741134
GSE25055,2,combined,GSM615383,0,1,0.021711038585702898
GSE25055,2,combined,GSM615384,2,0,0.1768323945529519
GSE25055,2,combined,GSM615385,2,0,0.10367113225629272
GSE25055,2,combined,GSM615386,1,0,0.020753749626607164
GSE25055,2,combined,GSM615387,4,0,0.26024894423344475
GSE25055,2,combined,GSM615388,3,0,0.06831488191150453
GSE25055,2,combined,GSM615389,4,0,0.048881808039850976
GSE25055,2,combined,GSM615390,1,0,0.45016793293695817
GSE25055,2,combined,GSM615391,0,0,0.024232883422099474
GSE25055,2,combined,GSM615392,3,0,0.3073826416858464
GSE25055,2,combined,GSM615393,2,1,0.2174879157330873
GSE25055,2,combined,GSM615394,3,1,0.19442588164174604
GSE25055,2,combined,GSM615395,0,0,0.015557973617318135
GSE25055,2,combined,GSM615396,0,1,0.43630742024431907
GSE25055,2,combined,GSM615397,3,1,0.3173201096643497
GSE25055,2,combined,GSM615398,0,0,0.06947855804877133
GSE25055,2,combined,GSM615399,3,0,0.0645918069488432
GSE25055,2,combined,GSM615400,3,0,0.03827130856357925
GSE25055,2,combined,GSM615401,0,0,0.0527224353224023
GSE25055,2,combined,GSM615402,4,0,0.0646282292705175
GSE25055,2,combined,GSM615403,1,0,0.39424648482725055
GSE25055,2,combined,GSM615404,4,0,0.05091035368341107
GSE25055,2,combined,GSM615405,1,0,0.46278958678427856
GSE25055,3,intercept,GSM615096,4,0,0.18672199170124482
GSE25055,3,intercept,GSM615097,0,0,0.18333333333333332
GSE25055,3,intercept,GSM615098,0,0,0.18333333333333332
GSE25055,3,intercept,GSM615099,3,1,0.18672199170124482
GSE25055,3,intercept,GSM615100,2,0,0.18672199170124482
GSE25055,3,intercept,GSM615101,2,0,0.18672199170124482
GSE25055,3,intercept,GSM615102,0,0,0.18333333333333332
GSE25055,3,intercept,GSM615104,4,0,0.18672199170124482
GSE25055,3,intercept,GSM615106,0,0,0.18333333333333332
GSE25055,3,intercept,GSM615107,4,0,0.18672199170124482
GSE25055,3,intercept,GSM615108,4,0,0.18672199170124482
GSE25055,3,intercept,GSM615109,3,0,0.18672199170124482
GSE25055,3,intercept,GSM615111,4,0,0.18672199170124482
GSE25055,3,intercept,GSM615112,3,0,0.18672199170124482
GSE25055,3,intercept,GSM615113,1,0,0.18672199170124482
GSE25055,3,intercept,GSM615114,4,0,0.18672199170124482
GSE25055,3,intercept,GSM615115,4,0,0.18672199170124482
GSE25055,3,intercept,GSM615116,3,0,0.18672199170124482
GSE25055,3,intercept,GSM615117,2,0,0.18672199170124482
GSE25055,3,intercept,GSM615120,3,0,0.18672199170124482
GSE25055,3,intercept,GSM615121,2,0,0.18672199170124482
GSE25055,3,intercept,GSM615122,4,1,0.18672199170124482
GSE25055,3,intercept,GSM615123,4,1,0.18672199170124482
GSE25055,3,intercept,GSM615124,1,0,0.18672199170124482
GSE25055,3,intercept,GSM615125,1,0,0.18672199170124482
GSE25055,3,intercept,GSM615126,0,0,0.18333333333333332
GSE25055,3,intercept,GSM615127,4,0,0.18672199170124482
GSE25055,3,intercept,GSM615128,1,0,0.18672199170124482
GSE25055,3,intercept,GSM615129,3,0,0.18672199170124482
GSE25055,3,intercept,GSM615130,2,0,0.18672199170124482
GSE25055,3,intercept,GSM615131,3,0,0.18672199170124482
GSE25055,3,intercept,GSM615132,0,0,0.18333333333333332
GSE25055,3,intercept,GSM615133,1,0,0.18672199170124482
GSE25055,3,intercept,GSM615134,2,0,0.18672199170124482
GSE25055,3,intercept,GSM615135,4,0,0.18672199170124482
GSE25055,3,intercept,GSM615136,0,0,0.18333333333333332
GSE25055,3,intercept,GSM615137,2,1,0.18672199170124482
GSE25055,3,intercept,GSM615138,4,0,0.18672199170124482
GSE25055,3,intercept,GSM615139,3,1,0.18672199170124482
GSE25055,3,intercept,GSM615140,2,1,0.18672199170124482
GSE25055,3,intercept,GSM615142,1,0,0.18672199170124482
GSE25055,3,intercept,GSM615143,3,1,0.18672199170124482
GSE25055,3,intercept,GSM615144,0,0,0.18333333333333332
GSE25055,3,intercept,GSM615145,3,0,0.18672199170124482
GSE25055,3,intercept,GSM615146,2,1,0.18672199170124482
GSE25055,3,intercept,GSM615147,3,0,0.18672199170124482
GSE25055,3,intercept,GSM615148,2,0,0.18672199170124482
GSE25055,3,intercept,GSM615149,0,0,0.18333333333333332
GSE25055,3,intercept,GSM615150,0,0,0.18333333333333332
GSE25055,3,intercept,GSM615151,1,0,0.18672199170124482
GSE25055,3,intercept,GSM615153,4,0,0.18672199170124482
GSE25055,3,intercept,GSM615154,1,1,0.18672199170124482
GSE25055,3,intercept,GSM615155,0,0,0.18333333333333332
GSE25055,3,intercept,GSM615156,3,0,0.18672199170124482
GSE25055,3,intercept,GSM615157,3,0,0.18672199170124482
GSE25055,3,intercept,GSM615158,1,0,0.18672199170124482
GSE25055,3,intercept,GSM615159,4,0,0.18672199170124482
GSE25055,3,intercept,GSM615160,0,0,0.18333333333333332
GSE25055,3,intercept,GSM615162,4,0,0.18672199170124482
GSE25055,3,intercept,GSM615164,3,1,0.18672199170124482
GSE25055,3,intercept,GSM615165,0,0,0.18333333333333332
GSE25055,3,intercept,GSM615166,0,0,0.18333333333333332
GSE25055,3,intercept,GSM615167,1,1,0.18672199170124482
GSE25055,3,intercept,GSM615168,0,0,0.18333333333333332
GSE25055,3,intercept,GSM615169,3,0,0.18672199170124482
GSE25055,3,intercept,GSM615170,1,0,0.18672199170124482
GSE25055,3,intercept,GSM615171,0,1,0.18333333333333332
GSE25055,3,intercept,GSM615172,0,0,0.18333333333333332
GSE25055,3,intercept,GSM615173,0,0,0.18333333333333332
GSE25055,3,intercept,GSM615174,3,0,0.18672199170124482
GSE25055,3,intercept,GSM615175,4,1,0.18672199170124482
GSE25055,3,intercept,GSM615176,1,0,0.18672199170124482
GSE25055,3,intercept,GSM615177,4,0,0.18672199170124482
GSE25055,3,intercept,GSM615178,4,0,0.18672199170124482
GSE25055,3,intercept,GSM615179,3,0,0.18672199170124482
GSE25055,3,intercept,GSM615180,1,0,0.18672199170124482
GSE25055,3,intercept,GSM615181,4,1,0.18672199170124482
GSE25055,3,intercept,GSM615182,1,0,0.18672199170124482
GSE25055,3,intercept,GSM615183,4,0,0.18672199170124482
GSE25055,3,intercept,GSM615184,0,0,0.18333333333333332
GSE25055,3,intercept,GSM615185,3,0,0.18672199170124482
GSE25055,3,intercept,GSM615186,2,1,0.18672199170124482
GSE25055,3,intercept,GSM615187,0,0,0.18333333333333332
GSE25055,3,intercept,GSM615188,3,0,0.18672199170124482
GSE25055,3,intercept,GSM615189,3,0,0.18672199170124482
GSE25055,3,intercept,GSM615190,0,0,0.18333333333333332
GSE25055,3,intercept,GSM615191,0,1,0.18333333333333332
GSE25055,3,intercept,GSM615192,1,0,0.18672199170124482
GSE25055,3,intercept,GSM615193,0,1,0.18333333333333332
GSE25055,3,intercept,GSM615194,1,1,0.18672199170124482
GSE25055,3,intercept,GSM615195,0,0,0.18333333333333332
GSE25055,3,intercept,GSM615196,2,0,0.18672199170124482
GSE25055,3,intercept,GSM615197,1,0,0.18672199170124482
GSE25055,3,intercept,GSM615198,3,0,0.18672199170124482
GSE25055,3,intercept,GSM615199,0,0,0.18333333333333332
GSE25055,3,intercept,GSM615200,2,0,0.18672199170124482
GSE25055,3,intercept,GSM615201,0,1,0.18333333333333332
GSE25055,3,intercept,GSM615202,3,1,0.18672199170124482
GSE25055,3,intercept,GSM615203,0,0,0.18333333333333332
GSE25055,3,intercept,GSM615204,1,0,0.18672199170124482
GSE25055,3,intercept,GSM615205,4,0,0.18672199170124482
GSE25055,3,intercept,GSM615206,2,0,0.18672199170124482
GSE25055,3,intercept,GSM615207,4,0,0.18672199170124482
GSE25055,3,intercept,GSM615208,4,0,0.18672199170124482
GSE25055,3,intercept,GSM615209,0,1,0.18333333333333332
GSE25055,3,intercept,GSM615210,2,0,0.18672199170124482
GSE25055,3,intercept,GSM615211,3,1,0.18672199170124482
GSE25055,3,intercept,GSM615212,1,1,0.18672199170124482
GSE25055,3,intercept,GSM615213,2,1,0.18672199170124482
GSE25055,3,intercept,GSM615214,1,0,0.18672199170124482
GSE25055,3,intercept,GSM615215,0,1,0.18333333333333332
GSE25055,3,intercept,GSM615216,4,0,0.18672199170124482
GSE25055,3,intercept,GSM615217,2,0,0.18672199170124482
GSE25055,3,intercept,GSM615218,2,0,0.18672199170124482
GSE25055,3,intercept,GSM615219,3,0,0.18672199170124482
GSE25055,3,intercept,GSM615220,1,0,0.18672199170124482
GSE25055,3,intercept,GSM615221,0,0,0.18333333333333332
GSE25055,3,intercept,GSM615222,4,0,0.18672199170124482
GSE25055,3,intercept,GSM615223,0,0,0.18333333333333332
GSE25055,3,intercept,GSM615224,1,0,0.18672199170124482
GSE25055,3,intercept,GSM615225,1,0,0.18672199170124482
GSE25055,3,intercept,GSM615226,4,0,0.18672199170124482
GSE25055,3,intercept,GSM615227,0,0,0.18333333333333332
GSE25055,3,intercept,GSM615228,3,0,0.18672199170124482
GSE25055,3,intercept,GSM615229,2,0,0.18672199170124482
GSE25055,3,intercept,GSM615230,1,0,0.18672199170124482
GSE25055,3,intercept,GSM615231,4,0,0.18672199170124482
GSE25055,3,intercept,GSM615232,1,0,0.18672199170124482
GSE25055,3,intercept,GSM615233,3,0,0.18672199170124482
GSE25055,3,intercept,GSM615234,3,0,0.18672199170124482
GSE25055,3,intercept,GSM615235,1,0,0.18672199170124482
GSE25055,3,intercept,GSM615236,1,0,0.18672199170124482
GSE25055,3,intercept,GSM615237,0,0,0.18333333333333332
GSE25055,3,intercept,GSM615238,3,0,0.18672199170124482
GSE25055,3,intercept,GSM615239,3,0,0.18672199170124482
GSE25055,3,intercept,GSM615240,4,1,0.18672199170124482
GSE25055,3,intercept,GSM615241,0,0,0.18333333333333332
GSE25055,3,intercept,GSM615242,0,1,0.18333333333333332
GSE25055,3,intercept,GSM615243,1,0,0.18672199170124482
GSE25055,3,intercept,GSM615244,3,0,0.18672199170124482
GSE25055,3,intercept,GSM615245,0,0,0.18333333333333332
GSE25055,3,intercept,GSM615246,1,0,0.18672199170124482
GSE25055,3,intercept,GSM615247,2,0,0.18672199170124482
GSE25055,3,intercept,GSM615248,3,0,0.18672199170124482
GSE25055,3,intercept,GSM615249,4,0,0.18672199170124482
GSE25055,3,intercept,GSM615250,2,0,0.18672199170124482
GSE25055,3,intercept,GSM615251,4,0,0.18672199170124482
GSE25055,3,intercept,GSM615252,2,0,0.18672199170124482
GSE25055,3,intercept,GSM615253,4,0,0.18672199170124482
GSE25055,3,intercept,GSM615254,2,0,0.18672199170124482
GSE25055,3,intercept,GSM615255,3,0,0.18672199170124482
GSE25055,3,intercept,GSM615256,4,1,0.18672199170124482
GSE25055,3,intercept,GSM615257,0,0,0.18333333333333332
GSE25055,3,intercept,GSM615258,2,0,0.18672199170124482
GSE25055,3,intercept,GSM615259,1,0,0.18672199170124482
GSE25055,3,intercept,GSM615260,3,0,0.18672199170124482
GSE25055,3,intercept,GSM615261,0,0,0.18333333333333332
GSE25055,3,intercept,GSM615262,2,0,0.18672199170124482
GSE25055,3,intercept,GSM615263,3,1,0.18672199170124482
GSE25055,3,intercept,GSM615264,2,1,0.18672199170124482
GSE25055,3,intercept,GSM615265,2,0,0.18672199170124482
GSE25055,3,intercept,GSM615266,0,0,0.18333333333333332
GSE25055,3,intercept,GSM615267,2,0,0.18672199170124482
GSE25055,3,intercept,GSM615268,3,0,0.18672199170124482
GSE25055,3,intercept,GSM615269,1,0,0.18672199170124482
GSE25055,3,intercept,GSM615270,1,1,0.18672199170124482
GSE25055,3,intercept,GSM615271,1,0,0.18672199170124482
GSE25055,3,intercept,GSM615272,3,0,0.18672199170124482
GSE25055,3,intercept,GSM615273,1,0,0.18672199170124482
GSE25055,3,intercept,GSM615274,2,0,0.18672199170124482
GSE25055,3,intercept,GSM615275,4,0,0.18672199170124482
GSE25055,3,intercept,GSM615276,2,0,0.18672199170124482
GSE25055,3,intercept,GSM615277,2,0,0.18672199170124482
GSE25055,3,intercept,GSM615278,3,0,0.18672199170124482
GSE25055,3,intercept,GSM615279,0,0,0.18333333333333332
GSE25055,3,intercept,GSM615280,0,1,0.18333333333333332
GSE25055,3,intercept,GSM615281,4,0,0.18672199170124482
GSE25055,3,intercept,GSM615282,3,0,0.18672199170124482
GSE25055,3,intercept,GSM615283,3,0,0.18672199170124482
GSE25055,3,intercept,GSM615284,1,1,0.18672199170124482
GSE25055,3,intercept,GSM615285,1,0,0.18672199170124482
GSE25055,3,intercept,GSM615286,3,0,0.18672199170124482
GSE25055,3,intercept,GSM615287,4,0,0.18672199170124482
GSE25055,3,intercept,GSM615288,3,0,0.18672199170124482
GSE25055,3,intercept,GSM615289,1,0,0.18672199170124482
GSE25055,3,intercept,GSM615290,4,0,0.18672199170124482
GSE25055,3,intercept,GSM615291,3,1,0.18672199170124482
GSE25055,3,intercept,GSM615292,4,0,0.18672199170124482
GSE25055,3,intercept,GSM615293,3,1,0.18672199170124482
GSE25055,3,intercept,GSM615294,2,0,0.18672199170124482
GSE25055,3,intercept,GSM615295,2,0,0.18672199170124482
GSE25055,3,intercept,GSM615296,1,0,0.18672199170124482
GSE25055,3,intercept,GSM615297,0,0,0.18333333333333332
GSE25055,3,intercept,GSM615298,3,0,0.18672199170124482
GSE25055,3,intercept,GSM615299,2,0,0.18672199170124482
GSE25055,3,intercept,GSM615300,2,1,0.18672199170124482
GSE25055,3,intercept,GSM615301,3,0,0.18672199170124482
GSE25055,3,intercept,GSM615302,1,0,0.18672199170124482
GSE25055,3,intercept,GSM615303,0,0,0.18333333333333332
GSE25055,3,intercept,GSM615304,2,0,0.18672199170124482
GSE25055,3,intercept,GSM615305,2,0,0.18672199170124482
GSE25055,3,intercept,GSM615306,1,0,0.18672199170124482
GSE25055,3,intercept,GSM615307,1,1,0.18672199170124482
GSE25055,3,intercept,GSM615308,3,0,0.18672199170124482
GSE25055,3,intercept,GSM615309,4,0,0.18672199170124482
GSE25055,3,intercept,GSM615310,0,1,0.18333333333333332
GSE25055,3,intercept,GSM615311,1,0,0.18672199170124482
GSE25055,3,intercept,GSM615312,4,0,0.18672199170124482
GSE25055,3,intercept,GSM615313,4,0,0.18672199170124482
GSE25055,3,intercept,GSM615314,2,0,0.18672199170124482
GSE25055,3,intercept,GSM615315,1,0,0.18672199170124482
GSE25055,3,intercept,GSM615316,0,0,0.18333333333333332
GSE25055,3,intercept,GSM615317,2,0,0.18672199170124482
GSE25055,3,intercept,GSM615318,1,0,0.18672199170124482
GSE25055,3,intercept,GSM615319,4,0,0.18672199170124482
GSE25055,3,intercept,GSM615320,0,0,0.18333333333333332
GSE25055,3,intercept,GSM615321,2,0,0.18672199170124482
GSE25055,3,intercept,GSM615322,3,0,0.18672199170124482
GSE25055,3,intercept,GSM615323,0,0,0.18333333333333332
GSE25055,3,intercept,GSM615324,1,1,0.18672199170124482
GSE25055,3,intercept,GSM615325,1,1,0.18672199170124482
GSE25055,3,intercept,GSM615326,2,0,0.18672199170124482
GSE25055,3,intercept,GSM615327,2,0,0.18672199170124482
GSE25055,3,intercept,GSM615328,4,0,0.18672199170124482
GSE25055,3,intercept,GSM615329,4,0,0.18672199170124482
GSE25055,3,intercept,GSM615330,3,0,0.18672199170124482
GSE25055,3,intercept,GSM615331,2,1,0.18672199170124482
GSE25055,3,intercept,GSM615332,3,0,0.18672199170124482
GSE25055,3,intercept,GSM615333,4,0,0.18672199170124482
GSE25055,3,intercept,GSM615334,0,1,0.18333333333333332
GSE25055,3,intercept,GSM615335,3,0,0.18672199170124482
GSE25055,3,intercept,GSM615336,4,1,0.18672199170124482
GSE25055,3,intercept,GSM615337,0,0,0.18333333333333332
GSE25055,3,intercept,GSM615338,2,1,0.18672199170124482
GSE25055,3,intercept,GSM615339,0,0,0.18333333333333332
GSE25055,3,intercept,GSM615340,3,0,0.18672199170124482
GSE25055,3,intercept,GSM615341,2,0,0.18672199170124482
GSE25055,3,intercept,GSM615342,2,0,0.18672199170124482
GSE25055,3,intercept,GSM615343,4,0,0.18672199170124482
GSE25055,3,intercept,GSM615344,3,0,0.18672199170124482
GSE25055,3,intercept,GSM615345,4,0,0.18672199170124482
GSE25055,3,intercept,GSM615346,1,0,0.18672199170124482
GSE25055,3,intercept,GSM615347,0,0,0.18333333333333332
GSE25055,3,intercept,GSM615348,2,0,0.18672199170124482
GSE25055,3,intercept,GSM615349,1,0,0.18672199170124482
GSE25055,3,intercept,GSM615350,1,0,0.18672199170124482
GSE25055,3,intercept,GSM615351,3,0,0.18672199170124482
GSE25055,3,intercept,GSM615352,3,0,0.18672199170124482
GSE25055,3,intercept,GSM615353,4,1,0.18672199170124482
GSE25055,3,intercept,GSM615354,2,1,0.18672199170124482
GSE25055,3,intercept,GSM615355,3,0,0.18672199170124482
GSE25055,3,intercept,GSM615356,1,0,0.18672199170124482
GSE25055,3,intercept,GSM615357,0,1,0.18333333333333332
GSE25055,3,intercept,GSM615358,2,0,0.18672199170124482
GSE25055,3,intercept,GSM615359,3,1,0.18672199170124482
GSE25055,3,intercept,GSM615360,1,0,0.18672199170124482
GSE25055,3,intercept,GSM615361,4,0,0.18672199170124482
GSE25055,3,intercept,GSM615362,4,0,0.18672199170124482
GSE25055,3,intercept,GSM615363,4,0,0.18672199170124482
GSE25055,3,intercept,GSM615364,2,0,0.18672199170124482
GSE25055,3,intercept,GSM615365,0,0,0.18333333333333332
GSE25055,3,intercept,GSM615366,2,0,0.18672199170124482
GSE25055,3,intercept,GSM615367,0,0,0.18333333333333332
GSE25055,3,intercept,GSM615368,4,0,0.18672199170124482
GSE25055,3,intercept,GSM615369,4,0,0.18672199170124482
GSE25055,3,intercept,GSM615370,0,0,0.18333333333333332
GSE25055,3,intercept,GSM615371,1,1,0.18672199170124482
GSE25055,3,intercept,GSM615372,2,0,0.18672199170124482
GSE25055,3,intercept,GSM615373,1,0,0.18672199170124482
GSE25055,3,intercept,GSM615374,2,0,0.18672199170124482
GSE25055,3,intercept,GSM615375,1,1,0.18672199170124482
GSE25055,3,intercept,GSM615376,1,0,0.18672199170124482
GSE25055,3,intercept,GSM615377,4,0,0.18672199170124482
GSE25055,3,intercept,GSM615378,4,0,0.18672199170124482
GSE25055,3,intercept,GSM615379,4,1,0.18672199170124482
GSE25055,3,intercept,GSM615380,1,0,0.18672199170124482
GSE25055,3,intercept,GSM615381,0,0,0.18333333333333332
GSE25055,3,intercept,GSM615382,4,0,0.18672199170124482
GSE25055,3,intercept,GSM615383,4,1,0.18672199170124482
GSE25055,3,intercept,GSM615384,0,0,0.18333333333333332
GSE25055,3,intercept,GSM615385,1,0,0.18672199170124482
GSE25055,3,intercept,GSM615386,1,0,0.18672199170124482
GSE25055,3,intercept,GSM615387,0,0,0.18333333333333332
GSE25055,3,intercept,GSM615388,1,0,0.18672199170124482
GSE25055,3,intercept,GSM615389,3,0,0.18672199170124482
GSE25055,3,intercept,GSM615390,0,0,0.18333333333333332
GSE25055,3,intercept,GSM615391,2,0,0.18672199170124482
GSE25055,3,intercept,GSM615392,0,0,0.18333333333333332
GSE25055,3,intercept,GSM615393,2,1,0.18672199170124482
GSE25055,3,intercept,GSM615394,0,1,0.18333333333333332
GSE25055,3,intercept,GSM615395,2,0,0.18672199170124482
GSE25055,3,intercept,GSM615396,4,1,0.18672199170124482
GSE25055,3,intercept,GSM615397,3,1,0.18672199170124482
GSE25055,3,intercept,GSM615398,2,0,0.18672199170124482
GSE25055,3,intercept,GSM615399,3,0,0.18672199170124482
GSE25055,3,intercept,GSM615400,2,0,0.18672199170124482
GSE25055,3,intercept,GSM615401,1,0,0.18672199170124482
GSE25055,3,intercept,GSM615402,4,0,0.18672199170124482
GSE25055,3,intercept,GSM615403,2,0,0.18672199170124482
GSE25055,3,intercept,GSM615404,3,0,0.18672199170124482
GSE25055,3,intercept,GSM615405,2,0,0.18672199170124482
GSE25055,3,clinical,GSM615096,4,0,0.06124696460945437
GSE25055,3,clinical,GSM615097,0,0,0.06736026189480329
GSE25055,3,clinical,GSM615098,0,0,0.40460930780532595
GSE25055,3,clinical,GSM615099,3,1,0.35221906004191955
GSE25055,3,clinical,GSM615100,2,0,0.08077834937536105
GSE25055,3,clinical,GSM615101,2,0,0.3366372466689258
GSE25055,3,clinical,GSM615102,0,0,0.4210842894612966
GSE25055,3,clinical,GSM615104,4,0,0.38248891647398303
GSE25055,3,clinical,GSM615106,0,0,0.33870746605183666
GSE25055,3,clinical,GSM615107,4,0,0.4262322874812001
GSE25055,3,clinical,GSM615108,4,0,0.051593117573091755
GSE25055,3,clinical,GSM615109,3,0,0.30693577902037866
GSE25055,3,clinical,GSM615111,4,0,0.36412995281777083
GSE25055,3,clinical,GSM615112,3,0,0.2963707400206961
GSE25055,3,clinical,GSM615113,1,0,0.35344627414813673
GSE25055,3,clinical,GSM615114,4,0,0.045675072258073664
GSE25055,3,clinical,GSM615115,4,0,0.39426311909447026
GSE25055,3,clinical,GSM615116,3,0,0.3182017887321234
GSE25055,3,clinical,GSM615117,2,0,0.08211532034018622
GSE25055,3,clinical,GSM615120,3,0,0.0787220619948419
GSE25055,3,clinical,GSM615121,2,0,0.07931613615472076
GSE25055,3,clinical,GSM615122,4,1,0.06943598108622984
GSE25055,3,clinical,GSM615123,4,1,0.04540574307352529
GSE25055,3,clinical,GSM615124,1,0,0.06405559511473459
GSE25055,3,clinical,GSM615125,1,0,0.09752116199124157
GSE25055,3,clinical,GSM615126,0,0,0.07121668367636388
GSE25055,3,clinical,GSM615127,4,0,0.03710041815783437
GSE25055,3,clinical,GSM615128,1,0,0.08352906405098377
GSE25055,3,clinical,GSM615129,3,0,0.0784744021803388
GSE25055,3,clinical,GSM615130,2,0,0.06808486422832853
GSE25055,3,clinical,GSM615131,3,0,0.07182344562609484
GSE25055,3,clinical,GSM615132,0,0,0.06435005712367176
GSE25055,3,clinical,GSM615133,1,0,0.08148336794794138
GSE25055,3,clinical,GSM615134,2,0,0.0702581786390531
GSE25055,3,clinical,GSM615135,4,0,0.3245270300499211
GSE25055,3,clinical,GSM615136,0,0,0.28678708793654106
GSE25055,3,clinical,GSM615137,2,1,0.08137008995459219
GSE25055,3,clinical,GSM615138,4,0,0.06453284373042739
GSE25055,3,clinical,GSM615139,3,1,0.3130311522750565
GSE25055,3,clinical,GSM615140,2,1,0.39552444859524905
GSE25055,3,clinical,GSM615142,1,0,0.08128132832687547
GSE25055,3,clinical,GSM615143,3,1,0.34729341997916957
GSE25055,3,clinical,GSM615144,0,0,0.044660186403139575
GSE25055,3,clinical,GSM615145,3,0,0.3145038129127573
GSE25055,3,clinical,GSM615146,2,1,0.39790062755107436
GSE25055,3,clinical,GSM615147,3,0,0.07320338222525809
GSE25055,3,clinical,GSM615148,2,0,0.3941010984171878
GSE25055,3,clinical,GSM615149,0,0,0.3819082014551913
GSE25055,3,clinical,GSM615150,0,0,0.06979131341963868
GSE25055,3,clinical,GSM615151,1,0,0.34241051879695444
GSE25055,3,clinical,GSM615153,4,0,0.03636958048501081
GSE25055,3,clinical,GSM615154,1,1,0.36589362994071223
GSE25055,3,clinical,GSM615155,0,0,0.0962882837658394
GSE25055,3,clinical,GSM615156,3,0,0.3587482181279323
GSE25055,3,clinical,GSM615157,3,0,0.0849726540014011
GSE25055,3,clinical,GSM615158,1,0,0.06636169068356514
GSE25055,3,clinical,GSM615159,4,0,0.39179951307877103
GSE25055,3,clinical,GSM615160,0,0,0.4244017367887625
GSE25055,3,clinical,GSM615162,4,0,0.0561160074732099
GSE25055,3,clinical,GSM615164,3,1,0.34884541646104383
GSE25055,3,clinical,GSM615165,0,0,0.07157720342074261
GSE25055,3,clinical,GSM615166,0,0,0.07680420655442567
GSE25055,3,clinical,GSM615167,1,1,0.40687198579713046
GSE25055,3,clinical,GSM615168,0,0,0.060376709429865734
GSE25055,3,clinical,GSM615169,3,0,0.33423478505366466
GSE25055,3,clinical,GSM615170,1,0,0.09309442341137426
GSE25055,3,clinical,GSM615171,0,1,0.38899253388896493
GSE25055,3,clinical,GSM615172,0,0,0.04703854592182126
GSE25055,3,clinical,GSM615173,0,0,0.06402342880349599
GSE25055,3,clinical,GSM615174,3,0,0.08840174604676916
GSE25055,3,clinical,GSM615175,4,1,0.4026789810597654
GSE25055,3,clinical,GSM615176,1,0,0.09424156058765967
GSE25055,3,clinical,GSM615177,4,0,0.0482631755099668
GSE25055,3,clinical,GSM615178,4,0,0.4221963684783185
GSE25055,3,clinical,GSM615179,3,0,0.0764381419900992
GSE25055,3,clinical,GSM615180,1,0,0.09083768318050003
GSE25055,3,clinical,GSM615181,4,1,0.3708510621251628
GSE25055,3,clinical,GSM615182,1,0,0.18631387892236562
GSE25055,3,clinical,GSM615183,4,0,0.06591803655407691
GSE25055,3,clinical,GSM615184,0,0,0.3393167206334944
GSE25055,3,clinical,GSM615185,3,0,0.29210986716165116
GSE25055,3,clinical,GSM615186,2,1,0.06067674457262487
GSE25055,3,clinical,GSM615187,0,0,0.04003365768478552
GSE25055,3,clinical,GSM615188,3,0,0.3016269812709778
GSE25055,3,clinical,GSM615189,3,0,0.29210986716165116
GSE25055,3,clinical,GSM615190,0,0,0.4290575659776411
GSE25055,3,clinical,GSM615191,0,1,0.4290575659776411
GSE25055,3,clinical,GSM615192,1,0,0.08229611011332183
GSE25055,3,clinical,GSM615193,0,1,0.40920236844162167
GSE25055,3,clinical,GSM615194,1,1,0.25053018099731966
GSE25055,3,clinical,GSM615195,0,0,0.4829598970922052
GSE25055,3,clinical,GSM615196,2,0,0.05029873868092831
GSE25055,3,clinical,GSM615197,1,0,0.22132890156197968
GSE25055,3,clinical,GSM615198,3,0,0.07563728974791531
GSE25055,3,clinical,GSM615199,0,0,0.0819689253719669
GSE25055,3,clinical,GSM615200,2,0,0.06298011214637823
GSE25055,3,clinical,GSM615201,0,1,0.07603661445319254
GSE25055,3,clinical,GSM615202,3,1,0.3491043955590978
GSE25055,3,clinical,GSM615203,0,0,0.0333267762271249
GSE25055,3,clinical,GSM615204,1,0,0.09309442341137426
GSE25055,3,clinical,GSM615205,4,0,0.033784141869013094
GSE25055,3,clinical,GSM615206,2,0,0.0653648339095619
GSE25055,3,clinical,GSM615207,4,0,0.05644510930160516
GSE25055,3,clinical,GSM615208,4,0,0.033116384463154236
GSE25055,3,clinical,GSM615209,0,1,0.3095370187094844
GSE25055,3,clinical,GSM615210,2,0,0.03856198702919117
GSE25055,3,clinical,GSM615211,3,1,0.3674471789108756
GSE25055,3,clinical,GSM615212,1,1,0.3220303423448627
GSE25055,3,clinical,GSM615213,2,1,0.333099078481996
GSE25055,3,clinical,GSM615214,1,0,0.07637666920921964
GSE25055,3,clinical,GSM615215,0,1,0.38319263030471823
GSE25055,3,clinical,GSM615216,4,0,0.04121543841851542
GSE25055,3,clinical,GSM615217,2,0,0.05955482699146315
GSE25055,3,clinical,GSM615218,2,0,0.3199999563061052
GSE25055,3,clinical,GSM615219,3,0,0.09224125936871785
GSE25055,3,clinical,GSM615220,1,0,0.1334210370475124
GSE25055,3,clinical,GSM615221,0,0,0.0819689253719669
GSE25055,3,clinical,GSM615222,4,0,0.05019643205036074
GSE25055,3,clinical,GSM615223,0,0,0.3037564124003339
GSE25055,3,clinical,GSM615224,1,0,0.0802779650612637
GSE25055,3,clinical,GSM615225,1,0,0.25563872657099906
GSE25055,3,clinical,GSM615226,4,0,0.04121543841851542
GSE25055,3,clinical,GSM615227,0,0,0.05751174051736337
GSE25055,3,clinical,GSM615228,3,0,0.08849365141829398
GSE25055,3,clinical,GSM615229,2,0,0.3555073802474346
GSE25055,3,clinical,GSM615230,1,0,0.11034259517727064
GSE25055,3,clinical,GSM615231,4,0,0.04922080431237404
GSE25055,3,clinical,GSM615232,1,0,0.07264998981524888
GSE25055,3,clinical,GSM615233,3,0,0.06451649975722722
GSE25055,3,clinical,GSM615234,3,0,0.08577373763176584
GSE25055,3,clinical,GSM615235,1,0,0.05499453181274693
GSE25055,3,clinical,GSM615236,1,0,0.049639313123927935
GSE25055,3,clinical,GSM615237,0,0,0.06873965100825884
GSE25055,3,clinical,GSM615238,3,0,0.08667185196172705
GSE25055,3,clinical,GSM615239,3,0,0.08488406483890196
GSE25055,3,clinical,GSM615240,4,1,0.37568283420209614
GSE25055,3,clinical,GSM615241,0,0,0.04328864986022892
GSE25055,3,clinical,GSM615242,0,1,0.370424397980639
GSE25055,3,clinical,GSM615243,1,0,0.09309442341137426
GSE25055,3,clinical,GSM615244,3,0,0.32616746037004185
GSE25055,3,clinical,GSM615245,0,0,0.08615496597059648
GSE25055,3,clinical,GSM615246,1,0,0.14983235384277546
GSE25055,3,clinical,GSM615247,2,0,0.07438706788828219
GSE25055,3,clinical,GSM615248,3,0,0.08849365141829398
GSE25055,3,clinical,GSM615249,4,0,0.03446488395631618
GSE25055,3,clinical,GSM615250,2,0,0.29053856589947874
GSE25055,3,clinical,GSM615251,4,0,0.3952500760014394
GSE25055,3,clinical,GSM615252,2,0,0.05736906232475288
GSE25055,3,clinical,GSM615253,4,0,0.05755526488453174
GSE25055,3,clinical,GSM615254,2,0,0.06298011214637823
GSE25055,3,clinical,GSM615255,3,0,0.3569146474437697
GSE25055,3,clinical,GSM615256,4,1,0.04732325077287385
GSE25055,3,clinical,GSM615257,0,0,0.04802321921522134
GSE25055,3,clinical,GSM615258,2,0,0.056304638045295965
GSE25055,3,clinical,GSM615259,1,0,0.06245431988524005
GSE25055,3,clinical,GSM615260,3,0,0.0764381419900992
GSE25055,3,clinical,GSM615261,0,0,0.049281596033356724
GSE25055,3,clinical,GSM615262,2,0,0.0716984364853062
GSE25055,3,clinical,GSM615263,3,1,0.3016269812709778
GSE25055,3,clinical,GSM615264,2,1,0.3692706808928505
GSE25055,3,clinical,GSM615265,2,0,0.29053856589947874
GSE25055,3,clinical,GSM615266,0,0,0.04679539274743803
GSE25055,3,clinical,GSM615267,2,0,0.0716984364853062
GSE25055,3,clinical,GSM615268,3,0,0.09514491667975652
GSE25055,3,clinical,GSM615269,1,0,0.10771739697848626
GSE25055,3,clinical,GSM615270,1,1,0.38362193338227113
GSE25055,3,clinical,GSM615271,1,0,0.09775927330029505
GSE25055,3,clinical,GSM615272,3,0,0.07099200509175929
GSE25055,3,clinical,GSM615273,1,0,0.08863030314060423
GSE25055,3,clinical,GSM615274,2,0,0.04405905337658842
GSE25055,3,clinical,GSM615275,4,0,0.319566662191771
GSE25055,3,clinical,GSM615276,2,0,0.33752467736059266
GSE25055,3,clinical,GSM615277,2,0,0.06181840800622514
GSE25055,3,clinical,GSM615278,3,0,0.08400277211530476
GSE25055,3,clinical,GSM615279,0,0,0.0605311397414592
GSE25055,3,clinical,GSM615280,0,1,0.07603661445319254
GSE25055,3,clinical,GSM615281,4,0,0.054284946982117256
GSE25055,3,clinical,GSM615282,3,0,0.07328075705075444
GSE25055,3,clinical,GSM615283,3,0,0.07563728974791531
GSE25055,3,clinical,GSM615284,1,1,0.3103448664704839
GSE25055,3,clinical,GSM615285,1,0,0.09775927330029505
GSE25055,3,clinical,GSM615286,3,0,0.07174749039961589
GSE25055,3,clinical,GSM615287,4,0,0.3660449977859073
GSE25055,3,clinical,GSM615288,3,0,0.35953530343378004
GSE25055,3,clinical,GSM615289,1,0,0.09309442341137426
GSE25055,3,clinical,GSM615290,4,0,0.03515884369907738
GSE25055,3,clinical,GSM615291,3,1,0.30645101264323066
GSE25055,3,clinical,GSM615292,4,0,0.05119035695991989
GSE25055,3,clinical,GSM615293,3,1,0.3781077786827367
GSE25055,3,clinical,GSM615294,2,0,0.0678333155824286
GSE25055,3,clinical,GSM615295,2,0,0.333099078481996
GSE25055,3,clinical,GSM615296,1,0,0.09309442341137426
GSE25055,3,clinical,GSM615297,0,0,0.2980371612896162
GSE25055,3,clinical,GSM615298,3,0,0.09034995607450151
GSE25055,3,clinical,GSM615299,2,0,0.0653648339095619
GSE25055,3,clinical,GSM615300,2,1,0.3156946400319852
GSE25055,3,clinical,GSM615301,3,0,0.29923121308320333
GSE25055,3,clinical,GSM615302,1,0,0.07449190331095819
GSE25055,3,clinical,GSM615303,0,0,0.24442872285792006
GSE25055,3,clinical,GSM615304,2,0,0.054231282127489296
GSE25055,3,clinical,GSM615305,2,0,0.0757658903345371
GSE25055,3,clinical,GSM615306,1,0,0.06909154554657242
GSE25055,3,clinical,GSM615307,1,1,0.4226142546759047
GSE25055,3,clinical,GSM615308,3,0,0.08056017532851809
GSE25055,3,clinical,GSM615309,4,0,0.05323430790365834
GSE25055,3,clinical,GSM615310,0,1,0.042176510752287434
GSE25055,3,clinical,GSM615311,1,0,0.12432242756167529
GSE25055,3,clinical,GSM615312,4,0,0.3612654533602847
GSE25055,3,clinical,GSM615313,4,0,0.0482631755099668
GSE25055,3,clinical,GSM615314,2,0,0.04161711876434965
GSE25055,3,clinical,GSM615315,1,0,0.4226142546759047
GSE25055,3,clinical,GSM615316,0,0,0.0390017342767132
GSE25055,3,clinical,GSM615317,2,0,0.3600699554262249
GSE25055,3,clinical,GSM615318,1,0,0.09083768318050003
GSE25055,3,clinical,GSM615319,4,0,0.30624644515892413
GSE25055,3,clinical,GSM615320,0,0,0.40920236844162167
GSE25055,3,clinical,GSM615321,2,0,0.3464612104580194
GSE25055,3,clinical,GSM615322,3,0,0.32366710926947845
GSE25055,3,clinical,GSM615323,0,0,0.46263149798070996
GSE25055,3,clinical,GSM615324,1,1,0.31615857721100027
GSE25055,3,clinical,GSM615325,1,1,0.35221207617153366
GSE25055,3,clinical,GSM615326,2,0,0.054231282127489296
GSE25055,3,clinical,GSM615327,2,0,0.2824211431010374
GSE25055,3,clinical,GSM615328,4,0,0.05323430790365834
GSE25055,3,clinical,GSM615329,4,0,0.05755526488453174
GSE25055,3,clinical,GSM615330,3,0,0.29210986716165116
GSE25055,3,clinical,GSM615331,2,1,0.05029873868092831
GSE25055,3,clinical,GSM615332,3,0,0.06876943228697235
GSE25055,3,clinical,GSM615333,4,0,0.37568283420209614
GSE25055,3,clinical,GSM615334,0,1,0.28125827314728125
GSE25055,3,clinical,GSM615335,3,0,0.32616746037004185
GSE25055,3,clinical,GSM615336,4,1,0.3708510621251628
GSE25055,3,clinical,GSM615337,0,0,0.06701944879423256
GSE25055,3,clinical,GSM615338,2,1,0.3156946400319852
GSE25055,3,clinical,GSM615339,0,0,0.049281596033356724
GSE25055,3,clinical,GSM615340,3,0,0.08140856084314996
GSE25055,3,clinical,GSM615341,2,0,0.0653648339095619
GSE25055,3,clinical,GSM615342,2,0,0.37856742780257696
GSE25055,3,clinical,GSM615343,4,0,0.07119110086941434
GSE25055,3,clinical,GSM615344,3,0,0.30887910684217595
GSE25055,3,clinical,GSM615345,4,0,0.30187590308766277
GSE25055,3,clinical,GSM615346,1,0,0.3584024995919039
GSE25055,3,clinical,GSM615347,0,0,0.224905330803106
GSE25055,3,clinical,GSM615348,2,0,0.4262751466927343
GSE25055,3,clinical,GSM615349,1,0,0.08436033663987842
GSE25055,3,clinical,GSM615350,1,0,0.26081518974936846
GSE25055,3,clinical,GSM615351,3,0,0.07888756544675546
GSE25055,3,clinical,GSM615352,3,0,0.0638319193215857
GSE25055,3,clinical,GSM615353,4,1,0.05220288061623279
GSE25055,3,clinical,GSM615354,2,1,0.36465795525654493
GSE25055,3,clinical,GSM615355,3,0,0.08400277211530476
GSE25055,3,clinical,GSM615356,1,0,0.35221207617153366
GSE25055,3,clinical,GSM615357,0,1,0.32723484135638675
GSE25055,3,clinical,GSM615358,2,0,0.04323025709362243
GSE25055,3,clinical,GSM615359,3,1,0.32616746037004185
GSE25055,3,clinical,GSM615360,1,0,0.07830508800006007
GSE25055,3,clinical,GSM615361,4,0,0.03658736499643199
GSE25055,3,clinical,GSM615362,4,0,0.046400738619757506
GSE25055,3,clinical,GSM615363,4,0,0.43534833121812694
GSE25055,3,clinical,GSM615364,2,0,0.4214261260678759
GSE25055,3,clinical,GSM615365,0,0,0.04328864986022892
GSE25055,3,clinical,GSM615366,2,0,0.06658845299684797
GSE25055,3,clinical,GSM615367,0,0,0.0620958892696406
GSE25055,3,clinical,GSM615368,4,0,0.476310561696573
GSE25055,3,clinical,GSM615369,4,0,0.3660449977859073
GSE25055,3,clinical,GSM615370,0,0,0.08615496597059648
GSE25055,3,clinical,GSM615371,1,1,0.22132890156197968
GSE25055,3,clinical,GSM615372,2,0,0.397425002699776
GSE25055,3,clinical,GSM615373,1,0,0.09775927330029505
GSE25055,3,clinical,GSM615374,2,0,0.055258805328262536
GSE25055,3,clinical,GSM615375,1,1,0.18631387892236562
GSE25055,3,clinical,GSM615376,1,0,0.30459044460044715
GSE25055,3,clinical,GSM615377,4,0,0.04922080431237404
GSE25055,3,clinical,GSM615378,4,0,0.41015281630369566
GSE25055,3,clinical,GSM615379,4,1,0.31065210685337835
GSE25055,3,clinical,GSM615380,1,0,0.370924264435581
GSE25055,3,clinical,GSM615381,0,0,0.04442875434001529
GSE25055,3,clinical,GSM615382,4,0,0.32407443454792967
GSE25055,3,clinical,GSM615383,4,1,0.04732325077287385
GSE25055,3,clinical,GSM615384,0,0,0.3037564124003339
GSE25055,3,clinical,GSM615385,1,0,0.390032020277085
GSE25055,3,clinical,GSM615386,1,0,0.08647146127274717
GSE25055,3,clinical,GSM615387,0,0,0.42241043104205384
GSE25055,3,clinical,GSM615388,1,0,0.10771739697848626
GSE25055,3,clinical,GSM615389,3,0,0.07888756544675546
GSE25055,3,clinical,GSM615390,0,0,0.370424397980639
GSE25055,3,clinical,GSM615391,2,0,0.053221789092917735
GSE25055,3,clinical,GSM615392,0,0,0.2598046857194618
GSE25055,3,clinical,GSM615393,2,1,0.37856742780257696
GSE25055,3,clinical,GSM615394,0,1,0.2757948288909092
GSE25055,3,clinical,GSM615395,2,0,0.04752816913617187
GSE25055,3,clinical,GSM615396,4,1,0.4557546220157893
GSE25055,3,clinical,GSM615397,3,1,0.31131780380220025
GSE25055,3,clinical,GSM615398,2,0,0.06298011214637823
GSE25055,3,clinical,GSM615399,3,0,0.08056017532851809
GSE25055,3,clinical,GSM615400,2,0,0.0400616542969962
GSE25055,3,clinical,GSM615401,1,0,0.049639313123927935
GSE25055,3,clinical,GSM615402,4,0,0.05119035695991989
GSE25055,3,clinical,GSM615403,2,0,0.3464612104580194
GSE25055,3,clinical,GSM615404,3,0,0.06950303486430648
GSE25055,3,clinical,GSM615405,2,0,0.31142072032969853
GSE25055,3,score,GSM615096,4,0,0.052622582375919026
GSE25055,3,score,GSM615097,0,0,0.06598087961769365
GSE25055,3,score,GSM615098,0,0,0.30230420106725137
GSE25055,3,score,GSM615099,3,1,0.4318032490416462
GSE25055,3,score,GSM615100,2,0,0.2201801620225973
GSE25055,3,score,GSM615101,2,0,0.35298015722475407
GSE25055,3,score,GSM615102,0,0,0.28922345725063187
GSE25055,3,score,GSM615104,4,0,0.1630249548457999
GSE25055,3,score,GSM615106,0,0,0.11016636151995166
GSE25055,3,score,GSM615107,4,0,0.2610865530554206
GSE25055,3,score,GSM615108,4,0,0.16265958007361236
GSE25055,3,score,GSM615109,3,0,0.40407532664569873
GSE25055,3,score,GSM615111,4,0,0.1201825451486667
GSE25055,3,score,GSM615112,3,0,0.33589435167844034
GSE25055,3,score,GSM615113,1,0,0.2912198122041298
GSE25055,3,score,GSM615114,4,0,0.0620436779256066
GSE25055,3,score,GSM615115,4,0,0.16198400132177154
GSE25055,3,score,GSM615116,3,0,0.13599268430707795
GSE25055,3,score,GSM615117,2,0,0.39336521915194456
GSE25055,3,score,GSM615120,3,0,0.06911196730937665
GSE25055,3,score,GSM615121,2,0,0.047680098791376274
GSE25055,3,score,GSM615122,4,1,0.03950887432029783
GSE25055,3,score,GSM615123,4,1,0.4834548880410348
GSE25055,3,score,GSM615124,1,0,0.1333903914941614
GSE25055,3,score,GSM615125,1,0,0.062340836742413884
GSE25055,3,score,GSM615126,0,0,0.15644350049503758
GSE25055,3,score,GSM615127,4,0,0.11657282757918722
GSE25055,3,score,GSM615128,1,0,0.07639721845929122
GSE25055,3,score,GSM615129,3,0,0.10733066129768179
GSE25055,3,score,GSM615130,2,0,0.05898996054015863
GSE25055,3,score,GSM615131,3,0,0.13835288725889885
GSE25055,3,score,GSM615132,0,0,0.08952303086074861
GSE25055,3,score,GSM615133,1,0,0.06656311435277878
GSE25055,3,score,GSM615134,2,0,0.037059763797691284
GSE25055,3,score,GSM615135,4,0,0.1504587289588632
GSE25055,3,score,GSM615136,0,0,0.32276740844732016
GSE25055,3,score,GSM615137,2,1,0.1260303256081426
GSE25055,3,score,GSM615138,4,0,0.08148708413814797
GSE25055,3,score,GSM615139,3,1,0.5373187441423513
GSE25055,3,score,GSM615140,2,1,0.20480762372166178
GSE25055,3,score,GSM615142,1,0,0.10378353295316764
GSE25055,3,score,GSM615143,3,1,0.24592707341597242
GSE25055,3,score,GSM615144,0,0,0.10980988976019802
GSE25055,3,score,GSM615145,3,0,0.5923986936772636
GSE25055,3,score,GSM615146,2,1,0.21471377403909503
GSE25055,3,score,GSM615147,3,0,0.121549536278244
GSE25055,3,score,GSM615148,2,0,0.23489859462359947
GSE25055,3,score,GSM615149,0,0,0.16492047860352713
GSE25055,3,score,GSM615150,0,0,0.057521889243081735
GSE25055,3,score,GSM615151,1,0,0.26326767607716306
GSE25055,3,score,GSM615153,4,0,0.15318519786331616
GSE25055,3,score,GSM615154,1,1,0.16117064723745186
GSE25055,3,score,GSM615155,0,0,0.29472628158377456
GSE25055,3,score,GSM615156,3,0,0.1628102708017328
GSE25055,3,score,GSM615157,3,0,0.06700028105887823
GSE25055,3,score,GSM615158,1,0,0.0928836431059411
GSE25055,3,score,GSM615159,4,0,0.058363265941890015
GSE25055,3,score,GSM615160,0,0,0.20703104456930893
GSE25055,3,score,GSM615162,4,0,0.03789406258214073
GSE25055,3,score,GSM615164,3,1,0.45466759874336365
GSE25055,3,score,GSM615165,0,0,0.09159004521375816
GSE25055,3,score,GSM615166,0,0,0.2001761995256984
GSE25055,3,score,GSM615167,1,1,0.07536451004969628
GSE25055,3,score,GSM615168,0,0,0.06681830360045664
GSE25055,3,score,GSM615169,3,0,0.25938475570868624
GSE25055,3,score,GSM615170,1,0,0.06947873847407733
GSE25055,3,score,GSM615171,0,1,0.14721166565629745
GSE25055,3,score,GSM615172,0,0,0.08349518621741422
GSE25055,3,score,GSM615173,0,0,0.07406584835638015
GSE25055,3,score,GSM615174,3,0,0.18222703466007173
GSE25055,3,score,GSM615175,4,1,0.32657239637300933
GSE25055,3,score,GSM615176,1,0,0.07393902570173401
GSE25055,3,score,GSM615177,4,0,0.11672910606603118
GSE25055,3,score,GSM615178,4,0,0.18130552718359597
GSE25055,3,score,GSM615179,3,0,0.13967992475690602
GSE25055,3,score,GSM615180,1,0,0.15989064317663937
GSE25055,3,score,GSM615181,4,1,0.24143125835213214
GSE25055,3,score,GSM615182,1,0,0.30962549320108856
GSE25055,3,score,GSM615183,4,0,0.04376204339955065
GSE25055,3,score,GSM615184,0,0,0.49161453214539036
GSE25055,3,score,GSM615185,3,0,0.1761256818221103
GSE25055,3,score,GSM615186,2,1,0.05200283954565855
GSE25055,3,score,GSM615187,0,0,0.1856808537290888
GSE25055,3,score,GSM615188,3,0,0.19041927547071974
GSE25055,3,score,GSM615189,3,0,0.2170067859121554
GSE25055,3,score,GSM615190,0,0,0.26791621771426194
GSE25055,3,score,GSM615191,0,1,0.5429858548019959
GSE25055,3,score,GSM615192,1,0,0.08430573252959289
GSE25055,3,score,GSM615193,0,1,0.22843098017675184
GSE25055,3,score,GSM615194,1,1,0.45118302087481016
GSE25055,3,score,GSM615195,0,0,0.4694105721593187
GSE25055,3,score,GSM615196,2,0,0.29111417024867176
GSE25055,3,score,GSM615197,1,0,0.37720195445540905
GSE25055,3,score,GSM615198,3,0,0.0804099978538006
GSE25055,3,score,GSM615199,0,0,0.1387698525694044
GSE25055,3,score,GSM615200,2,0,0.3678783520944287
GSE25055,3,score,GSM615201,0,1,0.2870324433778901
GSE25055,3,score,GSM615202,3,1,0.4543113657837298
GSE25055,3,score,GSM615203,0,0,0.035144664233906255
GSE25055,3,score,GSM615204,1,0,0.057491080898929424
GSE25055,3,score,GSM615205,4,0,0.08590276839123054
GSE25055,3,score,GSM615206,2,0,0.045291729737849014
GSE25055,3,score,GSM615207,4,0,0.04156024383259334
GSE25055,3,score,GSM615208,4,0,0.058796381583225754
GSE25055,3,score,GSM615209,0,1,0.41951177496324255
GSE25055,3,score,GSM615210,2,0,0.025482548142517988
GSE25055,3,score,GSM615211,3,1,0.45615659955668414
GSE25055,3,score,GSM615212,1,1,0.08293605175012278
GSE25055,3,score,GSM615213,2,1,0.29865937172989576
GSE25055,3,score,GSM615214,1,0,0.033885388457913536
GSE25055,3,score,GSM615215,0,1,0.18451670091901629
GSE25055,3,score,GSM615216,4,0,0.1754785965478164
GSE25055,3,score,GSM615217,2,0,0.08304739347394488
GSE25055,3,score,GSM615218,2,0,0.16791824859899684
GSE25055,3,score,GSM615219,3,0,0.15548601634760723
GSE25055,3,score,GSM615220,1,0,0.022856607490314616
GSE25055,3,score,GSM615221,0,0,0.1268613320007954
GSE25055,3,score,GSM615222,4,0,0.03321987173553566
GSE25055,3,score,GSM615223,0,0,0.08684083328961928
GSE25055,3,score,GSM615224,1,0,0.023894065378515253
GSE25055,3,score,GSM615225,1,0,0.20377513071186618
GSE25055,3,score,GSM615226,4,0,0.02641030280424449
GSE25055,3,score,GSM615227,0,0,0.18517011452203502
GSE25055,3,score,GSM615228,3,0,0.1410601755354937
GSE25055,3,score,GSM615229,2,0,0.017017264596889937
GSE25055,3,score,GSM615230,1,0,0.044219055084778795
GSE25055,3,score,GSM615231,4,0,0.03713225602770656
GSE25055,3,score,GSM615232,1,0,0.043770285349242495
GSE25055,3,score,GSM615233,3,0,0.04398436184051341
GSE25055,3,score,GSM615234,3,0,0.08853797819193417
GSE25055,3,score,GSM615235,1,0,0.36514214351122676
GSE25055,3,score,GSM615236,1,0,0.14271974166020565
GSE25055,3,score,GSM615237,0,0,0.05881497423443252
GSE25055,3,score,GSM615238,3,0,0.04490002781175234
GSE25055,3,score,GSM615239,3,0,0.16917887305022644
GSE25055,3,score,GSM615240,4,1,0.04155446885229932
GSE25055,3,score,GSM615241,0,0,0.1291667786907887
GSE25055,3,score,GSM615242,0,1,0.30914761677908986
GSE25055,3,score,GSM615243,1,0,0.053888109583415264
GSE25055,3,score,GSM615244,3,0,0.08673023175716449
GSE25055,3,score,GSM615245,0,0,0.24885796513837868
GSE25055,3,score,GSM615246,1,0,0.16190740502195453
GSE25055,3,score,GSM615247,2,0,0.11482368800787643
GSE25055,3,score,GSM615248,3,0,0.4220527983106602
GSE25055,3,score,GSM615249,4,0,0.07379953120208277
GSE25055,3,score,GSM615250,2,0,0.43202200163119264
GSE25055,3,score,GSM615251,4,0,0.29154000220353493
GSE25055,3,score,GSM615252,2,0,0.026861881498514175
GSE25055,3,score,GSM615253,4,0,0.10790230410757717
GSE25055,3,score,GSM615254,2,0,0.05062815687874934
GSE25055,3,score,GSM615255,3,0,0.18207085008174248
GSE25055,3,score,GSM615256,4,1,0.22371759746907702
GSE25055,3,score,GSM615257,0,0,0.0272668251169614
GSE25055,3,score,GSM615258,2,0,0.14616508046431542
GSE25055,3,score,GSM615259,1,0,0.05823674745252468
GSE25055,3,score,GSM615260,3,0,0.4026062575873239
GSE25055,3,score,GSM615261,0,0,0.17361269729396958
GSE25055,3,score,GSM615262,2,0,0.027743948788316534
GSE25055,3,score,GSM615263,3,1,0.32008278323713646
GSE25055,3,score,GSM615264,2,1,0.0788090963539408
GSE25055,3,score,GSM615265,2,0,0.0746263675526195
GSE25055,3,score,GSM615266,0,0,0.2037555333749504
GSE25055,3,score,GSM615267,2,0,0.0817663854666303
GSE25055,3,score,GSM615268,3,0,0.1283337192361287
GSE25055,3,score,GSM615269,1,0,0.08242296703540916
GSE25055,3,score,GSM615270,1,1,0.4148177926964977
GSE25055,3,score,GSM615271,1,0,0.31645682035224776
GSE25055,3,score,GSM615272,3,0,0.09017011304524862
GSE25055,3,score,GSM615273,1,0,0.1910494149969036
GSE25055,3,score,GSM615274,2,0,0.4284360780700618
GSE25055,3,score,GSM615275,4,0,0.3991415067750606
GSE25055,3,score,GSM615276,2,0,0.1435669601207634
GSE25055,3,score,GSM615277,2,0,0.09997666274313649
GSE25055,3,score,GSM615278,3,0,0.13706284282534503
GSE25055,3,score,GSM615279,0,0,0.0957670973165791
GSE25055,3,score,GSM615280,0,1,0.30391977775494106
GSE25055,3,score,GSM615281,4,0,0.10677753504896532
GSE25055,3,score,GSM615282,3,0,0.15355135060172334
GSE25055,3,score,GSM615283,3,0,0.1863869191719713
GSE25055,3,score,GSM615284,1,1,0.3055235522524745
GSE25055,3,score,GSM615285,1,0,0.06137641477140931
GSE25055,3,score,GSM615286,3,0,0.3476272242700917
GSE25055,3,score,GSM615287,4,0,0.16251140223780616
GSE25055,3,score,GSM615288,3,0,0.3203597902484966
GSE25055,3,score,GSM615289,1,0,0.3338195254134104
GSE25055,3,score,GSM615290,4,0,0.4367316186580642
GSE25055,3,score,GSM615291,3,1,0.23311926137958527
GSE25055,3,score,GSM615292,4,0,0.09817844472368524
GSE25055,3,score,GSM615293,3,1,0.5456347887463028
GSE25055,3,score,GSM615294,2,0,0.21376426702200094
GSE25055,3,score,GSM615295,2,0,0.06373715781860816
GSE25055,3,score,GSM615296,1,0,0.13887226176264653
GSE25055,3,score,GSM615297,0,0,0.4347156408314285
GSE25055,3,score,GSM615298,3,0,0.12044135325206339
GSE25055,3,score,GSM615299,2,0,0.02909301027308054
GSE25055,3,score,GSM615300,2,1,0.1286925314022223
GSE25055,3,score,GSM615301,3,0,0.2380330614845831
GSE25055,3,score,GSM615302,1,0,0.1387912183723958
GSE25055,3,score,GSM615303,0,0,0.24541030384228912
GSE25055,3,score,GSM615304,2,0,0.036764753552194517
GSE25055,3,score,GSM615305,2,0,0.06450111367620281
GSE25055,3,score,GSM615306,1,0,0.07618908581843872
GSE25055,3,score,GSM615307,1,1,0.6212622276575704
GSE25055,3,score,GSM615308,3,0,0.08228784018336426
GSE25055,3,score,GSM615309,4,0,0.08425392869167739
GSE25055,3,score,GSM615310,0,1,0.5667177495309679
GSE25055,3,score,GSM615311,1,0,0.04782594131388635
GSE25055,3,score,GSM615312,4,0,0.16954454895346213
GSE25055,3,score,GSM615313,4,0,0.03302000965641134
GSE25055,3,score,GSM615314,2,0,0.037760906332755056
GSE25055,3,score,GSM615315,1,0,0.3835785302343034
GSE25055,3,score,GSM615316,0,0,0.033377380008412394
GSE25055,3,score,GSM615317,2,0,0.3123461435551976
GSE25055,3,score,GSM615318,1,0,0.06272697196153335
GSE25055,3,score,GSM615319,4,0,0.12006687306999483
GSE25055,3,score,GSM615320,0,0,0.44324934386629355
GSE25055,3,score,GSM615321,2,0,0.25640820965888256
GSE25055,3,score,GSM615322,3,0,0.37860016022723003
GSE25055,3,score,GSM615323,0,0,0.061951534906397224
GSE25055,3,score,GSM615324,1,1,0.5820042537916167
GSE25055,3,score,GSM615325,1,1,0.41762769696111723
GSE25055,3,score,GSM615326,2,0,0.587864791090174
GSE25055,3,score,GSM615327,2,0,0.2783072703493949
GSE25055,3,score,GSM615328,4,0,0.05013932750169591
GSE25055,3,score,GSM615329,4,0,0.04068457368262336
GSE25055,3,score,GSM615330,3,0,0.07421265320108449
GSE25055,3,score,GSM615331,2,1,0.06317125900549445
GSE25055,3,score,GSM615332,3,0,0.21109105614889784
GSE25055,3,score,GSM615333,4,0,0.16118499093656918
GSE25055,3,score,GSM615334,0,1,0.5774776424682767
GSE25055,3,score,GSM615335,3,0,0.2554560898140499
GSE25055,3,score,GSM615336,4,1,0.42611804675341025
GSE25055,3,score,GSM615337,0,0,0.10347747878504164
GSE25055,3,score,GSM615338,2,1,0.21440775821345662
GSE25055,3,score,GSM615339,0,0,0.046308031474369
GSE25055,3,score,GSM615340,3,0,0.09447008170624689
GSE25055,3,score,GSM615341,2,0,0.03622724118025024
GSE25055,3,score,GSM615342,2,0,0.06738839457247622
GSE25055,3,score,GSM615343,4,0,0.17000201427410536
GSE25055,3,score,GSM615344,3,0,0.09354197325357604
GSE25055,3,score,GSM615345,4,0,0.03423522283022718
GSE25055,3,score,GSM615346,1,0,0.3256160151702865
GSE25055,3,score,GSM615347,0,0,0.3038517689444214
GSE25055,3,score,GSM615348,2,0,0.2571073932810318
GSE25055,3,score,GSM615349,1,0,0.08488841220020846
GSE25055,3,score,GSM615350,1,0,0.14662603905364402
GSE25055,3,score,GSM615351,3,0,0.1341762617850704
GSE25055,3,score,GSM615352,3,0,0.04193465369217326
GSE25055,3,score,GSM615353,4,1,0.13177745410717573
GSE25055,3,score,GSM615354,2,1,0.23897907701746599
GSE25055,3,score,GSM615355,3,0,0.19268625556715735
GSE25055,3,score,GSM615356,1,0,0.11783409547468593
GSE25055,3,score,GSM615357,0,1,0.4035873643802218
GSE25055,3,score,GSM615358,2,0,0.049258189477191176
GSE25055,3,score,GSM615359,3,1,0.45392434215359634
GSE25055,3,score,GSM615360,1,0,0.09275306616306671
GSE25055,3,score,GSM615361,4,0,0.15790682938039516
GSE25055,3,score,GSM615362,4,0,0.04805187062307291
GSE25055,3,score,GSM615363,4,0,0.09178957009141793
GSE25055,3,score,GSM615364,2,0,0.34863917760659685
GSE25055,3,score,GSM615365,0,0,0.10208798629089179
GSE25055,3,score,GSM615366,2,0,0.0418974571849213
GSE25055,3,score,GSM615367,0,0,0.11767801427375951
GSE25055,3,score,GSM615368,4,0,0.505128231359933
GSE25055,3,score,GSM615369,4,0,0.09524175398387044
GSE25055,3,score,GSM615370,0,0,0.1454914651012103
GSE25055,3,score,GSM615371,1,1,0.2454149298377499
GSE25055,3,score,GSM615372,2,0,0.24613862396943886
GSE25055,3,score,GSM615373,1,0,0.16170726869228477
GSE25055,3,score,GSM615374,2,0,0.02278172914284298
GSE25055,3,score,GSM615375,1,1,0.7218509825374282
GSE25055,3,score,GSM615376,1,0,0.09968689209191554
GSE25055,3,score,GSM615377,4,0,0.019399256903778278
GSE25055,3,score,GSM615378,4,0,0.19619926113317102
GSE25055,3,score,GSM615379,4,1,0.12009917975668358
GSE25055,3,score,GSM615380,1,0,0.46976977248839435
GSE25055,3,score,GSM615381,0,0,0.030771833029384993
GSE25055,3,score,GSM615382,4,0,0.06331279620682272
GSE25055,3,score,GSM615383,4,1,0.03949437356260527
GSE25055,3,score,GSM615384,0,0,0.13417952844872727
GSE25055,3,score,GSM615385,1,0,0.0456892938836216
GSE25055,3,score,GSM615386,1,0,0.031096579383677984
GSE25055,3,score,GSM615387,0,0,0.12613372637263348
GSE25055,3,score,GSM615388,1,0,0.07591011710536949
GSE25055,3,score,GSM615389,3,0,0.09616940027738849
GSE25055,3,score,GSM615390,0,0,0.34524884937375466
GSE25055,3,score,GSM615391,2,0,0.04568197582966364
GSE25055,3,score,GSM615392,0,0,0.33004114058100553
GSE25055,3,score,GSM615393,2,1,0.10433924632092353
GSE25055,3,score,GSM615394,0,1,0.1503479808606282
GSE25055,3,score,GSM615395,2,0,0.027303497976991477
GSE25055,3,score,GSM615396,4,1,0.269798215701853
GSE25055,3,score,GSM615397,3,1,0.28999285112175227
GSE25055,3,score,GSM615398,2,0,0.16593111534314955
GSE25055,3,score,GSM615399,3,0,0.10950703820070397
GSE25055,3,score,GSM615400,2,0,0.06213983038747949
GSE25055,3,score,GSM615401,1,0,0.189561874817996
GSE25055,3,score,GSM615402,4,0,0.08733880099375332
GSE25055,3,score,GSM615403,2,0,0.3237505293475405
GSE25055,3,score,GSM615404,3,0,0.12880538721603188
GSE25055,3,score,GSM615405,2,0,0.5270299842383456
GSE25055,3,combined,GSM615096,4,0,0.035594573043416566
GSE25055,3,combined,GSM615097,0,0,0.04407819217622388
GSE25055,3,combined,GSM615098,0,0,0.4500421202904427
GSE25055,3,combined,GSM615099,3,1,0.5024316362298383
GSE25055,3,combined,GSM615100,2,0,0.14391716726493078
GSE25055,3,combined,GSM615101,2,0,0.41012788015053003
GSE25055,3,combined,GSM615102,0,0,0.4561774429486033
GSE25055,3,combined,GSM615104,4,0,0.2948881624425871
GSE25055,3,combined,GSM615106,0,0,0.2136568421766854
GSE25055,3,combined,GSM615107,4,0,0.4320945945993069
GSE25055,3,combined,GSM615108,4,0,0.06691639098671763
GSE25055,3,combined,GSM615109,3,0,0.4232170373010364
GSE25055,3,combined,GSM615111,4,0,0.2320248945578686
GSE25055,3,combined,GSM615112,3,0,0.35950015722711093
GSE25055,3,combined,GSM615113,1,0,0.3900174409957641
GSE25055,3,combined,GSM615114,4,0,0.029136579405407106
GSE25055,3,combined,GSM615115,4,0,0.3047487774334643
GSE25055,3,combined,GSM615116,3,0,0.2151111359900571
GSE25055,3,combined,GSM615117,2,0,0.24703000357106836
GSE25055,3,combined,GSM615120,3,0,0.04799991653058079
GSE25055,3,combined,GSM615121,2,0,0.04081694975597528
GSE25055,3,combined,GSM615122,4,1,0.033464731406047436
GSE25055,3,combined,GSM615123,4,1,0.15423214375575778
GSE25055,3,combined,GSM615124,1,0,0.06741450844274681
GSE25055,3,combined,GSM615125,1,0,0.0533458174322621
GSE25055,3,combined,GSM615126,0,0,0.08461667440561327
GSE25055,3,combined,GSM615127,4,0,0.036876770092236395
GSE25055,3,combined,GSM615128,1,0,0.05439985497587495
GSE25055,3,combined,GSM615129,3,0,0.06622450760596943
GSE25055,3,combined,GSM615130,2,0,0.04131002045279672
GSE25055,3,combined,GSM615131,3,0,0.07242507893748656
GSE25055,3,combined,GSM615132,0,0,0.051853152470448034
GSE25055,3,combined,GSM615133,1,0,0.047790838783465336
GSE25055,3,combined,GSM615134,2,0,0.02951445940560227
GSE25055,3,combined,GSM615135,4,0,0.23071022665118449
GSE25055,3,combined,GSM615136,0,0,0.3432446636109386
GSE25055,3,combined,GSM615137,2,1,0.09101888814794681
GSE25055,3,combined,GSM615138,4,0,0.051146116239992934
GSE25055,3,combined,GSM615139,3,1,0.5271313363954169
GSE25055,3,combined,GSM615140,2,1,0.3320522089435476
GSE25055,3,combined,GSM615142,1,0,0.06760570291984717
GSE25055,3,combined,GSM615143,3,1,0.3495581289578923
GSE25055,3,combined,GSM615144,0,0,0.041785157343944224
GSE25055,3,combined,GSM615145,3,0,0.5688492881658425
GSE25055,3,combined,GSM615146,2,1,0.3447315893541332
GSE25055,3,combined,GSM615147,3,0,0.06705844743826139
GSE25055,3,combined,GSM615148,2,0,0.36185755703150896
GSE25055,3,combined,GSM615149,0,0,0.30747692560489875
GSE25055,3,combined,GSM615150,0,0,0.041640279176633724
GSE25055,3,combined,GSM615151,1,0,0.3553590889218054
GSE25055,3,combined,GSM615153,4,0,0.044414929818360656
GSE25055,3,combined,GSM615154,1,1,0.272651043368475
GSE25055,3,combined,GSM615155,0,0,0.17882317418969673
GSE25055,3,combined,GSM615156,3,0,0.2823145316672471
GSE25055,3,combined,GSM615157,3,0,0.05142633482060579
GSE25055,3,combined,GSM615158,1,0,0.05186427723504485
GSE25055,3,combined,GSM615159,4,0,0.1661695869264349
GSE25055,3,combined,GSM615160,0,0,0.3880628335952706
GSE25055,3,combined,GSM615162,4,0,0.025777051821948664
GSE25055,3,combined,GSM615164,3,1,0.5147212694073613
GSE25055,3,combined,GSM615165,0,0,0.05851011488836502
GSE25055,3,combined,GSM615166,0,0,0.10872272587701683
GSE25055,3,combined,GSM615167,1,1,0.18428988154442386
GSE25055,3,combined,GSM615168,0,0,0.03986020244551081
GSE25055,3,combined,GSM615169,3,0,0.3458587688076086
GSE25055,3,combined,GSM615170,1,0,0.05564052755524941
GSE25055,3,combined,GSM615171,0,1,0.2949113040839958
GSE25055,3,combined,GSM615172,0,0,0.03627589579463057
GSE25055,3,combined,GSM615173,0,0,0.045319462905248235
GSE25055,3,combined,GSM615174,3,0,0.11365252645806738
GSE25055,3,combined,GSM615175,4,1,0.46029450242347625
GSE25055,3,combined,GSM615176,1,0,0.0590323895966033
GSE25055,3,combined,GSM615177,4,0,0.048694213838611486
GSE25055,3,combined,GSM615178,4,0,0.35205428469235983
GSE25055,3,combined,GSM615179,3,0,0.0784080465865378
GSE25055,3,combined,GSM615180,1,0,0.10523689992080673
GSE25055,3,combined,GSM615181,4,1,0.3570121835808037
GSE25055,3,combined,GSM615182,1,0,0.2446935961159659
GSE25055,3,combined,GSM615183,4,0,0.03392653771184252
GSE25055,3,combined,GSM615184,0,0,0.5141606392706294
GSE25055,3,combined,GSM615185,3,0,0.22832068066024222
GSE25055,3,combined,GSM615186,2,1,0.033212456081310494
GSE25055,3,combined,GSM615187,0,0,0.055294949780361854
GSE25055,3,combined,GSM615188,3,0,0.25037600605586297
GSE25055,3,combined,GSM615189,3,0,0.2627057109324383
GSE25055,3,combined,GSM615190,0,0,0.4467095198790518
GSE25055,3,combined,GSM615191,0,1,0.6372538753836752
GSE25055,3,combined,GSM615192,1,0,0.057998244569459644
GSE25055,3,combined,GSM615193,0,1,0.39331760488218614
GSE25055,3,combined,GSM615194,1,1,0.4158722529767879
GSE25055,3,combined,GSM615195,0,0,0.6412304816547166
GSE25055,3,combined,GSM615196,2,0,0.12003995571189235
GSE25055,3,combined,GSM615197,1,0,0.32911452927082363
GSE25055,3,combined,GSM615198,3,0,0.05115394829391823
GSE25055,3,combined,GSM615199,0,0,0.08901689513764179
GSE25055,3,combined,GSM615200,2,0,0.18500856980444774
GSE25055,3,combined,GSM615201,0,1,0.14177500390668135
GSE25055,3,combined,GSM615202,3,1,0.5147941650370329
GSE25055,3,combined,GSM615203,0,0,0.014279579324266828
GSE25055,3,combined,GSM615204,1,0,0.048063348820967675
GSE25055,3,combined,GSM615205,4,0,0.026679605654721134
GSE25055,3,combined,GSM615206,2,0,0.03210945506647061
GSE25055,3,combined,GSM615207,4,0,0.027655007071743003
GSE25055,3,combined,GSM615208,4,0,0.0198858533306838
GSE25055,3,combined,GSM615209,0,1,0.4333823639391204
GSE25055,3,combined,GSM615210,2,0,0.011847309755631027
GSE25055,3,combined,GSM615211,3,1,0.5391579822687554
GSE25055,3,combined,GSM615212,1,1,0.1514111061572598
GSE25055,3,combined,GSM615213,2,1,0.3605160054368477
GSE25055,3,combined,GSM615214,1,0,0.02675157790191177
GSE25055,3,combined,GSM615215,0,1,0.32808878764203003
GSE25055,3,combined,GSM615216,4,0,0.05621991139865686
GSE25055,3,combined,GSM615217,2,0,0.047506469532152026
GSE25055,3,combined,GSM615218,2,0,0.2284970914075171
GSE25055,3,combined,GSM615219,3,0,0.10560225813754114
GSE25055,3,combined,GSM615220,1,0,0.033247757347959074
GSE25055,3,combined,GSM615221,0,0,0.08363148033219912
GSE25055,3,combined,GSM615222,4,0,0.020848120334405678
GSE25055,3,combined,GSM615223,0,0,0.1633558475960718
GSE25055,3,combined,GSM615224,1,0,0.021409706955586326
GSE25055,3,combined,GSM615225,1,0,0.23012708390315284
GSE25055,3,combined,GSM615226,4,0,0.01436472654613266
GSE25055,3,combined,GSM615227,0,0,0.07801988946237479
GSE25055,3,combined,GSM615228,3,0,0.09354305735542147
GSE25055,3,combined,GSM615229,2,0,0.04825102322098858
GSE25055,3,combined,GSM615230,1,0,0.04588138986203479
GSE25055,3,combined,GSM615231,4,0,0.02204650956765873
GSE25055,3,combined,GSM615232,1,0,0.031155031890146904
GSE25055,3,combined,GSM615233,3,0,0.027167450652709757
GSE25055,3,combined,GSM615234,3,0,0.06376518760861767
GSE25055,3,combined,GSM615235,1,0,0.146822921397268
GSE25055,3,combined,GSM615236,1,0,0.057371118517716986
GSE25055,3,combined,GSM615237,0,0,0.04162787074032912
GSE25055,3,combined,GSM615238,3,0,0.039429048487753124
GSE25055,3,combined,GSM615239,3,0,0.10247859242386517
GSE25055,3,combined,GSM615240,4,1,0.12685578405473225
GSE25055,3,combined,GSM615241,0,0,0.04553717221351688
GSE25055,3,combined,GSM615242,0,1,0.4207701085386166
GSE25055,3,combined,GSM615243,1,0,0.045724903760364866
GSE25055,3,combined,GSM615244,3,0,0.16605620403275984
GSE25055,3,combined,GSM615245,0,0,0.14223773239121248
GSE25055,3,combined,GSM615246,1,0,0.16220393555915907
GSE25055,3,combined,GSM615247,2,0,0.07722671424622986
GSE25055,3,combined,GSM615248,3,0,0.23096242733096903
GSE25055,3,combined,GSM615249,4,0,0.024414862740691448
GSE25055,3,combined,GSM615250,2,0,0.4216634908223637
GSE25055,3,combined,GSM615251,4,0,0.42458024237915826
GSE25055,3,combined,GSM615252,2,0,0.01856431969536679
GSE25055,3,combined,GSM615253,4,0,0.055354438294652954
GSE25055,3,combined,GSM615254,2,0,0.03377185563827586
GSE25055,3,combined,GSM615255,3,0,0.3003681650560904
GSE25055,3,combined,GSM615256,4,1,0.07862535754790631
GSE25055,3,combined,GSM615257,0,0,0.017350928718633064
GSE25055,3,combined,GSM615258,2,0,0.07183077199948616
GSE25055,3,combined,GSM615259,1,0,0.03400679320025283
GSE25055,3,combined,GSM615260,3,0,0.1907395313437088
GSE25055,3,combined,GSM615261,0,0,0.06414297916787438
GSE25055,3,combined,GSM615262,2,0,0.023999331826755673
GSE25055,3,combined,GSM615263,3,1,0.3543785811753001
GSE25055,3,combined,GSM615264,2,1,0.15815599813943312
GSE25055,3,combined,GSM615265,2,0,0.11177339746878838
GSE25055,3,combined,GSM615266,0,0,0.06893890810359993
GSE25055,3,combined,GSM615267,2,0,0.05654377380249538
GSE25055,3,combined,GSM615268,3,0,0.09475522292126969
GSE25055,3,combined,GSM615269,1,0,0.07233899559175255
GSE25055,3,combined,GSM615270,1,1,0.5201160787350931
GSE25055,3,combined,GSM615271,1,0,0.19908542040730087
GSE25055,3,combined,GSM615272,3,0,0.05166227099178067
GSE25055,3,combined,GSM615273,1,0,0.11933587682368092
GSE25055,3,combined,GSM615274,2,0,0.15991852020661573
GSE25055,3,combined,GSM615275,4,0,0.41952475756532376
GSE25055,3,combined,GSM615276,2,0,0.2169932224403703
GSE25055,3,combined,GSM615277,2,0,0.0573782276606806
GSE25055,3,combined,GSM615278,3,0,0.08619153920142411
GSE25055,3,combined,GSM615279,0,0,0.05114387073602925
GSE25055,3,combined,GSM615280,0,1,0.1484187791432821
GSE25055,3,combined,GSM615281,4,0,0.051645333979212775
GSE25055,3,combined,GSM615282,3,0,0.08035190304080438
GSE25055,3,combined,GSM615283,3,0,0.09700950566129693
GSE25055,3,combined,GSM615284,1,1,0.3630758198191024
GSE25055,3,combined,GSM615285,1,0,0.052824532108237496
GSE25055,3,combined,GSM615286,3,0,0.1554365822419702
GSE25055,3,combined,GSM615287,4,0,0.2792290265723497
GSE25055,3,combined,GSM615288,3,0,0.4267241833726197
GSE25055,3,combined,GSM615289,1,0,0.20133468129639812
GSE25055,3,combined,GSM615290,4,0,0.10803010748590751
GSE25055,3,combined,GSM615291,3,1,0.2918191337682153
GSE25055,3,combined,GSM615292,4,0,0.04567237231917053
GSE25055,3,combined,GSM615293,3,1,0.6145999272126013
GSE25055,3,combined,GSM615294,2,0,0.11922471506988139
GSE25055,3,combined,GSM615295,2,0,0.1183192623627302
GSE25055,3,combined,GSM615296,1,0,0.0959000750964183
GSE25055,3,combined,GSM615297,0,0,0.4304489869778114
GSE25055,3,combined,GSM615298,3,0,0.08511278467797528
GSE25055,3,combined,GSM615299,2,0,0.022628587849946664
GSE25055,3,combined,GSM615300,2,1,0.18529863611978387
GSE25055,3,combined,GSM615301,3,0,0.2876870303677979
GSE25055,3,combined,GSM615302,1,0,0.07922870310041819
GSE25055,3,combined,GSM615303,0,0,0.2472951851113107
GSE25055,3,combined,GSM615304,2,0,0.022463002747273385
GSE25055,3,combined,GSM615305,2,0,0.04946709151897245
GSE25055,3,combined,GSM615306,1,0,0.045914698398446835
GSE25055,3,combined,GSM615307,1,1,0.7027171294587669
GSE25055,3,combined,GSM615308,3,0,0.056083870760890754
GSE25055,3,combined,GSM615309,4,0,0.042654985666599594
GSE25055,3,combined,GSM615310,0,1,0.16355873062483017
GSE25055,3,combined,GSM615311,1,0,0.05437134102732526
GSE25055,3,combined,GSM615312,4,0,0.28184669337385343
GSE25055,3,combined,GSM615313,4,0,0.019895015115281623
GSE25055,3,combined,GSM615314,2,0,0.017512887350619916
GSE25055,3,combined,GSM615315,1,0,0.5300047074261702
GSE25055,3,combined,GSM615316,0,0,0.016129074421648487
GSE25055,3,combined,GSM615317,2,0,0.40024338114693625
GSE25055,3,combined,GSM615318,1,0,0.05028935408602852
GSE25055,3,combined,GSM615319,4,0,0.18668092596857042
GSE25055,3,combined,GSM615320,0,0,0.5547007335955294
GSE25055,3,combined,GSM615321,2,0,0.3364289505685833
GSE25055,3,combined,GSM615322,3,0,0.42644341900450794
GSE25055,3,combined,GSM615323,0,0,0.22935988980304037
GSE25055,3,combined,GSM615324,1,1,0.584401575292691
GSE25055,3,combined,GSM615325,1,1,0.4933456099042952
GSE25055,3,combined,GSM615326,2,0,0.28119923725231893
GSE25055,3,combined,GSM615327,2,0,0.29170742528602717
GSE25055,3,combined,GSM615328,4,0,0.029576492981271577
GSE25055,3,combined,GSM615329,4,0,0.02783229390009255
GSE25055,3,combined,GSM615330,3,0,0.12785749236288999
GSE25055,3,combined,GSM615331,2,1,0.032095556510890834
GSE25055,3,combined,GSM615332,3,0,0.09634025284667136
GSE25055,3,combined,GSM615333,4,0,0.28669911427926714
GSE25055,3,combined,GSM615334,0,1,0.5050409580039007
GSE25055,3,combined,GSM615335,3,0,0.33308580348647915
GSE25055,3,combined,GSM615336,4,1,0.49765736823551115
GSE25055,3,combined,GSM615337,0,0,0.059643285015393524
GSE25055,3,combined,GSM615338,2,1,0.2689077928815082
GSE25055,3,combined,GSM615339,0,0,0.025397097652956783
GSE25055,3,combined,GSM615340,3,0,0.06288015929943111
GSE25055,3,combined,GSM615341,2,0,0.026904511856597167
GSE25055,3,combined,GSM615342,2,0,0.14618641080952618
GSE25055,3,combined,GSM615343,4,0,0.09640785592246943
GSE25055,3,combined,GSM615344,3,0,0.16154391249391062
GSE25055,3,combined,GSM615345,4,0,0.08205976202553408
GSE25055,3,combined,GSM615346,1,0,0.4242235038640126
GSE25055,3,combined,GSM615347,0,0,0.264091776936746
GSE25055,3,combined,GSM615348,2,0,0.41542718997296263
GSE25055,3,combined,GSM615349,1,0,0.05959954478328512
GSE25055,3,combined,GSM615350,1,0,0.1841262678307445
GSE25055,3,combined,GSM615351,3,0,0.07886233273297485
GSE25055,3,combined,GSM615352,3,0,0.025904461108989956
GSE25055,3,combined,GSM615353,4,1,0.05783142275716858
GSE25055,3,combined,GSM615354,2,1,0.33766492199142384
GSE25055,3,combined,GSM615355,3,0,0.11209713830061978
GSE25055,3,combined,GSM615356,1,0,0.21251520379645175
GSE25055,3,combined,GSM615357,0,1,0.44225648275689267
GSE25055,3,combined,GSM615358,2,0,0.02252676396591367
GSE25055,3,combined,GSM615359,3,1,0.48481322720128583
GSE25055,3,combined,GSM615360,1,0,0.05986179336913193
GSE25055,3,combined,GSM615361,4,0,0.04575351947554621
GSE25055,3,combined,GSM615362,4,0,0.02475711862049969
GSE25055,3,combined,GSM615363,4,0,0.2516921944276511
GSE25055,3,combined,GSM615364,2,0,0.4950204792551757
GSE25055,3,combined,GSM615365,0,0,0.03848802732199294
GSE25055,3,combined,GSM615366,2,0,0.03076777847788542
GSE25055,3,combined,GSM615367,0,0,0.06054530806292277
GSE25055,3,combined,GSM615368,4,0,0.6603579923003361
GSE25055,3,combined,GSM615369,4,0,0.203220738517006
GSE25055,3,combined,GSM615370,0,0,0.09653627060093284
GSE25055,3,combined,GSM615371,1,1,0.2338047575567939
GSE25055,3,combined,GSM615372,2,0,0.37628490755227817
GSE25055,3,combined,GSM615373,1,0,0.11299653796117379
GSE25055,3,combined,GSM615374,2,0,0.015682322551995684
GSE25055,3,combined,GSM615375,1,1,0.553129309612248
GSE25055,3,combined,GSM615376,1,0,0.16265452565012545
GSE25055,3,combined,GSM615377,4,0,0.014084215440022776
GSE25055,3,combined,GSM615378,4,0,0.35532377897208145
GSE25055,3,combined,GSM615379,4,1,0.19003809003286942
GSE25055,3,combined,GSM615380,1,0,0.5509249789714681
GSE25055,3,combined,GSM615381,0,0,0.017397863627930676
GSE25055,3,combined,GSM615382,4,0,0.13414178283830988
GSE25055,3,combined,GSM615383,4,1,0.022053564351824664
GSE25055,3,combined,GSM615384,0,0,0.21230756760524205
GSE25055,3,combined,GSM615385,1,0,0.12410660592918069
GSE25055,3,combined,GSM615386,1,0,0.028034936417455674
GSE25055,3,combined,GSM615387,0,0,0.2984505429286729
GSE25055,3,combined,GSM615388,1,0,0.06789047590574436
GSE25055,3,combined,GSM615389,3,0,0.061393826428872283
GSE25055,3,combined,GSM615390,0,0,0.4473797771038695
GSE25055,3,combined,GSM615391,2,0,0.026196808572531236
GSE25055,3,combined,GSM615392,0,0,0.31875969765966683
GSE25055,3,combined,GSM615393,2,1,0.19925823564750525
GSE25055,3,combined,GSM615394,0,1,0.20489689688649554
GSE25055,3,combined,GSM615395,2,0,0.015495342975899076
GSE25055,3,combined,GSM615396,4,1,0.47087889700327834
GSE25055,3,combined,GSM615397,3,1,0.34328115629946526
GSE25055,3,combined,GSM615398,2,0,0.08922751064173155
GSE25055,3,combined,GSM615399,3,0,0.06932820073411611
GSE25055,3,combined,GSM615400,2,0,0.025172732496238033
GSE25055,3,combined,GSM615401,1,0,0.07313458669069552
GSE25055,3,combined,GSM615402,4,0,0.04198148353588688
GSE25055,3,combined,GSM615403,2,0,0.3959501648164024
GSE25055,3,combined,GSM615404,3,0,0.0659868718315198
GSE25055,3,combined,GSM615405,2,0,0.5203495978925462
GSE25055,4,intercept,GSM615096,4,0,0.18672199170124482
GSE25055,4,intercept,GSM615097,4,0,0.18672199170124482
GSE25055,4,intercept,GSM615098,0,0,0.18333333333333332
GSE25055,4,intercept,GSM615099,4,1,0.18672199170124482
GSE25055,4,intercept,GSM615100,0,0,0.18333333333333332
GSE25055,4,intercept,GSM615101,3,0,0.18672199170124482
GSE25055,4,intercept,GSM615102,1,0,0.18672199170124482
GSE25055,4,intercept,GSM615104,0,0,0.18333333333333332
GSE25055,4,intercept,GSM615106,0,0,0.18333333333333332
GSE25055,4,intercept,GSM615107,0,0,0.18333333333333332
GSE25055,4,intercept,GSM615108,3,0,0.18672199170124482
GSE25055,4,intercept,GSM615109,1,0,0.18672199170124482
GSE25055,4,intercept,GSM615111,2,0,0.18672199170124482
GSE25055,4,intercept,GSM615112,4,0,0.18672199170124482
GSE25055,4,intercept,GSM615113,3,0,0.18672199170124482
GSE25055,4,intercept,GSM615114,3,0,0.18672199170124482
GSE25055,4,intercept,GSM615115,3,0,0.18672199170124482
GSE25055,4,intercept,GSM615116,3,0,0.18672199170124482
GSE25055,4,intercept,GSM615117,3,0,0.18672199170124482
GSE25055,4,intercept,GSM615120,3,0,0.18672199170124482
GSE25055,4,intercept,GSM615121,2,0,0.18672199170124482
GSE25055,4,intercept,GSM615122,0,1,0.18333333333333332
GSE25055,4,intercept,GSM615123,2,1,0.18672199170124482
GSE25055,4,intercept,GSM615124,4,0,0.18672199170124482
GSE25055,4,intercept,GSM615125,0,0,0.18333333333333332
GSE25055,4,intercept,GSM615126,1,0,0.18672199170124482
GSE25055,4,intercept,GSM615127,0,0,0.18333333333333332
GSE25055,4,intercept,GSM615128,4,0,0.18672199170124482
GSE25055,4,intercept,GSM615129,0,0,0.18333333333333332
GSE25055,4,intercept,GSM615130,1,0,0.18672199170124482
GSE25055,4,intercept,GSM615131,3,0,0.18672199170124482
GSE25055,4,intercept,GSM615132,2,0,0.18672199170124482
GSE25055,4,intercept,GSM615133,4,0,0.18672199170124482
GSE25055,4,intercept,GSM615134,3,0,0.18672199170124482
GSE25055,4,intercept,GSM615135,3,0,0.18672199170124482
GSE25055,4,intercept,GSM615136,1,0,0.18672199170124482
GSE25055,4,intercept,GSM615137,2,1,0.18672199170124482
GSE25055,4,intercept,GSM615138,0,0,0.18333333333333332
GSE25055,4,intercept,GSM615139,1,1,0.18672199170124482
GSE25055,4,intercept,GSM615140,3,1,0.18672199170124482
GSE25055,4,intercept,GSM615142,0,0,0.18333333333333332
GSE25055,4,intercept,GSM615143,0,1,0.18333333333333332
GSE25055,4,intercept,GSM615144,4,0,0.18672199170124482
GSE25055,4,intercept,GSM615145,3,0,0.18672199170124482
GSE25055,4,intercept,GSM615146,2,1,0.18672199170124482
GSE25055,4,intercept,GSM615147,0,0,0.18333333333333332
GSE25055,4,intercept,GSM615148,1,0,0.18672199170124482
GSE25055,4,intercept,GSM615149,2,0,0.18672199170124482
GSE25055,4,intercept,GSM615150,4,0,0.18672199170124482
GSE25055,4,intercept,GSM615151,2,0,0.18672199170124482
GSE25055,4,intercept,GSM615153,3,0,0.18672199170124482
GSE25055,4,intercept,GSM615154,0,1,0.18333333333333332
GSE25055,4,intercept,GSM615155,1,0,0.18672199170124482
GSE25055,4,intercept,GSM615156,2,0,0.18672199170124482
GSE25055,4,intercept,GSM615157,1,0,0.18672199170124482
GSE25055,4,intercept,GSM615158,3,0,0.18672199170124482
GSE25055,4,intercept,GSM615159,0,0,0.18333333333333332
GSE25055,4,intercept,GSM615160,2,0,0.18672199170124482
GSE25055,4,intercept,GSM615162,1,0,0.18672199170124482
GSE25055,4,intercept,GSM615164,1,1,0.18672199170124482
GSE25055,4,intercept,GSM615165,0,0,0.18333333333333332
GSE25055,4,intercept,GSM615166,2,0,0.18672199170124482
GSE25055,4,intercept,GSM615167,3,1,0.18672199170124482
GSE25055,4,intercept,GSM615168,3,0,0.18672199170124482
GSE25055,4,intercept,GSM615169,0,0,0.18333333333333332
GSE25055,4,intercept,GSM615170,2,0,0.18672199170124482
GSE25055,4,intercept,GSM615171,3,1,0.18672199170124482
GSE25055,4,intercept,GSM615172,3,0,0.18672199170124482
GSE25055,4,intercept,GSM615173,1,0,0.18672199170124482
GSE25055,4,intercept,GSM615174,2,0,0.18672199170124482
GSE25055,4,intercept,GSM615175,0,1,0.18333333333333332
GSE25055,4,intercept,GSM615176,0,0,0.18333333333333332
GSE25055,4,intercept,GSM615177,2,0,0.18672199170124482
GSE25055,4,intercept,GSM615178,0,0,0.18333333333333332
GSE25055,4,intercept,GSM615179,3,0,0.18672199170124482
GSE25055,4,intercept,GSM615180,1,0,0.18672199170124482
GSE25055,4,intercept,GSM615181,0,1,0.18333333333333332
GSE25055,4,intercept,GSM615182,3,0,0.18672199170124482
GSE25055,4,intercept,GSM615183,4,0,0.18672199170124482
GSE25055,4,intercept,GSM615184,4,0,0.18672199170124482
GSE25055,4,intercept,GSM615185,1,0,0.18672199170124482
GSE25055,4,intercept,GSM615186,4,1,0.18672199170124482
GSE25055,4,intercept,GSM615187,0,0,0.18333333333333332
GSE25055,4,intercept,GSM615188,4,0,0.18672199170124482
GSE25055,4,intercept,GSM615189,4,0,0.18672199170124482
GSE25055,4,intercept,GSM615190,1,0,0.18672199170124482
GSE25055,4,intercept,GSM615191,1,1,0.18672199170124482
GSE25055,4,intercept,GSM615192,4,0,0.18672199170124482
GSE25055,4,intercept,GSM615193,1,1,0.18672199170124482
GSE25055,4,intercept,GSM615194,4,1,0.18672199170124482
GSE25055,4,intercept,GSM615195,4,0,0.18672199170124482
GSE25055,4,intercept,GSM615196,3,0,0.18672199170124482
GSE25055,4,intercept,GSM615197,4,0,0.18672199170124482
GSE25055,4,intercept,GSM615198,0,0,0.18333333333333332
GSE25055,4,intercept,GSM615199,1,0,0.18672199170124482
GSE25055,4,intercept,GSM615200,0,0,0.18333333333333332
GSE25055,4,intercept,GSM615201,0,1,0.18333333333333332
GSE25055,4,intercept,GSM615202,3,1,0.18672199170124482
GSE25055,4,intercept,GSM615203,3,0,0.18672199170124482
GSE25055,4,intercept,GSM615204,1,0,0.18672199170124482
GSE25055,4,intercept,GSM615205,1,0,0.18672199170124482
GSE25055,4,intercept,GSM615206,2,0,0.18672199170124482
GSE25055,4,intercept,GSM615207,4,0,0.18672199170124482
GSE25055,4,intercept,GSM615208,0,0,0.18333333333333332
GSE25055,4,intercept,GSM615209,1,1,0.18672199170124482
GSE25055,4,intercept,GSM615210,2,0,0.18672199170124482
GSE25055,4,intercept,GSM615211,3,1,0.18672199170124482
GSE25055,4,intercept,GSM615212,4,1,0.18672199170124482
GSE25055,4,intercept,GSM615213,2,1,0.18672199170124482
GSE25055,4,intercept,GSM615214,4,0,0.18672199170124482
GSE25055,4,intercept,GSM615215,3,1,0.18672199170124482
GSE25055,4,intercept,GSM615216,2,0,0.18672199170124482
GSE25055,4,intercept,GSM615217,1,0,0.18672199170124482
GSE25055,4,intercept,GSM615218,2,0,0.18672199170124482
GSE25055,4,intercept,GSM615219,4,0,0.18672199170124482
GSE25055,4,intercept,GSM615220,2,0,0.18672199170124482
GSE25055,4,intercept,GSM615221,1,0,0.18672199170124482
GSE25055,4,intercept,GSM615222,2,0,0.18672199170124482
GSE25055,4,intercept,GSM615223,0,0,0.18333333333333332
GSE25055,4,intercept,GSM615224,1,0,0.18672199170124482
GSE25055,4,intercept,GSM615225,1,0,0.18672199170124482
GSE25055,4,intercept,GSM615226,3,0,0.18672199170124482
GSE25055,4,intercept,GSM615227,4,0,0.18672199170124482
GSE25055,4,intercept,GSM615228,4,0,0.18672199170124482
GSE25055,4,intercept,GSM615229,2,0,0.18672199170124482
GSE25055,4,intercept,GSM615230,2,0,0.18672199170124482
GSE25055,4,intercept,GSM615231,2,0,0.18672199170124482
GSE25055,4,intercept,GSM615232,2,0,0.18672199170124482
GSE25055,4,intercept,GSM615233,3,0,0.18672199170124482
GSE25055,4,intercept,GSM615234,1,0,0.18672199170124482
GSE25055,4,intercept,GSM615235,4,0,0.18672199170124482
GSE25055,4,intercept,GSM615236,4,0,0.18672199170124482
GSE25055,4,intercept,GSM615237,1,0,0.18672199170124482
GSE25055,4,intercept,GSM615238,4,0,0.18672199170124482
GSE25055,4,intercept,GSM615239,1,0,0.18672199170124482
GSE25055,4,intercept,GSM615240,3,1,0.18672199170124482
GSE25055,4,intercept,GSM615241,3,0,0.18672199170124482
GSE25055,4,intercept,GSM615242,2,1,0.18672199170124482
GSE25055,4,intercept,GSM615243,2,0,0.18672199170124482
GSE25055,4,intercept,GSM615244,1,0,0.18672199170124482
GSE25055,4,intercept,GSM615245,3,0,0.18672199170124482
GSE25055,4,intercept,GSM615246,3,0,0.18672199170124482
GSE25055,4,intercept,GSM615247,3,0,0.18672199170124482
GSE25055,4,intercept,GSM615248,1,0,0.18672199170124482
GSE25055,4,intercept,GSM615249,4,0,0.18672199170124482
GSE25055,4,intercept,GSM615250,0,0,0.18333333333333332
GSE25055,4,intercept,GSM615251,4,0,0.18672199170124482
GSE25055,4,intercept,GSM615252,4,0,0.18672199170124482
GSE25055,4,intercept,GSM615253,3,0,0.18672199170124482
GSE25055,4,intercept,GSM615254,4,0,0.18672199170124482
GSE25055,4,intercept,GSM615255,2,0,0.18672199170124482
GSE25055,4,intercept,GSM615256,3,1,0.18672199170124482
GSE25055,4,intercept,GSM615257,2,0,0.18672199170124482
GSE25055,4,intercept,GSM615258,1,0,0.18672199170124482
GSE25055,4,intercept,GSM615259,0,0,0.18333333333333332
GSE25055,4,intercept,GSM615260,4,0,0.18672199170124482
GSE25055,4,intercept,GSM615261,4,0,0.18672199170124482
GSE25055,4,intercept,GSM615262,1,0,0.18672199170124482
GSE25055,4,intercept,GSM615263,4,1,0.18672199170124482
GSE25055,4,intercept,GSM615264,3,1,0.18672199170124482
GSE25055,4,intercept,GSM615265,0,0,0.18333333333333332
GSE25055,4,intercept,GSM615266,0,0,0.18333333333333332
GSE25055,4,intercept,GSM615267,4,0,0.18672199170124482
GSE25055,4,intercept,GSM615268,2,0,0.18672199170124482
GSE25055,4,intercept,GSM615269,1,0,0.18672199170124482
GSE25055,4,intercept,GSM615270,2,1,0.18672199170124482
GSE25055,4,intercept,GSM615271,4,0,0.18672199170124482
GSE25055,4,intercept,GSM615272,3,0,0.18672199170124482
GSE25055,4,intercept,GSM615273,2,0,0.18672199170124482
GSE25055,4,intercept,GSM615274,1,0,0.18672199170124482
GSE25055,4,intercept,GSM615275,0,0,0.18333333333333332
GSE25055,4,intercept,GSM615276,3,0,0.18672199170124482
GSE25055,4,intercept,GSM615277,1,0,0.18672199170124482
GSE25055,4,intercept,GSM615278,0,0,0.18333333333333332
GSE25055,4,intercept,GSM615279,1,0,0.18672199170124482
GSE25055,4,intercept,GSM615280,2,1,0.18672199170124482
GSE25055,4,intercept,GSM615281,2,0,0.18672199170124482
GSE25055,4,intercept,GSM615282,3,0,0.18672199170124482
GSE25055,4,intercept,GSM615283,4,0,0.18672199170124482
GSE25055,4,intercept,GSM615284,4,1,0.18672199170124482
GSE25055,4,intercept,GSM615285,2,0,0.18672199170124482
GSE25055,4,intercept,GSM615286,3,0,0.18672199170124482
GSE25055,4,intercept,GSM615287,1,0,0.18672199170124482
GSE25055,4,intercept,GSM615288,3,0,0.18672199170124482
GSE25055,4,intercept,GSM615289,4,0,0.18672199170124482
GSE25055,4,intercept,GSM615290,1,0,0.18672199170124482
GSE25055,4,intercept,GSM615291,4,1,0.18672199170124482
GSE25055,4,intercept,GSM615292,2,0,0.18672199170124482
GSE25055,4,intercept,GSM615293,4,1,0.18672199170124482
GSE25055,4,intercept,GSM615294,2,0,0.18672199170124482
GSE25055,4,intercept,GSM615295,4,0,0.18672199170124482
GSE25055,4,intercept,GSM615296,4,0,0.18672199170124482
GSE25055,4,intercept,GSM615297,1,0,0.18672199170124482
GSE25055,4,intercept,GSM615298,2,0,0.18672199170124482
GSE25055,4,intercept,GSM615299,3,0,0.18672199170124482
GSE25055,4,intercept,GSM615300,2,1,0.18672199170124482
GSE25055,4,intercept,GSM615301,3,0,0.18672199170124482
GSE25055,4,intercept,GSM615302,3,0,0.18672199170124482
GSE25055,4,intercept,GSM615303,4,0,0.18672199170124482
GSE25055,4,intercept,GSM615304,2,0,0.18672199170124482
GSE25055,4,intercept,GSM615305,1,0,0.18672199170124482
GSE25055,4,intercept,GSM615306,0,0,0.18333333333333332
GSE25055,4,intercept,GSM615307,2,1,0.18672199170124482
GSE25055,4,intercept,GSM615308,4,0,0.18672199170124482
GSE25055,4,intercept,GSM615309,3,0,0.18672199170124482
GSE25055,4,intercept,GSM615310,2,1,0.18672199170124482
GSE25055,4,intercept,GSM615311,0,0,0.18333333333333332
GSE25055,4,intercept,GSM615312,1,0,0.18672199170124482
GSE25055,4,intercept,GSM615313,3,0,0.18672199170124482
GSE25055,4,intercept,GSM615314,0,0,0.18333333333333332
GSE25055,4,intercept,GSM615315,3,0,0.18672199170124482
GSE25055,4,intercept,GSM615316,2,0,0.18672199170124482
GSE25055,4,intercept,GSM615317,3,0,0.18672199170124482
GSE25055,4,intercept,GSM615318,3,0,0.18672199170124482
GSE25055,4,intercept,GSM615319,4,0,0.18672199170124482
GSE25055,4,intercept,GSM615320,0,0,0.18333333333333332
GSE25055,4,intercept,GSM615321,0,0,0.18333333333333332
GSE25055,4,intercept,GSM615322,0,0,0.18333333333333332
GSE25055,4,intercept,GSM615323,1,0,0.18672199170124482
GSE25055,4,intercept,GSM615324,1,1,0.18672199170124482
GSE25055,4,intercept,GSM615325,1,1,0.18672199170124482
GSE25055,4,intercept,GSM615326,1,0,0.18672199170124482
GSE25055,4,intercept,GSM615327,3,0,0.18672199170124482
GSE25055,4,intercept,GSM615328,0,0,0.18333333333333332
GSE25055,4,intercept,GSM615329,0,0,0.18333333333333332
GSE25055,4,intercept,GSM615330,2,0,0.18672199170124482
GSE25055,4,intercept,GSM615331,2,1,0.18672199170124482
GSE25055,4,intercept,GSM615332,2,0,0.18672199170124482
GSE25055,4,intercept,GSM615333,4,0,0.18672199170124482
GSE25055,4,intercept,GSM615334,0,1,0.18333333333333332
GSE25055,4,intercept,GSM615335,0,0,0.18333333333333332
GSE25055,4,intercept,GSM615336,4,1,0.18672199170124482
GSE25055,4,intercept,GSM615337,2,0,0.18672199170124482
GSE25055,4,intercept,GSM615338,1,1,0.18672199170124482
GSE25055,4,intercept,GSM615339,3,0,0.18672199170124482
GSE25055,4,intercept,GSM615340,4,0,0.18672199170124482
GSE25055,4,intercept,GSM615341,0,0,0.18333333333333332
GSE25055,4,intercept,GSM615342,3,0,0.18672199170124482
GSE25055,4,intercept,GSM615343,2,0,0.18672199170124482
GSE25055,4,intercept,GSM615344,0,0,0.18333333333333332
GSE25055,4,intercept,GSM615345,2,0,0.18672199170124482
GSE25055,4,intercept,GSM615346,4,0,0.18672199170124482
GSE25055,4,intercept,GSM615347,1,0,0.18672199170124482
GSE25055,4,intercept,GSM615348,4,0,0.18672199170124482
GSE25055,4,intercept,GSM615349,0,0,0.18333333333333332
GSE25055,4,intercept,GSM615350,3,0,0.18672199170124482
GSE25055,4,intercept,GSM615351,4,0,0.18672199170124482
GSE25055,4,intercept,GSM615352,1,0,0.18672199170124482
GSE25055,4,intercept,GSM615353,1,1,0.18672199170124482
GSE25055,4,intercept,GSM615354,0,1,0.18333333333333332
GSE25055,4,intercept,GSM615355,0,0,0.18333333333333332
GSE25055,4,intercept,GSM615356,4,0,0.18672199170124482
GSE25055,4,intercept,GSM615357,4,1,0.18672199170124482
GSE25055,4,intercept,GSM615358,4,0,0.18672199170124482
GSE25055,4,intercept,GSM615359,0,1,0.18333333333333332
GSE25055,4,intercept,GSM615360,2,0,0.18672199170124482
GSE25055,4,intercept,GSM615361,1,0,0.18672199170124482
GSE25055,4,intercept,GSM615362,0,0,0.18333333333333332
GSE25055,4,intercept,GSM615363,0,0,0.18333333333333332
GSE25055,4,intercept,GSM615364,1,0,0.18672199170124482
GSE25055,4,intercept,GSM615365,1,0,0.18672199170124482
GSE25055,4,intercept,GSM615366,0,0,0.18333333333333332
GSE25055,4,intercept,GSM615367,3,0,0.18672199170124482
GSE25055,4,intercept,GSM615368,0,0,0.18333333333333332
GSE25055,4,intercept,GSM615369,3,0,0.18672199170124482
GSE25055,4,intercept,GSM615370,3,0,0.18672199170124482
GSE25055,4,intercept,GSM615371,0,1,0.18333333333333332
GSE25055,4,intercept,GSM615372,1,0,0.18672199170124482
GSE25055,4,intercept,GSM615373,2,0,0.18672199170124482
GSE25055,4,intercept,GSM615374,1,0,0.18672199170124482
GSE25055,4,intercept,GSM615375,0,1,0.18333333333333332
GSE25055,4,intercept,GSM615376,2,0,0.18672199170124482
GSE25055,4,intercept,GSM615377,2,0,0.18672199170124482
GSE25055,4,intercept,GSM615378,4,0,0.18672199170124482
GSE25055,4,intercept,GSM615379,3,1,0.18672199170124482
GSE25055,4,intercept,GSM615380,0,0,0.18333333333333332
GSE25055,4,intercept,GSM615381,2,0,0.18672199170124482
GSE25055,4,intercept,GSM615382,0,0,0.18333333333333332
GSE25055,4,intercept,GSM615383,0,1,0.18333333333333332
GSE25055,4,intercept,GSM615384,0,0,0.18333333333333332
GSE25055,4,intercept,GSM615385,1,0,0.18672199170124482
GSE25055,4,intercept,GSM615386,3,0,0.18672199170124482
GSE25055,4,intercept,GSM615387,4,0,0.18672199170124482
GSE25055,4,intercept,GSM615388,1,0,0.18672199170124482
GSE25055,4,intercept,GSM615389,2,0,0.18672199170124482
GSE25055,4,intercept,GSM615390,1,0,0.18672199170124482
GSE25055,4,intercept,GSM615391,1,0,0.18672199170124482
GSE25055,4,intercept,GSM615392,0,0,0.18333333333333332
GSE25055,4,intercept,GSM615393,1,1,0.18672199170124482
GSE25055,4,intercept,GSM615394,1,1,0.18672199170124482
GSE25055,4,intercept,GSM615395,0,0,0.18333333333333332
GSE25055,4,intercept,GSM615396,4,1,0.18672199170124482
GSE25055,4,intercept,GSM615397,3,1,0.18672199170124482
GSE25055,4,intercept,GSM615398,2,0,0.18672199170124482
GSE25055,4,intercept,GSM615399,2,0,0.18672199170124482
GSE25055,4,intercept,GSM615400,2,0,0.18672199170124482
GSE25055,4,intercept,GSM615401,4,0,0.18672199170124482
GSE25055,4,intercept,GSM615402,3,0,0.18672199170124482
GSE25055,4,intercept,GSM615403,2,0,0.18672199170124482
GSE25055,4,intercept,GSM615404,4,0,0.18672199170124482
GSE25055,4,intercept,GSM615405,2,0,0.18672199170124482
GSE25055,4,clinical,GSM615096,4,0,0.09570194588538328
GSE25055,4,clinical,GSM615097,4,0,0.08148104231030989
GSE25055,4,clinical,GSM615098,0,0,0.40798163561791756
GSE25055,4,clinical,GSM615099,4,1,0.3759737644104109
GSE25055,4,clinical,GSM615100,0,0,0.08302468131518213
GSE25055,4,clinical,GSM615101,3,0,0.3266618597966903
GSE25055,4,clinical,GSM615102,1,0,0.40066984080243434
GSE25055,4,clinical,GSM615104,0,0,0.37344768862814376
GSE25055,4,clinical,GSM615106,0,0,0.34792935632039185
GSE25055,4,clinical,GSM615107,0,0,0.42531889368251974
GSE25055,4,clinical,GSM615108,3,0,0.07870577695542857
GSE25055,4,clinical,GSM615109,1,0,0.2873408690301603
GSE25055,4,clinical,GSM615111,2,0,0.3437138201382649
GSE25055,4,clinical,GSM615112,4,0,0.2687853340379284
GSE25055,4,clinical,GSM615113,3,0,0.35371542122278404
GSE25055,4,clinical,GSM615114,3,0,0.07312889294942407
GSE25055,4,clinical,GSM615115,3,0,0.3496210838338176
GSE25055,4,clinical,GSM615116,3,0,0.3210444023250413
GSE25055,4,clinical,GSM615117,3,0,0.09061592453812886
GSE25055,4,clinical,GSM615120,3,0,0.07278187970071982
GSE25055,4,clinical,GSM615121,2,0,0.0654632883453202
GSE25055,4,clinical,GSM615122,0,1,0.09123703008916753
GSE25055,4,clinical,GSM615123,2,1,0.047447338421769306
GSE25055,4,clinical,GSM615124,4,0,0.05965389595414382
GSE25055,4,clinical,GSM615125,0,0,0.06827456137048904
GSE25055,4,clinical,GSM615126,1,0,0.08669925785966516
GSE25055,4,clinical,GSM615127,0,0,0.043696089203921075
GSE25055,4,clinical,GSM615128,4,0,0.07420210509626007
GSE25055,4,clinical,GSM615129,0,0,0.054953898618472975
GSE25055,4,clinical,GSM615130,1,0,0.08439508625383507
GSE25055,4,clinical,GSM615131,3,0,0.0656006890406085
GSE25055,4,clinical,GSM615132,2,0,0.05282220797793101
GSE25055,4,clinical,GSM615133,4,0,0.07270089974143848
GSE25055,4,clinical,GSM615134,3,0,0.08202334920829189
GSE25055,4,clinical,GSM615135,3,0,0.30804741653281503
GSE25055,4,clinical,GSM615136,1,0,0.2813469899720969
GSE25055,4,clinical,GSM615137,2,1,0.06724465251054615
GSE25055,4,clinical,GSM615138,0,0,0.08377689035011619
GSE25055,4,clinical,GSM615139,1,1,0.3000693549458619
GSE25055,4,clinical,GSM615140,3,1,0.36374761344463596
GSE25055,4,clinical,GSM615142,0,0,0.05756569059657591
GSE25055,4,clinical,GSM615143,0,1,0.39615425717486663
GSE25055,4,clinical,GSM615144,4,0,0.05867163059988589
GSE25055,4,clinical,GSM615145,3,0,0.31686494009045857
GSE25055,4,clinical,GSM615146,2,1,0.39877356923109525
GSE25055,4,clinical,GSM615147,0,0,0.04710624704371302
GSE25055,4,clinical,GSM615148,1,0,0.3918613734836775
GSE25055,4,clinical,GSM615149,2,0,0.37298325580312974
GSE25055,4,clinical,GSM615150,4,0,0.0838224275116456
GSE25055,4,clinical,GSM615151,2,0,0.3710638229858142
GSE25055,4,clinical,GSM615153,3,0,0.06373869707858823
GSE25055,4,clinical,GSM615154,0,1,0.4073876048927255
GSE25055,4,clinical,GSM615155,1,0,0.1132860377693388
GSE25055,4,clinical,GSM615156,2,0,0.4017319370755853
GSE25055,4,clinical,GSM615157,1,0,0.08233191123765625
GSE25055,4,clinical,GSM615158,3,0,0.06743244440361389
GSE25055,4,clinical,GSM615159,0,0,0.3844470964363636
GSE25055,4,clinical,GSM615160,2,0,0.40469747900402514
GSE25055,4,clinical,GSM615162,1,0,0.08925956284687797
GSE25055,4,clinical,GSM615164,1,1,0.3779152281419315
GSE25055,4,clinical,GSM615165,0,0,0.06937814804396034
GSE25055,4,clinical,GSM615166,2,0,0.0604959733385825
GSE25055,4,clinical,GSM615167,3,1,0.3787165200884361
GSE25055,4,clinical,GSM615168,3,0,0.0755113516548643
GSE25055,4,clinical,GSM615169,0,0,0.3665667266318325
GSE25055,4,clinical,GSM615170,2,0,0.05449083015096217
GSE25055,4,clinical,GSM615171,3,1,0.3528362308391165
GSE25055,4,clinical,GSM615172,3,0,0.06727129596078654
GSE25055,4,clinical,GSM615173,1,0,0.07887616051760679
GSE25055,4,clinical,GSM615174,2,0,0.0587683821313141
GSE25055,4,clinical,GSM615175,0,1,0.39733179002553015
GSE25055,4,clinical,GSM615176,0,0,0.06611604936057966
GSE25055,4,clinical,GSM615177,2,0,0.050409506904042355
GSE25055,4,clinical,GSM615178,0,0,0.42051590682947154
GSE25055,4,clinical,GSM615179,3,0,0.07039498705928864
GSE25055,4,clinical,GSM615180,1,0,0.08031474961156575
GSE25055,4,clinical,GSM615181,0,1,0.3597397551504923
GSE25055,4,clinical,GSM615182,3,0,0.2658501836489503
GSE25055,4,clinical,GSM615183,4,0,0.10320626891976273
GSE25055,4,clinical,GSM615184,4,0,0.32482736303381105
GSE25055,4,clinical,GSM615185,1,0,0.2572095798823589
GSE25055,4,clinical,GSM615186,4,1,0.07329799357651504
GSE25055,4,clinical,GSM615187,0,0,0.04100323942152976
GSE25055,4,clinical,GSM615188,4,0,0.2784296827422162
GSE25055,4,clinical,GSM615189,4,0,0.2610534950691024
GSE25055,4,clinical,GSM615190,1,0,0.40776342498209056
GSE25055,4,clinical,GSM615191,1,1,0.40776342498209056
GSE25055,4,clinical,GSM615192,4,0,0.07329799357651504
GSE25055,4,clinical,GSM615193,1,1,0.39010789970507004
GSE25055,4,clinical,GSM615194,4,1,0.2784296827422162
GSE25055,4,clinical,GSM615195,4,0,0.4387154009009162
GSE25055,4,clinical,GSM615196,3,0,0.06631188751095213
GSE25055,4,clinical,GSM615197,4,0,0.2526330743207576
GSE25055,4,clinical,GSM615198,0,0,0.050649995875561606
GSE25055,4,clinical,GSM615199,1,0,0.09822013832766069
GSE25055,4,clinical,GSM615200,0,0,0.060994366571099835
GSE25055,4,clinical,GSM615201,0,1,0.07328829937853608
GSE25055,4,clinical,GSM615202,3,1,0.35606475761774853
GSE25055,4,clinical,GSM615203,3,0,0.05739454168564968
GSE25055,4,clinical,GSM615204,1,0,0.0821466437443896
GSE25055,4,clinical,GSM615205,1,0,0.0495687153198098
GSE25055,4,clinical,GSM615206,2,0,0.05344221080903113
GSE25055,4,clinical,GSM615207,4,0,0.08797874334430704
GSE25055,4,clinical,GSM615208,0,0,0.038197611215353346
GSE25055,4,clinical,GSM615209,1,1,0.3016182659269763
GSE25055,4,clinical,GSM615210,2,0,0.03078823853801122
GSE25055,4,clinical,GSM615211,3,1,0.37690736083487275
GSE25055,4,clinical,GSM615212,4,1,0.3395057245193266
GSE25055,4,clinical,GSM615213,2,1,0.3317697754617615
GSE25055,4,clinical,GSM615214,4,0,0.06892789689231077
GSE25055,4,clinical,GSM615215,3,1,0.3502046501695382
GSE25055,4,clinical,GSM615216,2,0,0.0431002089148119
GSE25055,4,clinical,GSM615217,1,0,0.0717035410969437
GSE25055,4,clinical,GSM615218,2,0,0.31825312092795166
GSE25055,4,clinical,GSM615219,4,0,0.09532081601713271
GSE25055,4,clinical,GSM615220,2,0,0.07272320732470341
GSE25055,4,clinical,GSM615221,1,0,0.09822013832766069
GSE25055,4,clinical,GSM615222,2,0,0.05241265243520247
GSE25055,4,clinical,GSM615223,0,0,0.3157673498926509
GSE25055,4,clinical,GSM615224,1,0,0.0717035410969437
GSE25055,4,clinical,GSM615225,1,0,0.2813469899720969
GSE25055,4,clinical,GSM615226,3,0,0.06873457759152451
GSE25055,4,clinical,GSM615227,4,0,0.07181366072591733
GSE25055,4,clinical,GSM615228,4,0,0.08797874334430704
GSE25055,4,clinical,GSM615229,2,0,0.35491778212275227
GSE25055,4,clinical,GSM615230,2,0,0.062391037563121685
GSE25055,4,clinical,GSM615231,2,0,0.0514018513083969
GSE25055,4,clinical,GSM615232,2,0,0.04482661273762248
GSE25055,4,clinical,GSM615233,3,0,0.05809244626628725
GSE25055,4,clinical,GSM615234,1,0,0.08401650436053218
GSE25055,4,clinical,GSM615235,4,0,0.052648004715749826
GSE25055,4,clinical,GSM615236,4,0,0.04841689187796623
GSE25055,4,clinical,GSM615237,1,0,0.08401650436053218
GSE25055,4,clinical,GSM615238,4,0,0.08450253894570764
GSE25055,4,clinical,GSM615239,1,0,0.0821466437443896
GSE25055,4,clinical,GSM615240,3,1,0.3386204069172686
GSE25055,4,clinical,GSM615241,3,0,0.06474107902444573
GSE25055,4,clinical,GSM615242,2,1,0.3643781360945743
GSE25055,4,clinical,GSM615243,2,0,0.05449083015096217
GSE25055,4,clinical,GSM615244,1,0,0.32808241452583015
GSE25055,4,clinical,GSM615245,3,0,0.08914694405966496
GSE25055,4,clinical,GSM615246,3,0,0.10012608503865845
GSE25055,4,clinical,GSM615247,3,0,0.08506759904879017
GSE25055,4,clinical,GSM615248,1,0,0.08986001014430708
GSE25055,4,clinical,GSM615249,4,0,0.052648004715749826
GSE25055,4,clinical,GSM615250,0,0,0.2847763608487738
GSE25055,4,clinical,GSM615251,4,0,0.359562906111481
GSE25055,4,clinical,GSM615252,4,0,0.06892789689231077
GSE25055,4,clinical,GSM615253,3,0,0.08407454991810524
GSE25055,4,clinical,GSM615254,4,0,0.07635171419537827
GSE25055,4,clinical,GSM615255,2,0,0.39828121932540816
GSE25055,4,clinical,GSM615256,3,1,0.07470938314278214
GSE25055,4,clinical,GSM615257,2,0,0.04226099271751981
GSE25055,4,clinical,GSM615258,1,0,0.06695387495328327
GSE25055,4,clinical,GSM615259,0,0,0.04505209034501824
GSE25055,4,clinical,GSM615260,4,0,0.0661498304029382
GSE25055,4,clinical,GSM615261,4,0,0.06347609758094673
GSE25055,4,clinical,GSM615262,1,0,0.08986001014430708
GSE25055,4,clinical,GSM615263,4,1,0.2784296827422162
GSE25055,4,clinical,GSM615264,3,1,0.34729133331495793
GSE25055,4,clinical,GSM615265,0,0,0.2847763608487738
GSE25055,4,clinical,GSM615266,0,0,0.04721679189473405
GSE25055,4,clinical,GSM615267,4,0,0.08797874334430704
GSE25055,4,clinical,GSM615268,2,0,0.0673735995648066
GSE25055,4,clinical,GSM615269,1,0,0.09395676586507731
GSE25055,4,clinical,GSM615270,2,1,0.4032138237244698
GSE25055,4,clinical,GSM615271,4,0,0.08450253894570764
GSE25055,4,clinical,GSM615272,3,0,0.06474107902444573
GSE25055,4,clinical,GSM615273,2,0,0.05241265243520247
GSE25055,4,clinical,GSM615274,1,0,0.0495687153198098
GSE25055,4,clinical,GSM615275,0,0,0.3000432969392869
GSE25055,4,clinical,GSM615276,3,0,0.3272263850808179
GSE25055,4,clinical,GSM615277,1,0,0.07504078441053562
GSE25055,4,clinical,GSM615278,0,0,0.06387384012640529
GSE25055,4,clinical,GSM615279,1,0,0.07504078441053562
GSE25055,4,clinical,GSM615280,2,1,0.060030690380109664
GSE25055,4,clinical,GSM615281,2,0,0.05664648237968479
GSE25055,4,clinical,GSM615282,3,0,0.0671105049130164
GSE25055,4,clinical,GSM615283,4,0,0.06480013051194503
GSE25055,4,clinical,GSM615284,4,1,0.3296837855227212
GSE25055,4,clinical,GSM615285,2,0,0.05664648237968479
GSE25055,4,clinical,GSM615286,3,0,0.06552210619458652
GSE25055,4,clinical,GSM615287,1,0,0.33351622262799946
GSE25055,4,clinical,GSM615288,3,0,0.36791379969070453
GSE25055,4,clinical,GSM615289,4,0,0.08115146437990245
GSE25055,4,clinical,GSM615290,1,0,0.05193338890033451
GSE25055,4,clinical,GSM615291,4,1,0.2873793018260179
GSE25055,4,clinical,GSM615292,2,0,0.05344221080903113
GSE25055,4,clinical,GSM615293,4,1,0.4278826589432862
GSE25055,4,clinical,GSM615294,2,0,0.055558817341495426
GSE25055,4,clinical,GSM615295,4,0,0.31522740389133863
GSE25055,4,clinical,GSM615296,4,0,0.08115146437990245
GSE25055,4,clinical,GSM615297,1,0,0.29137884097147226
GSE25055,4,clinical,GSM615298,2,0,0.061200227517083094
GSE25055,4,clinical,GSM615299,3,0,0.07833453669280178
GSE25055,4,clinical,GSM615300,2,1,0.3138133327263347
GSE25055,4,clinical,GSM615301,3,0,0.29963684825086184
GSE25055,4,clinical,GSM615302,3,0,0.07123902674703854
GSE25055,4,clinical,GSM615303,4,0,0.24849089885730358
GSE25055,4,clinical,GSM615304,2,0,0.0439553253727136
GSE25055,4,clinical,GSM615305,1,0,0.09606731715199363
GSE25055,4,clinical,GSM615306,0,0,0.04948011558743177
GSE25055,4,clinical,GSM615307,2,1,0.43318893779373846
GSE25055,4,clinical,GSM615308,4,0,0.07329799357651504
GSE25055,4,clinical,GSM615309,3,0,0.08020687754459682
GSE25055,4,clinical,GSM615310,2,1,0.038294180308332974
GSE25055,4,clinical,GSM615311,0,0,0.08587748456987691
GSE25055,4,clinical,GSM615312,1,0,0.32808241452583015
GSE25055,4,clinical,GSM615313,3,0,0.07560094569715384
GSE25055,4,clinical,GSM615314,0,0,0.036430592795731194
GSE25055,4,clinical,GSM615315,3,0,0.38598651769921577
GSE25055,4,clinical,GSM615316,2,0,0.03608831363095691
GSE25055,4,clinical,GSM615317,3,0,0.3414990426677464
GSE25055,4,clinical,GSM615318,3,0,0.07833453669280178
GSE25055,4,clinical,GSM615319,4,0,0.2696533111429356
GSE25055,4,clinical,GSM615320,0,0,0.4121472917882793
GSE25055,4,clinical,GSM615321,0,0,0.3540935210823704
GSE25055,4,clinical,GSM615322,0,0,0.3429234530999572
GSE25055,4,clinical,GSM615323,1,0,0.4377038301936966
GSE25055,4,clinical,GSM615324,1,1,0.33899462236401107
GSE25055,4,clinical,GSM615325,1,1,0.3727357053911675
GSE25055,4,clinical,GSM615326,1,0,0.06395141016499382
GSE25055,4,clinical,GSM615327,3,0,0.2916241324097913
GSE25055,4,clinical,GSM615328,0,0,0.066879568375191
GSE25055,4,clinical,GSM615329,0,0,0.07328829937853608
GSE25055,4,clinical,GSM615330,2,0,0.27955477153794084
GSE25055,4,clinical,GSM615331,2,1,0.04062919546176827
GSE25055,4,clinical,GSM615332,2,0,0.03680966424851215
GSE25055,4,clinical,GSM615333,4,0,0.3395057245193266
GSE25055,4,clinical,GSM615334,0,1,0.29490245878214216
GSE25055,4,clinical,GSM615335,0,0,0.3484876717504671
GSE25055,4,clinical,GSM615336,4,1,0.3345768353005179
GSE25055,4,clinical,GSM615337,2,0,0.05449083015096217
GSE25055,4,clinical,GSM615338,1,1,0.29647297722171373
GSE25055,4,clinical,GSM615339,3,0,0.06873457759152451
GSE25055,4,clinical,GSM615340,4,0,0.07481053367312179
GSE25055,4,clinical,GSM615341,0,0,0.06387384012640529
GSE25055,4,clinical,GSM615342,3,0,0.35312918395863363
GSE25055,4,clinical,GSM615343,2,0,0.07412052510140171
GSE25055,4,clinical,GSM615344,0,0,0.3104766024282823
GSE25055,4,clinical,GSM615345,2,0,0.2837102720066957
GSE25055,4,clinical,GSM615346,4,0,0.36978394245899293
GSE25055,4,clinical,GSM615347,1,0,0.2257706275431737
GSE25055,4,clinical,GSM615348,4,0,0.4171186196495464
GSE25055,4,clinical,GSM615349,0,0,0.05960055877153136
GSE25055,4,clinical,GSM615350,3,0,0.3077740686240969
GSE25055,4,clinical,GSM615351,4,0,0.07035710447789198
GSE25055,4,clinical,GSM615352,1,0,0.044095984959680944
GSE25055,4,clinical,GSM615353,1,1,0.0821466437443896
GSE25055,4,clinical,GSM615354,0,1,0.37690767247300794
GSE25055,4,clinical,GSM615355,0,0,0.06387384012640529
GSE25055,4,clinical,GSM615356,4,0,0.36465816744285545
GSE25055,4,clinical,GSM615357,4,1,0.31522740389133863
GSE25055,4,clinical,GSM615358,4,0,0.050490500580067925
GSE25055,4,clinical,GSM615359,0,1,0.3484876717504671
GSE25055,4,clinical,GSM615360,2,0,0.047540257405351054
GSE25055,4,clinical,GSM615361,1,0,0.05440441188148938
GSE25055,4,clinical,GSM615362,0,0,0.05690201779715613
GSE25055,4,clinical,GSM615363,0,0,0.43617597453695195
GSE25055,4,clinical,GSM615364,1,0,0.4256603229182095
GSE25055,4,clinical,GSM615365,1,0,0.05568109925671434
GSE25055,4,clinical,GSM615366,0,0,0.06536063637357595
GSE25055,4,clinical,GSM615367,3,0,0.07650226824978694
GSE25055,4,clinical,GSM615368,0,0,0.4850299772376642
GSE25055,4,clinical,GSM615369,3,0,0.332898975126844
GSE25055,4,clinical,GSM615370,3,0,0.08914694405966496
GSE25055,4,clinical,GSM615371,0,1,0.26516566164502053
GSE25055,4,clinical,GSM615372,1,0,0.3959636103680962
GSE25055,4,clinical,GSM615373,2,0,0.05664648237968479
GSE25055,4,clinical,GSM615374,1,0,0.06543662966329548
GSE25055,4,clinical,GSM615375,0,1,0.22862549204380175
GSE25055,4,clinical,GSM615376,2,0,0.34093922122475206
GSE25055,4,clinical,GSM615377,2,0,0.0514018513083969
GSE25055,4,clinical,GSM615378,4,0,0.37493924798692374
GSE25055,4,clinical,GSM615379,3,1,0.29963684825086184
GSE25055,4,clinical,GSM615380,0,0,0.4121472917882793
GSE25055,4,clinical,GSM615381,2,0,0.03983609006222074
GSE25055,4,clinical,GSM615382,0,0,0.3052349570128986
GSE25055,4,clinical,GSM615383,0,1,0.05823662610733208
GSE25055,4,clinical,GSM615384,0,0,0.3157673498926509
GSE25055,4,clinical,GSM615385,1,0,0.40776342498209056
GSE25055,4,clinical,GSM615386,3,0,0.07650226824978694
GSE25055,4,clinical,GSM615387,4,0,0.390572132792984
GSE25055,4,clinical,GSM615388,1,0,0.09395676586507731
GSE25055,4,clinical,GSM615389,2,0,0.047540257405351054
GSE25055,4,clinical,GSM615390,1,0,0.35568595756050836
GSE25055,4,clinical,GSM615391,1,0,0.06249764647310853
GSE25055,4,clinical,GSM615392,0,0,0.2748624224287167
GSE25055,4,clinical,GSM615393,1,1,0.3727357053911675
GSE25055,4,clinical,GSM615394,1,1,0.27152818029498027
GSE25055,4,clinical,GSM615395,0,0,0.042982154658096655
GSE25055,4,clinical,GSM615396,4,1,0.42249143771167874
GSE25055,4,clinical,GSM615397,3,1,0.313266463563492
GSE25055,4,clinical,GSM615398,2,0,0.0514018513083969
GSE25055,4,clinical,GSM615399,2,0,0.04943532192751449
GSE25055,4,clinical,GSM615400,2,0,0.03203799086757611
GSE25055,4,clinical,GSM615401,4,0,0.04841689187796623
GSE25055,4,clinical,GSM615402,3,0,0.07833453669280178
GSE25055,4,clinical,GSM615403,2,0,0.3455695112234862
GSE25055,4,clinical,GSM615404,4,0,0.05489237118491714
GSE25055,4,clinical,GSM615405,2,0,0.3094073718605804
GSE25055,4,score,GSM615096,4,0,0.06817571934579071
GSE25055,4,score,GSM615097,4,0,0.06360887913141869
GSE25055,4,score,GSM615098,0,0,0.3076406788534787
GSE25055,4,score,GSM615099,4,1,0.45698967957469466
GSE25055,4,score,GSM615100,0,0,0.22603562821132064
GSE25055,4,score,GSM615101,3,0,0.34711337857432345
GSE25055,4,score,GSM615102,1,0,0.29847057872721455
GSE25055,4,score,GSM615104,0,0,0.1730986600738678
GSE25055,4,score,GSM615106,0,0,0.09739494549312755
GSE25055,4,score,GSM615107,0,0,0.2715435783849055
GSE25055,4,score,GSM615108,3,0,0.165818875848665
GSE25055,4,score,GSM615109,1,0,0.4317029560837499
GSE25055,4,score,GSM615111,2,0,0.1376425058462683
GSE25055,4,score,GSM615112,4,0,0.3465769655834822
GSE25055,4,score,GSM615113,3,0,0.2995183772031109
GSE25055,4,score,GSM615114,3,0,0.060693877995607715
GSE25055,4,score,GSM615115,3,0,0.16510323084640946
GSE25055,4,score,GSM615116,3,0,0.10443179233675068
GSE25055,4,score,GSM615117,3,0,0.3849808695343435
GSE25055,4,score,GSM615120,3,0,0.04107712538492321
GSE25055,4,score,GSM615121,2,0,0.07354431127538577
GSE25055,4,score,GSM615122,0,1,0.04434342516785888
GSE25055,4,score,GSM615123,2,1,0.42856560636031965
GSE25055,4,score,GSM615124,4,0,0.13400112099685216
GSE25055,4,score,GSM615125,0,0,0.05176104803506592
GSE25055,4,score,GSM615126,1,0,0.1579033995318175
GSE25055,4,score,GSM615127,0,0,0.1255269730797977
GSE25055,4,score,GSM615128,4,0,0.07535025260345943
GSE25055,4,score,GSM615129,0,0,0.08353957965591907
GSE25055,4,score,GSM615130,1,0,0.0835086223120145
GSE25055,4,score,GSM615131,3,0,0.10694365533630253
GSE25055,4,score,GSM615132,2,0,0.08982990340297824
GSE25055,4,score,GSM615133,4,0,0.06534586208249994
GSE25055,4,score,GSM615134,3,0,0.041578857199950865
GSE25055,4,score,GSM615135,3,0,0.15290750685205673
GSE25055,4,score,GSM615136,1,0,0.3340848630136946
GSE25055,4,score,GSM615137,2,1,0.14643161954173584
GSE25055,4,score,GSM615138,0,0,0.08901205567864719
GSE25055,4,score,GSM615139,1,1,0.5841321377512538
GSE25055,4,score,GSM615140,3,1,0.20732933042359236
GSE25055,4,score,GSM615142,0,0,0.09258381707798478
GSE25055,4,score,GSM615143,0,1,0.2386624259779392
GSE25055,4,score,GSM615144,4,0,0.10790186721342909
GSE25055,4,score,GSM615145,3,0,0.6928557036405405
GSE25055,4,score,GSM615146,2,1,0.21470192147362996
GSE25055,4,score,GSM615147,0,0,0.0978516237970062
GSE25055,4,score,GSM615148,1,0,0.24814400792426553
GSE25055,4,score,GSM615149,2,0,0.15951612967259102
GSE25055,4,score,GSM615150,4,0,0.055169015688145404
GSE25055,4,score,GSM615151,2,0,0.25122609509455485
GSE25055,4,score,GSM615153,3,0,0.15579025165885607
GSE25055,4,score,GSM615154,0,1,0.15293728415935792
GSE25055,4,score,GSM615155,1,0,0.30431461411789146
GSE25055,4,score,GSM615156,2,0,0.14858651539110837
GSE25055,4,score,GSM615157,1,0,0.05521452740668573
GSE25055,4,score,GSM615158,3,0,0.07338409853024369
GSE25055,4,score,GSM615159,0,0,0.06457261482347548
GSE25055,4,score,GSM615160,2,0,0.1977990819609465
GSE25055,4,score,GSM615162,1,0,0.051518487545389284
GSE25055,4,score,GSM615164,1,1,0.4903015838416832
GSE25055,4,score,GSM615165,0,0,0.07881915825728975
GSE25055,4,score,GSM615166,2,0,0.19158457340126836
GSE25055,4,score,GSM615167,3,1,0.056641642153206606
GSE25055,4,score,GSM615168,3,0,0.04777378426042937
GSE25055,4,score,GSM615169,0,0,0.25506334385136736
GSE25055,4,score,GSM615170,2,0,0.07198307788678007
GSE25055,4,score,GSM615171,3,1,0.1276509033098358
GSE25055,4,score,GSM615172,3,0,0.0630113818009723
GSE25055,4,score,GSM615173,1,0,0.07237756342865122
GSE25055,4,score,GSM615174,2,0,0.16715963515976273
GSE25055,4,score,GSM615175,0,1,0.33624724942456397
GSE25055,4,score,GSM615176,0,0,0.06287840668375241
GSE25055,4,score,GSM615177,2,0,0.1345165222611663
GSE25055,4,score,GSM615178,0,0,0.19162947432623068
GSE25055,4,score,GSM615179,3,0,0.10836308670193252
GSE25055,4,score,GSM615180,1,0,0.16381734034867487
GSE25055,4,score,GSM615181,0,1,0.25198176816892315
GSE25055,4,score,GSM615182,3,0,0.3222860731284711
GSE25055,4,score,GSM615183,4,0,0.05803336477874657
GSE25055,4,score,GSM615184,4,0,0.5046842401890542
GSE25055,4,score,GSM615185,1,0,0.1688860033994913
GSE25055,4,score,GSM615186,4,1,0.07488239877721015
GSE25055,4,score,GSM615187,0,0,0.17704501871615774
GSE25055,4,score,GSM615188,4,0,0.18208847914422016
GSE25055,4,score,GSM615189,4,0,0.21145098638774684
GSE25055,4,score,GSM615190,1,0,0.2758419422987534
GSE25055,4,score,GSM615191,1,1,0.565295409806822
GSE25055,4,score,GSM615192,4,0,0.08342621096452195
GSE25055,4,score,GSM615193,1,1,0.23393879797365763
GSE25055,4,score,GSM615194,4,1,0.4660250329418804
GSE25055,4,score,GSM615195,4,0,0.48167398958015295
GSE25055,4,score,GSM615196,3,0,0.28901448987133915
GSE25055,4,score,GSM615197,4,0,0.38898036719199286
GSE25055,4,score,GSM615198,0,0,0.05789784369124064
GSE25055,4,score,GSM615199,1,0,0.13937060782636404
GSE25055,4,score,GSM615200,0,0,0.35527979783817554
GSE25055,4,score,GSM615201,0,1,0.29024268614861115
GSE25055,4,score,GSM615202,3,1,0.517737534872798
GSE25055,4,score,GSM615203,3,0,0.021573343509751607
GSE25055,4,score,GSM615204,1,0,0.05658371624047083
GSE25055,4,score,GSM615205,1,0,0.10570598884935399
GSE25055,4,score,GSM615206,2,0,0.07091369569674107
GSE25055,4,score,GSM615207,4,0,0.055471962479523136
GSE25055,4,score,GSM615208,0,0,0.06503375660897318
GSE25055,4,score,GSM615209,1,1,0.4364236514269203
GSE25055,4,score,GSM615210,2,0,0.047126011799841036
GSE25055,4,score,GSM615211,3,1,0.5202129844690542
GSE25055,4,score,GSM615212,4,1,0.08202573892042613
GSE25055,4,score,GSM615213,2,1,0.27407062073706234
GSE25055,4,score,GSM615214,4,0,0.032510416036068766
GSE25055,4,score,GSM615215,3,1,0.1690006351606795
GSE25055,4,score,GSM615216,2,0,0.18565388919609402
GSE25055,4,score,GSM615217,1,0,0.10933764974385625
GSE25055,4,score,GSM615218,2,0,0.17974826761971874
GSE25055,4,score,GSM615219,4,0,0.14430729290736136
GSE25055,4,score,GSM615220,2,0,0.025523180434004457
GSE25055,4,score,GSM615221,1,0,0.12692790658781056
GSE25055,4,score,GSM615222,2,0,0.04999081325126135
GSE25055,4,score,GSM615223,0,0,0.07415491488918259
GSE25055,4,score,GSM615224,1,0,0.022674566612331623
GSE25055,4,score,GSM615225,1,0,0.21048711197651498
GSE25055,4,score,GSM615226,3,0,0.024865271171905904
GSE25055,4,score,GSM615227,4,0,0.1854237038541095
GSE25055,4,score,GSM615228,4,0,0.1290285425004892
GSE25055,4,score,GSM615229,2,0,0.03532893377601731
GSE25055,4,score,GSM615230,2,0,0.0472297846080872
GSE25055,4,score,GSM615231,2,0,0.05458545188764357
GSE25055,4,score,GSM615232,2,0,0.046782680654876764
GSE25055,4,score,GSM615233,3,0,0.022137485126563168
GSE25055,4,score,GSM615234,1,0,0.07623507420383578
GSE25055,4,score,GSM615235,4,0,0.37637711540296587
GSE25055,4,score,GSM615236,4,0,0.14367977074979496
GSE25055,4,score,GSM615237,1,0,0.05688462232750707
GSE25055,4,score,GSM615238,4,0,0.03462647941873271
GSE25055,4,score,GSM615239,1,0,0.16122995118765202
GSE25055,4,score,GSM615240,3,1,0.03992700897738904
GSE25055,4,score,GSM615241,3,0,0.10847343662130442
GSE25055,4,score,GSM615242,2,1,0.2900937868248677
GSE25055,4,score,GSM615243,2,0,0.05679378964635587
GSE25055,4,score,GSM615244,1,0,0.07443588133975662
GSE25055,4,score,GSM615245,3,0,0.24437002809922445
GSE25055,4,score,GSM615246,3,0,0.14611315721752613
GSE25055,4,score,GSM615247,3,0,0.12032829158042702
GSE25055,4,score,GSM615248,1,0,0.4525958149004135
GSE25055,4,score,GSM615249,4,0,0.09155146463723303
GSE25055,4,score,GSM615250,0,0,0.41074281206785385
GSE25055,4,score,GSM615251,4,0,0.3020118276690384
GSE25055,4,score,GSM615252,4,0,0.04452191191536095
GSE25055,4,score,GSM615253,3,0,0.10815171589618108
GSE25055,4,score,GSM615254,4,0,0.07332444889114467
GSE25055,4,score,GSM615255,2,0,0.1670097587153081
GSE25055,4,score,GSM615256,3,1,0.2307452654462505
GSE25055,4,score,GSM615257,2,0,0.029530620298418443
GSE25055,4,score,GSM615258,1,0,0.1705455438953075
GSE25055,4,score,GSM615259,0,0,0.04789543977563085
GSE25055,4,score,GSM615260,4,0,0.4234399436081382
GSE25055,4,score,GSM615261,4,0,0.17346005243796875
GSE25055,4,score,GSM615262,1,0,0.04594917430106496
GSE25055,4,score,GSM615263,4,1,0.32839096043875105
GSE25055,4,score,GSM615264,3,1,0.08449950342378196
GSE25055,4,score,GSM615265,0,0,0.08860169318043055
GSE25055,4,score,GSM615266,0,0,0.19683650636988895
GSE25055,4,score,GSM615267,4,0,0.10674388616882553
GSE25055,4,score,GSM615268,2,0,0.11592379415457033
GSE25055,4,score,GSM615269,1,0,0.08232575197186562
GSE25055,4,score,GSM615270,2,1,0.3890373599844156
GSE25055,4,score,GSM615271,4,0,0.3254136573351469
GSE25055,4,score,GSM615272,3,0,0.05922246664110823
GSE25055,4,score,GSM615273,2,0,0.18550542038035206
GSE25055,4,score,GSM615274,1,0,0.40482407107523455
GSE25055,4,score,GSM615275,0,0,0.4072909750915559
GSE25055,4,score,GSM615276,3,0,0.14842773626742484
GSE25055,4,score,GSM615277,1,0,0.12651504283080986
GSE25055,4,score,GSM615278,0,0,0.11399323363782206
GSE25055,4,score,GSM615279,1,0,0.09465607987551299
GSE25055,4,score,GSM615280,2,1,0.28536814501931845
GSE25055,4,score,GSM615281,2,0,0.12540059567454626
GSE25055,4,score,GSM615282,3,0,0.12349669825961669
GSE25055,4,score,GSM615283,4,0,0.1776772896162129
GSE25055,4,score,GSM615284,4,1,0.3139555377907937
GSE25055,4,score,GSM615285,2,0,0.06412101142538167
GSE25055,4,score,GSM615286,3,0,0.3719877379760959
GSE25055,4,score,GSM615287,1,0,0.1843619320831629
GSE25055,4,score,GSM615288,3,0,0.3346711904291053
GSE25055,4,score,GSM615289,4,0,0.3436016836568437
GSE25055,4,score,GSM615290,1,0,0.438194330322184
GSE25055,4,score,GSM615291,4,1,0.2294507089576411
GSE25055,4,score,GSM615292,2,0,0.11738182320007674
GSE25055,4,score,GSM615293,4,1,0.5857276398176092
GSE25055,4,score,GSM615294,2,0,0.21400996904486172
GSE25055,4,score,GSM615295,4,0,0.08783372998735382
GSE25055,4,score,GSM615296,4,0,0.13968622723171606
GSE25055,4,score,GSM615297,1,0,0.4524205787979919
GSE25055,4,score,GSM615298,2,0,0.10850852374335726
GSE25055,4,score,GSM615299,3,0,0.03311061296702724
GSE25055,4,score,GSM615300,2,1,0.14862613403075003
GSE25055,4,score,GSM615301,3,0,0.22524230616181481
GSE25055,4,score,GSM615302,3,0,0.12074473853164405
GSE25055,4,score,GSM615303,4,0,0.24805043485186248
GSE25055,4,score,GSM615304,2,0,0.06115946341198087
GSE25055,4,score,GSM615305,1,0,0.08960332492839278
GSE25055,4,score,GSM615306,0,0,0.06506578561639226
GSE25055,4,score,GSM615307,2,1,0.5825954820168397
GSE25055,4,score,GSM615308,4,0,0.06941335142020269
GSE25055,4,score,GSM615309,3,0,0.0835463009803573
GSE25055,4,score,GSM615310,2,1,0.5276483847651922
GSE25055,4,score,GSM615311,0,0,0.03827069356141124
GSE25055,4,score,GSM615312,1,0,0.19129043661732043
GSE25055,4,score,GSM615313,3,0,0.03140110951954856
GSE25055,4,score,GSM615314,0,0,0.049120263231352726
GSE25055,4,score,GSM615315,3,0,0.4143886780241342
GSE25055,4,score,GSM615316,2,0,0.03567917738907402
GSE25055,4,score,GSM615317,3,0,0.30897759963504245
GSE25055,4,score,GSM615318,3,0,0.04513439673814403
GSE25055,4,score,GSM615319,4,0,0.1397438212808534
GSE25055,4,score,GSM615320,0,0,0.46908432279544554
GSE25055,4,score,GSM615321,0,0,0.2581972909014906
GSE25055,4,score,GSM615322,0,0,0.404577235555442
GSE25055,4,score,GSM615323,1,0,0.060057914096055494
GSE25055,4,score,GSM615324,1,1,0.6082792659335546
GSE25055,4,score,GSM615325,1,1,0.43778442045078997
GSE25055,4,score,GSM615326,1,0,0.5339009643076943
GSE25055,4,score,GSM615327,3,0,0.2769548031534217
GSE25055,4,score,GSM615328,0,0,0.05578809663983051
GSE25055,4,score,GSM615329,0,0,0.04561472571165316
GSE25055,4,score,GSM615330,2,0,0.06561473304096031
GSE25055,4,score,GSM615331,2,1,0.08975830709906327
GSE25055,4,score,GSM615332,2,0,0.19498405188800644
GSE25055,4,score,GSM615333,4,0,0.18040905909223912
GSE25055,4,score,GSM615334,0,1,0.6193420901905753
GSE25055,4,score,GSM615335,0,0,0.2502596549630142
GSE25055,4,score,GSM615336,4,1,0.4221554742206077
GSE25055,4,score,GSM615337,2,0,0.10289946158227485
GSE25055,4,score,GSM615338,1,1,0.23078392726775274
GSE25055,4,score,GSM615339,3,0,0.030330871629685768
GSE25055,4,score,GSM615340,4,0,0.08135769966934354
GSE25055,4,score,GSM615341,0,0,0.047384717307412234
GSE25055,4,score,GSM615342,3,0,0.07294331592902761
GSE25055,4,score,GSM615343,2,0,0.18104012759040553
GSE25055,4,score,GSM615344,0,0,0.07015048728539965
GSE25055,4,score,GSM615345,2,0,0.0511940207255478
GSE25055,4,score,GSM615346,4,0,0.3350096604173178
GSE25055,4,score,GSM615347,1,0,0.3140050147711465
GSE25055,4,score,GSM615348,4,0,0.2625317830534829
GSE25055,4,score,GSM615349,0,0,0.07360829481736482
GSE25055,4,score,GSM615350,3,0,0.12924383844846002
GSE25055,4,score,GSM615351,4,0,0.1218146722057158
GSE25055,4,score,GSM615352,1,0,0.03212993022781639
GSE25055,4,score,GSM615353,1,1,0.15358758228341546
GSE25055,4,score,GSM615354,0,1,0.24278113727928247
GSE25055,4,score,GSM615355,0,0,0.17559626838499964
GSE25055,4,score,GSM615356,4,0,0.11790269956814922
GSE25055,4,score,GSM615357,4,1,0.41320500924705655
GSE25055,4,score,GSM615358,4,0,0.07176239058698057
GSE25055,4,score,GSM615359,0,1,0.4995314409794779
GSE25055,4,score,GSM615360,2,0,0.09426234521691315
GSE25055,4,score,GSM615361,1,0,0.17980450319183
GSE25055,4,score,GSM615362,0,0,0.05354923072321016
GSE25055,4,score,GSM615363,0,0,0.0997970182891717
GSE25055,4,score,GSM615364,1,0,0.3411335713961871
GSE25055,4,score,GSM615365,1,0,0.10118689763446649
GSE25055,4,score,GSM615366,0,0,0.05375406946607488
GSE25055,4,score,GSM615367,3,0,0.0965913332767283
GSE25055,4,score,GSM615368,0,0,0.5102501884800708
GSE25055,4,score,GSM615369,3,0,0.09494912074567859
GSE25055,4,score,GSM615370,3,0,0.1257973841540885
GSE25055,4,score,GSM615371,0,1,0.24629547710221272
GSE25055,4,score,GSM615372,1,0,0.2575618028811634
GSE25055,4,score,GSM615373,2,0,0.15858622381950477
GSE25055,4,score,GSM615374,1,0,0.0392807718484477
GSE25055,4,score,GSM615375,0,1,0.7725216236375051
GSE25055,4,score,GSM615376,2,0,0.10082830249576265
GSE25055,4,score,GSM615377,2,0,0.03265588182521959
GSE25055,4,score,GSM615378,4,0,0.21395036158289477
GSE25055,4,score,GSM615379,3,1,0.1209258447977904
GSE25055,4,score,GSM615380,0,0,0.5027902561018683
GSE25055,4,score,GSM615381,2,0,0.03306722427203116
GSE25055,4,score,GSM615382,0,0,0.06983408270767687
GSE25055,4,score,GSM615383,0,1,0.04432773601205943
GSE25055,4,score,GSM615384,0,0,0.12208707666578025
GSE25055,4,score,GSM615385,1,0,0.044542394451622856
GSE25055,4,score,GSM615386,3,0,0.019006610270650075
GSE25055,4,score,GSM615387,4,0,0.12457901686877068
GSE25055,4,score,GSM615388,1,0,0.07556812859842006
GSE25055,4,score,GSM615389,2,0,0.0858647975844047
GSE25055,4,score,GSM615390,1,0,0.35793036837104425
GSE25055,4,score,GSM615391,1,0,0.06823658314302995
GSE25055,4,score,GSM615392,0,0,0.3393577288185488
GSE25055,4,score,GSM615393,1,1,0.13083541237392676
GSE25055,4,score,GSM615394,1,1,0.1515034273546509
GSE25055,4,score,GSM615395,0,0,0.03706727999244148
GSE25055,4,score,GSM615396,4,1,0.28224648043949735
GSE25055,4,score,GSM615397,3,1,0.29356974969274907
GSE25055,4,score,GSM615398,2,0,0.17821860903700834
GSE25055,4,score,GSM615399,2,0,0.09827659553662979
GSE25055,4,score,GSM615400,2,0,0.08871851344362873
GSE25055,4,score,GSM615401,4,0,0.19248050482282575
GSE25055,4,score,GSM615402,3,0,0.08674197347532009
GSE25055,4,score,GSM615403,2,0,0.29136507587882365
GSE25055,4,score,GSM615404,4,0,0.116223482261209
GSE25055,4,score,GSM615405,2,0,0.4320847614436864
GSE25055,4,combined,GSM615096,4,0,0.05885480828414239
GSE25055,4,combined,GSM615097,4,0,0.04707049315856128
GSE25055,4,combined,GSM615098,0,0,0.4570459707178731
GSE25055,4,combined,GSM615099,4,1,0.5495207066261023
GSE25055,4,combined,GSM615100,0,0,0.1294197571653086
GSE25055,4,combined,GSM615101,3,0,0.39783957015859667
GSE25055,4,combined,GSM615102,1,0,0.43280187493632033
GSE25055,4,combined,GSM615104,0,0,0.3007868086088678
GSE25055,4,combined,GSM615106,0,0,0.19483131695792738
GSE25055,4,combined,GSM615107,0,0,0.4422091026384993
GSE25055,4,combined,GSM615108,3,0,0.10775250190201958
GSE25055,4,combined,GSM615109,1,0,0.4235863076340871
GSE25055,4,combined,GSM615111,2,0,0.2609223910676124
GSE25055,4,combined,GSM615112,4,0,0.34179516130154886
GSE25055,4,combined,GSM615113,3,0,0.38752075254338486
GSE25055,4,combined,GSM615114,3,0,0.04180756999150096
GSE25055,4,combined,GSM615115,3,0,0.2469617827347794
GSE25055,4,combined,GSM615116,3,0,0.154938599061933
GSE25055,4,combined,GSM615117,3,0,0.27046495635911344
GSE25055,4,combined,GSM615120,3,0,0.0299671849666816
GSE25055,4,combined,GSM615121,2,0,0.049092977167705956
GSE25055,4,combined,GSM615122,0,1,0.04205090237296951
GSE25055,4,combined,GSM615123,2,1,0.11357852069195642
GSE25055,4,combined,GSM615124,4,0,0.06177078691367961
GSE25055,4,combined,GSM615125,0,0,0.03559905161933794
GSE25055,4,combined,GSM615126,1,0,0.1026209052663019
GSE25055,4,combined,GSM615127,0,0,0.04555336436404521
GSE25055,4,combined,GSM615128,4,0,0.048700494800623724
GSE25055,4,combined,GSM615129,0,0,0.04127967448558579
GSE25055,4,combined,GSM615130,1,0,0.06206577158778672
GSE25055,4,combined,GSM615131,3,0,0.05981803960875939
GSE25055,4,combined,GSM615132,2,0,0.043941530649810746
GSE25055,4,combined,GSM615133,4,0,0.04263907400972913
GSE25055,4,combined,GSM615134,3,0,0.03489207421162053
GSE25055,4,combined,GSM615135,3,0,0.19720282831917368
GSE25055,4,combined,GSM615136,1,0,0.34664420600815415
GSE25055,4,combined,GSM615137,2,1,0.0759316726991995
GSE25055,4,combined,GSM615138,0,0,0.06418772954890865
GSE25055,4,combined,GSM615139,1,1,0.5474938871460061
GSE25055,4,combined,GSM615140,3,1,0.30699536068311084
GSE25055,4,combined,GSM615142,0,0,0.04655458401215847
GSE25055,4,combined,GSM615143,0,1,0.3853774031265978
GSE25055,4,combined,GSM615144,4,0,0.050865497686463895
GSE25055,4,combined,GSM615145,3,0,0.6743902049246395
GSE25055,4,combined,GSM615146,2,1,0.37990011437747345
GSE25055,4,combined,GSM615147,0,0,0.040303505251775174
GSE25055,4,combined,GSM615148,1,0,0.38065642849329984
GSE25055,4,combined,GSM615149,2,0,0.3078947564988606
GSE25055,4,combined,GSM615150,4,0,0.04344072774301187
GSE25055,4,combined,GSM615151,2,0,0.3781804562702222
GSE25055,4,combined,GSM615153,3,0,0.08072508551706839
GSE25055,4,combined,GSM615154,0,1,0.30615739721183616
GSE25055,4,combined,GSM615155,1,0,0.21588273156967888
GSE25055,4,combined,GSM615156,2,0,0.32514600446461145
GSE25055,4,combined,GSM615157,1,0,0.04478186145430971
GSE25055,4,combined,GSM615158,3,0,0.044668810467937754
GSE25055,4,combined,GSM615159,0,0,0.1688944033136991
GSE25055,4,combined,GSM615160,2,0,0.3722956331917499
GSE25055,4,combined,GSM615162,1,0,0.04594475184536753
GSE25055,4,combined,GSM615164,1,1,0.5576582522517657
GSE25055,4,combined,GSM615165,0,0,0.04916655968307861
GSE25055,4,combined,GSM615166,2,0,0.08052889563385864
GSE25055,4,combined,GSM615167,3,1,0.12381985910349284
GSE25055,4,combined,GSM615168,3,0,0.03551383843569581
GSE25055,4,combined,GSM615169,0,0,0.3730805647274041
GSE25055,4,combined,GSM615170,2,0,0.03987323295892773
GSE25055,4,combined,GSM615171,3,1,0.20626640200207458
GSE25055,4,combined,GSM615172,3,0,0.03913853449543999
GSE25055,4,combined,GSM615173,1,0,0.05246423607453545
GSE25055,4,combined,GSM615174,2,0,0.07167836622252723
GSE25055,4,combined,GSM615175,0,1,0.470227410147005
GSE25055,4,combined,GSM615176,0,0,0.03979693705915749
GSE25055,4,combined,GSM615177,2,0,0.05337563976617512
GSE25055,4,combined,GSM615178,0,0,0.36036040624490623
GSE25055,4,combined,GSM615179,3,0,0.06557013395757878
GSE25055,4,combined,GSM615180,1,0,0.09867344573048077
GSE25055,4,combined,GSM615181,0,1,0.36405857980495027
GSE25055,4,combined,GSM615182,3,0,0.30196829636597233
GSE25055,4,combined,GSM615183,4,0,0.05635983123133225
GSE25055,4,combined,GSM615184,4,0,0.5289727063287933
GSE25055,4,combined,GSM615185,1,0,0.19841020457928918
GSE25055,4,combined,GSM615186,4,1,0.047846854651887406
GSE25055,4,combined,GSM615187,0,0,0.056565988358616655
GSE25055,4,combined,GSM615188,4,0,0.21957023494214173
GSE25055,4,combined,GSM615189,4,0,0.22866121792572494
GSE25055,4,combined,GSM615190,1,0,0.4197884242986779
GSE25055,4,combined,GSM615191,1,1,0.6368973732296684
GSE25055,4,combined,GSM615192,4,0,0.05209256076257065
GSE25055,4,combined,GSM615193,1,1,0.3660001412593273
GSE25055,4,combined,GSM615194,4,1,0.44370023932730607
GSE25055,4,combined,GSM615195,4,0,0.6315213617138108
GSE25055,4,combined,GSM615196,3,0,0.150274416675492
GSE25055,4,combined,GSM615197,4,0,0.35406069363876935
GSE25055,4,combined,GSM615198,0,0,0.029138581357521433
GSE25055,4,combined,GSM615199,1,0,0.1043037496873004
GSE25055,4,combined,GSM615200,0,0,0.14709968187939557
GSE25055,4,combined,GSM615201,0,1,0.14309030088075292
GSE25055,4,combined,GSM615202,3,1,0.5778769029360665
GSE25055,4,combined,GSM615203,3,0,0.013210946390260244
GSE25055,4,combined,GSM615204,1,0,0.04549300735735262
GSE25055,4,combined,GSM615205,1,0,0.04560578670631796
GSE25055,4,combined,GSM615206,2,0,0.03871705922327464
GSE25055,4,combined,GSM615207,4,0,0.045924384449913556
GSE25055,4,combined,GSM615208,0,0,0.02438924593454131
GSE25055,4,combined,GSM615209,1,1,0.4421932480002502
GSE25055,4,combined,GSM615210,2,0,0.016960513086952605
GSE25055,4,combined,GSM615211,3,1,0.6044370369784177
GSE25055,4,combined,GSM615212,4,1,0.15800288305571922
GSE25055,4,combined,GSM615213,2,1,0.35168538469745236
GSE25055,4,combined,GSM615214,4,0,0.02346510453655272
GSE25055,4,combined,GSM615215,3,1,0.2518357806756453
GSE25055,4,combined,GSM615216,2,0,0.05562993292151516
GSE25055,4,combined,GSM615217,1,0,0.06538843260264153
GSE25055,4,combined,GSM615218,2,0,0.27228890097019226
GSE25055,4,combined,GSM615219,4,0,0.1053116194851203
GSE25055,4,combined,GSM615220,2,0,0.030160915696295434
GSE25055,4,combined,GSM615221,1,0,0.09725588798140278
GSE25055,4,combined,GSM615222,2,0,0.03097048165311508
GSE25055,4,combined,GSM615223,0,0,0.1461255105007573
GSE25055,4,combined,GSM615224,1,0,0.02060538130899315
GSE25055,4,combined,GSM615225,1,0,0.2516561913083591
GSE25055,4,combined,GSM615226,3,0,0.01842675998863999
GSE25055,4,combined,GSM615227,4,0,0.0975740682153635
GSE25055,4,combined,GSM615228,4,0,0.08882733459265228
GSE25055,4,combined,GSM615229,2,0,0.1394718910352048
GSE25055,4,combined,GSM615230,2,0,0.03615559809236296
GSE25055,4,combined,GSM615231,2,0,0.031907824185536636
GSE25055,4,combined,GSM615232,2,0,0.025212741521017837
GSE25055,4,combined,GSM615233,3,0,0.013692981228180603
GSE25055,4,combined,GSM615234,1,0,0.057794225477206466
GSE25055,4,combined,GSM615235,4,0,0.13981113031395778
GSE25055,4,combined,GSM615236,4,0,0.0530068833336612
GSE25055,4,combined,GSM615237,1,0,0.046643355836813755
GSE25055,4,combined,GSM615238,4,0,0.030630252065826168
GSE25055,4,combined,GSM615239,1,0,0.09942411698086007
GSE25055,4,combined,GSM615240,3,1,0.07887951107700554
GSE25055,4,combined,GSM615241,3,0,0.05965837151930678
GSE25055,4,combined,GSM615242,2,1,0.3974160213361116
GSE25055,4,combined,GSM615243,2,0,0.034751017004009094
GSE25055,4,combined,GSM615244,1,0,0.1474095045717076
GSE25055,4,combined,GSM615245,3,0,0.1739397629911382
GSE25055,4,combined,GSM615246,3,0,0.12583836972098705
GSE25055,4,combined,GSM615247,3,0,0.08894103097538504
GSE25055,4,combined,GSM615248,1,0,0.2567473752460874
GSE25055,4,combined,GSM615249,4,0,0.039846091955681076
GSE25055,4,combined,GSM615250,0,0,0.4122683844094918
GSE25055,4,combined,GSM615251,4,0,0.4060320407144643
GSE25055,4,combined,GSM615252,4,0,0.02991142499085794
GSE25055,4,combined,GSM615253,3,0,0.0801271790414693
GSE25055,4,combined,GSM615254,4,0,0.049115121905006366
GSE25055,4,combined,GSM615255,2,0,0.339159346634558
GSE25055,4,combined,GSM615256,3,1,0.1372769417904803
GSE25055,4,combined,GSM615257,2,0,0.018180291615090043
GSE25055,4,combined,GSM615258,1,0,0.08673447618445468
GSE25055,4,combined,GSM615259,0,0,0.022703697990953637
GSE25055,4,combined,GSM615260,4,0,0.19455715855606973
GSE25055,4,combined,GSM615261,4,0,0.08159203376485005
GSE25055,4,combined,GSM615262,1,0,0.04255873339052576
GSE25055,4,combined,GSM615263,4,1,0.3389316344617726
GSE25055,4,combined,GSM615264,3,1,0.1473249826517092
GSE25055,4,combined,GSM615265,0,0,0.14647552594980887
GSE25055,4,combined,GSM615266,0,0,0.0700883906234173
GSE25055,4,combined,GSM615267,4,0,0.07642629688079679
GSE25055,4,combined,GSM615268,2,0,0.06609020989585339
GSE25055,4,combined,GSM615269,1,0,0.067829625379508
GSE25055,4,combined,GSM615270,2,1,0.5015536623685697
GSE25055,4,combined,GSM615271,4,0,0.18658029464674436
GSE25055,4,combined,GSM615272,3,0,0.03551043421173375
GSE25055,4,combined,GSM615273,2,0,0.06805405383024928
GSE25055,4,combined,GSM615274,1,0,0.14443627126477923
GSE25055,4,combined,GSM615275,0,0,0.42629678600259246
GSE25055,4,combined,GSM615276,3,0,0.20874658120176057
GSE25055,4,combined,GSM615277,1,0,0.07612121477061451
GSE25055,4,combined,GSM615278,0,0,0.05997506882305707
GSE25055,4,combined,GSM615279,1,0,0.06114997992398
GSE25055,4,combined,GSM615280,2,1,0.10437371751173267
GSE25055,4,combined,GSM615281,2,0,0.05776861365272613
GSE25055,4,combined,GSM615282,3,0,0.06959909289815568
GSE25055,4,combined,GSM615283,4,0,0.08499950897003547
GSE25055,4,combined,GSM615284,4,1,0.38412203477892876
GSE25055,4,combined,GSM615285,2,0,0.03885571411189343
GSE25055,4,combined,GSM615286,3,0,0.19214995833416243
GSE25055,4,combined,GSM615287,1,0,0.27137996534666364
GSE25055,4,combined,GSM615288,3,0,0.43688105909647984
GSE25055,4,combined,GSM615289,4,0,0.1892531077458079
GSE25055,4,combined,GSM615290,1,0,0.16301911403013036
GSE25055,4,combined,GSM615291,4,1,0.26864281306189697
GSE25055,4,combined,GSM615292,2,0,0.05221127302994529
GSE25055,4,combined,GSM615293,4,1,0.692967861464262
GSE25055,4,combined,GSM615294,2,0,0.07931747378033312
GSE25055,4,combined,GSM615295,4,0,0.15082090322049777
GSE25055,4,combined,GSM615296,4,0,0.0872454967052789
GSE25055,4,combined,GSM615297,1,0,0.4428065666487834
GSE25055,4,combined,GSM615298,2,0,0.057430227664140125
GSE25055,4,combined,GSM615299,3,0,0.027331990133383756
GSE25055,4,combined,GSM615300,2,1,0.2436442582602644
GSE25055,4,combined,GSM615301,3,0,0.2581975373079784
GSE25055,4,combined,GSM615302,3,0,0.07300677497280209
GSE25055,4,combined,GSM615303,4,0,0.24506729257813958
GSE25055,4,combined,GSM615304,2,0,0.02884046914738651
GSE25055,4,combined,GSM615305,1,0,0.07367525733352868
GSE25055,4,combined,GSM615306,0,0,0.03107296376231943
GSE25055,4,combined,GSM615307,2,1,0.6406157212268695
GSE25055,4,combined,GSM615308,4,0,0.0450854613200941
GSE25055,4,combined,GSM615309,3,0,0.06097441722882394
GSE25055,4,combined,GSM615310,2,1,0.11256834210896027
GSE25055,4,combined,GSM615311,0,0,0.03568299911144472
GSE25055,4,combined,GSM615312,1,0,0.27348848562038536
GSE25055,4,combined,GSM615313,3,0,0.025066934102407297
GSE25055,4,combined,GSM615314,0,0,0.01895089129334933
GSE25055,4,combined,GSM615315,3,0,0.5287661687996127
GSE25055,4,combined,GSM615316,2,0,0.017105190077715136
GSE25055,4,combined,GSM615317,3,0,0.3818073588551276
GSE25055,4,combined,GSM615318,3,0,0.03537154884184343
GSE25055,4,combined,GSM615319,4,0,0.17460015363486556
GSE25055,4,combined,GSM615320,0,0,0.5829362341229224
GSE25055,4,combined,GSM615321,0,0,0.36423695407438983
GSE25055,4,combined,GSM615322,0,0,0.4690020606517956
GSE25055,4,combined,GSM615323,1,0,0.18232841306151928
GSE25055,4,combined,GSM615324,1,1,0.6045358911720271
GSE25055,4,combined,GSM615325,1,1,0.5148244501434358
GSE25055,4,combined,GSM615326,1,0,0.23872889330517705
GSE25055,4,combined,GSM615327,3,0,0.29499486309816053
GSE25055,4,combined,GSM615328,0,0,0.03686444735807393
GSE25055,4,combined,GSM615329,0,0,0.03475484326608643
GSE25055,4,combined,GSM615330,2,0,0.13959125793415547
GSE25055,4,combined,GSM615331,2,1,0.0332765363262132
GSE25055,4,combined,GSM615332,2,0,0.04880216585781719
GSE25055,4,combined,GSM615333,4,0,0.27179947006975547
GSE25055,4,combined,GSM615334,0,1,0.573572468037423
GSE25055,4,combined,GSM615335,0,0,0.35216105737523484
GSE25055,4,combined,GSM615336,4,1,0.47679077730558106
GSE25055,4,combined,GSM615337,2,0,0.049231530415123535
GSE25055,4,combined,GSM615338,1,1,0.28125327040587605
GSE25055,4,combined,GSM615339,3,0,0.021739707647327657
GSE25055,4,combined,GSM615340,4,0,0.052168540437916945
GSE25055,4,combined,GSM615341,0,0,0.03133511261764712
GSE25055,4,combined,GSM615342,3,0,0.13488157962695552
GSE25055,4,combined,GSM615343,2,0,0.0956849898870198
GSE25055,4,combined,GSM615344,0,0,0.13815643078259332
GSE25055,4,combined,GSM615345,2,0,0.1250173882562577
GSE25055,4,combined,GSM615346,4,0,0.4453320793503018
GSE25055,4,combined,GSM615347,1,0,0.2757934345574624
GSE25055,4,combined,GSM615348,4,0,0.4297830811924325
GSE25055,4,combined,GSM615349,0,0,0.04053315110728955
GSE25055,4,combined,GSM615350,3,0,0.17265685735870506
GSE25055,4,combined,GSM615351,4,0,0.06756620693426947
GSE25055,4,combined,GSM615352,1,0,0.016830912816800398
GSE25055,4,combined,GSM615353,1,1,0.095763923191102
GSE25055,4,combined,GSM615354,0,1,0.37161661898904563
GSE25055,4,combined,GSM615355,0,0,0.08380887927197152
GSE25055,4,combined,GSM615356,4,0,0.22201222128176626
GSE25055,4,combined,GSM615357,4,1,0.44754342997168217
GSE25055,4,combined,GSM615358,4,0,0.03139897189112134
GSE25055,4,combined,GSM615359,0,1,0.5432170203172121
GSE25055,4,combined,GSM615360,2,0,0.040451946227933834
GSE25055,4,combined,GSM615361,1,0,0.07536530481771091
GSE25055,4,combined,GSM615362,0,0,0.030704134980674567
GSE25055,4,combined,GSM615363,0,0,0.257651428743919
GSE25055,4,combined,GSM615364,1,0,0.49102454936141726
GSE25055,4,combined,GSM615365,1,0,0.04900543283134685
GSE25055,4,combined,GSM615366,0,0,0.035106277783532445
GSE25055,4,combined,GSM615367,3,0,0.06532192600416288
GSE25055,4,combined,GSM615368,0,0,0.67347485356391
GSE25055,4,combined,GSM615369,3,0,0.15153083333533493
GSE25055,4,combined,GSM615370,3,0,0.09738313853531648
GSE25055,4,combined,GSM615371,0,1,0.2716097557108526
GSE25055,4,combined,GSM615372,1,0,0.39285664838476125
GSE25055,4,combined,GSM615373,2,0,0.06675864605161724
GSE25055,4,combined,GSM615374,1,0,0.02816226880305435
GSE25055,4,combined,GSM615375,0,1,0.6238299000604589
GSE25055,4,combined,GSM615376,2,0,0.22214558768602508
GSE25055,4,combined,GSM615377,2,0,0.02377312501118341
GSE25055,4,combined,GSM615378,4,0,0.3392292186656908
GSE25055,4,combined,GSM615379,3,1,0.15798494830678966
GSE25055,4,combined,GSM615380,0,0,0.6061866213301033
GSE25055,4,combined,GSM615381,2,0,0.018202402582746312
GSE25055,4,combined,GSM615382,0,0,0.13508001017022245
GSE25055,4,combined,GSM615383,0,1,0.02734311988858053
GSE25055,4,combined,GSM615384,0,0,0.20246010675482845
GSE25055,4,combined,GSM615385,1,0,0.13721430722266392
GSE25055,4,combined,GSM615386,3,0,0.01676805506622927
GSE25055,4,combined,GSM615387,4,0,0.25084025105407276
GSE25055,4,combined,GSM615388,1,0,0.06371019314939894
GSE25055,4,combined,GSM615389,2,0,0.038266063772924755
GSE25055,4,combined,GSM615390,1,0,0.43829489392359117
GSE25055,4,combined,GSM615391,1,0,0.040500953956088964
GSE25055,4,combined,GSM615392,0,0,0.3502398407397984
GSE25055,4,combined,GSM615393,1,1,0.24490574115440283
GSE25055,4,combined,GSM615394,1,1,0.19416699100425108
GSE25055,4,combined,GSM615395,0,0,0.018008656246248998
GSE25055,4,combined,GSM615396,4,1,0.4540220823833007
GSE25055,4,combined,GSM615397,3,1,0.3345513305289386
GSE25055,4,combined,GSM615398,2,0,0.06500159137816355
GSE25055,4,combined,GSM615399,2,0,0.04322093852136728
GSE25055,4,combined,GSM615400,2,0,0.0257125071925821
GSE25055,4,combined,GSM615401,4,0,0.06817389573292387
GSE25055,4,combined,GSM615402,3,0,0.06125064620890157
GSE25055,4,combined,GSM615403,2,0,0.37779503499735256
GSE25055,4,combined,GSM615404,4,0,0.0504859928205587
GSE25055,4,combined,GSM615405,2,0,0.41966449984111087
GSE25055,5,intercept,GSM615096,1,0,0.18672199170124482
GSE25055,5,intercept,GSM615097,4,0,0.18672199170124482
GSE25055,5,intercept,GSM615098,2,0,0.18672199170124482
GSE25055,5,intercept,GSM615099,4,1,0.18672199170124482
GSE25055,5,intercept,GSM615100,3,0,0.18672199170124482
GSE25055,5,intercept,GSM615101,4,0,0.18672199170124482
GSE25055,5,intercept,GSM615102,0,0,0.18333333333333332
GSE25055,5,intercept,GSM615104,4,0,0.18672199170124482
GSE25055,5,intercept,GSM615106,4,0,0.18672199170124482
GSE25055,5,intercept,GSM615107,2,0,0.18672199170124482
GSE25055,5,intercept,GSM615108,1,0,0.18672199170124482
GSE25055,5,intercept,GSM615109,2,0,0.18672199170124482
GSE25055,5,intercept,GSM615111,0,0,0.18333333333333332
GSE25055,5,intercept,GSM615112,1,0,0.18672199170124482
GSE25055,5,intercept,GSM615113,3,0,0.18672199170124482
GSE25055,5,intercept,GSM615114,1,0,0.18672199170124482
GSE25055,5,intercept,GSM615115,3,0,0.18672199170124482
GSE25055,5,intercept,GSM615116,3,0,0.18672199170124482
GSE25055,5,intercept,GSM615117,3,0,0.18672199170124482
GSE25055,5,intercept,GSM615120,3,0,0.18672199170124482
GSE25055,5,intercept,GSM615121,4,0,0.18672199170124482
GSE25055,5,intercept,GSM615122,4,1,0.18672199170124482
GSE25055,5,intercept,GSM615123,1,1,0.18672199170124482
GSE25055,5,intercept,GSM615124,3,0,0.18672199170124482
GSE25055,5,intercept,GSM615125,3,0,0.18672199170124482
GSE25055,5,intercept,GSM615126,2,0,0.18672199170124482
GSE25055,5,intercept,GSM615127,4,0,0.18672199170124482
GSE25055,5,intercept,GSM615128,4,0,0.18672199170124482
GSE25055,5,intercept,GSM615129,2,0,0.18672199170124482
GSE25055,5,intercept,GSM615130,0,0,0.18333333333333332
GSE25055,5,intercept,GSM615131,0,0,0.18333333333333332
GSE25055,5,intercept,GSM615132,3,0,0.18672199170124482
GSE25055,5,intercept,GSM615133,1,0,0.18672199170124482
GSE25055,5,intercept,GSM615134,0,0,0.18333333333333332
GSE25055,5,intercept,GSM615135,2,0,0.18672199170124482
GSE25055,5,intercept,GSM615136,0,0,0.18333333333333332
GSE25055,5,intercept,GSM615137,4,1,0.18672199170124482
GSE25055,5,intercept,GSM615138,2,0,0.18672199170124482
GSE25055,5,intercept,GSM615139,3,1,0.18672199170124482
GSE25055,5,intercept,GSM615140,1,1,0.18672199170124482
GSE25055,5,intercept,GSM615142,1,0,0.18672199170124482
GSE25055,5,intercept,GSM615143,0,1,0.18333333333333332
GSE25055,5,intercept,GSM615144,4,0,0.18672199170124482
GSE25055,5,intercept,GSM615145,4,0,0.18672199170124482
GSE25055,5,intercept,GSM615146,1,1,0.18672199170124482
GSE25055,5,intercept,GSM615147,1,0,0.18672199170124482
GSE25055,5,intercept,GSM615148,3,0,0.18672199170124482
GSE25055,5,intercept,GSM615149,0,0,0.18333333333333332
GSE25055,5,intercept,GSM615150,3,0,0.18672199170124482
GSE25055,5,intercept,GSM615151,4,0,0.18672199170124482
GSE25055,5,intercept,GSM615153,1,0,0.18672199170124482
GSE25055,5,intercept,GSM615154,0,1,0.18333333333333332
GSE25055,5,intercept,GSM615155,1,0,0.18672199170124482
GSE25055,5,intercept,GSM615156,4,0,0.18672199170124482
GSE25055,5,intercept,GSM615157,3,0,0.18672199170124482
GSE25055,5,intercept,GSM615158,2,0,0.18672199170124482
GSE25055,5,intercept,GSM615159,0,0,0.18333333333333332
GSE25055,5,intercept,GSM615160,4,0,0.18672199170124482
GSE25055,5,intercept,GSM615162,2,0,0.18672199170124482
GSE25055,5,intercept,GSM615164,0,1,0.18333333333333332
GSE25055,5,intercept,GSM615165,2,0,0.18672199170124482
GSE25055,5,intercept,GSM615166,4,0,0.18672199170124482
GSE25055,5,intercept,GSM615167,2,1,0.18672199170124482
GSE25055,5,intercept,GSM615168,3,0,0.18672199170124482
GSE25055,5,intercept,GSM615169,0,0,0.18333333333333332
GSE25055,5,intercept,GSM615170,2,0,0.18672199170124482
GSE25055,5,intercept,GSM615171,3,1,0.18672199170124482
GSE25055,5,intercept,GSM615172,4,0,0.18672199170124482
GSE25055,5,intercept,GSM615173,3,0,0.18672199170124482
GSE25055,5,intercept,GSM615174,1,0,0.18672199170124482
GSE25055,5,intercept,GSM615175,0,1,0.18333333333333332
GSE25055,5,intercept,GSM615176,2,0,0.18672199170124482
GSE25055,5,intercept,GSM615177,4,0,0.18672199170124482
GSE25055,5,intercept,GSM615178,1,0,0.18672199170124482
GSE25055,5,intercept,GSM615179,4,0,0.18672199170124482
GSE25055,5,intercept,GSM615180,0,0,0.18333333333333332
GSE25055,5,intercept,GSM615181,3,1,0.18672199170124482
GSE25055,5,intercept,GSM615182,2,0,0.18672199170124482
GSE25055,5,intercept,GSM615183,0,0,0.18333333333333332
GSE25055,5,intercept,GSM615184,1,0,0.18672199170124482
GSE25055,5,intercept,GSM615185,0,0,0.18333333333333332
GSE25055,5,intercept,GSM615186,2,1,0.18672199170124482
GSE25055,5,intercept,GSM615187,1,0,0.18672199170124482
GSE25055,5,intercept,GSM615188,1,0,0.18672199170124482
GSE25055,5,intercept,GSM615189,1,0,0.18672199170124482
GSE25055,5,intercept,GSM615190,2,0,0.18672199170124482
GSE25055,5,intercept,GSM615191,2,1,0.18672199170124482
GSE25055,5,intercept,GSM615192,4,0,0.18672199170124482
GSE25055,5,intercept,GSM615193,1,1,0.18672199170124482
GSE25055,5,intercept,GSM615194,4,1,0.18672199170124482
GSE25055,5,intercept,GSM615195,4,0,0.18672199170124482
GSE25055,5,intercept,GSM615196,0,0,0.18333333333333332
GSE25055,5,intercept,GSM615197,3,0,0.18672199170124482
GSE25055,5,intercept,GSM615198,1,0,0.18672199170124482
GSE25055,5,intercept,GSM615199,4,0,0.18672199170124482
GSE25055,5,intercept,GSM615200,3,0,0.18672199170124482
GSE25055,5,intercept,GSM615201,3,1,0.18672199170124482
GSE25055,5,intercept,GSM615202,1,1,0.18672199170124482
GSE25055,5,intercept,GSM615203,3,0,0.18672199170124482
GSE25055,5,intercept,GSM615204,1,0,0.18672199170124482
GSE25055,5,intercept,GSM615205,4,0,0.18672199170124482
GSE25055,5,intercept,GSM615206,2,0,0.18672199170124482
GSE25055,5,intercept,GSM615207,2,0,0.18672199170124482
GSE25055,5,intercept,GSM615208,0,0,0.18333333333333332
GSE25055,5,intercept,GSM615209,4,1,0.18672199170124482
GSE25055,5,intercept,GSM615210,1,0,0.18672199170124482
GSE25055,5,intercept,GSM615211,0,1,0.18333333333333332
GSE25055,5,intercept,GSM615212,2,1,0.18672199170124482
GSE25055,5,intercept,GSM615213,3,1,0.18672199170124482
GSE25055,5,intercept,GSM615214,0,0,0.18333333333333332
GSE25055,5,intercept,GSM615215,4,1,0.18672199170124482
GSE25055,5,intercept,GSM615216,4,0,0.18672199170124482
GSE25055,5,intercept,GSM615217,1,0,0.18672199170124482
GSE25055,5,intercept,GSM615218,3,0,0.18672199170124482
GSE25055,5,intercept,GSM615219,0,0,0.18333333333333332
GSE25055,5,intercept,GSM615220,2,0,0.18672199170124482
GSE25055,5,intercept,GSM615221,1,0,0.18672199170124482
GSE25055,5,intercept,GSM615222,0,0,0.18333333333333332
GSE25055,5,intercept,GSM615223,2,0,0.18672199170124482
GSE25055,5,intercept,GSM615224,4,0,0.18672199170124482
GSE25055,5,intercept,GSM615225,1,0,0.18672199170124482
GSE25055,5,intercept,GSM615226,4,0,0.18672199170124482
GSE25055,5,intercept,GSM615227,1,0,0.18672199170124482
GSE25055,5,intercept,GSM615228,1,0,0.18672199170124482
GSE25055,5,intercept,GSM615229,1,0,0.18672199170124482
GSE25055,5,intercept,GSM615230,1,0,0.18672199170124482
GSE25055,5,intercept,GSM615231,3,0,0.18672199170124482
GSE25055,5,intercept,GSM615232,4,0,0.18672199170124482
GSE25055,5,intercept,GSM615233,0,0,0.18333333333333332
GSE25055,5,intercept,GSM615234,3,0,0.18672199170124482
GSE25055,5,intercept,GSM615235,2,0,0.18672199170124482
GSE25055,5,intercept,GSM615236,3,0,0.18672199170124482
GSE25055,5,intercept,GSM615237,4,0,0.18672199170124482
GSE25055,5,intercept,GSM615238,0,0,0.18333333333333332
GSE25055,5,intercept,GSM615239,0,0,0.18333333333333332
GSE25055,5,intercept,GSM615240,1,1,0.18672199170124482
GSE25055,5,intercept,GSM615241,4,0,0.18672199170124482
GSE25055,5,intercept,GSM615242,1,1,0.18672199170124482
GSE25055,5,intercept,GSM615243,0,0,0.18333333333333332
GSE25055,5,intercept,GSM615244,2,0,0.18672199170124482
GSE25055,5,intercept,GSM615245,2,0,0.18672199170124482
GSE25055,5,intercept,GSM615246,4,0,0.18672199170124482
GSE25055,5,intercept,GSM615247,0,0,0.18333333333333332
GSE25055,5,intercept,GSM615248,1,0,0.18672199170124482
GSE25055,5,intercept,GSM615249,3,0,0.18672199170124482
GSE25055,5,intercept,GSM615250,2,0,0.18672199170124482
GSE25055,5,intercept,GSM615251,1,0,0.18672199170124482
GSE25055,5,intercept,GSM615252,1,0,0.18672199170124482
GSE25055,5,intercept,GSM615253,0,0,0.18333333333333332
GSE25055,5,intercept,GSM615254,4,0,0.18672199170124482
GSE25055,5,intercept,GSM615255,4,0,0.18672199170124482
GSE25055,5,intercept,GSM615256,4,1,0.18672199170124482
GSE25055,5,intercept,GSM615257,2,0,0.18672199170124482
GSE25055,5,intercept,GSM615258,3,0,0.18672199170124482
GSE25055,5,intercept,GSM615259,0,0,0.18333333333333332
GSE25055,5,intercept,GSM615260,3,0,0.18672199170124482
GSE25055,5,intercept,GSM615261,1,0,0.18672199170124482
GSE25055,5,intercept,GSM615262,4,0,0.18672199170124482
GSE25055,5,intercept,GSM615263,3,1,0.18672199170124482
GSE25055,5,intercept,GSM615264,2,1,0.18672199170124482
GSE25055,5,intercept,GSM615265,3,0,0.18672199170124482
GSE25055,5,intercept,GSM615266,2,0,0.18672199170124482
GSE25055,5,intercept,GSM615267,4,0,0.18672199170124482
GSE25055,5,intercept,GSM615268,0,0,0.18333333333333332
GSE25055,5,intercept,GSM615269,0,0,0.18333333333333332
GSE25055,5,intercept,GSM615270,1,1,0.18672199170124482
GSE25055,5,intercept,GSM615271,1,0,0.18672199170124482
GSE25055,5,intercept,GSM615272,2,0,0.18672199170124482
GSE25055,5,intercept,GSM615273,2,0,0.18672199170124482
GSE25055,5,intercept,GSM615274,0,0,0.18333333333333332
GSE25055,5,intercept,GSM615275,3,0,0.18672199170124482
GSE25055,5,intercept,GSM615276,0,0,0.18333333333333332
GSE25055,5,intercept,GSM615277,4,0,0.18672199170124482
GSE25055,5,intercept,GSM615278,0,0,0.18333333333333332
GSE25055,5,intercept,GSM615279,4,0,0.18672199170124482
GSE25055,5,intercept,GSM615280,0,1,0.18333333333333332
GSE25055,5,intercept,GSM615281,4,0,0.18672199170124482
GSE25055,5,intercept,GSM615282,1,0,0.18672199170124482
GSE25055,5,intercept,GSM615283,2,0,0.18672199170124482
GSE25055,5,intercept,GSM615284,1,1,0.18672199170124482
GSE25055,5,intercept,GSM615285,3,0,0.18672199170124482
GSE25055,5,intercept,GSM615286,2,0,0.18672199170124482
GSE25055,5,intercept,GSM615287,0,0,0.18333333333333332
GSE25055,5,intercept,GSM615288,2,0,0.18672199170124482
GSE25055,5,intercept,GSM615289,3,0,0.18672199170124482
GSE25055,5,intercept,GSM615290,1,0,0.18672199170124482
GSE25055,5,intercept,GSM615291,0,1,0.18333333333333332
GSE25055,5,intercept,GSM615292,3,0,0.18672199170124482
GSE25055,5,intercept,GSM615293,1,1,0.18672199170124482
GSE25055,5,intercept,GSM615294,0,0,0.18333333333333332
GSE25055,5,intercept,GSM615295,3,0,0.18672199170124482
GSE25055,5,intercept,GSM615296,0,0,0.18333333333333332
GSE25055,5,intercept,GSM615297,2,0,0.18672199170124482
GSE25055,5,intercept,GSM615298,3,0,0.18672199170124482
GSE25055,5,intercept,GSM615299,0,0,0.18333333333333332
GSE25055,5,intercept,GSM615300,4,1,0.18672199170124482
GSE25055,5,intercept,GSM615301,2,0,0.18672199170124482
GSE25055,5,intercept,GSM615302,1,0,0.18672199170124482
GSE25055,5,intercept,GSM615303,3,0,0.18672199170124482
GSE25055,5,intercept,GSM615304,3,0,0.18672199170124482
GSE25055,5,intercept,GSM615305,3,0,0.18672199170124482
GSE25055,5,intercept,GSM615306,0,0,0.18333333333333332
GSE25055,5,intercept,GSM615307,3,1,0.18672199170124482
GSE25055,5,intercept,GSM615308,3,0,0.18672199170124482
GSE25055,5,intercept,GSM615309,1,0,0.18672199170124482
GSE25055,5,intercept,GSM615310,2,1,0.18672199170124482
GSE25055,5,intercept,GSM615311,3,0,0.18672199170124482
GSE25055,5,intercept,GSM615312,2,0,0.18672199170124482
GSE25055,5,intercept,GSM615313,4,0,0.18672199170124482
GSE25055,5,intercept,GSM615314,0,0,0.18333333333333332
GSE25055,5,intercept,GSM615315,3,0,0.18672199170124482
GSE25055,5,intercept,GSM615316,2,0,0.18672199170124482
GSE25055,5,intercept,GSM615317,1,0,0.18672199170124482
GSE25055,5,intercept,GSM615318,2,0,0.18672199170124482
GSE25055,5,intercept,GSM615319,4,0,0.18672199170124482
GSE25055,5,intercept,GSM615320,0,0,0.18333333333333332
GSE25055,5,intercept,GSM615321,3,0,0.18672199170124482
GSE25055,5,intercept,GSM615322,0,0,0.18333333333333332
GSE25055,5,intercept,GSM615323,1,0,0.18672199170124482
GSE25055,5,intercept,GSM615324,3,1,0.18672199170124482
GSE25055,5,intercept,GSM615325,2,1,0.18672199170124482
GSE25055,5,intercept,GSM615326,1,0,0.18672199170124482
GSE25055,5,intercept,GSM615327,3,0,0.18672199170124482
GSE25055,5,intercept,GSM615328,0,0,0.18333333333333332
GSE25055,5,intercept,GSM615329,4,0,0.18672199170124482
GSE25055,5,intercept,GSM615330,2,0,0.18672199170124482
GSE25055,5,intercept,GSM615331,1,1,0.18672199170124482
GSE25055,5,intercept,GSM615332,0,0,0.18333333333333332
GSE25055,5,intercept,GSM615333,2,0,0.18672199170124482
GSE25055,5,intercept,GSM615334,3,1,0.18672199170124482
GSE25055,5,intercept,GSM615335,4,0,0.18672199170124482
GSE25055,5,intercept,GSM615336,3,1,0.18672199170124482
GSE25055,5,intercept,GSM615337,2,0,0.18672199170124482
GSE25055,5,intercept,GSM615338,4,1,0.18672199170124482
GSE25055,5,intercept,GSM615339,1,0,0.18672199170124482
GSE25055,5,intercept,GSM615340,0,0,0.18333333333333332
GSE25055,5,intercept,GSM615341,3,0,0.18672199170124482
GSE25055,5,intercept,GSM615342,2,0,0.18672199170124482
GSE25055,5,intercept,GSM615343,4,0,0.18672199170124482
GSE25055,5,intercept,GSM615344,3,0,0.18672199170124482
GSE25055,5,intercept,GSM615345,1,0,0.18672199170124482
GSE25055,5,intercept,GSM615346,3,0,0.18672199170124482
GSE25055,5,intercept,GSM615347,3,0,0.18672199170124482
GSE25055,5,intercept,GSM615348,2,0,0.18672199170124482
GSE25055,5,intercept,GSM615349,2,0,0.18672199170124482
GSE25055,5,intercept,GSM615350,0,0,0.18333333333333332
GSE25055,5,intercept,GSM615351,1,0,0.18672199170124482
GSE25055,5,intercept,GSM615352,4,0,0.18672199170124482
GSE25055,5,intercept,GSM615353,2,1,0.18672199170124482
GSE25055,5,intercept,GSM615354,3,1,0.18672199170124482
GSE25055,5,intercept,GSM615355,2,0,0.18672199170124482
GSE25055,5,intercept,GSM615356,0,0,0.18333333333333332
GSE25055,5,intercept,GSM615357,2,1,0.18672199170124482
GSE25055,5,intercept,GSM615358,2,0,0.18672199170124482
GSE25055,5,intercept,GSM615359,2,1,0.18672199170124482
GSE25055,5,intercept,GSM615360,3,0,0.18672199170124482
GSE25055,5,intercept,GSM615361,1,0,0.18672199170124482
GSE25055,5,intercept,GSM615362,3,0,0.18672199170124482
GSE25055,5,intercept,GSM615363,2,0,0.18672199170124482
GSE25055,5,intercept,GSM615364,4,0,0.18672199170124482
GSE25055,5,intercept,GSM615365,2,0,0.18672199170124482
GSE25055,5,intercept,GSM615366,2,0,0.18672199170124482
GSE25055,5,intercept,GSM615367,0,0,0.18333333333333332
GSE25055,5,intercept,GSM615368,1,0,0.18672199170124482
GSE25055,5,intercept,GSM615369,1,0,0.18672199170124482
GSE25055,5,intercept,GSM615370,1,0,0.18672199170124482
GSE25055,5,intercept,GSM615371,4,1,0.18672199170124482
GSE25055,5,intercept,GSM615372,0,0,0.18333333333333332
GSE25055,5,intercept,GSM615373,2,0,0.18672199170124482
GSE25055,5,intercept,GSM615374,1,0,0.18672199170124482
GSE25055,5,intercept,GSM615375,2,1,0.18672199170124482
GSE25055,5,intercept,GSM615376,2,0,0.18672199170124482
GSE25055,5,intercept,GSM615377,1,0,0.18672199170124482
GSE25055,5,intercept,GSM615378,3,0,0.18672199170124482
GSE25055,5,intercept,GSM615379,0,1,0.18333333333333332
GSE25055,5,intercept,GSM615380,4,0,0.18672199170124482
GSE25055,5,intercept,GSM615381,4,0,0.18672199170124482
GSE25055,5,intercept,GSM615382,4,0,0.18672199170124482
GSE25055,5,intercept,GSM615383,0,1,0.18333333333333332
GSE25055,5,intercept,GSM615384,4,0,0.18672199170124482
GSE25055,5,intercept,GSM615385,3,0,0.18672199170124482
GSE25055,5,intercept,GSM615386,1,0,0.18672199170124482
GSE25055,5,intercept,GSM615387,4,0,0.18672199170124482
GSE25055,5,intercept,GSM615388,4,0,0.18672199170124482
GSE25055,5,intercept,GSM615389,0,0,0.18333333333333332
GSE25055,5,intercept,GSM615390,0,0,0.18333333333333332
GSE25055,5,intercept,GSM615391,2,0,0.18672199170124482
GSE25055,5,intercept,GSM615392,0,0,0.18333333333333332
GSE25055,5,intercept,GSM615393,0,1,0.18333333333333332
GSE25055,5,intercept,GSM615394,0,1,0.18333333333333332
GSE25055,5,intercept,GSM615395,0,0,0.18333333333333332
GSE25055,5,intercept,GSM615396,0,1,0.18333333333333332
GSE25055,5,intercept,GSM615397,4,1,0.18672199170124482
GSE25055,5,intercept,GSM615398,0,0,0.18333333333333332
GSE25055,5,intercept,GSM615399,2,0,0.18672199170124482
GSE25055,5,intercept,GSM615400,1,0,0.18672199170124482
GSE25055,5,intercept,GSM615401,1,0,0.18672199170124482
GSE25055,5,intercept,GSM615402,3,0,0.18672199170124482
GSE25055,5,intercept,GSM615403,3,0,0.18672199170124482
GSE25055,5,intercept,GSM615404,4,0,0.18672199170124482
GSE25055,5,intercept,GSM615405,4,0,0.18672199170124482
GSE25055,5,clinical,GSM615096,1,0,0.0820500610720507
GSE25055,5,clinical,GSM615097,4,0,0.06956791959563871
GSE25055,5,clinical,GSM615098,2,0,0.40590246799531204
GSE25055,5,clinical,GSM615099,4,1,0.40757900218648385
GSE25055,5,clinical,GSM615100,3,0,0.09649081614287752
GSE25055,5,clinical,GSM615101,4,0,0.3276708315704779
GSE25055,5,clinical,GSM615102,0,0,0.3761466919546644
GSE25055,5,clinical,GSM615104,4,0,0.3660071516320628
GSE25055,5,clinical,GSM615106,4,0,0.3350409704672549
GSE25055,5,clinical,GSM615107,2,0,0.42380674956534864
GSE25055,5,clinical,GSM615108,1,0,0.07338401452540048
GSE25055,5,clinical,GSM615109,2,0,0.3012555194679199
GSE25055,5,clinical,GSM615111,0,0,0.3311108271758106
GSE25055,5,clinical,GSM615112,1,0,0.29205273088585837
GSE25055,5,clinical,GSM615113,3,0,0.37039538211017176
GSE25055,5,clinical,GSM615114,1,0,0.06779293029603005
GSE25055,5,clinical,GSM615115,3,0,0.36402563421359585
GSE25055,5,clinical,GSM615116,3,0,0.32000672193969226
GSE25055,5,clinical,GSM615117,3,0,0.09803812524719474
GSE25055,5,clinical,GSM615120,3,0,0.07021334725184918
GSE25055,5,clinical,GSM615121,4,0,0.09012600162673849
GSE25055,5,clinical,GSM615122,4,1,0.10387977157631628
GSE25055,5,clinical,GSM615123,1,1,0.06753266426434273
GSE25055,5,clinical,GSM615124,3,0,0.06087384887113075
GSE25055,5,clinical,GSM615125,3,0,0.08277456820195202
GSE25055,5,clinical,GSM615126,2,0,0.07052622056174415
GSE25055,5,clinical,GSM615127,4,0,0.04218556761648517
GSE25055,5,clinical,GSM615128,4,0,0.061085062752001484
GSE25055,5,clinical,GSM615129,2,0,0.05570058262311159
GSE25055,5,clinical,GSM615130,0,0,0.07478852627071365
GSE25055,5,clinical,GSM615131,0,0,0.05776878915411757
GSE25055,5,clinical,GSM615132,3,0,0.07771794993048592
GSE25055,5,clinical,GSM615133,1,0,0.06901984427597438
GSE25055,5,clinical,GSM615134,0,0,0.07671256430292524
GSE25055,5,clinical,GSM615135,2,0,0.3007203560983434
GSE25055,5,clinical,GSM615136,0,0,0.29768168863749467
GSE25055,5,clinical,GSM615137,4,1,0.09365866882885689
GSE25055,5,clinical,GSM615138,2,0,0.08608313471453527
GSE25055,5,clinical,GSM615139,3,1,0.3111260078093062
GSE25055,5,clinical,GSM615140,1,1,0.36397986292214585
GSE25055,5,clinical,GSM615142,1,0,0.06893153002789976
GSE25055,5,clinical,GSM615143,0,1,0.3592353409792512
GSE25055,5,clinical,GSM615144,4,0,0.044057031414027635
GSE25055,5,clinical,GSM615145,4,0,0.30479134792677115
GSE25055,5,clinical,GSM615146,1,1,0.36557315966972787
GSE25055,5,clinical,GSM615147,1,0,0.061717214843899026
GSE25055,5,clinical,GSM615148,3,0,0.384658648303977
GSE25055,5,clinical,GSM615149,0,0,0.3536727249018419
GSE25055,5,clinical,GSM615150,3,0,0.08232967270398474
GSE25055,5,clinical,GSM615151,4,0,0.38015241973616104
GSE25055,5,clinical,GSM615153,1,0,0.05845593478460429
GSE25055,5,clinical,GSM615154,0,1,0.3663358603434586
GSE25055,5,clinical,GSM615155,1,0,0.08881631740470339
GSE25055,5,clinical,GSM615156,4,0,0.42595394275487547
GSE25055,5,clinical,GSM615157,3,0,0.08013769401601242
GSE25055,5,clinical,GSM615158,2,0,0.048080047137784215
GSE25055,5,clinical,GSM615159,0,0,0.35182720098397885
GSE25055,5,clinical,GSM615160,4,0,0.4303965639911682
GSE25055,5,clinical,GSM615162,2,0,0.07272486750173762
GSE25055,5,clinical,GSM615164,0,1,0.36147112676199195
GSE25055,5,clinical,GSM615165,2,0,0.07086043054345097
GSE25055,5,clinical,GSM615166,4,0,0.08046183865504591
GSE25055,5,clinical,GSM615167,2,1,0.4450522282116324
GSE25055,5,clinical,GSM615168,3,0,0.07428092826499758
GSE25055,5,clinical,GSM615169,0,0,0.34048519174962993
GSE25055,5,clinical,GSM615170,2,0,0.06662787221128855
GSE25055,5,clinical,GSM615171,3,1,0.3690265472753373
GSE25055,5,clinical,GSM615172,4,0,0.04667577250450088
GSE25055,5,clinical,GSM615173,3,0,0.07743771322754608
GSE25055,5,clinical,GSM615174,1,0,0.07770482457364887
GSE25055,5,clinical,GSM615175,0,1,0.3599799294134865
GSE25055,5,clinical,GSM615176,2,0,0.06742316657748175
GSE25055,5,clinical,GSM615177,4,0,0.06178254735703683
GSE25055,5,clinical,GSM615178,1,0,0.3665305547443553
GSE25055,5,clinical,GSM615179,4,0,0.05206409992712308
GSE25055,5,clinical,GSM615180,0,0,0.07236445019060432
GSE25055,5,clinical,GSM615181,3,1,0.3425567072505242
GSE25055,5,clinical,GSM615182,2,0,0.22211331100977313
GSE25055,5,clinical,GSM615183,0,0,0.08780290288409948
GSE25055,5,clinical,GSM615184,1,0,0.32790896287116705
GSE25055,5,clinical,GSM615185,0,0,0.2810632575068001
GSE25055,5,clinical,GSM615186,2,1,0.05914137533670661
GSE25055,5,clinical,GSM615187,1,0,0.057182395840470815
GSE25055,5,clinical,GSM615188,1,0,0.298347303770976
GSE25055,5,clinical,GSM615189,1,0,0.28696110383567314
GSE25055,5,clinical,GSM615190,2,0,0.4287834052509339
GSE25055,5,clinical,GSM615191,2,1,0.4287834052509339
GSE25055,5,clinical,GSM615192,4,0,0.06005262870903762
GSE25055,5,clinical,GSM615193,1,1,0.3620718398229809
GSE25055,5,clinical,GSM615194,4,1,0.27192737555030794
GSE25055,5,clinical,GSM615195,4,0,0.4957175348284339
GSE25055,5,clinical,GSM615196,0,0,0.05856586624902063
GSE25055,5,clinical,GSM615197,3,0,0.26808234999133523
GSE25055,5,clinical,GSM615198,1,0,0.06423257404930342
GSE25055,5,clinical,GSM615199,4,0,0.08647463419102985
GSE25055,5,clinical,GSM615200,3,0,0.07577565216197299
GSE25055,5,clinical,GSM615201,3,1,0.08750135999220061
GSE25055,5,clinical,GSM615202,1,1,0.3557433720155129
GSE25055,5,clinical,GSM615203,3,0,0.04874801689106127
GSE25055,5,clinical,GSM615204,1,0,0.07394707531799932
GSE25055,5,clinical,GSM615205,4,0,0.03680181435721221
GSE25055,5,clinical,GSM615206,2,0,0.06506335937744911
GSE25055,5,clinical,GSM615207,2,0,0.07324114324274666
GSE25055,5,clinical,GSM615208,0,0,0.05182910146939949
GSE25055,5,clinical,GSM615209,4,1,0.302872350884133
GSE25055,5,clinical,GSM615210,1,0,0.050863984637919
GSE25055,5,clinical,GSM615211,0,1,0.38836173969458637
GSE25055,5,clinical,GSM615212,2,1,0.36201824851390135
GSE25055,5,clinical,GSM615213,3,1,0.3251411684379421
GSE25055,5,clinical,GSM615214,0,0,0.06512599070427624
GSE25055,5,clinical,GSM615215,4,1,0.38443725502509757
GSE25055,5,clinical,GSM615216,4,0,0.04915863594253408
GSE25055,5,clinical,GSM615217,1,0,0.068491526428364
GSE25055,5,clinical,GSM615218,3,0,0.3123864017520585
GSE25055,5,clinical,GSM615219,0,0,0.08275980877382401
GSE25055,5,clinical,GSM615220,2,0,0.09464984292997973
GSE25055,5,clinical,GSM615221,1,0,0.08184314108418766
GSE25055,5,clinical,GSM615222,0,0,0.07128671382024315
GSE25055,5,clinical,GSM615223,2,0,0.3109801259458162
GSE25055,5,clinical,GSM615224,4,0,0.05836813458076017
GSE25055,5,clinical,GSM615225,1,0,0.3012341076098859
GSE25055,5,clinical,GSM615226,4,0,0.04915863594253408
GSE25055,5,clinical,GSM615227,1,0,0.068491526428364
GSE25055,5,clinical,GSM615228,1,0,0.07780343978632405
GSE25055,5,clinical,GSM615229,1,0,0.33706502721284887
GSE25055,5,clinical,GSM615230,1,0,0.08081565525756974
GSE25055,5,clinical,GSM615231,3,0,0.07577565216197299
GSE25055,5,clinical,GSM615232,4,0,0.05206409992712308
GSE25055,5,clinical,GSM615233,0,0,0.049496873577329056
GSE25055,5,clinical,GSM615234,3,0,0.08144640655156114
GSE25055,5,clinical,GSM615235,2,0,0.040162057153729544
GSE25055,5,clinical,GSM615236,3,0,0.050596423182109794
GSE25055,5,clinical,GSM615237,4,0,0.0711503158688651
GSE25055,5,clinical,GSM615238,0,0,0.07568836803064875
GSE25055,5,clinical,GSM615239,0,0,0.07345719138831291
GSE25055,5,clinical,GSM615240,1,1,0.33706502721284887
GSE25055,5,clinical,GSM615241,4,0,0.04255367780737233
GSE25055,5,clinical,GSM615242,1,1,0.3432382440687521
GSE25055,5,clinical,GSM615243,0,0,0.07345719138831291
GSE25055,5,clinical,GSM615244,2,0,0.34458592275491784
GSE25055,5,clinical,GSM615245,2,0,0.08429909158339682
GSE25055,5,clinical,GSM615246,4,0,0.11977535480524487
GSE25055,5,clinical,GSM615247,0,0,0.08033829521561281
GSE25055,5,clinical,GSM615248,1,0,0.07780343978632405
GSE25055,5,clinical,GSM615249,3,0,0.05449396493103059
GSE25055,5,clinical,GSM615250,2,0,0.2792553182279649
GSE25055,5,clinical,GSM615251,1,0,0.34946492160693693
GSE25055,5,clinical,GSM615252,1,0,0.06675741770446338
GSE25055,5,clinical,GSM615253,0,0,0.07915193600889325
GSE25055,5,clinical,GSM615254,4,0,0.06355892956068908
GSE25055,5,clinical,GSM615255,4,0,0.42078599996183724
GSE25055,5,clinical,GSM615256,4,1,0.06005262870903762
GSE25055,5,clinical,GSM615257,2,0,0.0487833890925815
GSE25055,5,clinical,GSM615258,3,0,0.06794698171967523
GSE25055,5,clinical,GSM615259,0,0,0.05768085620543658
GSE25055,5,clinical,GSM615260,3,0,0.06671737428121369
GSE25055,5,clinical,GSM615261,1,0,0.06341090797915538
GSE25055,5,clinical,GSM615262,4,0,0.07738443673834297
GSE25055,5,clinical,GSM615263,3,1,0.2917521148953209
GSE25055,5,clinical,GSM615264,2,1,0.3798213958953537
GSE25055,5,clinical,GSM615265,3,0,0.2837265630429846
GSE25055,5,clinical,GSM615266,2,0,0.04761651276095324
GSE25055,5,clinical,GSM615267,4,0,0.07738443673834297
GSE25055,5,clinical,GSM615268,0,0,0.0865166833281051
GSE25055,5,clinical,GSM615269,0,0,0.08033829521561281
GSE25055,5,clinical,GSM615270,1,1,0.36844850335273216
GSE25055,5,clinical,GSM615271,1,0,0.07585276487714075
GSE25055,5,clinical,GSM615272,2,0,0.04427301883880683
GSE25055,5,clinical,GSM615273,2,0,0.06353308280916006
GSE25055,5,clinical,GSM615274,0,0,0.05262934131160166
GSE25055,5,clinical,GSM615275,3,0,0.2958145643458795
GSE25055,5,clinical,GSM615276,0,0,0.32540732391462396
GSE25055,5,clinical,GSM615277,4,0,0.06178254735703683
GSE25055,5,clinical,GSM615278,0,0,0.07236445019060432
GSE25055,5,clinical,GSM615279,4,0,0.06178254735703683
GSE25055,5,clinical,GSM615280,0,1,0.07915193600889325
GSE25055,5,clinical,GSM615281,4,0,0.07317503462612805
GSE25055,5,clinical,GSM615282,1,0,0.06179689966762471
GSE25055,5,clinical,GSM615283,2,0,0.051198980383635
GSE25055,5,clinical,GSM615284,1,1,0.3309468899136007
GSE25055,5,clinical,GSM615285,3,0,0.082923352090326
GSE25055,5,clinical,GSM615286,2,0,0.04536186302152714
GSE25055,5,clinical,GSM615287,0,0,0.33254457227525536
GSE25055,5,clinical,GSM615288,2,0,0.4225649557470079
GSE25055,5,clinical,GSM615289,3,0,0.0799934722805863
GSE25055,5,clinical,GSM615290,1,0,0.057182395840470815
GSE25055,5,clinical,GSM615291,0,1,0.30107255578710473
GSE25055,5,clinical,GSM615292,3,0,0.07856424024401011
GSE25055,5,clinical,GSM615293,1,1,0.3911185732718536
GSE25055,5,clinical,GSM615294,0,0,0.07456510717294794
GSE25055,5,clinical,GSM615295,3,0,0.3251411684379421
GSE25055,5,clinical,GSM615296,0,0,0.07345719138831291
GSE25055,5,clinical,GSM615297,2,0,0.3055562378345802
GSE25055,5,clinical,GSM615298,3,0,0.08907745782272083
GSE25055,5,clinical,GSM615299,0,0,0.07236445019060432
GSE25055,5,clinical,GSM615300,4,1,0.29652541114771885
GSE25055,5,clinical,GSM615301,2,0,0.28440354245074384
GSE25055,5,clinical,GSM615302,1,0,0.06590572844652387
GSE25055,5,clinical,GSM615303,3,0,0.2642578294113074
GSE25055,5,clinical,GSM615304,3,0,0.06550845458414671
GSE25055,5,clinical,GSM615305,3,0,0.09067912359474915
GSE25055,5,clinical,GSM615306,0,0,0.06129785543915427
GSE25055,5,clinical,GSM615307,3,1,0.42090740993366244
GSE25055,5,clinical,GSM615308,3,0,0.07307819330849409
GSE25055,5,clinical,GSM615309,1,0,0.07489434970292574
GSE25055,5,clinical,GSM615310,2,1,0.04320912776457673
GSE25055,5,clinical,GSM615311,3,0,0.09908191558846713
GSE25055,5,clinical,GSM615312,2,0,0.34458592275491784
GSE25055,5,clinical,GSM615313,4,0,0.06178254735703683
GSE25055,5,clinical,GSM615314,0,0,0.050263012770941015
GSE25055,5,clinical,GSM615315,3,0,0.42090740993366244
GSE25055,5,clinical,GSM615316,2,0,0.040162057153729544
GSE25055,5,clinical,GSM615317,1,0,0.3401448502463753
GSE25055,5,clinical,GSM615318,2,0,0.06506335937744911
GSE25055,5,clinical,GSM615319,4,0,0.260119173674905
GSE25055,5,clinical,GSM615320,0,0,0.36934321919632845
GSE25055,5,clinical,GSM615321,3,0,0.33816060056114344
GSE25055,5,clinical,GSM615322,0,0,0.32540732391462396
GSE25055,5,clinical,GSM615323,1,0,0.3878484938982835
GSE25055,5,clinical,GSM615324,3,1,0.3425567072505242
GSE25055,5,clinical,GSM615325,2,1,0.39187586285506704
GSE25055,5,clinical,GSM615326,1,0,0.06423257404930342
GSE25055,5,clinical,GSM615327,3,0,0.27583579829259913
GSE25055,5,clinical,GSM615328,0,0,0.07456510717294794
GSE25055,5,clinical,GSM615329,4,0,0.07957136178638897
GSE25055,5,clinical,GSM615330,2,0,0.26913199460607334
GSE25055,5,clinical,GSM615331,1,1,0.06100435965953552
GSE25055,5,clinical,GSM615332,0,0,0.054264947096037075
GSE25055,5,clinical,GSM615333,2,0,0.36201824851390135
GSE25055,5,clinical,GSM615334,3,1,0.2917521148953209
GSE25055,5,clinical,GSM615335,4,0,0.33571505734720714
GSE25055,5,clinical,GSM615336,3,1,0.3425567072505242
GSE25055,5,clinical,GSM615337,2,0,0.06662787221128855
GSE25055,5,clinical,GSM615338,4,1,0.29652541114771885
GSE25055,5,clinical,GSM615339,1,0,0.06341090797915538
GSE25055,5,clinical,GSM615340,0,0,0.06917558036939198
GSE25055,5,clinical,GSM615341,3,0,0.07856424024401011
GSE25055,5,clinical,GSM615342,2,0,0.39187586285506704
GSE25055,5,clinical,GSM615343,4,0,0.10759689560640322
GSE25055,5,clinical,GSM615344,3,0,0.3040369034849467
GSE25055,5,clinical,GSM615345,1,0,0.2897832364098815
GSE25055,5,clinical,GSM615346,3,0,0.3740557542746509
GSE25055,5,clinical,GSM615347,3,0,0.24931344587378954
GSE25055,5,clinical,GSM615348,2,0,0.4538637005001474
GSE25055,5,clinical,GSM615349,2,0,0.060572714021339215
GSE25055,5,clinical,GSM615350,0,0,0.30107255578710473
GSE25055,5,clinical,GSM615351,1,0,0.06761931646256253
GSE25055,5,clinical,GSM615352,4,0,0.031801590989976494
GSE25055,5,clinical,GSM615353,2,1,0.06662787221128855
GSE25055,5,clinical,GSM615354,3,1,0.3559057269959235
GSE25055,5,clinical,GSM615355,2,0,0.06506335937744911
GSE25055,5,clinical,GSM615356,0,0,0.358119729489438
GSE25055,5,clinical,GSM615357,2,1,0.33318912282739344
GSE25055,5,clinical,GSM615358,2,0,0.03824620241729651
GSE25055,5,clinical,GSM615359,2,1,0.34458592275491784
GSE25055,5,clinical,GSM615360,3,0,0.07046943693947266
GSE25055,5,clinical,GSM615361,1,0,0.05868342123386433
GSE25055,5,clinical,GSM615362,3,0,0.07176287802733672
GSE25055,5,clinical,GSM615363,2,0,0.4350244236338793
GSE25055,5,clinical,GSM615364,4,0,0.4580143646797978
GSE25055,5,clinical,GSM615365,2,0,0.04427301883880683
GSE25055,5,clinical,GSM615366,2,0,0.06662787221128855
GSE25055,5,clinical,GSM615367,0,0,0.07022381328000801
GSE25055,5,clinical,GSM615368,1,0,0.40098658386803815
GSE25055,5,clinical,GSM615369,1,0,0.3309468899136007
GSE25055,5,clinical,GSM615370,1,0,0.08393387659691928
GSE25055,5,clinical,GSM615371,4,1,0.2375214977446225
GSE25055,5,clinical,GSM615372,0,0,0.3731167107624238
GSE25055,5,clinical,GSM615373,2,0,0.0698621669748399
GSE25055,5,clinical,GSM615374,1,0,0.06506414746844817
GSE25055,5,clinical,GSM615375,2,1,0.22211331100977313
GSE25055,5,clinical,GSM615376,2,0,0.34458592275491784
GSE25055,5,clinical,GSM615377,1,0,0.07117104768789316
GSE25055,5,clinical,GSM615378,3,0,0.3786515264821168
GSE25055,5,clinical,GSM615379,0,1,0.29096650027350685
GSE25055,5,clinical,GSM615380,4,0,0.4134335027640714
GSE25055,5,clinical,GSM615381,4,0,0.043803000497700015
GSE25055,5,clinical,GSM615382,4,0,0.2840658116096593
GSE25055,5,clinical,GSM615383,0,1,0.06814184771754647
GSE25055,5,clinical,GSM615384,4,0,0.29652541114771885
GSE25055,5,clinical,GSM615385,3,0,0.3972461072046526
GSE25055,5,clinical,GSM615386,1,0,0.07117104768789316
GSE25055,5,clinical,GSM615387,4,0,0.42817380587787957
GSE25055,5,clinical,GSM615388,4,0,0.08181460993972518
GSE25055,5,clinical,GSM615389,0,0,0.0661172180430581
GSE25055,5,clinical,GSM615390,0,0,0.3470496131058995
GSE25055,5,clinical,GSM615391,2,0,0.049977359993657565
GSE25055,5,clinical,GSM615392,0,0,0.2810632575068001
GSE25055,5,clinical,GSM615393,0,1,0.358119729489438
GSE25055,5,clinical,GSM615394,0,1,0.29096650027350685
GSE25055,5,clinical,GSM615395,0,0,0.05594838205592788
GSE25055,5,clinical,GSM615396,0,1,0.3999424693538038
GSE25055,5,clinical,GSM615397,4,1,0.29652541114771885
GSE25055,5,clinical,GSM615398,0,0,0.07022381328000801
GSE25055,5,clinical,GSM615399,2,0,0.05914137533670661
GSE25055,5,clinical,GSM615400,1,0,0.052208337411753146
GSE25055,5,clinical,GSM615401,1,0,0.05358621585078263
GSE25055,5,clinical,GSM615402,3,0,0.07856424024401011
GSE25055,5,clinical,GSM615403,3,0,0.33816060056114344
GSE25055,5,clinical,GSM615404,4,0,0.04015646488390082
GSE25055,5,clinical,GSM615405,4,0,0.2902560986498227
GSE25055,5,score,GSM615096,1,0,0.06261210093740971
GSE25055,5,score,GSM615097,4,0,0.0548231642938018
GSE25055,5,score,GSM615098,2,0,0.3102348123111359
GSE25055,5,score,GSM615099,4,1,0.4624052843802513
GSE25055,5,score,GSM615100,3,0,0.2335053292402951
GSE25055,5,score,GSM615101,4,0,0.3361663345277194
GSE25055,5,score,GSM615102,0,0,0.28021237195187804
GSE25055,5,score,GSM615104,4,0,0.17154845846287245
GSE25055,5,score,GSM615106,4,0,0.09752048998215447
GSE25055,5,score,GSM615107,2,0,0.2744187219252332
GSE25055,5,score,GSM615108,1,0,0.17788109099099075
GSE25055,5,score,GSM615109,2,0,0.43800443875937006
GSE25055,5,score,GSM615111,0,0,0.12593117380464766
GSE25055,5,score,GSM615112,1,0,0.3519086902668315
GSE25055,5,score,GSM615113,3,0,0.29417886395994625
GSE25055,5,score,GSM615114,1,0,0.07295625233872535
GSE25055,5,score,GSM615115,3,0,0.18656167814799046
GSE25055,5,score,GSM615116,3,0,0.13219995899061157
GSE25055,5,score,GSM615117,3,0,0.358945059880554
GSE25055,5,score,GSM615120,3,0,0.06553655323483677
GSE25055,5,score,GSM615121,4,0,0.06075949937897905
GSE25055,5,score,GSM615122,4,1,0.0450731577753978
GSE25055,5,score,GSM615123,1,1,0.4863482261844003
GSE25055,5,score,GSM615124,3,0,0.14207464101012215
GSE25055,5,score,GSM615125,3,0,0.06995965418791124
GSE25055,5,score,GSM615126,2,0,0.1486755484056566
GSE25055,5,score,GSM615127,4,0,0.12510294281690681
GSE25055,5,score,GSM615128,4,0,0.06585076906416099
GSE25055,5,score,GSM615129,2,0,0.0861185558962953
GSE25055,5,score,GSM615130,0,0,0.07162299076217636
GSE25055,5,score,GSM615131,0,0,0.11274519328382504
GSE25055,5,score,GSM615132,3,0,0.09655393267621971
GSE25055,5,score,GSM615133,1,0,0.05985034031097193
GSE25055,5,score,GSM615134,0,0,0.04846835539928229
GSE25055,5,score,GSM615135,2,0,0.16347587906647237
GSE25055,5,score,GSM615136,0,0,0.31641768701029216
GSE25055,5,score,GSM615137,4,1,0.13862524974402382
GSE25055,5,score,GSM615138,2,0,0.09166611988484949
GSE25055,5,score,GSM615139,3,1,0.545246942446529
GSE25055,5,score,GSM615140,1,1,0.21691090127891027
GSE25055,5,score,GSM615142,1,0,0.09756109912414848
GSE25055,5,score,GSM615143,0,1,0.22920959626259188
GSE25055,5,score,GSM615144,4,0,0.097165682647001
GSE25055,5,score,GSM615145,4,0,0.6540845904049692
GSE25055,5,score,GSM615146,1,1,0.2256709076861083
GSE25055,5,score,GSM615147,1,0,0.10290464711958693
GSE25055,5,score,GSM615148,3,0,0.2446594190723551
GSE25055,5,score,GSM615149,0,0,0.14993206664506295
GSE25055,5,score,GSM615150,3,0,0.0638373288716797
GSE25055,5,score,GSM615151,4,0,0.26242010493522056
GSE25055,5,score,GSM615153,1,0,0.168307210692385
GSE25055,5,score,GSM615154,0,1,0.1483518979996537
GSE25055,5,score,GSM615155,1,0,0.30183578097863195
GSE25055,5,score,GSM615156,4,0,0.14106309855947355
GSE25055,5,score,GSM615157,3,0,0.06346266119376653
GSE25055,5,score,GSM615158,2,0,0.08412162859700412
GSE25055,5,score,GSM615159,0,0,0.06418921710247688
GSE25055,5,score,GSM615160,4,0,0.1981775856773968
GSE25055,5,score,GSM615162,2,0,0.04437331934737769
GSE25055,5,score,GSM615164,0,1,0.47838002218474185
GSE25055,5,score,GSM615165,2,0,0.08132822352375728
GSE25055,5,score,GSM615166,4,0,0.19083329879801356
GSE25055,5,score,GSM615167,2,1,0.06652353527414961
GSE25055,5,score,GSM615168,3,0,0.07344405596921877
GSE25055,5,score,GSM615169,0,0,0.24466984548225534
GSE25055,5,score,GSM615170,2,0,0.06071902256539452
GSE25055,5,score,GSM615171,3,1,0.15371138740412987
GSE25055,5,score,GSM615172,4,0,0.07141103869804363
GSE25055,5,score,GSM615173,3,0,0.08087086392402673
GSE25055,5,score,GSM615174,1,0,0.16884698275384155
GSE25055,5,score,GSM615175,0,1,0.3213598409937701
GSE25055,5,score,GSM615176,2,0,0.0651123713619232
GSE25055,5,score,GSM615177,4,0,0.12526087347352352
GSE25055,5,score,GSM615178,1,0,0.19658999065453894
GSE25055,5,score,GSM615179,4,0,0.11652527678709114
GSE25055,5,score,GSM615180,0,0,0.14704542766915862
GSE25055,5,score,GSM615181,3,1,0.2554862679721262
GSE25055,5,score,GSM615182,2,0,0.3219502177483481
GSE25055,5,score,GSM615183,0,0,0.04905880150797969
GSE25055,5,score,GSM615184,1,0,0.5199762055938542
GSE25055,5,score,GSM615185,0,0,0.15192630137094107
GSE25055,5,score,GSM615186,2,1,0.06709248863711971
GSE25055,5,score,GSM615187,1,0,0.18216092626646843
GSE25055,5,score,GSM615188,1,0,0.1781400959072254
GSE25055,5,score,GSM615189,1,0,0.20879882022361626
GSE25055,5,score,GSM615190,2,0,0.27144956420415206
GSE25055,5,score,GSM615191,2,1,0.5806649632248295
GSE25055,5,score,GSM615192,4,0,0.07352525816191052
GSE25055,5,score,GSM615193,1,1,0.228660087108765
GSE25055,5,score,GSM615194,4,1,0.4721019671058115
GSE25055,5,score,GSM615195,4,0,0.48888898050178137
GSE25055,5,score,GSM615196,0,0,0.27635207806715745
GSE25055,5,score,GSM615197,3,0,0.37509828620001995
GSE25055,5,score,GSM615198,1,0,0.06204498940190065
GSE25055,5,score,GSM615199,4,0,0.12643016129574483
GSE25055,5,score,GSM615200,3,0,0.34093857667040034
GSE25055,5,score,GSM615201,3,1,0.28743294459410756
GSE25055,5,score,GSM615202,1,1,0.49677834294372863
GSE25055,5,score,GSM615203,3,0,0.040240727819654334
GSE25055,5,score,GSM615204,1,0,0.050941537143968735
GSE25055,5,score,GSM615205,4,0,0.09383130408244345
GSE25055,5,score,GSM615206,2,0,0.059635104641935846
GSE25055,5,score,GSM615207,2,0,0.04843915039942394
GSE25055,5,score,GSM615208,0,0,0.06463370635453744
GSE25055,5,score,GSM615209,4,1,0.4332164985186458
GSE25055,5,score,GSM615210,1,0,0.038072576738670726
GSE25055,5,score,GSM615211,0,1,0.48017788575097836
GSE25055,5,score,GSM615212,2,1,0.07407335974605463
GSE25055,5,score,GSM615213,3,1,0.291566289402478
GSE25055,5,score,GSM615214,0,0,0.026444178216647206
GSE25055,5,score,GSM615215,4,1,0.17415928282061946
GSE25055,5,score,GSM615216,4,0,0.18385579526801074
GSE25055,5,score,GSM615217,1,0,0.10222483675002558
GSE25055,5,score,GSM615218,3,0,0.19240096271927107
GSE25055,5,score,GSM615219,0,0,0.1302423349248764
GSE25055,5,score,GSM615220,2,0,0.01746789923427948
GSE25055,5,score,GSM615221,1,0,0.11971101501882477
GSE25055,5,score,GSM615222,0,0,0.03792140223482595
GSE25055,5,score,GSM615223,2,0,0.07658995486457151
GSE25055,5,score,GSM615224,4,0,0.017999078032992194
GSE25055,5,score,GSM615225,1,0,0.20448974415215354
GSE25055,5,score,GSM615226,4,0,0.030792208525679883
GSE25055,5,score,GSM615227,1,0,0.18161006753571188
GSE25055,5,score,GSM615228,1,0,0.1234815803826913
GSE25055,5,score,GSM615229,1,0,0.02711330196879391
GSE25055,5,score,GSM615230,1,0,0.0381714199652015
GSE25055,5,score,GSM615231,3,0,0.05869425237899601
GSE25055,5,score,GSM615232,4,0,0.03533707985050399
GSE25055,5,score,GSM615233,0,0,0.02757870759615484
GSE25055,5,score,GSM615234,3,0,0.08471957898011163
GSE25055,5,score,GSM615235,2,0,0.3850532815481142
GSE25055,5,score,GSM615236,3,0,0.15130028934328882
GSE25055,5,score,GSM615237,4,0,0.04818974372465479
GSE25055,5,score,GSM615238,0,0,0.0282811086072327
GSE25055,5,score,GSM615239,0,0,0.14455868517159026
GSE25055,5,score,GSM615240,1,1,0.050271720021462324
GSE25055,5,score,GSM615241,4,0,0.11663245123882811
GSE25055,5,score,GSM615242,1,1,0.317853627364248
GSE25055,5,score,GSM615243,0,0,0.04410185179558633
GSE25055,5,score,GSM615244,2,0,0.0659810068237384
GSE25055,5,score,GSM615245,2,0,0.25007832913825345
GSE25055,5,score,GSM615246,4,0,0.1526646027859909
GSE25055,5,score,GSM615247,0,0,0.125292764872827
GSE25055,5,score,GSM615248,1,0,0.45757317612708986
GSE25055,5,score,GSM615249,3,0,0.10078228817068814
GSE25055,5,score,GSM615250,2,0,0.4122347948788806
GSE25055,5,score,GSM615251,1,0,0.3044810071363702
GSE25055,5,score,GSM615252,1,0,0.03979516266704351
GSE25055,5,score,GSM615253,0,0,0.11388377920753515
GSE25055,5,score,GSM615254,4,0,0.06393668213422343
GSE25055,5,score,GSM615255,4,0,0.16214183641680735
GSE25055,5,score,GSM615256,4,1,0.2310886688290044
GSE25055,5,score,GSM615257,2,0,0.020806553088597173
GSE25055,5,score,GSM615258,3,0,0.17437287946036983
GSE25055,5,score,GSM615259,0,0,0.04804778790776847
GSE25055,5,score,GSM615260,3,0,0.40606058918731963
GSE25055,5,score,GSM615261,1,0,0.16917957664862673
GSE25055,5,score,GSM615262,4,0,0.03832703811243475
GSE25055,5,score,GSM615263,3,1,0.3206807178389446
GSE25055,5,score,GSM615264,2,1,0.09558228380210387
GSE25055,5,score,GSM615265,3,0,0.10851596969538048
GSE25055,5,score,GSM615266,2,0,0.20002808814266673
GSE25055,5,score,GSM615267,4,0,0.09603552594880083
GSE25055,5,score,GSM615268,0,0,0.10274651732733477
GSE25055,5,score,GSM615269,0,0,0.0705441281197124
GSE25055,5,score,GSM615270,1,1,0.43887862021504415
GSE25055,5,score,GSM615271,1,0,0.32937153179370965
GSE25055,5,score,GSM615272,2,0,0.06926627953446142
GSE25055,5,score,GSM615273,2,0,0.18875434142411818
GSE25055,5,score,GSM615274,0,0,0.3892195132380466
GSE25055,5,score,GSM615275,3,0,0.3834270568843994
GSE25055,5,score,GSM615276,0,0,0.1512220439869735
GSE25055,5,score,GSM615277,4,0,0.11389244963892653
GSE25055,5,score,GSM615278,0,0,0.11144774918090551
GSE25055,5,score,GSM615279,4,0,0.083309605117923
GSE25055,5,score,GSM615280,0,1,0.29603654651759825
GSE25055,5,score,GSM615281,4,0,0.11517751036114854
GSE25055,5,score,GSM615282,1,0,0.1369892644438506
GSE25055,5,score,GSM615283,2,0,0.17155729127655106
GSE25055,5,score,GSM615284,1,1,0.31717952620072776
GSE25055,5,score,GSM615285,3,0,0.06894994716578838
GSE25055,5,score,GSM615286,2,0,0.36735487917236426
GSE25055,5,score,GSM615287,0,0,0.1669030267028364
GSE25055,5,score,GSM615288,2,0,0.3332856043891648
GSE25055,5,score,GSM615289,3,0,0.3343523160363605
GSE25055,5,score,GSM615290,1,0,0.4424228150727104
GSE25055,5,score,GSM615291,0,1,0.21464264501805935
GSE25055,5,score,GSM615292,3,0,0.12604642437088528
GSE25055,5,score,GSM615293,1,1,0.6050336377126743
GSE25055,5,score,GSM615294,0,0,0.21189319471281076
GSE25055,5,score,GSM615295,3,0,0.09708656089987584
GSE25055,5,score,GSM615296,0,0,0.12576232175560023
GSE25055,5,score,GSM615297,2,0,0.4602233932447111
GSE25055,5,score,GSM615298,3,0,0.11655924071221184
GSE25055,5,score,GSM615299,0,0,0.03953907432192023
GSE25055,5,score,GSM615300,4,1,0.1411079766734769
GSE25055,5,score,GSM615301,2,0,0.23222277997140156
GSE25055,5,score,GSM615302,1,0,0.13428073476208524
GSE25055,5,score,GSM615303,3,0,0.24806424790555726
GSE25055,5,score,GSM615304,3,0,0.06576561097437558
GSE25055,5,score,GSM615305,3,0,0.09790665362666874
GSE25055,5,score,GSM615306,0,0,0.06466457549495297
GSE25055,5,score,GSM615307,3,1,0.6049716438342995
GSE25055,5,score,GSM615308,3,0,0.07852830037155192
GSE25055,5,score,GSM615309,1,0,0.09688097912417629
GSE25055,5,score,GSM615310,2,1,0.606503912072444
GSE25055,5,score,GSM615311,3,0,0.05463421640852949
GSE25055,5,score,GSM615312,2,0,0.18291839509388838
GSE25055,5,score,GSM615313,4,0,0.038039429383068014
GSE25055,5,score,GSM615314,0,0,0.049238205775284656
GSE25055,5,score,GSM615315,3,0,0.38107852803719816
GSE25055,5,score,GSM615316,2,0,0.026109141418957364
GSE25055,5,score,GSM615317,1,0,0.3097725459406213
GSE25055,5,score,GSM615318,2,0,0.05413600806008198
GSE25055,5,score,GSM615319,4,0,0.12863087858359992
GSE25055,5,score,GSM615320,0,0,0.44810275988788933
GSE25055,5,score,GSM615321,3,0,0.2607098643717887
GSE25055,5,score,GSM615322,0,0,0.38629875843687284
GSE25055,5,score,GSM615323,1,0,0.054251147197633916
GSE25055,5,score,GSM615324,3,1,0.5676195558681979
GSE25055,5,score,GSM615325,2,1,0.44452789246077373
GSE25055,5,score,GSM615326,1,0,0.5429367453781998
GSE25055,5,score,GSM615327,3,0,0.27679809768049607
GSE25055,5,score,GSM615328,0,0,0.05570410642929745
GSE25055,5,score,GSM615329,4,0,0.04634008856232439
GSE25055,5,score,GSM615330,2,0,0.05431398502771255
GSE25055,5,score,GSM615331,1,1,0.0813849566039306
GSE25055,5,score,GSM615332,0,0,0.1899636534586994
GSE25055,5,score,GSM615333,2,0,0.1744213249242598
GSE25055,5,score,GSM615334,3,1,0.560650258361713
GSE25055,5,score,GSM615335,4,0,0.24661377889992464
GSE25055,5,score,GSM615336,3,1,0.4049054047519529
GSE25055,5,score,GSM615337,2,0,0.0933238353218071
GSE25055,5,score,GSM615338,4,1,0.2180403978133542
GSE25055,5,score,GSM615339,1,0,0.039351183483230676
GSE25055,5,score,GSM615340,0,0,0.07041103019215132
GSE25055,5,score,GSM615341,3,0,0.06508137761496904
GSE25055,5,score,GSM615342,2,0,0.08366379273172087
GSE25055,5,score,GSM615343,4,0,0.17845006319910195
GSE25055,5,score,GSM615344,3,0,0.0896884473121164
GSE25055,5,score,GSM615345,1,0,0.04197622466520689
GSE25055,5,score,GSM615346,3,0,0.3266313043350097
GSE25055,5,score,GSM615347,3,0,0.3032786815482317
GSE25055,5,score,GSM615348,2,0,0.2617704693296127
GSE25055,5,score,GSM615349,2,0,0.07603432486950308
GSE25055,5,score,GSM615350,0,0,0.13357519456563083
GSE25055,5,score,GSM615351,1,0,0.11614530526764086
GSE25055,5,score,GSM615352,4,0,0.026128145539375012
GSE25055,5,score,GSM615353,2,1,0.144288122754456
GSE25055,5,score,GSM615354,3,1,0.24772573861013458
GSE25055,5,score,GSM615355,2,0,0.17879384435687856
GSE25055,5,score,GSM615356,0,0,0.1048153728747762
GSE25055,5,score,GSM615357,2,1,0.42506120278315057
GSE25055,5,score,GSM615358,2,0,0.06406168654298017
GSE25055,5,score,GSM615359,2,1,0.4998777177655997
GSE25055,5,score,GSM615360,3,0,0.10130527493046237
GSE25055,5,score,GSM615361,1,0,0.173084428099749
GSE25055,5,score,GSM615362,3,0,0.07193022348323219
GSE25055,5,score,GSM615363,2,0,0.10258164878399804
GSE25055,5,score,GSM615364,4,0,0.332511556625718
GSE25055,5,score,GSM615365,2,0,0.0919122024526067
GSE25055,5,score,GSM615366,2,0,0.055799683094581436
GSE25055,5,score,GSM615367,0,0,0.10293365507988152
GSE25055,5,score,GSM615368,1,0,0.5066973649397312
GSE25055,5,score,GSM615369,1,0,0.10851923162100219
GSE25055,5,score,GSM615370,1,0,0.1392483773273707
GSE25055,5,score,GSM615371,4,1,0.24276110146039093
GSE25055,5,score,GSM615372,0,0,0.23907193489911002
GSE25055,5,score,GSM615373,2,0,0.15667123386043671
GSE25055,5,score,GSM615374,1,0,0.03465326382964972
GSE25055,5,score,GSM615375,2,1,0.7698919567881434
GSE25055,5,score,GSM615376,2,0,0.09107092806868254
GSE25055,5,score,GSM615377,1,0,0.024714432320568695
GSE25055,5,score,GSM615378,3,0,0.21687266354277351
GSE25055,5,score,GSM615379,0,1,0.12584966938998507
GSE25055,5,score,GSM615380,4,0,0.4927675866767922
GSE25055,5,score,GSM615381,4,0,0.02333704009477781
GSE25055,5,score,GSM615382,4,0,0.0703658522963781
GSE25055,5,score,GSM615383,0,1,0.044575093113900656
GSE25055,5,score,GSM615384,4,0,0.12173594720638078
GSE25055,5,score,GSM615385,3,0,0.05235247586316317
GSE25055,5,score,GSM615386,1,0,0.025927679198902077
GSE25055,5,score,GSM615387,4,0,0.11355638932447229
GSE25055,5,score,GSM615388,4,0,0.06538116372110321
GSE25055,5,score,GSM615389,0,0,0.07197451448936056
GSE25055,5,score,GSM615390,0,0,0.34083691569768654
GSE25055,5,score,GSM615391,2,0,0.06007318603957668
GSE25055,5,score,GSM615392,0,0,0.3243064927736458
GSE25055,5,score,GSM615393,0,1,0.11560432386978185
GSE25055,5,score,GSM615394,0,1,0.1352402613069382
GSE25055,5,score,GSM615395,0,0,0.03748135747640763
GSE25055,5,score,GSM615396,0,1,0.26837075828614365
GSE25055,5,score,GSM615397,4,1,0.2880240687680725
GSE25055,5,score,GSM615398,0,0,0.17088833726955202
GSE25055,5,score,GSM615399,2,0,0.08830762107653226
GSE25055,5,score,GSM615400,1,0,0.08027507791766296
GSE25055,5,score,GSM615401,1,0,0.18896308792886266
GSE25055,5,score,GSM615402,3,0,0.11500959199818137
GSE25055,5,score,GSM615403,3,0,0.3095848306208821
GSE25055,5,score,GSM615404,4,0,0.10531833913992894
GSE25055,5,score,GSM615405,4,0,0.4837254289981451
GSE25055,5,combined,GSM615096,1,0,0.05228511825453497
GSE25055,5,combined,GSM615097,4,0,0.03624062692334651
GSE25055,5,combined,GSM615098,2,0,0.438911428643604
GSE25055,5,combined,GSM615099,4,1,0.5907630776093508
GSE25055,5,combined,GSM615100,3,0,0.14555900758525364
GSE25055,5,combined,GSM615101,4,0,0.4037489502949781
GSE25055,5,combined,GSM615102,0,0,0.40784216042136856
GSE25055,5,combined,GSM615104,4,0,0.2909508954678277
GSE25055,5,combined,GSM615106,4,0,0.17899559288588654
GSE25055,5,combined,GSM615107,2,0,0.42489367106575465
GSE25055,5,combined,GSM615108,1,0,0.10450480637567172
GSE25055,5,combined,GSM615109,2,0,0.43909120426339715
GSE25055,5,combined,GSM615111,0,0,0.20581386590138878
GSE25055,5,combined,GSM615112,1,0,0.3566769048428713
GSE25055,5,combined,GSM615113,3,0,0.40777608209587307
GSE25055,5,combined,GSM615114,1,0,0.046877062889782925
GSE25055,5,combined,GSM615115,3,0,0.3095046458753728
GSE25055,5,combined,GSM615116,3,0,0.2196471040636655
GSE25055,5,combined,GSM615117,3,0,0.20711236503674083
GSE25055,5,combined,GSM615120,3,0,0.04329546689595082
GSE25055,5,combined,GSM615121,4,0,0.051791919506598366
GSE25055,5,combined,GSM615122,4,1,0.04819984671436548
GSE25055,5,combined,GSM615123,1,1,0.24329379141568921
GSE25055,5,combined,GSM615124,3,0,0.0651380225462998
GSE25055,5,combined,GSM615125,3,0,0.05336129730178271
GSE25055,5,combined,GSM615126,2,0,0.08026282995335861
GSE25055,5,combined,GSM615127,4,0,0.0412554675732915
GSE25055,5,combined,GSM615128,4,0,0.03636544324077017
GSE25055,5,combined,GSM615129,2,0,0.04511423336310689
GSE25055,5,combined,GSM615130,0,0,0.049875451107062325
GSE25055,5,combined,GSM615131,0,0,0.05405739789346213
GSE25055,5,combined,GSM615132,3,0,0.06265893497697807
GSE25055,5,combined,GSM615133,1,0,0.04107673090677071
GSE25055,5,combined,GSM615134,0,0,0.037812745167626
GSE25055,5,combined,GSM615135,2,0,0.23640592830384408
GSE25055,5,combined,GSM615136,0,0,0.3496308493218971
GSE25055,5,combined,GSM615137,4,1,0.10205638416541887
GSE25055,5,combined,GSM615138,2,0,0.06702320003839896
GSE25055,5,combined,GSM615139,3,1,0.5208753937595473
GSE25055,5,combined,GSM615140,1,1,0.32739697359415276
GSE25055,5,combined,GSM615142,1,0,0.06001662755883569
GSE25055,5,combined,GSM615143,0,1,0.34104627370229296
GSE25055,5,combined,GSM615144,4,0,0.03510284714211907
GSE25055,5,combined,GSM615145,4,0,0.6216668000327212
GSE25055,5,combined,GSM615146,1,1,0.33770340341992006
GSE25055,5,combined,GSM615147,1,0,0.05502317301235615
GSE25055,5,combined,GSM615148,3,0,0.38120438994461237
GSE25055,5,combined,GSM615149,0,0,0.2522816124126172
GSE25055,5,combined,GSM615150,3,0,0.04984597732253548
GSE25055,5,combined,GSM615151,4,0,0.3967440318454232
GSE25055,5,combined,GSM615153,1,0,0.07721856853795069
GSE25055,5,combined,GSM615154,0,1,0.26179670000936967
GSE25055,5,combined,GSM615155,1,0,0.20039951397968064
GSE25055,5,combined,GSM615156,4,0,0.3086509627670972
GSE25055,5,combined,GSM615157,3,0,0.048322021389977064
GSE25055,5,combined,GSM615158,2,0,0.039419437094754095
GSE25055,5,combined,GSM615159,0,0,0.1392661695974596
GSE25055,5,combined,GSM615160,4,0,0.3825684568677928
GSE25055,5,combined,GSM615162,2,0,0.03561257383861549
GSE25055,5,combined,GSM615164,0,1,0.5542399730098503
GSE25055,5,combined,GSM615165,2,0,0.05268360308198857
GSE25055,5,combined,GSM615166,4,0,0.11327745159912324
GSE25055,5,combined,GSM615167,2,1,0.20578234417298263
GSE25055,5,combined,GSM615168,3,0,0.04953901205331773
GSE25055,5,combined,GSM615169,0,0,0.33582090731752573
GSE25055,5,combined,GSM615170,2,0,0.04099486393789478
GSE25055,5,combined,GSM615171,3,1,0.2811258858210313
GSE25055,5,combined,GSM615172,4,0,0.029162775534374314
GSE25055,5,combined,GSM615173,3,0,0.05518791771824291
GSE25055,5,combined,GSM615174,1,0,0.10677035329833982
GSE25055,5,combined,GSM615175,0,1,0.4261906251905375
GSE25055,5,combined,GSM615176,2,0,0.043420665239068255
GSE25055,5,combined,GSM615177,4,0,0.06129390942026749
GSE25055,5,combined,GSM615178,1,0,0.3097997826524377
GSE25055,5,combined,GSM615179,4,0,0.0484011707990163
GSE25055,5,combined,GSM615180,0,0,0.08570332590880739
GSE25055,5,combined,GSM615181,3,1,0.3493998580814593
GSE25055,5,combined,GSM615182,2,0,0.28801951730468134
GSE25055,5,combined,GSM615183,0,0,0.04445593817565185
GSE25055,5,combined,GSM615184,1,0,0.5317379995226713
GSE25055,5,combined,GSM615185,0,0,0.191866480053559
GSE25055,5,combined,GSM615186,2,1,0.03982882123941064
GSE25055,5,combined,GSM615187,1,0,0.08052234784257749
GSE25055,5,combined,GSM615188,1,0,0.22275738800065156
GSE25055,5,combined,GSM615189,1,0,0.23785723723545837
GSE25055,5,combined,GSM615190,2,0,0.426412991953677
GSE25055,5,combined,GSM615191,2,1,0.6415056650829609
GSE25055,5,combined,GSM615192,4,0,0.038929880896637875
GSE25055,5,combined,GSM615193,1,1,0.33666628942734467
GSE25055,5,combined,GSM615194,4,1,0.4414838123844475
GSE25055,5,combined,GSM615195,4,0,0.6934784735286016
GSE25055,5,combined,GSM615196,0,0,0.1191676837187902
GSE25055,5,combined,GSM615197,3,0,0.35763527943681656
GSE25055,5,combined,GSM615198,1,0,0.03877005193123323
GSE25055,5,combined,GSM615199,4,0,0.08742311709990083
GSE25055,5,combined,GSM615200,3,0,0.15861399169648596
GSE25055,5,combined,GSM615201,3,1,0.15646546254707003
GSE25055,5,combined,GSM615202,1,1,0.5498977668442951
GSE25055,5,combined,GSM615203,3,0,0.021512502331703327
GSE25055,5,combined,GSM615204,1,0,0.039413640443145645
GSE25055,5,combined,GSM615205,4,0,0.028282686245671585
GSE25055,5,combined,GSM615206,2,0,0.039712875209301834
GSE25055,5,combined,GSM615207,2,0,0.03800852824381168
GSE25055,5,combined,GSM615208,0,0,0.03063201953902582
GSE25055,5,combined,GSM615209,4,1,0.4507879436836298
GSE25055,5,combined,GSM615210,1,0,0.02011501762575909
GSE25055,5,combined,GSM615211,0,1,0.5859882923159498
GSE25055,5,combined,GSM615212,2,1,0.17522742117948684
GSE25055,5,combined,GSM615213,3,1,0.36010923342099316
GSE25055,5,combined,GSM615214,0,0,0.019637991151141523
GSE25055,5,combined,GSM615215,4,1,0.3109554356514074
GSE25055,5,combined,GSM615216,4,0,0.06682667299319484
GSE25055,5,combined,GSM615217,1,0,0.061806301830094855
GSE25055,5,combined,GSM615218,3,0,0.2688775217041213
GSE25055,5,combined,GSM615219,0,0,0.08961708116138477
GSE25055,5,combined,GSM615220,2,0,0.02384666147302364
GSE25055,5,combined,GSM615221,1,0,0.08607395390847683
GSE25055,5,combined,GSM615222,0,0,0.028767082834142622
GSE25055,5,combined,GSM615223,2,0,0.15350209998359876
GSE25055,5,combined,GSM615224,4,0,0.012800001873444329
GSE25055,5,combined,GSM615225,1,0,0.24886098410730528
GSE25055,5,combined,GSM615226,4,0,0.016028231564195132
GSE25055,5,combined,GSM615227,1,0,0.09840853293753726
GSE25055,5,combined,GSM615228,1,0,0.08320672843732951
GSE25055,5,combined,GSM615229,1,0,0.06947872641271097
GSE25055,5,combined,GSM615230,1,0,0.03521606073697489
GSE25055,5,combined,GSM615231,3,0,0.04330768243021514
GSE25055,5,combined,GSM615232,4,0,0.018945290894418064
GSE25055,5,combined,GSM615233,0,0,0.014894580912718348
GSE25055,5,combined,GSM615234,3,0,0.05991604356397395
GSE25055,5,combined,GSM615235,2,0,0.11314360584968153
GSE25055,5,combined,GSM615236,3,0,0.05712938341932063
GSE25055,5,combined,GSM615237,4,0,0.03362042081782468
GSE25055,5,combined,GSM615238,0,0,0.024538955079917615
GSE25055,5,combined,GSM615239,0,0,0.08586951206822949
GSE25055,5,combined,GSM615240,1,1,0.10819637042896736
GSE25055,5,combined,GSM615241,4,0,0.039288481910361946
GSE25055,5,combined,GSM615242,1,1,0.3937521096494253
GSE25055,5,combined,GSM615243,0,0,0.033460951524365255
GSE25055,5,combined,GSM615244,2,0,0.15536807888727022
GSE25055,5,combined,GSM615245,2,0,0.13565886628023624
GSE25055,5,combined,GSM615246,4,0,0.1412860329496465
GSE25055,5,combined,GSM615247,0,0,0.08413732941940211
GSE25055,5,combined,GSM615248,1,0,0.2601358290973905
GSE25055,5,combined,GSM615249,3,0,0.045617561063740035
GSE25055,5,combined,GSM615250,2,0,0.401165512903755
GSE25055,5,combined,GSM615251,1,0,0.3900933861208892
GSE25055,5,combined,GSM615252,1,0,0.02884441242047027
GSE25055,5,combined,GSM615253,0,0,0.076685144817068
GSE25055,5,combined,GSM615254,4,0,0.03707053342907713
GSE25055,5,combined,GSM615255,4,0,0.33086761162045647
GSE25055,5,combined,GSM615256,4,1,0.09978085077198783
GSE25055,5,combined,GSM615257,2,0,0.015358773981384535
GSE25055,5,combined,GSM615258,3,0,0.08422761487580553
GSE25055,5,combined,GSM615259,0,0,0.0272832501577781
GSE25055,5,combined,GSM615260,3,0,0.16614877149880136
GSE25055,5,combined,GSM615261,1,0,0.08504618009272498
GSE25055,5,combined,GSM615262,4,0,0.030903189038939894
GSE25055,5,combined,GSM615263,3,1,0.34661205429971914
GSE25055,5,combined,GSM615264,2,1,0.21385075130450135
GSE25055,5,combined,GSM615265,3,0,0.16999188504011417
GSE25055,5,combined,GSM615266,2,0,0.07369487127426125
GSE25055,5,combined,GSM615267,4,0,0.06271851736753191
GSE25055,5,combined,GSM615268,0,0,0.07783266215188997
GSE25055,5,combined,GSM615269,0,0,0.0533647821914562
GSE25055,5,combined,GSM615270,1,1,0.5219368656676067
GSE25055,5,combined,GSM615271,1,0,0.18445815256251835
GSE25055,5,combined,GSM615272,2,0,0.03220121711427344
GSE25055,5,combined,GSM615273,2,0,0.08818058990610131
GSE25055,5,combined,GSM615274,0,0,0.15072388354504845
GSE25055,5,combined,GSM615275,3,0,0.3943202461245974
GSE25055,5,combined,GSM615276,0,0,0.22881659972119517
GSE25055,5,combined,GSM615277,4,0,0.056758958132282794
GSE25055,5,combined,GSM615278,0,0,0.06838097327678846
GSE25055,5,combined,GSM615279,4,0,0.04425424174057961
GSE25055,5,combined,GSM615280,0,1,0.17125065201602452
GSE25055,5,combined,GSM615281,4,0,0.06828783030384199
GSE25055,5,combined,GSM615282,1,0,0.06939548446327241
GSE25055,5,combined,GSM615283,2,0,0.06936027593250162
GSE25055,5,combined,GSM615284,1,1,0.3780939060605692
GSE25055,5,combined,GSM615285,3,0,0.05292656837776655
GSE25055,5,combined,GSM615286,2,0,0.11835717014894633
GSE25055,5,combined,GSM615287,0,0,0.25164438490605
GSE25055,5,combined,GSM615288,2,0,0.4700064708513609
GSE25055,5,combined,GSM615289,3,0,0.16361056336790614
GSE25055,5,combined,GSM615290,1,0,0.1863448549786205
GSE25055,5,combined,GSM615291,0,1,0.2673110692067364
GSE25055,5,combined,GSM615292,3,0,0.0764294828245444
GSE25055,5,combined,GSM615293,1,1,0.6699525441283494
GSE25055,5,combined,GSM615294,0,0,0.12019224217921118
GSE25055,5,combined,GSM615295,3,0,0.18544485319508072
GSE25055,5,combined,GSM615296,0,0,0.07663592691367246
GSE25055,5,combined,GSM615297,2,0,0.45796851529528143
GSE25055,5,combined,GSM615298,3,0,0.08171140663107843
GSE25055,5,combined,GSM615299,0,0,0.030223406918418703
GSE25055,5,combined,GSM615300,4,1,0.199255179751944
GSE25055,5,combined,GSM615301,2,0,0.28027434250997707
GSE25055,5,combined,GSM615302,1,0,0.07351977262619384
GSE25055,5,combined,GSM615303,3,0,0.2673402543173475
GSE25055,5,combined,GSM615304,3,0,0.04050770840312052
GSE25055,5,combined,GSM615305,3,0,0.07364229401377093
GSE25055,5,combined,GSM615306,0,0,0.03689748350322455
GSE25055,5,combined,GSM615307,3,1,0.6701530755054528
GSE25055,5,combined,GSM615308,3,0,0.051057551786749526
GSE25055,5,combined,GSM615309,1,0,0.06577050175921817
GSE25055,5,combined,GSM615310,2,1,0.19854077615747345
GSE25055,5,combined,GSM615311,3,0,0.05405201370030334
GSE25055,5,combined,GSM615312,2,0,0.2846883080410862
GSE25055,5,combined,GSM615313,4,0,0.0240891874366045
GSE25055,5,combined,GSM615314,0,0,0.023862718535798265
GSE25055,5,combined,GSM615315,3,0,0.5236093784905835
GSE25055,5,combined,GSM615316,2,0,0.015257340753670558
GSE25055,5,combined,GSM615317,1,0,0.38322142869498405
GSE25055,5,combined,GSM615318,2,0,0.03717654507202422
GSE25055,5,combined,GSM615319,4,0,0.15983161489474734
GSE25055,5,combined,GSM615320,0,0,0.5401264362541329
GSE25055,5,combined,GSM615321,3,0,0.34927500393291916
GSE25055,5,combined,GSM615322,0,0,0.43916814266779974
GSE25055,5,combined,GSM615323,1,0,0.142635090116507
GSE25055,5,combined,GSM615324,3,1,0.5702720788603102
GSE25055,5,combined,GSM615325,2,1,0.523314120269041
GSE25055,5,combined,GSM615326,1,0,0.2640107487085001
GSE25055,5,combined,GSM615327,3,0,0.29918902715311496
GSE25055,5,combined,GSM615328,0,0,0.04082013225234598
GSE25055,5,combined,GSM615329,4,0,0.03681335100260275
GSE25055,5,combined,GSM615330,2,0,0.10759248104567044
GSE25055,5,combined,GSM615331,1,1,0.045079042497241865
GSE25055,5,combined,GSM615332,0,0,0.07852036108519136
GSE25055,5,combined,GSM615333,2,0,0.2892099071406622
GSE25055,5,combined,GSM615334,3,1,0.5091328633695945
GSE25055,5,combined,GSM615335,4,0,0.3357730974507198
GSE25055,5,combined,GSM615336,3,1,0.46004520650665903
GSE25055,5,combined,GSM615337,2,0,0.055137401119682225
GSE25055,5,combined,GSM615338,4,1,0.27070332779169143
GSE25055,5,combined,GSM615339,1,0,0.026879736137778457
GSE25055,5,combined,GSM615340,0,0,0.04512936929168895
GSE25055,5,combined,GSM615341,3,0,0.048198521014163616
GSE25055,5,combined,GSM615342,2,0,0.2043742122707818
GSE25055,5,combined,GSM615343,4,0,0.14326904902312393
GSE25055,5,combined,GSM615344,3,0,0.1633456600058652
GSE25055,5,combined,GSM615345,1,0,0.07535210094608498
GSE25055,5,combined,GSM615346,3,0,0.43641595550240686
GSE25055,5,combined,GSM615347,3,0,0.2896652910425358
GSE25055,5,combined,GSM615348,2,0,0.4381939924791272
GSE25055,5,combined,GSM615349,2,0,0.044273802511134115
GSE25055,5,combined,GSM615350,0,0,0.19022659314870957
GSE25055,5,combined,GSM615351,1,0,0.06739238362948854
GSE25055,5,combined,GSM615352,4,0,0.008887936742747508
GSE25055,5,combined,GSM615353,2,1,0.07509459422081961
GSE25055,5,combined,GSM615354,3,1,0.3560295233631627
GSE25055,5,combined,GSM615355,2,0,0.08625745652393131
GSE25055,5,combined,GSM615356,0,0,0.2009240874478958
GSE25055,5,combined,GSM615357,2,1,0.45946012353973575
GSE25055,5,combined,GSM615358,2,0,0.027100861408745413
GSE25055,5,combined,GSM615359,2,1,0.5199434501542275
GSE25055,5,combined,GSM615360,3,0,0.0588733689649695
GSE25055,5,combined,GSM615361,1,0,0.07940671798639014
GSE25055,5,combined,GSM615362,3,0,0.04718603623376958
GSE25055,5,combined,GSM615363,2,0,0.2560053475697958
GSE25055,5,combined,GSM615364,4,0,0.5416241820037041
GSE25055,5,combined,GSM615365,2,0,0.039268917707823744
GSE25055,5,combined,GSM615366,2,0,0.03869885061053319
GSE25055,5,combined,GSM615367,0,0,0.06208175159757743
GSE25055,5,combined,GSM615368,1,0,0.6114282645895799
GSE25055,5,combined,GSM615369,1,0,0.18079000972871992
GSE25055,5,combined,GSM615370,1,0,0.09981327974628268
GSE25055,5,combined,GSM615371,4,1,0.23177550217631826
GSE25055,5,combined,GSM615372,0,0,0.36547098931675676
GSE25055,5,combined,GSM615373,2,0,0.08275198028645724
GSE25055,5,combined,GSM615374,1,0,0.02515638342162646
GSE25055,5,combined,GSM615375,2,1,0.5990349664806995
GSE25055,5,combined,GSM615376,2,0,0.18858259277802802
GSE25055,5,combined,GSM615377,1,0,0.021686021446271374
GSE25055,5,combined,GSM615378,3,0,0.3509859882050378
GSE25055,5,combined,GSM615379,0,1,0.17456870619245984
GSE25055,5,combined,GSM615380,4,0,0.6187304682530335
GSE25055,5,combined,GSM615381,4,0,0.011456260130207514
GSE25055,5,combined,GSM615382,4,0,0.11513354400420288
GSE25055,5,combined,GSM615383,0,1,0.03100491473637086
GSE25055,5,combined,GSM615384,4,0,0.179542475340766
GSE25055,5,combined,GSM615385,3,0,0.16440410404185227
GSE25055,5,combined,GSM615386,1,0,0.02248956976173766
GSE25055,5,combined,GSM615387,4,0,0.27192955230639604
GSE25055,5,combined,GSM615388,4,0,0.04937638960028434
GSE25055,5,combined,GSM615389,0,0,0.043676880514503066
GSE25055,5,combined,GSM615390,0,0,0.42777686384136576
GSE25055,5,combined,GSM615391,2,0,0.032187493993016826
GSE25055,5,combined,GSM615392,0,0,0.3362253135898627
GSE25055,5,combined,GSM615393,0,1,0.21486018372063392
GSE25055,5,combined,GSM615394,0,1,0.1839293285790831
GSE25055,5,combined,GSM615395,0,0,0.021706266787756216
GSE25055,5,combined,GSM615396,0,1,0.42303798531144665
GSE25055,5,combined,GSM615397,4,1,0.3296546488100341
GSE25055,5,combined,GSM615398,0,0,0.09407483526489521
GSE25055,5,combined,GSM615399,2,0,0.04818669533809672
GSE25055,5,combined,GSM615400,1,0,0.037122935187663644
GSE25055,5,combined,GSM615401,1,0,0.07721045618396731
GSE25055,5,combined,GSM615402,3,0,0.07161617199377288
GSE25055,5,combined,GSM615403,3,0,0.3869242437513776
GSE25055,5,combined,GSM615404,4,0,0.03402483689631469
GSE25055,5,combined,GSM615405,4,0,0.4734983777575711
GSE25055,6,intercept,GSM615096,3,0,0.18672199170124482
GSE25055,6,intercept,GSM615097,1,0,0.18672199170124482
GSE25055,6,intercept,GSM615098,3,0,0.18672199170124482
GSE25055,6,intercept,GSM615099,0,1,0.18333333333333332
GSE25055,6,intercept,GSM615100,4,0,0.18672199170124482
GSE25055,6,intercept,GSM615101,0,0,0.18333333333333332
GSE25055,6,intercept,GSM615102,3,0,0.18672199170124482
GSE25055,6,intercept,GSM615104,3,0,0.18672199170124482
GSE25055,6,intercept,GSM615106,4,0,0.18672199170124482
GSE25055,6,intercept,GSM615107,4,0,0.18672199170124482
GSE25055,6,intercept,GSM615108,2,0,0.18672199170124482
GSE25055,6,intercept,GSM615109,3,0,0.18672199170124482
GSE25055,6,intercept,GSM615111,2,0,0.18672199170124482
GSE25055,6,intercept,GSM615112,0,0,0.18333333333333332
GSE25055,6,intercept,GSM615113,0,0,0.18333333333333332
GSE25055,6,intercept,GSM615114,4,0,0.18672199170124482
GSE25055,6,intercept,GSM615115,4,0,0.18672199170124482
GSE25055,6,intercept,GSM615116,3,0,0.18672199170124482
GSE25055,6,intercept,GSM615117,1,0,0.18672199170124482
GSE25055,6,intercept,GSM615120,0,0,0.18333333333333332
GSE25055,6,intercept,GSM615121,0,0,0.18333333333333332
GSE25055,6,intercept,GSM615122,3,1,0.18672199170124482
GSE25055,6,intercept,GSM615123,0,1,0.18333333333333332
GSE25055,6,intercept,GSM615124,1,0,0.18672199170124482
GSE25055,6,intercept,GSM615125,0,0,0.18333333333333332
GSE25055,6,intercept,GSM615126,1,0,0.18672199170124482
GSE25055,6,intercept,GSM615127,1,0,0.18672199170124482
GSE25055,6,intercept,GSM615128,0,0,0.18333333333333332
GSE25055,6,intercept,GSM615129,4,0,0.18672199170124482
GSE25055,6,intercept,GSM615130,1,0,0.18672199170124482
GSE25055,6,intercept,GSM615131,1,0,0.18672199170124482
GSE25055,6,intercept,GSM615132,0,0,0.18333333333333332
GSE25055,6,intercept,GSM615133,1,0,0.18672199170124482
GSE25055,6,intercept,GSM615134,2,0,0.18672199170124482
GSE25055,6,intercept,GSM615135,0,0,0.18333333333333332
GSE25055,6,intercept,GSM615136,3,0,0.18672199170124482
GSE25055,6,intercept,GSM615137,3,1,0.18672199170124482
GSE25055,6,intercept,GSM615138,0,0,0.18333333333333332
GSE25055,6,intercept,GSM615139,3,1,0.18672199170124482
GSE25055,6,intercept,GSM615140,1,1,0.18672199170124482
GSE25055,6,intercept,GSM615142,3,0,0.18672199170124482
GSE25055,6,intercept,GSM615143,4,1,0.18672199170124482
GSE25055,6,intercept,GSM615144,3,0,0.18672199170124482
GSE25055,6,intercept,GSM615145,2,0,0.18672199170124482
GSE25055,6,intercept,GSM615146,1,1,0.18672199170124482
GSE25055,6,intercept,GSM615147,0,0,0.18333333333333332
GSE25055,6,intercept,GSM615148,3,0,0.18672199170124482
GSE25055,6,intercept,GSM615149,0,0,0.18333333333333332
GSE25055,6,intercept,GSM615150,4,0,0.18672199170124482
GSE25055,6,intercept,GSM615151,4,0,0.18672199170124482
GSE25055,6,intercept,GSM615153,2,0,0.18672199170124482
GSE25055,6,intercept,GSM615154,2,1,0.18672199170124482
GSE25055,6,intercept,GSM615155,4,0,0.18672199170124482
GSE25055,6,intercept,GSM615156,2,0,0.18672199170124482
GSE25055,6,intercept,GSM615157,2,0,0.18672199170124482
GSE25055,6,intercept,GSM615158,1,0,0.18672199170124482
GSE25055,6,intercept,GSM615159,2,0,0.18672199170124482
GSE25055,6,intercept,GSM615160,0,0,0.18333333333333332
GSE25055,6,intercept,GSM615162,3,0,0.18672199170124482
GSE25055,6,intercept,GSM615164,2,1,0.18672199170124482
GSE25055,6,intercept,GSM615165,3,0,0.18672199170124482
GSE25055,6,intercept,GSM615166,2,0,0.18672199170124482
GSE25055,6,intercept,GSM615167,1,1,0.18672199170124482
GSE25055,6,intercept,GSM615168,4,0,0.18672199170124482
GSE25055,6,intercept,GSM615169,0,0,0.18333333333333332
GSE25055,6,intercept,GSM615170,2,0,0.18672199170124482
GSE25055,6,intercept,GSM615171,3,1,0.18672199170124482
GSE25055,6,intercept,GSM615172,4,0,0.18672199170124482
GSE25055,6,intercept,GSM615173,2,0,0.18672199170124482
GSE25055,6,intercept,GSM615174,1,0,0.18672199170124482
GSE25055,6,intercept,GSM615175,4,1,0.18672199170124482
GSE25055,6,intercept,GSM615176,2,0,0.18672199170124482
GSE25055,6,intercept,GSM615177,2,0,0.18672199170124482
GSE25055,6,intercept,GSM615178,3,0,0.18672199170124482
GSE25055,6,intercept,GSM615179,2,0,0.18672199170124482
GSE25055,6,intercept,GSM615180,3,0,0.18672199170124482
GSE25055,6,intercept,GSM615181,2,1,0.18672199170124482
GSE25055,6,intercept,GSM615182,0,0,0.18333333333333332
GSE25055,6,intercept,GSM615183,2,0,0.18672199170124482
GSE25055,6,intercept,GSM615184,0,0,0.18333333333333332
GSE25055,6,intercept,GSM615185,1,0,0.18672199170124482
GSE25055,6,intercept,GSM615186,3,1,0.18672199170124482
GSE25055,6,intercept,GSM615187,2,0,0.18672199170124482
GSE25055,6,intercept,GSM615188,0,0,0.18333333333333332
GSE25055,6,intercept,GSM615189,0,0,0.18333333333333332
GSE25055,6,intercept,GSM615190,1,0,0.18672199170124482
GSE25055,6,intercept,GSM615191,4,1,0.18672199170124482
GSE25055,6,intercept,GSM615192,1,0,0.18672199170124482
GSE25055,6,intercept,GSM615193,4,1,0.18672199170124482
GSE25055,6,intercept,GSM615194,0,1,0.18333333333333332
GSE25055,6,intercept,GSM615195,0,0,0.18333333333333332
GSE25055,6,intercept,GSM615196,3,0,0.18672199170124482
GSE25055,6,intercept,GSM615197,1,0,0.18672199170124482
GSE25055,6,intercept,GSM615198,4,0,0.18672199170124482
GSE25055,6,intercept,GSM615199,4,0,0.18672199170124482
GSE25055,6,intercept,GSM615200,0,0,0.18333333333333332
GSE25055,6,intercept,GSM615201,2,1,0.18672199170124482
GSE25055,6,intercept,GSM615202,3,1,0.18672199170124482
GSE25055,6,intercept,GSM615203,3,0,0.18672199170124482
GSE25055,6,intercept,GSM615204,1,0,0.18672199170124482
GSE25055,6,intercept,GSM615205,4,0,0.18672199170124482
GSE25055,6,intercept,GSM615206,1,0,0.18672199170124482
GSE25055,6,intercept,GSM615207,4,0,0.18672199170124482
GSE25055,6,intercept,GSM615208,0,0,0.18333333333333332
GSE25055,6,intercept,GSM615209,1,1,0.18672199170124482
GSE25055,6,intercept,GSM615210,2,0,0.18672199170124482
GSE25055,6,intercept,GSM615211,0,1,0.18333333333333332
GSE25055,6,intercept,GSM615212,2,1,0.18672199170124482
GSE25055,6,intercept,GSM615213,1,1,0.18672199170124482
GSE25055,6,intercept,GSM615214,2,0,0.18672199170124482
GSE25055,6,intercept,GSM615215,1,1,0.18672199170124482
GSE25055,6,intercept,GSM615216,3,0,0.18672199170124482
GSE25055,6,intercept,GSM615217,1,0,0.18672199170124482
GSE25055,6,intercept,GSM615218,2,0,0.18672199170124482
GSE25055,6,intercept,GSM615219,4,0,0.18672199170124482
GSE25055,6,intercept,GSM615220,3,0,0.18672199170124482
GSE25055,6,intercept,GSM615221,0,0,0.18333333333333332
GSE25055,6,intercept,GSM615222,1,0,0.18672199170124482
GSE25055,6,intercept,GSM615223,1,0,0.18672199170124482
GSE25055,6,intercept,GSM615224,2,0,0.18672199170124482
GSE25055,6,intercept,GSM615225,4,0,0.18672199170124482
GSE25055,6,intercept,GSM615226,2,0,0.18672199170124482
GSE25055,6,intercept,GSM615227,2,0,0.18672199170124482
GSE25055,6,intercept,GSM615228,4,0,0.18672199170124482
GSE25055,6,intercept,GSM615229,1,0,0.18672199170124482
GSE25055,6,intercept,GSM615230,4,0,0.18672199170124482
GSE25055,6,intercept,GSM615231,3,0,0.18672199170124482
GSE25055,6,intercept,GSM615232,1,0,0.18672199170124482
GSE25055,6,intercept,GSM615233,3,0,0.18672199170124482
GSE25055,6,intercept,GSM615234,1,0,0.18672199170124482
GSE25055,6,intercept,GSM615235,0,0,0.18333333333333332
GSE25055,6,intercept,GSM615236,3,0,0.18672199170124482
GSE25055,6,intercept,GSM615237,3,0,0.18672199170124482
GSE25055,6,intercept,GSM615238,0,0,0.18333333333333332
GSE25055,6,intercept,GSM615239,4,0,0.18672199170124482
GSE25055,6,intercept,GSM615240,2,1,0.18672199170124482
GSE25055,6,intercept,GSM615241,1,0,0.18672199170124482
GSE25055,6,intercept,GSM615242,4,1,0.18672199170124482
GSE25055,6,intercept,GSM615243,1,0,0.18672199170124482
GSE25055,6,intercept,GSM615244,3,0,0.18672199170124482
GSE25055,6,intercept,GSM615245,4,0,0.18672199170124482
GSE25055,6,intercept,GSM615246,1,0,0.18672199170124482
GSE25055,6,intercept,GSM615247,3,0,0.18672199170124482
GSE25055,6,intercept,GSM615248,3,0,0.18672199170124482
GSE25055,6,intercept,GSM615249,2,0,0.18672199170124482
GSE25055,6,intercept,GSM615250,0,0,0.18333333333333332
GSE25055,6,intercept,GSM615251,2,0,0.18672199170124482
GSE25055,6,intercept,GSM615252,2,0,0.18672199170124482
GSE25055,6,intercept,GSM615253,4,0,0.18672199170124482
GSE25055,6,intercept,GSM615254,3,0,0.18672199170124482
GSE25055,6,intercept,GSM615255,0,0,0.18333333333333332
GSE25055,6,intercept,GSM615256,4,1,0.18672199170124482
GSE25055,6,intercept,GSM615257,3,0,0.18672199170124482
GSE25055,6,intercept,GSM615258,4,0,0.18672199170124482
GSE25055,6,intercept,GSM615259,3,0,0.18672199170124482
GSE25055,6,intercept,GSM615260,1,0,0.18672199170124482
GSE25055,6,intercept,GSM615261,3,0,0.18672199170124482
GSE25055,6,intercept,GSM615262,2,0,0.18672199170124482
GSE25055,6,intercept,GSM615263,2,1,0.18672199170124482
GSE25055,6,intercept,GSM615264,4,1,0.18672199170124482
GSE25055,6,intercept,GSM615265,2,0,0.18672199170124482
GSE25055,6,intercept,GSM615266,4,0,0.18672199170124482
GSE25055,6,intercept,GSM615267,1,0,0.18672199170124482
GSE25055,6,intercept,GSM615268,2,0,0.18672199170124482
GSE25055,6,intercept,GSM615269,2,0,0.18672199170124482
GSE25055,6,intercept,GSM615270,0,1,0.18333333333333332
GSE25055,6,intercept,GSM615271,0,0,0.18333333333333332
GSE25055,6,intercept,GSM615272,1,0,0.18672199170124482
GSE25055,6,intercept,GSM615273,1,0,0.18672199170124482
GSE25055,6,intercept,GSM615274,0,0,0.18333333333333332
GSE25055,6,intercept,GSM615275,2,0,0.18672199170124482
GSE25055,6,intercept,GSM615276,2,0,0.18672199170124482
GSE25055,6,intercept,GSM615277,1,0,0.18672199170124482
GSE25055,6,intercept,GSM615278,4,0,0.18672199170124482
GSE25055,6,intercept,GSM615279,1,0,0.18672199170124482
GSE25055,6,intercept,GSM615280,0,1,0.18333333333333332
GSE25055,6,intercept,GSM615281,3,0,0.18672199170124482
GSE25055,6,intercept,GSM615282,2,0,0.18672199170124482
GSE25055,6,intercept,GSM615283,4,0,0.18672199170124482
GSE25055,6,intercept,GSM615284,4,1,0.18672199170124482
GSE25055,6,intercept,GSM615285,2,0,0.18672199170124482
GSE25055,6,intercept,GSM615286,4,0,0.18672199170124482
GSE25055,6,intercept,GSM615287,4,0,0.18672199170124482
GSE25055,6,intercept,GSM615288,1,0,0.18672199170124482
GSE25055,6,intercept,GSM615289,0,0,0.18333333333333332
GSE25055,6,intercept,GSM615290,3,0,0.18672199170124482
GSE25055,6,intercept,GSM615291,3,1,0.18672199170124482
GSE25055,6,intercept,GSM615292,2,0,0.18672199170124482
GSE25055,6,intercept,GSM615293,1,1,0.18672199170124482
GSE25055,6,intercept,GSM615294,4,0,0.18672199170124482
GSE25055,6,intercept,GSM615295,2,0,0.18672199170124482
GSE25055,6,intercept,GSM615296,1,0,0.18672199170124482
GSE25055,6,intercept,GSM615297,0,0,0.18333333333333332
GSE25055,6,intercept,GSM615298,4,0,0.18672199170124482
GSE25055,6,intercept,GSM615299,0,0,0.18333333333333332
GSE25055,6,intercept,GSM615300,1,1,0.18672199170124482
GSE25055,6,intercept,GSM615301,0,0,0.18333333333333332
GSE25055,6,intercept,GSM615302,3,0,0.18672199170124482
GSE25055,6,intercept,GSM615303,1,0,0.18672199170124482
GSE25055,6,intercept,GSM615304,3,0,0.18672199170124482
GSE25055,6,intercept,GSM615305,3,0,0.18672199170124482
GSE25055,6,intercept,GSM615306,4,0,0.18672199170124482
GSE25055,6,intercept,GSM615307,2,1,0.18672199170124482
GSE25055,6,intercept,GSM615308,3,0,0.18672199170124482
GSE25055,6,intercept,GSM615309,2,0,0.18672199170124482
GSE25055,6,intercept,GSM615310,0,1,0.18333333333333332
GSE25055,6,intercept,GSM615311,1,0,0.18672199170124482
GSE25055,6,intercept,GSM615312,0,0,0.18333333333333332
GSE25055,6,intercept,GSM615313,3,0,0.18672199170124482
GSE25055,6,intercept,GSM615314,4,0,0.18672199170124482
GSE25055,6,intercept,GSM615315,2,0,0.18672199170124482
GSE25055,6,intercept,GSM615316,0,0,0.18333333333333332
GSE25055,6,intercept,GSM615317,1,0,0.18672199170124482
GSE25055,6,intercept,GSM615318,0,0,0.18333333333333332
GSE25055,6,intercept,GSM615319,2,0,0.18672199170124482
GSE25055,6,intercept,GSM615320,0,0,0.18333333333333332
GSE25055,6,intercept,GSM615321,0,0,0.18333333333333332
GSE25055,6,intercept,GSM615322,2,0,0.18672199170124482
GSE25055,6,intercept,GSM615323,1,0,0.18672199170124482
GSE25055,6,intercept,GSM615324,4,1,0.18672199170124482
GSE25055,6,intercept,GSM615325,3,1,0.18672199170124482
GSE25055,6,intercept,GSM615326,4,0,0.18672199170124482
GSE25055,6,intercept,GSM615327,3,0,0.18672199170124482
GSE25055,6,intercept,GSM615328,4,0,0.18672199170124482
GSE25055,6,intercept,GSM615329,3,0,0.18672199170124482
GSE25055,6,intercept,GSM615330,3,0,0.18672199170124482
GSE25055,6,intercept,GSM615331,4,1,0.18672199170124482
GSE25055,6,intercept,GSM615332,0,0,0.18333333333333332
GSE25055,6,intercept,GSM615333,3,0,0.18672199170124482
GSE25055,6,intercept,GSM615334,1,1,0.18672199170124482
GSE25055,6,intercept,GSM615335,2,0,0.18672199170124482
GSE25055,6,intercept,GSM615336,1,1,0.18672199170124482
GSE25055,6,intercept,GSM615337,2,0,0.18672199170124482
GSE25055,6,intercept,GSM615338,3,1,0.18672199170124482
GSE25055,6,intercept,GSM615339,1,0,0.18672199170124482
GSE25055,6,intercept,GSM615340,4,0,0.18672199170124482
GSE25055,6,intercept,GSM615341,3,0,0.18672199170124482
GSE25055,6,intercept,GSM615342,4,0,0.18672199170124482
GSE25055,6,intercept,GSM615343,1,0,0.18672199170124482
GSE25055,6,intercept,GSM615344,4,0,0.18672199170124482
GSE25055,6,intercept,GSM615345,0,0,0.18333333333333332
GSE25055,6,intercept,GSM615346,0,0,0.18333333333333332
GSE25055,6,intercept,GSM615347,4,0,0.18672199170124482
GSE25055,6,intercept,GSM615348,2,0,0.18672199170124482
GSE25055,6,intercept,GSM615349,3,0,0.18672199170124482
GSE25055,6,intercept,GSM615350,4,0,0.18672199170124482
GSE25055,6,intercept,GSM615351,2,0,0.18672199170124482
GSE25055,6,intercept,GSM615352,2,0,0.18672199170124482
GSE25055,6,intercept,GSM615353,0,1,0.18333333333333332
GSE25055,6,intercept,GSM615354,1,1,0.18672199170124482
GSE25055,6,intercept,GSM615355,1,0,0.18672199170124482
GSE25055,6,intercept,GSM615356,4,0,0.18672199170124482
GSE25055,6,intercept,GSM615357,2,1,0.18672199170124482
GSE25055,6,intercept,GSM615358,4,0,0.18672199170124482
GSE25055,6,intercept,GSM615359,2,1,0.18672199170124482
GSE25055,6,intercept,GSM615360,0,0,0.18333333333333332
GSE25055,6,intercept,GSM615361,2,0,0.18672199170124482
GSE25055,6,intercept,GSM615362,1,0,0.18672199170124482
GSE25055,6,intercept,GSM615363,1,0,0.18672199170124482
GSE25055,6,intercept,GSM615364,1,0,0.18672199170124482
GSE25055,6,intercept,GSM615365,3,0,0.18672199170124482
GSE25055,6,intercept,GSM615366,0,0,0.18333333333333332
GSE25055,6,intercept,GSM615367,1,0,0.18672199170124482
GSE25055,6,intercept,GSM615368,0,0,0.18333333333333332
GSE25055,6,intercept,GSM615369,4,0,0.18672199170124482
GSE25055,6,intercept,GSM615370,4,0,0.18672199170124482
GSE25055,6,intercept,GSM615371,0,1,0.18333333333333332
GSE25055,6,intercept,GSM615372,3,0,0.18672199170124482
GSE25055,6,intercept,GSM615373,2,0,0.18672199170124482
GSE25055,6,intercept,GSM615374,4,0,0.18672199170124482
GSE25055,6,intercept,GSM615375,3,1,0.18672199170124482
GSE25055,6,intercept,GSM615376,4,0,0.18672199170124482
GSE25055,6,intercept,GSM615377,1,0,0.18672199170124482
GSE25055,6,intercept,GSM615378,3,0,0.18672199170124482
GSE25055,6,intercept,GSM615379,3,1,0.18672199170124482
GSE25055,6,intercept,GSM615380,4,0,0.18672199170124482
GSE25055,6,intercept,GSM615381,3,0,0.18672199170124482
GSE25055,6,intercept,GSM615382,2,0,0.18672199170124482
GSE25055,6,intercept,GSM615383,0,1,0.18333333333333332
GSE25055,6,intercept,GSM615384,0,0,0.18333333333333332
GSE25055,6,intercept,GSM615385,1,0,0.18672199170124482
GSE25055,6,intercept,GSM615386,0,0,0.18333333333333332
GSE25055,6,intercept,GSM615387,4,0,0.18672199170124482
GSE25055,6,intercept,GSM615388,4,0,0.18672199170124482
GSE25055,6,intercept,GSM615389,3,0,0.18672199170124482
GSE25055,6,intercept,GSM615390,2,0,0.18672199170124482
GSE25055,6,intercept,GSM615391,0,0,0.18333333333333332
GSE25055,6,intercept,GSM615392,1,0,0.18672199170124482
GSE25055,6,intercept,GSM615393,4,1,0.18672199170124482
GSE25055,6,intercept,GSM615394,0,1,0.18333333333333332
GSE25055,6,intercept,GSM615395,1,0,0.18672199170124482
GSE25055,6,intercept,GSM615396,2,1,0.18672199170124482
GSE25055,6,intercept,GSM615397,0,1,0.18333333333333332
GSE25055,6,intercept,GSM615398,0,0,0.18333333333333332
GSE25055,6,intercept,GSM615399,3,0,0.18672199170124482
GSE25055,6,intercept,GSM615400,1,0,0.18672199170124482
GSE25055,6,intercept,GSM615401,0,0,0.18333333333333332
GSE25055,6,intercept,GSM615402,4,0,0.18672199170124482
GSE25055,6,intercept,GSM615403,2,0,0.18672199170124482
GSE25055,6,intercept,GSM615404,0,0,0.18333333333333332
GSE25055,6,intercept,GSM615405,3,0,0.18672199170124482
GSE25055,6,clinical,GSM615096,3,0,0.08157276542903008
GSE25055,6,clinical,GSM615097,1,0,0.0911505876203445
GSE25055,6,clinical,GSM615098,3,0,0.38684294232726596
GSE25055,6,clinical,GSM615099,0,1,0.42777874138161864
GSE25055,6,clinical,GSM615100,4,0,0.09042027082363416
GSE25055,6,clinical,GSM615101,0,0,0.3528626692517227
GSE25055,6,clinical,GSM615102,3,0,0.40095745881229716
GSE25055,6,clinical,GSM615104,3,0,0.3543122435729237
GSE25055,6,clinical,GSM615106,4,0,0.33104392162858554
GSE25055,6,clinical,GSM615107,4,0,0.38986577127814837
GSE25055,6,clinical,GSM615108,2,0,0.0781403750832847
GSE25055,6,clinical,GSM615109,3,0,0.2913848353035908
GSE25055,6,clinical,GSM615111,2,0,0.33844592749633623
GSE25055,6,clinical,GSM615112,0,0,0.28680194553733873
GSE25055,6,clinical,GSM615113,0,0,0.41428455217745813
GSE25055,6,clinical,GSM615114,4,0,0.06654747620831762
GSE25055,6,clinical,GSM615115,4,0,0.3610366614685441
GSE25055,6,clinical,GSM615116,3,0,0.314346258272515
GSE25055,6,clinical,GSM615117,1,0,0.11322518201307688
GSE25055,6,clinical,GSM615120,0,0,0.04206540411660394
GSE25055,6,clinical,GSM615121,0,0,0.06517482861984723
GSE25055,6,clinical,GSM615122,3,1,0.09385552848194943
GSE25055,6,clinical,GSM615123,0,1,0.042177087494877565
GSE25055,6,clinical,GSM615124,1,0,0.06739857596088983
GSE25055,6,clinical,GSM615125,0,0,0.05347113434495983
GSE25055,6,clinical,GSM615126,1,0,0.09515659366191395
GSE25055,6,clinical,GSM615127,1,0,0.06434796607197533
GSE25055,6,clinical,GSM615128,0,0,0.04530182599649456
GSE25055,6,clinical,GSM615129,4,0,0.06571669993295193
GSE25055,6,clinical,GSM615130,1,0,0.0929523424319038
GSE25055,6,clinical,GSM615131,1,0,0.06618919791306281
GSE25055,6,clinical,GSM615132,0,0,0.048774572875255884
GSE25055,6,clinical,GSM615133,1,0,0.08163075382960638
GSE25055,6,clinical,GSM615134,2,0,0.08175755037905404
GSE25055,6,clinical,GSM615135,0,0,0.31175220896788897
GSE25055,6,clinical,GSM615136,3,0,0.2855598135474615
GSE25055,6,clinical,GSM615137,3,1,0.0864863144643883
GSE25055,6,clinical,GSM615138,0,0,0.06757609669641197
GSE25055,6,clinical,GSM615139,3,1,0.3037417755457093
GSE25055,6,clinical,GSM615140,1,1,0.3681890012594556
GSE25055,6,clinical,GSM615142,3,0,0.060359866911249414
GSE25055,6,clinical,GSM615143,4,1,0.3677127975309002
GSE25055,6,clinical,GSM615144,3,0,0.047935895302442806
GSE25055,6,clinical,GSM615145,2,0,0.32197633181059604
GSE25055,6,clinical,GSM615146,1,1,0.3707000644043826
GSE25055,6,clinical,GSM615147,0,0,0.035007747703843184
GSE25055,6,clinical,GSM615148,3,0,0.3924674105878985
GSE25055,6,clinical,GSM615149,0,0,0.404913332760173
GSE25055,6,clinical,GSM615150,4,0,0.07730438859735898
GSE25055,6,clinical,GSM615151,4,0,0.3592652676451139
GSE25055,6,clinical,GSM615153,2,0,0.062000301032716525
GSE25055,6,clinical,GSM615154,2,1,0.369275528019815
GSE25055,6,clinical,GSM615155,4,0,0.09694455410037639
GSE25055,6,clinical,GSM615156,2,0,0.37749472495997616
GSE25055,6,clinical,GSM615157,2,0,0.07885189278010378
GSE25055,6,clinical,GSM615158,1,0,0.06932062988101953
GSE25055,6,clinical,GSM615159,2,0,0.3566050903151725
GSE25055,6,clinical,GSM615160,0,0,0.4489016498801004
GSE25055,6,clinical,GSM615162,3,0,0.07394635064746324
GSE25055,6,clinical,GSM615164,2,1,0.3650309882457637
GSE25055,6,clinical,GSM615165,3,0,0.07218451351548122
GSE25055,6,clinical,GSM615166,2,0,0.08443396483438606
GSE25055,6,clinical,GSM615167,1,1,0.39360065087874513
GSE25055,6,clinical,GSM615168,4,0,0.06984403351582631
GSE25055,6,clinical,GSM615169,0,0,0.3811465568225039
GSE25055,6,clinical,GSM615170,2,0,0.0787498858795136
GSE25055,6,clinical,GSM615171,3,1,0.37346920136509937
GSE25055,6,clinical,GSM615172,4,0,0.05866277957649472
GSE25055,6,clinical,GSM615173,2,0,0.07693429040949396
GSE25055,6,clinical,GSM615174,1,0,0.09797760455665139
GSE25055,6,clinical,GSM615175,4,1,0.36860685855004455
GSE25055,6,clinical,GSM615176,2,0,0.07926112960185651
GSE25055,6,clinical,GSM615177,2,0,0.07476737097601639
GSE25055,6,clinical,GSM615178,3,0,0.398687397677155
GSE25055,6,clinical,GSM615179,2,0,0.06913990373248227
GSE25055,6,clinical,GSM615180,3,0,0.06668595155930311
GSE25055,6,clinical,GSM615181,2,1,0.34286464367334746
GSE25055,6,clinical,GSM615182,0,0,0.22485410343240925
GSE25055,6,clinical,GSM615183,2,0,0.09188542919211341
GSE25055,6,clinical,GSM615184,0,0,0.3604843037401312
GSE25055,6,clinical,GSM615185,1,0,0.2512627860807865
GSE25055,6,clinical,GSM615186,3,1,0.061034037777173596
GSE25055,6,clinical,GSM615187,2,0,0.06062546969079262
GSE25055,6,clinical,GSM615188,0,0,0.2994182302492739
GSE25055,6,clinical,GSM615189,0,0,0.2767195467812481
GSE25055,6,clinical,GSM615190,1,0,0.38030502330216737
GSE25055,6,clinical,GSM615191,4,1,0.39352889490194287
GSE25055,6,clinical,GSM615192,1,0,0.08227955921100598
GSE25055,6,clinical,GSM615193,4,1,0.3798571331724685
GSE25055,6,clinical,GSM615194,0,1,0.2994182302492739
GSE25055,6,clinical,GSM615195,0,0,0.5089272029563835
GSE25055,6,clinical,GSM615196,3,0,0.04880679077579279
GSE25055,6,clinical,GSM615197,1,0,0.24323853551259073
GSE25055,6,clinical,GSM615198,4,0,0.06170569738975449
GSE25055,6,clinical,GSM615199,4,0,0.0865459508429396
GSE25055,6,clinical,GSM615200,0,0,0.04700772156255355
GSE25055,6,clinical,GSM615201,2,1,0.08400045652919867
GSE25055,6,clinical,GSM615202,3,1,0.37957621388015994
GSE25055,6,clinical,GSM615203,3,0,0.037196022074040984
GSE25055,6,clinical,GSM615204,1,0,0.09079402798929778
GSE25055,6,clinical,GSM615205,4,0,0.0505423977840404
GSE25055,6,clinical,GSM615206,1,0,0.08903000281584095
GSE25055,6,clinical,GSM615207,4,0,0.08065897828207617
GSE25055,6,clinical,GSM615208,0,0,0.027574316273481794
GSE25055,6,clinical,GSM615209,1,1,0.2894898081915446
GSE25055,6,clinical,GSM615210,2,0,0.05381075944609744
GSE25055,6,clinical,GSM615211,0,1,0.4674531908006057
GSE25055,6,clinical,GSM615212,2,1,0.346037682456581
GSE25055,6,clinical,GSM615213,1,1,0.3029714011834613
GSE25055,6,clinical,GSM615214,2,0,0.07097074305360436
GSE25055,6,clinical,GSM615215,1,1,0.3454358816256441
GSE25055,6,clinical,GSM615216,3,0,0.05220808155711866
GSE25055,6,clinical,GSM615217,1,0,0.08066628361001925
GSE25055,6,clinical,GSM615218,2,0,0.32105671143975195
GSE25055,6,clinical,GSM615219,4,0,0.0865459508429396
GSE25055,6,clinical,GSM615220,3,0,0.09446067641674993
GSE25055,6,clinical,GSM615221,0,0,0.06269028670550136
GSE25055,6,clinical,GSM615222,1,0,0.0872969599481725
GSE25055,6,clinical,GSM615223,1,0,0.2850757635626197
GSE25055,6,clinical,GSM615224,2,0,0.07284626941229264
GSE25055,6,clinical,GSM615225,4,0,0.29431842777086903
GSE25055,6,clinical,GSM615226,2,0,0.06735287064456105
GSE25055,6,clinical,GSM615227,2,0,0.07284626941229264
GSE25055,6,clinical,GSM615228,4,0,0.08065897828207617
GSE25055,6,clinical,GSM615229,1,0,0.3262058406081965
GSE25055,6,clinical,GSM615230,4,0,0.08503873016419171
GSE25055,6,clinical,GSM615231,3,0,0.06380169983128298
GSE25055,6,clinical,GSM615232,1,0,0.07449813443162966
GSE25055,6,clinical,GSM615233,3,0,0.0380523205304432
GSE25055,6,clinical,GSM615234,1,0,0.09258945278275416
GSE25055,6,clinical,GSM615235,0,0,0.02909824307393958
GSE25055,6,clinical,GSM615236,3,0,0.03892753501026999
GSE25055,6,clinical,GSM615237,3,0,0.06969088417866315
GSE25055,6,clinical,GSM615238,0,0,0.0536114051050503
GSE25055,6,clinical,GSM615239,4,0,0.07513950590840107
GSE25055,6,clinical,GSM615240,2,1,0.346037682456581
GSE25055,6,clinical,GSM615241,1,0,0.06473845675182045
GSE25055,6,clinical,GSM615242,4,1,0.3530957979184672
GSE25055,6,clinical,GSM615243,1,0,0.09079402798929778
GSE25055,6,clinical,GSM615244,3,0,0.33088223099418085
GSE25055,6,clinical,GSM615245,4,0,0.08963311425237405
GSE25055,6,clinical,GSM615246,1,0,0.13321688029305062
GSE25055,6,clinical,GSM615247,3,0,0.07775864132288533
GSE25055,6,clinical,GSM615248,3,0,0.07443367562592239
GSE25055,6,clinical,GSM615249,2,0,0.059830119111768366
GSE25055,6,clinical,GSM615250,0,0,0.2879356792569869
GSE25055,6,clinical,GSM615251,2,0,0.3588651384091613
GSE25055,6,clinical,GSM615252,2,0,0.07097074305360436
GSE25055,6,clinical,GSM615253,4,0,0.0820955376209592
GSE25055,6,clinical,GSM615254,3,0,0.06380169983128298
GSE25055,6,clinical,GSM615255,0,0,0.4400166772694447
GSE25055,6,clinical,GSM615256,4,1,0.0687287342048752
GSE25055,6,clinical,GSM615257,3,0,0.05105013866710308
GSE25055,6,clinical,GSM615258,4,0,0.06396884032369754
GSE25055,6,clinical,GSM615259,3,0,0.04772048814406916
GSE25055,6,clinical,GSM615260,1,0,0.07449813443162966
GSE25055,6,clinical,GSM615261,3,0,0.05220808155711866
GSE25055,6,clinical,GSM615262,2,0,0.08292551855231237
GSE25055,6,clinical,GSM615263,2,1,0.30593755345217816
GSE25055,6,clinical,GSM615264,4,1,0.3574977023193514
GSE25055,6,clinical,GSM615265,2,0,0.3000026225401493
GSE25055,6,clinical,GSM615266,4,0,0.05845089713551613
GSE25055,6,clinical,GSM615267,1,0,0.09816829849570112
GSE25055,6,clinical,GSM615268,2,0,0.0907195819819289
GSE25055,6,clinical,GSM615269,2,0,0.08508803576304008
GSE25055,6,clinical,GSM615270,0,1,0.4468481633215178
GSE25055,6,clinical,GSM615271,0,0,0.0536114051050503
GSE25055,6,clinical,GSM615272,1,0,0.06473845675182045
GSE25055,6,clinical,GSM615273,1,0,0.0872969599481725
GSE25055,6,clinical,GSM615274,0,0,0.028326331919381203
GSE25055,6,clinical,GSM615275,2,0,0.3089295086892041
GSE25055,6,clinical,GSM615276,2,0,0.3334302830839346
GSE25055,6,clinical,GSM615277,1,0,0.08392215402954203
GSE25055,6,clinical,GSM615278,4,0,0.07381487917971034
GSE25055,6,clinical,GSM615279,1,0,0.08392215402954203
GSE25055,6,clinical,GSM615280,0,1,0.05798431729656393
GSE25055,6,clinical,GSM615281,3,0,0.07123990314638581
GSE25055,6,clinical,GSM615282,2,0,0.06560877085719595
GSE25055,6,clinical,GSM615283,4,0,0.06170569738975449
GSE25055,6,clinical,GSM615284,4,1,0.33574185944380597
GSE25055,6,clinical,GSM615285,2,0,0.08081310724144489
GSE25055,6,clinical,GSM615286,4,0,0.056371215828714266
GSE25055,6,clinical,GSM615287,4,0,0.33574185944380597
GSE25055,6,clinical,GSM615288,1,0,0.3752375625515462
GSE25055,6,clinical,GSM615289,0,0,0.05087094568024216
GSE25055,6,clinical,GSM615290,3,0,0.04360088510935705
GSE25055,6,clinical,GSM615291,3,1,0.2904091499168899
GSE25055,6,clinical,GSM615292,2,0,0.07773643632668645
GSE25055,6,clinical,GSM615293,1,1,0.4112250451723982
GSE25055,6,clinical,GSM615294,4,0,0.07648594036975531
GSE25055,6,clinical,GSM615295,2,0,0.33031445766833445
GSE25055,6,clinical,GSM615296,1,0,0.09079402798929778
GSE25055,6,clinical,GSM615297,0,0,0.3171224387435555
GSE25055,6,clinical,GSM615298,4,0,0.0835553571200597
GSE25055,6,clinical,GSM615299,0,0,0.04955093095362708
GSE25055,6,clinical,GSM615300,1,1,0.2850757635626197
GSE25055,6,clinical,GSM615301,0,0,0.2936441622585864
GSE25055,6,clinical,GSM615302,3,0,0.05583249134492888
GSE25055,6,clinical,GSM615303,1,0,0.23929220306194124
GSE25055,6,clinical,GSM615304,3,0,0.05339081169530015
GSE25055,6,clinical,GSM615305,3,0,0.07947166370876703
GSE25055,6,clinical,GSM615306,4,0,0.06060237583720976
GSE25055,6,clinical,GSM615307,2,1,0.39851258989525684
GSE25055,6,clinical,GSM615308,3,0,0.061034037777173596
GSE25055,6,clinical,GSM615309,2,0,0.07977540490785119
GSE25055,6,clinical,GSM615310,0,1,0.03153832630215863
GSE25055,6,clinical,GSM615311,1,0,0.1145304392362549
GSE25055,6,clinical,GSM615312,0,0,0.3604843037401312
GSE25055,6,clinical,GSM615313,3,0,0.062403547974909906
GSE25055,6,clinical,GSM615314,4,0,0.04784640356923406
GSE25055,6,clinical,GSM615315,2,0,0.39851258989525684
GSE25055,6,clinical,GSM615316,0,0,0.02909824307393958
GSE25055,6,clinical,GSM615317,1,0,0.33096191550036036
GSE25055,6,clinical,GSM615318,0,0,0.04955093095362708
GSE25055,6,clinical,GSM615319,2,0,0.3000026225401493
GSE25055,6,clinical,GSM615320,0,0,0.4332078378982084
GSE25055,6,clinical,GSM615321,0,0,0.36689001286229633
GSE25055,6,clinical,GSM615322,2,0,0.3334302830839346
GSE25055,6,clinical,GSM615323,1,0,0.4060155207884877
GSE25055,6,clinical,GSM615324,4,1,0.340041139415695
GSE25055,6,clinical,GSM615325,3,1,0.37402275352541864
GSE25055,6,clinical,GSM615326,4,0,0.06170569738975449
GSE25055,6,clinical,GSM615327,3,0,0.2620582896046772
GSE25055,6,clinical,GSM615328,4,0,0.07648594036975531
GSE25055,6,clinical,GSM615329,3,0,0.07607949164793973
GSE25055,6,clinical,GSM615330,3,0,0.2620582896046772
GSE25055,6,clinical,GSM615331,4,1,0.0574022123268384
GSE25055,6,clinical,GSM615332,0,0,0.029890542235069328
GSE25055,6,clinical,GSM615333,3,0,0.3467745420191653
GSE25055,6,clinical,GSM615334,1,1,0.26783100365466456
GSE25055,6,clinical,GSM615335,2,0,0.3365607287464826
GSE25055,6,clinical,GSM615336,1,1,0.3214852706996391
GSE25055,6,clinical,GSM615337,2,0,0.0787498858795136
GSE25055,6,clinical,GSM615338,3,1,0.3002520938690216
GSE25055,6,clinical,GSM615339,1,0,0.0715793131256157
GSE25055,6,clinical,GSM615340,4,0,0.06996898395985289
GSE25055,6,clinical,GSM615341,3,0,0.06668595155930311
GSE25055,6,clinical,GSM615342,4,0,0.3663734114289854
GSE25055,6,clinical,GSM615343,1,0,0.12357055865872672
GSE25055,6,clinical,GSM615344,4,0,0.30236374016874473
GSE25055,6,clinical,GSM615345,0,0,0.28229381951699023
GSE25055,6,clinical,GSM615346,0,0,0.41966799113545805
GSE25055,6,clinical,GSM615347,4,0,0.2487836333686497
GSE25055,6,clinical,GSM615348,2,0,0.39514912023805254
GSE25055,6,clinical,GSM615349,3,0,0.062403547974909906
GSE25055,6,clinical,GSM615350,4,0,0.29832549403690595
GSE25055,6,clinical,GSM615351,2,0,0.07190286500913645
GSE25055,6,clinical,GSM615352,2,0,0.055259776835432
GSE25055,6,clinical,GSM615353,0,1,0.05087094568024216
GSE25055,6,clinical,GSM615354,1,1,0.33575277989836105
GSE25055,6,clinical,GSM615355,1,0,0.08903000281584095
GSE25055,6,clinical,GSM615356,4,0,0.3663734114289854
GSE25055,6,clinical,GSM615357,2,1,0.33031445766833445
GSE25055,6,clinical,GSM615358,4,0,0.04962812288359137
GSE25055,6,clinical,GSM615359,2,1,0.3365607287464826
GSE25055,6,clinical,GSM615360,0,0,0.0422890543016693
GSE25055,6,clinical,GSM615361,2,0,0.06224592160303569
GSE25055,6,clinical,GSM615362,1,0,0.08066628361001925
GSE25055,6,clinical,GSM615363,1,0,0.3853987031613633
GSE25055,6,clinical,GSM615364,1,0,0.3956607439660395
GSE25055,6,clinical,GSM615365,3,0,0.04665717760714731
GSE25055,6,clinical,GSM615366,0,0,0.05087094568024216
GSE25055,6,clinical,GSM615367,1,0,0.08559448245568302
GSE25055,6,clinical,GSM615368,0,0,0.5158430208952635
GSE25055,6,clinical,GSM615369,4,0,0.33574185944380597
GSE25055,6,clinical,GSM615370,4,0,0.08963311425237405
GSE25055,6,clinical,GSM615371,0,1,0.2657772473529027
GSE25055,6,clinical,GSM615372,3,0,0.39642168367867886
GSE25055,6,clinical,GSM615373,2,0,0.08081310724144489
GSE25055,6,clinical,GSM615374,4,0,0.06282776248286386
GSE25055,6,clinical,GSM615375,3,1,0.2189496019040932
GSE25055,6,clinical,GSM615376,4,0,0.3314696355134526
GSE25055,6,clinical,GSM615377,1,0,0.08559448245568302
GSE25055,6,clinical,GSM615378,3,0,0.38516139589082266
GSE25055,6,clinical,GSM615379,3,1,0.27600853531157016
GSE25055,6,clinical,GSM615380,4,0,0.3798571331724685
GSE25055,6,clinical,GSM615381,3,0,0.04772048814406916
GSE25055,6,clinical,GSM615382,2,0,0.31193757350388746
GSE25055,6,clinical,GSM615383,0,1,0.044588919144718485
GSE25055,6,clinical,GSM615384,0,0,0.32314696694971856
GSE25055,6,clinical,GSM615385,1,0,0.38030502330216737
GSE25055,6,clinical,GSM615386,0,0,0.04700772156255355
GSE25055,6,clinical,GSM615387,4,0,0.388951910886926
GSE25055,6,clinical,GSM615388,4,0,0.0835553571200597
GSE25055,6,clinical,GSM615389,3,0,0.058378947927843455
GSE25055,6,clinical,GSM615390,2,0,0.3524248111288016
GSE25055,6,clinical,GSM615391,0,0,0.0370254593707622
GSE25055,6,clinical,GSM615392,1,0,0.2512627860807865
GSE25055,6,clinical,GSM615393,4,1,0.3663734114289854
GSE25055,6,clinical,GSM615394,0,1,0.2936441622585864
GSE25055,6,clinical,GSM615395,1,0,0.06344533655687276
GSE25055,6,clinical,GSM615396,2,1,0.39851258989525684
GSE25055,6,clinical,GSM615397,0,1,0.32314696694971856
GSE25055,6,clinical,GSM615398,0,0,0.04700772156255355
GSE25055,6,clinical,GSM615399,3,0,0.061034037777173596
GSE25055,6,clinical,GSM615400,1,0,0.05284724906085977
GSE25055,6,clinical,GSM615401,0,0,0.026128052436145778
GSE25055,6,clinical,GSM615402,4,0,0.07381487917971034
GSE25055,6,clinical,GSM615403,2,0,0.33970558656599836
GSE25055,6,clinical,GSM615404,0,0,0.03070373222510226
GSE25055,6,clinical,GSM615405,3,0,0.29530679816349714
GSE25055,6,score,GSM615096,3,0,0.056922267451537244
GSE25055,6,score,GSM615097,1,0,0.06392688368616915
GSE25055,6,score,GSM615098,3,0,0.30568584309940433
GSE25055,6,score,GSM615099,0,1,0.49641375127846954
GSE25055,6,score,GSM615100,4,0,0.22399076994170047
GSE25055,6,score,GSM615101,0,0,0.3636192452222432
GSE25055,6,score,GSM615102,3,0,0.29069517045493076
GSE25055,6,score,GSM615104,3,0,0.17076356177672752
GSE25055,6,score,GSM615106,4,0,0.10390830002411872
GSE25055,6,score,GSM615107,4,0,0.2652132461372559
GSE25055,6,score,GSM615108,2,0,0.17582344218989857
GSE25055,6,score,GSM615109,3,0,0.4358892720112907
GSE25055,6,score,GSM615111,2,0,0.1343060739442967
GSE25055,6,score,GSM615112,0,0,0.3720286760070789
GSE25055,6,score,GSM615113,0,0,0.31775465283547566
GSE25055,6,score,GSM615114,4,0,0.0754427279312843
GSE25055,6,score,GSM615115,4,0,0.17445971624119624
GSE25055,6,score,GSM615116,3,0,0.1107608230956411
GSE25055,6,score,GSM615117,1,0,0.351631064647723
GSE25055,6,score,GSM615120,0,0,0.05102168572136679
GSE25055,6,score,GSM615121,0,0,0.0642878438610904
GSE25055,6,score,GSM615122,3,1,0.04305515182291379
GSE25055,6,score,GSM615123,0,1,0.5140551409726604
GSE25055,6,score,GSM615124,1,0,0.1307101473150116
GSE25055,6,score,GSM615125,0,0,0.05529097936386383
GSE25055,6,score,GSM615126,1,0,0.15106595756267982
GSE25055,6,score,GSM615127,1,0,0.13278161460639856
GSE25055,6,score,GSM615128,0,0,0.06981675434639666
GSE25055,6,score,GSM615129,4,0,0.09037698727983498
GSE25055,6,score,GSM615130,1,0,0.08218514964575308
GSE25055,6,score,GSM615131,1,0,0.1233670679661105
GSE25055,6,score,GSM615132,0,0,0.08220074278350935
GSE25055,6,score,GSM615133,1,0,0.06559903294009428
GSE25055,6,score,GSM615134,2,0,0.05392220696714557
GSE25055,6,score,GSM615135,0,0,0.17173708520906703
GSE25055,6,score,GSM615136,3,0,0.3292232576366726
GSE25055,6,score,GSM615137,3,1,0.1371088739374822
GSE25055,6,score,GSM615138,0,0,0.09534496173202456
GSE25055,6,score,GSM615139,3,1,0.6021791706556802
GSE25055,6,score,GSM615140,1,1,0.21020769832612735
GSE25055,6,score,GSM615142,3,0,0.09064615178934471
GSE25055,6,score,GSM615143,4,1,0.235464993757044
GSE25055,6,score,GSM615144,3,0,0.09505552259324294
GSE25055,6,score,GSM615145,2,0,0.6367716151137301
GSE25055,6,score,GSM615146,1,1,0.21795963970157498
GSE25055,6,score,GSM615147,0,0,0.10484215779428573
GSE25055,6,score,GSM615148,3,0,0.23688879464951693
GSE25055,6,score,GSM615149,0,0,0.16565627854561846
GSE25055,6,score,GSM615150,4,0,0.05282541774752348
GSE25055,6,score,GSM615151,4,0,0.2606830724555006
GSE25055,6,score,GSM615153,2,0,0.16667712783967786
GSE25055,6,score,GSM615154,2,1,0.15701899074229803
GSE25055,6,score,GSM615155,4,0,0.2899495124913631
GSE25055,6,score,GSM615156,2,0,0.14641873626155863
GSE25055,6,score,GSM615157,2,0,0.051454012248938384
GSE25055,6,score,GSM615158,1,0,0.09127248492755863
GSE25055,6,score,GSM615159,2,0,0.07055603155921232
GSE25055,6,score,GSM615160,0,0,0.21448728895246466
GSE25055,6,score,GSM615162,3,0,0.04133921671893082
GSE25055,6,score,GSM615164,2,1,0.47980664022405684
GSE25055,6,score,GSM615165,3,0,0.07702516175565713
GSE25055,6,score,GSM615166,2,0,0.19485961748167602
GSE25055,6,score,GSM615167,1,1,0.07419040460071957
GSE25055,6,score,GSM615168,4,0,0.06173394656157353
GSE25055,6,score,GSM615169,0,0,0.27226725520538486
GSE25055,6,score,GSM615170,2,0,0.06445133721569504
GSE25055,6,score,GSM615171,3,1,0.13353000209908214
GSE25055,6,score,GSM615172,4,0,0.0778473787790919
GSE25055,6,score,GSM615173,2,0,0.0677430879105794
GSE25055,6,score,GSM615174,1,0,0.16732766771001334
GSE25055,6,score,GSM615175,4,1,0.3234218020411691
GSE25055,6,score,GSM615176,2,0,0.06883717542716479
GSE25055,6,score,GSM615177,2,0,0.13086579689005698
GSE25055,6,score,GSM615178,3,0,0.18928425967989676
GSE25055,6,score,GSM615179,2,0,0.12222336305814031
GSE25055,6,score,GSM615180,3,0,0.14926539566273755
GSE25055,6,score,GSM615181,2,1,0.25005318195335147
GSE25055,6,score,GSM615182,0,0,0.3397626143550784
GSE25055,6,score,GSM615183,2,0,0.05455105169798507
GSE25055,6,score,GSM615184,0,0,0.5489784061606445
GSE25055,6,score,GSM615185,1,0,0.16113772353418376
GSE25055,6,score,GSM615186,3,1,0.0632046893782366
GSE25055,6,score,GSM615187,2,0,0.17990826584284902
GSE25055,6,score,GSM615188,0,0,0.18527064247055341
GSE25055,6,score,GSM615189,0,0,0.21826195463718367
GSE25055,6,score,GSM615190,1,0,0.2588713051785722
GSE25055,6,score,GSM615191,4,1,0.5462916426797024
GSE25055,6,score,GSM615192,1,0,0.08291131164476874
GSE25055,6,score,GSM615193,4,1,0.22230309888799646
GSE25055,6,score,GSM615194,0,1,0.5064385515043941
GSE25055,6,score,GSM615195,0,0,0.5237298210735086
GSE25055,6,score,GSM615196,3,0,0.2865848620459038
GSE25055,6,score,GSM615197,1,0,0.3685015959213648
GSE25055,6,score,GSM615198,4,0,0.06475886430726559
GSE25055,6,score,GSM615199,4,0,0.13217630594631513
GSE25055,6,score,GSM615200,0,0,0.37698489344179625
GSE25055,6,score,GSM615201,2,1,0.28549998177871294
GSE25055,6,score,GSM615202,3,1,0.499658251678938
GSE25055,6,score,GSM615203,3,0,0.02546121101661872
GSE25055,6,score,GSM615204,1,0,0.05673470908322334
GSE25055,6,score,GSM615205,4,0,0.1002607239079357
GSE25055,6,score,GSM615206,1,0,0.06736623764837225
GSE25055,6,score,GSM615207,4,0,0.05311619388801533
GSE25055,6,score,GSM615208,0,0,0.06956419622294127
GSE25055,6,score,GSM615209,1,1,0.4069240771005988
GSE25055,6,score,GSM615210,2,0,0.03986719297076265
GSE25055,6,score,GSM615211,0,1,0.5272366996070339
GSE25055,6,score,GSM615212,2,1,0.07773134643847167
GSE25055,6,score,GSM615213,1,1,0.28170000703983566
GSE25055,6,score,GSM615214,2,0,0.030168066296796504
GSE25055,6,score,GSM615215,1,1,0.17815150156932033
GSE25055,6,score,GSM615216,3,0,0.18338841222279045
GSE25055,6,score,GSM615217,1,0,0.10627461064677421
GSE25055,6,score,GSM615218,2,0,0.18140859266247933
GSE25055,6,score,GSM615219,4,0,0.13872227322977976
GSE25055,6,score,GSM615220,3,0,0.015890343745027322
GSE25055,6,score,GSM615221,0,0,0.12270132634387465
GSE25055,6,score,GSM615222,1,0,0.046466946249188276
GSE25055,6,score,GSM615223,1,0,0.08401777609467449
GSE25055,6,score,GSM615224,2,0,0.020860789133740055
GSE25055,6,score,GSM615225,4,0,0.19987694746204476
GSE25055,6,score,GSM615226,2,0,0.03470410778687806
GSE25055,6,score,GSM615227,2,0,0.17938263394467696
GSE25055,6,score,GSM615228,4,0,0.12395039031857692
GSE25055,6,score,GSM615229,1,0,0.032139409015416356
GSE25055,6,score,GSM615230,4,0,0.04097038577662861
GSE25055,6,score,GSM615231,3,0,0.04052899729389485
GSE25055,6,score,GSM615232,1,0,0.04330603670380951
GSE25055,6,score,GSM615233,3,0,0.02608251497493752
GSE25055,6,score,GSM615234,1,0,0.07535077044280619
GSE25055,6,score,GSM615235,0,0,0.4058711029653979
GSE25055,6,score,GSM615236,3,0,0.13093868240313003
GSE25055,6,score,GSM615237,3,0,0.0461272933223024
GSE25055,6,score,GSM615238,0,0,0.02946575267501042
GSE25055,6,score,GSM615239,4,0,0.15294100898098834
GSE25055,6,score,GSM615240,2,1,0.05208303821225336
GSE25055,6,score,GSM615241,1,0,0.12477810944732073
GSE25055,6,score,GSM615242,4,1,0.30474305946591584
GSE25055,6,score,GSM615243,1,0,0.05321129573925491
GSE25055,6,score,GSM615244,3,0,0.06212913974204165
GSE25055,6,score,GSM615245,4,0,0.24307482200750474
GSE25055,6,score,GSM615246,1,0,0.15845317742396262
GSE25055,6,score,GSM615247,3,0,0.1263818681062941
GSE25055,6,score,GSM615248,3,0,0.45879758305124824
GSE25055,6,score,GSM615249,2,0,0.08698854706836504
GSE25055,6,score,GSM615250,0,0,0.4341530062886337
GSE25055,6,score,GSM615251,2,0,0.2961015810907858
GSE25055,6,score,GSM615252,2,0,0.04160033762916531
GSE25055,6,score,GSM615253,4,0,0.1223488424583713
GSE25055,6,score,GSM615254,3,0,0.06173895382269739
GSE25055,6,score,GSM615255,0,0,0.17509550924656136
GSE25055,6,score,GSM615256,4,1,0.23149231194961095
GSE25055,6,score,GSM615257,3,0,0.01901023853060682
GSE25055,6,score,GSM615258,4,0,0.1618014462665867
GSE25055,6,score,GSM615259,3,0,0.0465433119693987
GSE25055,6,score,GSM615260,1,0,0.4009235265322602
GSE25055,6,score,GSM615261,3,0,0.16164043738085523
GSE25055,6,score,GSM615262,2,0,0.04269929533475661
GSE25055,6,score,GSM615263,2,1,0.32271498393484127
GSE25055,6,score,GSM615264,4,1,0.09951792114250771
GSE25055,6,score,GSM615265,2,0,0.09461554525098116
GSE25055,6,score,GSM615266,4,0,0.19731356404007483
GSE25055,6,score,GSM615267,1,0,0.1050405180789161
GSE25055,6,score,GSM615268,2,0,0.11060403691391268
GSE25055,6,score,GSM615269,2,0,0.07722251621624783
GSE25055,6,score,GSM615270,0,1,0.4643082922936755
GSE25055,6,score,GSM615271,0,0,0.3479246500004361
GSE25055,6,score,GSM615272,1,0,0.07688413471847115
GSE25055,6,score,GSM615273,1,0,0.18680411731250404
GSE25055,6,score,GSM615274,0,0,0.4309685622380512
GSE25055,6,score,GSM615275,2,0,0.3934609550181621
GSE25055,6,score,GSM615276,2,0,0.1599135554750432
GSE25055,6,score,GSM615277,1,0,0.12217598679899684
GSE25055,6,score,GSM615278,4,0,0.11989782121336294
GSE25055,6,score,GSM615279,1,0,0.09261287918218332
GSE25055,6,score,GSM615280,0,1,0.3293520671055698
GSE25055,6,score,GSM615281,3,0,0.11327147798776936
GSE25055,6,score,GSM615282,2,0,0.1366564846060906
GSE25055,6,score,GSM615283,4,0,0.17105595895141437
GSE25055,6,score,GSM615284,4,1,0.30412040601027723
GSE25055,6,score,GSM615285,2,0,0.05652801981269536
GSE25055,6,score,GSM615286,4,0,0.34954096058934164
GSE25055,6,score,GSM615287,4,0,0.174956187011986
GSE25055,6,score,GSM615288,1,0,0.3121160403299023
GSE25055,6,score,GSM615289,0,0,0.36864277848507526
GSE25055,6,score,GSM615290,3,0,0.44300683624390497
GSE25055,6,score,GSM615291,3,1,0.22089668229311638
GSE25055,6,score,GSM615292,2,0,0.1121796725926082
GSE25055,6,score,GSM615293,1,1,0.5563448125863403
GSE25055,6,score,GSM615294,4,0,0.2187570041278068
GSE25055,6,score,GSM615295,2,0,0.0833723291043251
GSE25055,6,score,GSM615296,1,0,0.136043865681771
GSE25055,6,score,GSM615297,0,0,0.4837653262883561
GSE25055,6,score,GSM615298,4,0,0.10325227776619582
GSE25055,6,score,GSM615299,0,0,0.04175779815423655
GSE25055,6,score,GSM615300,1,1,0.1477521939730347
GSE25055,6,score,GSM615301,0,0,0.2448770181760266
GSE25055,6,score,GSM615302,3,0,0.12678915101601373
GSE25055,6,score,GSM615303,1,0,0.23704541519401284
GSE25055,6,score,GSM615304,3,0,0.0466402602796682
GSE25055,6,score,GSM615305,3,0,0.07631909285573579
GSE25055,6,score,GSM615306,4,0,0.07200894456540088
GSE25055,6,score,GSM615307,2,1,0.6401698509484434
GSE25055,6,score,GSM615308,3,0,0.058076175516580224
GSE25055,6,score,GSM615309,2,0,0.09789171556324114
GSE25055,6,score,GSM615310,0,1,0.6321130608870271
GSE25055,6,score,GSM615311,1,0,0.047278579089791974
GSE25055,6,score,GSM615312,0,0,0.19244162670952028
GSE25055,6,score,GSM615313,3,0,0.03614717769563071
GSE25055,6,score,GSM615314,4,0,0.055765702243266185
GSE25055,6,score,GSM615315,2,0,0.3908071199080911
GSE25055,6,score,GSM615316,0,0,0.026407824026514117
GSE25055,6,score,GSM615317,1,0,0.29187220847962153
GSE25055,6,score,GSM615318,0,0,0.05568410433261052
GSE25055,6,score,GSM615319,2,0,0.13419102301337663
GSE25055,6,score,GSM615320,0,0,0.4936485974915952
GSE25055,6,score,GSM615321,0,0,0.2755682194904523
GSE25055,6,score,GSM615322,2,0,0.3909565795253207
GSE25055,6,score,GSM615323,1,0,0.06004447349042128
GSE25055,6,score,GSM615324,4,1,0.5894683647553597
GSE25055,6,score,GSM615325,3,1,0.4425573733126199
GSE25055,6,score,GSM615326,4,0,0.5149411727081744
GSE25055,6,score,GSM615327,3,0,0.2753255470280563
GSE25055,6,score,GSM615328,4,0,0.06260956882129055
GSE25055,6,score,GSM615329,3,0,0.04430322936759136
GSE25055,6,score,GSM615330,3,0,0.050873692855832965
GSE25055,6,score,GSM615331,4,1,0.08363427395428166
GSE25055,6,score,GSM615332,0,0,0.21085119231794996
GSE25055,6,score,GSM615333,3,0,0.1688954369051032
GSE25055,6,score,GSM615334,1,1,0.5635422377720016
GSE25055,6,score,GSM615335,2,0,0.24845343441227952
GSE25055,6,score,GSM615336,1,1,0.39971214797105387
GSE25055,6,score,GSM615337,2,0,0.09664096046630243
GSE25055,6,score,GSM615338,3,1,0.21855172952750718
GSE25055,6,score,GSM615339,1,0,0.04496216726943488
GSE25055,6,score,GSM615340,4,0,0.07799087882428621
GSE25055,6,score,GSM615341,3,0,0.04604157531708476
GSE25055,6,score,GSM615342,4,0,0.08799421235478934
GSE25055,6,score,GSM615343,1,0,0.18205556226604674
GSE25055,6,score,GSM615344,4,0,0.07710706081899217
GSE25055,6,score,GSM615345,0,0,0.04116980647847575
GSE25055,6,score,GSM615346,0,0,0.35885942750027094
GSE25055,6,score,GSM615347,4,0,0.2993077970547847
GSE25055,6,score,GSM615348,2,0,0.2563955993474895
GSE25055,6,score,GSM615349,3,0,0.07187632810431789
GSE25055,6,score,GSM615350,4,0,0.14204108539386837
GSE25055,6,score,GSM615351,2,0,0.11656528511905992
GSE25055,6,score,GSM615352,2,0,0.029702236118883354
GSE25055,6,score,GSM615353,0,1,0.15130161789605273
GSE25055,6,score,GSM615354,1,1,0.236699813641083
GSE25055,6,score,GSM615355,1,0,0.17799013214463688
GSE25055,6,score,GSM615356,4,0,0.11320639172717738
GSE25055,6,score,GSM615357,2,1,0.4086403405196389
GSE25055,6,score,GSM615358,4,0,0.0687636708748226
GSE25055,6,score,GSM615359,2,1,0.47894195981754206
GSE25055,6,score,GSM615360,0,0,0.08720636256333833
GSE25055,6,score,GSM615361,2,0,0.17124255212675907
GSE25055,6,score,GSM615362,1,0,0.06331643330811465
GSE25055,6,score,GSM615363,1,0,0.10875764059388986
GSE25055,6,score,GSM615364,1,0,0.3186970064329094
GSE25055,6,score,GSM615365,3,0,0.08734948807416228
GSE25055,6,score,GSM615366,0,0,0.0574339524210189
GSE25055,6,score,GSM615367,1,0,0.11371207359302508
GSE25055,6,score,GSM615368,0,0,0.5352215689045188
GSE25055,6,score,GSM615369,4,0,0.10971703737213745
GSE25055,6,score,GSM615370,4,0,0.1388595917809856
GSE25055,6,score,GSM615371,0,1,0.26302355377064707
GSE25055,6,score,GSM615372,3,0,0.2468890953290637
GSE25055,6,score,GSM615373,2,0,0.15757192028825345
GSE25055,6,score,GSM615374,4,0,0.03740150306797787
GSE25055,6,score,GSM615375,3,1,0.7743234915380549
GSE25055,6,score,GSM615376,4,0,0.09516909904539914
GSE25055,6,score,GSM615377,1,0,0.02956379554238055
GSE25055,6,score,GSM615378,3,0,0.2043235634453703
GSE25055,6,score,GSM615379,3,1,0.12696624276127974
GSE25055,6,score,GSM615380,4,0,0.4737802282243284
GSE25055,6,score,GSM615381,3,0,0.0218485818133595
GSE25055,6,score,GSM615382,2,0,0.07587326595564393
GSE25055,6,score,GSM615383,0,1,0.047300336086395535
GSE25055,6,score,GSM615384,0,0,0.130849623551929
GSE25055,6,score,GSM615385,1,0,0.0451860942822341
GSE25055,6,score,GSM615386,0,0,0.02489992573020804
GSE25055,6,score,GSM615387,4,0,0.11965228725222175
GSE25055,6,score,GSM615388,4,0,0.07173551440879153
GSE25055,6,score,GSM615389,3,0,0.07094191310453711
GSE25055,6,score,GSM615390,2,0,0.3468972773425853
GSE25055,6,score,GSM615391,0,0,0.06193325280194283
GSE25055,6,score,GSM615392,1,0,0.31931216870527634
GSE25055,6,score,GSM615393,4,1,0.12407788436194545
GSE25055,6,score,GSM615394,0,1,0.14904916251770717
GSE25055,6,score,GSM615395,1,0,0.0459824787698942
GSE25055,6,score,GSM615396,2,1,0.2762031173138664
GSE25055,6,score,GSM615397,0,1,0.3119819308674524
GSE25055,6,score,GSM615398,0,0,0.18933198089530978
GSE25055,6,score,GSM615399,3,0,0.08382897709037294
GSE25055,6,score,GSM615400,1,0,0.08546304730255608
GSE25055,6,score,GSM615401,0,0,0.1969101661522305
GSE25055,6,score,GSM615402,4,0,0.10172313732269841
GSE25055,6,score,GSM615403,2,0,0.310265364512239
GSE25055,6,score,GSM615404,0,0,0.11287942885524611
GSE25055,6,score,GSM615405,3,0,0.49315423201033093
GSE25055,6,combined,GSM615096,3,0,0.04395790954478582
GSE25055,6,combined,GSM615097,1,0,0.05278523100612387
GSE25055,6,combined,GSM615098,3,0,0.4318061225820385
GSE25055,6,combined,GSM615099,0,1,0.604607989162111
GSE25055,6,combined,GSM615100,4,0,0.14912117365043556
GSE25055,6,combined,GSM615101,0,0,0.43237021545419824
GSE25055,6,combined,GSM615102,3,0,0.431295948493811
GSE25055,6,combined,GSM615104,3,0,0.27916973378642557
GSE25055,6,combined,GSM615106,4,0,0.18206038170866104
GSE25055,6,combined,GSM615107,4,0,0.3986302565614954
GSE25055,6,combined,GSM615108,2,0,0.10164171502676457
GSE25055,6,combined,GSM615109,3,0,0.4433912381434128
GSE25055,6,combined,GSM615111,2,0,0.220891444326868
GSE25055,6,combined,GSM615112,0,0,0.35839211493173234
GSE25055,6,combined,GSM615113,0,0,0.47030624105015073
GSE25055,6,combined,GSM615114,4,0,0.04717942426510558
GSE25055,6,combined,GSM615115,4,0,0.28328655178440537
GSE25055,6,combined,GSM615116,3,0,0.18710119941092943
GSE25055,6,combined,GSM615117,1,0,0.2564741106314092
GSE25055,6,combined,GSM615120,0,0,0.02343422333930164
GSE25055,6,combined,GSM615121,0,0,0.044547112034610016
GSE25055,6,combined,GSM615122,3,1,0.040559731436212616
GSE25055,6,combined,GSM615123,0,1,0.14093546417271283
GSE25055,6,combined,GSM615124,1,0,0.0713898871118921
GSE25055,6,combined,GSM615125,0,0,0.03231699799091914
GSE25055,6,combined,GSM615126,1,0,0.10892825486501767
GSE25055,6,combined,GSM615127,1,0,0.06942872979310544
GSE25055,6,combined,GSM615128,0,0,0.03136955480282403
GSE25055,6,combined,GSM615129,4,0,0.05335093063824099
GSE25055,6,combined,GSM615130,1,0,0.0655080455164026
GSE25055,6,combined,GSM615131,1,0,0.06697121344527814
GSE25055,6,combined,GSM615132,0,0,0.03800318772769402
GSE25055,6,combined,GSM615133,1,0,0.048658386778964044
GSE25055,6,combined,GSM615134,2,0,0.04211382088465139
GSE25055,6,combined,GSM615135,0,0,0.24447651730432285
GSE25055,6,combined,GSM615136,3,0,0.35817807688151265
GSE25055,6,combined,GSM615137,3,1,0.08966458811672479
GSE25055,6,combined,GSM615138,0,0,0.060224612747430614
GSE25055,6,combined,GSM615139,3,1,0.5779538575368615
GSE25055,6,combined,GSM615140,1,1,0.3207461713964061
GSE25055,6,combined,GSM615142,3,0,0.047950967822890656
GSE25055,6,combined,GSM615143,4,1,0.3488355120050912
GSE25055,6,combined,GSM615144,3,0,0.040802515706737374
GSE25055,6,combined,GSM615145,2,0,0.6210411636937393
GSE25055,6,combined,GSM615146,1,1,0.3307035402377717
GSE25055,6,combined,GSM615147,0,0,0.03114512726009188
GSE25055,6,combined,GSM615148,3,0,0.3752408532555953
GSE25055,6,combined,GSM615149,0,0,0.32946576300984
GSE25055,6,combined,GSM615150,4,0,0.04247489898614983
GSE25055,6,combined,GSM615151,4,0,0.36274693611777453
GSE25055,6,combined,GSM615153,2,0,0.0752486972512522
GSE25055,6,combined,GSM615154,2,1,0.27496263845983715
GSE25055,6,combined,GSM615155,4,0,0.19633594771597612
GSE25055,6,combined,GSM615156,2,0,0.27043693105503
GSE25055,6,combined,GSM615157,2,0,0.03893066075909152
GSE25055,6,combined,GSM615158,1,0,0.05457944753519453
GSE25055,6,combined,GSM615159,2,0,0.15290182125273621
GSE25055,6,combined,GSM615160,0,0,0.42353189029739663
GSE25055,6,combined,GSM615162,3,0,0.03180286344188773
GSE25055,6,combined,GSM615164,2,1,0.5554596335317514
GSE25055,6,combined,GSM615165,3,0,0.04948224255803371
GSE25055,6,combined,GSM615166,2,0,0.12043814438911085
GSE25055,6,combined,GSM615167,1,1,0.16988025725446146
GSE25055,6,combined,GSM615168,4,0,0.04275874899305806
GSE25055,6,combined,GSM615169,0,0,0.39853082395422934
GSE25055,6,combined,GSM615170,2,0,0.04623754031340875
GSE25055,6,combined,GSM615171,3,1,0.25160607536031243
GSE25055,6,combined,GSM615172,4,0,0.04229081668596048
GSE25055,6,combined,GSM615173,2,0,0.04676476874992641
GSE25055,6,combined,GSM615174,1,0,0.12146350809979047
GSE25055,6,combined,GSM615175,4,1,0.42552923754028316
GSE25055,6,combined,GSM615176,2,0,0.04902239010895607
GSE25055,6,combined,GSM615177,2,0,0.0760533067467268
GSE25055,6,combined,GSM615178,3,0,0.33272510129507327
GSE25055,6,combined,GSM615179,2,0,0.06588489443426666
GSE25055,6,combined,GSM615180,3,0,0.07694179095467096
GSE25055,6,combined,GSM615181,2,1,0.34114912190042834
GSE25055,6,combined,GSM615182,0,0,0.2629326132329527
GSE25055,6,combined,GSM615183,2,0,0.04876615830227196
GSE25055,6,combined,GSM615184,0,0,0.5625077699740989
GSE25055,6,combined,GSM615185,1,0,0.18339635870199963
GSE25055,6,combined,GSM615186,3,1,0.03683839553468804
GSE25055,6,combined,GSM615187,2,0,0.0783026344960625
GSE25055,6,combined,GSM615188,0,0,0.2437044593766468
GSE25055,6,combined,GSM615189,0,0,0.24572616250390417
GSE25055,6,combined,GSM615190,1,0,0.37909614193791286
GSE25055,6,combined,GSM615191,4,1,0.6181891808835704
GSE25055,6,combined,GSM615192,1,0,0.05901929151716623
GSE25055,6,combined,GSM615193,4,1,0.34869992615503087
GSE25055,6,combined,GSM615194,0,1,0.4596332439521336
GSE25055,6,combined,GSM615195,0,0,0.7011640699995564
GSE25055,6,combined,GSM615196,3,0,0.10332830964914635
GSE25055,6,combined,GSM615197,1,0,0.3386727342996952
GSE25055,6,combined,GSM615198,4,0,0.03884490665017098
GSE25055,6,combined,GSM615199,4,0,0.09477423166966625
GSE25055,6,combined,GSM615200,0,0,0.11475188876390195
GSE25055,6,combined,GSM615201,2,1,0.1659695128906544
GSE25055,6,combined,GSM615202,3,1,0.573956198267934
GSE25055,6,combined,GSM615203,3,0,0.012132234965530486
GSE25055,6,combined,GSM615204,1,0,0.04789254036151693
GSE25055,6,combined,GSM615205,4,0,0.043899572390073485
GSE25055,6,combined,GSM615206,1,0,0.05382321282493089
GSE25055,6,combined,GSM615207,4,0,0.044639180050762485
GSE25055,6,combined,GSM615208,0,0,0.018049805242695414
GSE25055,6,combined,GSM615209,1,1,0.4175246059329887
GSE25055,6,combined,GSM615210,2,0,0.020422788049376726
GSE25055,6,combined,GSM615211,0,1,0.6637431000563798
GSE25055,6,combined,GSM615212,2,1,0.15642775865457992
GSE25055,6,combined,GSM615213,1,1,0.3296558946497647
GSE25055,6,combined,GSM615214,2,0,0.022834601914256288
GSE25055,6,combined,GSM615215,1,1,0.269389039902082
GSE25055,6,combined,GSM615216,3,0,0.07408974983148103
GSE25055,6,combined,GSM615217,1,0,0.07073543521042913
GSE25055,6,combined,GSM615218,2,0,0.253707012049503
GSE25055,6,combined,GSM615219,4,0,0.09832448331387408
GSE25055,6,combined,GSM615220,3,0,0.019712593165455206
GSE25055,6,combined,GSM615221,0,0,0.06579240343296415
GSE25055,6,combined,GSM615222,1,0,0.039491118491490104
GSE25055,6,combined,GSM615223,1,0,0.1285094189756202
GSE25055,6,combined,GSM615224,2,0,0.01778222040530645
GSE25055,6,combined,GSM615225,4,0,0.24587713407756243
GSE25055,6,combined,GSM615226,2,0,0.023891250715549945
GSE25055,6,combined,GSM615227,2,0,0.09567020535336958
GSE25055,6,combined,GSM615228,4,0,0.08394563369749067
GSE25055,6,combined,GSM615229,1,0,0.07373502530037165
GSE25055,6,combined,GSM615230,4,0,0.039086433415946795
GSE25055,6,combined,GSM615231,3,0,0.027498575395652234
GSE25055,6,combined,GSM615232,1,0,0.03224017327837455
GSE25055,6,combined,GSM615233,3,0,0.012598748050684975
GSE25055,6,combined,GSM615234,1,0,0.060949952803427
GSE25055,6,combined,GSM615235,0,0,0.07511738629430363
GSE25055,6,combined,GSM615236,3,0,0.043992782496648404
GSE25055,6,combined,GSM615237,3,0,0.03272246504142947
GSE25055,6,combined,GSM615238,0,0,0.021476356879174357
GSE25055,6,combined,GSM615239,4,0,0.09179133174852018
GSE25055,6,combined,GSM615240,2,1,0.11821396011921743
GSE25055,6,combined,GSM615241,1,0,0.0662886533858189
GSE25055,6,combined,GSM615242,4,1,0.3934394533466743
GSE25055,6,combined,GSM615243,1,0,0.045547373777738105
GSE25055,6,combined,GSM615244,3,0,0.13399221616425955
GSE25055,6,combined,GSM615245,4,0,0.15791845592598264
GSE25055,6,combined,GSM615246,1,0,0.1517405885935926
GSE25055,6,combined,GSM615247,3,0,0.07692489478803854
GSE25055,6,combined,GSM615248,3,0,0.22571205385179455
GSE25055,6,combined,GSM615249,2,0,0.042539555253515285
GSE25055,6,combined,GSM615250,0,0,0.3989835638068247
GSE25055,6,combined,GSM615251,2,0,0.4006719908587249
GSE25055,6,combined,GSM615252,2,0,0.02920557417250602
GSE25055,6,combined,GSM615253,4,0,0.08464759457682815
GSE25055,6,combined,GSM615254,3,0,0.03762471269944399
GSE25055,6,combined,GSM615255,0,0,0.3752079430117615
GSE25055,6,combined,GSM615256,4,1,0.1172447926230632
GSE25055,6,combined,GSM615257,3,0,0.012913816557784051
GSE25055,6,combined,GSM615258,4,0,0.08148587234607477
GSE25055,6,combined,GSM615259,3,0,0.023625928061641738
GSE25055,6,combined,GSM615260,1,0,0.2123594623371378
GSE25055,6,combined,GSM615261,3,0,0.0667959671943173
GSE25055,6,combined,GSM615262,2,0,0.03581955590347292
GSE25055,6,combined,GSM615263,2,1,0.35943409192463815
GSE25055,6,combined,GSM615264,4,1,0.19527414115229563
GSE25055,6,combined,GSM615265,2,0,0.14680056660355045
GSE25055,6,combined,GSM615266,4,0,0.0873998159334699
GSE25055,6,combined,GSM615267,1,0,0.08361761768615364
GSE25055,6,combined,GSM615268,2,0,0.08284364460779643
GSE25055,6,combined,GSM615269,2,0,0.058196859493419774
GSE25055,6,combined,GSM615270,0,1,0.605085191789137
GSE25055,6,combined,GSM615271,0,0,0.12211343140651428
GSE25055,6,combined,GSM615272,1,0,0.044684325309416066
GSE25055,6,combined,GSM615273,1,0,0.12049783497841599
GSE25055,6,combined,GSM615274,0,0,0.07766706546697173
GSE25055,6,combined,GSM615275,2,0,0.41872146276655936
GSE25055,6,combined,GSM615276,2,0,0.24401862568191598
GSE25055,6,combined,GSM615277,1,0,0.08203708389952595
GSE25055,6,combined,GSM615278,4,0,0.07467983793130618
GSE25055,6,combined,GSM615279,1,0,0.06563491586490469
GSE25055,6,combined,GSM615280,0,1,0.1261922345515217
GSE25055,6,combined,GSM615281,3,0,0.06560276366002205
GSE25055,6,combined,GSM615282,2,0,0.06799327458334994
GSE25055,6,combined,GSM615283,4,0,0.08214651611536622
GSE25055,6,combined,GSM615284,4,1,0.3741188157886904
GSE25055,6,combined,GSM615285,2,0,0.04307619196397246
GSE25055,6,combined,GSM615286,4,0,0.13989513430180728
GSE25055,6,combined,GSM615287,4,0,0.26094066948988814
GSE25055,6,combined,GSM615288,1,0,0.42324911998666825
GSE25055,6,combined,GSM615289,0,0,0.12183837444574588
GSE25055,6,combined,GSM615290,3,0,0.14653102531198084
GSE25055,6,combined,GSM615291,3,1,0.2760236337972535
GSE25055,6,combined,GSM615292,2,0,0.07026770662358992
GSE25055,6,combined,GSM615293,1,1,0.6487856843794945
GSE25055,6,combined,GSM615294,4,0,0.12427074071785758
GSE25055,6,combined,GSM615295,2,0,0.1536071698114018
GSE25055,6,combined,GSM615296,1,0,0.09598985334579677
GSE25055,6,combined,GSM615297,0,0,0.46771639842733714
GSE25055,6,combined,GSM615298,4,0,0.07584799511541472
GSE25055,6,combined,GSM615299,0,0,0.024669119925323536
GSE25055,6,combined,GSM615300,1,1,0.19466292376818614
GSE25055,6,combined,GSM615301,0,0,0.2820815522276139
GSE25055,6,combined,GSM615302,3,0,0.05819948272531366
GSE25055,6,combined,GSM615303,1,0,0.23547471365088796
GSE25055,6,combined,GSM615304,3,0,0.026101112862648216
GSE25055,6,combined,GSM615305,3,0,0.05344499038485634
GSE25055,6,combined,GSM615306,4,0,0.041268045153715516
GSE25055,6,combined,GSM615307,2,1,0.7070368611425496
GSE25055,6,combined,GSM615308,3,0,0.03457203746563322
GSE25055,6,combined,GSM615309,2,0,0.06499347146971532
GSE25055,6,combined,GSM615310,0,1,0.13877483274082186
GSE25055,6,combined,GSM615311,1,0,0.05169496881131588
GSE25055,6,combined,GSM615312,0,0,0.3102026290805499
GSE25055,6,combined,GSM615313,3,0,0.024775378763257683
GSE25055,6,combined,GSM615314,4,0,0.026522752777793458
GSE25055,6,combined,GSM615315,2,0,0.526884015417742
GSE25055,6,combined,GSM615316,0,0,0.010061402937118004
GSE25055,6,combined,GSM615317,1,0,0.3644066942134375
GSE25055,6,combined,GSM615318,0,0,0.029817425649005327
GSE25055,6,combined,GSM615319,2,0,0.18830264393655005
GSE25055,6,combined,GSM615320,0,0,0.6086946203804765
GSE25055,6,combined,GSM615321,0,0,0.3851866521642046
GSE25055,6,combined,GSM615322,2,0,0.44791403109972044
GSE25055,6,combined,GSM615323,1,0,0.15231797899107338
GSE25055,6,combined,GSM615324,4,1,0.5917857718130425
GSE25055,6,combined,GSM615325,3,1,0.5275220562093031
GSE25055,6,combined,GSM615326,4,0,0.22775965160272377
GSE25055,6,combined,GSM615327,3,0,0.2950401415478878
GSE25055,6,combined,GSM615328,4,0,0.047602494323761346
GSE25055,6,combined,GSM615329,3,0,0.034328398677063804
GSE25055,6,combined,GSM615330,3,0,0.09091284930640316
GSE25055,6,combined,GSM615331,4,1,0.04364430696614179
GSE25055,6,combined,GSM615332,0,0,0.043729195655042005
GSE25055,6,combined,GSM615333,3,0,0.271617709359733
GSE25055,6,combined,GSM615334,1,1,0.5155359620655764
GSE25055,6,combined,GSM615335,2,0,0.33261500867475946
GSE25055,6,combined,GSM615336,1,1,0.44467149657013627
GSE25055,6,combined,GSM615337,2,0,0.06339193875170358
GSE25055,6,combined,GSM615338,3,1,0.2821059203556097
GSE25055,6,combined,GSM615339,1,0,0.03199762287394132
GSE25055,6,combined,GSM615340,4,0,0.05100033479858138
GSE25055,6,combined,GSM615341,3,0,0.031429346938668896
GSE25055,6,combined,GSM615342,4,0,0.18615786642906676
GSE25055,6,combined,GSM615343,1,0,0.15873078478082925
GSE25055,6,combined,GSM615344,4,0,0.13257799197577466
GSE25055,6,combined,GSM615345,0,0,0.09135013243602952
GSE25055,6,combined,GSM615346,0,0,0.5059329555743254
GSE25055,6,combined,GSM615347,4,0,0.27511029040497864
GSE25055,6,combined,GSM615348,2,0,0.4063749652760753
GSE25055,6,combined,GSM615349,3,0,0.04137628808732969
GSE25055,6,combined,GSM615350,4,0,0.19776226253676588
GSE25055,6,combined,GSM615351,2,0,0.06630293655330692
GSE25055,6,combined,GSM615352,2,0,0.016792308239517058
GSE25055,6,combined,GSM615353,0,1,0.06068873949931167
GSE25055,6,combined,GSM615354,1,1,0.3190713356320627
GSE25055,6,combined,GSM615355,1,0,0.11769173641871361
GSE25055,6,combined,GSM615356,4,0,0.2190294670881828
GSE25055,6,combined,GSM615357,2,1,0.4578304546420091
GSE25055,6,combined,GSM615358,4,0,0.03228128815555369
GSE25055,6,combined,GSM615359,2,1,0.5197312512924029
GSE25055,6,combined,GSM615360,0,0,0.033782795335226996
GSE25055,6,combined,GSM615361,2,0,0.07732114200627245
GSE25055,6,combined,GSM615362,1,0,0.04680092668152736
GSE25055,6,combined,GSM615363,1,0,0.2157448071857211
GSE25055,6,combined,GSM615364,1,0,0.44788334213072234
GSE25055,6,combined,GSM615365,3,0,0.03734532993073717
GSE25055,6,combined,GSM615366,0,0,0.03134207153949611
GSE25055,6,combined,GSM615367,1,0,0.07878094486432502
GSE25055,6,combined,GSM615368,0,0,0.7135886702076248
GSE25055,6,combined,GSM615369,4,0,0.1921298199376396
GSE25055,6,combined,GSM615370,4,0,0.10198502319864848
GSE25055,6,combined,GSM615371,0,1,0.26424671396635246
GSE25055,6,combined,GSM615372,3,0,0.3879703684973391
GSE25055,6,combined,GSM615373,2,0,0.09642590431703466
GSE25055,6,combined,GSM615374,4,0,0.02635635479816024
GSE25055,6,combined,GSM615375,3,1,0.6309709493717679
GSE25055,6,combined,GSM615376,4,0,0.17200409075301484
GSE25055,6,combined,GSM615377,1,0,0.027246582966960874
GSE25055,6,combined,GSM615378,3,0,0.33746971408766685
GSE25055,6,combined,GSM615379,3,1,0.1805534128120696
GSE25055,6,combined,GSM615380,4,0,0.5524472380326713
GSE25055,6,combined,GSM615381,3,0,0.013480089738618367
GSE25055,6,combined,GSM615382,2,0,0.13245875486512773
GSE25055,6,combined,GSM615383,0,1,0.023788890269303586
GSE25055,6,combined,GSM615384,0,0,0.21807852959976334
GSE25055,6,combined,GSM615385,1,0,0.11454727613869392
GSE25055,6,combined,GSM615386,0,0,0.016591300079682108
GSE25055,6,combined,GSM615387,4,0,0.2448555995518823
GSE25055,6,combined,GSM615388,4,0,0.05784257191416871
GSE25055,6,combined,GSM615389,3,0,0.0386631920232562
GSE25055,6,combined,GSM615390,2,0,0.4359654553787256
GSE25055,6,combined,GSM615391,0,0,0.023133752531388684
GSE25055,6,combined,GSM615392,1,0,0.30994284675424705
GSE25055,6,combined,GSM615393,4,1,0.2322607960209688
GSE25055,6,combined,GSM615394,0,1,0.20900243808717653
GSE25055,6,combined,GSM615395,1,0,0.029137259804290203
GSE25055,6,combined,GSM615396,2,1,0.42893012538278236
GSE25055,6,combined,GSM615397,0,1,0.36201704175668864
GSE25055,6,combined,GSM615398,0,0,0.06559835973546163
GSE25055,6,combined,GSM615399,3,0,0.04560813455324964
GSE25055,6,combined,GSM615400,1,0,0.04052540974289364
GSE25055,6,combined,GSM615401,0,0,0.03584857984584978
GSE25055,6,combined,GSM615402,4,0,0.065896962848763
GSE25055,6,combined,GSM615403,2,0,0.3900763700411903
GSE25055,6,combined,GSM615404,0,0,0.028398594692326366
GSE25055,6,combined,GSM615405,3,0,0.48928898739468385
GSE25055,7,intercept,GSM615096,0,0,0.18333333333333332
GSE25055,7,intercept,GSM615097,3,0,0.18672199170124482
GSE25055,7,intercept,GSM615098,3,0,0.18672199170124482
GSE25055,7,intercept,GSM615099,1,1,0.18672199170124482
GSE25055,7,intercept,GSM615100,3,0,0.18672199170124482
GSE25055,7,intercept,GSM615101,3,0,0.18672199170124482
GSE25055,7,intercept,GSM615102,1,0,0.18672199170124482
GSE25055,7,intercept,GSM615104,2,0,0.18672199170124482
GSE25055,7,intercept,GSM615106,2,0,0.18672199170124482
GSE25055,7,intercept,GSM615107,2,0,0.18672199170124482
GSE25055,7,intercept,GSM615108,1,0,0.18672199170124482
GSE25055,7,intercept,GSM615109,1,0,0.18672199170124482
GSE25055,7,intercept,GSM615111,4,0,0.18672199170124482
GSE25055,7,intercept,GSM615112,3,0,0.18672199170124482
GSE25055,7,intercept,GSM615113,2,0,0.18672199170124482
GSE25055,7,intercept,GSM615114,0,0,0.18333333333333332
GSE25055,7,intercept,GSM615115,0,0,0.18333333333333332
GSE25055,7,intercept,GSM615116,4,0,0.18672199170124482
GSE25055,7,intercept,GSM615117,4,0,0.18672199170124482
GSE25055,7,intercept,GSM615120,2,0,0.18672199170124482
GSE25055,7,intercept,GSM615121,2,0,0.18672199170124482
GSE25055,7,intercept,GSM615122,1,1,0.18672199170124482
GSE25055,7,intercept,GSM615123,1,1,0.18672199170124482
GSE25055,7,intercept,GSM615124,2,0,0.18672199170124482
GSE25055,7,intercept,GSM615125,4,0,0.18672199170124482
GSE25055,7,intercept,GSM615126,4,0,0.18672199170124482
GSE25055,7,intercept,GSM615127,3,0,0.18672199170124482
GSE25055,7,intercept,GSM615128,0,0,0.18333333333333332
GSE25055,7,intercept,GSM615129,3,0,0.18672199170124482
GSE25055,7,intercept,GSM615130,2,0,0.18672199170124482
GSE25055,7,intercept,GSM615131,1,0,0.18672199170124482
GSE25055,7,intercept,GSM615132,1,0,0.18672199170124482
GSE25055,7,intercept,GSM615133,3,0,0.18672199170124482
GSE25055,7,intercept,GSM615134,4,0,0.18672199170124482
GSE25055,7,intercept,GSM615135,4,0,0.18672199170124482
GSE25055,7,intercept,GSM615136,0,0,0.18333333333333332
GSE25055,7,intercept,GSM615137,0,1,0.18333333333333332
GSE25055,7,intercept,GSM615138,1,0,0.18672199170124482
GSE25055,7,intercept,GSM615139,3,1,0.18672199170124482
GSE25055,7,intercept,GSM615140,2,1,0.18672199170124482
GSE25055,7,intercept,GSM615142,0,0,0.18333333333333332
GSE25055,7,intercept,GSM615143,0,1,0.18333333333333332
GSE25055,7,intercept,GSM615144,3,0,0.18672199170124482
GSE25055,7,intercept,GSM615145,3,0,0.18672199170124482
GSE25055,7,intercept,GSM615146,4,1,0.18672199170124482
GSE25055,7,intercept,GSM615147,3,0,0.18672199170124482
GSE25055,7,intercept,GSM615148,1,0,0.18672199170124482
GSE25055,7,intercept,GSM615149,0,0,0.18333333333333332
GSE25055,7,intercept,GSM615150,2,0,0.18672199170124482
GSE25055,7,intercept,GSM615151,4,0,0.18672199170124482
GSE25055,7,intercept,GSM615153,1,0,0.18672199170124482
GSE25055,7,intercept,GSM615154,2,1,0.18672199170124482
GSE25055,7,intercept,GSM615155,0,0,0.18333333333333332
GSE25055,7,intercept,GSM615156,4,0,0.18672199170124482
GSE25055,7,intercept,GSM615157,2,0,0.18672199170124482
GSE25055,7,intercept,GSM615158,1,0,0.18672199170124482
GSE25055,7,intercept,GSM615159,1,0,0.18672199170124482
GSE25055,7,intercept,GSM615160,0,0,0.18333333333333332
GSE25055,7,intercept,GSM615162,1,0,0.18672199170124482
GSE25055,7,intercept,GSM615164,3,1,0.18672199170124482
GSE25055,7,intercept,GSM615165,1,0,0.18672199170124482
GSE25055,7,intercept,GSM615166,4,0,0.18672199170124482
GSE25055,7,intercept,GSM615167,4,1,0.18672199170124482
GSE25055,7,intercept,GSM615168,0,0,0.18333333333333332
GSE25055,7,intercept,GSM615169,4,0,0.18672199170124482
GSE25055,7,intercept,GSM615170,2,0,0.18672199170124482
GSE25055,7,intercept,GSM615171,3,1,0.18672199170124482
GSE25055,7,intercept,GSM615172,4,0,0.18672199170124482
GSE25055,7,intercept,GSM615173,4,0,0.18672199170124482
GSE25055,7,intercept,GSM615174,3,0,0.18672199170124482
GSE25055,7,intercept,GSM615175,4,1,0.18672199170124482
GSE25055,7,intercept,GSM615176,4,0,0.18672199170124482
GSE25055,7,intercept,GSM615177,2,0,0.18672199170124482
GSE25055,7,intercept,GSM615178,1,0,0.18672199170124482
GSE25055,7,intercept,GSM615179,0,0,0.18333333333333332
GSE25055,7,intercept,GSM615180,1,0,0.18672199170124482
GSE25055,7,intercept,GSM615181,1,1,0.18672199170124482
GSE25055,7,intercept,GSM615182,2,0,0.18672199170124482
GSE25055,7,intercept,GSM615183,3,0,0.18672199170124482
GSE25055,7,intercept,GSM615184,2,0,0.18672199170124482
GSE25055,7,intercept,GSM615185,2,0,0.18672199170124482
GSE25055,7,intercept,GSM615186,1,1,0.18672199170124482
GSE25055,7,intercept,GSM615187,0,0,0.18333333333333332
GSE25055,7,intercept,GSM615188,3,0,0.18672199170124482
GSE25055,7,intercept,GSM615189,2,0,0.18672199170124482
GSE25055,7,intercept,GSM615190,1,0,0.18672199170124482
GSE25055,7,intercept,GSM615191,2,1,0.18672199170124482
GSE25055,7,intercept,GSM615192,3,0,0.18672199170124482
GSE25055,7,intercept,GSM615193,4,1,0.18672199170124482
GSE25055,7,intercept,GSM615194,3,1,0.18672199170124482
GSE25055,7,intercept,GSM615195,2,0,0.18672199170124482
GSE25055,7,intercept,GSM615196,0,0,0.18333333333333332
GSE25055,7,intercept,GSM615197,4,0,0.18672199170124482
GSE25055,7,intercept,GSM615198,2,0,0.18672199170124482
GSE25055,7,intercept,GSM615199,1,0,0.18672199170124482
GSE25055,7,intercept,GSM615200,1,0,0.18672199170124482
GSE25055,7,intercept,GSM615201,0,1,0.18333333333333332
GSE25055,7,intercept,GSM615202,4,1,0.18672199170124482
GSE25055,7,intercept,GSM615203,3,0,0.18672199170124482
GSE25055,7,intercept,GSM615204,1,0,0.18672199170124482
GSE25055,7,intercept,GSM615205,3,0,0.18672199170124482
GSE25055,7,intercept,GSM615206,2,0,0.18672199170124482
GSE25055,7,intercept,GSM615207,1,0,0.18672199170124482
GSE25055,7,intercept,GSM615208,4,0,0.18672199170124482
GSE25055,7,intercept,GSM615209,3,1,0.18672199170124482
GSE25055,7,intercept,GSM615210,0,0,0.18333333333333332
GSE25055,7,intercept,GSM615211,0,1,0.18333333333333332
GSE25055,7,intercept,GSM615212,0,1,0.18333333333333332
GSE25055,7,intercept,GSM615213,3,1,0.18672199170124482
GSE25055,7,intercept,GSM615214,2,0,0.18672199170124482
GSE25055,7,intercept,GSM615215,1,1,0.18672199170124482
GSE25055,7,intercept,GSM615216,1,0,0.18672199170124482
GSE25055,7,intercept,GSM615217,4,0,0.18672199170124482
GSE25055,7,intercept,GSM615218,1,0,0.18672199170124482
GSE25055,7,intercept,GSM615219,0,0,0.18333333333333332
GSE25055,7,intercept,GSM615220,0,0,0.18333333333333332
GSE25055,7,intercept,GSM615221,2,0,0.18672199170124482
GSE25055,7,intercept,GSM615222,3,0,0.18672199170124482
GSE25055,7,intercept,GSM615223,2,0,0.18672199170124482
GSE25055,7,intercept,GSM615224,0,0,0.18333333333333332
GSE25055,7,intercept,GSM615225,3,0,0.18672199170124482
GSE25055,7,intercept,GSM615226,0,0,0.18333333333333332
GSE25055,7,intercept,GSM615227,1,0,0.18672199170124482
GSE25055,7,intercept,GSM615228,2,0,0.18672199170124482
GSE25055,7,intercept,GSM615229,2,0,0.18672199170124482
GSE25055,7,intercept,GSM615230,2,0,0.18672199170124482
GSE25055,7,intercept,GSM615231,4,0,0.18672199170124482
GSE25055,7,intercept,GSM615232,3,0,0.18672199170124482
GSE25055,7,intercept,GSM615233,0,0,0.18333333333333332
GSE25055,7,intercept,GSM615234,1,0,0.18672199170124482
GSE25055,7,intercept,GSM615235,2,0,0.18672199170124482
GSE25055,7,intercept,GSM615236,2,0,0.18672199170124482
GSE25055,7,intercept,GSM615237,1,0,0.18672199170124482
GSE25055,7,intercept,GSM615238,3,0,0.18672199170124482
GSE25055,7,intercept,GSM615239,0,0,0.18333333333333332
GSE25055,7,intercept,GSM615240,4,1,0.18672199170124482
GSE25055,7,intercept,GSM615241,1,0,0.18672199170124482
GSE25055,7,intercept,GSM615242,2,1,0.18672199170124482
GSE25055,7,intercept,GSM615243,0,0,0.18333333333333332
GSE25055,7,intercept,GSM615244,0,0,0.18333333333333332
GSE25055,7,intercept,GSM615245,2,0,0.18672199170124482
GSE25055,7,intercept,GSM615246,4,0,0.18672199170124482
GSE25055,7,intercept,GSM615247,4,0,0.18672199170124482
GSE25055,7,intercept,GSM615248,3,0,0.18672199170124482
GSE25055,7,intercept,GSM615249,4,0,0.18672199170124482
GSE25055,7,intercept,GSM615250,1,0,0.18672199170124482
GSE25055,7,intercept,GSM615251,0,0,0.18333333333333332
GSE25055,7,intercept,GSM615252,0,0,0.18333333333333332
GSE25055,7,intercept,GSM615253,1,0,0.18672199170124482
GSE25055,7,intercept,GSM615254,4,0,0.18672199170124482
GSE25055,7,intercept,GSM615255,1,0,0.18672199170124482
GSE25055,7,intercept,GSM615256,2,1,0.18672199170124482
GSE25055,7,intercept,GSM615257,3,0,0.18672199170124482
GSE25055,7,intercept,GSM615258,0,0,0.18333333333333332
GSE25055,7,intercept,GSM615259,0,0,0.18333333333333332
GSE25055,7,intercept,GSM615260,0,0,0.18333333333333332
GSE25055,7,intercept,GSM615261,0,0,0.18333333333333332
GSE25055,7,intercept,GSM615262,4,0,0.18672199170124482
GSE25055,7,intercept,GSM615263,3,1,0.18672199170124482
GSE25055,7,intercept,GSM615264,2,1,0.18672199170124482
GSE25055,7,intercept,GSM615265,1,0,0.18672199170124482
GSE25055,7,intercept,GSM615266,2,0,0.18672199170124482
GSE25055,7,intercept,GSM615267,1,0,0.18672199170124482
GSE25055,7,intercept,GSM615268,1,0,0.18672199170124482
GSE25055,7,intercept,GSM615269,3,0,0.18672199170124482
GSE25055,7,intercept,GSM615270,1,1,0.18672199170124482
GSE25055,7,intercept,GSM615271,3,0,0.18672199170124482
GSE25055,7,intercept,GSM615272,2,0,0.18672199170124482
GSE25055,7,intercept,GSM615273,4,0,0.18672199170124482
GSE25055,7,intercept,GSM615274,2,0,0.18672199170124482
GSE25055,7,intercept,GSM615275,3,0,0.18672199170124482
GSE25055,7,intercept,GSM615276,4,0,0.18672199170124482
GSE25055,7,intercept,GSM615277,0,0,0.18333333333333332
GSE25055,7,intercept,GSM615278,3,0,0.18672199170124482
GSE25055,7,intercept,GSM615279,0,0,0.18333333333333332
GSE25055,7,intercept,GSM615280,0,1,0.18333333333333332
GSE25055,7,intercept,GSM615281,1,0,0.18672199170124482
GSE25055,7,intercept,GSM615282,3,0,0.18672199170124482
GSE25055,7,intercept,GSM615283,4,0,0.18672199170124482
GSE25055,7,intercept,GSM615284,4,1,0.18672199170124482
GSE25055,7,intercept,GSM615285,4,0,0.18672199170124482
GSE25055,7,intercept,GSM615286,0,0,0.18333333333333332
GSE25055,7,intercept,GSM615287,0,0,0.18333333333333332
GSE25055,7,intercept,GSM615288,4,0,0.18672199170124482
GSE25055,7,intercept,GSM615289,4,0,0.18672199170124482
GSE25055,7,intercept,GSM615290,3,0,0.18672199170124482
GSE25055,7,intercept,GSM615291,2,1,0.18672199170124482
GSE25055,7,intercept,GSM615292,4,0,0.18672199170124482
GSE25055,7,intercept,GSM615293,0,1,0.18333333333333332
GSE25055,7,intercept,GSM615294,0,0,0.18333333333333332
GSE25055,7,intercept,GSM615295,1,0,0.18672199170124482
GSE25055,7,intercept,GSM615296,1,0,0.18672199170124482
GSE25055,7,intercept,GSM615297,3,0,0.18672199170124482
GSE25055,7,intercept,GSM615298,3,0,0.18672199170124482
GSE25055,7,intercept,GSM615299,0,0,0.18333333333333332
GSE25055,7,intercept,GSM615300,3,1,0.18672199170124482
GSE25055,7,intercept,GSM615301,3,0,0.18672199170124482
GSE25055,7,intercept,GSM615302,1,0,0.18672199170124482
GSE25055,7,intercept,GSM615303,1,0,0.18672199170124482
GSE25055,7,intercept,GSM615304,0,0,0.18333333333333332
GSE25055,7,intercept,GSM615305,2,0,0.18672199170124482
GSE25055,7,intercept,GSM615306,2,0,0.18672199170124482
GSE25055,7,intercept,GSM615307,0,1,0.18333333333333332
GSE25055,7,intercept,GSM615308,4,0,0.18672199170124482
GSE25055,7,intercept,GSM615309,3,0,0.18672199170124482
GSE25055,7,intercept,GSM615310,3,1,0.18672199170124482
GSE25055,7,intercept,GSM615311,4,0,0.18672199170124482
GSE25055,7,intercept,GSM615312,1,0,0.18672199170124482
GSE25055,7,intercept,GSM615313,0,0,0.18333333333333332
GSE25055,7,intercept,GSM615314,3,0,0.18672199170124482
GSE25055,7,intercept,GSM615315,3,0,0.18672199170124482
GSE25055,7,intercept,GSM615316,2,0,0.18672199170124482
GSE25055,7,intercept,GSM615317,3,0,0.18672199170124482
GSE25055,7,intercept,GSM615318,4,0,0.18672199170124482
GSE25055,7,intercept,GSM615319,4,0,0.18672199170124482
GSE25055,7,intercept,GSM615320,1,0,0.18672199170124482
GSE25055,7,intercept,GSM615321,0,0,0.18333333333333332
GSE25055,7,intercept,GSM615322,2,0,0.18672199170124482
GSE25055,7,intercept,GSM615323,4,0,0.18672199170124482
GSE25055,7,intercept,GSM615324,3,1,0.18672199170124482
GSE25055,7,intercept,GSM615325,0,1,0.18333333333333332
GSE25055,7,intercept,GSM615326,2,0,0.18672199170124482
GSE25055,7,intercept,GSM615327,3,0,0.18672199170124482
GSE25055,7,intercept,GSM615328,2,0,0.18672199170124482
GSE25055,7,intercept,GSM615329,1,0,0.18672199170124482
GSE25055,7,intercept,GSM615330,2,0,0.18672199170124482
GSE25055,7,intercept,GSM615331,1,1,0.18672199170124482
GSE25055,7,intercept,GSM615332,2,0,0.18672199170124482
GSE25055,7,intercept,GSM615333,0,0,0.18333333333333332
GSE25055,7,intercept,GSM615334,2,1,0.18672199170124482
GSE25055,7,intercept,GSM615335,2,0,0.18672199170124482
GSE25055,7,intercept,GSM615336,4,1,0.18672199170124482
GSE25055,7,intercept,GSM615337,1,0,0.18672199170124482
GSE25055,7,intercept,GSM615338,1,1,0.18672199170124482
GSE25055,7,intercept,GSM615339,4,0,0.18672199170124482
GSE25055,7,intercept,GSM615340,4,0,0.18672199170124482
GSE25055,7,intercept,GSM615341,1,0,0.18672199170124482
GSE25055,7,intercept,GSM615342,0,0,0.18333333333333332
GSE25055,7,intercept,GSM615343,4,0,0.18672199170124482
GSE25055,7,intercept,GSM615344,1,0,0.18672199170124482
GSE25055,7,intercept,GSM615345,0,0,0.18333333333333332
GSE25055,7,intercept,GSM615346,3,0,0.18672199170124482
GSE25055,7,intercept,GSM615347,2,0,0.18672199170124482
GSE25055,7,intercept,GSM615348,0,0,0.18333333333333332
GSE25055,7,intercept,GSM615349,4,0,0.18672199170124482
GSE25055,7,intercept,GSM615350,1,0,0.18672199170124482
GSE25055,7,intercept,GSM615351,2,0,0.18672199170124482
GSE25055,7,intercept,GSM615352,2,0,0.18672199170124482
GSE25055,7,intercept,GSM615353,4,1,0.18672199170124482
GSE25055,7,intercept,GSM615354,1,1,0.18672199170124482
GSE25055,7,intercept,GSM615355,4,0,0.18672199170124482
GSE25055,7,intercept,GSM615356,4,0,0.18672199170124482
GSE25055,7,intercept,GSM615357,1,1,0.18672199170124482
GSE25055,7,intercept,GSM615358,1,0,0.18672199170124482
GSE25055,7,intercept,GSM615359,2,1,0.18672199170124482
GSE25055,7,intercept,GSM615360,2,0,0.18672199170124482
GSE25055,7,intercept,GSM615361,3,0,0.18672199170124482
GSE25055,7,intercept,GSM615362,2,0,0.18672199170124482
GSE25055,7,intercept,GSM615363,4,0,0.18672199170124482
GSE25055,7,intercept,GSM615364,1,0,0.18672199170124482
GSE25055,7,intercept,GSM615365,1,0,0.18672199170124482
GSE25055,7,intercept,GSM615366,2,0,0.18672199170124482
GSE25055,7,intercept,GSM615367,4,0,0.18672199170124482
GSE25055,7,intercept,GSM615368,1,0,0.18672199170124482
GSE25055,7,intercept,GSM615369,2,0,0.18672199170124482
GSE25055,7,intercept,GSM615370,0,0,0.18333333333333332
GSE25055,7,intercept,GSM615371,0,1,0.18333333333333332
GSE25055,7,intercept,GSM615372,0,0,0.18333333333333332
GSE25055,7,intercept,GSM615373,3,0,0.18672199170124482
GSE25055,7,intercept,GSM615374,4,0,0.18672199170124482
GSE25055,7,intercept,GSM615375,0,1,0.18333333333333332
GSE25055,7,intercept,GSM615376,3,0,0.18672199170124482
GSE25055,7,intercept,GSM615377,1,0,0.18672199170124482
GSE25055,7,intercept,GSM615378,3,0,0.18672199170124482
GSE25055,7,intercept,GSM615379,0,1,0.18333333333333332
GSE25055,7,intercept,GSM615380,4,0,0.18672199170124482
GSE25055,7,intercept,GSM615381,0,0,0.18333333333333332
GSE25055,7,intercept,GSM615382,3,0,0.18672199170124482
GSE25055,7,intercept,GSM615383,4,1,0.18672199170124482
GSE25055,7,intercept,GSM615384,3,0,0.18672199170124482
GSE25055,7,intercept,GSM615385,2,0,0.18672199170124482
GSE25055,7,intercept,GSM615386,3,0,0.18672199170124482
GSE25055,7,intercept,GSM615387,1,0,0.18672199170124482
GSE25055,7,intercept,GSM615388,3,0,0.18672199170124482
GSE25055,7,intercept,GSM615389,4,0,0.18672199170124482
GSE25055,7,intercept,GSM615390,3,0,0.18672199170124482
GSE25055,7,intercept,GSM615391,0,0,0.18333333333333332
GSE25055,7,intercept,GSM615392,0,0,0.18333333333333332
GSE25055,7,intercept,GSM615393,2,1,0.18672199170124482
GSE25055,7,intercept,GSM615394,3,1,0.18672199170124482
GSE25055,7,intercept,GSM615395,2,0,0.18672199170124482
GSE25055,7,intercept,GSM615396,4,1,0.18672199170124482
GSE25055,7,intercept,GSM615397,2,1,0.18672199170124482
GSE25055,7,intercept,GSM615398,0,0,0.18333333333333332
GSE25055,7,intercept,GSM615399,0,0,0.18333333333333332
GSE25055,7,intercept,GSM615400,3,0,0.18672199170124482
GSE25055,7,intercept,GSM615401,4,0,0.18672199170124482
GSE25055,7,intercept,GSM615402,4,0,0.18672199170124482
GSE25055,7,intercept,GSM615403,0,0,0.18333333333333332
GSE25055,7,intercept,GSM615404,4,0,0.18672199170124482
GSE25055,7,intercept,GSM615405,3,0,0.18672199170124482
GSE25055,7,clinical,GSM615096,0,0,0.07605454655779878
GSE25055,7,clinical,GSM615097,3,0,0.08116999414959165
GSE25055,7,clinical,GSM615098,3,0,0.39302301101031184
GSE25055,7,clinical,GSM615099,1,1,0.4160039482399982
GSE25055,7,clinical,GSM615100,3,0,0.10725000413640054
GSE25055,7,clinical,GSM615101,3,0,0.3147836298717574
GSE25055,7,clinical,GSM615102,1,0,0.4323600560079205
GSE25055,7,clinical,GSM615104,2,0,0.34634370415688387
GSE25055,7,clinical,GSM615106,2,0,0.3293960807788456
GSE25055,7,clinical,GSM615107,2,0,0.3806047855681543
GSE25055,7,clinical,GSM615108,1,0,0.059518445790112874
GSE25055,7,clinical,GSM615109,1,0,0.3094175147809911
GSE25055,7,clinical,GSM615111,4,0,0.33345571540010543
GSE25055,7,clinical,GSM615112,3,0,0.24858884334688258
GSE25055,7,clinical,GSM615113,2,0,0.36096727019238806
GSE25055,7,clinical,GSM615114,0,0,0.06014805456348488
GSE25055,7,clinical,GSM615115,0,0,0.35738295557710886
GSE25055,7,clinical,GSM615116,4,0,0.32035497955909004
GSE25055,7,clinical,GSM615117,4,0,0.08841385433657648
GSE25055,7,clinical,GSM615120,2,0,0.07098661265893424
GSE25055,7,clinical,GSM615121,2,0,0.09191703523168826
GSE25055,7,clinical,GSM615122,1,1,0.08580175287886567
GSE25055,7,clinical,GSM615123,1,1,0.05080917524708326
GSE25055,7,clinical,GSM615124,2,0,0.06279876702917656
GSE25055,7,clinical,GSM615125,4,0,0.07712840397378763
GSE25055,7,clinical,GSM615126,4,0,0.07768793245044
GSE25055,7,clinical,GSM615127,3,0,0.049790581514352
GSE25055,7,clinical,GSM615128,0,0,0.06246547993232624
GSE25055,7,clinical,GSM615129,3,0,0.06559760707870081
GSE25055,7,clinical,GSM615130,2,0,0.08089868875195179
GSE25055,7,clinical,GSM615131,1,0,0.040925967582049756
GSE25055,7,clinical,GSM615132,1,0,0.05809286803698691
GSE25055,7,clinical,GSM615133,3,0,0.06954550883005249
GSE25055,7,clinical,GSM615134,4,0,0.07825117585458569
GSE25055,7,clinical,GSM615135,4,0,0.30453641166766576
GSE25055,7,clinical,GSM615136,0,0,0.2990393314198852
GSE25055,7,clinical,GSM615137,0,1,0.07930013650936137
GSE25055,7,clinical,GSM615138,1,0,0.07842882416808135
GSE25055,7,clinical,GSM615139,3,1,0.28900594167334925
GSE25055,7,clinical,GSM615140,2,1,0.3742746498041072
GSE25055,7,clinical,GSM615142,0,0,0.06139315761608513
GSE25055,7,clinical,GSM615143,0,1,0.3631842799225986
GSE25055,7,clinical,GSM615144,3,0,0.051951853313924275
GSE25055,7,clinical,GSM615145,3,0,0.29269945145005105
GSE25055,7,clinical,GSM615146,4,1,0.37463195319149073
GSE25055,7,clinical,GSM615147,3,0,0.05450840557907499
GSE25055,7,clinical,GSM615148,1,0,0.42290345855071576
GSE25055,7,clinical,GSM615149,0,0,0.35738295557710886
GSE25055,7,clinical,GSM615150,2,0,0.08140087240656962
GSE25055,7,clinical,GSM615151,4,0,0.3539519049702515
GSE25055,7,clinical,GSM615153,1,0,0.038567190345968255
GSE25055,7,clinical,GSM615154,2,1,0.3687707724108927
GSE25055,7,clinical,GSM615155,0,0,0.08382442368304774
GSE25055,7,clinical,GSM615156,4,0,0.3768372055090177
GSE25055,7,clinical,GSM615157,2,0,0.07953222233355305
GSE25055,7,clinical,GSM615158,1,0,0.04331562724900526
GSE25055,7,clinical,GSM615159,1,0,0.39182299803919685
GSE25055,7,clinical,GSM615160,0,0,0.3828033499081554
GSE25055,7,clinical,GSM615162,1,0,0.06602931378309002
GSE25055,7,clinical,GSM615164,3,1,0.3831009641000759
GSE25055,7,clinical,GSM615165,1,0,0.06430332093388834
GSE25055,7,clinical,GSM615166,4,0,0.08112380596893909
GSE25055,7,clinical,GSM615167,4,1,0.39129234971727545
GSE25055,7,clinical,GSM615168,0,0,0.0627609519185111
GSE25055,7,clinical,GSM615169,4,0,0.34257150705466216
GSE25055,7,clinical,GSM615170,2,0,0.07940904918677404
GSE25055,7,clinical,GSM615171,3,1,0.37607241800548347
GSE25055,7,clinical,GSM615172,4,0,0.06133943375873109
GSE25055,7,clinical,GSM615173,4,0,0.07310144699759073
GSE25055,7,clinical,GSM615174,3,0,0.08979618076323675
GSE25055,7,clinical,GSM615175,4,1,0.3615122003149823
GSE25055,7,clinical,GSM615176,4,0,0.07558132070037811
GSE25055,7,clinical,GSM615177,2,0,0.07462299202712837
GSE25055,7,clinical,GSM615178,1,0,0.42983317595742904
GSE25055,7,clinical,GSM615179,0,0,0.05718321242336526
GSE25055,7,clinical,GSM615180,1,0,0.05894432401493393
GSE25055,7,clinical,GSM615181,1,1,0.36576807174999
GSE25055,7,clinical,GSM615182,2,0,0.2472508536165165
GSE25055,7,clinical,GSM615183,3,0,0.11161246524765825
GSE25055,7,clinical,GSM615184,2,0,0.32976811335037176
GSE25055,7,clinical,GSM615185,2,0,0.27990036795962575
GSE25055,7,clinical,GSM615186,1,1,0.053482191441483876
GSE25055,7,clinical,GSM615187,0,0,0.048780279282669536
GSE25055,7,clinical,GSM615188,3,0,0.26105507849025744
GSE25055,7,clinical,GSM615189,2,0,0.27990036795962575
GSE25055,7,clinical,GSM615190,1,0,0.4399613332344469
GSE25055,7,clinical,GSM615191,2,1,0.3837852920978552
GSE25055,7,clinical,GSM615192,3,0,0.07032200525137332
GSE25055,7,clinical,GSM615193,4,1,0.3706025331677396
GSE25055,7,clinical,GSM615194,3,1,0.26105507849025744
GSE25055,7,clinical,GSM615195,2,0,0.4160975992547857
GSE25055,7,clinical,GSM615196,0,0,0.052824200532045666
GSE25055,7,clinical,GSM615197,4,0,0.2783398143716852
GSE25055,7,clinical,GSM615198,2,0,0.06688127033467484
GSE25055,7,clinical,GSM615199,1,0,0.07319698841521212
GSE25055,7,clinical,GSM615200,1,0,0.05615082473729446
GSE25055,7,clinical,GSM615201,0,1,0.07236600637111575
GSE25055,7,clinical,GSM615202,4,1,0.36332259121265253
GSE25055,7,clinical,GSM615203,3,0,0.037747392953760214
GSE25055,7,clinical,GSM615204,1,0,0.06038945656136173
GSE25055,7,clinical,GSM615205,3,0,0.043557794090046856
GSE25055,7,clinical,GSM615206,2,0,0.07818687353012001
GSE25055,7,clinical,GSM615207,1,0,0.06650745972659534
GSE25055,7,clinical,GSM615208,4,0,0.05354549689440206
GSE25055,7,clinical,GSM615209,3,1,0.2908492382037829
GSE25055,7,clinical,GSM615210,0,0,0.04223126289709095
GSE25055,7,clinical,GSM615211,0,1,0.39356333258341847
GSE25055,7,clinical,GSM615212,0,1,0.34287510328811155
GSE25055,7,clinical,GSM615213,3,1,0.3096564821821955
GSE25055,7,clinical,GSM615214,2,0,0.0701034286069264
GSE25055,7,clinical,GSM615215,1,1,0.3961279331091995
GSE25055,7,clinical,GSM615216,1,0,0.045055970912308195
GSE25055,7,clinical,GSM615217,4,0,0.06876554695555089
GSE25055,7,clinical,GSM615218,1,0,0.3250364379832709
GSE25055,7,clinical,GSM615219,0,0,0.07581904456123162
GSE25055,7,clinical,GSM615220,0,0,0.08447104030094431
GSE25055,7,clinical,GSM615221,2,0,0.08983058236017731
GSE25055,7,clinical,GSM615222,3,0,0.07640565897152693
GSE25055,7,clinical,GSM615223,2,0,0.30783558919916953
GSE25055,7,clinical,GSM615224,0,0,0.060911446324160026
GSE25055,7,clinical,GSM615225,3,0,0.26685340797074103
GSE25055,7,clinical,GSM615226,0,0,0.055400464866329144
GSE25055,7,clinical,GSM615227,1,0,0.052193169616959995
GSE25055,7,clinical,GSM615228,2,0,0.08447404601553077
GSE25055,7,clinical,GSM615229,2,0,0.34102670796779266
GSE25055,7,clinical,GSM615230,2,0,0.08846342325148454
GSE25055,7,clinical,GSM615231,4,0,0.0718375490060342
GSE25055,7,clinical,GSM615232,3,0,0.06116972150249887
GSE25055,7,clinical,GSM615233,0,0,0.04431507504320117
GSE25055,7,clinical,GSM615234,1,0,0.061867690007545
GSE25055,7,clinical,GSM615235,2,0,0.057109147431822785
GSE25055,7,clinical,GSM615236,2,0,0.05358888786102217
GSE25055,7,clinical,GSM615237,1,0,0.061867690007545
GSE25055,7,clinical,GSM615238,3,0,0.08526790689931545
GSE25055,7,clinical,GSM615239,0,0,0.06693179020306722
GSE25055,7,clinical,GSM615240,4,1,0.3418660465137961
GSE25055,7,clinical,GSM615241,1,0,0.03982818830557281
GSE25055,7,clinical,GSM615242,2,1,0.3486343120629471
GSE25055,7,clinical,GSM615243,0,0,0.06693179020306722
GSE25055,7,clinical,GSM615244,0,0,0.3316237864097444
GSE25055,7,clinical,GSM615245,2,0,0.0926221427381836
GSE25055,7,clinical,GSM615246,4,0,0.09989435396671116
GSE25055,7,clinical,GSM615247,4,0,0.0818274039727252
GSE25055,7,clinical,GSM615248,3,0,0.09004041756189456
GSE25055,7,clinical,GSM615249,4,0,0.0551561185391619
GSE25055,7,clinical,GSM615250,1,0,0.28678961017720944
GSE25055,7,clinical,GSM615251,0,0,0.35815409794067116
GSE25055,7,clinical,GSM615252,0,0,0.05901974313371684
GSE25055,7,clinical,GSM615253,1,0,0.06812459376854403
GSE25055,7,clinical,GSM615254,4,0,0.0718375490060342
GSE25055,7,clinical,GSM615255,1,0,0.42730994681802864
GSE25055,7,clinical,GSM615256,2,1,0.07346859939656676
GSE25055,7,clinical,GSM615257,3,0,0.05622534856364827
GSE25055,7,clinical,GSM615258,0,0,0.058094668545069304
GSE25055,7,clinical,GSM615259,0,0,0.0519908693471964
GSE25055,7,clinical,GSM615260,0,0,0.05718321242336526
GSE25055,7,clinical,GSM615261,0,0,0.055400464866329144
GSE25055,7,clinical,GSM615262,4,0,0.07950348482225562
GSE25055,7,clinical,GSM615263,3,1,0.26105507849025744
GSE25055,7,clinical,GSM615264,2,1,0.35246754093949106
GSE25055,7,clinical,GSM615265,1,0,0.28678961017720944
GSE25055,7,clinical,GSM615266,2,0,0.06379705123956227
GSE25055,7,clinical,GSM615267,1,0,0.06650745972659534
GSE25055,7,clinical,GSM615268,1,0,0.07861519962266998
GSE25055,7,clinical,GSM615269,3,0,0.09505229205654941
GSE25055,7,clinical,GSM615270,1,1,0.4336248256292338
GSE25055,7,clinical,GSM615271,3,0,0.08526790689931545
GSE25055,7,clinical,GSM615272,2,0,0.06084578614960712
GSE25055,7,clinical,GSM615273,4,0,0.07288938408618349
GSE25055,7,clinical,GSM615274,2,0,0.0562092310719257
GSE25055,7,clinical,GSM615275,3,0,0.26685340797074103
GSE25055,7,clinical,GSM615276,4,0,0.32790674475095766
GSE25055,7,clinical,GSM615277,0,0,0.06285973203575923
GSE25055,7,clinical,GSM615278,3,0,0.07853861836601125
GSE25055,7,clinical,GSM615279,0,0,0.06285973203575923
GSE25055,7,clinical,GSM615280,0,1,0.07236600637111575
GSE25055,7,clinical,GSM615281,1,0,0.06337966737881764
GSE25055,7,clinical,GSM615282,3,0,0.0546624271429349
GSE25055,7,clinical,GSM615283,4,0,0.06391476362367737
GSE25055,7,clinical,GSM615284,4,1,0.3348502743176343
GSE25055,7,clinical,GSM615285,4,0,0.0772400134175708
GSE25055,7,clinical,GSM615286,0,0,0.0519908693471964
GSE25055,7,clinical,GSM615287,0,0,0.3353536782730077
GSE25055,7,clinical,GSM615288,4,0,0.3779417540411587
GSE25055,7,clinical,GSM615289,4,0,0.07503573021921986
GSE25055,7,clinical,GSM615290,3,0,0.046113446621835565
GSE25055,7,clinical,GSM615291,2,1,0.30070725897164885
GSE25055,7,clinical,GSM615292,4,0,0.07395539285719571
GSE25055,7,clinical,GSM615293,0,1,0.4096928266415555
GSE25055,7,clinical,GSM615294,0,0,0.06798742615891651
GSE25055,7,clinical,GSM615295,1,0,0.34221310669092503
GSE25055,7,clinical,GSM615296,1,0,0.06038945656136173
GSE25055,7,clinical,GSM615297,3,0,0.2786928756837445
GSE25055,7,clinical,GSM615298,3,0,0.09505229205654941
GSE25055,7,clinical,GSM615299,0,0,0.06589138623699495
GSE25055,7,clinical,GSM615300,3,1,0.28473200849856456
GSE25055,7,clinical,GSM615301,3,0,0.2553388588827514
GSE25055,7,clinical,GSM615302,1,0,0.04850012649245318
GSE25055,7,clinical,GSM615303,1,0,0.26118517317766526
GSE25055,7,clinical,GSM615304,0,0,0.056285201755879845
GSE25055,7,clinical,GSM615305,2,0,0.08846342325148454
GSE25055,7,clinical,GSM615306,2,0,0.06583811880245886
GSE25055,7,clinical,GSM615307,0,1,0.4056407320010371
GSE25055,7,clinical,GSM615308,4,0,0.06977578363687917
GSE25055,7,clinical,GSM615309,3,0,0.0829686481189399
GSE25055,7,clinical,GSM615310,3,1,0.048811393692948686
GSE25055,7,clinical,GSM615311,4,0,0.08917454386545219
GSE25055,7,clinical,GSM615312,1,0,0.3539019668585804
GSE25055,7,clinical,GSM615313,0,0,0.06285973203575923
GSE25055,7,clinical,GSM615314,3,0,0.039976382756081195
GSE25055,7,clinical,GSM615315,3,0,0.4563701284667756
GSE25055,7,clinical,GSM615316,2,0,0.057109147431822785
GSE25055,7,clinical,GSM615317,3,0,0.34917873868608224
GSE25055,7,clinical,GSM615318,4,0,0.07395539285719571
GSE25055,7,clinical,GSM615319,4,0,0.29110295482084997
GSE25055,7,clinical,GSM615320,1,0,0.4210186698632623
GSE25055,7,clinical,GSM615321,0,0,0.3353536782730077
GSE25055,7,clinical,GSM615322,2,0,0.32605744375656026
GSE25055,7,clinical,GSM615323,4,0,0.4002853916129911
GSE25055,7,clinical,GSM615324,3,1,0.3357386458395437
GSE25055,7,clinical,GSM615325,0,1,0.3620207619131609
GSE25055,7,clinical,GSM615326,2,0,0.06688127033467484
GSE25055,7,clinical,GSM615327,3,0,0.23868998493474503
GSE25055,7,clinical,GSM615328,2,0,0.08064865781582341
GSE25055,7,clinical,GSM615329,1,0,0.06812459376854403
GSE25055,7,clinical,GSM615330,2,0,0.27990036795962575
GSE25055,7,clinical,GSM615331,1,1,0.041845639965200035
GSE25055,7,clinical,GSM615332,2,0,0.058022585793878825
GSE25055,7,clinical,GSM615333,0,0,0.34287510328811155
GSE25055,7,clinical,GSM615334,2,1,0.29367395977650324
GSE25055,7,clinical,GSM615335,2,0,0.32976811335037176
GSE25055,7,clinical,GSM615336,4,1,0.33834927512189716
GSE25055,7,clinical,GSM615337,1,0,0.06038945656136173
GSE25055,7,clinical,GSM615338,1,1,0.31941110610117013
GSE25055,7,clinical,GSM615339,4,0,0.06298363916092896
GSE25055,7,clinical,GSM615340,4,0,0.07079973337442848
GSE25055,7,clinical,GSM615341,1,0,0.05894432401493393
GSE25055,7,clinical,GSM615342,0,0,0.3620207619131609
GSE25055,7,clinical,GSM615343,4,0,0.0943982315996343
GSE25055,7,clinical,GSM615344,1,0,0.3138378627750186
GSE25055,7,clinical,GSM615345,0,0,0.2851617746203382
GSE25055,7,clinical,GSM615346,3,0,0.3838065687591769
GSE25055,7,clinical,GSM615347,2,0,0.2567715309280881
GSE25055,7,clinical,GSM615348,0,0,0.4016014490915955
GSE25055,7,clinical,GSM615349,4,0,0.07079973337442848
GSE25055,7,clinical,GSM615350,1,0,0.3083178107289013
GSE25055,7,clinical,GSM615351,2,0,0.07120900901357027
GSE25055,7,clinical,GSM615352,2,0,0.05190646216218277
GSE25055,7,clinical,GSM615353,4,1,0.07503573021921986
GSE25055,7,clinical,GSM615354,1,1,0.38387303642069126
GSE25055,7,clinical,GSM615355,4,0,0.07395539285719571
GSE25055,7,clinical,GSM615356,4,0,0.3597057337717897
GSE25055,7,clinical,GSM615357,1,1,0.34221310669092503
GSE25055,7,clinical,GSM615358,1,0,0.034320622340463965
GSE25055,7,clinical,GSM615359,2,1,0.32976811335037176
GSE25055,7,clinical,GSM615360,2,0,0.07120900901357027
GSE25055,7,clinical,GSM615361,3,0,0.048811393692948686
GSE25055,7,clinical,GSM615362,2,0,0.07233066898412831
GSE25055,7,clinical,GSM615363,4,0,0.3853373339284043
GSE25055,7,clinical,GSM615364,1,0,0.45908049403324974
GSE25055,7,clinical,GSM615365,1,0,0.03982818830557281
GSE25055,7,clinical,GSM615366,2,0,0.07940904918677404
GSE25055,7,clinical,GSM615367,4,0,0.0718375490060342
GSE25055,7,clinical,GSM615368,1,0,0.4976258223940212
GSE25055,7,clinical,GSM615369,2,0,0.33350011492905296
GSE25055,7,clinical,GSM615370,0,0,0.07820444914341397
GSE25055,7,clinical,GSM615371,0,1,0.27501171207297026
GSE25055,7,clinical,GSM615372,0,0,0.37766258762760047
GSE25055,7,clinical,GSM615373,3,0,0.08526790689931545
GSE25055,7,clinical,GSM615374,4,0,0.06485870063570168
GSE25055,7,clinical,GSM615375,0,1,0.24906827254001748
GSE25055,7,clinical,GSM615376,3,0,0.3225594777805607
GSE25055,7,clinical,GSM615377,1,0,0.05615082473729446
GSE25055,7,clinical,GSM615378,3,0,0.39088910320936465
GSE25055,7,clinical,GSM615379,0,1,0.29205213158017146
GSE25055,7,clinical,GSM615380,4,0,0.3706025331677396
GSE25055,7,clinical,GSM615381,0,0,0.0519908693471964
GSE25055,7,clinical,GSM615382,3,0,0.27273299148815555
GSE25055,7,clinical,GSM615383,4,1,0.06977578363687917
GSE25055,7,clinical,GSM615384,3,0,0.28473200849856456
GSE25055,7,clinical,GSM615385,2,0,0.3837852920978552
GSE25055,7,clinical,GSM615386,3,0,0.07432595423802346
GSE25055,7,clinical,GSM615387,1,0,0.4336248256292338
GSE25055,7,clinical,GSM615388,3,0,0.09505229205654941
GSE25055,7,clinical,GSM615389,4,0,0.0677688712369184
GSE25055,7,clinical,GSM615390,3,0,0.3559914400993701
GSE25055,7,clinical,GSM615391,0,0,0.055400464866329144
GSE25055,7,clinical,GSM615392,0,0,0.2817534808576427
GSE25055,7,clinical,GSM615393,2,1,0.360190863960902
GSE25055,7,clinical,GSM615394,3,1,0.2553388588827514
GSE25055,7,clinical,GSM615395,2,0,0.0598907284997084
GSE25055,7,clinical,GSM615396,4,1,0.4002853916129911
GSE25055,7,clinical,GSM615397,2,1,0.30783558919916953
GSE25055,7,clinical,GSM615398,0,0,0.06385553945757949
GSE25055,7,clinical,GSM615399,0,0,0.061878427447840605
GSE25055,7,clinical,GSM615400,3,0,0.037747392953760214
GSE25055,7,clinical,GSM615401,4,0,0.05197931983889348
GSE25055,7,clinical,GSM615402,4,0,0.07395539285719571
GSE25055,7,clinical,GSM615403,0,0,0.3353536782730077
GSE25055,7,clinical,GSM615404,4,0,0.05681227879228058
GSE25055,7,clinical,GSM615405,3,0,0.2786928756837445
GSE25055,7,score,GSM615096,0,0,0.07056472860289248
GSE25055,7,score,GSM615097,3,0,0.06373749964536242
GSE25055,7,score,GSM615098,3,0,0.3220533214450498
GSE25055,7,score,GSM615099,1,1,0.4664910982052563
GSE25055,7,score,GSM615100,3,0,0.24191640247726354
GSE25055,7,score,GSM615101,3,0,0.3557021353109321
GSE25055,7,score,GSM615102,1,0,0.2903714258046677
GSE25055,7,score,GSM615104,2,0,0.1760448037963248
GSE25055,7,score,GSM615106,2,0,0.10225764649158844
GSE25055,7,score,GSM615107,2,0,0.26979109846771965
GSE25055,7,score,GSM615108,1,0,0.17235331355668335
GSE25055,7,score,GSM615109,1,0,0.43203606253111587
GSE25055,7,score,GSM615111,4,0,0.12426612782699628
GSE25055,7,score,GSM615112,3,0,0.36351717780460546
GSE25055,7,score,GSM615113,2,0,0.295137834166887
GSE25055,7,score,GSM615114,0,0,0.08074419568489095
GSE25055,7,score,GSM615115,0,0,0.17690280108801415
GSE25055,7,score,GSM615116,4,0,0.10851517136657648
GSE25055,7,score,GSM615117,4,0,0.3649389581931948
GSE25055,7,score,GSM615120,2,0,0.0522056354061734
GSE25055,7,score,GSM615121,2,0,0.06485269034212
GSE25055,7,score,GSM615122,1,1,0.04505984196076371
GSE25055,7,score,GSM615123,1,1,0.48368639407376074
GSE25055,7,score,GSM615124,2,0,0.12774397370626647
GSE25055,7,score,GSM615125,4,0,0.04986162265252138
GSE25055,7,score,GSM615126,4,0,0.1399434504055082
GSE25055,7,score,GSM615127,3,0,0.13996810912532853
GSE25055,7,score,GSM615128,0,0,0.07750780546255366
GSE25055,7,score,GSM615129,3,0,0.09569055693601278
GSE25055,7,score,GSM615130,2,0,0.07718113741780455
GSE25055,7,score,GSM615131,1,0,0.1157111877826919
GSE25055,7,score,GSM615132,1,0,0.07744294838595547
GSE25055,7,score,GSM615133,3,0,0.06553936641351016
GSE25055,7,score,GSM615134,4,0,0.04656657441837877
GSE25055,7,score,GSM615135,4,0,0.15414532118397017
GSE25055,7,score,GSM615136,0,0,0.31213585432668056
GSE25055,7,score,GSM615137,0,1,0.14775862098667042
GSE25055,7,score,GSM615138,1,0,0.08959544636767922
GSE25055,7,score,GSM615139,3,1,0.6023536663233425
GSE25055,7,score,GSM615140,2,1,0.2135129074135383
GSE25055,7,score,GSM615142,0,0,0.10432617487926758
GSE25055,7,score,GSM615143,0,1,0.2344569451479255
GSE25055,7,score,GSM615144,3,0,0.1100694428999433
GSE25055,7,score,GSM615145,3,0,0.6634132392159952
GSE25055,7,score,GSM615146,4,1,0.21286301457685136
GSE25055,7,score,GSM615147,3,0,0.11093589429188717
GSE25055,7,score,GSM615148,1,0,0.23772373977680517
GSE25055,7,score,GSM615149,0,0,0.16145671259789227
GSE25055,7,score,GSM615150,2,0,0.05064637141791163
GSE25055,7,score,GSM615151,4,0,0.2568431649580898
GSE25055,7,score,GSM615153,1,0,0.16284726852774167
GSE25055,7,score,GSM615154,2,1,0.1565951291184635
GSE25055,7,score,GSM615155,0,0,0.2853509282227158
GSE25055,7,score,GSM615156,4,0,0.13638333538839856
GSE25055,7,score,GSM615157,2,0,0.05030345522106089
GSE25055,7,score,GSM615158,1,0,0.08220303187193921
GSE25055,7,score,GSM615159,1,0,0.06528014570500605
GSE25055,7,score,GSM615160,0,0,0.20168568808588608
GSE25055,7,score,GSM615162,1,0,0.043306767035856085
GSE25055,7,score,GSM615164,3,1,0.5066006393618059
GSE25055,7,score,GSM615165,1,0,0.07946670063384059
GSE25055,7,score,GSM615166,4,0,0.18557533332756032
GSE25055,7,score,GSM615167,4,1,0.06185939304216598
GSE25055,7,score,GSM615168,0,0,0.06693893617389185
GSE25055,7,score,GSM615169,4,0,0.24572084220056278
GSE25055,7,score,GSM615170,2,0,0.06326582186227778
GSE25055,7,score,GSM615171,3,1,0.15057615389943926
GSE25055,7,score,GSM615172,4,0,0.06822030320167848
GSE25055,7,score,GSM615173,4,0,0.05949747153575731
GSE25055,7,score,GSM615174,3,0,0.17916197412347143
GSE25055,7,score,GSM615175,4,1,0.32474304036055807
GSE25055,7,score,GSM615176,4,0,0.06053064179678449
GSE25055,7,score,GSM615177,2,0,0.13009861463269962
GSE25055,7,score,GSM615178,1,0,0.19097092724538406
GSE25055,7,score,GSM615179,0,0,0.1270916715793679
GSE25055,7,score,GSM615180,1,0,0.15147735294299827
GSE25055,7,score,GSM615181,1,1,0.2503288776228347
GSE25055,7,score,GSM615182,2,0,0.3150016854166542
GSE25055,7,score,GSM615183,3,0,0.057964720081283345
GSE25055,7,score,GSM615184,2,0,0.5079910073536616
GSE25055,7,score,GSM615185,2,0,0.16025232109425183
GSE25055,7,score,GSM615186,1,1,0.06552832587959131
GSE25055,7,score,GSM615187,0,0,0.18130124731415823
GSE25055,7,score,GSM615188,3,0,0.18867915496405396
GSE25055,7,score,GSM615189,2,0,0.20565612075419637
GSE25055,7,score,GSM615190,1,0,0.26661439228037453
GSE25055,7,score,GSM615191,2,1,0.5628637609865311
GSE25055,7,score,GSM615192,3,0,0.08437808960800826
GSE25055,7,score,GSM615193,4,1,0.21580522129510085
GSE25055,7,score,GSM615194,3,1,0.488823289512346
GSE25055,7,score,GSM615195,2,0,0.4841448879134248
GSE25055,7,score,GSM615196,0,0,0.27666740201828516
GSE25055,7,score,GSM615197,4,0,0.38436076335840835
GSE25055,7,score,GSM615198,2,0,0.06257897886282356
GSE25055,7,score,GSM615199,1,0,0.1271110397173176
GSE25055,7,score,GSM615200,1,0,0.35182055933847417
GSE25055,7,score,GSM615201,0,1,0.2780068414087987
GSE25055,7,score,GSM615202,4,1,0.4860568909016933
GSE25055,7,score,GSM615203,3,0,0.032401843691920076
GSE25055,7,score,GSM615204,1,0,0.0479189678454673
GSE25055,7,score,GSM615205,3,0,0.10646939810262758
GSE25055,7,score,GSM615206,2,0,0.0621819306913846
GSE25055,7,score,GSM615207,1,0,0.04728141180227235
GSE25055,7,score,GSM615208,4,0,0.06259893300863373
GSE25055,7,score,GSM615209,3,1,0.4510574241354038
GSE25055,7,score,GSM615210,0,0,0.04551265619797623
GSE25055,7,score,GSM615211,0,1,0.45605487324251415
GSE25055,7,score,GSM615212,0,1,0.08393268796712322
GSE25055,7,score,GSM615213,3,1,0.30997725757810835
GSE25055,7,score,GSM615214,2,0,0.02921391203658311
GSE25055,7,score,GSM615215,1,1,0.17535935751979653
GSE25055,7,score,GSM615216,1,0,0.18516510978701342
GSE25055,7,score,GSM615217,4,0,0.09345343808782457
GSE25055,7,score,GSM615218,1,0,0.17817142508066125
GSE25055,7,score,GSM615219,0,0,0.14272201941899748
GSE25055,7,score,GSM615220,0,0,0.024058529469935468
GSE25055,7,score,GSM615221,2,0,0.11912375037000537
GSE25055,7,score,GSM615222,3,0,0.045155459610956135
GSE25055,7,score,GSM615223,2,0,0.07905320064050328
GSE25055,7,score,GSM615224,0,0,0.025116652527151662
GSE25055,7,score,GSM615225,3,0,0.2155535532468064
GSE25055,7,score,GSM615226,0,0,0.04007566399764315
GSE25055,7,score,GSM615227,1,0,0.1760598394023937
GSE25055,7,score,GSM615228,2,0,0.12280068250032719
GSE25055,7,score,GSM615229,2,0,0.027829251569707347
GSE25055,7,score,GSM615230,2,0,0.03889672233885291
GSE25055,7,score,GSM615231,4,0,0.04026980222021117
GSE25055,7,score,GSM615232,3,0,0.04184404557260072
GSE25055,7,score,GSM615233,0,0,0.03656987987659216
GSE25055,7,score,GSM615234,1,0,0.06612628075117868
GSE25055,7,score,GSM615235,2,0,0.37503221687566907
GSE25055,7,score,GSM615236,2,0,0.1373893435227046
GSE25055,7,score,GSM615237,1,0,0.048194097635820186
GSE25055,7,score,GSM615238,3,0,0.033958755327862286
GSE25055,7,score,GSM615239,0,0,0.15637442840861973
GSE25055,7,score,GSM615240,4,1,0.04486404742164787
GSE25055,7,score,GSM615241,1,0,0.1172128603026607
GSE25055,7,score,GSM615242,2,1,0.3112249860721768
GSE25055,7,score,GSM615243,0,0,0.05525629947906642
GSE25055,7,score,GSM615244,0,0,0.0759526600853985
GSE25055,7,score,GSM615245,2,0,0.2466103154675142
GSE25055,7,score,GSM615246,4,0,0.14781938697296554
GSE25055,7,score,GSM615247,4,0,0.12361872668736691
GSE25055,7,score,GSM615248,3,0,0.46776671368839523
GSE25055,7,score,GSM615249,4,0,0.07784934144095995
GSE25055,7,score,GSM615250,1,0,0.4063531874711783
GSE25055,7,score,GSM615251,0,0,0.28762598822335556
GSE25055,7,score,GSM615252,0,0,0.047323946175730505
GSE25055,7,score,GSM615253,1,0,0.11689721208899856
GSE25055,7,score,GSM615254,4,0,0.060968691096457174
GSE25055,7,score,GSM615255,1,0,0.16320778818233106
GSE25055,7,score,GSM615256,2,1,0.23449429048730355
GSE25055,7,score,GSM615257,3,0,0.02467060325542034
GSE25055,7,score,GSM615258,0,0,0.16484507729987177
GSE25055,7,score,GSM615259,0,0,0.05957387544043178
GSE25055,7,score,GSM615260,0,0,0.3990339875725884
GSE25055,7,score,GSM615261,0,0,0.16976893208618254
GSE25055,7,score,GSM615262,4,0,0.03625337695255033
GSE25055,7,score,GSM615263,3,1,0.3442693047480967
GSE25055,7,score,GSM615264,2,1,0.09777539237645361
GSE25055,7,score,GSM615265,1,0,0.08918797017547178
GSE25055,7,score,GSM615266,2,0,0.19880978824164425
GSE25055,7,score,GSM615267,1,0,0.0964154025604856
GSE25055,7,score,GSM615268,1,0,0.10530097621230823
GSE25055,7,score,GSM615269,3,0,0.08236596441992666
GSE25055,7,score,GSM615270,1,1,0.43537700090018083
GSE25055,7,score,GSM615271,3,0,0.34111488137281754
GSE25055,7,score,GSM615272,2,0,0.07178639789571675
GSE25055,7,score,GSM615273,4,0,0.17848656492850565
GSE25055,7,score,GSM615274,2,0,0.3980084813002535
GSE25055,7,score,GSM615275,3,0,0.4179938326429867
GSE25055,7,score,GSM615276,4,0,0.14997654070436325
GSE25055,7,score,GSM615277,0,0,0.124598240605163
GSE25055,7,score,GSM615278,3,0,0.12793413289525368
GSE25055,7,score,GSM615279,0,0,0.09502497558793613
GSE25055,7,score,GSM615280,0,1,0.29412908919562625
GSE25055,7,score,GSM615281,1,0,0.11574324896105033
GSE25055,7,score,GSM615282,3,0,0.14636437838144759
GSE25055,7,score,GSM615283,4,0,0.16191563857355484
GSE25055,7,score,GSM615284,4,1,0.3037726378773282
GSE25055,7,score,GSM615285,4,0,0.0489865175575462
GSE25055,7,score,GSM615286,0,0,0.34076500491907247
GSE25055,7,score,GSM615287,0,0,0.1773747431690355
GSE25055,7,score,GSM615288,4,0,0.3195265476132877
GSE25055,7,score,GSM615289,4,0,0.33548121453023594
GSE25055,7,score,GSM615290,3,0,0.45288837296514983
GSE25055,7,score,GSM615291,2,1,0.22396102449487368
GSE25055,7,score,GSM615292,4,0,0.10236174224585322
GSE25055,7,score,GSM615293,0,1,0.551408595777257
GSE25055,7,score,GSM615294,0,0,0.21876979928208876
GSE25055,7,score,GSM615295,1,0,0.07795959496723358
GSE25055,7,score,GSM615296,1,0,0.12927656048805664
GSE25055,7,score,GSM615297,3,0,0.4675858209892253
GSE25055,7,score,GSM615298,3,0,0.10973563050687367
GSE25055,7,score,GSM615299,0,0,0.05020181612788845
GSE25055,7,score,GSM615300,3,1,0.15690605488401288
GSE25055,7,score,GSM615301,3,0,0.24497735413075453
GSE25055,7,score,GSM615302,1,0,0.12919168429545946
GSE25055,7,score,GSM615303,1,0,0.2416794287604506
GSE25055,7,score,GSM615304,0,0,0.059678272591323266
GSE25055,7,score,GSM615305,2,0,0.08302300931948563
GSE25055,7,score,GSM615306,2,0,0.06987139539546938
GSE25055,7,score,GSM615307,0,1,0.6042974840103732
GSE25055,7,score,GSM615308,4,0,0.05740191497849985
GSE25055,7,score,GSM615309,3,0,0.10463252301442828
GSE25055,7,score,GSM615310,3,1,0.6080303207526977
GSE25055,7,score,GSM615311,4,0,0.036910611580892747
GSE25055,7,score,GSM615312,1,0,0.17924129078747958
GSE25055,7,score,GSM615313,0,0,0.04815313915899463
GSE25055,7,score,GSM615314,3,0,0.05817007497814183
GSE25055,7,score,GSM615315,3,0,0.4152459719763019
GSE25055,7,score,GSM615316,2,0,0.028147519860550335
GSE25055,7,score,GSM615317,3,0,0.32157684527412045
GSE25055,7,score,GSM615318,4,0,0.05021254046457257
GSE25055,7,score,GSM615319,4,0,0.12415143777216457
GSE25055,7,score,GSM615320,1,0,0.46380232771305696
GSE25055,7,score,GSM615321,0,0,0.2510224465825296
GSE25055,7,score,GSM615322,2,0,0.39512559546488674
GSE25055,7,score,GSM615323,4,0,0.04853430896362848
GSE25055,7,score,GSM615324,3,1,0.6267599640588083
GSE25055,7,score,GSM615325,0,1,0.40615391595854905
GSE25055,7,score,GSM615326,2,0,0.530538494615841
GSE25055,7,score,GSM615327,3,0,0.292604737340317
GSE25055,7,score,GSM615328,2,0,0.06042302297278207
GSE25055,7,score,GSM615329,1,0,0.046333816535401015
GSE25055,7,score,GSM615330,2,0,0.056848956441546264
GSE25055,7,score,GSM615331,1,1,0.07736853446737438
GSE25055,7,score,GSM615332,2,0,0.19898846427409145
GSE25055,7,score,GSM615333,0,0,0.17618733216158064
GSE25055,7,score,GSM615334,2,1,0.5994067844457228
GSE25055,7,score,GSM615335,2,0,0.24964736533239465
GSE25055,7,score,GSM615336,4,1,0.420276536229307
GSE25055,7,score,GSM615337,1,0,0.09122014965985781
GSE25055,7,score,GSM615338,1,1,0.2197384724356396
GSE25055,7,score,GSM615339,4,0,0.03484844976886377
GSE25055,7,score,GSM615340,4,0,0.06835826021099325
GSE25055,7,score,GSM615341,1,0,0.04810672011795792
GSE25055,7,score,GSM615342,0,0,0.09323898550142265
GSE25055,7,score,GSM615343,4,0,0.17330520372124994
GSE25055,7,score,GSM615344,1,0,0.07083905909511537
GSE25055,7,score,GSM615345,0,0,0.049603856303667974
GSE25055,7,score,GSM615346,3,0,0.3512785398195277
GSE25055,7,score,GSM615347,2,0,0.3055263312785873
GSE25055,7,score,GSM615348,0,0,0.2515436017282489
GSE25055,7,score,GSM615349,4,0,0.07082720545981198
GSE25055,7,score,GSM615350,1,0,0.1374237912991107
GSE25055,7,score,GSM615351,2,0,0.11564484599735182
GSE25055,7,score,GSM615352,2,0,0.028754888457446677
GSE25055,7,score,GSM615353,4,1,0.1357407179198086
GSE25055,7,score,GSM615354,1,1,0.2412858005077503
GSE25055,7,score,GSM615355,4,0,0.1688828265568527
GSE25055,7,score,GSM615356,4,0,0.10290171935290372
GSE25055,7,score,GSM615357,1,1,0.4191323711109867
GSE25055,7,score,GSM615358,1,0,0.06256224966720891
GSE25055,7,score,GSM615359,2,1,0.48480340173713804
GSE25055,7,score,GSM615360,2,0,0.08636642348852527
GSE25055,7,score,GSM615361,3,0,0.18350423241592775
GSE25055,7,score,GSM615362,2,0,0.05813001452624259
GSE25055,7,score,GSM615363,4,0,0.09596548058234668
GSE25055,7,score,GSM615364,1,0,0.3354649458296137
GSE25055,7,score,GSM615365,1,0,0.08983661923652518
GSE25055,7,score,GSM615366,2,0,0.05834003121328264
GSE25055,7,score,GSM615367,4,0,0.10100313421153989
GSE25055,7,score,GSM615368,1,0,0.5044141466117325
GSE25055,7,score,GSM615369,2,0,0.10819834525076162
GSE25055,7,score,GSM615370,0,0,0.14285424482467807
GSE25055,7,score,GSM615371,0,1,0.2409422430637384
GSE25055,7,score,GSM615372,0,0,0.24334248351825027
GSE25055,7,score,GSM615373,3,0,0.16883801097416493
GSE25055,7,score,GSM615374,4,0,0.030568360128758246
GSE25055,7,score,GSM615375,0,1,0.7044905639416005
GSE25055,7,score,GSM615376,3,0,0.10091411658655322
GSE25055,7,score,GSM615377,1,0,0.02289378478704178
GSE25055,7,score,GSM615378,3,0,0.2225953817619683
GSE25055,7,score,GSM615379,0,1,0.13849781525417995
GSE25055,7,score,GSM615380,4,0,0.48881513639895025
GSE25055,7,score,GSM615381,0,0,0.031490130126044576
GSE25055,7,score,GSM615382,3,0,0.08091275203471336
GSE25055,7,score,GSM615383,4,1,0.042726480598640565
GSE25055,7,score,GSM615384,3,0,0.13638812009274023
GSE25055,7,score,GSM615385,2,0,0.040289935176430716
GSE25055,7,score,GSM615386,3,0,0.029016404234802003
GSE25055,7,score,GSM615387,1,0,0.11410586345000062
GSE25055,7,score,GSM615388,3,0,0.07542834751775224
GSE25055,7,score,GSM615389,4,0,0.06991923057125204
GSE25055,7,score,GSM615390,3,0,0.3695780019707781
GSE25055,7,score,GSM615391,0,0,0.07004254966410883
GSE25055,7,score,GSM615392,0,0,0.31908951076022096
GSE25055,7,score,GSM615393,2,1,0.12293175300467298
GSE25055,7,score,GSM615394,3,1,0.15400054382746875
GSE25055,7,score,GSM615395,2,0,0.04106195487544836
GSE25055,7,score,GSM615396,4,1,0.2701189231741983
GSE25055,7,score,GSM615397,2,1,0.28993481771092294
GSE25055,7,score,GSM615398,0,0,0.1810856983542623
GSE25055,7,score,GSM615399,0,0,0.09769299076063574
GSE25055,7,score,GSM615400,3,0,0.08717990635573881
GSE25055,7,score,GSM615401,4,0,0.1769055193942404
GSE25055,7,score,GSM615402,4,0,0.09149863645441915
GSE25055,7,score,GSM615403,0,0,0.3004653513447348
GSE25055,7,score,GSM615404,4,0,0.10128505945946552
GSE25055,7,score,GSM615405,3,0,0.5000715850936429
GSE25055,7,combined,GSM615096,0,0,0.05274814636722678
GSE25055,7,combined,GSM615097,3,0,0.0481800931067857
GSE25055,7,combined,GSM615098,3,0,0.45163587075566003
GSE25055,7,combined,GSM615099,1,1,0.5905049350183161
GSE25055,7,combined,GSM615100,3,0,0.17094424081285192
GSE25055,7,combined,GSM615101,3,0,0.40029042112426133
GSE25055,7,combined,GSM615102,1,0,0.47254492364030964
GSE25055,7,combined,GSM615104,2,0,0.2688633505041272
GSE25055,7,combined,GSM615106,2,0,0.17710409371466315
GSE25055,7,combined,GSM615107,2,0,0.3875610557718857
GSE25055,7,combined,GSM615108,1,0,0.07820868997213823
GSE25055,7,combined,GSM615109,1,0,0.44247592539751185
GSE25055,7,combined,GSM615111,4,0,0.1997774269915341
GSE25055,7,combined,GSM615112,3,0,0.3351843172445871
GSE25055,7,combined,GSM615113,2,0,0.3909671432186905
GSE25055,7,combined,GSM615114,0,0,0.04489893448611805
GSE25055,7,combined,GSM615115,0,0,0.3008417267229459
GSE25055,7,combined,GSM615116,4,0,0.17348530281417907
GSE25055,7,combined,GSM615117,4,0,0.22677282534643103
GSE25055,7,combined,GSM615120,2,0,0.03715363337374696
GSE25055,7,combined,GSM615121,2,0,0.05608608913155566
GSE25055,7,combined,GSM615122,1,1,0.04246690758531733
GSE25055,7,combined,GSM615123,1,1,0.17341604361542878
GSE25055,7,combined,GSM615124,2,0,0.0657733061453416
GSE25055,7,combined,GSM615125,4,0,0.0381039194924706
GSE25055,7,combined,GSM615126,4,0,0.08798163778015064
GSE25055,7,combined,GSM615127,3,0,0.05531791670701928
GSE25055,7,combined,GSM615128,0,0,0.04547095661671014
GSE25055,7,combined,GSM615129,3,0,0.05327031208627752
GSE25055,7,combined,GSM615130,2,0,0.05654822091290795
GSE25055,7,combined,GSM615131,1,0,0.038262276721423925
GSE25055,7,combined,GSM615132,1,0,0.04109534927661478
GSE25055,7,combined,GSM615133,3,0,0.04240348742140923
GSE25055,7,combined,GSM615134,4,0,0.036597609408319874
GSE25055,7,combined,GSM615135,4,0,0.21202795164195276
GSE25055,7,combined,GSM615136,0,0,0.3470108717799838
GSE25055,7,combined,GSM615137,0,1,0.09123190825083786
GSE25055,7,combined,GSM615138,1,0,0.06354990385900189
GSE25055,7,combined,GSM615139,3,1,0.5530308248692177
GSE25055,7,combined,GSM615140,2,1,0.32946914339847116
GSE25055,7,combined,GSM615142,0,0,0.05471682898434462
GSE25055,7,combined,GSM615143,0,1,0.3579015947836501
GSE25055,7,combined,GSM615144,3,0,0.0476567166009105
GSE25055,7,combined,GSM615145,3,0,0.6035329453813295
GSE25055,7,combined,GSM615146,4,1,0.3270062354431208
GSE25055,7,combined,GSM615147,3,0,0.05014649597324732
GSE25055,7,combined,GSM615148,1,0,0.4140507758203288
GSE25055,7,combined,GSM615149,0,0,0.2858924575118396
GSE25055,7,combined,GSM615150,2,0,0.0414554534958255
GSE25055,7,combined,GSM615151,4,0,0.3518318132474096
GSE25055,7,combined,GSM615153,1,0,0.04722275524152949
GSE25055,7,combined,GSM615154,2,1,0.26629296234024674
GSE25055,7,combined,GSM615155,0,0,0.15605417004918345
GSE25055,7,combined,GSM615156,4,0,0.24360907826639588
GSE25055,7,combined,GSM615157,2,0,0.04032752696097023
GSE25055,7,combined,GSM615158,1,0,0.031241699787381647
GSE25055,7,combined,GSM615159,1,0,0.1729931411023173
GSE25055,7,combined,GSM615160,0,0,0.34923314937297856
GSE25055,7,combined,GSM615162,1,0,0.030795372696288525
GSE25055,7,combined,GSM615164,3,1,0.5806006294601985
GSE25055,7,combined,GSM615165,1,0,0.046805776292479936
GSE25055,7,combined,GSM615166,4,0,0.11574820288898989
GSE25055,7,combined,GSM615167,4,1,0.1468778769974562
GSE25055,7,combined,GSM615168,0,0,0.04138870519952485
GSE25055,7,combined,GSM615169,4,0,0.3312774719687234
GSE25055,7,combined,GSM615170,2,0,0.04781771091868788
GSE25055,7,combined,GSM615171,3,1,0.2739924544349849
GSE25055,7,combined,GSM615172,4,0,0.039509310559481606
GSE25055,7,combined,GSM615173,4,0,0.041681342948480964
GSE25055,7,combined,GSM615174,3,0,0.11536287037885205
GSE25055,7,combined,GSM615175,4,1,0.41982673092400224
GSE25055,7,combined,GSM615176,4,0,0.043592876549340506
GSE25055,7,combined,GSM615177,2,0,0.07828411470341445
GSE25055,7,combined,GSM615178,1,0,0.3733695683630268
GSE25055,7,combined,GSM615179,0,0,0.05828022091309617
GSE25055,7,combined,GSM615180,1,0,0.06984496494626063
GSE25055,7,combined,GSM615181,1,1,0.36480486983285276
GSE25055,7,combined,GSM615182,2,0,0.29365208016379624
GSE25055,7,combined,GSM615183,3,0,0.06126705815457318
GSE25055,7,combined,GSM615184,2,0,0.5239993014837709
GSE25055,7,combined,GSM615185,2,0,0.20232166247079725
GSE25055,7,combined,GSM615186,1,1,0.03313485335239558
GSE25055,7,combined,GSM615187,0,0,0.06392302080176208
GSE25055,7,combined,GSM615188,3,0,0.21849917236812091
GSE25055,7,combined,GSM615189,2,0,0.24118336511121766
GSE25055,7,combined,GSM615190,1,0,0.45955326268110835
GSE25055,7,combined,GSM615191,2,1,0.6173839885770249
GSE25055,7,combined,GSM615192,3,0,0.05174031687848109
GSE25055,7,combined,GSM615193,4,1,0.32658125766887164
GSE25055,7,combined,GSM615194,3,1,0.4376850986541939
GSE25055,7,combined,GSM615195,2,0,0.591386656595371
GSE25055,7,combined,GSM615196,0,0,0.09645821854560978
GSE25055,7,combined,GSM615197,4,0,0.38543915077223745
GSE25055,7,combined,GSM615198,2,0,0.04023003862049392
GSE25055,7,combined,GSM615199,1,0,0.07672826125757651
GSE25055,7,combined,GSM615200,1,0,0.1367976682473343
GSE25055,7,combined,GSM615201,0,1,0.13244429858183507
GSE25055,7,combined,GSM615202,4,1,0.5526254089928753
GSE25055,7,combined,GSM615203,3,0,0.014039423203693247
GSE25055,7,combined,GSM615204,1,0,0.030040066772632358
GSE25055,7,combined,GSM615205,3,0,0.03939594972265439
GSE25055,7,combined,GSM615206,2,0,0.04650189344275475
GSE25055,7,combined,GSM615207,1,0,0.03310221309494892
GSE25055,7,combined,GSM615208,4,0,0.03251857674231651
GSE25055,7,combined,GSM615209,3,1,0.44480084607715165
GSE25055,7,combined,GSM615210,0,0,0.020830202889520984
GSE25055,7,combined,GSM615211,0,1,0.5528352345261988
GSE25055,7,combined,GSM615212,0,1,0.18699060185108216
GSE25055,7,combined,GSM615213,3,1,0.35991420446082273
GSE25055,7,combined,GSM615214,2,0,0.023787544020917824
GSE25055,7,combined,GSM615215,1,1,0.3225458240109815
GSE25055,7,combined,GSM615216,1,0,0.061888611881794106
GSE25055,7,combined,GSM615217,4,0,0.05659701414555543
GSE25055,7,combined,GSM615218,1,0,0.2574469555247706
GSE25055,7,combined,GSM615219,0,0,0.08498003441399055
GSE25055,7,combined,GSM615220,0,0,0.02914863984780882
GSE25055,7,combined,GSM615221,2,0,0.08685858815415973
GSE25055,7,combined,GSM615222,3,0,0.03528833404142184
GSE25055,7,combined,GSM615223,2,0,0.1373279381915948
GSE25055,7,combined,GSM615224,0,0,0.020881334496572323
GSE25055,7,combined,GSM615225,3,0,0.24492376740316932
GSE25055,7,combined,GSM615226,0,0,0.02565159815686764
GSE25055,7,combined,GSM615227,1,0,0.06930863895974339
GSE25055,7,combined,GSM615228,2,0,0.08396836713371386
GSE25055,7,combined,GSM615229,2,0,0.07521703627064132
GSE25055,7,combined,GSM615230,2,0,0.0369456203833578
GSE25055,7,combined,GSM615231,4,0,0.03010566415327749
GSE25055,7,combined,GSM615232,3,0,0.026913035158586323
GSE25055,7,combined,GSM615233,0,0,0.018948123414843185
GSE25055,7,combined,GSM615234,1,0,0.03913195104409267
GSE25055,7,combined,GSM615235,2,0,0.15392966157535412
GSE25055,7,combined,GSM615236,2,0,0.06020581532827988
GSE25055,7,combined,GSM615237,1,0,0.030984575716060805
GSE25055,7,combined,GSM615238,3,0,0.03191908304211973
GSE25055,7,combined,GSM615239,0,0,0.07962890021948815
GSE25055,7,combined,GSM615240,4,1,0.09828676407438984
GSE25055,7,combined,GSM615241,1,0,0.03753935062687645
GSE25055,7,combined,GSM615242,2,1,0.3924614929825276
GSE25055,7,combined,GSM615243,0,0,0.03901469306226173
GSE25055,7,combined,GSM615244,0,0,0.16883550979491496
GSE25055,7,combined,GSM615245,2,0,0.15876818101479753
GSE25055,7,combined,GSM615246,4,0,0.11510896801176443
GSE25055,7,combined,GSM615247,4,0,0.0832452938823749
GSE25055,7,combined,GSM615248,3,0,0.2639301793478868
GSE25055,7,combined,GSM615249,4,0,0.03986178766482805
GSE25055,7,combined,GSM615250,1,0,0.39577016825048017
GSE25055,7,combined,GSM615251,0,0,0.3950428784454087
GSE25055,7,combined,GSM615252,0,0,0.030695002457999165
GSE25055,7,combined,GSM615253,1,0,0.06665484492178855
GSE25055,7,combined,GSM615254,4,0,0.0418134101514602
GSE25055,7,combined,GSM615255,1,0,0.3392854228591014
GSE25055,7,combined,GSM615256,2,1,0.12442535780168905
GSE25055,7,combined,GSM615257,3,0,0.016847815576905636
GSE25055,7,combined,GSM615258,0,0,0.07141412387149952
GSE25055,7,combined,GSM615259,0,0,0.031240082058920222
GSE25055,7,combined,GSM615260,0,0,0.14343002060959018
GSE25055,7,combined,GSM615261,0,0,0.0694622557883082
GSE25055,7,combined,GSM615262,4,0,0.030511470029775986
GSE25055,7,combined,GSM615263,3,1,0.33519774363603466
GSE25055,7,combined,GSM615264,2,1,0.18580630162333334
GSE25055,7,combined,GSM615265,1,0,0.13874636152441538
GSE25055,7,combined,GSM615266,2,0,0.09553915960956537
GSE25055,7,combined,GSM615267,1,0,0.05612958270523673
GSE25055,7,combined,GSM615268,1,0,0.07186061887864471
GSE25055,7,combined,GSM615269,3,0,0.06771636843764339
GSE25055,7,combined,GSM615270,1,1,0.587257419038328
GSE25055,7,combined,GSM615271,3,0,0.18780242355337148
GSE25055,7,combined,GSM615272,2,0,0.040811857104292436
GSE25055,7,combined,GSM615273,4,0,0.10200068679111537
GSE25055,7,combined,GSM615274,2,0,0.16137126027677925
GSE25055,7,combined,GSM615275,3,0,0.3940917843741288
GSE25055,7,combined,GSM615276,4,0,0.22437729204192813
GSE25055,7,combined,GSM615277,0,0,0.0634875043306998
GSE25055,7,combined,GSM615278,3,0,0.07865680069282503
GSE25055,7,combined,GSM615279,0,0,0.0526079547729863
GSE25055,7,combined,GSM615280,0,1,0.13850936294338698
GSE25055,7,combined,GSM615281,1,0,0.061218921668765316
GSE25055,7,combined,GSM615282,3,0,0.06247699741591485
GSE25055,7,combined,GSM615283,4,0,0.08361944128745888
GSE25055,7,combined,GSM615284,4,1,0.37623396875043313
GSE25055,7,combined,GSM615285,4,0,0.03762596033872204
GSE25055,7,combined,GSM615286,0,0,0.11331397321527757
GSE25055,7,combined,GSM615287,0,0,0.280167838629254
GSE25055,7,combined,GSM615288,4,0,0.43083398672627155
GSE25055,7,combined,GSM615289,4,0,0.1840732772346591
GSE25055,7,combined,GSM615290,3,0,0.14997552065976572
GSE25055,7,combined,GSM615291,2,1,0.2744800709338709
GSE25055,7,combined,GSM615292,4,0,0.06512925600435823
GSE25055,7,combined,GSM615293,0,1,0.6303597134635665
GSE25055,7,combined,GSM615294,0,0,0.10348519836875925
GSE25055,7,combined,GSM615295,1,0,0.160339983876713
GSE25055,7,combined,GSM615296,1,0,0.06330310508780904
GSE25055,7,combined,GSM615297,3,0,0.4430032136632404
GSE25055,7,combined,GSM615298,3,0,0.08373696762336802
GSE25055,7,combined,GSM615299,0,0,0.035981266411451766
GSE25055,7,combined,GSM615300,3,1,0.21001720019075554
GSE25055,7,combined,GSM615301,3,0,0.25711655222789753
GSE25055,7,combined,GSM615302,1,0,0.050053570450903355
GSE25055,7,combined,GSM615303,1,0,0.2474076161679995
GSE25055,7,combined,GSM615304,0,0,0.03406698348248873
GSE25055,7,combined,GSM615305,2,0,0.06506822758926183
GSE25055,7,combined,GSM615306,2,0,0.04309027600159622
GSE25055,7,combined,GSM615307,0,1,0.6589148159728386
GSE25055,7,combined,GSM615308,4,0,0.038786557915681585
GSE25055,7,combined,GSM615309,3,0,0.07109762214854
GSE25055,7,combined,GSM615310,3,1,0.22714321122346443
GSE25055,7,combined,GSM615311,4,0,0.03452580980026192
GSE25055,7,combined,GSM615312,1,0,0.2857624636043695
GSE25055,7,combined,GSM615313,0,0,0.03325105607007845
GSE25055,7,combined,GSM615314,3,0,0.022910550946238405
GSE25055,7,combined,GSM615315,3,0,0.5838046014201661
GSE25055,7,combined,GSM615316,2,0,0.01896094228687412
GSE25055,7,combined,GSM615317,3,0,0.4084416058422395
GSE25055,7,combined,GSM615318,4,0,0.03683187143492997
GSE25055,7,combined,GSM615319,4,0,0.17267275071601135
GSE25055,7,combined,GSM615320,1,0,0.5939532470068144
GSE25055,7,combined,GSM615321,0,0,0.3420188704848626
GSE25055,7,combined,GSM615322,2,0,0.4358049537227359
GSE25055,7,combined,GSM615323,4,0,0.12723389239772417
GSE25055,7,combined,GSM615324,3,1,0.6201212289955541
GSE25055,7,combined,GSM615325,0,1,0.48431083018526083
GSE25055,7,combined,GSM615326,2,0,0.25361708029165664
GSE25055,7,combined,GSM615327,3,0,0.2751998323423366
GSE25055,7,combined,GSM615328,2,0,0.04688826385303127
GSE25055,7,combined,GSM615329,1,0,0.03349729840826252
GSE25055,7,combined,GSM615330,2,0,0.09758477164032081
GSE25055,7,combined,GSM615331,1,1,0.028737260551761276
GSE25055,7,combined,GSM615332,2,0,0.08779602591271708
GSE25055,7,combined,GSM615333,0,0,0.2862534776513604
GSE25055,7,combined,GSM615334,2,1,0.5533139134384456
GSE25055,7,combined,GSM615335,2,0,0.32264793131892544
GSE25055,7,combined,GSM615336,4,1,0.47621520707132486
GSE25055,7,combined,GSM615337,1,0,0.048485529233197905
GSE25055,7,combined,GSM615338,1,1,0.2894243025542766
GSE25055,7,combined,GSM615339,4,0,0.02372888178062099
GSE25055,7,combined,GSM615340,4,0,0.04519401981095337
GSE25055,7,combined,GSM615341,1,0,0.029330635005091383
GSE25055,7,combined,GSM615342,0,0,0.21320976423196386
GSE25055,7,combined,GSM615343,4,0,0.12473036166111932
GSE25055,7,combined,GSM615344,1,0,0.133737922614831
GSE25055,7,combined,GSM615345,0,0,0.1070285656883888
GSE25055,7,combined,GSM615346,3,0,0.4662226141981518
GSE25055,7,combined,GSM615347,2,0,0.29660239531673066
GSE25055,7,combined,GSM615348,0,0,0.4128541365266357
GSE25055,7,combined,GSM615349,4,0,0.046495562663938436
GSE25055,7,combined,GSM615350,1,0,0.20354619539652052
GSE25055,7,combined,GSM615351,2,0,0.06836151999500374
GSE25055,7,combined,GSM615352,2,0,0.017569747178962588
GSE25055,7,combined,GSM615353,4,1,0.08316590562107519
GSE25055,7,combined,GSM615354,1,1,0.3759023248907993
GSE25055,7,combined,GSM615355,4,0,0.09856556444286248
GSE25055,7,combined,GSM615356,4,0,0.1901577139774463
GSE25055,7,combined,GSM615357,1,1,0.47273878801131053
GSE25055,7,combined,GSM615358,1,0,0.019726753260114947
GSE25055,7,combined,GSM615359,2,1,0.5068610922437021
GSE25055,7,combined,GSM615360,2,0,0.05456926829107076
GSE25055,7,combined,GSM615361,3,0,0.06764521473224304
GSE25055,7,combined,GSM615362,2,0,0.04101625072635235
GSE25055,7,combined,GSM615363,4,0,0.19617137157017306
GSE25055,7,combined,GSM615364,1,0,0.5392804806335663
GSE25055,7,combined,GSM615365,1,0,0.030531120071337077
GSE25055,7,combined,GSM615366,2,0,0.04499354549577207
GSE25055,7,combined,GSM615367,4,0,0.06274120527880318
GSE25055,7,combined,GSM615368,1,0,0.6961042450710446
GSE25055,7,combined,GSM615369,2,0,0.18660870422544854
GSE25055,7,combined,GSM615370,0,0,0.0878246656028657
GSE25055,7,combined,GSM615371,0,1,0.2708571394174012
GSE25055,7,combined,GSM615372,0,0,0.3805856866730178
GSE25055,7,combined,GSM615373,3,0,0.10509695421009033
GSE25055,7,combined,GSM615374,4,0,0.022000322653957575
GSE25055,7,combined,GSM615375,0,1,0.5476012131979707
GSE25055,7,combined,GSM615376,3,0,0.17879081148226741
GSE25055,7,combined,GSM615377,1,0,0.01615854536079595
GSE25055,7,combined,GSM615378,3,0,0.3614705099639599
GSE25055,7,combined,GSM615379,0,1,0.20616581332100678
GSE25055,7,combined,GSM615380,4,0,0.5617332019188461
GSE25055,7,combined,GSM615381,0,0,0.020395952419123738
GSE25055,7,combined,GSM615382,3,0,0.12759596974903598
GSE25055,7,combined,GSM615383,4,1,0.03069238326619027
GSE25055,7,combined,GSM615384,3,0,0.19097030769028744
GSE25055,7,combined,GSM615385,2,0,0.11366588769821455
GSE25055,7,combined,GSM615386,3,0,0.024882122517077075
GSE25055,7,combined,GSM615387,1,0,0.2812691912827431
GSE25055,7,combined,GSM615388,3,0,0.0634779550704791
GSE25055,7,combined,GSM615389,4,0,0.0441896930253396
GSE25055,7,combined,GSM615390,3,0,0.45294358033592036
GSE25055,7,combined,GSM615391,0,0,0.03732253802298802
GSE25055,7,combined,GSM615392,0,0,0.33194199485239506
GSE25055,7,combined,GSM615393,2,1,0.22167686938475312
GSE25055,7,combined,GSM615394,3,1,0.1854950513113352
GSE25055,7,combined,GSM615395,2,0,0.026337667598096477
GSE25055,7,combined,GSM615396,4,1,0.40629239714665943
GSE25055,7,combined,GSM615397,2,1,0.3353659065864715
GSE25055,7,combined,GSM615398,0,0,0.08435020379526603
GSE25055,7,combined,GSM615399,0,0,0.05272941847477387
GSE25055,7,combined,GSM615400,3,0,0.029517357590447987
GSE25055,7,combined,GSM615401,4,0,0.07522345742830436
GSE25055,7,combined,GSM615402,4,0,0.05947055622855649
GSE25055,7,combined,GSM615403,0,0,0.37952140042923393
GSE25055,7,combined,GSM615404,4,0,0.05079023679516841
GSE25055,7,combined,GSM615405,3,0,0.46636269063492053
GSE25055,8,intercept,GSM615096,4,0,0.18672199170124482
GSE25055,8,intercept,GSM615097,2,0,0.18672199170124482
GSE25055,8,intercept,GSM615098,2,0,0.18672199170124482
GSE25055,8,intercept,GSM615099,1,1,0.18672199170124482
GSE25055,8,intercept,GSM615100,1,0,0.18672199170124482
GSE25055,8,intercept,GSM615101,2,0,0.18672199170124482
GSE25055,8,intercept,GSM615102,0,0,0.18333333333333332
GSE25055,8,intercept,GSM615104,4,0,0.18672199170124482
GSE25055,8,intercept,GSM615106,0,0,0.18333333333333332
GSE25055,8,intercept,GSM615107,2,0,0.18672199170124482
GSE25055,8,intercept,GSM615108,4,0,0.18672199170124482
GSE25055,8,intercept,GSM615109,3,0,0.18672199170124482
GSE25055,8,intercept,GSM615111,4,0,0.18672199170124482
GSE25055,8,intercept,GSM615112,0,0,0.18333333333333332
GSE25055,8,intercept,GSM615113,3,0,0.18672199170124482
GSE25055,8,intercept,GSM615114,1,0,0.18672199170124482
GSE25055,8,intercept,GSM615115,3,0,0.18672199170124482
GSE25055,8,intercept,GSM615116,1,0,0.18672199170124482
GSE25055,8,intercept,GSM615117,0,0,0.18333333333333332
GSE25055,8,intercept,GSM615120,2,0,0.18672199170124482
GSE25055,8,intercept,GSM615121,0,0,0.18333333333333332
GSE25055,8,intercept,GSM615122,0,1,0.18333333333333332
GSE25055,8,intercept,GSM615123,0,1,0.18333333333333332
GSE25055,8,intercept,GSM615124,1,0,0.18672199170124482
GSE25055,8,intercept,GSM615125,2,0,0.18672199170124482
GSE25055,8,intercept,GSM615126,3,0,0.18672199170124482
GSE25055,8,intercept,GSM615127,0,0,0.18333333333333332
GSE25055,8,intercept,GSM615128,1,0,0.18672199170124482
GSE25055,8,intercept,GSM615129,2,0,0.18672199170124482
GSE25055,8,intercept,GSM615130,0,0,0.18333333333333332
GSE25055,8,intercept,GSM615131,3,0,0.18672199170124482
GSE25055,8,intercept,GSM615132,1,0,0.18672199170124482
GSE25055,8,intercept,GSM615133,2,0,0.18672199170124482
GSE25055,8,intercept,GSM615134,2,0,0.18672199170124482
GSE25055,8,intercept,GSM615135,1,0,0.18672199170124482
GSE25055,8,intercept,GSM615136,4,0,0.18672199170124482
GSE25055,8,intercept,GSM615137,3,1,0.18672199170124482
GSE25055,8,intercept,GSM615138,2,0,0.18672199170124482
GSE25055,8,intercept,GSM615139,1,1,0.18672199170124482
GSE25055,8,intercept,GSM615140,2,1,0.18672199170124482
GSE25055,8,intercept,GSM615142,3,0,0.18672199170124482
GSE25055,8,intercept,GSM615143,1,1,0.18672199170124482
GSE25055,8,intercept,GSM615144,2,0,0.18672199170124482
GSE25055,8,intercept,GSM615145,1,0,0.18672199170124482
GSE25055,8,intercept,GSM615146,0,1,0.18333333333333332
GSE25055,8,intercept,GSM615147,3,0,0.18672199170124482
GSE25055,8,intercept,GSM615148,2,0,0.18672199170124482
GSE25055,8,intercept,GSM615149,2,0,0.18672199170124482
GSE25055,8,intercept,GSM615150,0,0,0.18333333333333332
GSE25055,8,intercept,GSM615151,3,0,0.18672199170124482
GSE25055,8,intercept,GSM615153,4,0,0.18672199170124482
GSE25055,8,intercept,GSM615154,0,1,0.18333333333333332
GSE25055,8,intercept,GSM615155,0,0,0.18333333333333332
GSE25055,8,intercept,GSM615156,0,0,0.18333333333333332
GSE25055,8,intercept,GSM615157,0,0,0.18333333333333332
GSE25055,8,intercept,GSM615158,3,0,0.18672199170124482
GSE25055,8,intercept,GSM615159,1,0,0.18672199170124482
GSE25055,8,intercept,GSM615160,3,0,0.18672199170124482
GSE25055,8,intercept,GSM615162,0,0,0.18333333333333332
GSE25055,8,intercept,GSM615164,3,1,0.18672199170124482
GSE25055,8,intercept,GSM615165,4,0,0.18672199170124482
GSE25055,8,intercept,GSM615166,4,0,0.18672199170124482
GSE25055,8,intercept,GSM615167,1,1,0.18672199170124482
GSE25055,8,intercept,GSM615168,0,0,0.18333333333333332
GSE25055,8,intercept,GSM615169,4,0,0.18672199170124482
GSE25055,8,intercept,GSM615170,3,0,0.18672199170124482
GSE25055,8,intercept,GSM615171,3,1,0.18672199170124482
GSE25055,8,intercept,GSM615172,4,0,0.18672199170124482
GSE25055,8,intercept,GSM615173,4,0,0.18672199170124482
GSE25055,8,intercept,GSM615174,3,0,0.18672199170124482
GSE25055,8,intercept,GSM615175,3,1,0.18672199170124482
GSE25055,8,intercept,GSM615176,4,0,0.18672199170124482
GSE25055,8,intercept,GSM615177,0,0,0.18333333333333332
GSE25055,8,intercept,GSM615178,4,0,0.18672199170124482
GSE25055,8,intercept,GSM615179,3,0,0.18672199170124482
GSE25055,8,intercept,GSM615180,2,0,0.18672199170124482
GSE25055,8,intercept,GSM615181,1,1,0.18672199170124482
GSE25055,8,intercept,GSM615182,1,0,0.18672199170124482
GSE25055,8,intercept,GSM615183,0,0,0.18333333333333332
GSE25055,8,intercept,GSM615184,3,0,0.18672199170124482
GSE25055,8,intercept,GSM615185,0,0,0.18333333333333332
GSE25055,8,intercept,GSM615186,0,1,0.18333333333333332
GSE25055,8,intercept,GSM615187,2,0,0.18672199170124482
GSE25055,8,intercept,GSM615188,4,0,0.18672199170124482
GSE25055,8,intercept,GSM615189,3,0,0.18672199170124482
GSE25055,8,intercept,GSM615190,2,0,0.18672199170124482
GSE25055,8,intercept,GSM615191,4,1,0.18672199170124482
GSE25055,8,intercept,GSM615192,3,0,0.18672199170124482
GSE25055,8,intercept,GSM615193,4,1,0.18672199170124482
GSE25055,8,intercept,GSM615194,1,1,0.18672199170124482
GSE25055,8,intercept,GSM615195,0,0,0.18333333333333332
GSE25055,8,intercept,GSM615196,2,0,0.18672199170124482
GSE25055,8,intercept,GSM615197,2,0,0.18672199170124482
GSE25055,8,intercept,GSM615198,2,0,0.18672199170124482
GSE25055,8,intercept,GSM615199,1,0,0.18672199170124482
GSE25055,8,intercept,GSM615200,1,0,0.18672199170124482
GSE25055,8,intercept,GSM615201,4,1,0.18672199170124482
GSE25055,8,intercept,GSM615202,2,1,0.18672199170124482
GSE25055,8,intercept,GSM615203,0,0,0.18333333333333332
GSE25055,8,intercept,GSM615204,4,0,0.18672199170124482
GSE25055,8,intercept,GSM615205,4,0,0.18672199170124482
GSE25055,8,intercept,GSM615206,0,0,0.18333333333333332
GSE25055,8,intercept,GSM615207,3,0,0.18672199170124482
GSE25055,8,intercept,GSM615208,1,0,0.18672199170124482
GSE25055,8,intercept,GSM615209,3,1,0.18672199170124482
GSE25055,8,intercept,GSM615210,4,0,0.18672199170124482
GSE25055,8,intercept,GSM615211,4,1,0.18672199170124482
GSE25055,8,intercept,GSM615212,1,1,0.18672199170124482
GSE25055,8,intercept,GSM615213,2,1,0.18672199170124482
GSE25055,8,intercept,GSM615214,3,0,0.18672199170124482
GSE25055,8,intercept,GSM615215,4,1,0.18672199170124482
GSE25055,8,intercept,GSM615216,0,0,0.18333333333333332
GSE25055,8,intercept,GSM615217,2,0,0.18672199170124482
GSE25055,8,intercept,GSM615218,2,0,0.18672199170124482
GSE25055,8,intercept,GSM615219,2,0,0.18672199170124482
GSE25055,8,intercept,GSM615220,3,0,0.18672199170124482
GSE25055,8,intercept,GSM615221,2,0,0.18672199170124482
GSE25055,8,intercept,GSM615222,3,0,0.18672199170124482
GSE25055,8,intercept,GSM615223,3,0,0.18672199170124482
GSE25055,8,intercept,GSM615224,1,0,0.18672199170124482
GSE25055,8,intercept,GSM615225,3,0,0.18672199170124482
GSE25055,8,intercept,GSM615226,2,0,0.18672199170124482
GSE25055,8,intercept,GSM615227,4,0,0.18672199170124482
GSE25055,8,intercept,GSM615228,4,0,0.18672199170124482
GSE25055,8,intercept,GSM615229,3,0,0.18672199170124482
GSE25055,8,intercept,GSM615230,2,0,0.18672199170124482
GSE25055,8,intercept,GSM615231,4,0,0.18672199170124482
GSE25055,8,intercept,GSM615232,1,0,0.18672199170124482
GSE25055,8,intercept,GSM615233,0,0,0.18333333333333332
GSE25055,8,intercept,GSM615234,0,0,0.18333333333333332
GSE25055,8,intercept,GSM615235,2,0,0.18672199170124482
GSE25055,8,intercept,GSM615236,1,0,0.18672199170124482
GSE25055,8,intercept,GSM615237,3,0,0.18672199170124482
GSE25055,8,intercept,GSM615238,1,0,0.18672199170124482
GSE25055,8,intercept,GSM615239,1,0,0.18672199170124482
GSE25055,8,intercept,GSM615240,2,1,0.18672199170124482
GSE25055,8,intercept,GSM615241,2,0,0.18672199170124482
GSE25055,8,intercept,GSM615242,2,1,0.18672199170124482
GSE25055,8,intercept,GSM615243,3,0,0.18672199170124482
GSE25055,8,intercept,GSM615244,2,0,0.18672199170124482
GSE25055,8,intercept,GSM615245,1,0,0.18672199170124482
GSE25055,8,intercept,GSM615246,1,0,0.18672199170124482
GSE25055,8,intercept,GSM615247,1,0,0.18672199170124482
GSE25055,8,intercept,GSM615248,1,0,0.18672199170124482
GSE25055,8,intercept,GSM615249,4,0,0.18672199170124482
GSE25055,8,intercept,GSM615250,1,0,0.18672199170124482
GSE25055,8,intercept,GSM615251,3,0,0.18672199170124482
GSE25055,8,intercept,GSM615252,3,0,0.18672199170124482
GSE25055,8,intercept,GSM615253,2,0,0.18672199170124482
GSE25055,8,intercept,GSM615254,1,0,0.18672199170124482
GSE25055,8,intercept,GSM615255,4,0,0.18672199170124482
GSE25055,8,intercept,GSM615256,4,1,0.18672199170124482
GSE25055,8,intercept,GSM615257,3,0,0.18672199170124482
GSE25055,8,intercept,GSM615258,3,0,0.18672199170124482
GSE25055,8,intercept,GSM615259,0,0,0.18333333333333332
GSE25055,8,intercept,GSM615260,2,0,0.18672199170124482
GSE25055,8,intercept,GSM615261,3,0,0.18672199170124482
GSE25055,8,intercept,GSM615262,4,0,0.18672199170124482
GSE25055,8,intercept,GSM615263,2,1,0.18672199170124482
GSE25055,8,intercept,GSM615264,4,1,0.18672199170124482
GSE25055,8,intercept,GSM615265,1,0,0.18672199170124482
GSE25055,8,intercept,GSM615266,3,0,0.18672199170124482
GSE25055,8,intercept,GSM615267,3,0,0.18672199170124482
GSE25055,8,intercept,GSM615268,0,0,0.18333333333333332
GSE25055,8,intercept,GSM615269,3,0,0.18672199170124482
GSE25055,8,intercept,GSM615270,4,1,0.18672199170124482
GSE25055,8,intercept,GSM615271,1,0,0.18672199170124482
GSE25055,8,intercept,GSM615272,3,0,0.18672199170124482
GSE25055,8,intercept,GSM615273,2,0,0.18672199170124482
GSE25055,8,intercept,GSM615274,0,0,0.18333333333333332
GSE25055,8,intercept,GSM615275,4,0,0.18672199170124482
GSE25055,8,intercept,GSM615276,2,0,0.18672199170124482
GSE25055,8,intercept,GSM615277,2,0,0.18672199170124482
GSE25055,8,intercept,GSM615278,0,0,0.18333333333333332
GSE25055,8,intercept,GSM615279,0,0,0.18333333333333332
GSE25055,8,intercept,GSM615280,0,1,0.18333333333333332
GSE25055,8,intercept,GSM615281,4,0,0.18672199170124482
GSE25055,8,intercept,GSM615282,1,0,0.18672199170124482
GSE25055,8,intercept,GSM615283,4,0,0.18672199170124482
GSE25055,8,intercept,GSM615284,4,1,0.18672199170124482
GSE25055,8,intercept,GSM615285,0,0,0.18333333333333332
GSE25055,8,intercept,GSM615286,4,0,0.18672199170124482
GSE25055,8,intercept,GSM615287,0,0,0.18333333333333332
GSE25055,8,intercept,GSM615288,1,0,0.18672199170124482
GSE25055,8,intercept,GSM615289,3,0,0.18672199170124482
GSE25055,8,intercept,GSM615290,3,0,0.18672199170124482
GSE25055,8,intercept,GSM615291,1,1,0.18672199170124482
GSE25055,8,intercept,GSM615292,4,0,0.18672199170124482
GSE25055,8,intercept,GSM615293,1,1,0.18672199170124482
GSE25055,8,intercept,GSM615294,2,0,0.18672199170124482
GSE25055,8,intercept,GSM615295,0,0,0.18333333333333332
GSE25055,8,intercept,GSM615296,4,0,0.18672199170124482
GSE25055,8,intercept,GSM615297,1,0,0.18672199170124482
GSE25055,8,intercept,GSM615298,4,0,0.18672199170124482
GSE25055,8,intercept,GSM615299,0,0,0.18333333333333332
GSE25055,8,intercept,GSM615300,4,1,0.18672199170124482
GSE25055,8,intercept,GSM615301,0,0,0.18333333333333332
GSE25055,8,intercept,GSM615302,0,0,0.18333333333333332
GSE25055,8,intercept,GSM615303,0,0,0.18333333333333332
GSE25055,8,intercept,GSM615304,0,0,0.18333333333333332
GSE25055,8,intercept,GSM615305,3,0,0.18672199170124482
GSE25055,8,intercept,GSM615306,2,0,0.18672199170124482
GSE25055,8,intercept,GSM615307,0,1,0.18333333333333332
GSE25055,8,intercept,GSM615308,4,0,0.18672199170124482
GSE25055,8,intercept,GSM615309,1,0,0.18672199170124482
GSE25055,8,intercept,GSM615310,2,1,0.18672199170124482
GSE25055,8,intercept,GSM615311,2,0,0.18672199170124482
GSE25055,8,intercept,GSM615312,1,0,0.18672199170124482
GSE25055,8,intercept,GSM615313,0,0,0.18333333333333332
GSE25055,8,intercept,GSM615314,4,0,0.18672199170124482
GSE25055,8,intercept,GSM615315,4,0,0.18672199170124482
GSE25055,8,intercept,GSM615316,3,0,0.18672199170124482
GSE25055,8,intercept,GSM615317,3,0,0.18672199170124482
GSE25055,8,intercept,GSM615318,1,0,0.18672199170124482
GSE25055,8,intercept,GSM615319,1,0,0.18672199170124482
GSE25055,8,intercept,GSM615320,2,0,0.18672199170124482
GSE25055,8,intercept,GSM615321,0,0,0.18333333333333332
GSE25055,8,intercept,GSM615322,2,0,0.18672199170124482
GSE25055,8,intercept,GSM615323,2,0,0.18672199170124482
GSE25055,8,intercept,GSM615324,0,1,0.18333333333333332
GSE25055,8,intercept,GSM615325,1,1,0.18672199170124482
GSE25055,8,intercept,GSM615326,1,0,0.18672199170124482
GSE25055,8,intercept,GSM615327,0,0,0.18333333333333332
GSE25055,8,intercept,GSM615328,3,0,0.18672199170124482
GSE25055,8,intercept,GSM615329,4,0,0.18672199170124482
GSE25055,8,intercept,GSM615330,3,0,0.18672199170124482
GSE25055,8,intercept,GSM615331,4,1,0.18672199170124482
GSE25055,8,intercept,GSM615332,3,0,0.18672199170124482
GSE25055,8,intercept,GSM615333,0,0,0.18333333333333332
GSE25055,8,intercept,GSM615334,0,1,0.18333333333333332
GSE25055,8,intercept,GSM615335,4,0,0.18672199170124482
GSE25055,8,intercept,GSM615336,2,1,0.18672199170124482
GSE25055,8,intercept,GSM615337,1,0,0.18672199170124482
GSE25055,8,intercept,GSM615338,3,1,0.18672199170124482
GSE25055,8,intercept,GSM615339,3,0,0.18672199170124482
GSE25055,8,intercept,GSM615340,2,0,0.18672199170124482
GSE25055,8,intercept,GSM615341,1,0,0.18672199170124482
GSE25055,8,intercept,GSM615342,2,0,0.18672199170124482
GSE25055,8,intercept,GSM615343,4,0,0.18672199170124482
GSE25055,8,intercept,GSM615344,3,0,0.18672199170124482
GSE25055,8,intercept,GSM615345,1,0,0.18672199170124482
GSE25055,8,intercept,GSM615346,0,0,0.18333333333333332
GSE25055,8,intercept,GSM615347,1,0,0.18672199170124482
GSE25055,8,intercept,GSM615348,1,0,0.18672199170124482
GSE25055,8,intercept,GSM615349,1,0,0.18672199170124482
GSE25055,8,intercept,GSM615350,4,0,0.18672199170124482
GSE25055,8,intercept,GSM615351,3,0,0.18672199170124482
GSE25055,8,intercept,GSM615352,0,0,0.18333333333333332
GSE25055,8,intercept,GSM615353,3,1,0.18672199170124482
GSE25055,8,intercept,GSM615354,3,1,0.18672199170124482
GSE25055,8,intercept,GSM615355,2,0,0.18672199170124482
GSE25055,8,intercept,GSM615356,4,0,0.18672199170124482
GSE25055,8,intercept,GSM615357,3,1,0.18672199170124482
GSE25055,8,intercept,GSM615358,4,0,0.18672199170124482
GSE25055,8,intercept,GSM615359,0,1,0.18333333333333332
GSE25055,8,intercept,GSM615360,4,0,0.18672199170124482
GSE25055,8,intercept,GSM615361,3,0,0.18672199170124482
GSE25055,8,intercept,GSM615362,1,0,0.18672199170124482
GSE25055,8,intercept,GSM615363,2,0,0.18672199170124482
GSE25055,8,intercept,GSM615364,4,0,0.18672199170124482
GSE25055,8,intercept,GSM615365,0,0,0.18333333333333332
GSE25055,8,intercept,GSM615366,1,0,0.18672199170124482
GSE25055,8,intercept,GSM615367,0,0,0.18333333333333332
GSE25055,8,intercept,GSM615368,0,0,0.18333333333333332
GSE25055,8,intercept,GSM615369,3,0,0.18672199170124482
GSE25055,8,intercept,GSM615370,2,0,0.18672199170124482
GSE25055,8,intercept,GSM615371,2,1,0.18672199170124482
GSE25055,8,intercept,GSM615372,2,0,0.18672199170124482
GSE25055,8,intercept,GSM615373,1,0,0.18672199170124482
GSE25055,8,intercept,GSM615374,1,0,0.18672199170124482
GSE25055,8,intercept,GSM615375,0,1,0.18333333333333332
GSE25055,8,intercept,GSM615376,2,0,0.18672199170124482
GSE25055,8,intercept,GSM615377,4,0,0.18672199170124482
GSE25055,8,intercept,GSM615378,2,0,0.18672199170124482
GSE25055,8,intercept,GSM615379,3,1,0.18672199170124482
GSE25055,8,intercept,GSM615380,4,0,0.18672199170124482
GSE25055,8,intercept,GSM615381,0,0,0.18333333333333332
GSE25055,8,intercept,GSM615382,1,0,0.18672199170124482
GSE25055,8,intercept,GSM615383,2,1,0.18672199170124482
GSE25055,8,intercept,GSM615384,2,0,0.18672199170124482
GSE25055,8,intercept,GSM615385,1,0,0.18672199170124482
GSE25055,8,intercept,GSM615386,0,0,0.18333333333333332
GSE25055,8,intercept,GSM615387,4,0,0.18672199170124482
GSE25055,8,intercept,GSM615388,4,0,0.18672199170124482
GSE25055,8,intercept,GSM615389,4,0,0.18672199170124482
GSE25055,8,intercept,GSM615390,3,0,0.18672199170124482
GSE25055,8,intercept,GSM615391,1,0,0.18672199170124482
GSE25055,8,intercept,GSM615392,0,0,0.18333333333333332
GSE25055,8,intercept,GSM615393,0,1,0.18333333333333332
GSE25055,8,intercept,GSM615394,3,1,0.18672199170124482
GSE25055,8,intercept,GSM615395,2,0,0.18672199170124482
GSE25055,8,intercept,GSM615396,2,1,0.18672199170124482
GSE25055,8,intercept,GSM615397,1,1,0.18672199170124482
GSE25055,8,intercept,GSM615398,4,0,0.18672199170124482
GSE25055,8,intercept,GSM615399,0,0,0.18333333333333332
GSE25055,8,intercept,GSM615400,4,0,0.18672199170124482
GSE25055,8,intercept,GSM615401,4,0,0.18672199170124482
GSE25055,8,intercept,GSM615402,3,0,0.18672199170124482
GSE25055,8,intercept,GSM615403,1,0,0.18672199170124482
GSE25055,8,intercept,GSM615404,0,0,0.18333333333333332
GSE25055,8,intercept,GSM615405,1,0,0.18672199170124482
GSE25055,8,clinical,GSM615096,4,0,0.07857671111380408
GSE25055,8,clinical,GSM615097,2,0,0.07582996086825312
GSE25055,8,clinical,GSM615098,2,0,0.4241830738673098
GSE25055,8,clinical,GSM615099,1,1,0.3582855440266679
GSE25055,8,clinical,GSM615100,1,0,0.09737303981885946
GSE25055,8,clinical,GSM615101,2,0,0.32995633842752453
GSE25055,8,clinical,GSM615102,0,0,0.3903887732835215
GSE25055,8,clinical,GSM615104,4,0,0.3588693475744653
GSE25055,8,clinical,GSM615106,0,0,0.33834652365545026
GSE25055,8,clinical,GSM615107,2,0,0.4491613898748404
GSE25055,8,clinical,GSM615108,4,0,0.06666642922709844
GSE25055,8,clinical,GSM615109,3,0,0.2988168425231635
GSE25055,8,clinical,GSM615111,4,0,0.34145872604492994
GSE25055,8,clinical,GSM615112,0,0,0.292823264350048
GSE25055,8,clinical,GSM615113,3,0,0.36625866244423566
GSE25055,8,clinical,GSM615114,1,0,0.07879480318170863
GSE25055,8,clinical,GSM615115,3,0,0.36009385002015776
GSE25055,8,clinical,GSM615116,1,0,0.3180882752271755
GSE25055,8,clinical,GSM615117,0,0,0.07185348027036426
GSE25055,8,clinical,GSM615120,2,0,0.05954852312858029
GSE25055,8,clinical,GSM615121,0,0,0.06967456850134666
GSE25055,8,clinical,GSM615122,0,1,0.0757878121917055
GSE25055,8,clinical,GSM615123,0,1,0.0530895196200838
GSE25055,8,clinical,GSM615124,1,0,0.0711711467151445
GSE25055,8,clinical,GSM615125,2,0,0.08010918419251528
GSE25055,8,clinical,GSM615126,3,0,0.07703683420614263
GSE25055,8,clinical,GSM615127,0,0,0.04482508743387911
GSE25055,8,clinical,GSM615128,1,0,0.08116366981659198
GSE25055,8,clinical,GSM615129,2,0,0.058962835907188434
GSE25055,8,clinical,GSM615130,0,0,0.06085579187788515
GSE25055,8,clinical,GSM615131,3,0,0.0556332004586668
GSE25055,8,clinical,GSM615132,1,0,0.08400928637867229
GSE25055,8,clinical,GSM615133,2,0,0.06317853061967897
GSE25055,8,clinical,GSM615134,2,0,0.08272829430962715
GSE25055,8,clinical,GSM615135,1,0,0.3045718320093408
GSE25055,8,clinical,GSM615136,4,0,0.2994060076130905
GSE25055,8,clinical,GSM615137,3,1,0.08936060014410932
GSE25055,8,clinical,GSM615138,2,0,0.10662745579587314
GSE25055,8,clinical,GSM615139,1,1,0.3120093005140043
GSE25055,8,clinical,GSM615140,2,1,0.43534023747520534
GSE25055,8,clinical,GSM615142,3,0,0.06699951813081258
GSE25055,8,clinical,GSM615143,1,1,0.35244680393793226
GSE25055,8,clinical,GSM615144,2,0,0.04475513911107453
GSE25055,8,clinical,GSM615145,1,0,0.3137396760320874
GSE25055,8,clinical,GSM615146,0,1,0.38748714659959577
GSE25055,8,clinical,GSM615147,3,0,0.05746143514552217
GSE25055,8,clinical,GSM615148,2,0,0.43275926006669485
GSE25055,8,clinical,GSM615149,2,0,0.3945554898994388
GSE25055,8,clinical,GSM615150,0,0,0.061255740703057164
GSE25055,8,clinical,GSM615151,3,0,0.35834081581300364
GSE25055,8,clinical,GSM615153,4,0,0.04762917763749748
GSE25055,8,clinical,GSM615154,0,1,0.379651954247769
GSE25055,8,clinical,GSM615155,0,0,0.07554384139397559
GSE25055,8,clinical,GSM615156,0,0,0.38997377475729966
GSE25055,8,clinical,GSM615157,0,0,0.059768491839908906
GSE25055,8,clinical,GSM615158,3,0,0.05797920747079142
GSE25055,8,clinical,GSM615159,1,0,0.3463480528539162
GSE25055,8,clinical,GSM615160,3,0,0.38907597946424144
GSE25055,8,clinical,GSM615162,0,0,0.06339606290009714
GSE25055,8,clinical,GSM615164,3,1,0.36935771802880313
GSE25055,8,clinical,GSM615165,4,0,0.07078989518365623
GSE25055,8,clinical,GSM615166,4,0,0.07458993401935742
GSE25055,8,clinical,GSM615167,1,1,0.3782556912336842
GSE25055,8,clinical,GSM615168,0,0,0.05578225181567995
GSE25055,8,clinical,GSM615169,4,0,0.3533283612820156
GSE25055,8,clinical,GSM615170,3,0,0.07384992891911175
GSE25055,8,clinical,GSM615171,3,1,0.364933859196859
GSE25055,8,clinical,GSM615172,4,0,0.05191252841168623
GSE25055,8,clinical,GSM615173,4,0,0.06517842962416857
GSE25055,8,clinical,GSM615174,3,0,0.0790921818252535
GSE25055,8,clinical,GSM615175,3,1,0.36758549133046636
GSE25055,8,clinical,GSM615176,4,0,0.06805808085022445
GSE25055,8,clinical,GSM615177,0,0,0.055874187499141595
GSE25055,8,clinical,GSM615178,4,0,0.39671573040115404
GSE25055,8,clinical,GSM615179,3,0,0.06183829390113859
GSE25055,8,clinical,GSM615180,2,0,0.07293672646497791
GSE25055,8,clinical,GSM615181,1,1,0.33340729043409967
GSE25055,8,clinical,GSM615182,1,0,0.2608416215394187
GSE25055,8,clinical,GSM615183,0,0,0.07255451775203785
GSE25055,8,clinical,GSM615184,3,0,0.33083129072019946
GSE25055,8,clinical,GSM615185,0,0,0.2863647231819993
GSE25055,8,clinical,GSM615186,0,1,0.0549612134544878
GSE25055,8,clinical,GSM615187,2,0,0.038871169781593336
GSE25055,8,clinical,GSM615188,4,0,0.2951988953346184
GSE25055,8,clinical,GSM615189,3,0,0.274684165598631
GSE25055,8,clinical,GSM615190,2,0,0.4561028943591009
GSE25055,8,clinical,GSM615191,4,1,0.4044524005470068
GSE25055,8,clinical,GSM615192,3,0,0.06759707216704909
GSE25055,8,clinical,GSM615193,4,1,0.3899881233213604
GSE25055,8,clinical,GSM615194,1,1,0.29863804369724106
GSE25055,8,clinical,GSM615195,0,0,0.4291749419677697
GSE25055,8,clinical,GSM615196,2,0,0.04596836070868923
GSE25055,8,clinical,GSM615197,2,0,0.2267569907962289
GSE25055,8,clinical,GSM615198,2,0,0.05251790998520934
GSE25055,8,clinical,GSM615199,1,0,0.09446496479473124
GSE25055,8,clinical,GSM615200,1,0,0.08257532428122404
GSE25055,8,clinical,GSM615201,4,1,0.0740358073616405
GSE25055,8,clinical,GSM615202,2,1,0.41310265846856575
GSE25055,8,clinical,GSM615203,0,0,0.038114254337946595
GSE25055,8,clinical,GSM615204,4,0,0.06742220435315925
GSE25055,8,clinical,GSM615205,4,0,0.04436095374163618
GSE25055,8,clinical,GSM615206,0,0,0.05869940418341846
GSE25055,8,clinical,GSM615207,3,0,0.07923097265672759
GSE25055,8,clinical,GSM615208,1,0,0.06439512691855595
GSE25055,8,clinical,GSM615209,3,1,0.31010535620038876
GSE25055,8,clinical,GSM615210,4,0,0.0387542876053779
GSE25055,8,clinical,GSM615211,4,1,0.4141900053781342
GSE25055,8,clinical,GSM615212,1,1,0.3363953172610327
GSE25055,8,clinical,GSM615213,2,1,0.3237917605946705
GSE25055,8,clinical,GSM615214,3,0,0.06408466858885745
GSE25055,8,clinical,GSM615215,4,1,0.3710032393444646
GSE25055,8,clinical,GSM615216,0,0,0.048953713661268244
GSE25055,8,clinical,GSM615217,2,0,0.06194616451613709
GSE25055,8,clinical,GSM615218,2,0,0.30122574690524073
GSE25055,8,clinical,GSM615219,2,0,0.09733194127465518
GSE25055,8,clinical,GSM615220,3,0,0.09591995792551794
GSE25055,8,clinical,GSM615221,2,0,0.09733194127465518
GSE25055,8,clinical,GSM615222,3,0,0.07128732310295408
GSE25055,8,clinical,GSM615223,3,0,0.3060467717138583
GSE25055,8,clinical,GSM615224,1,0,0.07957731528758728
GSE25055,8,clinical,GSM615225,3,0,0.29405176141199174
GSE25055,8,clinical,GSM615226,2,0,0.05080226457390865
GSE25055,8,clinical,GSM615227,4,0,0.06021056967079981
GSE25055,8,clinical,GSM615228,4,0,0.07266702457119861
GSE25055,8,clinical,GSM615229,3,0,0.34359638950786064
GSE25055,8,clinical,GSM615230,2,0,0.09429802139927912
GSE25055,8,clinical,GSM615231,4,0,0.06372137478498302
GSE25055,8,clinical,GSM615232,1,0,0.07573467421331108
GSE25055,8,clinical,GSM615233,0,0,0.03875885689767379
GSE25055,8,clinical,GSM615234,0,0,0.060656734444464004
GSE25055,8,clinical,GSM615235,2,0,0.037583649710182285
GSE25055,8,clinical,GSM615236,1,0,0.06279745635125801
GSE25055,8,clinical,GSM615237,3,0,0.07516279186397912
GSE25055,8,clinical,GSM615238,1,0,0.08780096975115614
GSE25055,8,clinical,GSM615239,1,0,0.08567576726487652
GSE25055,8,clinical,GSM615240,2,1,0.36324941343332845
GSE25055,8,clinical,GSM615241,2,0,0.04299238507730118
GSE25055,8,clinical,GSM615242,2,1,0.3796006759648305
GSE25055,8,clinical,GSM615243,3,0,0.07384992891911175
GSE25055,8,clinical,GSM615244,2,0,0.3393133565558118
GSE25055,8,clinical,GSM615245,1,0,0.09678510678381268
GSE25055,8,clinical,GSM615246,1,0,0.10916297739099222
GSE25055,8,clinical,GSM615247,1,0,0.09219476425447323
GSE25055,8,clinical,GSM615248,1,0,0.08997370076067678
GSE25055,8,clinical,GSM615249,4,0,0.04522255433949891
GSE25055,8,clinical,GSM615250,1,0,0.29304902967364904
GSE25055,8,clinical,GSM615251,3,0,0.36097177196192853
GSE25055,8,clinical,GSM615252,3,0,0.06408466858885745
GSE25055,8,clinical,GSM615253,2,0,0.08848339082537487
GSE25055,8,clinical,GSM615254,1,0,0.08257532428122404
GSE25055,8,clinical,GSM615255,4,0,0.3947894454026506
GSE25055,8,clinical,GSM615256,4,1,0.061360243504025094
GSE25055,8,clinical,GSM615257,3,0,0.058606313310099654
GSE25055,8,clinical,GSM615258,3,0,0.06295213513057764
GSE25055,8,clinical,GSM615259,0,0,0.04580596192859465
GSE25055,8,clinical,GSM615260,2,0,0.05428818077330149
GSE25055,8,clinical,GSM615261,3,0,0.05966564197012676
GSE25055,8,clinical,GSM615262,4,0,0.07266702457119861
GSE25055,8,clinical,GSM615263,2,1,0.2656941311695157
GSE25055,8,clinical,GSM615264,4,1,0.3663161051536031
GSE25055,8,clinical,GSM615265,1,0,0.29304902967364904
GSE25055,8,clinical,GSM615266,3,0,0.057564641053707774
GSE25055,8,clinical,GSM615267,3,0,0.07923097265672759
GSE25055,8,clinical,GSM615268,0,0,0.0713895991502213
GSE25055,8,clinical,GSM615269,3,0,0.082053903915872
GSE25055,8,clinical,GSM615270,4,1,0.3996111557002314
GSE25055,8,clinical,GSM615271,1,0,0.08780096975115614
GSE25055,8,clinical,GSM615272,3,0,0.054543037176615454
GSE25055,8,clinical,GSM615273,2,0,0.07060374875720592
GSE25055,8,clinical,GSM615274,0,0,0.04144337010659318
GSE25055,8,clinical,GSM615275,4,0,0.2994060076130905
GSE25055,8,clinical,GSM615276,2,0,0.33150676646172356
GSE25055,8,clinical,GSM615277,2,0,0.066143460923975
GSE25055,8,clinical,GSM615278,0,0,0.05869940418341846
GSE25055,8,clinical,GSM615279,0,0,0.055874187499141595
GSE25055,8,clinical,GSM615280,0,1,0.06475576236461401
GSE25055,8,clinical,GSM615281,4,0,0.0699992031747296
GSE25055,8,clinical,GSM615282,1,0,0.07206305949246672
GSE25055,8,clinical,GSM615283,4,0,0.05475893743928025
GSE25055,8,clinical,GSM615284,4,1,0.3432723886533313
GSE25055,8,clinical,GSM615285,0,0,0.06165814545195978
GSE25055,8,clinical,GSM615286,4,0,0.049774767915123454
GSE25055,8,clinical,GSM615287,0,0,0.34265476534612
GSE25055,8,clinical,GSM615288,1,0,0.3669667377888426
GSE25055,8,clinical,GSM615289,3,0,0.07384992891911175
GSE25055,8,clinical,GSM615290,3,0,0.0516713432117134
GSE25055,8,clinical,GSM615291,1,1,0.3042877708694254
GSE25055,8,clinical,GSM615292,4,0,0.06616695732842966
GSE25055,8,clinical,GSM615293,1,1,0.38904025275087145
GSE25055,8,clinical,GSM615294,2,0,0.07781693593648775
GSE25055,8,clinical,GSM615295,0,0,0.3309680673641566
GSE25055,8,clinical,GSM615296,4,0,0.06742220435315925
GSE25055,8,clinical,GSM615297,1,0,0.3071350696156437
GSE25055,8,clinical,GSM615298,4,0,0.07542827589467735
GSE25055,8,clinical,GSM615299,0,0,0.05869940418341846
GSE25055,8,clinical,GSM615300,4,1,0.3122302714558038
GSE25055,8,clinical,GSM615301,0,0,0.29717603237912915
GSE25055,8,clinical,GSM615302,0,0,0.05144807267602536
GSE25055,8,clinical,GSM615303,0,0,0.27579239104962194
GSE25055,8,clinical,GSM615304,0,0,0.04977215139541346
GSE25055,8,clinical,GSM615305,3,0,0.08349946346552688
GSE25055,8,clinical,GSM615306,2,0,0.05080226457390865
GSE25055,8,clinical,GSM615307,0,1,0.41640664746249245
GSE25055,8,clinical,GSM615308,4,0,0.061360243504025094
GSE25055,8,clinical,GSM615309,1,0,0.08673247764665823
GSE25055,8,clinical,GSM615310,2,1,0.04157426367533653
GSE25055,8,clinical,GSM615311,2,0,0.11035324214640845
GSE25055,8,clinical,GSM615312,1,0,0.3274713897077953
GSE25055,8,clinical,GSM615313,0,0,0.055874187499141595
GSE25055,8,clinical,GSM615314,4,0,0.041869133352651106
GSE25055,8,clinical,GSM615315,4,0,0.42892075569646493
GSE25055,8,clinical,GSM615316,3,0,0.05074628901457172
GSE25055,8,clinical,GSM615317,3,0,0.34790328781233476
GSE25055,8,clinical,GSM615318,1,0,0.08463073832329907
GSE25055,8,clinical,GSM615319,1,0,0.29304902967364904
GSE25055,8,clinical,GSM615320,2,0,0.4301819268687763
GSE25055,8,clinical,GSM615321,0,0,0.34265476534612
GSE25055,8,clinical,GSM615322,2,0,0.33150676646172356
GSE25055,8,clinical,GSM615323,2,0,0.4997676193676425
GSE25055,8,clinical,GSM615324,0,1,0.34659400260696144
GSE25055,8,clinical,GSM615325,1,1,0.35152886118051785
GSE25055,8,clinical,GSM615326,1,0,0.0748009816149912
GSE25055,8,clinical,GSM615327,0,0,0.2863647231819993
GSE25055,8,clinical,GSM615328,3,0,0.07516279186397912
GSE25055,8,clinical,GSM615329,4,0,0.0740358073616405
GSE25055,8,clinical,GSM615330,3,0,0.274684165598631
GSE25055,8,clinical,GSM615331,4,1,0.05073593579605177
GSE25055,8,clinical,GSM615332,3,0,0.0516713432117134
GSE25055,8,clinical,GSM615333,0,0,0.3505543755562767
GSE25055,8,clinical,GSM615334,0,1,0.30083170882728494
GSE25055,8,clinical,GSM615335,4,0,0.33874691963125175
GSE25055,8,clinical,GSM615336,2,1,0.3551881833968928
GSE25055,8,clinical,GSM615337,1,0,0.08567576726487652
GSE25055,8,clinical,GSM615338,3,1,0.3060467717138583
GSE25055,8,clinical,GSM615339,3,0,0.05966564197012676
GSE25055,8,clinical,GSM615340,2,0,0.066143460923975
GSE25055,8,clinical,GSM615341,1,0,0.08463073832329907
GSE25055,8,clinical,GSM615342,2,0,0.40463813708290036
GSE25055,8,clinical,GSM615343,4,0,0.09072905395248852
GSE25055,8,clinical,GSM615344,3,0,0.3020180514154617
GSE25055,8,clinical,GSM615345,1,0,0.2902776068631734
GSE25055,8,clinical,GSM615346,0,0,0.3747352582385932
GSE25055,8,clinical,GSM615347,1,0,0.26867520403096395
GSE25055,8,clinical,GSM615348,1,0,0.3826824960741076
GSE25055,8,clinical,GSM615349,1,0,0.08156473932747321
GSE25055,8,clinical,GSM615350,4,0,0.3036472468728272
GSE25055,8,clinical,GSM615351,3,0,0.06523615830198619
GSE25055,8,clinical,GSM615352,0,0,0.038114254337946595
GSE25055,8,clinical,GSM615353,3,1,0.07384992891911175
GSE25055,8,clinical,GSM615354,3,1,0.35223520245770407
GSE25055,8,clinical,GSM615355,2,0,0.07293672646497791
GSE25055,8,clinical,GSM615356,4,0,0.3757147883702168
GSE25055,8,clinical,GSM615357,3,1,0.32245610653108764
GSE25055,8,clinical,GSM615358,4,0,0.043515020589743846
GSE25055,8,clinical,GSM615359,0,1,0.3387370893360935
GSE25055,8,clinical,GSM615360,4,0,0.05908108080677204
GSE25055,8,clinical,GSM615361,3,0,0.053569476152018944
GSE25055,8,clinical,GSM615362,1,0,0.07957731528758728
GSE25055,8,clinical,GSM615363,2,0,0.464803501184369
GSE25055,8,clinical,GSM615364,4,0,0.4190845859363631
GSE25055,8,clinical,GSM615365,0,0,0.04504965099924978
GSE25055,8,clinical,GSM615366,1,0,0.08567576726487652
GSE25055,8,clinical,GSM615367,0,0,0.056801415648915214
GSE25055,8,clinical,GSM615368,0,0,0.43345295968666075
GSE25055,8,clinical,GSM615369,3,0,0.33505985704426133
GSE25055,8,clinical,GSM615370,2,0,0.1036619205250706
GSE25055,8,clinical,GSM615371,2,1,0.2267569907962289
GSE25055,8,clinical,GSM615372,2,0,0.4387869759811048
GSE25055,8,clinical,GSM615373,1,0,0.08780096975115614
GSE25055,8,clinical,GSM615374,1,0,0.07573467421331108
GSE25055,8,clinical,GSM615375,0,1,0.2520857577898897
GSE25055,8,clinical,GSM615376,2,0,0.3393133565558118
GSE25055,8,clinical,GSM615377,4,0,0.06372137478498302
GSE25055,8,clinical,GSM615378,2,0,0.4216188529320231
GSE25055,8,clinical,GSM615379,3,1,0.28620943452513803
GSE25055,8,clinical,GSM615380,4,0,0.3899881233213604
GSE25055,8,clinical,GSM615381,0,0,0.04580596192859465
GSE25055,8,clinical,GSM615382,1,0,0.3042877708694254
GSE25055,8,clinical,GSM615383,2,1,0.06401277104165014
GSE25055,8,clinical,GSM615384,2,0,0.2939056261378953
GSE25055,8,clinical,GSM615385,1,0,0.37008854561575416
GSE25055,8,clinical,GSM615386,0,0,0.056801415648915214
GSE25055,8,clinical,GSM615387,4,0,0.3996111557002314
GSE25055,8,clinical,GSM615388,4,0,0.07542827589467735
GSE25055,8,clinical,GSM615389,4,0,0.05908108080677204
GSE25055,8,clinical,GSM615390,3,0,0.35223520245770407
GSE25055,8,clinical,GSM615391,1,0,0.0738778799260022
GSE25055,8,clinical,GSM615392,0,0,0.2863647231819993
GSE25055,8,clinical,GSM615393,0,1,0.3706576160420245
GSE25055,8,clinical,GSM615394,3,1,0.28620943452513803
GSE25055,8,clinical,GSM615395,2,0,0.04157426367533653
GSE25055,8,clinical,GSM615396,2,1,0.4997676193676425
GSE25055,8,clinical,GSM615397,1,1,0.3099971396566992
GSE25055,8,clinical,GSM615398,4,0,0.06372137478498302
GSE25055,8,clinical,GSM615399,0,0,0.0549612134544878
GSE25055,8,clinical,GSM615400,4,0,0.04028287739001204
GSE25055,8,clinical,GSM615401,4,0,0.041869133352651106
GSE25055,8,clinical,GSM615402,3,0,0.07255819854718334
GSE25055,8,clinical,GSM615403,1,0,0.3304325889447171
GSE25055,8,clinical,GSM615404,0,0,0.0435725839877781
GSE25055,8,clinical,GSM615405,1,0,0.3071350696156437
GSE25055,8,score,GSM615096,4,0,0.06500390638101472
GSE25055,8,score,GSM615097,2,0,0.0597317565757704
GSE25055,8,score,GSM615098,2,0,0.3053637148888807
GSE25055,8,score,GSM615099,1,1,0.48193343200988864
GSE25055,8,score,GSM615100,1,0,0.2354361684007141
GSE25055,8,score,GSM615101,2,0,0.33799387517016766
GSE25055,8,score,GSM615102,0,0,0.289259907676307
GSE25055,8,score,GSM615104,4,0,0.17516534141107962
GSE25055,8,score,GSM615106,0,0,0.10274382384955338
GSE25055,8,score,GSM615107,2,0,0.2713718835766118
GSE25055,8,score,GSM615108,4,0,0.17482096737954547
GSE25055,8,score,GSM615109,3,0,0.4171322177709941
GSE25055,8,score,GSM615111,4,0,0.1340942357781382
GSE25055,8,score,GSM615112,0,0,0.34327258373492286
GSE25055,8,score,GSM615113,3,0,0.28889639283852864
GSE25055,8,score,GSM615114,1,0,0.0729716940451879
GSE25055,8,score,GSM615115,3,0,0.1714277041724496
GSE25055,8,score,GSM615116,1,0,0.11924044417792078
GSE25055,8,score,GSM615117,0,0,0.36831667873522766
GSE25055,8,score,GSM615120,2,0,0.053128453364604825
GSE25055,8,score,GSM615121,0,0,0.0653621297574617
GSE25055,8,score,GSM615122,0,1,0.04911825955119439
GSE25055,8,score,GSM615123,0,1,0.4731629843497345
GSE25055,8,score,GSM615124,1,0,0.1300347147714365
GSE25055,8,score,GSM615125,2,0,0.0572616686071479
GSE25055,8,score,GSM615126,3,0,0.14644765248067843
GSE25055,8,score,GSM615127,0,0,0.13034847989791332
GSE25055,8,score,GSM615128,1,0,0.06959560077304353
GSE25055,8,score,GSM615129,2,0,0.08971437995749929
GSE25055,8,score,GSM615130,0,0,0.07769588314508512
GSE25055,8,score,GSM615131,3,0,0.11769117924299408
GSE25055,8,score,GSM615132,1,0,0.08166272191499924
GSE25055,8,score,GSM615133,2,0,0.06142042113599314
GSE25055,8,score,GSM615134,2,0,0.0536897792109125
GSE25055,8,score,GSM615135,1,0,0.1682195941901511
GSE25055,8,score,GSM615136,4,0,0.3188208614132504
GSE25055,8,score,GSM615137,3,1,0.14057489194208522
GSE25055,8,score,GSM615138,2,0,0.09521335741211437
GSE25055,8,score,GSM615139,1,1,0.6098753992757053
GSE25055,8,score,GSM615140,2,1,0.2151475794495205
GSE25055,8,score,GSM615142,3,0,0.09572743358193685
GSE25055,8,score,GSM615143,1,1,0.2482730215187032
GSE25055,8,score,GSM615144,2,0,0.10323570525144299
GSE25055,8,score,GSM615145,1,0,0.6729158352161959
GSE25055,8,score,GSM615146,0,1,0.2219219578432716
GSE25055,8,score,GSM615147,3,0,0.10083274592103421
GSE25055,8,score,GSM615148,2,0,0.24074195370253834
GSE25055,8,score,GSM615149,2,0,0.1597812556401672
GSE25055,8,score,GSM615150,0,0,0.05112936816854941
GSE25055,8,score,GSM615151,3,0,0.2594200162759362
GSE25055,8,score,GSM615153,4,0,0.16585934954739012
GSE25055,8,score,GSM615154,0,1,0.15689217851716158
GSE25055,8,score,GSM615155,0,0,0.2951271141729525
GSE25055,8,score,GSM615156,0,0,0.14619206432585424
GSE25055,8,score,GSM615157,0,0,0.05078550080320915
GSE25055,8,score,GSM615158,3,0,0.08499798886024088
GSE25055,8,score,GSM615159,1,0,0.068865029051494
GSE25055,8,score,GSM615160,3,0,0.19802513042252912
GSE25055,8,score,GSM615162,0,0,0.04729808261409671
GSE25055,8,score,GSM615164,3,1,0.47663577248113653
GSE25055,8,score,GSM615165,4,0,0.08538757673388239
GSE25055,8,score,GSM615166,4,0,0.19345807119469144
GSE25055,8,score,GSM615167,1,1,0.06854006718587995
GSE25055,8,score,GSM615168,0,0,0.060047862788458875
GSE25055,8,score,GSM615169,4,0,0.2502143329977338
GSE25055,8,score,GSM615170,3,0,0.062288407705568524
GSE25055,8,score,GSM615171,3,1,0.13716161385617365
GSE25055,8,score,GSM615172,4,0,0.07751894225253741
GSE25055,8,score,GSM615173,4,0,0.06839942647216776
GSE25055,8,score,GSM615174,3,0,0.1635140476379826
GSE25055,8,score,GSM615175,3,1,0.3238893791142893
GSE25055,8,score,GSM615176,4,0,0.0694854828363424
GSE25055,8,score,GSM615177,0,0,0.13050568102214882
GSE25055,8,score,GSM615178,4,0,0.19228826066384802
GSE25055,8,score,GSM615179,3,0,0.11904046412068112
GSE25055,8,score,GSM615180,2,0,0.1568190210336911
GSE25055,8,score,GSM615181,1,1,0.26178999183301094
GSE25055,8,score,GSM615182,1,0,0.32992206311859307
GSE25055,8,score,GSM615183,0,0,0.053877280051708006
GSE25055,8,score,GSM615184,3,0,0.49876503951480544
GSE25055,8,score,GSM615185,0,0,0.16053200477616528
GSE25055,8,score,GSM615186,0,1,0.07013690382589764
GSE25055,8,score,GSM615187,2,0,0.18144977541144927
GSE25055,8,score,GSM615188,4,0,0.1750631739083471
GSE25055,8,score,GSM615189,3,0,0.2013426853864587
GSE25055,8,score,GSM615190,2,0,0.2685508079043771
GSE25055,8,score,GSM615191,4,1,0.5470708338134475
GSE25055,8,score,GSM615192,3,0,0.07661911257641793
GSE25055,8,score,GSM615193,4,1,0.22212380832572395
GSE25055,8,score,GSM615194,1,1,0.4917391978135243
GSE25055,8,score,GSM615195,0,0,0.48219068488993394
GSE25055,8,score,GSM615196,2,0,0.28749352422361507
GSE25055,8,score,GSM615197,2,0,0.3892728637293228
GSE25055,8,score,GSM615198,2,0,0.06360972140825756
GSE25055,8,score,GSM615199,1,0,0.13376215272963257
GSE25055,8,score,GSM615200,1,0,0.3658686202046846
GSE25055,8,score,GSM615201,4,1,0.2820443220146522
GSE25055,8,score,GSM615202,2,1,0.48597302083075833
GSE25055,8,score,GSM615203,0,0,0.030148435843877497
GSE25055,8,score,GSM615204,4,0,0.053485306094555866
GSE25055,8,score,GSM615205,4,0,0.09992054841042441
GSE25055,8,score,GSM615206,0,0,0.06268819762309762
GSE25055,8,score,GSM615207,3,0,0.05022037154214071
GSE25055,8,score,GSM615208,1,0,0.06934910778703361
GSE25055,8,score,GSM615209,3,1,0.42190959200516986
GSE25055,8,score,GSM615210,4,0,0.040613539842369435
GSE25055,8,score,GSM615211,4,1,0.47391994380613217
GSE25055,8,score,GSM615212,1,1,0.0763183534198595
GSE25055,8,score,GSM615213,2,1,0.2936922426682553
GSE25055,8,score,GSM615214,3,0,0.028914875732960588
GSE25055,8,score,GSM615215,4,1,0.1776485006434745
GSE25055,8,score,GSM615216,0,0,0.1883104278130275
GSE25055,8,score,GSM615217,2,0,0.10338228738248474
GSE25055,8,score,GSM615218,2,0,0.18297692877071434
GSE25055,8,score,GSM615219,2,0,0.1395235970316435
GSE25055,8,score,GSM615220,3,0,0.0189977772149948
GSE25055,8,score,GSM615221,2,0,0.12055266326854763
GSE25055,8,score,GSM615222,3,0,0.04100556319904014
GSE25055,8,score,GSM615223,3,0,0.0777241502475428
GSE25055,8,score,GSM615224,1,0,0.018887326561907187
GSE25055,8,score,GSM615225,3,0,0.19726449592591855
GSE25055,8,score,GSM615226,2,0,0.0343810767205808
GSE25055,8,score,GSM615227,4,0,0.17830696570434573
GSE25055,8,score,GSM615228,4,0,0.12361607971030594
GSE25055,8,score,GSM615229,3,0,0.027553951413723885
GSE25055,8,score,GSM615230,2,0,0.03965874294523425
GSE25055,8,score,GSM615231,4,0,0.04784166279624411
GSE25055,8,score,GSM615232,1,0,0.037237134534370435
GSE25055,8,score,GSM615233,0,0,0.030831897257420054
GSE25055,8,score,GSM615234,0,0,0.07074534217937826
GSE25055,8,score,GSM615235,2,0,0.37628396902525446
GSE25055,8,score,GSM615236,1,0,0.1402483249869503
GSE25055,8,score,GSM615237,3,0,0.05114231942634559
GSE25055,8,score,GSM615238,1,0,0.02991980510657642
GSE25055,8,score,GSM615239,1,0,0.15651288076604045
GSE25055,8,score,GSM615240,2,1,0.05183808323189584
GSE25055,8,score,GSM615241,2,0,0.12290758856667211
GSE25055,8,score,GSM615242,2,1,0.3127060878246322
GSE25055,8,score,GSM615243,3,0,0.047463449791775886
GSE25055,8,score,GSM615244,2,0,0.0696033954380271
GSE25055,8,score,GSM615245,1,0,0.25679338287768877
GSE25055,8,score,GSM615246,1,0,0.16146276241459498
GSE25055,8,score,GSM615247,1,0,0.13551544460643933
GSE25055,8,score,GSM615248,1,0,0.4697659216078015
GSE25055,8,score,GSM615249,4,0,0.0874662239896776
GSE25055,8,score,GSM615250,1,0,0.4212676168309417
GSE25055,8,score,GSM615251,3,0,0.29197271292457594
GSE25055,8,score,GSM615252,3,0,0.040008698275271336
GSE25055,8,score,GSM615253,2,0,0.1225930946787193
GSE25055,8,score,GSM615254,1,0,0.06756541125400106
GSE25055,8,score,GSM615255,4,0,0.1661998010010409
GSE25055,8,score,GSM615256,4,1,0.23133490368340945
GSE25055,8,score,GSM615257,3,0,0.02244466523185508
GSE25055,8,score,GSM615258,3,0,0.15860136543652792
GSE25055,8,score,GSM615259,0,0,0.05280190142055112
GSE25055,8,score,GSM615260,2,0,0.4248052800490087
GSE25055,8,score,GSM615261,3,0,0.16382921468319203
GSE25055,8,score,GSM615262,4,0,0.04344850123556779
GSE25055,8,score,GSM615263,2,1,0.3268890393259857
GSE25055,8,score,GSM615264,4,1,0.09917784176624171
GSE25055,8,score,GSM615265,1,0,0.09400657973916342
GSE25055,8,score,GSM615266,3,0,0.19465427322091683
GSE25055,8,score,GSM615267,3,0,0.09892758194562949
GSE25055,8,score,GSM615268,0,0,0.11009766253679583
GSE25055,8,score,GSM615269,3,0,0.07478825974409471
GSE25055,8,score,GSM615270,4,1,0.41736556755528836
GSE25055,8,score,GSM615271,1,0,0.3377972859270681
GSE25055,8,score,GSM615272,3,0,0.07062107534869072
GSE25055,8,score,GSM615273,2,0,0.18962735276811316
GSE25055,8,score,GSM615274,0,0,0.39665605787225344
GSE25055,8,score,GSM615275,4,0,0.38756379459095003
GSE25055,8,score,GSM615276,2,0,0.1611041989691268
GSE25055,8,score,GSM615277,2,0,0.1201486733608508
GSE25055,8,score,GSM615278,0,0,0.11908161862297252
GSE25055,8,score,GSM615279,0,0,0.08838680885798539
GSE25055,8,score,GSM615280,0,1,0.3049383048593147
GSE25055,8,score,GSM615281,4,0,0.12089885327277673
GSE25055,8,score,GSM615282,1,0,0.13873212865190382
GSE25055,8,score,GSM615283,4,0,0.1707746868450399
GSE25055,8,score,GSM615284,4,1,0.3041621345207861
GSE25055,8,score,GSM615285,0,0,0.0558519295796889
GSE25055,8,score,GSM615286,4,0,0.3497224662291593
GSE25055,8,score,GSM615287,0,0,0.17574481201683342
GSE25055,8,score,GSM615288,1,0,0.34142280309384776
GSE25055,8,score,GSM615289,3,0,0.3340456925845971
GSE25055,8,score,GSM615290,3,0,0.4237022960276614
GSE25055,8,score,GSM615291,1,1,0.23255635197845592
GSE25055,8,score,GSM615292,4,0,0.11232617013327859
GSE25055,8,score,GSM615293,1,1,0.6195858490708133
GSE25055,8,score,GSM615294,2,0,0.22281825712194733
GSE25055,8,score,GSM615295,0,0,0.08273191525035928
GSE25055,8,score,GSM615296,4,0,0.13392543542008212
GSE25055,8,score,GSM615297,1,0,0.4695771326377091
GSE25055,8,score,GSM615298,4,0,0.10291189986215118
GSE25055,8,score,GSM615299,0,0,0.04371828025306618
GSE25055,8,score,GSM615300,4,1,0.14603320645435006
GSE25055,8,score,GSM615301,0,0,0.22945987552515107
GSE25055,8,score,GSM615302,0,0,0.13371731134308346
GSE25055,8,score,GSM615303,0,0,0.24272464746546768
GSE25055,8,score,GSM615304,0,0,0.05290398128364414
GSE25055,8,score,GSM615305,3,0,0.08160339352877073
GSE25055,8,score,GSM615306,2,0,0.0709702591159724
GSE25055,8,score,GSM615307,0,1,0.6453361247906945
GSE25055,8,score,GSM615308,4,0,0.06619141899322274
GSE25055,8,score,GSM615309,1,0,0.09746013925736442
GSE25055,8,score,GSM615310,2,1,0.5881730337280069
GSE25055,8,score,GSM615311,2,0,0.04312700543428768
GSE25055,8,score,GSM615312,1,0,0.18814605939690307
GSE25055,8,score,GSM615313,0,0,0.041755240704274034
GSE25055,8,score,GSM615314,4,0,0.05547036396819909
GSE25055,8,score,GSM615315,4,0,0.3849667862133685
GSE25055,8,score,GSM615316,3,0,0.027866802899164503
GSE25055,8,score,GSM615317,3,0,0.2969957991776345
GSE25055,8,score,GSM615318,1,0,0.05577353678142036
GSE25055,8,score,GSM615319,1,0,0.13608831220659331
GSE25055,8,score,GSM615320,2,0,0.45684307456330553
GSE25055,8,score,GSM615321,0,0,0.25685513077080835
GSE25055,8,score,GSM615322,2,0,0.39628999055127806
GSE25055,8,score,GSM615323,2,0,0.055824671934490755
GSE25055,8,score,GSM615324,0,1,0.6045183500082785
GSE25055,8,score,GSM615325,1,1,0.453795553872358
GSE25055,8,score,GSM615326,1,0,0.5568150286423341
GSE25055,8,score,GSM615327,0,0,0.27492744776831757
GSE25055,8,score,GSM615328,3,0,0.05950714575334107
GSE25055,8,score,GSM615329,4,0,0.0518463348126756
GSE25055,8,score,GSM615330,3,0,0.05600950487129759
GSE25055,8,score,GSM615331,4,1,0.08330094569028403
GSE25055,8,score,GSM615332,3,0,0.19482881368431723
GSE25055,8,score,GSM615333,0,0,0.17445407495170037
GSE25055,8,score,GSM615334,0,1,0.5968287066084315
GSE25055,8,score,GSM615335,4,0,0.24585564829147724
GSE25055,8,score,GSM615336,2,1,0.423480516238106
GSE25055,8,score,GSM615337,1,0,0.0961409112788579
GSE25055,8,score,GSM615338,3,1,0.2170544271810895
GSE25055,8,score,GSM615339,3,0,0.03957474092923706
GSE25055,8,score,GSM615340,2,0,0.07706052775613997
GSE25055,8,score,GSM615341,1,0,0.050771169654463155
GSE25055,8,score,GSM615342,2,0,0.08727589126645019
GSE25055,8,score,GSM615343,4,0,0.18172476971284424
GSE25055,8,score,GSM615344,3,0,0.07377859318154288
GSE25055,8,score,GSM615345,1,0,0.04150342077507068
GSE25055,8,score,GSM615346,0,0,0.33141982196878444
GSE25055,8,score,GSM615347,1,0,0.3198043538697395
GSE25055,8,score,GSM615348,1,0,0.26871410226942744
GSE25055,8,score,GSM615349,1,0,0.07833830517338004
GSE25055,8,score,GSM615350,4,0,0.14172143061608372
GSE25055,8,score,GSM615351,3,0,0.11346113417114712
GSE25055,8,score,GSM615352,0,0,0.02913888156430421
GSE25055,8,score,GSM615353,3,1,0.14230842274385963
GSE25055,8,score,GSM615354,3,1,0.23741461567854885
GSE25055,8,score,GSM615355,2,0,0.1800553944098472
GSE25055,8,score,GSM615356,4,0,0.11286737277835707
GSE25055,8,score,GSM615357,3,1,0.4049363101910468
GSE25055,8,score,GSM615358,4,0,0.06844588642773113
GSE25055,8,score,GSM615359,0,1,0.48284493577061
GSE25055,8,score,GSM615360,4,0,0.0879737306591201
GSE25055,8,score,GSM615361,3,0,0.16752903464453453
GSE25055,8,score,GSM615362,1,0,0.057272582907716925
GSE25055,8,score,GSM615363,2,0,0.10598919647285097
GSE25055,8,score,GSM615364,4,0,0.32567298294301694
GSE25055,8,score,GSM615365,0,0,0.09467033521490736
GSE25055,8,score,GSM615366,1,0,0.057488375855408655
GSE25055,8,score,GSM615367,0,0,0.1102911917615427
GSE25055,8,score,GSM615368,0,0,0.4929508031777744
GSE25055,8,score,GSM615369,3,0,0.1061912919769324
GSE25055,8,score,GSM615370,2,0,0.13966580273334123
GSE25055,8,score,GSM615371,2,1,0.24750621919866905
GSE25055,8,score,GSM615372,2,0,0.25018579411729164
GSE25055,8,score,GSM615373,1,0,0.16124017574803978
GSE25055,8,score,GSM615374,1,0,0.03412456188666791
GSE25055,8,score,GSM615375,0,1,0.7476993585776867
GSE25055,8,score,GSM615376,2,0,0.09462413716295816
GSE25055,8,score,GSM615377,4,0,0.026990556649319406
GSE25055,8,score,GSM615378,2,0,0.2098281717996537
GSE25055,8,score,GSM615379,3,1,0.13088607784587444
GSE25055,8,score,GSM615380,4,0,0.47435341322691266
GSE25055,8,score,GSM615381,0,0,0.026149216246319103
GSE25055,8,score,GSM615382,1,0,0.07438429427518183
GSE25055,8,score,GSM615383,2,1,0.04950701784547195
GSE25055,8,score,GSM615384,2,0,0.12803828469078884
GSE25055,8,score,GSM615385,1,0,0.039074365949754414
GSE25055,8,score,GSM615386,0,0,0.027006848930462672
GSE25055,8,score,GSM615387,4,0,0.11931571048985212
GSE25055,8,score,GSM615388,4,0,0.07141382370813798
GSE25055,8,score,GSM615389,4,0,0.0792826457220247
GSE25055,8,score,GSM615390,3,0,0.3428852783578101
GSE25055,8,score,GSM615391,1,0,0.06189295096647436
GSE25055,8,score,GSM615392,0,0,0.3328656258071112
GSE25055,8,score,GSM615393,0,1,0.12336317806869042
GSE25055,8,score,GSM615394,3,1,0.14031138149862643
GSE25055,8,score,GSM615395,2,0,0.041852077006774686
GSE25055,8,score,GSM615396,2,1,0.2795270593922316
GSE25055,8,score,GSM615397,1,1,0.30314302020753836
GSE25055,8,score,GSM615398,4,0,0.17859429803218194
GSE25055,8,score,GSM615399,0,0,0.09112853943389733
GSE25055,8,score,GSM615400,4,0,0.0822258710619656
GSE25055,8,score,GSM615401,4,0,0.1851740946966385
GSE25055,8,score,GSM615402,3,0,0.09821150152173079
GSE25055,8,score,GSM615403,1,0,0.32750619652933366
GSE25055,8,score,GSM615404,0,0,0.11058019035776845
GSE25055,8,score,GSM615405,1,0,0.5034737435700052
GSE25055,8,combined,GSM615096,4,0,0.048882296478110175
GSE25055,8,combined,GSM615097,2,0,0.04565820959313963
GSE25055,8,combined,GSM615098,2,0,0.45650590748924963
GSE25055,8,combined,GSM615099,1,1,0.5407486875135804
GSE25055,8,combined,GSM615100,1,0,0.1686437821477389
GSE25055,8,combined,GSM615101,2,0,0.39247248007484536
GSE25055,8,combined,GSM615102,0,0,0.4299531357043149
GSE25055,8,combined,GSM615104,4,0,0.28968440692877945
GSE25055,8,combined,GSM615106,0,0,0.20791167710476816
GSE25055,8,combined,GSM615107,2,0,0.45087961984123753
GSE25055,8,combined,GSM615108,4,0,0.0876838042516725
GSE25055,8,combined,GSM615109,3,0,0.42481166052293556
GSE25055,8,combined,GSM615111,4,0,0.22922685922871314
GSE25055,8,combined,GSM615112,0,0,0.3718058995246229
GSE25055,8,combined,GSM615113,3,0,0.39978709932968837
GSE25055,8,combined,GSM615114,1,0,0.05225834235570333
GSE25055,8,combined,GSM615115,3,0,0.281016565004466
GSE25055,8,combined,GSM615116,1,0,0.17841425584458256
GSE25055,8,combined,GSM615117,0,0,0.1636067125459939
GSE25055,8,combined,GSM615120,2,0,0.03351100701938645
GSE25055,8,combined,GSM615121,0,0,0.04415294964700361
GSE25055,8,combined,GSM615122,0,1,0.039483777797402836
GSE25055,8,combined,GSM615123,0,1,0.16155821298511214
GSE25055,8,combined,GSM615124,1,0,0.0753398942898347
GSE25055,8,combined,GSM615125,2,0,0.04667194468407274
GSE25055,8,combined,GSM615126,3,0,0.08841463668505563
GSE25055,8,combined,GSM615127,0,0,0.047163581275931385
GSE25055,8,combined,GSM615128,1,0,0.051897444182498434
GSE25055,8,combined,GSM615129,2,0,0.04832493349981156
GSE25055,8,combined,GSM615130,0,0,0.04365520196351181
GSE25055,8,combined,GSM615131,3,0,0.05274623906333476
GSE25055,8,combined,GSM615132,1,0,0.06112327948645755
GSE25055,8,combined,GSM615133,2,0,0.03925403011454423
GSE25055,8,combined,GSM615134,2,0,0.045988018763678695
GSE25055,8,combined,GSM615135,1,0,0.21808230175105522
GSE25055,8,combined,GSM615136,4,0,0.35198151088356083
GSE25055,8,combined,GSM615137,3,1,0.09986997946310827
GSE25055,8,combined,GSM615138,2,0,0.08718235485166725
GSE25055,8,combined,GSM615139,1,1,0.588803302176824
GSE25055,8,combined,GSM615140,2,1,0.38677810445527244
GSE25055,8,combined,GSM615142,3,0,0.05453793972779832
GSE25055,8,combined,GSM615143,1,1,0.3378432011764203
GSE25055,8,combined,GSM615144,2,0,0.04161173268645798
GSE25055,8,combined,GSM615145,1,0,0.6415498638758328
GSE25055,8,combined,GSM615146,0,1,0.3704618622015743
GSE25055,8,combined,GSM615147,3,0,0.04825046509904748
GSE25055,8,combined,GSM615148,2,0,0.4086897774802765
GSE25055,8,combined,GSM615149,2,0,0.29573775489885634
GSE25055,8,combined,GSM615150,0,0,0.03299648881285258
GSE25055,8,combined,GSM615151,3,0,0.36508835394134437
GSE25055,8,combined,GSM615153,4,0,0.05852447613290613
GSE25055,8,combined,GSM615154,0,1,0.30033850470063544
GSE25055,8,combined,GSM615155,0,0,0.14167685427515503
GSE25055,8,combined,GSM615156,0,0,0.2972944271864156
GSE25055,8,combined,GSM615157,0,0,0.03207493325794774
GSE25055,8,combined,GSM615158,3,0,0.04258211482475896
GSE25055,8,combined,GSM615159,1,0,0.1333972231676288
GSE25055,8,combined,GSM615160,3,0,0.3369592534530668
GSE25055,8,combined,GSM615162,0,0,0.03235837541944537
GSE25055,8,combined,GSM615164,3,1,0.5527569953905779
GSE25055,8,combined,GSM615165,4,0,0.0534267127757785
GSE25055,8,combined,GSM615166,4,0,0.10725881773565159
GSE25055,8,combined,GSM615167,1,1,0.14991342119016354
GSE25055,8,combined,GSM615168,0,0,0.033643434822679716
GSE25055,8,combined,GSM615169,4,0,0.3564267078867646
GSE25055,8,combined,GSM615170,3,0,0.04346260099650999
GSE25055,8,combined,GSM615171,3,1,0.24701007037852646
GSE25055,8,combined,GSM615172,4,0,0.035145938358365617
GSE25055,8,combined,GSM615173,4,0,0.04117254839044691
GSE25055,8,combined,GSM615174,3,0,0.09925862131000768
GSE25055,8,combined,GSM615175,3,1,0.43118782119943483
GSE25055,8,combined,GSM615176,4,0,0.0437330119306197
GSE25055,8,combined,GSM615177,0,0,0.05801571865169755
GSE25055,8,combined,GSM615178,4,0,0.3459175820414537
GSE25055,8,combined,GSM615179,3,0,0.05951147131474138
GSE25055,8,combined,GSM615180,2,0,0.088481619697677
GSE25055,8,combined,GSM615181,1,1,0.3311860174842596
GSE25055,8,combined,GSM615182,1,0,0.31018381994649824
GSE25055,8,combined,GSM615183,0,0,0.040277999085666615
GSE25055,8,combined,GSM615184,3,0,0.5249452154098235
GSE25055,8,combined,GSM615185,0,0,0.22731929568628226
GSE25055,8,combined,GSM615186,0,1,0.036903874886912415
GSE25055,8,combined,GSM615187,2,0,0.056475892877135496
GSE25055,8,combined,GSM615188,4,0,0.22899356545254435
GSE25055,8,combined,GSM615189,3,0,0.23003550965079902
GSE25055,8,combined,GSM615190,2,0,0.4547327245484247
GSE25055,8,combined,GSM615191,4,1,0.6439331744269486
GSE25055,8,combined,GSM615192,3,0,0.046306640192097834
GSE25055,8,combined,GSM615193,4,1,0.36957122564732364
GSE25055,8,combined,GSM615194,1,1,0.47991667803106464
GSE25055,8,combined,GSM615195,0,0,0.6034034755196993
GSE25055,8,combined,GSM615196,2,0,0.09615628877831711
GSE25055,8,combined,GSM615197,2,0,0.31985593899357495
GSE25055,8,combined,GSM615198,2,0,0.033890596216754394
GSE25055,8,combined,GSM615199,1,0,0.10252850750006327
GSE25055,8,combined,GSM615200,1,0,0.21631304608941518
GSE25055,8,combined,GSM615201,4,1,0.1461611763373561
GSE25055,8,combined,GSM615202,2,1,0.5782959199207361
GSE25055,8,combined,GSM615203,0,0,0.014599204285028734
GSE25055,8,combined,GSM615204,4,0,0.03553940379788455
GSE25055,8,combined,GSM615205,4,0,0.03598618640054567
GSE25055,8,combined,GSM615206,0,0,0.036387528893561866
GSE25055,8,combined,GSM615207,3,0,0.03984669712636475
GSE25055,8,combined,GSM615208,1,0,0.0406642441309247
GSE25055,8,combined,GSM615209,3,1,0.44218729440360993
GSE25055,8,combined,GSM615210,4,0,0.015506793293403124
GSE25055,8,combined,GSM615211,4,1,0.6036701238504864
GSE25055,8,combined,GSM615212,1,1,0.13831361322968055
GSE25055,8,combined,GSM615213,2,1,0.3532175041543472
GSE25055,8,combined,GSM615214,3,0,0.02079198473685483
GSE25055,8,combined,GSM615215,4,1,0.3042394674873707
GSE25055,8,combined,GSM615216,0,0,0.06734551398412404
GSE25055,8,combined,GSM615217,2,0,0.0560654028195386
GSE25055,8,combined,GSM615218,2,0,0.24414413983621858
GSE25055,8,combined,GSM615219,2,0,0.1051945868199197
GSE25055,8,combined,GSM615220,3,0,0.023811332102887897
GSE25055,8,combined,GSM615221,2,0,0.09471356731337277
GSE25055,8,combined,GSM615222,3,0,0.030437617690304865
GSE25055,8,combined,GSM615223,3,0,0.1337760548227329
GSE25055,8,combined,GSM615224,1,0,0.01817804204616047
GSE25055,8,combined,GSM615225,3,0,0.2446974174043743
GSE25055,8,combined,GSM615226,2,0,0.0212384883442871
GSE25055,8,combined,GSM615227,4,0,0.07992781931059435
GSE25055,8,combined,GSM615228,4,0,0.07308244638294752
GSE25055,8,combined,GSM615229,3,0,0.07561322946909708
GSE25055,8,combined,GSM615230,2,0,0.04220173795972289
GSE25055,8,combined,GSM615231,4,0,0.030671937743500622
GSE25055,8,combined,GSM615232,1,0,0.029383542164260548
GSE25055,8,combined,GSM615233,0,0,0.015063210593196727
GSE25055,8,combined,GSM615234,0,0,0.04079782999303692
GSE25055,8,combined,GSM615235,2,0,0.1040886451129722
GSE25055,8,combined,GSM615236,1,0,0.07077377880041484
GSE25055,8,combined,GSM615237,3,0,0.03813298580292738
GSE25055,8,combined,GSM615238,1,0,0.028983635194238872
GSE25055,8,combined,GSM615239,1,0,0.10580071696641787
GSE25055,8,combined,GSM615240,2,1,0.1353874522337443
GSE25055,8,combined,GSM615241,2,0,0.04571141126201596
GSE25055,8,combined,GSM615242,2,1,0.4208204322338343
GSE25055,8,combined,GSM615243,3,0,0.03534570660458298
GSE25055,8,combined,GSM615244,2,0,0.1503307566399089
GSE25055,8,combined,GSM615245,1,0,0.180652749982028
GSE25055,8,combined,GSM615246,1,0,0.13780280038681633
GSE25055,8,combined,GSM615247,1,0,0.10112046215416177
GSE25055,8,combined,GSM615248,1,0,0.29807075842574315
GSE25055,8,combined,GSM615249,4,0,0.033118249031173594
GSE25055,8,combined,GSM615250,1,0,0.4181841734534056
GSE25055,8,combined,GSM615251,3,0,0.3967048594483687
GSE25055,8,combined,GSM615252,3,0,0.026583209933881947
GSE25055,8,combined,GSM615253,2,0,0.08788704094032167
GSE25055,8,combined,GSM615254,1,0,0.051610126395411925
GSE25055,8,combined,GSM615255,4,0,0.3150899488672024
GSE25055,8,combined,GSM615256,4,1,0.10148661819242828
GSE25055,8,combined,GSM615257,3,0,0.015567694262868718
GSE25055,8,combined,GSM615258,3,0,0.07648670499578832
GSE25055,8,combined,GSM615259,0,0,0.0255017569895834
GSE25055,8,combined,GSM615260,2,0,0.15953305638266752
GSE25055,8,combined,GSM615261,3,0,0.07431531353738983
GSE25055,8,combined,GSM615262,4,0,0.03313115332287154
GSE25055,8,combined,GSM615263,2,1,0.32037568322229665
GSE25055,8,combined,GSM615264,4,1,0.20671188687437672
GSE25055,8,combined,GSM615265,1,0,0.1352992814993619
GSE25055,8,combined,GSM615266,3,0,0.08278216957301428
GSE25055,8,combined,GSM615267,3,0,0.06690432933311459
GSE25055,8,combined,GSM615268,0,0,0.0647355820943888
GSE25055,8,combined,GSM615269,3,0,0.056023561376024926
GSE25055,8,combined,GSM615270,4,1,0.5464377971586601
GSE25055,8,combined,GSM615271,1,0,0.211530151589634
GSE25055,8,combined,GSM615272,3,0,0.03451445657903772
GSE25055,8,combined,GSM615273,2,0,0.09932539868546883
GSE25055,8,combined,GSM615274,0,0,0.10926982886930692
GSE25055,8,combined,GSM615275,4,0,0.40407380001068255
GSE25055,8,combined,GSM615276,2,0,0.24798791034708165
GSE25055,8,combined,GSM615277,2,0,0.06646077064186912
GSE25055,8,combined,GSM615278,0,0,0.0568998430429179
GSE25055,8,combined,GSM615279,0,0,0.044012533304212835
GSE25055,8,combined,GSM615280,0,1,0.12721990702406336
GSE25055,8,combined,GSM615281,4,0,0.0689542106061163
GSE25055,8,combined,GSM615282,1,0,0.08052058289137812
GSE25055,8,combined,GSM615283,4,0,0.06967460845336987
GSE25055,8,combined,GSM615284,4,1,0.3915561622444877
GSE25055,8,combined,GSM615285,0,0,0.03526016109410985
GSE25055,8,combined,GSM615286,4,0,0.11965394029950346
GSE25055,8,combined,GSM615287,0,0,0.28790066612906035
GSE25055,8,combined,GSM615288,1,0,0.4363026067432802
GSE25055,8,combined,GSM615289,3,0,0.17103542277970377
GSE25055,8,combined,GSM615290,3,0,0.15541947043038698
GSE25055,8,combined,GSM615291,1,1,0.2765255856574755
GSE25055,8,combined,GSM615292,4,0,0.061223825254961416
GSE25055,8,combined,GSM615293,1,1,0.6758701598784825
GSE25055,8,combined,GSM615294,2,0,0.12258761560977224
GSE25055,8,combined,GSM615295,0,0,0.1783461666494503
GSE25055,8,combined,GSM615296,4,0,0.07171750597915896
GSE25055,8,combined,GSM615297,1,0,0.47274916851205767
GSE25055,8,combined,GSM615298,4,0,0.06609475250550231
GSE25055,8,combined,GSM615299,0,0,0.028476138393131387
GSE25055,8,combined,GSM615300,4,1,0.2167273670203637
GSE25055,8,combined,GSM615301,0,0,0.2932837417729455
GSE25055,8,combined,GSM615302,0,0,0.05465883147965722
GSE25055,8,combined,GSM615303,0,0,0.28319288681367033
GSE25055,8,combined,GSM615304,0,0,0.027652312534967704
GSE25055,8,combined,GSM615305,3,0,0.06102547504038259
GSE25055,8,combined,GSM615306,2,0,0.035553810667345795
GSE25055,8,combined,GSM615307,0,1,0.6935230624545698
GSE25055,8,combined,GSM615308,4,0,0.0375373263788829
GSE25055,8,combined,GSM615309,1,0,0.07279831517538535
GSE25055,8,combined,GSM615310,2,1,0.18865895947032318
GSE25055,8,combined,GSM615311,2,0,0.052047005996586036
GSE25055,8,combined,GSM615312,1,0,0.25674646597681955
GSE25055,8,combined,GSM615313,0,0,0.026317653941448013
GSE25055,8,combined,GSM615314,4,0,0.021411645776652673
GSE25055,8,combined,GSM615315,4,0,0.5545243706469382
GSE25055,8,combined,GSM615316,3,0,0.01565811255799541
GSE25055,8,combined,GSM615317,3,0,0.3867002593702055
GSE25055,8,combined,GSM615318,1,0,0.04548512474785468
GSE25055,8,combined,GSM615319,1,0,0.1782659287422378
GSE25055,8,combined,GSM615320,2,0,0.5740323807860227
GSE25055,8,combined,GSM615321,0,0,0.3580292649494344
GSE25055,8,combined,GSM615322,2,0,0.43632303129633804
GSE25055,8,combined,GSM615323,2,0,0.21585128881751586
GSE25055,8,combined,GSM615324,0,1,0.6040641981549436
GSE25055,8,combined,GSM615325,1,1,0.5112454195383782
GSE25055,8,combined,GSM615326,1,0,0.31283396035446204
GSE25055,8,combined,GSM615327,0,0,0.31697758833440254
GSE25055,8,combined,GSM615328,3,0,0.04278687660052109
GSE25055,8,combined,GSM615329,4,0,0.0385988784654865
GSE25055,8,combined,GSM615330,3,0,0.09188458913249069
GSE25055,8,combined,GSM615331,4,1,0.03621757450574857
GSE25055,8,combined,GSM615332,3,0,0.07416049764083865
GSE25055,8,combined,GSM615333,0,0,0.2934208840134813
GSE25055,8,combined,GSM615334,0,1,0.5510040343387446
GSE25055,8,combined,GSM615335,4,0,0.33660926584550094
GSE25055,8,combined,GSM615336,2,1,0.4793985054808609
GSE25055,8,combined,GSM615337,1,0,0.07110259201135286
GSE25055,8,combined,GSM615338,3,1,0.27353174212607073
GSE25055,8,combined,GSM615339,3,0,0.024383894666395456
GSE25055,8,combined,GSM615340,2,0,0.04815858515087885
GSE25055,8,combined,GSM615341,1,0,0.04222910885774226
GSE25055,8,combined,GSM615342,2,0,0.21303411581935058
GSE25055,8,combined,GSM615343,4,0,0.12535609077492285
GSE25055,8,combined,GSM615344,3,0,0.126729472485663
GSE25055,8,combined,GSM615345,1,0,0.07226205047435798
GSE25055,8,combined,GSM615346,0,0,0.44697552282080033
GSE25055,8,combined,GSM615347,1,0,0.3111805995635597
GSE25055,8,combined,GSM615348,1,0,0.38754816522986524
GSE25055,8,combined,GSM615349,1,0,0.05733740884349128
GSE25055,8,combined,GSM615350,4,0,0.20512710482857838
GSE25055,8,combined,GSM615351,3,0,0.06060849776207857
GSE25055,8,combined,GSM615352,0,0,0.014266745605463297
GSE25055,8,combined,GSM615353,3,1,0.08269394638413426
GSE25055,8,combined,GSM615354,3,1,0.3385771127412709
GSE25055,8,combined,GSM615355,2,0,0.09823486518971242
GSE25055,8,combined,GSM615356,4,0,0.23244711777759414
GSE25055,8,combined,GSM615357,3,1,0.4440862943490127
GSE25055,8,combined,GSM615358,4,0,0.026250783376070678
GSE25055,8,combined,GSM615359,0,1,0.5153532839631488
GSE25055,8,combined,GSM615360,4,0,0.04472118100497691
GSE25055,8,combined,GSM615361,3,0,0.06771355730009662
GSE25055,8,combined,GSM615362,1,0,0.04353201121703481
GSE25055,8,combined,GSM615363,2,0,0.2820202303137877
GSE25055,8,combined,GSM615364,4,0,0.4960772717627306
GSE25055,8,combined,GSM615365,0,0,0.03766443300109868
GSE25055,8,combined,GSM615366,1,0,0.04719566894877187
GSE25055,8,combined,GSM615367,0,0,0.05223858014773027
GSE25055,8,combined,GSM615368,0,0,0.6141306095245154
GSE25055,8,combined,GSM615369,3,0,0.18682913612534763
GSE25055,8,combined,GSM615370,2,0,0.11142659955252582
GSE25055,8,combined,GSM615371,2,1,0.2290417123159022
GSE25055,8,combined,GSM615372,2,0,0.42270474754417414
GSE25055,8,combined,GSM615373,1,0,0.11110432523766119
GSE25055,8,combined,GSM615374,1,0,0.027429086646772596
GSE25055,8,combined,GSM615375,0,1,0.6077483419040443
GSE25055,8,combined,GSM615376,2,0,0.18244264062788199
GSE25055,8,combined,GSM615377,4,0,0.020032991411789547
GSE25055,8,combined,GSM615378,2,0,0.3696025157901934
GSE25055,8,combined,GSM615379,3,1,0.17746280651712718
GSE25055,8,combined,GSM615380,4,0,0.5774077684643502
GSE25055,8,combined,GSM615381,0,0,0.015834569111453697
GSE25055,8,combined,GSM615382,1,0,0.11914529398712742
GSE25055,8,combined,GSM615383,2,1,0.03411313185053733
GSE25055,8,combined,GSM615384,2,0,0.1892340492445781
GSE25055,8,combined,GSM615385,1,0,0.09666973512245552
GSE25055,8,combined,GSM615386,0,0,0.019941531928668436
GSE25055,8,combined,GSM615387,4,0,0.2614583804488377
GSE25055,8,combined,GSM615388,4,0,0.05009849858789002
GSE25055,8,combined,GSM615389,4,0,0.04128768143901558
GSE25055,8,combined,GSM615390,3,0,0.42968874332028334
GSE25055,8,combined,GSM615391,1,0,0.04283149937856475
GSE25055,8,combined,GSM615392,0,0,0.3578059092662084
GSE25055,8,combined,GSM615393,0,1,0.2558308125246264
GSE25055,8,combined,GSM615394,3,1,0.18642203747013228
GSE25055,8,combined,GSM615395,2,0,0.02023827146448955
GSE25055,8,combined,GSM615396,2,1,0.5040109175772439
GSE25055,8,combined,GSM615397,1,1,0.34262493840537217
GSE25055,8,combined,GSM615398,4,0,0.08502622084174341
GSE25055,8,combined,GSM615399,0,0,0.04426504680859371
GSE25055,8,combined,GSM615400,4,0,0.02777258485727328
GSE25055,8,combined,GSM615401,4,0,0.05587951442767343
GSE25055,8,combined,GSM615402,3,0,0.060573198155102
GSE25055,8,combined,GSM615403,1,0,0.3850521872212462
GSE25055,8,combined,GSM615404,0,0,0.04077230321478787
GSE25055,8,combined,GSM615405,1,0,0.4992805589937724
GSE25055,9,intercept,GSM615096,2,0,0.18672199170124482
GSE25055,9,intercept,GSM615097,0,0,0.18333333333333332
GSE25055,9,intercept,GSM615098,4,0,0.18672199170124482
GSE25055,9,intercept,GSM615099,1,1,0.18672199170124482
GSE25055,9,intercept,GSM615100,3,0,0.18672199170124482
GSE25055,9,intercept,GSM615101,0,0,0.18333333333333332
GSE25055,9,intercept,GSM615102,3,0,0.18672199170124482
GSE25055,9,intercept,GSM615104,3,0,0.18672199170124482
GSE25055,9,intercept,GSM615106,4,0,0.18672199170124482
GSE25055,9,intercept,GSM615107,2,0,0.18672199170124482
GSE25055,9,intercept,GSM615108,4,0,0.18672199170124482
GSE25055,9,intercept,GSM615109,1,0,0.18672199170124482
GSE25055,9,intercept,GSM615111,4,0,0.18672199170124482
GSE25055,9,intercept,GSM615112,4,0,0.18672199170124482
GSE25055,9,intercept,GSM615113,3,0,0.18672199170124482
GSE25055,9,intercept,GSM615114,3,0,0.18672199170124482
GSE25055,9,intercept,GSM615115,2,0,0.18672199170124482
GSE25055,9,intercept,GSM615116,2,0,0.18672199170124482
GSE25055,9,intercept,GSM615117,1,0,0.18672199170124482
GSE25055,9,intercept,GSM615120,0,0,0.18333333333333332
GSE25055,9,intercept,GSM615121,3,0,0.18672199170124482
GSE25055,9,intercept,GSM615122,4,1,0.18672199170124482
GSE25055,9,intercept,GSM615123,0,1,0.18333333333333332
GSE25055,9,intercept,GSM615124,0,0,0.18333333333333332
GSE25055,9,intercept,GSM615125,2,0,0.18672199170124482
GSE25055,9,intercept,GSM615126,3,0,0.18672199170124482
GSE25055,9,intercept,GSM615127,0,0,0.18333333333333332
GSE25055,9,intercept,GSM615128,4,0,0.18672199170124482
GSE25055,9,intercept,GSM615129,2,0,0.18672199170124482
GSE25055,9,intercept,GSM615130,3,0,0.18672199170124482
GSE25055,9,intercept,GSM615131,3,0,0.18672199170124482
GSE25055,9,intercept,GSM615132,2,0,0.18672199170124482
GSE25055,9,intercept,GSM615133,0,0,0.18333333333333332
GSE25055,9,intercept,GSM615134,2,0,0.18672199170124482
GSE25055,9,intercept,GSM615135,1,0,0.18672199170124482
GSE25055,9,intercept,GSM615136,0,0,0.18333333333333332
GSE25055,9,intercept,GSM615137,4,1,0.18672199170124482
GSE25055,9,intercept,GSM615138,1,0,0.18672199170124482
GSE25055,9,intercept,GSM615139,3,1,0.18672199170124482
GSE25055,9,intercept,GSM615140,3,1,0.18672199170124482
GSE25055,9,intercept,GSM615142,2,0,0.18672199170124482
GSE25055,9,intercept,GSM615143,3,1,0.18672199170124482
GSE25055,9,intercept,GSM615144,4,0,0.18672199170124482
GSE25055,9,intercept,GSM615145,3,0,0.18672199170124482
GSE25055,9,intercept,GSM615146,0,1,0.18333333333333332
GSE25055,9,intercept,GSM615147,3,0,0.18672199170124482
GSE25055,9,intercept,GSM615148,2,0,0.18672199170124482
GSE25055,9,intercept,GSM615149,3,0,0.18672199170124482
GSE25055,9,intercept,GSM615150,3,0,0.18672199170124482
GSE25055,9,intercept,GSM615151,3,0,0.18672199170124482
GSE25055,9,intercept,GSM615153,1,0,0.18672199170124482
GSE25055,9,intercept,GSM615154,0,1,0.18333333333333332
GSE25055,9,intercept,GSM615155,2,0,0.18672199170124482
GSE25055,9,intercept,GSM615156,4,0,0.18672199170124482
GSE25055,9,intercept,GSM615157,2,0,0.18672199170124482
GSE25055,9,intercept,GSM615158,2,0,0.18672199170124482
GSE25055,9,intercept,GSM615159,0,0,0.18333333333333332
GSE25055,9,intercept,GSM615160,0,0,0.18333333333333332
GSE25055,9,intercept,GSM615162,4,0,0.18672199170124482
GSE25055,9,intercept,GSM615164,0,1,0.18333333333333332
GSE25055,9,intercept,GSM615165,1,0,0.18672199170124482
GSE25055,9,intercept,GSM615166,2,0,0.18672199170124482
GSE25055,9,intercept,GSM615167,0,1,0.18333333333333332
GSE25055,9,intercept,GSM615168,3,0,0.18672199170124482
GSE25055,9,intercept,GSM615169,1,0,0.18672199170124482
GSE25055,9,intercept,GSM615170,0,0,0.18333333333333332
GSE25055,9,intercept,GSM615171,1,1,0.18672199170124482
GSE25055,9,intercept,GSM615172,0,0,0.18333333333333332
GSE25055,9,intercept,GSM615173,1,0,0.18672199170124482
GSE25055,9,intercept,GSM615174,1,0,0.18672199170124482
GSE25055,9,intercept,GSM615175,4,1,0.18672199170124482
GSE25055,9,intercept,GSM615176,3,0,0.18672199170124482
GSE25055,9,intercept,GSM615177,1,0,0.18672199170124482
GSE25055,9,intercept,GSM615178,4,0,0.18672199170124482
GSE25055,9,intercept,GSM615179,1,0,0.18672199170124482
GSE25055,9,intercept,GSM615180,2,0,0.18672199170124482
GSE25055,9,intercept,GSM615181,3,1,0.18672199170124482
GSE25055,9,intercept,GSM615182,2,0,0.18672199170124482
GSE25055,9,intercept,GSM615183,3,0,0.18672199170124482
GSE25055,9,intercept,GSM615184,4,0,0.18672199170124482
GSE25055,9,intercept,GSM615185,2,0,0.18672199170124482
GSE25055,9,intercept,GSM615186,0,1,0.18333333333333332
GSE25055,9,intercept,GSM615187,0,0,0.18333333333333332
GSE25055,9,intercept,GSM615188,4,0,0.18672199170124482
GSE25055,9,intercept,GSM615189,3,0,0.18672199170124482
GSE25055,9,intercept,GSM615190,3,0,0.18672199170124482
GSE25055,9,intercept,GSM615191,2,1,0.18672199170124482
GSE25055,9,intercept,GSM615192,1,0,0.18672199170124482
GSE25055,9,intercept,GSM615193,2,1,0.18672199170124482
GSE25055,9,intercept,GSM615194,2,1,0.18672199170124482
GSE25055,9,intercept,GSM615195,0,0,0.18333333333333332
GSE25055,9,intercept,GSM615196,1,0,0.18672199170124482
GSE25055,9,intercept,GSM615197,1,0,0.18672199170124482
GSE25055,9,intercept,GSM615198,2,0,0.18672199170124482
GSE25055,9,intercept,GSM615199,3,0,0.18672199170124482
GSE25055,9,intercept,GSM615200,4,0,0.18672199170124482
GSE25055,9,intercept,GSM615201,2,1,0.18672199170124482
GSE25055,9,intercept,GSM615202,2,1,0.18672199170124482
GSE25055,9,intercept,GSM615203,1,0,0.18672199170124482
GSE25055,9,intercept,GSM615204,4,0,0.18672199170124482
GSE25055,9,intercept,GSM615205,4,0,0.18672199170124482
GSE25055,9,intercept,GSM615206,4,0,0.18672199170124482
GSE25055,9,intercept,GSM615207,1,0,0.18672199170124482
GSE25055,9,intercept,GSM615208,0,0,0.18333333333333332
GSE25055,9,intercept,GSM615209,1,1,0.18672199170124482
GSE25055,9,intercept,GSM615210,0,0,0.18333333333333332
GSE25055,9,intercept,GSM615211,4,1,0.18672199170124482
GSE25055,9,intercept,GSM615212,4,1,0.18672199170124482
GSE25055,9,intercept,GSM615213,0,1,0.18333333333333332
GSE25055,9,intercept,GSM615214,1,0,0.18672199170124482
GSE25055,9,intercept,GSM615215,0,1,0.18333333333333332
GSE25055,9,intercept,GSM615216,0,0,0.18333333333333332
GSE25055,9,intercept,GSM615217,4,0,0.18672199170124482
GSE25055,9,intercept,GSM615218,1,0,0.18672199170124482
GSE25055,9,intercept,GSM615219,2,0,0.18672199170124482
GSE25055,9,intercept,GSM615220,4,0,0.18672199170124482
GSE25055,9,intercept,GSM615221,0,0,0.18333333333333332
GSE25055,9,intercept,GSM615222,2,0,0.18672199170124482
GSE25055,9,intercept,GSM615223,3,0,0.18672199170124482
GSE25055,9,intercept,GSM615224,0,0,0.18333333333333332
GSE25055,9,intercept,GSM615225,3,0,0.18672199170124482
GSE25055,9,intercept,GSM615226,0,0,0.18333333333333332
GSE25055,9,intercept,GSM615227,2,0,0.18672199170124482
GSE25055,9,intercept,GSM615228,4,0,0.18672199170124482
GSE25055,9,intercept,GSM615229,3,0,0.18672199170124482
GSE25055,9,intercept,GSM615230,3,0,0.18672199170124482
GSE25055,9,intercept,GSM615231,2,0,0.18672199170124482
GSE25055,9,intercept,GSM615232,4,0,0.18672199170124482
GSE25055,9,intercept,GSM615233,2,0,0.18672199170124482
GSE25055,9,intercept,GSM615234,4,0,0.18672199170124482
GSE25055,9,intercept,GSM615235,1,0,0.18672199170124482
GSE25055,9,intercept,GSM615236,4,0,0.18672199170124482
GSE25055,9,intercept,GSM615237,2,0,0.18672199170124482
GSE25055,9,intercept,GSM615238,2,0,0.18672199170124482
GSE25055,9,intercept,GSM615239,4,0,0.18672199170124482
GSE25055,9,intercept,GSM615240,3,1,0.18672199170124482
GSE25055,9,intercept,GSM615241,2,0,0.18672199170124482
GSE25055,9,intercept,GSM615242,4,1,0.18672199170124482
GSE25055,9,intercept,GSM615243,1,0,0.18672199170124482
GSE25055,9,intercept,GSM615244,3,0,0.18672199170124482
GSE25055,9,intercept,GSM615245,1,0,0.18672199170124482
GSE25055,9,intercept,GSM615246,3,0,0.18672199170124482
GSE25055,9,intercept,GSM615247,2,0,0.18672199170124482
GSE25055,9,intercept,GSM615248,3,0,0.18672199170124482
GSE25055,9,intercept,GSM615249,1,0,0.18672199170124482
GSE25055,9,intercept,GSM615250,4,0,0.18672199170124482
GSE25055,9,intercept,GSM615251,3,0,0.18672199170124482
GSE25055,9,intercept,GSM615252,1,0,0.18672199170124482
GSE25055,9,intercept,GSM615253,0,0,0.18333333333333332
GSE25055,9,intercept,GSM615254,0,0,0.18333333333333332
GSE25055,9,intercept,GSM615255,1,0,0.18672199170124482
GSE25055,9,intercept,GSM615256,1,1,0.18672199170124482
GSE25055,9,intercept,GSM615257,0,0,0.18333333333333332
GSE25055,9,intercept,GSM615258,4,0,0.18672199170124482
GSE25055,9,intercept,GSM615259,1,0,0.18672199170124482
GSE25055,9,intercept,GSM615260,1,0,0.18672199170124482
GSE25055,9,intercept,GSM615261,4,0,0.18672199170124482
GSE25055,9,intercept,GSM615262,1,0,0.18672199170124482
GSE25055,9,intercept,GSM615263,2,1,0.18672199170124482
GSE25055,9,intercept,GSM615264,0,1,0.18333333333333332
GSE25055,9,intercept,GSM615265,0,0,0.18333333333333332
GSE25055,9,intercept,GSM615266,2,0,0.18672199170124482
GSE25055,9,intercept,GSM615267,2,0,0.18672199170124482
GSE25055,9,intercept,GSM615268,2,0,0.18672199170124482
GSE25055,9,intercept,GSM615269,3,0,0.18672199170124482
GSE25055,9,intercept,GSM615270,4,1,0.18672199170124482
GSE25055,9,intercept,GSM615271,3,0,0.18672199170124482
GSE25055,9,intercept,GSM615272,3,0,0.18672199170124482
GSE25055,9,intercept,GSM615273,3,0,0.18672199170124482
GSE25055,9,intercept,GSM615274,1,0,0.18672199170124482
GSE25055,9,intercept,GSM615275,4,0,0.18672199170124482
GSE25055,9,intercept,GSM615276,4,0,0.18672199170124482
GSE25055,9,intercept,GSM615277,1,0,0.18672199170124482
GSE25055,9,intercept,GSM615278,4,0,0.18672199170124482
GSE25055,9,intercept,GSM615279,2,0,0.18672199170124482
GSE25055,9,intercept,GSM615280,3,1,0.18672199170124482
GSE25055,9,intercept,GSM615281,0,0,0.18333333333333332
GSE25055,9,intercept,GSM615282,4,0,0.18672199170124482
GSE25055,9,intercept,GSM615283,0,0,0.18333333333333332
GSE25055,9,intercept,GSM615284,4,1,0.18672199170124482
GSE25055,9,intercept,GSM615285,2,0,0.18672199170124482
GSE25055,9,intercept,GSM615286,4,0,0.18672199170124482
GSE25055,9,intercept,GSM615287,2,0,0.18672199170124482
GSE25055,9,intercept,GSM615288,4,0,0.18672199170124482
GSE25055,9,intercept,GSM615289,1,0,0.18672199170124482
GSE25055,9,intercept,GSM615290,1,0,0.18672199170124482
GSE25055,9,intercept,GSM615291,4,1,0.18672199170124482
GSE25055,9,intercept,GSM615292,4,0,0.18672199170124482
GSE25055,9,intercept,GSM615293,3,1,0.18672199170124482
GSE25055,9,intercept,GSM615294,2,0,0.18672199170124482
GSE25055,9,intercept,GSM615295,2,0,0.18672199170124482
GSE25055,9,intercept,GSM615296,3,0,0.18672199170124482
GSE25055,9,intercept,GSM615297,0,0,0.18333333333333332
GSE25055,9,intercept,GSM615298,3,0,0.18672199170124482
GSE25055,9,intercept,GSM615299,2,0,0.18672199170124482
GSE25055,9,intercept,GSM615300,1,1,0.18672199170124482
GSE25055,9,intercept,GSM615301,0,0,0.18333333333333332
GSE25055,9,intercept,GSM615302,3,0,0.18672199170124482
GSE25055,9,intercept,GSM615303,1,0,0.18672199170124482
GSE25055,9,intercept,GSM615304,4,0,0.18672199170124482
GSE25055,9,intercept,GSM615305,4,0,0.18672199170124482
GSE25055,9,intercept,GSM615306,3,0,0.18672199170124482
GSE25055,9,intercept,GSM615307,0,1,0.18333333333333332
GSE25055,9,intercept,GSM615308,3,0,0.18672199170124482
GSE25055,9,intercept,GSM615309,0,0,0.18333333333333332
GSE25055,9,intercept,GSM615310,3,1,0.18672199170124482
GSE25055,9,intercept,GSM615311,3,0,0.18672199170124482
GSE25055,9,intercept,GSM615312,0,0,0.18333333333333332
GSE25055,9,intercept,GSM615313,2,0,0.18672199170124482
GSE25055,9,intercept,GSM615314,1,0,0.18672199170124482
GSE25055,9,intercept,GSM615315,1,0,0.18672199170124482
GSE25055,9,intercept,GSM615316,3,0,0.18672199170124482
GSE25055,9,intercept,GSM615317,4,0,0.18672199170124482
GSE25055,9,intercept,GSM615318,0,0,0.18333333333333332
GSE25055,9,intercept,GSM615319,2,0,0.18672199170124482
GSE25055,9,intercept,GSM615320,4,0,0.18672199170124482
GSE25055,9,intercept,GSM615321,4,0,0.18672199170124482
GSE25055,9,intercept,GSM615322,3,0,0.18672199170124482
GSE25055,9,intercept,GSM615323,0,0,0.18333333333333332
GSE25055,9,intercept,GSM615324,0,1,0.18333333333333332
GSE25055,9,intercept,GSM615325,2,1,0.18672199170124482
GSE25055,9,intercept,GSM615326,4,0,0.18672199170124482
GSE25055,9,intercept,GSM615327,0,0,0.18333333333333332
GSE25055,9,intercept,GSM615328,0,0,0.18333333333333332
GSE25055,9,intercept,GSM615329,1,0,0.18672199170124482
GSE25055,9,intercept,GSM615330,0,0,0.18333333333333332
GSE25055,9,intercept,GSM615331,0,1,0.18333333333333332
GSE25055,9,intercept,GSM615332,1,0,0.18672199170124482
GSE25055,9,intercept,GSM615333,4,0,0.18672199170124482
GSE25055,9,intercept,GSM615334,1,1,0.18672199170124482
GSE25055,9,intercept,GSM615335,0,0,0.18333333333333332
GSE25055,9,intercept,GSM615336,2,1,0.18672199170124482
GSE25055,9,intercept,GSM615337,0,0,0.18333333333333332
GSE25055,9,intercept,GSM615338,1,1,0.18672199170124482
GSE25055,9,intercept,GSM615339,3,0,0.18672199170124482
GSE25055,9,intercept,GSM615340,3,0,0.18672199170124482
GSE25055,9,intercept,GSM615341,2,0,0.18672199170124482
GSE25055,9,intercept,GSM615342,0,0,0.18333333333333332
GSE25055,9,intercept,GSM615343,3,0,0.18672199170124482
GSE25055,9,intercept,GSM615344,0,0,0.18333333333333332
GSE25055,9,intercept,GSM615345,1,0,0.18672199170124482
GSE25055,9,intercept,GSM615346,1,0,0.18672199170124482
GSE25055,9,intercept,GSM615347,2,0,0.18672199170124482
GSE25055,9,intercept,GSM615348,4,0,0.18672199170124482
GSE25055,9,intercept,GSM615349,2,0,0.18672199170124482
GSE25055,9,intercept,GSM615350,0,0,0.18333333333333332
GSE25055,9,intercept,GSM615351,4,0,0.18672199170124482
GSE25055,9,intercept,GSM615352,0,0,0.18333333333333332
GSE25055,9,intercept,GSM615353,2,1,0.18672199170124482
GSE25055,9,intercept,GSM615354,1,1,0.18672199170124482
GSE25055,9,intercept,GSM615355,0,0,0.18333333333333332
GSE25055,9,intercept,GSM615356,3,0,0.18672199170124482
GSE25055,9,intercept,GSM615357,3,1,0.18672199170124482
GSE25055,9,intercept,GSM615358,0,0,0.18333333333333332
GSE25055,9,intercept,GSM615359,2,1,0.18672199170124482
GSE25055,9,intercept,GSM615360,1,0,0.18672199170124482
GSE25055,9,intercept,GSM615361,1,0,0.18672199170124482
GSE25055,9,intercept,GSM615362,2,0,0.18672199170124482
GSE25055,9,intercept,GSM615363,2,0,0.18672199170124482
GSE25055,9,intercept,GSM615364,0,0,0.18333333333333332
GSE25055,9,intercept,GSM615365,1,0,0.18672199170124482
GSE25055,9,intercept,GSM615366,4,0,0.18672199170124482
GSE25055,9,intercept,GSM615367,0,0,0.18333333333333332
GSE25055,9,intercept,GSM615368,1,0,0.18672199170124482
GSE25055,9,intercept,GSM615369,4,0,0.18672199170124482
GSE25055,9,intercept,GSM615370,2,0,0.18672199170124482
GSE25055,9,intercept,GSM615371,4,1,0.18672199170124482
GSE25055,9,intercept,GSM615372,0,0,0.18333333333333332
GSE25055,9,intercept,GSM615373,0,0,0.18333333333333332
GSE25055,9,intercept,GSM615374,1,0,0.18672199170124482
GSE25055,9,intercept,GSM615375,1,1,0.18672199170124482
GSE25055,9,intercept,GSM615376,4,0,0.18672199170124482
GSE25055,9,intercept,GSM615377,4,0,0.18672199170124482
GSE25055,9,intercept,GSM615378,1,0,0.18672199170124482
GSE25055,9,intercept,GSM615379,2,1,0.18672199170124482
GSE25055,9,intercept,GSM615380,2,0,0.18672199170124482
GSE25055,9,intercept,GSM615381,3,0,0.18672199170124482
GSE25055,9,intercept,GSM615382,1,0,0.18672199170124482
GSE25055,9,intercept,GSM615383,3,1,0.18672199170124482
GSE25055,9,intercept,GSM615384,1,0,0.18672199170124482
GSE25055,9,intercept,GSM615385,3,0,0.18672199170124482
GSE25055,9,intercept,GSM615386,1,0,0.18672199170124482
GSE25055,9,intercept,GSM615387,3,0,0.18672199170124482
GSE25055,9,intercept,GSM615388,0,0,0.18333333333333332
GSE25055,9,intercept,GSM615389,1,0,0.18672199170124482
GSE25055,9,intercept,GSM615390,4,0,0.18672199170124482
GSE25055,9,intercept,GSM615391,4,0,0.18672199170124482
GSE25055,9,intercept,GSM615392,0,0,0.18333333333333332
GSE25055,9,intercept,GSM615393,3,1,0.18672199170124482
GSE25055,9,intercept,GSM615394,1,1,0.18672199170124482
GSE25055,9,intercept,GSM615395,2,0,0.18672199170124482
GSE25055,9,intercept,GSM615396,4,1,0.18672199170124482
GSE25055,9,intercept,GSM615397,1,1,0.18672199170124482
GSE25055,9,intercept,GSM615398,3,0,0.18672199170124482
GSE25055,9,intercept,GSM615399,3,0,0.18672199170124482
GSE25055,9,intercept,GSM615400,0,0,0.18333333333333332
GSE25055,9,intercept,GSM615401,2,0,0.18672199170124482
GSE25055,9,intercept,GSM615402,1,0,0.18672199170124482
GSE25055,9,intercept,GSM615403,2,0,0.18672199170124482
GSE25055,9,intercept,GSM615404,2,0,0.18672199170124482
GSE25055,9,intercept,GSM615405,4,0,0.18672199170124482
GSE25055,9,clinical,GSM615096,2,0,0.08925382848165518
GSE25055,9,clinical,GSM615097,0,0,0.0641171048857485
GSE25055,9,clinical,GSM615098,4,0,0.38247984825286874
GSE25055,9,clinical,GSM615099,1,1,0.38632302644794836
GSE25055,9,clinical,GSM615100,3,0,0.08883097346587739
GSE25055,9,clinical,GSM615101,0,0,0.34276794926409776
GSE25055,9,clinical,GSM615102,3,0,0.4194034057691742
GSE25055,9,clinical,GSM615104,3,0,0.3679477276858903
GSE25055,9,clinical,GSM615106,4,0,0.3541666218166604
GSE25055,9,clinical,GSM615107,2,0,0.3821674642403671
GSE25055,9,clinical,GSM615108,4,0,0.06966285088989127
GSE25055,9,clinical,GSM615109,1,0,0.24965207150761168
GSE25055,9,clinical,GSM615111,4,0,0.3560430716726937
GSE25055,9,clinical,GSM615112,4,0,0.32247695042237523
GSE25055,9,clinical,GSM615113,3,0,0.3909302433562644
GSE25055,9,clinical,GSM615114,3,0,0.0588309165497854
GSE25055,9,clinical,GSM615115,2,0,0.3520820942639437
GSE25055,9,clinical,GSM615116,2,0,0.30739898322882275
GSE25055,9,clinical,GSM615117,1,0,0.11993055004934888
GSE25055,9,clinical,GSM615120,0,0,0.05834251549736873
GSE25055,9,clinical,GSM615121,3,0,0.08677335472578543
GSE25055,9,clinical,GSM615122,4,1,0.08220302861109174
GSE25055,9,clinical,GSM615123,0,1,0.058417196211102175
GSE25055,9,clinical,GSM615124,0,0,0.052786152509731794
GSE25055,9,clinical,GSM615125,2,0,0.07941683846428906
GSE25055,9,clinical,GSM615126,3,0,0.07336628491258862
GSE25055,9,clinical,GSM615127,0,0,0.05124550217198337
GSE25055,9,clinical,GSM615128,4,0,0.06683462406582077
GSE25055,9,clinical,GSM615129,2,0,0.06657320354305317
GSE25055,9,clinical,GSM615130,3,0,0.07129773655421388
GSE25055,9,clinical,GSM615131,3,0,0.04714442454571377
GSE25055,9,clinical,GSM615132,2,0,0.07438943196507823
GSE25055,9,clinical,GSM615133,0,0,0.05970056135304259
GSE25055,9,clinical,GSM615134,2,0,0.08090929322796882
GSE25055,9,clinical,GSM615135,1,0,0.24898903325913022
GSE25055,9,clinical,GSM615136,0,0,0.3193090514882953
GSE25055,9,clinical,GSM615137,4,1,0.07890886779699494
GSE25055,9,clinical,GSM615138,1,0,0.11807352527535858
GSE25055,9,clinical,GSM615139,3,1,0.3121174858394511
GSE25055,9,clinical,GSM615140,3,1,0.41191543081514964
GSE25055,9,clinical,GSM615142,2,0,0.06913334878354738
GSE25055,9,clinical,GSM615143,3,1,0.3915421378936373
GSE25055,9,clinical,GSM615144,4,0,0.058977829604024444
GSE25055,9,clinical,GSM615145,3,0,0.3154366093589265
GSE25055,9,clinical,GSM615146,0,1,0.38454553345916
GSE25055,9,clinical,GSM615147,3,0,0.04926586730604951
GSE25055,9,clinical,GSM615148,2,0,0.373129121870779
GSE25055,9,clinical,GSM615149,3,0,0.38240049757097
GSE25055,9,clinical,GSM615150,3,0,0.07198119914494296
GSE25055,9,clinical,GSM615151,3,0,0.3799764238722335
GSE25055,9,clinical,GSM615153,1,0,0.045422986912891254
GSE25055,9,clinical,GSM615154,0,1,0.37845506511412236
GSE25055,9,clinical,GSM615155,2,0,0.10017668870846544
GSE25055,9,clinical,GSM615156,4,0,0.38913675487113486
GSE25055,9,clinical,GSM615157,2,0,0.07679368300923012
GSE25055,9,clinical,GSM615158,2,0,0.05929920401528597
GSE25055,9,clinical,GSM615159,0,0,0.3660747273473529
GSE25055,9,clinical,GSM615160,0,0,0.38841101191463745
GSE25055,9,clinical,GSM615162,4,0,0.0729965070153241
GSE25055,9,clinical,GSM615164,0,1,0.3743097510135523
GSE25055,9,clinical,GSM615165,1,0,0.09072293060560542
GSE25055,9,clinical,GSM615166,2,0,0.08475289827970393
GSE25055,9,clinical,GSM615167,0,1,0.3991123945225885
GSE25055,9,clinical,GSM615168,3,0,0.06279136500657317
GSE25055,9,clinical,GSM615169,1,0,0.32942670404977603
GSE25055,9,clinical,GSM615170,0,0,0.06395425747435222
GSE25055,9,clinical,GSM615171,1,1,0.36719358309205086
GSE25055,9,clinical,GSM615172,0,0,0.05360723586410069
GSE25055,9,clinical,GSM615173,1,0,0.07865846343338477
GSE25055,9,clinical,GSM615174,1,0,0.09459433673917428
GSE25055,9,clinical,GSM615175,4,1,0.3775157989251843
GSE25055,9,clinical,GSM615176,3,0,0.07011607803651025
GSE25055,9,clinical,GSM615177,1,0,0.07319246152708744
GSE25055,9,clinical,GSM615178,4,0,0.38830232088914374
GSE25055,9,clinical,GSM615179,1,0,0.06001826673645699
GSE25055,9,clinical,GSM615180,2,0,0.07522998206419804
GSE25055,9,clinical,GSM615181,3,1,0.35372834053267255
GSE25055,9,clinical,GSM615182,2,0,0.22560155638240265
GSE25055,9,clinical,GSM615183,3,0,0.09199999686260243
GSE25055,9,clinical,GSM615184,4,0,0.35443441294201916
GSE25055,9,clinical,GSM615185,2,0,0.26290807628496454
GSE25055,9,clinical,GSM615186,0,1,0.060006344555599785
GSE25055,9,clinical,GSM615187,0,0,0.04949119869035184
GSE25055,9,clinical,GSM615188,4,0,0.3281289911323899
GSE25055,9,clinical,GSM615189,3,0,0.2662458117269003
GSE25055,9,clinical,GSM615190,3,0,0.4269286822918156
GSE25055,9,clinical,GSM615191,2,1,0.3859980215163278
GSE25055,9,clinical,GSM615192,1,0,0.07082534376583874
GSE25055,9,clinical,GSM615193,2,1,0.3717099000626379
GSE25055,9,clinical,GSM615194,2,1,0.27889588688131284
GSE25055,9,clinical,GSM615195,0,0,0.41682906312104817
GSE25055,9,clinical,GSM615196,1,0,0.050770113983026686
GSE25055,9,clinical,GSM615197,1,0,0.19925379541845384
GSE25055,9,clinical,GSM615198,2,0,0.06230382459474241
GSE25055,9,clinical,GSM615199,3,0,0.08376775845715045
GSE25055,9,clinical,GSM615200,4,0,0.0678639815874973
GSE25055,9,clinical,GSM615201,2,1,0.08412697591149397
GSE25055,9,clinical,GSM615202,2,1,0.36230588573309913
GSE25055,9,clinical,GSM615203,1,0,0.03378207372838813
GSE25055,9,clinical,GSM615204,4,0,0.07011941276479486
GSE25055,9,clinical,GSM615205,4,0,0.05507655096657534
GSE25055,9,clinical,GSM615206,4,0,0.06936000577066484
GSE25055,9,clinical,GSM615207,1,0,0.0948981860439338
GSE25055,9,clinical,GSM615208,0,0,0.047608788008384646
GSE25055,9,clinical,GSM615209,1,1,0.26869080667256706
GSE25055,9,clinical,GSM615210,0,0,0.04404620350045477
GSE25055,9,clinical,GSM615211,4,1,0.3983574524853148
GSE25055,9,clinical,GSM615212,4,1,0.36250996726715856
GSE25055,9,clinical,GSM615213,0,1,0.3403237708127167
GSE25055,9,clinical,GSM615214,1,0,0.06414233381333823
GSE25055,9,clinical,GSM615215,0,1,0.3682843891058976
GSE25055,9,clinical,GSM615216,0,0,0.05486147972963359
GSE25055,9,clinical,GSM615217,4,0,0.06567597375410987
GSE25055,9,clinical,GSM615218,1,0,0.26869080667256706
GSE25055,9,clinical,GSM615219,2,0,0.08892531012415086
GSE25055,9,clinical,GSM615220,4,0,0.08246835892409014
GSE25055,9,clinical,GSM615221,0,0,0.07077706249265905
GSE25055,9,clinical,GSM615222,2,0,0.07383387220470887
GSE25055,9,clinical,GSM615223,3,0,0.30826941920175527
GSE25055,9,clinical,GSM615224,0,0,0.05924462174094047
GSE25055,9,clinical,GSM615225,3,0,0.2920813576797741
GSE25055,9,clinical,GSM615226,0,0,0.05486147972963359
GSE25055,9,clinical,GSM615227,2,0,0.06848489459643439
GSE25055,9,clinical,GSM615228,4,0,0.07323449221105544
GSE25055,9,clinical,GSM615229,3,0,0.3596233554885502
GSE25055,9,clinical,GSM615230,3,0,0.08181688946913772
GSE25055,9,clinical,GSM615231,2,0,0.07246164107637236
GSE25055,9,clinical,GSM615232,4,0,0.06286059394207762
GSE25055,9,clinical,GSM615233,2,0,0.046752132261071354
GSE25055,9,clinical,GSM615234,4,0,0.0708865010160202
GSE25055,9,clinical,GSM615235,1,0,0.04145130017979318
GSE25055,9,clinical,GSM615236,4,0,0.05327725931704202
GSE25055,9,clinical,GSM615237,2,0,0.07809518059637627
GSE25055,9,clinical,GSM615238,2,0,0.07956494454979826
GSE25055,9,clinical,GSM615239,4,0,0.07011941276479486
GSE25055,9,clinical,GSM615240,3,1,0.3596233554885502
GSE25055,9,clinical,GSM615241,2,0,0.055574730871175856
GSE25055,9,clinical,GSM615242,4,1,0.36793743916961436
GSE25055,9,clinical,GSM615243,1,0,0.08340570989475941
GSE25055,9,clinical,GSM615244,3,0,0.3420721391520149
GSE25055,9,clinical,GSM615245,1,0,0.11479362464751179
GSE25055,9,clinical,GSM615246,3,0,0.11066915517624583
GSE25055,9,clinical,GSM615247,2,0,0.08569970653958116
GSE25055,9,clinical,GSM615248,3,0,0.07621032109360908
GSE25055,9,clinical,GSM615249,1,0,0.04145130017979318
GSE25055,9,clinical,GSM615250,4,0,0.32298866413202876
GSE25055,9,clinical,GSM615251,3,0,0.38361474090715836
GSE25055,9,clinical,GSM615252,1,0,0.06414233381333823
GSE25055,9,clinical,GSM615253,0,0,0.06814308054078304
GSE25055,9,clinical,GSM615254,0,0,0.0615573668478005
GSE25055,9,clinical,GSM615255,1,0,0.4015460358747465
GSE25055,9,clinical,GSM615256,1,1,0.07082534376583874
GSE25055,9,clinical,GSM615257,0,0,0.05416130299202221
GSE25055,9,clinical,GSM615258,4,0,0.06355369992721664
GSE25055,9,clinical,GSM615259,1,0,0.049089748223944026
GSE25055,9,clinical,GSM615260,1,0,0.06001826673645699
GSE25055,9,clinical,GSM615261,4,0,0.061495492118746366
GSE25055,9,clinical,GSM615262,1,0,0.0948981860439338
GSE25055,9,clinical,GSM615263,2,1,0.27889588688131284
GSE25055,9,clinical,GSM615264,0,1,0.36512944567001604
GSE25055,9,clinical,GSM615265,0,0,0.31051668018060324
GSE25055,9,clinical,GSM615266,2,0,0.058849176844024735
GSE25055,9,clinical,GSM615267,2,0,0.08258050061646453
GSE25055,9,clinical,GSM615268,2,0,0.09396924606566186
GSE25055,9,clinical,GSM615269,3,0,0.07990749188094526
GSE25055,9,clinical,GSM615270,4,1,0.3899718388233401
GSE25055,9,clinical,GSM615271,3,0,0.07267070076345997
GSE25055,9,clinical,GSM615272,3,0,0.0458910307553859
GSE25055,9,clinical,GSM615273,3,0,0.06604226383395587
GSE25055,9,clinical,GSM615274,1,0,0.040066345600472744
GSE25055,9,clinical,GSM615275,4,0,0.3307147863295611
GSE25055,9,clinical,GSM615276,4,0,0.35176063156082266
GSE25055,9,clinical,GSM615277,1,0,0.07319246152708744
GSE25055,9,clinical,GSM615278,4,0,0.06936000577066484
GSE25055,9,clinical,GSM615279,2,0,0.07111295518779537
GSE25055,9,clinical,GSM615280,3,1,0.07803886744894399
GSE25055,9,clinical,GSM615281,0,0,0.06560020253758735
GSE25055,9,clinical,GSM615282,4,0,0.060158132293231636
GSE25055,9,clinical,GSM615283,0,0,0.05557017628275967
GSE25055,9,clinical,GSM615284,4,1,0.3571173216636726
GSE25055,9,clinical,GSM615285,2,0,0.07956494454979826
GSE25055,9,clinical,GSM615286,4,0,0.058848032728437465
GSE25055,9,clinical,GSM615287,2,0,0.3257883294512557
GSE25055,9,clinical,GSM615288,4,0,0.3899718388233401
GSE25055,9,clinical,GSM615289,1,0,0.08340570989475941
GSE25055,9,clinical,GSM615290,1,0,0.04288198925688334
GSE25055,9,clinical,GSM615291,4,1,0.33331084970959124
GSE25055,9,clinical,GSM615292,4,0,0.06936000577066484
GSE25055,9,clinical,GSM615293,3,1,0.46499624638434506
GSE25055,9,clinical,GSM615294,2,0,0.07809518059637627
GSE25055,9,clinical,GSM615295,2,0,0.3125942677668297
GSE25055,9,clinical,GSM615296,3,0,0.06928314983944267
GSE25055,9,clinical,GSM615297,0,0,0.32524337916742474
GSE25055,9,clinical,GSM615298,3,0,0.07990749188094526
GSE25055,9,clinical,GSM615299,2,0,0.07522998206419804
GSE25055,9,clinical,GSM615300,1,1,0.2617869674239059
GSE25055,9,clinical,GSM615301,0,0,0.31343270460020023
GSE25055,9,clinical,GSM615302,3,0,0.05577827745818567
GSE25055,9,clinical,GSM615303,1,0,0.19366162902943304
GSE25055,9,clinical,GSM615304,4,0,0.062174544988000076
GSE25055,9,clinical,GSM615305,4,0,0.07565392375604696
GSE25055,9,clinical,GSM615306,3,0,0.05185525500768685
GSE25055,9,clinical,GSM615307,0,1,0.40695683172879876
GSE25055,9,clinical,GSM615308,3,0,0.06144432654125964
GSE25055,9,clinical,GSM615309,0,0,0.06477236408690129
GSE25055,9,clinical,GSM615310,3,1,0.04477916203859217
GSE25055,9,clinical,GSM615311,3,0,0.09199999686260243
GSE25055,9,clinical,GSM615312,0,0,0.3464498742597232
GSE25055,9,clinical,GSM615313,2,0,0.07111295518779537
GSE25055,9,clinical,GSM615314,1,0,0.036172734646824974
GSE25055,9,clinical,GSM615315,1,0,0.46231085110815123
GSE25055,9,clinical,GSM615316,3,0,0.04159565518608603
GSE25055,9,clinical,GSM615317,4,0,0.365219421837014
GSE25055,9,clinical,GSM615318,0,0,0.06314578626679726
GSE25055,9,clinical,GSM615319,2,0,0.2708278302216337
GSE25055,9,clinical,GSM615320,4,0,0.38441701799853006
GSE25055,9,clinical,GSM615321,4,0,0.3571173216636726
GSE25055,9,clinical,GSM615322,3,0,0.33631373096216566
GSE25055,9,clinical,GSM615323,0,0,0.40695683172879876
GSE25055,9,clinical,GSM615324,0,1,0.35262730556132815
GSE25055,9,clinical,GSM615325,2,1,0.3576426017708979
GSE25055,9,clinical,GSM615326,4,0,0.062174544988000076
GSE25055,9,clinical,GSM615327,0,0,0.30472970402518257
GSE25055,9,clinical,GSM615328,0,0,0.06477236408690129
GSE25055,9,clinical,GSM615329,1,0,0.09798502005314005
GSE25055,9,clinical,GSM615330,0,0,0.30472970402518257
GSE25055,9,clinical,GSM615331,0,1,0.052786152509731794
GSE25055,9,clinical,GSM615332,1,0,0.04288198925688334
GSE25055,9,clinical,GSM615333,4,0,0.36250996726715856
GSE25055,9,clinical,GSM615334,1,1,0.23533879726536502
GSE25055,9,clinical,GSM615335,0,0,0.3464498742597232
GSE25055,9,clinical,GSM615336,2,1,0.3302498056319763
GSE25055,9,clinical,GSM615337,0,0,0.06395425747435222
GSE25055,9,clinical,GSM615338,1,1,0.2617869674239059
GSE25055,9,clinical,GSM615339,3,0,0.05185525500768685
GSE25055,9,clinical,GSM615340,3,0,0.06294272561322789
GSE25055,9,clinical,GSM615341,2,0,0.07522998206419804
GSE25055,9,clinical,GSM615342,0,0,0.37145064350813206
GSE25055,9,clinical,GSM615343,3,0,0.10095211553557565
GSE25055,9,clinical,GSM615344,0,0,0.32524337916742474
GSE25055,9,clinical,GSM615345,1,0,0.21675367116922947
GSE25055,9,clinical,GSM615346,1,0,0.37629445559770136
GSE25055,9,clinical,GSM615347,2,0,0.23638647660531048
GSE25055,9,clinical,GSM615348,4,0,0.4039815163021655
GSE25055,9,clinical,GSM615349,2,0,0.07111295518779537
GSE25055,9,clinical,GSM615350,0,0,0.32226905112847165
GSE25055,9,clinical,GSM615351,4,0,0.06496132818789264
GSE25055,9,clinical,GSM615352,0,0,0.045204532604786664
GSE25055,9,clinical,GSM615353,2,1,0.07665030590042717
GSE25055,9,clinical,GSM615354,1,1,0.3436632520126447
GSE25055,9,clinical,GSM615355,0,0,0.06314578626679726
GSE25055,9,clinical,GSM615356,3,0,0.389707484497632
GSE25055,9,clinical,GSM615357,3,1,0.3306035494312583
GSE25055,9,clinical,GSM615358,0,0,0.047608788008384646
GSE25055,9,clinical,GSM615359,2,1,0.32135820560606376
GSE25055,9,clinical,GSM615360,1,0,0.06630203062578496
GSE25055,9,clinical,GSM615361,1,0,0.04588604260899903
GSE25055,9,clinical,GSM615362,2,0,0.06848489459643439
GSE25055,9,clinical,GSM615363,2,0,0.3908060921362657
GSE25055,9,clinical,GSM615364,0,0,0.4004163275949779
GSE25055,9,clinical,GSM615365,1,0,0.04746221759301246
GSE25055,9,clinical,GSM615366,4,0,0.07011941276479486
GSE25055,9,clinical,GSM615367,0,0,0.0615573668478005
GSE25055,9,clinical,GSM615368,1,0,0.4976655728143606
GSE25055,9,clinical,GSM615369,4,0,0.3571173216636726
GSE25055,9,clinical,GSM615370,2,0,0.09226006951981422
GSE25055,9,clinical,GSM615371,4,1,0.312836143990283
GSE25055,9,clinical,GSM615372,0,0,0.38422405988718783
GSE25055,9,clinical,GSM615373,0,0,0.06560020253758735
GSE25055,9,clinical,GSM615374,1,0,0.06001826673645699
GSE25055,9,clinical,GSM615375,1,1,0.15784170521561883
GSE25055,9,clinical,GSM615376,4,0,0.35443441294201916
GSE25055,9,clinical,GSM615377,4,0,0.0678639815874973
GSE25055,9,clinical,GSM615378,1,0,0.38464462778711017
GSE25055,9,clinical,GSM615379,2,1,0.27484347471212583
GSE25055,9,clinical,GSM615380,2,0,0.3717099000626379
GSE25055,9,clinical,GSM615381,3,0,0.047029147990660346
GSE25055,9,clinical,GSM615382,1,0,0.24832717316170017
GSE25055,9,clinical,GSM615383,3,1,0.06144432654125964
GSE25055,9,clinical,GSM615384,1,0,0.2617869674239059
GSE25055,9,clinical,GSM615385,3,0,0.4269286822918156
GSE25055,9,clinical,GSM615386,1,0,0.07563225324115672
GSE25055,9,clinical,GSM615387,3,0,0.4206551170444075
GSE25055,9,clinical,GSM615388,0,0,0.06901082031903699
GSE25055,9,clinical,GSM615389,1,0,0.06630203062578496
GSE25055,9,clinical,GSM615390,4,0,0.36793743916961436
GSE25055,9,clinical,GSM615391,4,0,0.061495492118746366
GSE25055,9,clinical,GSM615392,0,0,0.30472970402518257
GSE25055,9,clinical,GSM615393,3,1,0.389707484497632
GSE25055,9,clinical,GSM615394,1,1,0.22902354357996
GSE25055,9,clinical,GSM615395,2,0,0.05452187579515577
GSE25055,9,clinical,GSM615396,4,1,0.4068031369939806
GSE25055,9,clinical,GSM615397,1,1,0.2617869674239059
GSE25055,9,clinical,GSM615398,3,0,0.06447515489321011
GSE25055,9,clinical,GSM615399,3,0,0.06144432654125964
GSE25055,9,clinical,GSM615400,0,0,0.045204532604786664
GSE25055,9,clinical,GSM615401,2,0,0.04766251184743479
GSE25055,9,clinical,GSM615402,1,0,0.08073705945285853
GSE25055,9,clinical,GSM615403,2,0,0.3257883294512557
GSE25055,9,clinical,GSM615404,2,0,0.05348783724447041
GSE25055,9,clinical,GSM615405,4,0,0.3359170636459142
GSE25055,9,score,GSM615096,2,0,0.07837940789777875
GSE25055,9,score,GSM615097,0,0,0.05200659034225528
GSE25055,9,score,GSM615098,4,0,0.3210378891913523
GSE25055,9,score,GSM615099,1,1,0.4711612306669869
GSE25055,9,score,GSM615100,3,0,0.22537985379778597
GSE25055,9,score,GSM615101,0,0,0.33084155237733875
GSE25055,9,score,GSM615102,3,0,0.2898750071357386
GSE25055,9,score,GSM615104,3,0,0.17394405178659292
GSE25055,9,score,GSM615106,4,0,0.0978159958761402
GSE25055,9,score,GSM615107,2,0,0.2587017600313515
GSE25055,9,score,GSM615108,4,0,0.17728137321883636
GSE25055,9,score,GSM615109,1,0,0.43780338174167865
GSE25055,9,score,GSM615111,4,0,0.1312585615316715
GSE25055,9,score,GSM615112,4,0,0.3666054208218263
GSE25055,9,score,GSM615113,3,0,0.2953324534402378
GSE25055,9,score,GSM615114,3,0,0.0708331040794494
GSE25055,9,score,GSM615115,2,0,0.1804920054041061
GSE25055,9,score,GSM615116,2,0,0.13017638893237815
GSE25055,9,score,GSM615117,1,0,0.3809246432193833
GSE25055,9,score,GSM615120,0,0,0.045915482526266434
GSE25055,9,score,GSM615121,3,0,0.06244225046454343
GSE25055,9,score,GSM615122,4,1,0.043112563056773946
GSE25055,9,score,GSM615123,0,1,0.4756980058705803
GSE25055,9,score,GSM615124,0,0,0.11836592622245552
GSE25055,9,score,GSM615125,2,0,0.07137107213157179
GSE25055,9,score,GSM615126,3,0,0.14703278017711666
GSE25055,9,score,GSM615127,0,0,0.12052572196775697
GSE25055,9,score,GSM615128,4,0,0.06448799494405287
GSE25055,9,score,GSM615129,2,0,0.10321853519243349
GSE25055,9,score,GSM615130,3,0,0.07464616216995505
GSE25055,9,score,GSM615131,3,0,0.11737463066822129
GSE25055,9,score,GSM615132,2,0,0.09672505902452398
GSE25055,9,score,GSM615133,0,0,0.0535719182396691
GSE25055,9,score,GSM615134,2,0,0.06769096324923074
GSE25055,9,score,GSM615135,1,0,0.1697848722682682
GSE25055,9,score,GSM615136,0,0,0.31972053692828667
GSE25055,9,score,GSM615137,4,1,0.14192220503319694
GSE25055,9,score,GSM615138,1,0,0.09744649170241665
GSE25055,9,score,GSM615139,3,1,0.5892061890268938
GSE25055,9,score,GSM615140,3,1,0.21199904014940382
GSE25055,9,score,GSM615142,2,0,0.11172972457538323
GSE25055,9,score,GSM615143,3,1,0.2376094751924077
GSE25055,9,score,GSM615144,4,0,0.09743884278826243
GSE25055,9,score,GSM615145,3,0,0.652564803710424
GSE25055,9,score,GSM615146,0,1,0.21278189015447752
GSE25055,9,score,GSM615147,3,0,0.10007576517983334
GSE25055,9,score,GSM615148,2,0,0.23379402815766137
GSE25055,9,score,GSM615149,3,0,0.15589523007953643
GSE25055,9,score,GSM615150,3,0,0.04845725991312676
GSE25055,9,score,GSM615151,3,0,0.26455849893527994
GSE25055,9,score,GSM615153,1,0,0.17256046853971507
GSE25055,9,score,GSM615154,0,1,0.14690769878013185
GSE25055,9,score,GSM615155,2,0,0.2795683356740865
GSE25055,9,score,GSM615156,4,0,0.14455917199102658
GSE25055,9,score,GSM615157,2,0,0.06510474963931527
GSE25055,9,score,GSM615158,2,0,0.10133914539103082
GSE25055,9,score,GSM615159,0,0,0.06200547189276571
GSE25055,9,score,GSM615160,0,0,0.1927570988859742
GSE25055,9,score,GSM615162,4,0,0.04134278361540927
GSE25055,9,score,GSM615164,0,1,0.4868472771686704
GSE25055,9,score,GSM615165,1,0,0.08686554086928291
GSE25055,9,score,GSM615166,2,0,0.1973740253724301
GSE25055,9,score,GSM615167,0,1,0.061708676869249066
GSE25055,9,score,GSM615168,3,0,0.05720710787522645
GSE25055,9,score,GSM615169,1,0,0.2630829295927634
GSE25055,9,score,GSM615170,0,0,0.05625101509966527
GSE25055,9,score,GSM615171,1,1,0.14515752610152968
GSE25055,9,score,GSM615172,0,0,0.06806516772920118
GSE25055,9,score,GSM615173,1,0,0.06901344084270288
GSE25055,9,score,GSM615174,1,0,0.1731023534132229
GSE25055,9,score,GSM615175,4,1,0.3514707536818241
GSE25055,9,score,GSM615176,3,0,0.0652073814724885
GSE25055,9,score,GSM615177,1,0,0.1349744353891496
GSE25055,9,score,GSM615178,4,0,0.19737776090387163
GSE25055,9,score,GSM615179,1,0,0.12591430009913304
GSE25055,9,score,GSM615180,2,0,0.1635406272375481
GSE25055,9,score,GSM615181,3,1,0.25049782048998803
GSE25055,9,score,GSM615182,2,0,0.2950172792234046
GSE25055,9,score,GSM615183,3,0,0.05114811129272651
GSE25055,9,score,GSM615184,4,0,0.5485484669235146
GSE25055,9,score,GSM615185,2,0,0.16785272237891327
GSE25055,9,score,GSM615186,0,1,0.06224412685083739
GSE25055,9,score,GSM615187,0,0,0.1701528360688516
GSE25055,9,score,GSM615188,4,0,0.1775587845682597
GSE25055,9,score,GSM615189,3,0,0.20400615219408247
GSE25055,9,score,GSM615190,3,0,0.2665197571878209
GSE25055,9,score,GSM615191,2,1,0.495801350847996
GSE25055,9,score,GSM615192,1,0,0.08082263623906279
GSE25055,9,score,GSM615193,2,1,0.22213069804481808
GSE25055,9,score,GSM615194,2,1,0.41747068855612185
GSE25055,9,score,GSM615195,0,0,0.48523307841146124
GSE25055,9,score,GSM615196,1,0,0.29566106389504787
GSE25055,9,score,GSM615197,1,0,0.39984709573609545
GSE25055,9,score,GSM615198,2,0,0.07781156235919272
GSE25055,9,score,GSM615199,3,0,0.12871903593944353
GSE25055,9,score,GSM615200,4,0,0.37167998181812456
GSE25055,9,score,GSM615201,2,1,0.2729321272903977
GSE25055,9,score,GSM615202,2,1,0.4315614880406634
GSE25055,9,score,GSM615203,1,0,0.030781078568913645
GSE25055,9,score,GSM615204,4,0,0.046007132813196454
GSE25055,9,score,GSM615205,4,0,0.09389808762715442
GSE25055,9,score,GSM615206,4,0,0.056523275044382766
GSE25055,9,score,GSM615207,1,0,0.05278102329378701
GSE25055,9,score,GSM615208,0,0,0.062447647295234075
GSE25055,9,score,GSM615209,1,1,0.442697245747796
GSE25055,9,score,GSM615210,0,0,0.033566187172717595
GSE25055,9,score,GSM615211,4,1,0.5261512190026392
GSE25055,9,score,GSM615212,4,1,0.0710970843359932
GSE25055,9,score,GSM615213,0,1,0.2847674577604506
GSE25055,9,score,GSM615214,1,0,0.0302163284791694
GSE25055,9,score,GSM615215,0,1,0.1689302027796099
GSE25055,9,score,GSM615216,0,0,0.17854030019731063
GSE25055,9,score,GSM615217,4,0,0.09759234888908482
GSE25055,9,score,GSM615218,1,0,0.18803209280666636
GSE25055,9,score,GSM615219,2,0,0.14848169101044653
GSE25055,9,score,GSM615220,4,0,0.01542731078460924
GSE25055,9,score,GSM615221,0,0,0.10991470827307798
GSE25055,9,score,GSM615222,2,0,0.05566910527372953
GSE25055,9,score,GSM615223,3,0,0.07650409829699402
GSE25055,9,score,GSM615224,0,0,0.01675970359319826
GSE25055,9,score,GSM615225,3,0,0.19976211776287528
GSE25055,9,score,GSM615226,0,0,0.028923273550051757
GSE25055,9,score,GSM615227,2,0,0.18412168862911846
GSE25055,9,score,GSM615228,4,0,0.11965883643557261
GSE25055,9,score,GSM615229,3,0,0.026230252399868224
GSE25055,9,score,GSM615230,3,0,0.03696852256820586
GSE25055,9,score,GSM615231,2,0,0.06048327172543994
GSE25055,9,score,GSM615232,4,0,0.033290222521008724
GSE25055,9,score,GSM615233,2,0,0.04316929941500543
GSE25055,9,score,GSM615234,4,0,0.06464505863644984
GSE25055,9,score,GSM615235,1,0,0.3865940505197902
GSE25055,9,score,GSM615236,4,0,0.1353784038922471
GSE25055,9,score,GSM615237,2,0,0.0667638666680487
GSE25055,9,score,GSM615238,2,0,0.044045991953178154
GSE25055,9,score,GSM615239,4,0,0.152042613499011
GSE25055,9,score,GSM615240,3,1,0.0487350679767245
GSE25055,9,score,GSM615241,2,0,0.13373688207232529
GSE25055,9,score,GSM615242,4,1,0.32935563371777643
GSE25055,9,score,GSM615243,1,0,0.04985631703655032
GSE25055,9,score,GSM615244,3,0,0.06606329818659673
GSE25055,9,score,GSM615245,1,0,0.25528408190980667
GSE25055,9,score,GSM615246,3,0,0.15503916700094308
GSE25055,9,score,GSM615247,2,0,0.1439763266364478
GSE25055,9,score,GSM615248,3,0,0.4509291911310679
GSE25055,9,score,GSM615249,1,0,0.08905826514202368
GSE25055,9,score,GSM615250,4,0,0.43033801067109856
GSE25055,9,score,GSM615251,3,0,0.2985444677437625
GSE25055,9,score,GSM615252,1,0,0.041953907460353546
GSE25055,9,score,GSM615253,0,0,0.11190229383512164
GSE25055,9,score,GSM615254,0,0,0.06081868109152261
GSE25055,9,score,GSM615255,1,0,0.17292526362822555
GSE25055,9,score,GSM615256,1,1,0.24282115470545884
GSE25055,9,score,GSM615257,0,0,0.019022275630494558
GSE25055,9,score,GSM615258,4,0,0.1620920367226812
GSE25055,9,score,GSM615259,1,0,0.05421352423401265
GSE25055,9,score,GSM615260,1,0,0.43603044940848584
GSE25055,9,score,GSM615261,4,0,0.16797583906512803
GSE25055,9,score,GSM615262,1,0,0.04308597872127399
GSE25055,9,score,GSM615263,2,1,0.3033696854924351
GSE25055,9,score,GSM615264,0,1,0.0891602178182434
GSE25055,9,score,GSM615265,0,0,0.085055087898046
GSE25055,9,score,GSM615266,2,0,0.2005233811086072
GSE25055,9,score,GSM615267,2,0,0.11478802840923559
GSE25055,9,score,GSM615268,2,0,0.12297908773266948
GSE25055,9,score,GSM615269,3,0,0.07352343382897579
GSE25055,9,score,GSM615270,4,1,0.4613504305062863
GSE25055,9,score,GSM615271,3,0,0.32322844169190795
GSE25055,9,score,GSM615272,3,0,0.06929896814116278
GSE25055,9,score,GSM615273,3,0,0.186074874642191
GSE25055,9,score,GSM615274,1,0,0.4099259118861615
GSE25055,9,score,GSM615275,4,0,0.42669913811583376
GSE25055,9,score,GSM615276,4,0,0.1595069084704405
GSE25055,9,score,GSM615277,1,0,0.12317771761239185
GSE25055,9,score,GSM615278,4,0,0.11520201998765676
GSE25055,9,score,GSM615279,2,0,0.10265795877481163
GSE25055,9,score,GSM615280,3,1,0.3060413390831745
GSE25055,9,score,GSM615281,0,0,0.1107816740243055
GSE25055,9,score,GSM615282,4,0,0.13383018768846452
GSE25055,9,score,GSM615283,0,0,0.1617815573011447
GSE25055,9,score,GSM615284,4,1,0.328618198982534
GSE25055,9,score,GSM615285,2,0,0.0703993779899285
GSE25055,9,score,GSM615286,4,0,0.38234063274368946
GSE25055,9,score,GSM615287,2,0,0.18093036633468798
GSE25055,9,score,GSM615288,4,0,0.34579377300599295
GSE25055,9,score,GSM615289,1,0,0.3520958922152354
GSE25055,9,score,GSM615290,1,0,0.44453267035432165
GSE25055,9,score,GSM615291,4,1,0.23101516131309732
GSE25055,9,score,GSM615292,4,0,0.1072970706003096
GSE25055,9,score,GSM615293,3,1,0.598914792148589
GSE25055,9,score,GSM615294,2,0,0.21908072879734014
GSE25055,9,score,GSM615295,2,0,0.09722879065621613
GSE25055,9,score,GSM615296,3,0,0.13087194611972053
GSE25055,9,score,GSM615297,0,0,0.4460250521091991
GSE25055,9,score,GSM615298,3,0,0.0989534666526108
GSE25055,9,score,GSM615299,2,0,0.057554655554797704
GSE25055,9,score,GSM615300,1,1,0.1513376359806631
GSE25055,9,score,GSM615301,0,0,0.2205099746267152
GSE25055,9,score,GSM615302,3,0,0.13078757614000386
GSE25055,9,score,GSM615303,1,0,0.2515066860970949
GSE25055,9,score,GSM615304,4,0,0.04681671080110002
GSE25055,9,score,GSM615305,4,0,0.07774369386441597
GSE25055,9,score,GSM615306,3,0,0.06740338394732498
GSE25055,9,score,GSM615307,0,1,0.6565827144140969
GSE25055,9,score,GSM615308,3,0,0.061929605276184456
GSE25055,9,score,GSM615309,0,0,0.08823425964814836
GSE25055,9,score,GSM615310,3,1,0.5950832214425851
GSE25055,9,score,GSM615311,3,0,0.04030830326896246
GSE25055,9,score,GSM615312,0,0,0.172733242345462
GSE25055,9,score,GSM615313,2,0,0.055419270992157675
GSE25055,9,score,GSM615314,1,0,0.05552601927629544
GSE25055,9,score,GSM615315,1,0,0.40684644569657374
GSE25055,9,score,GSM615316,3,0,0.026537688400838835
GSE25055,9,score,GSM615317,4,0,0.3205158029230602
GSE25055,9,score,GSM615318,0,0,0.05007292840706904
GSE25055,9,score,GSM615319,2,0,0.14445612105864658
GSE25055,9,score,GSM615320,4,0,0.49155455231228984
GSE25055,9,score,GSM615321,4,0,0.2683336066756933
GSE25055,9,score,GSM615322,3,0,0.39779886399304876
GSE25055,9,score,GSM615323,0,0,0.04839665625748008
GSE25055,9,score,GSM615324,0,1,0.6139911686496934
GSE25055,9,score,GSM615325,2,1,0.388300867245184
GSE25055,9,score,GSM615326,4,0,0.5729366652981518
GSE25055,9,score,GSM615327,0,0,0.2674423208721084
GSE25055,9,score,GSM615328,0,0,0.0535830776771113
GSE25055,9,score,GSM615329,1,0,0.05176445372900617
GSE25055,9,score,GSM615330,0,0,0.05023978996736515
GSE25055,9,score,GSM615331,0,1,0.07364542562578172
GSE25055,9,score,GSM615332,1,0,0.20623091509397923
GSE25055,9,score,GSM615333,4,0,0.17568922338050996
GSE25055,9,score,GSM615334,1,1,0.6121564123901009
GSE25055,9,score,GSM615335,0,0,0.24101805207055488
GSE25055,9,score,GSM615336,2,1,0.38082291844714067
GSE25055,9,score,GSM615337,0,0,0.087019486708404
GSE25055,9,score,GSM615338,1,1,0.22968256143855356
GSE25055,9,score,GSM615339,3,0,0.038115038440907384
GSE25055,9,score,GSM615340,3,0,0.07338491850425843
GSE25055,9,score,GSM615341,2,0,0.06666915229450837
GSE25055,9,score,GSM615342,0,0,0.07787618590601814
GSE25055,9,score,GSM615343,3,0,0.18084580668025318
GSE25055,9,score,GSM615344,0,0,0.06735429710518578
GSE25055,9,score,GSM615345,1,0,0.04421076576710536
GSE25055,9,score,GSM615346,1,0,0.34304704862249524
GSE25055,9,score,GSM615347,2,0,0.2874336562458153
GSE25055,9,score,GSM615348,4,0,0.26899116323620825
GSE25055,9,score,GSM615349,2,0,0.09362698914880925
GSE25055,9,score,GSM615350,0,0,0.1318700148018403
GSE25055,9,score,GSM615351,4,0,0.11200831481544767
GSE25055,9,score,GSM615352,0,0,0.024475893994042673
GSE25055,9,score,GSM615353,2,1,0.15478908775926156
GSE25055,9,score,GSM615354,1,1,0.25111602540234795
GSE25055,9,score,GSM615355,0,0,0.16875475283120125
GSE25055,9,score,GSM615356,3,0,0.10914543710645849
GSE25055,9,score,GSM615357,3,1,0.41629924734442747
GSE25055,9,score,GSM615358,0,0,0.0593928048702771
GSE25055,9,score,GSM615359,2,1,0.4311881397529614
GSE25055,9,score,GSM615360,1,0,0.0895938710790418
GSE25055,9,score,GSM615361,1,0,0.1773550331408518
GSE25055,9,score,GSM615362,2,0,0.07326527419583366
GSE25055,9,score,GSM615363,2,0,0.11838437037431407
GSE25055,9,score,GSM615364,0,0,0.32716313900631105
GSE25055,9,score,GSM615365,1,0,0.09769772153372314
GSE25055,9,score,GSM615366,4,0,0.05268425556131676
GSE25055,9,score,GSM615367,0,0,0.10083970854093167
GSE25055,9,score,GSM615368,1,0,0.5078172006671141
GSE25055,9,score,GSM615369,4,0,0.104093570489629
GSE25055,9,score,GSM615370,2,0,0.1486066344941396
GSE25055,9,score,GSM615371,4,1,0.25563866383350453
GSE25055,9,score,GSM615372,0,0,0.2399169531015221
GSE25055,9,score,GSM615373,0,0,0.14746621726881587
GSE25055,9,score,GSM615374,1,0,0.03662351804860485
GSE25055,9,score,GSM615375,1,1,0.7609996768465576
GSE25055,9,score,GSM615376,4,0,0.08846185404325589
GSE25055,9,score,GSM615377,4,0,0.021085758230400636
GSE25055,9,score,GSM615378,1,0,0.2157272355677178
GSE25055,9,score,GSM615379,2,1,0.14448495780776638
GSE25055,9,score,GSM615380,2,0,0.4337079186347141
GSE25055,9,score,GSM615381,3,0,0.024258809978776403
GSE25055,9,score,GSM615382,1,0,0.07747139157163538
GSE25055,9,score,GSM615383,3,1,0.046475042076393434
GSE25055,9,score,GSM615384,1,0,0.13132213187745645
GSE25055,9,score,GSM615385,3,0,0.03832649657150273
GSE25055,9,score,GSM615386,1,0,0.02754189103040345
GSE25055,9,score,GSM615387,3,0,0.11577556133879335
GSE25055,9,score,GSM615388,0,0,0.06221782537079097
GSE25055,9,score,GSM615389,1,0,0.08043545021394188
GSE25055,9,score,GSM615390,4,0,0.3732833424871972
GSE25055,9,score,GSM615391,4,0,0.05696269983184905
GSE25055,9,score,GSM615392,0,0,0.32787036406055264
GSE25055,9,score,GSM615393,3,1,0.12034043785057817
GSE25055,9,score,GSM615394,1,1,0.14850031371591854
GSE25055,9,score,GSM615395,2,0,0.05515329008132032
GSE25055,9,score,GSM615396,4,1,0.2917884803952799
GSE25055,9,score,GSM615397,1,1,0.2997477137937863
GSE25055,9,score,GSM615398,3,0,0.17755046142639325
GSE25055,9,score,GSM615399,3,0,0.0880119474809773
GSE25055,9,score,GSM615400,0,0,0.07260486756770254
GSE25055,9,score,GSM615401,2,0,0.19014436477069974
GSE25055,9,score,GSM615402,1,0,0.10377758698779015
GSE25055,9,score,GSM615403,2,0,0.29320703228449246
GSE25055,9,score,GSM615404,2,0,0.12342243329758638
GSE25055,9,score,GSM615405,4,0,0.5170685789009111
GSE25055,9,combined,GSM615096,2,0,0.06168352228947341
GSE25055,9,combined,GSM615097,0,0,0.03428113575746336
GSE25055,9,combined,GSM615098,4,0,0.4368690683643904
GSE25055,9,combined,GSM615099,1,1,0.558739488519864
GSE25055,9,combined,GSM615100,3,0,0.14200858507995087
GSE25055,9,combined,GSM615101,0,0,0.40813267962365435
GSE25055,9,combined,GSM615102,3,0,0.4428704398611459
GSE25055,9,combined,GSM615104,3,0,0.29082888598341305
GSE25055,9,combined,GSM615106,4,0,0.1845966141751699
GSE25055,9,combined,GSM615107,2,0,0.4021344529555773
GSE25055,9,combined,GSM615108,4,0,0.0938080883080626
GSE25055,9,combined,GSM615109,1,0,0.38355516081335145
GSE25055,9,combined,GSM615111,4,0,0.22697598035132244
GSE25055,9,combined,GSM615112,4,0,0.4159717353470092
GSE25055,9,combined,GSM615113,3,0,0.41970273606148273
GSE25055,9,combined,GSM615114,3,0,0.04127628866072066
GSE25055,9,combined,GSM615115,2,0,0.2996048124498668
GSE25055,9,combined,GSM615116,2,0,0.20981594164639383
GSE25055,9,combined,GSM615117,1,0,0.2919961195063516
GSE25055,9,combined,GSM615120,0,0,0.028144248148319225
GSE25055,9,combined,GSM615121,3,0,0.05523976005592621
GSE25055,9,combined,GSM615122,4,1,0.03569276983339713
GSE25055,9,combined,GSM615123,0,1,0.19714969448045286
GSE25055,9,combined,GSM615124,0,0,0.051674568476913214
GSE25055,9,combined,GSM615125,2,0,0.05097531096459209
GSE25055,9,combined,GSM615126,3,0,0.08644861446266588
GSE25055,9,combined,GSM615127,0,0,0.05076450296163436
GSE25055,9,combined,GSM615128,4,0,0.040080468281472104
GSE25055,9,combined,GSM615129,2,0,0.05512305935064355
GSE25055,9,combined,GSM615130,3,0,0.051639449788177645
GSE25055,9,combined,GSM615131,3,0,0.04812140245545883
GSE25055,9,combined,GSM615132,2,0,0.059085315800893
GSE25055,9,combined,GSM615133,0,0,0.032374576109688406
GSE25055,9,combined,GSM615134,2,0,0.05009107750961973
GSE25055,9,combined,GSM615135,1,0,0.18535889586693421
GSE25055,9,combined,GSM615136,0,0,0.37221607292524866
GSE25055,9,combined,GSM615137,4,1,0.08730296739855009
GSE25055,9,combined,GSM615138,1,0,0.09907199731791616
GSE25055,9,combined,GSM615139,3,1,0.5481599086881245
GSE25055,9,combined,GSM615140,3,1,0.3667435964883676
GSE25055,9,combined,GSM615142,2,0,0.06075876467720422
GSE25055,9,combined,GSM615143,3,1,0.3715290735637454
GSE25055,9,combined,GSM615144,4,0,0.04946436313963156
GSE25055,9,combined,GSM615145,3,0,0.5971844336497895
GSE25055,9,combined,GSM615146,0,1,0.3506289552409826
GSE25055,9,combined,GSM615147,3,0,0.04462193108130597
GSE25055,9,combined,GSM615148,2,0,0.37067822200263034
GSE25055,9,combined,GSM615149,3,0,0.2843516167935624
GSE25055,9,combined,GSM615150,3,0,0.038507531543574704
GSE25055,9,combined,GSM615151,3,0,0.38382222672068766
GSE25055,9,combined,GSM615153,1,0,0.0628052141676714
GSE25055,9,combined,GSM615154,0,1,0.2744767219435129
GSE25055,9,combined,GSM615155,2,0,0.1765961079378732
GSE25055,9,combined,GSM615156,4,0,0.2666803138363006
GSE25055,9,combined,GSM615157,2,0,0.04608677463898303
GSE25055,9,combined,GSM615158,2,0,0.04818059985866842
GSE25055,9,combined,GSM615159,0,0,0.1511528304562614
GSE25055,9,combined,GSM615160,0,0,0.33428234962039505
GSE25055,9,combined,GSM615162,4,0,0.030864587220194754
GSE25055,9,combined,GSM615164,0,1,0.5622374750691393
GSE25055,9,combined,GSM615165,1,0,0.07020126239019153
GSE25055,9,combined,GSM615166,2,0,0.11446800569555202
GSE25055,9,combined,GSM615167,0,1,0.17100146792735185
GSE25055,9,combined,GSM615168,3,0,0.037816595835078265
GSE25055,9,combined,GSM615169,1,0,0.3347537833259182
GSE25055,9,combined,GSM615170,0,0,0.036233258861163596
GSE25055,9,combined,GSM615171,1,1,0.2526020583045283
GSE25055,9,combined,GSM615172,0,0,0.03438904482206912
GSE25055,9,combined,GSM615173,1,0,0.0511910921614957
GSE25055,9,combined,GSM615174,1,0,0.12475385523475312
GSE25055,9,combined,GSM615175,4,1,0.4578044841600728
GSE25055,9,combined,GSM615176,3,0,0.04618822541401564
GSE25055,9,combined,GSM615177,1,0,0.08046318763528547
GSE25055,9,combined,GSM615178,4,0,0.32537917677293754
GSE25055,9,combined,GSM615179,1,0,0.06302136220658298
GSE25055,9,combined,GSM615180,2,0,0.08797191066445054
GSE25055,9,combined,GSM615181,3,1,0.34710582526310946
GSE25055,9,combined,GSM615182,2,0,0.25921096157072915
GSE25055,9,combined,GSM615183,3,0,0.05099099896000857
GSE25055,9,combined,GSM615184,4,0,0.5878173948357343
GSE25055,9,combined,GSM615185,2,0,0.2065778032951728
GSE25055,9,combined,GSM615186,0,1,0.03641153065070179
GSE25055,9,combined,GSM615187,0,0,0.06447145341122497
GSE25055,9,combined,GSM615188,4,0,0.2560560838919424
GSE25055,9,combined,GSM615189,3,0,0.23031526381589817
GSE25055,9,combined,GSM615190,3,0,0.43037514951003497
GSE25055,9,combined,GSM615191,2,1,0.5834882459495052
GSE25055,9,combined,GSM615192,1,0,0.052153387447351644
GSE25055,9,combined,GSM615193,2,1,0.358595924907646
GSE25055,9,combined,GSM615194,2,1,0.4050356920022054
GSE25055,9,combined,GSM615195,0,0,0.6076137891295156
GSE25055,9,combined,GSM615196,1,0,0.11239065186610353
GSE25055,9,combined,GSM615197,1,0,0.2954239836722866
GSE25055,9,combined,GSM615198,2,0,0.04189951235794211
GSE25055,9,combined,GSM615199,3,0,0.0889141748255324
GSE25055,9,combined,GSM615200,4,0,0.17874740839546138
GSE25055,9,combined,GSM615201,2,1,0.1465983840200039
GSE25055,9,combined,GSM615202,2,1,0.5133353477242285
GSE25055,9,combined,GSM615203,1,0,0.012024805634979869
GSE25055,9,combined,GSM615204,4,0,0.03226185473704338
GSE25055,9,combined,GSM615205,4,0,0.04509306983405856
GSE25055,9,combined,GSM615206,4,0,0.03744977229426095
GSE25055,9,combined,GSM615207,1,0,0.05034296562936229
GSE25055,9,combined,GSM615208,0,0,0.02828547577128513
GSE25055,9,combined,GSM615209,1,1,0.40980620728345807
GSE25055,9,combined,GSM615210,0,0,0.016331443236126005
GSE25055,9,combined,GSM615211,4,1,0.6122014213779308
GSE25055,9,combined,GSM615212,4,1,0.15218163460746617
GSE25055,9,combined,GSM615213,0,1,0.36797227352513057
GSE25055,9,combined,GSM615214,1,0,0.022323603570975153
GSE25055,9,combined,GSM615215,0,1,0.2894137145043167
GSE25055,9,combined,GSM615216,0,0,0.07478551779905522
GSE25055,9,combined,GSM615217,4,0,0.054671472051706686
GSE25055,9,combined,GSM615218,1,0,0.21601678092518312
GSE25055,9,combined,GSM615219,2,0,0.09714585348024744
GSE25055,9,combined,GSM615220,4,0,0.0163472100744375
GSE25055,9,combined,GSM615221,0,0,0.06698804917812348
GSE25055,9,combined,GSM615222,2,0,0.03956886173221233
GSE25055,9,combined,GSM615223,3,0,0.14320819368401944
GSE25055,9,combined,GSM615224,0,0,0.013662947009211805
GSE25055,9,combined,GSM615225,3,0,0.24931938358446448
GSE25055,9,combined,GSM615226,0,0,0.018685483356998014
GSE25055,9,combined,GSM615227,2,0,0.08753554771029569
GSE25055,9,combined,GSM615228,4,0,0.07110734634743196
GSE25055,9,combined,GSM615229,3,0,0.08764958353711755
GSE25055,9,combined,GSM615230,3,0,0.03625835921880224
GSE25055,9,combined,GSM615231,2,0,0.041117015948928304
GSE25055,9,combined,GSM615232,4,0,0.022669565141891196
GSE25055,9,combined,GSM615233,2,0,0.020290235013043577
GSE25055,9,combined,GSM615234,4,0,0.04243036196935711
GSE25055,9,combined,GSM615235,1,0,0.12292426306932665
GSE25055,9,combined,GSM615236,4,0,0.058931106518151755
GSE25055,9,combined,GSM615237,2,0,0.04776352333086908
GSE25055,9,combined,GSM615238,2,0,0.0364002540096391
GSE25055,9,combined,GSM615239,4,0,0.08305723515923316
GSE25055,9,combined,GSM615240,3,1,0.13014551822627754
GSE25055,9,combined,GSM615241,2,0,0.055344539419081136
GSE25055,9,combined,GSM615242,4,1,0.43010835806649267
GSE25055,9,combined,GSM615243,1,0,0.04238029237304317
GSE25055,9,combined,GSM615244,3,0,0.14794246401703415
GSE25055,9,combined,GSM615245,1,0,0.20233301208963655
GSE25055,9,combined,GSM615246,3,0,0.1319562569613833
GSE25055,9,combined,GSM615247,2,0,0.09143695091527078
GSE25055,9,combined,GSM615248,3,0,0.22394702892615725
GSE25055,9,combined,GSM615249,1,0,0.033492473012648176
GSE25055,9,combined,GSM615250,4,0,0.4664310641269672
GSE25055,9,combined,GSM615251,3,0,0.4151352158150043
GSE25055,9,combined,GSM615252,1,0,0.02862823284431976
GSE25055,9,combined,GSM615253,0,0,0.06518298270877776
GSE25055,9,combined,GSM615254,0,0,0.036810683209855206
GSE25055,9,combined,GSM615255,1,0,0.31218682772410394
GSE25055,9,combined,GSM615256,1,1,0.12677745745919286
GSE25055,9,combined,GSM615257,0,0,0.013546628478431874
GSE25055,9,combined,GSM615258,4,0,0.08021220935087867
GSE25055,9,combined,GSM615259,1,0,0.02676922289798194
GSE25055,9,combined,GSM615260,1,0,0.19166172662512412
GSE25055,9,combined,GSM615261,4,0,0.08025568727774383
GSE25055,9,combined,GSM615262,1,0,0.04322870301552773
GSE25055,9,combined,GSM615263,2,1,0.32535494278791893
GSE25055,9,combined,GSM615264,0,1,0.1908648236194015
GSE25055,9,combined,GSM615265,0,0,0.1486249699610007
GSE25055,9,combined,GSM615266,2,0,0.08027950969583067
GSE25055,9,combined,GSM615267,2,0,0.07459865645616191
GSE25055,9,combined,GSM615268,2,0,0.0896960136747361
GSE25055,9,combined,GSM615269,3,0,0.05709830880435232
GSE25055,9,combined,GSM615270,4,1,0.5565211052544936
GSE25055,9,combined,GSM615271,3,0,0.1590489018376778
GSE25055,9,combined,GSM615272,3,0,0.0319437510064948
GSE25055,9,combined,GSM615273,3,0,0.09355609918533707
GSE25055,9,combined,GSM615274,1,0,0.12720807790627156
GSE25055,9,combined,GSM615275,4,0,0.4715623084044459
GSE25055,9,combined,GSM615276,4,0,0.2556010076534241
GSE25055,9,combined,GSM615277,1,0,0.0748268063871362
GSE25055,9,combined,GSM615278,4,0,0.06563674199898219
GSE25055,9,combined,GSM615279,2,0,0.0588351220532971
GSE25055,9,combined,GSM615280,3,1,0.16154283238676953
GSE25055,9,combined,GSM615281,0,0,0.0620764234929787
GSE25055,9,combined,GSM615282,4,0,0.06514699385953196
GSE25055,9,combined,GSM615283,0,0,0.06996967565706973
GSE25055,9,combined,GSM615284,4,1,0.4190912910401928
GSE25055,9,combined,GSM615285,2,0,0.05058410145442221
GSE25055,9,combined,GSM615286,4,0,0.16402167444165358
GSE25055,9,combined,GSM615287,2,0,0.27515684066380247
GSE25055,9,combined,GSM615288,4,0,0.464972196217101
GSE25055,9,combined,GSM615289,1,0,0.20343972533339208
GSE25055,9,combined,GSM615290,1,0,0.14778903049318157
GSE25055,9,combined,GSM615291,4,1,0.31135081078941673
GSE25055,9,combined,GSM615292,4,0,0.062000418450610835
GSE25055,9,combined,GSM615293,3,1,0.6985742537188528
GSE25055,9,combined,GSM615294,2,0,0.11436921541400387
GSE25055,9,combined,GSM615295,2,0,0.17819979802898
GSE25055,9,combined,GSM615296,3,0,0.07517883345756429
GSE25055,9,combined,GSM615297,0,0,0.474555200080842
GSE25055,9,combined,GSM615298,3,0,0.07041628549202814
GSE25055,9,combined,GSM615299,2,0,0.04132997996430878
GSE25055,9,combined,GSM615300,1,1,0.17963384316186398
GSE25055,9,combined,GSM615301,0,0,0.28470027097843165
GSE25055,9,combined,GSM615302,3,0,0.061189964852300854
GSE25055,9,combined,GSM615303,1,0,0.19524132204054775
GSE25055,9,combined,GSM615304,4,0,0.02919372825975384
GSE25055,9,combined,GSM615305,4,0,0.052077995956945275
GSE25055,9,combined,GSM615306,3,0,0.03525045227717715
GSE25055,9,combined,GSM615307,0,1,0.7125508761371545
GSE25055,9,combined,GSM615308,3,0,0.03915160196450501
GSE25055,9,combined,GSM615309,0,0,0.051480914640396974
GSE25055,9,combined,GSM615310,3,1,0.20092536590878582
GSE25055,9,combined,GSM615311,3,0,0.043284136673613444
GSE25055,9,combined,GSM615312,0,0,0.2726613131304572
GSE25055,9,combined,GSM615313,2,0,0.0378869103186342
GSE25055,9,combined,GSM615314,1,0,0.020248991809836494
GSE25055,9,combined,GSM615315,1,0,0.583697458246191
GSE25055,9,combined,GSM615316,3,0,0.01474977023491931
GSE25055,9,combined,GSM615317,4,0,0.4200121188254353
GSE25055,9,combined,GSM615318,0,0,0.03277116027195703
GSE25055,9,combined,GSM615319,2,0,0.19358776976625292
GSE25055,9,combined,GSM615320,4,0,0.5739469244373737
GSE25055,9,combined,GSM615321,4,0,0.36674224531197647
GSE25055,9,combined,GSM615322,3,0,0.4413339955145528
GSE25055,9,combined,GSM615323,0,0,0.1505333303184581
GSE25055,9,combined,GSM615324,0,1,0.6283494770736143
GSE25055,9,combined,GSM615325,2,1,0.4771521761508172
GSE25055,9,combined,GSM615326,4,0,0.27156988965794115
GSE25055,9,combined,GSM615327,0,0,0.3143973779726896
GSE25055,9,combined,GSM615328,0,0,0.03544672222855113
GSE25055,9,combined,GSM615329,1,0,0.05123384242607815
GSE25055,9,combined,GSM615330,0,0,0.10111935990168101
GSE25055,9,combined,GSM615331,0,1,0.03588468166126584
GSE25055,9,combined,GSM615332,1,0,0.06942088848319987
GSE25055,9,combined,GSM615333,4,0,0.281292980191776
GSE25055,9,combined,GSM615334,1,1,0.4951852994367709
GSE25055,9,combined,GSM615335,0,0,0.337115849232514
GSE25055,9,combined,GSM615336,2,1,0.4405343403170234
GSE25055,9,combined,GSM615337,0,0,0.05024081190566978
GSE25055,9,combined,GSM615338,1,1,0.24353737561758268
GSE25055,9,combined,GSM615339,3,0,0.023578727612622266
GSE25055,9,combined,GSM615340,3,0,0.0451973773599852
GSE25055,9,combined,GSM615341,2,0,0.04584786585663597
GSE25055,9,combined,GSM615342,0,0,0.1790916559822172
GSE25055,9,combined,GSM615343,3,0,0.1353749670091477
GSE25055,9,combined,GSM615344,0,0,0.13518037619449177
GSE25055,9,combined,GSM615345,1,0,0.05909245561763815
GSE25055,9,combined,GSM615346,1,0,0.44887921105334655
GSE25055,9,combined,GSM615347,2,0,0.2664585640565388
GSE25055,9,combined,GSM615348,4,0,0.41027700971454095
GSE25055,9,combined,GSM615349,2,0,0.055042324505456375
GSE25055,9,combined,GSM615350,0,0,0.20921149419702811
GSE25055,9,combined,GSM615351,4,0,0.06044335590987339
GSE25055,9,combined,GSM615352,0,0,0.01331479927319143
GSE25055,9,combined,GSM615353,2,1,0.08604009336678961
GSE25055,9,combined,GSM615354,1,1,0.337872827139555
GSE25055,9,combined,GSM615355,0,0,0.08286735549874776
GSE25055,9,combined,GSM615356,3,0,0.2356988541552875
GSE25055,9,combined,GSM615357,3,1,0.44833262364357473
GSE25055,9,combined,GSM615358,0,0,0.027236999805876117
GSE25055,9,combined,GSM615359,2,1,0.4660008101948228
GSE25055,9,combined,GSM615360,1,0,0.05298567163397426
GSE25055,9,combined,GSM615361,1,0,0.0649012308259469
GSE25055,9,combined,GSM615362,2,0,0.04436097732266041
GSE25055,9,combined,GSM615363,2,0,0.2650538491657892
GSE25055,9,combined,GSM615364,0,0,0.47067961378880097
GSE25055,9,combined,GSM615365,1,0,0.041078295452580633
GSE25055,9,combined,GSM615366,4,0,0.03582676274490056
GSE25055,9,combined,GSM615367,0,0,0.053912416909265355
GSE25055,9,combined,GSM615368,1,0,0.6855912392368858
GSE25055,9,combined,GSM615369,4,0,0.19448189189819906
GSE25055,9,combined,GSM615370,2,0,0.10094455704843348
GSE25055,9,combined,GSM615371,4,1,0.3149553189500056
GSE25055,9,combined,GSM615372,0,0,0.3763865186506675
GSE25055,9,combined,GSM615373,0,0,0.0775159967593614
GSE25055,9,combined,GSM615374,1,0,0.024171831672573394
GSE25055,9,combined,GSM615375,1,1,0.5082048821417714
GSE25055,9,combined,GSM615376,4,0,0.17238640952273088
GSE25055,9,combined,GSM615377,4,0,0.01718332094776881
GSE25055,9,combined,GSM615378,1,0,0.3425446479629578
GSE25055,9,combined,GSM615379,2,1,0.1969041030267713
GSE25055,9,combined,GSM615380,2,0,0.5253024610294208
GSE25055,9,combined,GSM615381,3,0,0.015631474254561385
GSE25055,9,combined,GSM615382,1,0,0.10421581105328509
GSE25055,9,combined,GSM615383,3,1,0.032000918838064815
GSE25055,9,combined,GSM615384,1,0,0.16210058247984832
GSE25055,9,combined,GSM615385,3,0,0.14144111740208404
GSE25055,9,combined,GSM615386,1,0,0.024560364340465015
GSE25055,9,combined,GSM615387,3,0,0.2673355556732888
GSE25055,9,combined,GSM615388,0,0,0.0424887203819898
GSE25055,9,combined,GSM615389,1,0,0.04872299587480214
GSE25055,9,combined,GSM615390,4,0,0.46641419372044646
GSE25055,9,combined,GSM615391,4,0,0.033655063042056794
GSE25055,9,combined,GSM615392,0,0,0.3615069104721131
GSE25055,9,combined,GSM615393,3,1,0.24966390802797092
GSE25055,9,combined,GSM615394,1,1,0.15383162532882275
GSE25055,9,combined,GSM615395,2,0,0.02843507248769948
GSE25055,9,combined,GSM615396,4,1,0.4338538622519668
GSE25055,9,combined,GSM615397,1,1,0.2968717903201243
GSE25055,9,combined,GSM615398,3,0,0.08826946373674782
GSE25055,9,combined,GSM615399,3,0,0.05027137327686417
GSE25055,9,combined,GSM615400,0,0,0.029953054414863206
GSE25055,9,combined,GSM615401,2,0,0.062113724345644
GSE25055,9,combined,GSM615402,1,0,0.07188297150424498
GSE25055,9,combined,GSM615403,2,0,0.3699396351418173
GSE25055,9,combined,GSM615404,2,0,0.05007454893913352
GSE25055,9,combined,GSM615405,4,0,0.5459174747782152
GSE32646,0,intercept,GSM809184,2,0,0.2391304347826087
GSE32646,0,intercept,GSM809185,2,1,0.2391304347826087
GSE32646,0,intercept,GSM809186,4,0,0.22826086956521738
GSE32646,0,intercept,GSM809187,0,0,0.2391304347826087
GSE32646,0,intercept,GSM809188,3,0,0.22826086956521738
GSE32646,0,intercept,GSM809189,4,0,0.22826086956521738
GSE32646,0,intercept,GSM809190,0,0,0.2391304347826087
GSE32646,0,intercept,GSM809191,3,0,0.22826086956521738
GSE32646,0,intercept,GSM809192,0,1,0.2391304347826087
GSE32646,0,intercept,GSM809193,4,0,0.22826086956521738
GSE32646,0,intercept,GSM809194,4,1,0.22826086956521738
GSE32646,0,intercept,GSM809195,3,0,0.22826086956521738
GSE32646,0,intercept,GSM809196,1,0,0.2391304347826087
GSE32646,0,intercept,GSM809197,4,0,0.22826086956521738
GSE32646,0,intercept,GSM809198,2,0,0.2391304347826087
GSE32646,0,intercept,GSM809199,1,0,0.2391304347826087
GSE32646,0,intercept,GSM809200,1,0,0.2391304347826087
GSE32646,0,intercept,GSM809201,0,0,0.2391304347826087
GSE32646,0,intercept,GSM809202,0,1,0.2391304347826087
GSE32646,0,intercept,GSM809203,2,1,0.2391304347826087
GSE32646,0,intercept,GSM809204,2,0,0.2391304347826087
GSE32646,0,intercept,GSM809205,0,0,0.2391304347826087
GSE32646,0,intercept,GSM809206,4,0,0.22826086956521738
GSE32646,0,intercept,GSM809207,1,0,0.2391304347826087
GSE32646,0,intercept,GSM809208,4,0,0.22826086956521738
GSE32646,0,intercept,GSM809209,4,0,0.22826086956521738
GSE32646,0,intercept,GSM809210,2,0,0.2391304347826087
GSE32646,0,intercept,GSM809211,2,0,0.2391304347826087
GSE32646,0,intercept,GSM809212,0,0,0.2391304347826087
GSE32646,0,intercept,GSM809213,1,1,0.2391304347826087
GSE32646,0,intercept,GSM809214,4,0,0.22826086956521738
GSE32646,0,intercept,GSM809215,2,0,0.2391304347826087
GSE32646,0,intercept,GSM809216,0,0,0.2391304347826087
GSE32646,0,intercept,GSM809217,4,0,0.22826086956521738
GSE32646,0,intercept,GSM809218,3,0,0.22826086956521738
GSE32646,0,intercept,GSM809219,2,0,0.2391304347826087
GSE32646,0,intercept,GSM809220,1,0,0.2391304347826087
GSE32646,0,intercept,GSM809221,1,0,0.2391304347826087
GSE32646,0,intercept,GSM809222,2,0,0.2391304347826087
GSE32646,0,intercept,GSM809223,0,0,0.2391304347826087
GSE32646,0,intercept,GSM809224,0,0,0.2391304347826087
GSE32646,0,intercept,GSM809225,4,1,0.22826086956521738
GSE32646,0,intercept,GSM809226,3,1,0.22826086956521738
GSE32646,0,intercept,GSM809227,0,0,0.2391304347826087
GSE32646,0,intercept,GSM809228,0,0,0.2391304347826087
GSE32646,0,intercept,GSM809229,0,1,0.2391304347826087
GSE32646,0,intercept,GSM809230,4,0,0.22826086956521738
GSE32646,0,intercept,GSM809231,1,1,0.2391304347826087
GSE32646,0,intercept,GSM809232,3,1,0.22826086956521738
GSE32646,0,intercept,GSM809233,1,0,0.2391304347826087
GSE32646,0,intercept,GSM809234,0,0,0.2391304347826087
GSE32646,0,intercept,GSM809235,2,0,0.2391304347826087
GSE32646,0,intercept,GSM809236,2,1,0.2391304347826087
GSE32646,0,intercept,GSM809237,2,1,0.2391304347826087
GSE32646,0,intercept,GSM809238,3,1,0.22826086956521738
GSE32646,0,intercept,GSM809239,2,0,0.2391304347826087
GSE32646,0,intercept,GSM809240,3,0,0.22826086956521738
GSE32646,0,intercept,GSM809241,3,0,0.22826086956521738
GSE32646,0,intercept,GSM809242,3,0,0.22826086956521738
GSE32646,0,intercept,GSM809243,2,0,0.2391304347826087
GSE32646,0,intercept,GSM809244,3,0,0.22826086956521738
GSE32646,0,intercept,GSM809245,2,0,0.2391304347826087
GSE32646,0,intercept,GSM809246,3,1,0.22826086956521738
GSE32646,0,intercept,GSM809247,4,0,0.22826086956521738
GSE32646,0,intercept,GSM809248,3,1,0.22826086956521738
GSE32646,0,intercept,GSM809249,1,0,0.2391304347826087
GSE32646,0,intercept,GSM809250,0,0,0.2391304347826087
GSE32646,0,intercept,GSM809251,4,0,0.22826086956521738
GSE32646,0,intercept,GSM809252,4,0,0.22826086956521738
GSE32646,0,intercept,GSM809253,4,1,0.22826086956521738
GSE32646,0,intercept,GSM809254,1,0,0.2391304347826087
GSE32646,0,intercept,GSM809255,4,0,0.22826086956521738
GSE32646,0,intercept,GSM809256,2,1,0.2391304347826087
GSE32646,0,intercept,GSM809257,3,0,0.22826086956521738
GSE32646,0,intercept,GSM809258,1,0,0.2391304347826087
GSE32646,0,intercept,GSM809259,1,0,0.2391304347826087
GSE32646,0,intercept,GSM809260,0,0,0.2391304347826087
GSE32646,0,intercept,GSM809261,3,0,0.22826086956521738
GSE32646,0,intercept,GSM809262,1,0,0.2391304347826087
GSE32646,0,intercept,GSM809263,4,0,0.22826086956521738
GSE32646,0,intercept,GSM809264,3,0,0.22826086956521738
GSE32646,0,intercept,GSM809265,3,0,0.22826086956521738
GSE32646,0,intercept,GSM809266,0,1,0.2391304347826087
GSE32646,0,intercept,GSM809267,0,0,0.2391304347826087
GSE32646,0,intercept,GSM809268,1,0,0.2391304347826087
GSE32646,0,intercept,GSM809269,1,0,0.2391304347826087
GSE32646,0,intercept,GSM809270,3,0,0.22826086956521738
GSE32646,0,intercept,GSM809271,1,1,0.2391304347826087
GSE32646,0,intercept,GSM809272,4,1,0.22826086956521738
GSE32646,0,intercept,GSM809273,0,0,0.2391304347826087
GSE32646,0,intercept,GSM809274,3,1,0.22826086956521738
GSE32646,0,intercept,GSM809275,3,0,0.22826086956521738
GSE32646,0,intercept,GSM809276,1,0,0.2391304347826087
GSE32646,0,intercept,GSM809277,4,0,0.22826086956521738
GSE32646,0,intercept,GSM809278,2,0,0.2391304347826087
GSE32646,0,intercept,GSM809279,0,0,0.2391304347826087
GSE32646,0,intercept,GSM809280,0,1,0.2391304347826087
GSE32646,0,intercept,GSM809281,2,0,0.2391304347826087
GSE32646,0,intercept,GSM809282,3,0,0.22826086956521738
GSE32646,0,intercept,GSM809283,3,0,0.22826086956521738
GSE32646,0,intercept,GSM809284,4,0,0.22826086956521738
GSE32646,0,intercept,GSM809285,1,0,0.2391304347826087
GSE32646,0,intercept,GSM809286,1,0,0.2391304347826087
GSE32646,0,intercept,GSM809287,0,0,0.2391304347826087
GSE32646,0,intercept,GSM809288,2,0,0.2391304347826087
GSE32646,0,intercept,GSM809289,1,1,0.2391304347826087
GSE32646,0,intercept,GSM809290,1,0,0.2391304347826087
GSE32646,0,intercept,GSM809291,3,0,0.22826086956521738
GSE32646,0,intercept,GSM809292,2,0,0.2391304347826087
GSE32646,0,intercept,GSM809293,2,0,0.2391304347826087
GSE32646,0,intercept,GSM809294,1,1,0.2391304347826087
GSE32646,0,intercept,GSM809295,4,1,0.22826086956521738
GSE32646,0,intercept,GSM809296,0,0,0.2391304347826087
GSE32646,0,intercept,GSM809297,2,0,0.2391304347826087
GSE32646,0,intercept,GSM809298,4,1,0.22826086956521738
GSE32646,0,clinical,GSM809184,2,0,0.12319829793892127
GSE32646,0,clinical,GSM809185,2,1,0.42981987979291775
GSE32646,0,clinical,GSM809186,4,0,0.5280722848930994
GSE32646,0,clinical,GSM809187,0,0,0.12313491527911338
GSE32646,0,clinical,GSM809188,3,0,0.1146896816075215
GSE32646,0,clinical,GSM809189,4,0,0.09867093029867957
GSE32646,0,clinical,GSM809190,0,0,0.1129920577955677
GSE32646,0,clinical,GSM809191,3,0,0.1421353570991433
GSE32646,0,clinical,GSM809192,0,1,0.12182551339518964
GSE32646,0,clinical,GSM809193,4,0,0.08490070559439672
GSE32646,0,clinical,GSM809194,4,1,0.07574239566425708
GSE32646,0,clinical,GSM809195,3,0,0.17485171385241643
GSE32646,0,clinical,GSM809196,1,0,0.059520053562988146
GSE32646,0,clinical,GSM809197,4,0,0.08383550282732247
GSE32646,0,clinical,GSM809198,2,0,0.14207827842414764
GSE32646,0,clinical,GSM809199,1,0,0.08710286083284677
GSE32646,0,clinical,GSM809200,1,0,0.38349926311574084
GSE32646,0,clinical,GSM809201,0,0,0.11057291362846085
GSE32646,0,clinical,GSM809202,0,1,0.4578736168545011
GSE32646,0,clinical,GSM809203,2,1,0.39793737789183675
GSE32646,0,clinical,GSM809204,2,0,0.24283281647044916
GSE32646,0,clinical,GSM809205,0,0,0.10358598895524147
GSE32646,0,clinical,GSM809206,4,0,0.07478270712833675
GSE32646,0,clinical,GSM809207,1,0,0.1257588652132084
GSE32646,0,clinical,GSM809208,4,0,0.4695356140443257
GSE32646,0,clinical,GSM809209,4,0,0.44558316259969494
GSE32646,0,clinical,GSM809210,2,0,0.13425202020595473
GSE32646,0,clinical,GSM809211,2,0,0.5033113479987591
GSE32646,0,clinical,GSM809212,0,0,0.09383808837667688
GSE32646,0,clinical,GSM809213,1,1,0.08710286083284677
GSE32646,0,clinical,GSM809214,4,0,0.44217930863411087
GSE32646,0,clinical,GSM809215,2,0,0.08395396401276704
GSE32646,0,clinical,GSM809216,0,0,0.12313491527911338
GSE32646,0,clinical,GSM809217,4,0,0.09745135851491639
GSE32646,0,clinical,GSM809218,3,0,0.12328380467338046
GSE32646,0,clinical,GSM809219,2,0,0.18208228485572142
GSE32646,0,clinical,GSM809220,1,0,0.46035363348063824
GSE32646,0,clinical,GSM809221,1,0,0.38349926311574084
GSE32646,0,clinical,GSM809222,2,0,0.2482699118304545
GSE32646,0,clinical,GSM809223,0,0,0.11796908987627802
GSE32646,0,clinical,GSM809224,0,0,0.45183186495110667
GSE32646,0,clinical,GSM809225,4,1,0.5074175265951547
GSE32646,0,clinical,GSM809226,3,1,0.40113796986895894
GSE32646,0,clinical,GSM809227,0,0,0.41003184593930164
GSE32646,0,clinical,GSM809228,0,0,0.127135869124942
GSE32646,0,clinical,GSM809229,0,1,0.11924267045728092
GSE32646,0,clinical,GSM809230,4,0,0.44217930863411087
GSE32646,0,clinical,GSM809231,1,1,0.24855623014549183
GSE32646,0,clinical,GSM809232,3,1,0.44110022857956577
GSE32646,0,clinical,GSM809233,1,0,0.0896469584251077
GSE32646,0,clinical,GSM809234,0,0,0.12445639629695525
GSE32646,0,clinical,GSM809235,2,0,0.16785396641277822
GSE32646,0,clinical,GSM809236,2,1,0.3592967540876581
GSE32646,0,clinical,GSM809237,2,1,0.48687931709865606
GSE32646,0,clinical,GSM809238,3,1,0.3624482883963393
GSE32646,0,clinical,GSM809239,2,0,0.52793491450452
GSE32646,0,clinical,GSM809240,3,0,0.12931619521772478
GSE32646,0,clinical,GSM809241,3,0,0.08324122397156683
GSE32646,0,clinical,GSM809242,3,0,0.17485171385241643
GSE32646,0,clinical,GSM809243,2,0,0.09463444383921565
GSE32646,0,clinical,GSM809244,3,0,0.11194299892541605
GSE32646,0,clinical,GSM809245,2,0,0.3369248802914478
GSE32646,0,clinical,GSM809246,3,1,0.3254622083116192
GSE32646,0,clinical,GSM809247,4,0,0.4832932314562246
GSE32646,0,clinical,GSM809248,3,1,0.2475889592030396
GSE32646,0,clinical,GSM809249,1,0,0.10939933806427259
GSE32646,0,clinical,GSM809250,0,0,0.09914755891144326
GSE32646,0,clinical,GSM809251,4,0,0.5074175265951547
GSE32646,0,clinical,GSM809252,4,0,0.08278245558558302
GSE32646,0,clinical,GSM809253,4,1,0.09505249882363256
GSE32646,0,clinical,GSM809254,1,0,0.0896469584251077
GSE32646,0,clinical,GSM809255,4,0,0.5108636552719523
GSE32646,0,clinical,GSM809256,2,1,0.3822976575827181
GSE32646,0,clinical,GSM809257,3,0,0.13883445937672476
GSE32646,0,clinical,GSM809258,1,0,0.1257588652132084
GSE32646,0,clinical,GSM809259,1,0,0.09225785434225091
GSE32646,0,clinical,GSM809260,0,0,0.1129920577955677
GSE32646,0,clinical,GSM809261,3,0,0.22730893027113577
GSE32646,0,clinical,GSM809262,1,0,0.09225785434225091
GSE32646,0,clinical,GSM809263,4,0,0.08928524734438156
GSE32646,0,clinical,GSM809264,3,0,0.36878898030183743
GSE32646,0,clinical,GSM809265,3,0,0.1596309308899791
GSE32646,0,clinical,GSM809266,0,1,0.4730284511259436
GSE32646,0,clinical,GSM809267,0,0,0.41593877091631737
GSE32646,0,clinical,GSM809268,1,0,0.14031588187617164
GSE32646,0,clinical,GSM809269,1,0,0.0775682943062623
GSE32646,0,clinical,GSM809270,3,0,0.20867658360191818
GSE32646,0,clinical,GSM809271,1,1,0.13286865400289308
GSE32646,0,clinical,GSM809272,4,1,0.46610261358205735
GSE32646,0,clinical,GSM809273,0,0,0.45183186495110667
GSE32646,0,clinical,GSM809274,3,1,0.3437183509223429
GSE32646,0,clinical,GSM809275,3,0,0.24203489987142815
GSE32646,0,clinical,GSM809276,1,0,0.43692287757795795
GSE32646,0,clinical,GSM809277,4,0,0.42188082586978964
GSE32646,0,clinical,GSM809278,2,0,0.48687931709865606
GSE32646,0,clinical,GSM809279,0,0,0.1129920577955677
GSE32646,0,clinical,GSM809280,0,1,0.44279633800493234
GSE32646,0,clinical,GSM809281,2,0,0.4622953804512198
GSE32646,0,clinical,GSM809282,3,0,0.2631812573614731
GSE32646,0,clinical,GSM809283,3,0,0.1671028366319867
GSE32646,0,clinical,GSM809284,4,0,0.07969516325729441
GSE32646,0,clinical,GSM809285,1,0,0.1604656528563167
GSE32646,0,clinical,GSM809286,1,0,0.09493686059757757
GSE32646,0,clinical,GSM809287,0,0,0.12182551339518964
GSE32646,0,clinical,GSM809288,2,0,0.1196913955547877
GSE32646,0,clinical,GSM809289,1,1,0.09225785434225091
GSE32646,0,clinical,GSM809290,1,0,0.08220982098847161
GSE32646,0,clinical,GSM809291,3,0,0.10662179634532076
GSE32646,0,clinical,GSM809292,2,0,0.12679315149691714
GSE32646,0,clinical,GSM809293,2,0,0.16331268078873398
GSE32646,0,clinical,GSM809294,1,1,0.48396093838396337
GSE32646,0,clinical,GSM809295,4,1,0.5315073286082825
GSE32646,0,clinical,GSM809296,0,0,0.1058704667718029
GSE32646,0,clinical,GSM809297,2,0,0.22455061691367997
GSE32646,0,clinical,GSM809298,4,1,0.10368603408161435
GSE32646,0,score,GSM809184,2,0,0.1949047028956818
GSE32646,0,score,GSM809185,2,1,0.41096774345656445
GSE32646,0,score,GSM809186,4,0,0.19166271162434026
GSE32646,0,score,GSM809187,0,0,0.29055497719710516
GSE32646,0,score,GSM809188,3,0,0.1618825687824754
GSE32646,0,score,GSM809189,4,0,0.05681369295475836
GSE32646,0,score,GSM809190,0,0,0.1886152014347107
GSE32646,0,score,GSM809191,3,0,0.17772953730779933
GSE32646,0,score,GSM809192,0,1,0.4231482778861912
GSE32646,0,score,GSM809193,4,0,0.07785444159727542
GSE32646,0,score,GSM809194,4,1,0.15095950520132884
GSE32646,0,score,GSM809195,3,0,0.09415667889646619
GSE32646,0,score,GSM809196,1,0,0.38508415632829857
GSE32646,0,score,GSM809197,4,0,0.07544850305008305
GSE32646,0,score,GSM809198,2,0,0.3677747532727925
GSE32646,0,score,GSM809199,1,0,0.2928241130265546
GSE32646,0,score,GSM809200,1,0,0.3703331647931975
GSE32646,0,score,GSM809201,0,0,0.08675571197048744
GSE32646,0,score,GSM809202,0,1,0.6404450332025812
GSE32646,0,score,GSM809203,2,1,0.5485380006169133
GSE32646,0,score,GSM809204,2,0,0.37447698958129255
GSE32646,0,score,GSM809205,0,0,0.15605254492192314
GSE32646,0,score,GSM809206,4,0,0.11089765097544214
GSE32646,0,score,GSM809207,1,0,0.1682109346110361
GSE32646,0,score,GSM809208,4,0,0.1311580042283701
GSE32646,0,score,GSM809209,4,0,0.48740499791935543
GSE32646,0,score,GSM809210,2,0,0.10249292044703895
GSE32646,0,score,GSM809211,2,0,0.5053783627239532
GSE32646,0,score,GSM809212,0,0,0.3219913037794887
GSE32646,0,score,GSM809213,1,1,0.18479976750847196
GSE32646,0,score,GSM809214,4,0,0.07575020015378675
GSE32646,0,score,GSM809215,2,0,0.26600072929595736
GSE32646,0,score,GSM809216,0,0,0.13549022112421302
GSE32646,0,score,GSM809217,4,0,0.11239135277682491
GSE32646,0,score,GSM809218,3,0,0.04865965426260735
GSE32646,0,score,GSM809219,2,0,0.19466653745656012
GSE32646,0,score,GSM809220,1,0,0.6274748222876937
GSE32646,0,score,GSM809221,1,0,0.21110563833359186
GSE32646,0,score,GSM809222,2,0,0.24471359893174177
GSE32646,0,score,GSM809223,0,0,0.2820601383825897
GSE32646,0,score,GSM809224,0,0,0.3375783407129448
GSE32646,0,score,GSM809225,4,1,0.17304446504613932
GSE32646,0,score,GSM809226,3,1,0.29225515953558495
GSE32646,0,score,GSM809227,0,0,0.5878275719855744
GSE32646,0,score,GSM809228,0,0,0.2934505731884932
GSE32646,0,score,GSM809229,0,1,0.4343107940545829
GSE32646,0,score,GSM809230,4,0,0.09109623150337678
GSE32646,0,score,GSM809231,1,1,0.5610995317235838
GSE32646,0,score,GSM809232,3,1,0.0933069801730037
GSE32646,0,score,GSM809233,1,0,0.09677882469071647
GSE32646,0,score,GSM809234,0,0,0.07957955678078633
GSE32646,0,score,GSM809235,2,0,0.10289167678972609
GSE32646,0,score,GSM809236,2,1,0.31883479773826656
GSE32646,0,score,GSM809237,2,1,0.553239643072773
GSE32646,0,score,GSM809238,3,1,0.24854336924832146
GSE32646,0,score,GSM809239,2,0,0.3357969143081996
GSE32646,0,score,GSM809240,3,0,0.18918114787260012
GSE32646,0,score,GSM809241,3,0,0.11351200545840767
GSE32646,0,score,GSM809242,3,0,0.07073545290074205
GSE32646,0,score,GSM809243,2,0,0.12238586186001917
GSE32646,0,score,GSM809244,3,0,0.051046413968092445
GSE32646,0,score,GSM809245,2,0,0.3138540659246885
GSE32646,0,score,GSM809246,3,1,0.6100463184122065
GSE32646,0,score,GSM809247,4,0,0.5951599878754916
GSE32646,0,score,GSM809248,3,1,0.09456163050587335
GSE32646,0,score,GSM809249,1,0,0.13675283986116127
GSE32646,0,score,GSM809250,0,0,0.13348835594993588
GSE32646,0,score,GSM809251,4,0,0.06913422271555063
GSE32646,0,score,GSM809252,4,0,0.29192915243763623
GSE32646,0,score,GSM809253,4,1,0.22817533053891131
GSE32646,0,score,GSM809254,1,0,0.08734778662280353
GSE32646,0,score,GSM809255,4,0,0.08949082275269095
GSE32646,0,score,GSM809256,2,1,0.34735482243960175
GSE32646,0,score,GSM809257,3,0,0.18252377517648274
GSE32646,0,score,GSM809258,1,0,0.09162635022226102
GSE32646,0,score,GSM809259,1,0,0.27164902385572126
GSE32646,0,score,GSM809260,0,0,0.08103295367714511
GSE32646,0,score,GSM809261,3,0,0.16947296747391613
GSE32646,0,score,GSM809262,1,0,0.1386038770887442
GSE32646,0,score,GSM809263,4,0,0.08073825717989884
GSE32646,0,score,GSM809264,3,0,0.2019842235550576
GSE32646,0,score,GSM809265,3,0,0.04762130480909617
GSE32646,0,score,GSM809266,0,1,0.12650045521659206
GSE32646,0,score,GSM809267,0,0,0.6782838545508725
GSE32646,0,score,GSM809268,1,0,0.09241368726584186
GSE32646,0,score,GSM809269,1,0,0.45049201158807856
GSE32646,0,score,GSM809270,3,0,0.14025663603351995
GSE32646,0,score,GSM809271,1,1,0.23316517946808304
GSE32646,0,score,GSM809272,4,1,0.6125518251717822
GSE32646,0,score,GSM809273,0,0,0.13965761227165466
GSE32646,0,score,GSM809274,3,1,0.26314373717164946
GSE32646,0,score,GSM809275,3,0,0.04248809830592494
GSE32646,0,score,GSM809276,1,0,0.38252810938059256
GSE32646,0,score,GSM809277,4,0,0.22235542266051025
GSE32646,0,score,GSM809278,2,0,0.43491545411904686
GSE32646,0,score,GSM809279,0,0,0.17166302031374298
GSE32646,0,score,GSM809280,0,1,0.26497349324620645
GSE32646,0,score,GSM809281,2,0,0.11132762753356477
GSE32646,0,score,GSM809282,3,0,0.3220019676836402
GSE32646,0,score,GSM809283,3,0,0.08077281565249093
GSE32646,0,score,GSM809284,4,0,0.16922210932639847
GSE32646,0,score,GSM809285,1,0,0.12443296776767046
GSE32646,0,score,GSM809286,1,0,0.16542872901242098
GSE32646,0,score,GSM809287,0,0,0.1859080938212874
GSE32646,0,score,GSM809288,2,0,0.09422697698634902
GSE32646,0,score,GSM809289,1,1,0.4005477372369114
GSE32646,0,score,GSM809290,1,0,0.10388700065059486
GSE32646,0,score,GSM809291,3,0,0.08298913466582683
GSE32646,0,score,GSM809292,2,0,0.13152674611366064
GSE32646,0,score,GSM809293,2,0,0.0880723971742619
GSE32646,0,score,GSM809294,1,1,0.7035617818503215
GSE32646,0,score,GSM809295,4,1,0.19216398029050713
GSE32646,0,score,GSM809296,0,0,0.08266840874642468
GSE32646,0,score,GSM809297,2,0,0.23785684584069483
GSE32646,0,score,GSM809298,4,1,0.15758039732653553
GSE32646,0,combined,GSM809184,2,0,0.12003924046084169
GSE32646,0,combined,GSM809185,2,1,0.5284524094916302
GSE32646,0,combined,GSM809186,4,0,0.4307528109321094
GSE32646,0,combined,GSM809187,0,0,0.19829285343246825
GSE32646,0,combined,GSM809188,3,0,0.10369580741980433
GSE32646,0,combined,GSM809189,4,0,0.054667445399162407
GSE32646,0,combined,GSM809190,0,0,0.12357586699124797
GSE32646,0,combined,GSM809191,3,0,0.14973480727504365
GSE32646,0,combined,GSM809192,0,1,0.27342624007268074
GSE32646,0,combined,GSM809193,4,0,0.05352621270160966
GSE32646,0,combined,GSM809194,4,1,0.06965829279494604
GSE32646,0,combined,GSM809195,3,0,0.10822528887306505
GSE32646,0,combined,GSM809196,1,0,0.10861147137383771
GSE32646,0,combined,GSM809197,4,0,0.05156279171555077
GSE32646,0,combined,GSM809198,2,0,0.26863171415420584
GSE32646,0,combined,GSM809199,1,0,0.1279211254785427
GSE32646,0,combined,GSM809200,1,0,0.41969751148609985
GSE32646,0,combined,GSM809201,0,0,0.06512268514262105
GSE32646,0,combined,GSM809202,0,1,0.7038107000570437
GSE32646,0,combined,GSM809203,2,1,0.6023468173977693
GSE32646,0,combined,GSM809204,2,0,0.23139556192645516
GSE32646,0,combined,GSM809205,0,0,0.09380603461456156
GSE32646,0,combined,GSM809206,4,0,0.05597331007241777
GSE32646,0,combined,GSM809207,1,0,0.12548964920578473
GSE32646,0,combined,GSM809208,4,0,0.29466268258306966
GSE32646,0,combined,GSM809209,4,0,0.527045525520027
GSE32646,0,combined,GSM809210,2,0,0.0751579039217254
GSE32646,0,combined,GSM809211,2,0,0.7016016207354395
GSE32646,0,combined,GSM809212,0,0,0.15243388068314034
GSE32646,0,combined,GSM809213,1,1,0.08849881614484978
GSE32646,0,combined,GSM809214,4,0,0.1988737588812931
GSE32646,0,combined,GSM809215,2,0,0.09697411214865762
GSE32646,0,combined,GSM809216,0,0,0.1074532362330547
GSE32646,0,combined,GSM809217,4,0,0.081680985068019
GSE32646,0,combined,GSM809218,3,0,0.035616654878629805
GSE32646,0,combined,GSM809219,2,0,0.20466065145900533
GSE32646,0,combined,GSM809220,1,0,0.6807749436466937
GSE32646,0,combined,GSM809221,1,0,0.2966322021701867
GSE32646,0,combined,GSM809222,2,0,0.36419283250229517
GSE32646,0,combined,GSM809223,0,0,0.18288814823286623
GSE32646,0,combined,GSM809224,0,0,0.4733049190013236
GSE32646,0,combined,GSM809225,4,1,0.3851745792033605
GSE32646,0,combined,GSM809226,3,1,0.39114369867810067
GSE32646,0,combined,GSM809227,0,0,0.6044210163473137
GSE32646,0,combined,GSM809228,0,0,0.2083425092599264
GSE32646,0,combined,GSM809229,0,1,0.27338550899008757
GSE32646,0,combined,GSM809230,4,0,0.21897893887093414
GSE32646,0,combined,GSM809231,1,1,0.3743539249410579
GSE32646,0,combined,GSM809232,3,1,0.17704913605622014
GSE32646,0,combined,GSM809233,1,0,0.056823329546343775
GSE32646,0,combined,GSM809234,0,0,0.07271620925385787
GSE32646,0,combined,GSM809235,2,0,0.1050007854777435
GSE32646,0,combined,GSM809236,2,1,0.34468843231884955
GSE32646,0,combined,GSM809237,2,1,0.7173769070795407
GSE32646,0,combined,GSM809238,3,1,0.2972390130840599
GSE32646,0,combined,GSM809239,2,0,0.5935277822658064
GSE32646,0,combined,GSM809240,3,0,0.14127304511775726
GSE32646,0,combined,GSM809241,3,0,0.0475644506592878
GSE32646,0,combined,GSM809242,3,0,0.08307284612674466
GSE32646,0,combined,GSM809243,2,0,0.053092162149949274
GSE32646,0,combined,GSM809244,3,0,0.03257130117931754
GSE32646,0,combined,GSM809245,2,0,0.31028193098805634
GSE32646,0,combined,GSM809246,3,1,0.5957486369215561
GSE32646,0,combined,GSM809247,4,0,0.6409597467599214
GSE32646,0,combined,GSM809248,3,1,0.06653306985150391
GSE32646,0,combined,GSM809249,1,0,0.09203675693287797
GSE32646,0,combined,GSM809250,0,0,0.07772912155734203
GSE32646,0,combined,GSM809251,4,0,0.2508171097266743
GSE32646,0,combined,GSM809252,4,0,0.12444177248670295
GSE32646,0,combined,GSM809253,4,1,0.12514714998550294
GSE32646,0,combined,GSM809254,1,0,0.05281759197303342
GSE32646,0,combined,GSM809255,4,0,0.28784305924775216
GSE32646,0,combined,GSM809256,2,1,0.40267057452648924
GSE32646,0,combined,GSM809257,3,0,0.149163554414309
GSE32646,0,combined,GSM809258,1,0,0.08182078350783072
GSE32646,0,combined,GSM809259,1,0,0.12797871012729245
GSE32646,0,combined,GSM809260,0,0,0.06382802065289798
GSE32646,0,combined,GSM809261,3,0,0.25795408211692555
GSE32646,0,combined,GSM809262,1,0,0.07622749817234299
GSE32646,0,combined,GSM809263,4,0,0.058791818074848734
GSE32646,0,combined,GSM809264,3,0,0.2541585986942141
GSE32646,0,combined,GSM809265,3,0,0.050429683148544575
GSE32646,0,combined,GSM809266,0,1,0.2829903983687154
GSE32646,0,combined,GSM809267,0,0,0.6794626496105414
GSE32646,0,combined,GSM809268,1,0,0.09388157546022494
GSE32646,0,combined,GSM809269,1,0,0.16855343207441706
GSE32646,0,combined,GSM809270,3,0,0.19679761627929218
GSE32646,0,combined,GSM809271,1,1,0.16938856245592285
GSE32646,0,combined,GSM809272,4,1,0.6292793086071692
GSE32646,0,combined,GSM809273,0,0,0.2759933840591418
GSE32646,0,combined,GSM809274,3,1,0.2904134945659937
GSE32646,0,combined,GSM809275,3,0,0.08445199974766951
GSE32646,0,combined,GSM809276,1,0,0.4910123834514013
GSE32646,0,combined,GSM809277,4,0,0.32066065185459836
GSE32646,0,combined,GSM809278,2,0,0.6265329401897479
GSE32646,0,combined,GSM809279,0,0,0.11454981790205307
GSE32646,0,combined,GSM809280,0,1,0.39701476281987114
GSE32646,0,combined,GSM809281,2,0,0.23153483930972324
GSE32646,0,combined,GSM809282,3,0,0.24689490682113138
GSE32646,0,combined,GSM809283,3,0,0.08814262764035795
GSE32646,0,combined,GSM809284,4,0,0.08060163339060203
GSE32646,0,combined,GSM809285,1,0,0.13488550630490784
GSE32646,0,combined,GSM809286,1,0,0.08982044234562342
GSE32646,0,combined,GSM809287,0,0,0.1356341595714839
GSE32646,0,combined,GSM809288,2,0,0.05880427738356376
GSE32646,0,combined,GSM809289,1,1,0.17952400580601663
GSE32646,0,combined,GSM809290,1,0,0.0539849221348453
GSE32646,0,combined,GSM809291,3,0,0.048660000122712904
GSE32646,0,combined,GSM809292,2,0,0.08666326930862557
GSE32646,0,combined,GSM809293,2,0,0.08802738607334673
GSE32646,0,combined,GSM809294,1,1,0.7503374984575096
GSE32646,0,combined,GSM809295,4,1,0.4358685108352178
GSE32646,0,combined,GSM809296,0,0,0.05883385307980224
GSE32646,0,combined,GSM809297,2,0,0.31614795461046713
GSE32646,0,combined,GSM809298,4,1,0.1101421465693397
GSE32646,1,intercept,GSM809184,0,0,0.2391304347826087
GSE32646,1,intercept,GSM809185,4,1,0.22826086956521738
GSE32646,1,intercept,GSM809186,3,0,0.22826086956521738
GSE32646,1,intercept,GSM809187,2,0,0.2391304347826087
GSE32646,1,intercept,GSM809188,0,0,0.2391304347826087
GSE32646,1,intercept,GSM809189,4,0,0.22826086956521738
GSE32646,1,intercept,GSM809190,4,0,0.22826086956521738
GSE32646,1,intercept,GSM809191,3,0,0.22826086956521738
GSE32646,1,intercept,GSM809192,0,1,0.2391304347826087
GSE32646,1,intercept,GSM809193,2,0,0.2391304347826087
GSE32646,1,intercept,GSM809194,0,1,0.2391304347826087
GSE32646,1,intercept,GSM809195,2,0,0.2391304347826087
GSE32646,1,intercept,GSM809196,2,0,0.2391304347826087
GSE32646,1,intercept,GSM809197,3,0,0.22826086956521738
GSE32646,1,intercept,GSM809198,3,0,0.22826086956521738
GSE32646,1,intercept,GSM809199,1,0,0.2391304347826087
GSE32646,1,intercept,GSM809200,1,0,0.2391304347826087
GSE32646,1,intercept,GSM809201,0,0,0.2391304347826087
GSE32646,1,intercept,GSM809202,4,1,0.22826086956521738
GSE32646,1,intercept,GSM809203,2,1,0.2391304347826087
GSE32646,1,intercept,GSM809204,0,0,0.2391304347826087
GSE32646,1,intercept,GSM809205,1,0,0.2391304347826087
GSE32646,1,intercept,GSM809206,3,0,0.22826086956521738
GSE32646,1,intercept,GSM809207,4,0,0.22826086956521738
GSE32646,1,intercept,GSM809208,0,0,0.2391304347826087
GSE32646,1,intercept,GSM809209,0,0,0.2391304347826087
GSE32646,1,intercept,GSM809210,3,0,0.22826086956521738
GSE32646,1,intercept,GSM809211,0,0,0.2391304347826087
GSE32646,1,intercept,GSM809212,1,0,0.2391304347826087
GSE32646,1,intercept,GSM809213,3,1,0.22826086956521738
GSE32646,1,intercept,GSM809214,1,0,0.2391304347826087
GSE32646,1,intercept,GSM809215,3,0,0.22826086956521738
GSE32646,1,intercept,GSM809216,4,0,0.22826086956521738
GSE32646,1,intercept,GSM809217,3,0,0.22826086956521738
GSE32646,1,intercept,GSM809218,3,0,0.22826086956521738
GSE32646,1,intercept,GSM809219,2,0,0.2391304347826087
GSE32646,1,intercept,GSM809220,2,0,0.2391304347826087
GSE32646,1,intercept,GSM809221,0,0,0.2391304347826087
GSE32646,1,intercept,GSM809222,4,0,0.22826086956521738
GSE32646,1,intercept,GSM809223,1,0,0.2391304347826087
GSE32646,1,intercept,GSM809224,4,0,0.22826086956521738
GSE32646,1,intercept,GSM809225,1,1,0.2391304347826087
GSE32646,1,intercept,GSM809226,0,1,0.2391304347826087
GSE32646,1,intercept,GSM809227,4,0,0.22826086956521738
GSE32646,1,intercept,GSM809228,1,0,0.2391304347826087
GSE32646,1,intercept,GSM809229,1,1,0.2391304347826087
GSE32646,1,intercept,GSM809230,0,0,0.2391304347826087
GSE32646,1,intercept,GSM809231,3,1,0.22826086956521738
GSE32646,1,intercept,GSM809232,2,1,0.2391304347826087
GSE32646,1,intercept,GSM809233,2,0,0.2391304347826087
GSE32646,1,intercept,GSM809234,4,0,0.22826086956521738
GSE32646,1,intercept,GSM809235,0,0,0.2391304347826087
GSE32646,1,intercept,GSM809236,4,1,0.22826086956521738
GSE32646,1,intercept,GSM809237,4,1,0.22826086956521738
GSE32646,1,intercept,GSM809238,2,1,0.2391304347826087
GSE32646,1,intercept,GSM809239,0,0,0.2391304347826087
GSE32646,1,intercept,GSM809240,2,0,0.2391304347826087
GSE32646,1,intercept,GSM809241,1,0,0.2391304347826087
GSE32646,1,intercept,GSM809242,3,0,0.22826086956521738
GSE32646,1,intercept,GSM809243,2,0,0.2391304347826087
GSE32646,1,intercept,GSM809244,2,0,0.2391304347826087
GSE32646,1,intercept,GSM809245,2,0,0.2391304347826087
GSE32646,1,intercept,GSM809246,0,1,0.2391304347826087
GSE32646,1,intercept,GSM809247,0,0,0.2391304347826087
GSE32646,1,intercept,GSM809248,3,1,0.22826086956521738
GSE32646,1,intercept,GSM809249,3,0,0.22826086956521738
GSE32646,1,intercept,GSM809250,1,0,0.2391304347826087
GSE32646,1,intercept,GSM809251,0,0,0.2391304347826087
GSE32646,1,intercept,GSM809252,1,0,0.2391304347826087
GSE32646,1,intercept,GSM809253,3,1,0.22826086956521738
GSE32646,1,intercept,GSM809254,0,0,0.2391304347826087
GSE32646,1,intercept,GSM809255,4,0,0.22826086956521738
GSE32646,1,intercept,GSM809256,3,1,0.22826086956521738
GSE32646,1,intercept,GSM809257,1,0,0.2391304347826087
GSE32646,1,intercept,GSM809258,3,0,0.22826086956521738
GSE32646,1,intercept,GSM809259,1,0,0.2391304347826087
GSE32646,1,intercept,GSM809260,1,0,0.2391304347826087
GSE32646,1,intercept,GSM809261,2,0,0.2391304347826087
GSE32646,1,intercept,GSM809262,1,0,0.2391304347826087
GSE32646,1,intercept,GSM809263,1,0,0.2391304347826087
GSE32646,1,intercept,GSM809264,4,0,0.22826086956521738
GSE32646,1,intercept,GSM809265,1,0,0.2391304347826087
GSE32646,1,intercept,GSM809266,2,1,0.2391304347826087
GSE32646,1,intercept,GSM809267,2,0,0.2391304347826087
GSE32646,1,intercept,GSM809268,0,0,0.2391304347826087
GSE32646,1,intercept,GSM809269,3,0,0.22826086956521738
GSE32646,1,intercept,GSM809270,3,0,0.22826086956521738
GSE32646,1,intercept,GSM809271,1,1,0.2391304347826087
GSE32646,1,intercept,GSM809272,4,1,0.22826086956521738
GSE32646,1,intercept,GSM809273,0,0,0.2391304347826087
GSE32646,1,intercept,GSM809274,1,1,0.2391304347826087
GSE32646,1,intercept,GSM809275,2,0,0.2391304347826087
GSE32646,1,intercept,GSM809276,3,0,0.22826086956521738
GSE32646,1,intercept,GSM809277,0,0,0.2391304347826087
GSE32646,1,intercept,GSM809278,4,0,0.22826086956521738
GSE32646,1,intercept,GSM809279,1,0,0.2391304347826087
GSE32646,1,intercept,GSM809280,3,1,0.22826086956521738
GSE32646,1,intercept,GSM809281,0,0,0.2391304347826087
GSE32646,1,intercept,GSM809282,2,0,0.2391304347826087
GSE32646,1,intercept,GSM809283,4,0,0.22826086956521738
GSE32646,1,intercept,GSM809284,1,0,0.2391304347826087
GSE32646,1,intercept,GSM809285,3,0,0.22826086956521738
GSE32646,1,intercept,GSM809286,2,0,0.2391304347826087
GSE32646,1,intercept,GSM809287,4,0,0.22826086956521738
GSE32646,1,intercept,GSM809288,4,0,0.22826086956521738
GSE32646,1,intercept,GSM809289,1,1,0.2391304347826087
GSE32646,1,intercept,GSM809290,2,0,0.2391304347826087
GSE32646,1,intercept,GSM809291,2,0,0.2391304347826087
GSE32646,1,intercept,GSM809292,4,0,0.22826086956521738
GSE32646,1,intercept,GSM809293,4,0,0.22826086956521738
GSE32646,1,intercept,GSM809294,4,1,0.22826086956521738
GSE32646,1,intercept,GSM809295,0,1,0.2391304347826087
GSE32646,1,intercept,GSM809296,4,0,0.22826086956521738
GSE32646,1,intercept,GSM809297,3,0,0.22826086956521738
GSE32646,1,intercept,GSM809298,2,1,0.2391304347826087
GSE32646,1,clinical,GSM809184,0,0,0.09296072382450868
GSE32646,1,clinical,GSM809185,4,1,0.4048327185847968
GSE32646,1,clinical,GSM809186,3,0,0.548148634878204
GSE32646,1,clinical,GSM809187,2,0,0.1346835292216142
GSE32646,1,clinical,GSM809188,0,0,0.08224050488386053
GSE32646,1,clinical,GSM809189,4,0,0.1656656011913325
GSE32646,1,clinical,GSM809190,4,0,0.1332400441289688
GSE32646,1,clinical,GSM809191,3,0,0.10322671113280266
GSE32646,1,clinical,GSM809192,0,1,0.11139300373832658
GSE32646,1,clinical,GSM809193,2,0,0.12858177351740016
GSE32646,1,clinical,GSM809194,0,1,0.07573162784751468
GSE32646,1,clinical,GSM809195,2,0,0.1358188580264503
GSE32646,1,clinical,GSM809196,2,0,0.12219568056525107
GSE32646,1,clinical,GSM809197,3,0,0.07994471297759793
GSE32646,1,clinical,GSM809198,3,0,0.11411441388620053
GSE32646,1,clinical,GSM809199,1,0,0.09972708350080084
GSE32646,1,clinical,GSM809200,1,0,0.40000812097903343
GSE32646,1,clinical,GSM809201,0,0,0.09296072382450868
GSE32646,1,clinical,GSM809202,4,1,0.4676896329611196
GSE32646,1,clinical,GSM809203,2,1,0.40467616345787344
GSE32646,1,clinical,GSM809204,0,0,0.4011189000711049
GSE32646,1,clinical,GSM809205,1,0,0.09486480730335733
GSE32646,1,clinical,GSM809206,3,0,0.04976961137367192
GSE32646,1,clinical,GSM809207,4,0,0.1736773685807779
GSE32646,1,clinical,GSM809208,0,0,0.5116955311924396
GSE32646,1,clinical,GSM809209,0,0,0.4725606242739299
GSE32646,1,clinical,GSM809210,3,0,0.10322671113280266
GSE32646,1,clinical,GSM809211,0,0,0.5944729283857262
GSE32646,1,clinical,GSM809212,1,0,0.08796913668132861
GSE32646,1,clinical,GSM809213,3,1,0.08861944436397351
GSE32646,1,clinical,GSM809214,1,0,0.38679555533500376
GSE32646,1,clinical,GSM809215,3,0,0.04471122484769877
GSE32646,1,clinical,GSM809216,4,0,0.16177209511837215
GSE32646,1,clinical,GSM809217,3,0,0.14577089989608372
GSE32646,1,clinical,GSM809218,3,0,0.07590424691648204
GSE32646,1,clinical,GSM809219,2,0,0.13696224240545718
GSE32646,1,clinical,GSM809220,2,0,0.4117109582583892
GSE32646,1,clinical,GSM809221,0,0,0.5005077685499085
GSE32646,1,clinical,GSM809222,4,0,0.2332437244789739
GSE32646,1,clinical,GSM809223,1,0,0.10480971693176043
GSE32646,1,clinical,GSM809224,4,0,0.45355952249266945
GSE32646,1,clinical,GSM809225,1,1,0.429115428262077
GSE32646,1,clinical,GSM809226,0,1,0.5781901487663863
GSE32646,1,clinical,GSM809227,4,0,0.3579119892795324
GSE32646,1,clinical,GSM809228,1,0,0.11102729214673737
GSE32646,1,clinical,GSM809229,1,1,0.10567873846372836
GSE32646,1,clinical,GSM809230,0,0,0.4669861822083055
GSE32646,1,clinical,GSM809231,3,1,0.11916656364221115
GSE32646,1,clinical,GSM809232,2,1,0.4235148549921353
GSE32646,1,clinical,GSM809233,2,0,0.12967337486965336
GSE32646,1,clinical,GSM809234,4,0,0.1656656011913325
GSE32646,1,clinical,GSM809235,0,0,0.11590117545979008
GSE32646,1,clinical,GSM809236,4,1,0.3449492694757057
GSE32646,1,clinical,GSM809237,4,1,0.45355952249266945
GSE32646,1,clinical,GSM809238,2,1,0.4093618635672542
GSE32646,1,clinical,GSM809239,0,0,0.6105505279266598
GSE32646,1,clinical,GSM809240,2,0,0.12858177351740016
GSE32646,1,clinical,GSM809241,1,0,0.0850522101304516
GSE32646,1,clinical,GSM809242,3,0,0.16034356501796954
GSE32646,1,clinical,GSM809243,2,0,0.1242934600227521
GSE32646,1,clinical,GSM809244,2,0,0.1253538925220957
GSE32646,1,clinical,GSM809245,2,0,0.395357474096649
GSE32646,1,clinical,GSM809246,0,1,0.5116955311924396
GSE32646,1,clinical,GSM809247,0,0,0.5340247908853262
GSE32646,1,clinical,GSM809248,3,1,0.175030017912314
GSE32646,1,clinical,GSM809249,3,0,0.1323139530728207
GSE32646,1,clinical,GSM809250,1,0,0.09174223069719674
GSE32646,1,clinical,GSM809251,0,0,0.5727226847824488
GSE32646,1,clinical,GSM809252,1,0,0.09726884046945097
GSE32646,1,clinical,GSM809253,3,1,0.1323139530728207
GSE32646,1,clinical,GSM809254,0,0,0.0948650339045392
GSE32646,1,clinical,GSM809255,4,0,0.4465209944971699
GSE32646,1,clinical,GSM809256,3,1,0.31800286537458616
GSE32646,1,clinical,GSM809257,1,0,0.10139646360054214
GSE32646,1,clinical,GSM809258,3,0,0.16806137858684977
GSE32646,1,clinical,GSM809259,1,0,0.10139646360054214
GSE32646,1,clinical,GSM809260,1,0,0.10139646360054214
GSE32646,1,clinical,GSM809261,2,0,0.14280109243919417
GSE32646,1,clinical,GSM809262,1,0,0.10139646360054214
GSE32646,1,clinical,GSM809263,1,0,0.10224041665938158
GSE32646,1,clinical,GSM809264,4,0,0.41170291882719895
GSE32646,1,clinical,GSM809265,1,0,0.10655410776100467
GSE32646,1,clinical,GSM809266,2,1,0.42588660391631633
GSE32646,1,clinical,GSM809267,2,0,0.4035074125659872
GSE32646,1,clinical,GSM809268,0,0,0.13038576769614468
GSE32646,1,clinical,GSM809269,3,0,0.07205199696419794
GSE32646,1,clinical,GSM809270,3,0,0.2304597235788324
GSE32646,1,clinical,GSM809271,1,1,0.11286211805050292
GSE32646,1,clinical,GSM809272,4,1,0.3579119892795324
GSE32646,1,clinical,GSM809273,0,0,0.5836385121671733
GSE32646,1,clinical,GSM809274,1,1,0.41113171547354116
GSE32646,1,clinical,GSM809275,2,0,0.1445927465710028
GSE32646,1,clinical,GSM809276,3,0,0.3818408508485775
GSE32646,1,clinical,GSM809277,0,0,0.4337600483337854
GSE32646,1,clinical,GSM809278,4,0,0.45355952249266945
GSE32646,1,clinical,GSM809279,1,0,0.10139646360054214
GSE32646,1,clinical,GSM809280,3,1,0.45003753763731325
GSE32646,1,clinical,GSM809281,0,0,0.5672373957333227
GSE32646,1,clinical,GSM809282,2,0,0.38957120390311856
GSE32646,1,clinical,GSM809283,4,0,0.16177209511837215
GSE32646,1,clinical,GSM809284,1,0,0.09486480730335733
GSE32646,1,clinical,GSM809285,3,0,0.2510109173225136
GSE32646,1,clinical,GSM809286,2,0,0.1307728527058764
GSE32646,1,clinical,GSM809287,4,0,0.1579527714701726
GSE32646,1,clinical,GSM809288,4,0,0.12369175199807556
GSE32646,1,clinical,GSM809289,1,1,0.10139646360054214
GSE32646,1,clinical,GSM809290,2,0,0.12803891607726964
GSE32646,1,clinical,GSM809291,2,0,0.1242934600227521
GSE32646,1,clinical,GSM809292,4,0,0.12998987864460887
GSE32646,1,clinical,GSM809293,4,0,0.16177209511837215
GSE32646,1,clinical,GSM809294,4,1,0.4395038418425722
GSE32646,1,clinical,GSM809295,0,1,0.6105505279266598
GSE32646,1,clinical,GSM809296,4,0,0.11473713493278169
GSE32646,1,clinical,GSM809297,3,0,0.2510109173225136
GSE32646,1,clinical,GSM809298,2,1,0.1375369653215071
GSE32646,1,score,GSM809184,0,0,0.1789809008161
GSE32646,1,score,GSM809185,4,1,0.3686968842419842
GSE32646,1,score,GSM809186,3,0,0.19554195591299628
GSE32646,1,score,GSM809187,2,0,0.2822013146476408
GSE32646,1,score,GSM809188,0,0,0.18487016878257642
GSE32646,1,score,GSM809189,4,0,0.10191471714952056
GSE32646,1,score,GSM809190,4,0,0.20051249749548017
GSE32646,1,score,GSM809191,3,0,0.18265815213340947
GSE32646,1,score,GSM809192,0,1,0.421826951085605
GSE32646,1,score,GSM809193,2,0,0.0686417321062968
GSE32646,1,score,GSM809194,0,1,0.1741939932484723
GSE32646,1,score,GSM809195,2,0,0.08046414803977132
GSE32646,1,score,GSM809196,2,0,0.4031766902174816
GSE32646,1,score,GSM809197,3,0,0.08234560739419279
GSE32646,1,score,GSM809198,3,0,0.3439886770311633
GSE32646,1,score,GSM809199,1,0,0.27738127793967365
GSE32646,1,score,GSM809200,1,0,0.3468636205841525
GSE32646,1,score,GSM809201,0,0,0.0852162527232715
GSE32646,1,score,GSM809202,4,1,0.5163210725777313
GSE32646,1,score,GSM809203,2,1,0.6529620638586918
GSE32646,1,score,GSM809204,0,0,0.3878856740454639
GSE32646,1,score,GSM809205,1,0,0.1590405067595806
GSE32646,1,score,GSM809206,3,0,0.11768574716821717
GSE32646,1,score,GSM809207,4,0,0.18098265396279148
GSE32646,1,score,GSM809208,0,0,0.15273916697938827
GSE32646,1,score,GSM809209,0,0,0.5132811950612516
GSE32646,1,score,GSM809210,3,0,0.07493468361837555
GSE32646,1,score,GSM809211,0,0,0.5433451028345525
GSE32646,1,score,GSM809212,1,0,0.303167134082793
GSE32646,1,score,GSM809213,3,1,0.15989465604308487
GSE32646,1,score,GSM809214,1,0,0.1007664816793372
GSE32646,1,score,GSM809215,3,0,0.23353510616025488
GSE32646,1,score,GSM809216,4,0,0.15929241953295514
GSE32646,1,score,GSM809217,3,0,0.11915466680928478
GSE32646,1,score,GSM809218,3,0,0.049117035826891066
GSE32646,1,score,GSM809219,2,0,0.1550667676877906
GSE32646,1,score,GSM809220,2,0,0.7076461754222819
GSE32646,1,score,GSM809221,0,0,0.20484901554154467
GSE32646,1,score,GSM809222,4,0,0.23570281958579223
GSE32646,1,score,GSM809223,1,0,0.26899069656575836
GSE32646,1,score,GSM809224,4,0,0.30474788125747165
GSE32646,1,score,GSM809225,1,1,0.19788196626634663
GSE32646,1,score,GSM809226,0,1,0.33395777632303697
GSE32646,1,score,GSM809227,4,0,0.4768133216950576
GSE32646,1,score,GSM809228,1,0,0.27875256566564127
GSE32646,1,score,GSM809229,1,1,0.3993923262715601
GSE32646,1,score,GSM809230,0,0,0.10847795883083682
GSE32646,1,score,GSM809231,3,1,0.5291552589732907
GSE32646,1,score,GSM809232,2,1,0.079524092786913
GSE32646,1,score,GSM809233,2,0,0.06479540006675844
GSE32646,1,score,GSM809234,4,0,0.11040810994463808
GSE32646,1,score,GSM809235,0,0,0.08289020157267639
GSE32646,1,score,GSM809236,4,1,0.29522885429916174
GSE32646,1,score,GSM809237,4,1,0.48496239866546553
GSE32646,1,score,GSM809238,2,1,0.2772917338384961
GSE32646,1,score,GSM809239,0,0,0.34177079001748367
GSE32646,1,score,GSM809240,2,0,0.1972564263426835
GSE32646,1,score,GSM809241,1,0,0.13591783520937528
GSE32646,1,score,GSM809242,3,0,0.0718162271656583
GSE32646,1,score,GSM809243,2,0,0.07668522094405766
GSE32646,1,score,GSM809244,2,0,0.03636064048354017
GSE32646,1,score,GSM809245,2,0,0.315168753541813
GSE32646,1,score,GSM809246,0,1,0.6682747436817759
GSE32646,1,score,GSM809247,0,0,0.6157048506197847
GSE32646,1,score,GSM809248,3,1,0.09641776309460089
GSE32646,1,score,GSM809249,3,0,0.11640712264465296
GSE32646,1,score,GSM809250,1,0,0.13864003601169586
GSE32646,1,score,GSM809251,0,0,0.08362518893088551
GSE32646,1,score,GSM809252,1,0,0.3039348788354229
GSE32646,1,score,GSM809253,3,1,0.230002732053569
GSE32646,1,score,GSM809254,0,0,0.080125787890888
GSE32646,1,score,GSM809255,4,0,0.13655902420471594
GSE32646,1,score,GSM809256,3,1,0.32135154263602755
GSE32646,1,score,GSM809257,1,0,0.2074466469121415
GSE32646,1,score,GSM809258,3,0,0.07654009866567608
GSE32646,1,score,GSM809259,1,0,0.2584153133435794
GSE32646,1,score,GSM809260,1,0,0.08952745766981492
GSE32646,1,score,GSM809261,2,0,0.17155001219188695
GSE32646,1,score,GSM809262,1,0,0.13801028166080156
GSE32646,1,score,GSM809263,1,0,0.10616834988175525
GSE32646,1,score,GSM809264,4,0,0.23296131029874903
GSE32646,1,score,GSM809265,1,0,0.0623380433527233
GSE32646,1,score,GSM809266,2,1,0.09851770576327454
GSE32646,1,score,GSM809267,2,0,0.7473174397561122
GSE32646,1,score,GSM809268,0,0,0.08507491602321891
GSE32646,1,score,GSM809269,3,0,0.41596368649328946
GSE32646,1,score,GSM809270,3,0,0.14376215421181332
GSE32646,1,score,GSM809271,1,1,0.22388393751053137
GSE32646,1,score,GSM809272,4,1,0.5098120489846758
GSE32646,1,score,GSM809273,0,0,0.13776124867355685
GSE32646,1,score,GSM809274,1,1,0.28694762689843234
GSE32646,1,score,GSM809275,2,0,0.028663836672702163
GSE32646,1,score,GSM809276,3,0,0.34820012233518133
GSE32646,1,score,GSM809277,0,0,0.24970633087071892
GSE32646,1,score,GSM809278,4,0,0.3879099424548575
GSE32646,1,score,GSM809279,1,0,0.1729752507120305
GSE32646,1,score,GSM809280,3,1,0.23653995860153657
GSE32646,1,score,GSM809281,0,0,0.0911474796500399
GSE32646,1,score,GSM809282,2,0,0.37850216189793007
GSE32646,1,score,GSM809283,4,0,0.12217875357715033
GSE32646,1,score,GSM809284,1,0,0.1943055315560915
GSE32646,1,score,GSM809285,3,0,0.10542324940554351
GSE32646,1,score,GSM809286,2,0,0.1328429253541925
GSE32646,1,score,GSM809287,4,0,0.19849200141544457
GSE32646,1,score,GSM809288,4,0,0.10695941357714508
GSE32646,1,score,GSM809289,1,1,0.3740671272479026
GSE32646,1,score,GSM809290,2,0,0.07123183392140127
GSE32646,1,score,GSM809291,2,0,0.06831126935312447
GSE32646,1,score,GSM809292,4,0,0.1406952877190081
GSE32646,1,score,GSM809293,4,0,0.10119157777901774
GSE32646,1,score,GSM809294,4,1,0.5805346358804482
GSE32646,1,score,GSM809295,0,1,0.2180950703252367
GSE32646,1,score,GSM809296,4,0,0.11333668512550414
GSE32646,1,score,GSM809297,3,0,0.20425480928495174
GSE32646,1,score,GSM809298,2,1,0.1579047476797777
GSE32646,1,combined,GSM809184,0,0,0.09303879080741524
GSE32646,1,combined,GSM809185,4,1,0.49330457466945704
GSE32646,1,combined,GSM809186,3,0,0.44638178623276276
GSE32646,1,combined,GSM809187,2,0,0.22316535051760902
GSE32646,1,combined,GSM809188,0,0,0.08182454007571052
GSE32646,1,combined,GSM809189,4,0,0.10239060290826614
GSE32646,1,combined,GSM809190,4,0,0.13495483079678128
GSE32646,1,combined,GSM809191,3,0,0.11409197799351797
GSE32646,1,combined,GSM809192,0,1,0.20813361172099418
GSE32646,1,combined,GSM809193,2,0,0.05835480761959941
GSE32646,1,combined,GSM809194,0,1,0.07118895282574643
GSE32646,1,combined,GSM809195,2,0,0.07358562937839916
GSE32646,1,combined,GSM809196,2,0,0.27792311645944057
GSE32646,1,combined,GSM809197,3,0,0.040172090272469
GSE32646,1,combined,GSM809198,3,0,0.23535490241039125
GSE32646,1,combined,GSM809199,1,0,0.1465618887528404
GSE32646,1,combined,GSM809200,1,0,0.4092887748194107
GSE32646,1,combined,GSM809201,0,0,0.05915204036915384
GSE32646,1,combined,GSM809202,4,1,0.6872734238628716
GSE32646,1,combined,GSM809203,2,1,0.6773231125611235
GSE32646,1,combined,GSM809204,0,0,0.39783489498387214
GSE32646,1,combined,GSM809205,1,0,0.08842051155347515
GSE32646,1,combined,GSM809206,3,0,0.03123340086335519
GSE32646,1,combined,GSM809207,4,0,0.17362659443496462
GSE32646,1,combined,GSM809208,0,0,0.3558780316280142
GSE32646,1,combined,GSM809209,0,0,0.5580092342929919
GSE32646,1,combined,GSM809210,3,0,0.0508472471848175
GSE32646,1,combined,GSM809211,0,0,0.7113881580262551
GSE32646,1,combined,GSM809212,1,0,0.13038983492321876
GSE32646,1,combined,GSM809213,3,1,0.08397085740078729
GSE32646,1,combined,GSM809214,1,0,0.17997569233019403
GSE32646,1,combined,GSM809215,3,0,0.05444142569302718
GSE32646,1,combined,GSM809216,4,0,0.1426574269327267
GSE32646,1,combined,GSM809217,3,0,0.11773086916207558
GSE32646,1,combined,GSM809218,3,0,0.023706663601502163
GSE32646,1,combined,GSM809219,2,0,0.13281625078379308
GSE32646,1,combined,GSM809220,2,0,0.7321473074467448
GSE32646,1,combined,GSM809221,0,0,0.3912112980142916
GSE32646,1,combined,GSM809222,4,0,0.30611045682938326
GSE32646,1,combined,GSM809223,1,0,0.15417706985835297
GSE32646,1,combined,GSM809224,4,0,0.49900111648104367
GSE32646,1,combined,GSM809225,1,1,0.33220638755282933
GSE32646,1,combined,GSM809226,0,1,0.5799993542736445
GSE32646,1,combined,GSM809227,4,0,0.519494456906382
GSE32646,1,combined,GSM809228,1,0,0.17285229198398464
GSE32646,1,combined,GSM809229,1,1,0.2168916395796632
GSE32646,1,combined,GSM809230,0,0,0.2615971720693238
GSE32646,1,combined,GSM809231,3,1,0.18134737296427572
GSE32646,1,combined,GSM809232,2,1,0.1414306478422925
GSE32646,1,combined,GSM809233,2,0,0.056291956807519784
GSE32646,1,combined,GSM809234,4,0,0.10922947912737398
GSE32646,1,combined,GSM809235,0,0,0.07696687273428089
GSE32646,1,combined,GSM809236,4,1,0.3492554762343901
GSE32646,1,combined,GSM809237,4,1,0.6487106234575158
GSE32646,1,combined,GSM809238,2,1,0.3533083504949308
GSE32646,1,combined,GSM809239,0,0,0.6239616591048186
GSE32646,1,combined,GSM809240,2,0,0.14950824211789754
GSE32646,1,combined,GSM809241,1,0,0.06596754372095046
GSE32646,1,combined,GSM809242,3,0,0.0860501997093468
GSE32646,1,combined,GSM809243,2,0,0.06071606661287617
GSE32646,1,combined,GSM809244,2,0,0.032086989111349086
GSE32646,1,combined,GSM809245,2,0,0.3684273003095929
GSE32646,1,combined,GSM809246,0,1,0.6892390405766364
GSE32646,1,combined,GSM809247,0,0,0.6843183860496362
GSE32646,1,combined,GSM809248,3,1,0.04716536130821919
GSE32646,1,combined,GSM809249,3,0,0.10237835903579745
GSE32646,1,combined,GSM809250,1,0,0.07571732278974103
GSE32646,1,combined,GSM809251,0,0,0.3350240624442852
GSE32646,1,combined,GSM809252,1,0,0.15210843747865244
GSE32646,1,combined,GSM809253,3,1,0.18792947942166696
GSE32646,1,combined,GSM809254,0,0,0.05852018381237143
GSE32646,1,combined,GSM809255,4,0,0.2966249529979569
GSE32646,1,combined,GSM809256,3,1,0.3145414726651985
GSE32646,1,combined,GSM809257,1,0,0.1198876948617902
GSE32646,1,combined,GSM809258,3,0,0.09653674415196878
GSE32646,1,combined,GSM809259,1,0,0.14205567386824564
GSE32646,1,combined,GSM809260,1,0,0.0653003295408591
GSE32646,1,combined,GSM809261,2,0,0.1550967219100669
GSE32646,1,combined,GSM809262,1,0,0.08877100349574103
GSE32646,1,combined,GSM809263,1,0,0.07463121832689874
GSE32646,1,combined,GSM809264,4,0,0.3732353649499836
GSE32646,1,combined,GSM809265,1,0,0.05521431963161953
GSE32646,1,combined,GSM809266,2,1,0.17013783605987803
GSE32646,1,combined,GSM809267,2,0,0.7549927701628198
GSE32646,1,combined,GSM809268,0,0,0.09075752987880069
GSE32646,1,combined,GSM809269,3,0,0.17987404175217708
GSE32646,1,combined,GSM809270,3,0,0.23926225783497188
GSE32646,1,combined,GSM809271,1,1,0.14987622370021456
GSE32646,1,combined,GSM809272,4,1,0.5460319794388298
GSE32646,1,combined,GSM809273,0,0,0.42347175180581115
GSE32646,1,combined,GSM809274,1,1,0.38168482238045165
GSE32646,1,combined,GSM809275,2,0,0.033598165386036646
GSE32646,1,combined,GSM809276,3,0,0.41594982088254484
GSE32646,1,combined,GSM809277,0,0,0.3493729386377283
GSE32646,1,combined,GSM809278,4,0,0.572898686210559
GSE32646,1,combined,GSM809279,1,0,0.1046611053664339
GSE32646,1,combined,GSM809280,3,1,0.3834346966856562
GSE32646,1,combined,GSM809281,0,0,0.3410864977966177
GSE32646,1,combined,GSM809282,2,0,0.4170965564584381
GSE32646,1,combined,GSM809283,4,0,0.11481797729327016
GSE32646,1,combined,GSM809284,1,0,0.10272893425255457
GSE32646,1,combined,GSM809285,3,0,0.20939689613132195
GSE32646,1,combined,GSM809286,2,0,0.10746091015837443
GSE32646,1,combined,GSM809287,4,0,0.1660954304765227
GSE32646,1,combined,GSM809288,4,0,0.07151351700945591
GSE32646,1,combined,GSM809289,1,1,0.19303300758594086
GSE32646,1,combined,GSM809290,2,0,0.05984619517875619
GSE32646,1,combined,GSM809291,2,0,0.05484467282305135
GSE32646,1,combined,GSM809292,4,0,0.0963451856499546
GSE32646,1,combined,GSM809293,4,0,0.09852724920231289
GSE32646,1,combined,GSM809294,4,1,0.7009089871989741
GSE32646,1,combined,GSM809295,0,1,0.5370775650076974
GSE32646,1,combined,GSM809296,4,0,0.06785003329034349
GSE32646,1,combined,GSM809297,3,0,0.34170283407500734
GSE32646,1,combined,GSM809298,2,1,0.1358717555630932
GSE32646,2,intercept,GSM809184,2,0,0.2391304347826087
GSE32646,2,intercept,GSM809185,4,1,0.22826086956521738
GSE32646,2,intercept,GSM809186,4,0,0.22826086956521738
GSE32646,2,intercept,GSM809187,2,0,0.2391304347826087
GSE32646,2,intercept,GSM809188,3,0,0.22826086956521738
GSE32646,2,intercept,GSM809189,1,0,0.2391304347826087
GSE32646,2,intercept,GSM809190,1,0,0.2391304347826087
GSE32646,2,intercept,GSM809191,0,0,0.2391304347826087
GSE32646,2,intercept,GSM809192,2,1,0.2391304347826087
GSE32646,2,intercept,GSM809193,1,0,0.2391304347826087
GSE32646,2,intercept,GSM809194,0,1,0.2391304347826087
GSE32646,2,intercept,GSM809195,0,0,0.2391304347826087
GSE32646,2,intercept,GSM809196,4,0,0.22826086956521738
GSE32646,2,intercept,GSM809197,2,0,0.2391304347826087
GSE32646,2,intercept,GSM809198,2,0,0.2391304347826087
GSE32646,2,intercept,GSM809199,3,0,0.22826086956521738
GSE32646,2,intercept,GSM809200,4,0,0.22826086956521738
GSE32646,2,intercept,GSM809201,0,0,0.2391304347826087
GSE32646,2,intercept,GSM809202,4,1,0.22826086956521738
GSE32646,2,intercept,GSM809203,3,1,0.22826086956521738
GSE32646,2,intercept,GSM809204,2,0,0.2391304347826087
GSE32646,2,intercept,GSM809205,3,0,0.22826086956521738
GSE32646,2,intercept,GSM809206,1,0,0.2391304347826087
GSE32646,2,intercept,GSM809207,3,0,0.22826086956521738
GSE32646,2,intercept,GSM809208,4,0,0.22826086956521738
GSE32646,2,intercept,GSM809209,2,0,0.2391304347826087
GSE32646,2,intercept,GSM809210,0,0,0.2391304347826087
GSE32646,2,intercept,GSM809211,4,0,0.22826086956521738
GSE32646,2,intercept,GSM809212,1,0,0.2391304347826087
GSE32646,2,intercept,GSM809213,2,1,0.2391304347826087
GSE32646,2,intercept,GSM809214,1,0,0.2391304347826087
GSE32646,2,intercept,GSM809215,0,0,0.2391304347826087
GSE32646,2,intercept,GSM809216,3,0,0.22826086956521738
GSE32646,2,intercept,GSM809217,0,0,0.2391304347826087
GSE32646,2,intercept,GSM809218,2,0,0.2391304347826087
GSE32646,2,intercept,GSM809219,3,0,0.22826086956521738
GSE32646,2,intercept,GSM809220,2,0,0.2391304347826087
GSE32646,2,intercept,GSM809221,2,0,0.2391304347826087
GSE32646,2,intercept,GSM809222,4,0,0.22826086956521738
GSE32646,2,intercept,GSM809223,2,0,0.2391304347826087
GSE32646,2,intercept,GSM809224,2,0,0.2391304347826087
GSE32646,2,intercept,GSM809225,2,1,0.2391304347826087
GSE32646,2,intercept,GSM809226,0,1,0.2391304347826087
GSE32646,2,intercept,GSM809227,0,0,0.2391304347826087
GSE32646,2,intercept,GSM809228,2,0,0.2391304347826087
GSE32646,2,intercept,GSM809229,4,1,0.22826086956521738
GSE32646,2,intercept,GSM809230,3,0,0.22826086956521738
GSE32646,2,intercept,GSM809231,4,1,0.22826086956521738
GSE32646,2,intercept,GSM809232,1,1,0.2391304347826087
GSE32646,2,intercept,GSM809233,3,0,0.22826086956521738
GSE32646,2,intercept,GSM809234,3,0,0.22826086956521738
GSE32646,2,intercept,GSM809235,3,0,0.22826086956521738
GSE32646,2,intercept,GSM809236,0,1,0.2391304347826087
GSE32646,2,intercept,GSM809237,3,1,0.22826086956521738
GSE32646,2,intercept,GSM809238,3,1,0.22826086956521738
GSE32646,2,intercept,GSM809239,1,0,0.2391304347826087
GSE32646,2,intercept,GSM809240,3,0,0.22826086956521738
GSE32646,2,intercept,GSM809241,0,0,0.2391304347826087
GSE32646,2,intercept,GSM809242,1,0,0.2391304347826087
GSE32646,2,intercept,GSM809243,1,0,0.2391304347826087
GSE32646,2,intercept,GSM809244,1,0,0.2391304347826087
GSE32646,2,intercept,GSM809245,2,0,0.2391304347826087
GSE32646,2,intercept,GSM809246,0,1,0.2391304347826087
GSE32646,2,intercept,GSM809247,4,0,0.22826086956521738
GSE32646,2,intercept,GSM809248,4,1,0.22826086956521738
GSE32646,2,intercept,GSM809249,0,0,0.2391304347826087
GSE32646,2,intercept,GSM809250,4,0,0.22826086956521738
GSE32646,2,intercept,GSM809251,1,0,0.2391304347826087
GSE32646,2,intercept,GSM809252,1,0,0.2391304347826087
GSE32646,2,intercept,GSM809253,1,1,0.2391304347826087
GSE32646,2,intercept,GSM809254,4,0,0.22826086956521738
GSE32646,2,intercept,GSM809255,4,0,0.22826086956521738
GSE32646,2,intercept,GSM809256,1,1,0.2391304347826087
GSE32646,2,intercept,GSM809257,3,0,0.22826086956521738
GSE32646,2,intercept,GSM809258,1,0,0.2391304347826087
GSE32646,2,intercept,GSM809259,2,0,0.2391304347826087
GSE32646,2,intercept,GSM809260,1,0,0.2391304347826087
GSE32646,2,intercept,GSM809261,4,0,0.22826086956521738
GSE32646,2,intercept,GSM809262,0,0,0.2391304347826087
GSE32646,2,intercept,GSM809263,1,0,0.2391304347826087
GSE32646,2,intercept,GSM809264,0,0,0.2391304347826087
GSE32646,2,intercept,GSM809265,0,0,0.2391304347826087
GSE32646,2,intercept,GSM809266,3,1,0.22826086956521738
GSE32646,2,intercept,GSM809267,4,0,0.22826086956521738
GSE32646,2,intercept,GSM809268,3,0,0.22826086956521738
GSE32646,2,intercept,GSM809269,4,0,0.22826086956521738
GSE32646,2,intercept,GSM809270,2,0,0.2391304347826087
GSE32646,2,intercept,GSM809271,1,1,0.2391304347826087
GSE32646,2,intercept,GSM809272,0,1,0.2391304347826087
GSE32646,2,intercept,GSM809273,4,0,0.22826086956521738
GSE32646,2,intercept,GSM809274,2,1,0.2391304347826087
GSE32646,2,intercept,GSM809275,0,0,0.2391304347826087
GSE32646,2,intercept,GSM809276,1,0,0.2391304347826087
GSE32646,2,intercept,GSM809277,3,0,0.22826086956521738
GSE32646,2,intercept,GSM809278,0,0,0.2391304347826087
GSE32646,2,intercept,GSM809279,0,0,0.2391304347826087
GSE32646,2,intercept,GSM809280,3,1,0.22826086956521738
GSE32646,2,intercept,GSM809281,2,0,0.2391304347826087
GSE32646,2,intercept,GSM809282,3,0,0.22826086956521738
GSE32646,2,intercept,GSM809283,4,0,0.22826086956521738
GSE32646,2,intercept,GSM809284,3,0,0.22826086956521738
GSE32646,2,intercept,GSM809285,0,0,0.2391304347826087
GSE32646,2,intercept,GSM809286,1,0,0.2391304347826087
GSE32646,2,intercept,GSM809287,0,0,0.2391304347826087
GSE32646,2,intercept,GSM809288,2,0,0.2391304347826087
GSE32646,2,intercept,GSM809289,3,1,0.22826086956521738
GSE32646,2,intercept,GSM809290,3,0,0.22826086956521738
GSE32646,2,intercept,GSM809291,1,0,0.2391304347826087
GSE32646,2,intercept,GSM809292,0,0,0.2391304347826087
GSE32646,2,intercept,GSM809293,2,0,0.2391304347826087
GSE32646,2,intercept,GSM809294,2,1,0.2391304347826087
GSE32646,2,intercept,GSM809295,4,1,0.22826086956521738
GSE32646,2,intercept,GSM809296,4,0,0.22826086956521738
GSE32646,2,intercept,GSM809297,4,0,0.22826086956521738
GSE32646,2,intercept,GSM809298,1,1,0.2391304347826087
GSE32646,2,clinical,GSM809184,2,0,0.10453651757726415
GSE32646,2,clinical,GSM809185,4,1,0.46651937338196114
GSE32646,2,clinical,GSM809186,4,0,0.60543638603361
GSE32646,2,clinical,GSM809187,2,0,0.1196916666491322
GSE32646,2,clinical,GSM809188,3,0,0.12317039052552897
GSE32646,2,clinical,GSM809189,1,0,0.10626535634529252
GSE32646,2,clinical,GSM809190,1,0,0.09857910138390995
GSE32646,2,clinical,GSM809191,0,0,0.1231551661721391
GSE32646,2,clinical,GSM809192,2,1,0.11809464037548453
GSE32646,2,clinical,GSM809193,1,0,0.0961291269530888
GSE32646,2,clinical,GSM809194,0,1,0.07744111509143699
GSE32646,2,clinical,GSM809195,0,0,0.16707222843394273
GSE32646,2,clinical,GSM809196,4,0,0.05124911816689902
GSE32646,2,clinical,GSM809197,2,0,0.10171657839063082
GSE32646,2,clinical,GSM809198,2,0,0.1118900254644101
GSE32646,2,clinical,GSM809199,3,0,0.1276223388136542
GSE32646,2,clinical,GSM809200,4,0,0.3674753197370219
GSE32646,2,clinical,GSM809201,0,0,0.11089090501372038
GSE32646,2,clinical,GSM809202,4,1,0.5807697651916849
GSE32646,2,clinical,GSM809203,3,1,0.3759861538682139
GSE32646,2,clinical,GSM809204,2,0,0.3674823598160846
GSE32646,2,clinical,GSM809205,3,0,0.12317039052552897
GSE32646,2,clinical,GSM809206,1,0,0.08835150269484182
GSE32646,2,clinical,GSM809207,3,0,0.13774025603466353
GSE32646,2,clinical,GSM809208,4,0,0.3915436643160584
GSE32646,2,clinical,GSM809209,2,0,0.4146329243091222
GSE32646,2,clinical,GSM809210,0,0,0.1231551661721391
GSE32646,2,clinical,GSM809211,4,0,0.5807697651916849
GSE32646,2,clinical,GSM809212,1,0,0.0854026998715793
GSE32646,2,clinical,GSM809213,2,1,0.10453651757726415
GSE32646,2,clinical,GSM809214,1,0,0.40924514891125924
GSE32646,2,clinical,GSM809215,0,0,0.06936908493195872
GSE32646,2,clinical,GSM809216,3,0,0.13534712609563826
GSE32646,2,clinical,GSM809217,0,0,0.15634048566010295
GSE32646,2,clinical,GSM809218,2,0,0.1003320554564697
GSE32646,2,clinical,GSM809219,3,0,0.13854583070640614
GSE32646,2,clinical,GSM809220,2,0,0.4709906410457578
GSE32646,2,clinical,GSM809221,2,0,0.43324600089927234
GSE32646,2,clinical,GSM809222,4,0,0.28396745864038503
GSE32646,2,clinical,GSM809223,2,0,0.1134139355150609
GSE32646,2,clinical,GSM809224,2,0,0.4900158207452104
GSE32646,2,clinical,GSM809225,2,1,0.48239918150055544
GSE32646,2,clinical,GSM809226,0,1,0.469328679157781
GSE32646,2,clinical,GSM809227,0,0,0.34579199994384047
GSE32646,2,clinical,GSM809228,2,0,0.12459504909236102
GSE32646,2,clinical,GSM809229,4,1,0.13055072288540814
GSE32646,2,clinical,GSM809230,3,0,0.3602493867837298
GSE32646,2,clinical,GSM809231,4,1,0.17287132217343884
GSE32646,2,clinical,GSM809232,1,1,0.46867851547982875
GSE32646,2,clinical,GSM809233,3,0,0.1283775490140843
GSE32646,2,clinical,GSM809234,3,0,0.13614091437798187
GSE32646,2,clinical,GSM809235,3,0,0.13614091437798187
GSE32646,2,clinical,GSM809236,0,1,0.32810245017294476
GSE32646,2,clinical,GSM809237,3,1,0.3936029255116656
GSE32646,2,clinical,GSM809238,3,1,0.3823570752111524
GSE32646,2,clinical,GSM809239,1,0,0.46867851547982875
GSE32646,2,clinical,GSM809240,3,0,0.12687092464298305
GSE32646,2,clinical,GSM809241,0,0,0.05551441894412449
GSE32646,2,clinical,GSM809242,1,0,0.10715124382745513
GSE32646,2,clinical,GSM809243,1,0,0.0898601364827603
GSE32646,2,clinical,GSM809244,1,0,0.09139194827320453
GSE32646,2,clinical,GSM809245,2,0,0.4183378682006876
GSE32646,2,clinical,GSM809246,0,1,0.3548032552079817
GSE32646,2,clinical,GSM809247,4,0,0.4411840152359713
GSE32646,2,clinical,GSM809248,4,1,0.2393087699673703
GSE32646,2,clinical,GSM809249,0,0,0.1461771087531781
GSE32646,2,clinical,GSM809250,4,0,0.05923975899017305
GSE32646,2,clinical,GSM809251,1,0,0.4525169696642052
GSE32646,2,clinical,GSM809252,1,0,0.09452617600092215
GSE32646,2,clinical,GSM809253,1,1,0.10364632067307955
GSE32646,2,clinical,GSM809254,4,0,0.09949905486836927
GSE32646,2,clinical,GSM809255,4,0,0.5430386537503228
GSE32646,2,clinical,GSM809256,1,1,0.4273339232813157
GSE32646,2,clinical,GSM809257,3,0,0.12913656666420265
GSE32646,2,clinical,GSM809258,1,0,0.10804362375976859
GSE32646,2,clinical,GSM809259,2,0,0.10742528599921813
GSE32646,2,clinical,GSM809260,1,0,0.09857910138390995
GSE32646,2,clinical,GSM809261,4,0,0.263646534543862
GSE32646,2,clinical,GSM809262,0,0,0.11894267848028968
GSE32646,2,clinical,GSM809263,1,0,0.09940803907115092
GSE32646,2,clinical,GSM809264,0,0,0.4204760018852434
GSE32646,2,clinical,GSM809265,0,0,0.1461771087531781
GSE32646,2,clinical,GSM809266,3,1,0.4049626709447481
GSE32646,2,clinical,GSM809267,4,0,0.40378696296901245
GSE32646,2,clinical,GSM809268,3,0,0.14098629626912787
GSE32646,2,clinical,GSM809269,4,0,0.07882713002069505
GSE32646,2,clinical,GSM809270,2,0,0.13670850017824548
GSE32646,2,clinical,GSM809271,1,1,0.1098479915713271
GSE32646,2,clinical,GSM809272,0,1,0.34579199994384047
GSE32646,2,clinical,GSM809273,4,0,0.555692743900453
GSE32646,2,clinical,GSM809274,2,1,0.4520493745450981
GSE32646,2,clinical,GSM809275,0,0,0.2664751941723387
GSE32646,2,clinical,GSM809276,1,0,0.4387421641942295
GSE32646,2,clinical,GSM809277,3,0,0.35094706033268613
GSE32646,2,clinical,GSM809278,0,0,0.4792011373592857
GSE32646,2,clinical,GSM809279,0,0,0.11894267848028968
GSE32646,2,clinical,GSM809280,3,1,0.3887686932444715
GSE32646,2,clinical,GSM809281,2,0,0.478593705417716
GSE32646,2,clinical,GSM809282,3,0,0.3555845895321411
GSE32646,2,clinical,GSM809283,4,0,0.14896451384159223
GSE32646,2,clinical,GSM809284,3,0,0.12317039052552894
GSE32646,2,clinical,GSM809285,0,0,0.22960190861759175
GSE32646,2,clinical,GSM809286,1,0,0.09940803907115092
GSE32646,2,clinical,GSM809287,0,0,0.15118862040232342
GSE32646,2,clinical,GSM809288,2,0,0.10311801707854368
GSE32646,2,clinical,GSM809289,3,1,0.12913656666420265
GSE32646,2,clinical,GSM809290,3,0,0.12612329502374436
GSE32646,2,clinical,GSM809291,1,0,0.0898601364827603
GSE32646,2,clinical,GSM809292,0,0,0.11485540420176663
GSE32646,2,clinical,GSM809293,2,0,0.1196916666491322
GSE32646,2,clinical,GSM809294,2,1,0.48239918150055544
GSE32646,2,clinical,GSM809295,4,1,0.6175794020677693
GSE32646,2,clinical,GSM809296,4,0,0.07882713002069505
GSE32646,2,clinical,GSM809297,4,0,0.24428367866709594
GSE32646,2,clinical,GSM809298,1,1,0.1098479915713271
GSE32646,2,score,GSM809184,2,0,0.18132684978692235
GSE32646,2,score,GSM809185,4,1,0.45523322515894943
GSE32646,2,score,GSM809186,4,0,0.2156618136854674
GSE32646,2,score,GSM809187,2,0,0.29707341158708817
GSE32646,2,score,GSM809188,3,0,0.18083191492076509
GSE32646,2,score,GSM809189,1,0,0.0613994832258642
GSE32646,2,score,GSM809190,1,0,0.16652398476368513
GSE32646,2,score,GSM809191,0,0,0.20659957889714528
GSE32646,2,score,GSM809192,2,1,0.4376284837375347
GSE32646,2,score,GSM809193,1,0,0.0828145769101664
GSE32646,2,score,GSM809194,0,1,0.18160069119186334
GSE32646,2,score,GSM809195,0,0,0.12031689236090948
GSE32646,2,score,GSM809196,4,0,0.40541108743653226
GSE32646,2,score,GSM809197,2,0,0.08954736445723913
GSE32646,2,score,GSM809198,2,0,0.3935057192659787
GSE32646,2,score,GSM809199,3,0,0.263100335445043
GSE32646,2,score,GSM809200,4,0,0.38787643629824714
GSE32646,2,score,GSM809201,0,0,0.100291396495541
GSE32646,2,score,GSM809202,4,1,0.6825762865669582
GSE32646,2,score,GSM809203,3,1,0.5029840706764465
GSE32646,2,score,GSM809204,2,0,0.4019388820362294
GSE32646,2,score,GSM809205,3,0,0.15577832379875892
GSE32646,2,score,GSM809206,1,0,0.11586530855670386
GSE32646,2,score,GSM809207,3,0,0.1613667533666312
GSE32646,2,score,GSM809208,4,0,0.1454330479218527
GSE32646,2,score,GSM809209,2,0,0.5330631259914823
GSE32646,2,score,GSM809210,0,0,0.09763894334667961
GSE32646,2,score,GSM809211,4,0,0.578876701912703
GSE32646,2,score,GSM809212,1,0,0.290068238602052
GSE32646,2,score,GSM809213,2,1,0.18010314064772226
GSE32646,2,score,GSM809214,1,0,0.08068796815072954
GSE32646,2,score,GSM809215,0,0,0.25401897114156907
GSE32646,2,score,GSM809216,3,0,0.13869524542672762
GSE32646,2,score,GSM809217,0,0,0.1443053322286643
GSE32646,2,score,GSM809218,2,0,0.05169101333225538
GSE32646,2,score,GSM809219,3,0,0.1758745464590068
GSE32646,2,score,GSM809220,2,0,0.6647712232577938
GSE32646,2,score,GSM809221,2,0,0.20855528673922502
GSE32646,2,score,GSM809222,4,0,0.23499895531574683
GSE32646,2,score,GSM809223,2,0,0.2880607706152817
GSE32646,2,score,GSM809224,2,0,0.3469854590237123
GSE32646,2,score,GSM809225,2,1,0.20117066221438962
GSE32646,2,score,GSM809226,0,1,0.31514024549346287
GSE32646,2,score,GSM809227,0,0,0.5258896703338314
GSE32646,2,score,GSM809228,2,0,0.30014607402051907
GSE32646,2,score,GSM809229,4,1,0.4569899864938167
GSE32646,2,score,GSM809230,3,0,0.11711785393879333
GSE32646,2,score,GSM809231,4,1,0.6106944374445499
GSE32646,2,score,GSM809232,1,1,0.09317392739731908
GSE32646,2,score,GSM809233,3,0,0.10011091668622478
GSE32646,2,score,GSM809234,3,0,0.08980403376432233
GSE32646,2,score,GSM809235,3,0,0.09421769161932166
GSE32646,2,score,GSM809236,0,1,0.30507021647042387
GSE32646,2,score,GSM809237,3,1,0.5075630504497373
GSE32646,2,score,GSM809238,3,1,0.2589607499126283
GSE32646,2,score,GSM809239,1,0,0.31046751002154543
GSE32646,2,score,GSM809240,3,0,0.2059741410377612
GSE32646,2,score,GSM809241,0,0,0.14112057287870466
GSE32646,2,score,GSM809242,1,0,0.06987567527903729
GSE32646,2,score,GSM809243,1,0,0.09049990123799698
GSE32646,2,score,GSM809244,1,0,0.049778503550128195
GSE32646,2,score,GSM809245,2,0,0.32578551782848253
GSE32646,2,score,GSM809246,0,1,0.5975519857335245
GSE32646,2,score,GSM809247,4,0,0.6564571399831526
GSE32646,2,score,GSM809248,4,1,0.09731316402291622
GSE32646,2,score,GSM809249,0,0,0.14150261533252384
GSE32646,2,score,GSM809250,4,0,0.12315802991013793
GSE32646,2,score,GSM809251,1,0,0.07398122145674142
GSE32646,2,score,GSM809252,1,0,0.29091688631659
GSE32646,2,score,GSM809253,1,1,0.2299786619927599
GSE32646,2,score,GSM809254,4,0,0.07069378118237706
GSE32646,2,score,GSM809255,4,0,0.09736765839782213
GSE32646,2,score,GSM809256,1,1,0.32350848025596696
GSE32646,2,score,GSM809257,3,0,0.1998964493972024
GSE32646,2,score,GSM809258,1,0,0.07458525200233278
GSE32646,2,score,GSM809259,2,0,0.27499604646039333
GSE32646,2,score,GSM809260,1,0,0.07035795271086367
GSE32646,2,score,GSM809261,4,0,0.1895023700694931
GSE32646,2,score,GSM809262,0,0,0.14319361681846393
GSE32646,2,score,GSM809263,1,0,0.0857242234981077
GSE32646,2,score,GSM809264,0,0,0.23028551508751827
GSE32646,2,score,GSM809265,0,0,0.0670423398405139
GSE32646,2,score,GSM809266,3,1,0.13110437589878626
GSE32646,2,score,GSM809267,4,0,0.7218333348352587
GSE32646,2,score,GSM809268,3,0,0.09621878368627063
GSE32646,2,score,GSM809269,4,0,0.48287975891681156
GSE32646,2,score,GSM809270,2,0,0.16115816002343739
GSE32646,2,score,GSM809271,1,1,0.20408607379552313
GSE32646,2,score,GSM809272,0,1,0.5649158134715644
GSE32646,2,score,GSM809273,4,0,0.1295963345220144
GSE32646,2,score,GSM809274,2,1,0.31030619727489284
GSE32646,2,score,GSM809275,0,0,0.060763587946538224
GSE32646,2,score,GSM809276,1,0,0.35104086462324796
GSE32646,2,score,GSM809277,3,0,0.23200044699054748
GSE32646,2,score,GSM809278,0,0,0.4183462908716832
GSE32646,2,score,GSM809279,0,0,0.17764414710955528
GSE32646,2,score,GSM809280,3,1,0.24229158104232773
GSE32646,2,score,GSM809281,2,0,0.08988339333746576
GSE32646,2,score,GSM809282,3,0,0.32247919304349704
GSE32646,2,score,GSM809283,4,0,0.08113031843323017
GSE32646,2,score,GSM809284,3,0,0.18796374796790413
GSE32646,2,score,GSM809285,0,0,0.13018491116943587
GSE32646,2,score,GSM809286,1,0,0.14067232279461223
GSE32646,2,score,GSM809287,0,0,0.1899921436189374
GSE32646,2,score,GSM809288,2,0,0.07290598161900196
GSE32646,2,score,GSM809289,3,1,0.35043072775387085
GSE32646,2,score,GSM809290,3,0,0.10640111226754839
GSE32646,2,score,GSM809291,1,0,0.08249515133758219
GSE32646,2,score,GSM809292,0,0,0.1252656051248375
GSE32646,2,score,GSM809293,2,0,0.06698216040846577
GSE32646,2,score,GSM809294,2,1,0.7428513098568441
GSE32646,2,score,GSM809295,4,1,0.21624331399129515
GSE32646,2,score,GSM809296,4,0,0.07172271635120799
GSE32646,2,score,GSM809297,4,0,0.22632749753065595
GSE32646,2,score,GSM809298,1,1,0.16174062550163462
GSE32646,2,combined,GSM809184,2,0,0.10759400420237711
GSE32646,2,combined,GSM809185,4,1,0.5792821697638884
GSE32646,2,combined,GSM809186,4,0,0.5251154848164252
GSE32646,2,combined,GSM809187,2,0,0.19733431540373544
GSE32646,2,combined,GSM809188,3,0,0.12356084028636036
GSE32646,2,combined,GSM809189,1,0,0.05388738081463021
GSE32646,2,combined,GSM809190,1,0,0.09835770676494417
GSE32646,2,combined,GSM809191,0,0,0.13073306022969006
GSE32646,2,combined,GSM809192,2,1,0.27372528647979255
GSE32646,2,combined,GSM809193,1,0,0.056742782087261946
GSE32646,2,combined,GSM809194,0,1,0.06964923653012094
GSE32646,2,combined,GSM809195,0,0,0.11698743609676956
GSE32646,2,combined,GSM809196,4,0,0.10803326687662798
GSE32646,2,combined,GSM809197,2,0,0.05940871874526412
GSE32646,2,combined,GSM809198,2,0,0.2307250619103095
GSE32646,2,combined,GSM809199,3,0,0.17955499075390893
GSE32646,2,combined,GSM809200,4,0,0.39102769837430273
GSE32646,2,combined,GSM809201,0,0,0.062318120371814015
GSE32646,2,combined,GSM809202,4,1,0.8477139723575503
GSE32646,2,combined,GSM809203,3,1,0.5316356367247776
GSE32646,2,combined,GSM809204,2,0,0.3710753870092653
GSE32646,2,combined,GSM809205,3,0,0.10939423095521011
GSE32646,2,combined,GSM809206,1,0,0.06339289385256795
GSE32646,2,combined,GSM809207,3,0,0.136739670916009
GSE32646,2,combined,GSM809208,4,0,0.19333962028422785
GSE32646,2,combined,GSM809209,2,0,0.5423197539144415
GSE32646,2,combined,GSM809210,0,0,0.06887881645787113
GSE32646,2,combined,GSM809211,4,0,0.7919061072750861
GSE32646,2,combined,GSM809212,1,0,0.12368112581049555
GSE32646,2,combined,GSM809213,2,1,0.10700941332629446
GSE32646,2,combined,GSM809214,1,0,0.16787071974007992
GSE32646,2,combined,GSM809215,0,0,0.0849253670662433
GSE32646,2,combined,GSM809216,3,0,0.11767786765511035
GSE32646,2,combined,GSM809217,0,0,0.12570505838306148
GSE32646,2,combined,GSM809218,2,0,0.03836717674973595
GSE32646,2,combined,GSM809219,3,0,0.14787732489385283
GSE32646,2,combined,GSM809220,2,0,0.7171892526968378
GSE32646,2,combined,GSM809221,2,0,0.3110599593775208
GSE32646,2,combined,GSM809222,4,0,0.4461035480606944
GSE32646,2,combined,GSM809223,2,0,0.17808637746229225
GSE32646,2,combined,GSM809224,2,0,0.5189520389961743
GSE32646,2,combined,GSM809225,2,1,0.37224742152405316
GSE32646,2,combined,GSM809226,0,1,0.49489961316950026
GSE32646,2,combined,GSM809227,0,0,0.5305009590001067
GSE32646,2,combined,GSM809228,2,0,0.21055601802577298
GSE32646,2,combined,GSM809229,4,1,0.35138194563108416
GSE32646,2,combined,GSM809230,3,0,0.17475550521106462
GSE32646,2,combined,GSM809231,4,1,0.2705891080426742
GSE32646,2,combined,GSM809232,1,1,0.24535277078953477
GSE32646,2,combined,GSM809233,3,0,0.08285876596075371
GSE32646,2,combined,GSM809234,3,0,0.08474869876488847
GSE32646,2,combined,GSM809235,3,0,0.08795314980234054
GSE32646,2,combined,GSM809236,0,1,0.3286720063621995
GSE32646,2,combined,GSM809237,3,1,0.56694094474987
GSE32646,2,combined,GSM809238,3,1,0.3443482661109823
GSE32646,2,combined,GSM809239,1,0,0.4762225726712336
GSE32646,2,combined,GSM809240,3,0,0.14471864917464372
GSE32646,2,combined,GSM809241,0,0,0.038113814515121365
GSE32646,2,combined,GSM809242,1,0,0.059804346057262064
GSE32646,2,combined,GSM809243,1,0,0.05435706710300872
GSE32646,2,combined,GSM809244,1,0,0.036454891949870685
GSE32646,2,combined,GSM809245,2,0,0.3913563614227459
GSE32646,2,combined,GSM809246,0,1,0.59904670880809
GSE32646,2,combined,GSM809247,4,0,0.709076799532069
GSE32646,2,combined,GSM809248,4,1,0.06066065972124724
GSE32646,2,combined,GSM809249,0,0,0.11451768365109115
GSE32646,2,combined,GSM809250,4,0,0.03711365465959611
GSE32646,2,combined,GSM809251,1,0,0.19819218936059224
GSE32646,2,combined,GSM809252,1,0,0.1436248667608892
GSE32646,2,combined,GSM809253,1,1,0.13575964343048338
GSE32646,2,combined,GSM809254,4,0,0.045146222681371403
GSE32646,2,combined,GSM809255,4,0,0.26414782755575383
GSE32646,2,combined,GSM809256,1,1,0.42366761713680456
GSE32646,2,combined,GSM809257,3,0,0.1454854450445622
GSE32646,2,combined,GSM809258,1,0,0.06345051108185638
GSE32646,2,combined,GSM809259,2,0,0.15825911486345132
GSE32646,2,combined,GSM809260,1,0,0.05258832107600632
GSE32646,2,combined,GSM809261,4,0,0.3588563703555687
GSE32646,2,combined,GSM809262,0,0,0.09141183635549155
GSE32646,2,combined,GSM809263,1,0,0.06134041155751204
GSE32646,2,combined,GSM809264,0,0,0.3573646150969862
GSE32646,2,combined,GSM809265,0,0,0.06202704488914038
GSE32646,2,combined,GSM809266,3,1,0.24490446627452409
GSE32646,2,combined,GSM809267,4,0,0.7217477485318612
GSE32646,2,combined,GSM809268,3,0,0.09527259053460235
GSE32646,2,combined,GSM809269,4,0,0.2226798153837424
GSE32646,2,combined,GSM809270,2,0,0.14808053023917472
GSE32646,2,combined,GSM809271,1,1,0.1349185737794527
GSE32646,2,combined,GSM809272,0,1,0.5620284060529481
GSE32646,2,combined,GSM809273,4,0,0.3352273387660873
GSE32646,2,combined,GSM809274,2,1,0.4298571619719818
GSE32646,2,combined,GSM809275,0,0,0.12234725584283922
GSE32646,2,combined,GSM809276,1,0,0.4622519540018291
GSE32646,2,combined,GSM809277,3,0,0.2709595541588464
GSE32646,2,combined,GSM809278,0,0,0.5948800538852048
GSE32646,2,combined,GSM809279,0,0,0.11015346578546562
GSE32646,2,combined,GSM809280,3,1,0.33951219220820295
GSE32646,2,combined,GSM809281,2,0,0.22490270676544558
GSE32646,2,combined,GSM809282,3,0,0.35316195289374247
GSE32646,2,combined,GSM809283,4,0,0.08855409506092815
GSE32646,2,combined,GSM809284,3,0,0.1275636557687152
GSE32646,2,combined,GSM809285,0,0,0.1807470935586769
GSE32646,2,combined,GSM809286,1,0,0.08785205697300047
GSE32646,2,combined,GSM809287,0,0,0.1523054031152812
GSE32646,2,combined,GSM809288,2,0,0.05197036441469334
GSE32646,2,combined,GSM809289,3,1,0.23529328993332396
GSE32646,2,combined,GSM809290,3,0,0.08417298023888922
GSE32646,2,combined,GSM809291,1,0,0.05084235147898762
GSE32646,2,combined,GSM809292,0,0,0.07834561035924133
GSE32646,2,combined,GSM809293,2,0,0.0622679310237715
GSE32646,2,combined,GSM809294,2,1,0.7822769814233408
GSE32646,2,combined,GSM809295,4,1,0.5422541706146297
GSE32646,2,combined,GSM809296,4,0,0.03330408020020304
GSE32646,2,combined,GSM809297,4,0,0.3724352053869826
GSE32646,2,combined,GSM809298,1,1,0.11343912919916173
GSE32646,3,intercept,GSM809184,1,0,0.2391304347826087
GSE32646,3,intercept,GSM809185,2,1,0.2391304347826087
GSE32646,3,intercept,GSM809186,0,0,0.2391304347826087
GSE32646,3,intercept,GSM809187,2,0,0.2391304347826087
GSE32646,3,intercept,GSM809188,2,0,0.2391304347826087
GSE32646,3,intercept,GSM809189,4,0,0.22826086956521738
GSE32646,3,intercept,GSM809190,2,0,0.2391304347826087
GSE32646,3,intercept,GSM809191,0,0,0.2391304347826087
GSE32646,3,intercept,GSM809192,3,1,0.22826086956521738
GSE32646,3,intercept,GSM809193,4,0,0.22826086956521738
GSE32646,3,intercept,GSM809194,0,1,0.2391304347826087
GSE32646,3,intercept,GSM809195,4,0,0.22826086956521738
GSE32646,3,intercept,GSM809196,0,0,0.2391304347826087
GSE32646,3,intercept,GSM809197,1,0,0.2391304347826087
GSE32646,3,intercept,GSM809198,2,0,0.2391304347826087
GSE32646,3,intercept,GSM809199,2,0,0.2391304347826087
GSE32646,3,intercept,GSM809200,1,0,0.2391304347826087
GSE32646,3,intercept,GSM809201,0,0,0.2391304347826087
GSE32646,3,intercept,GSM809202,1,1,0.2391304347826087
GSE32646,3,intercept,GSM809203,4,1,0.22826086956521738
GSE32646,3,intercept,GSM809204,2,0,0.2391304347826087
GSE32646,3,intercept,GSM809205,2,0,0.2391304347826087
GSE32646,3,intercept,GSM809206,2,0,0.2391304347826087
GSE32646,3,intercept,GSM809207,4,0,0.22826086956521738
GSE32646,3,intercept,GSM809208,0,0,0.2391304347826087
GSE32646,3,intercept,GSM809209,4,0,0.22826086956521738
GSE32646,3,intercept,GSM809210,0,0,0.2391304347826087
GSE32646,3,intercept,GSM809211,3,0,0.22826086956521738
GSE32646,3,intercept,GSM809212,3,0,0.22826086956521738
GSE32646,3,intercept,GSM809213,4,1,0.22826086956521738
GSE32646,3,intercept,GSM809214,4,0,0.22826086956521738
GSE32646,3,intercept,GSM809215,0,0,0.2391304347826087
GSE32646,3,intercept,GSM809216,3,0,0.22826086956521738
GSE32646,3,intercept,GSM809217,3,0,0.22826086956521738
GSE32646,3,intercept,GSM809218,1,0,0.2391304347826087
GSE32646,3,intercept,GSM809219,4,0,0.22826086956521738
GSE32646,3,intercept,GSM809220,1,0,0.2391304347826087
GSE32646,3,intercept,GSM809221,3,0,0.22826086956521738
GSE32646,3,intercept,GSM809222,3,0,0.22826086956521738
GSE32646,3,intercept,GSM809223,4,0,0.22826086956521738
GSE32646,3,intercept,GSM809224,0,0,0.2391304347826087
GSE32646,3,intercept,GSM809225,1,1,0.2391304347826087
GSE32646,3,intercept,GSM809226,1,1,0.2391304347826087
GSE32646,3,intercept,GSM809227,0,0,0.2391304347826087
GSE32646,3,intercept,GSM809228,4,0,0.22826086956521738
GSE32646,3,intercept,GSM809229,3,1,0.22826086956521738
GSE32646,3,intercept,GSM809230,4,0,0.22826086956521738
GSE32646,3,intercept,GSM809231,3,1,0.22826086956521738
GSE32646,3,intercept,GSM809232,2,1,0.2391304347826087
GSE32646,3,intercept,GSM809233,2,0,0.2391304347826087
GSE32646,3,intercept,GSM809234,3,0,0.22826086956521738
GSE32646,3,intercept,GSM809235,2,0,0.2391304347826087
GSE32646,3,intercept,GSM809236,2,1,0.2391304347826087
GSE32646,3,intercept,GSM809237,4,1,0.22826086956521738
GSE32646,3,intercept,GSM809238,2,1,0.2391304347826087
GSE32646,3,intercept,GSM809239,1,0,0.2391304347826087
GSE32646,3,intercept,GSM809240,2,0,0.2391304347826087
GSE32646,3,intercept,GSM809241,1,0,0.2391304347826087
GSE32646,3,intercept,GSM809242,3,0,0.22826086956521738
GSE32646,3,intercept,GSM809243,4,0,0.22826086956521738
GSE32646,3,intercept,GSM809244,1,0,0.2391304347826087
GSE32646,3,intercept,GSM809245,2,0,0.2391304347826087
GSE32646,3,intercept,GSM809246,0,1,0.2391304347826087
GSE32646,3,intercept,GSM809247,3,0,0.22826086956521738
GSE32646,3,intercept,GSM809248,1,1,0.2391304347826087
GSE32646,3,intercept,GSM809249,2,0,0.2391304347826087
GSE32646,3,intercept,GSM809250,2,0,0.2391304347826087
GSE32646,3,intercept,GSM809251,1,0,0.2391304347826087
GSE32646,3,intercept,GSM809252,4,0,0.22826086956521738
GSE32646,3,intercept,GSM809253,3,1,0.22826086956521738
GSE32646,3,intercept,GSM809254,1,0,0.2391304347826087
GSE32646,3,intercept,GSM809255,4,0,0.22826086956521738
GSE32646,3,intercept,GSM809256,4,1,0.22826086956521738
GSE32646,3,intercept,GSM809257,1,0,0.2391304347826087
GSE32646,3,intercept,GSM809258,0,0,0.2391304347826087
GSE32646,3,intercept,GSM809259,0,0,0.2391304347826087
GSE32646,3,intercept,GSM809260,1,0,0.2391304347826087
GSE32646,3,intercept,GSM809261,3,0,0.22826086956521738
GSE32646,3,intercept,GSM809262,2,0,0.2391304347826087
GSE32646,3,intercept,GSM809263,2,0,0.2391304347826087
GSE32646,3,intercept,GSM809264,2,0,0.2391304347826087
GSE32646,3,intercept,GSM809265,3,0,0.22826086956521738
GSE32646,3,intercept,GSM809266,3,1,0.22826086956521738
GSE32646,3,intercept,GSM809267,1,0,0.2391304347826087
GSE32646,3,intercept,GSM809268,3,0,0.22826086956521738
GSE32646,3,intercept,GSM809269,4,0,0.22826086956521738
GSE32646,3,intercept,GSM809270,0,0,0.2391304347826087
GSE32646,3,intercept,GSM809271,4,1,0.22826086956521738
GSE32646,3,intercept,GSM809272,4,1,0.22826086956521738
GSE32646,3,intercept,GSM809273,1,0,0.2391304347826087
GSE32646,3,intercept,GSM809274,2,1,0.2391304347826087
GSE32646,3,intercept,GSM809275,3,0,0.22826086956521738
GSE32646,3,intercept,GSM809276,4,0,0.22826086956521738
GSE32646,3,intercept,GSM809277,0,0,0.2391304347826087
GSE32646,3,intercept,GSM809278,0,0,0.2391304347826087
GSE32646,3,intercept,GSM809279,4,0,0.22826086956521738
GSE32646,3,intercept,GSM809280,0,1,0.2391304347826087
GSE32646,3,intercept,GSM809281,4,0,0.22826086956521738
GSE32646,3,intercept,GSM809282,0,0,0.2391304347826087
GSE32646,3,intercept,GSM809283,3,0,0.22826086956521738
GSE32646,3,intercept,GSM809284,1,0,0.2391304347826087
GSE32646,3,intercept,GSM809285,3,0,0.22826086956521738
GSE32646,3,intercept,GSM809286,3,0,0.22826086956521738
GSE32646,3,intercept,GSM809287,0,0,0.2391304347826087
GSE32646,3,intercept,GSM809288,0,0,0.2391304347826087
GSE32646,3,intercept,GSM809289,0,1,0.2391304347826087
GSE32646,3,intercept,GSM809290,2,0,0.2391304347826087
GSE32646,3,intercept,GSM809291,1,0,0.2391304347826087
GSE32646,3,intercept,GSM809292,1,0,0.2391304347826087
GSE32646,3,intercept,GSM809293,0,0,0.2391304347826087
GSE32646,3,intercept,GSM809294,3,1,0.22826086956521738
GSE32646,3,intercept,GSM809295,0,1,0.2391304347826087
GSE32646,3,intercept,GSM809296,3,0,0.22826086956521738
GSE32646,3,intercept,GSM809297,1,0,0.2391304347826087
GSE32646,3,intercept,GSM809298,1,1,0.2391304347826087
GSE32646,3,clinical,GSM809184,1,0,0.11459003890182122
GSE32646,3,clinical,GSM809185,2,1,0.3842807371912298
GSE32646,3,clinical,GSM809186,0,0,0.553308580200646
GSE32646,3,clinical,GSM809187,2,0,0.15463697266829293
GSE32646,3,clinical,GSM809188,2,0,0.13303016876206855
GSE32646,3,clinical,GSM809189,4,0,0.12339530620774586
GSE32646,3,clinical,GSM809190,2,0,0.14349535573532404
GSE32646,3,clinical,GSM809191,0,0,0.10367046456976162
GSE32646,3,clinical,GSM809192,3,1,0.12239676398250042
GSE32646,3,clinical,GSM809193,4,0,0.10036264781517473
GSE32646,3,clinical,GSM809194,0,1,0.07323012259421356
GSE32646,3,clinical,GSM809195,4,0,0.1255067696095497
GSE32646,3,clinical,GSM809196,0,0,0.06748227004751964
GSE32646,3,clinical,GSM809197,1,0,0.11039976179706952
GSE32646,3,clinical,GSM809198,2,0,0.14759303113789685
GSE32646,3,clinical,GSM809199,2,0,0.14081650387358238
GSE32646,3,clinical,GSM809200,1,0,0.403980079022497
GSE32646,3,clinical,GSM809201,0,0,0.09578026871232598
GSE32646,3,clinical,GSM809202,1,1,0.49196899909660674
GSE32646,3,clinical,GSM809203,4,1,0.41636412901821074
GSE32646,3,clinical,GSM809204,2,0,0.319298156482092
GSE32646,3,clinical,GSM809205,2,0,0.13303016876206855
GSE32646,3,clinical,GSM809206,2,0,0.12682279431978927
GSE32646,3,clinical,GSM809207,4,0,0.12764910188280512
GSE32646,3,clinical,GSM809208,0,0,0.4294261482959598
GSE32646,3,clinical,GSM809209,4,0,0.37469644132841823
GSE32646,3,clinical,GSM809210,0,0,0.10367046456976162
GSE32646,3,clinical,GSM809211,3,0,0.5107360901244387
GSE32646,3,clinical,GSM809212,3,0,0.05358131892673133
GSE32646,3,clinical,GSM809213,4,1,0.10212590644396306
GSE32646,3,clinical,GSM809214,4,0,0.3701672840818254
GSE32646,3,clinical,GSM809215,0,0,0.06748227004751964
GSE32646,3,clinical,GSM809216,3,0,0.12648940028379074
GSE32646,3,clinical,GSM809217,3,0,0.12648940028379074
GSE32646,3,clinical,GSM809218,1,0,0.10835536910599566
GSE32646,3,clinical,GSM809219,4,0,0.12982257384701978
GSE32646,3,clinical,GSM809220,1,0,0.455359952688747
GSE32646,3,clinical,GSM809221,3,0,0.35533894926826476
GSE32646,3,clinical,GSM809222,3,0,0.20894058539196572
GSE32646,3,clinical,GSM809223,4,0,0.11329130017309484
GSE32646,3,clinical,GSM809224,0,0,0.5241847969330208
GSE32646,3,clinical,GSM809225,1,1,0.47101368447223385
GSE32646,3,clinical,GSM809226,1,1,0.476245832348925
GSE32646,3,clinical,GSM809227,0,0,0.42226038898742235
GSE32646,3,clinical,GSM809228,4,0,0.12764910188280512
GSE32646,3,clinical,GSM809229,3,1,0.11455284927733611
GSE32646,3,clinical,GSM809230,4,0,0.3701672840818254
GSE32646,3,clinical,GSM809231,3,1,0.20636932395344929
GSE32646,3,clinical,GSM809232,2,1,0.41590397684080915
GSE32646,3,clinical,GSM809233,2,0,0.14215066513638272
GSE32646,3,clinical,GSM809234,3,0,0.1306985037123675
GSE32646,3,clinical,GSM809235,2,0,0.15607828880562177
GSE32646,3,clinical,GSM809236,2,1,0.36117387617062513
GSE32646,3,clinical,GSM809237,4,1,0.46890101157193376
GSE32646,3,clinical,GSM809238,2,1,0.3842807371912298
GSE32646,3,clinical,GSM809239,1,0,0.5077080692746311
GSE32646,3,clinical,GSM809240,2,0,0.13949282829485113
GSE32646,3,clinical,GSM809241,1,0,0.07991915558248874
GSE32646,3,clinical,GSM809242,3,0,0.13502601984909646
GSE32646,3,clinical,GSM809243,4,0,0.08720677551490572
GSE32646,3,clinical,GSM809244,1,0,0.10050734973438874
GSE32646,3,clinical,GSM809245,2,0,0.3536063242840248
GSE32646,3,clinical,GSM809246,0,1,0.4294261482959598
GSE32646,3,clinical,GSM809247,3,0,0.4084774540496171
GSE32646,3,clinical,GSM809248,1,1,0.34507601040913
GSE32646,3,clinical,GSM809249,2,0,0.15178698357245954
GSE32646,3,clinical,GSM809250,2,0,0.1280441314857463
GSE32646,3,clinical,GSM809251,1,0,0.47101368447223385
GSE32646,3,clinical,GSM809252,4,0,0.09691712772758156
GSE32646,3,clinical,GSM809253,3,1,0.11841859562003697
GSE32646,3,clinical,GSM809254,1,0,0.1167366633130647
GSE32646,3,clinical,GSM809255,4,0,0.46407825699564464
GSE32646,3,clinical,GSM809256,4,1,0.4069777219305737
GSE32646,3,clinical,GSM809257,1,0,0.1189180996786352
GSE32646,3,clinical,GSM809258,0,0,0.13423655603457246
GSE32646,3,clinical,GSM809259,0,0,0.10097851635571796
GSE32646,3,clinical,GSM809260,1,0,0.1189180996786352
GSE32646,3,clinical,GSM809261,3,0,0.19679411854750134
GSE32646,3,clinical,GSM809262,2,0,0.14349535573532404
GSE32646,3,clinical,GSM809263,2,0,0.14485061873387733
GSE32646,3,clinical,GSM809264,2,0,0.3868829079286605
GSE32646,3,clinical,GSM809265,3,0,0.11841859562003697
GSE32646,3,clinical,GSM809266,3,1,0.5574391859989718
GSE32646,3,clinical,GSM809267,1,0,0.4192270970141159
GSE32646,3,clinical,GSM809268,3,0,0.15850320883511343
GSE32646,3,clinical,GSM809269,4,0,0.09523426266017937
GSE32646,3,clinical,GSM809270,0,0,0.15991640406398233
GSE32646,3,clinical,GSM809271,4,1,0.13202745238876473
GSE32646,3,clinical,GSM809272,4,1,0.4023094121406389
GSE32646,3,clinical,GSM809273,1,0,0.48148319942823187
GSE32646,3,clinical,GSM809274,2,1,0.3765143858966793
GSE32646,3,clinical,GSM809275,3,0,0.21521737000463567
GSE32646,3,clinical,GSM809276,4,0,0.43055614684704624
GSE32646,3,clinical,GSM809277,0,0,0.33303084676815525
GSE32646,3,clinical,GSM809278,0,0,0.5241847969330208
GSE32646,3,clinical,GSM809279,4,0,0.1057349237749803
GSE32646,3,clinical,GSM809280,0,1,0.5022224638415421
GSE32646,3,clinical,GSM809281,4,0,0.4544537641282567
GSE32646,3,clinical,GSM809282,0,0,0.35283886003820353
GSE32646,3,clinical,GSM809283,3,0,0.12648940028379074
GSE32646,3,clinical,GSM809284,1,0,0.10242067873017947
GSE32646,3,clinical,GSM809285,3,0,0.18518846598998037
GSE32646,3,clinical,GSM809286,3,0,0.10017189039892496
GSE32646,3,clinical,GSM809287,0,0,0.12118658491880566
GSE32646,3,clinical,GSM809288,0,0,0.09327188067150718
GSE32646,3,clinical,GSM809289,0,1,0.10097851635571796
GSE32646,3,clinical,GSM809290,2,0,0.13817959417647818
GSE32646,3,clinical,GSM809291,1,0,0.09677575566412601
GSE32646,3,clinical,GSM809292,1,0,0.11673666331306469
GSE32646,3,clinical,GSM809293,0,0,0.12434274270359227
GSE32646,3,clinical,GSM809294,3,1,0.4731985414038832
GSE32646,3,clinical,GSM809295,0,1,0.5605405437263992
GSE32646,3,clinical,GSM809296,3,0,0.07883584106382308
GSE32646,3,clinical,GSM809297,1,0,0.17037494043933318
GSE32646,3,clinical,GSM809298,1,1,0.1506026152657381
GSE32646,3,score,GSM809184,1,0,0.16085101555513312
GSE32646,3,score,GSM809185,2,1,0.40196245143841297
GSE32646,3,score,GSM809186,0,0,0.21863745022053244
GSE32646,3,score,GSM809187,2,0,0.2743850125303568
GSE32646,3,score,GSM809188,2,0,0.18145477484076553
GSE32646,3,score,GSM809189,4,0,0.0821093179435978
GSE32646,3,score,GSM809190,2,0,0.18299791963273693
GSE32646,3,score,GSM809191,0,0,0.2045147161402469
GSE32646,3,score,GSM809192,3,1,0.3825316742395641
GSE32646,3,score,GSM809193,4,0,0.1053430254090253
GSE32646,3,score,GSM809194,0,1,0.17586672080539248
GSE32646,3,score,GSM809195,4,0,0.11710098446214358
GSE32646,3,score,GSM809196,0,0,0.38485132450559933
GSE32646,3,score,GSM809197,1,0,0.07343417152339334
GSE32646,3,score,GSM809198,2,0,0.3557034806048488
GSE32646,3,score,GSM809199,2,0,0.27554123551292975
GSE32646,3,score,GSM809200,1,0,0.37215615427088095
GSE32646,3,score,GSM809201,0,0,0.0873667218296935
GSE32646,3,score,GSM809202,1,1,0.6739651859842732
GSE32646,3,score,GSM809203,4,1,0.526780779139906
GSE32646,3,score,GSM809204,2,0,0.3628578479142707
GSE32646,3,score,GSM809205,2,0,0.15345056660206596
GSE32646,3,score,GSM809206,2,0,0.1317514930727831
GSE32646,3,score,GSM809207,4,0,0.1660377607964632
GSE32646,3,score,GSM809208,0,0,0.1546381944128901
GSE32646,3,score,GSM809209,4,0,0.4580318066029396
GSE32646,3,score,GSM809210,0,0,0.08464417198943684
GSE32646,3,score,GSM809211,3,0,0.48872590015299594
GSE32646,3,score,GSM809212,3,0,0.2958724305850385
GSE32646,3,score,GSM809213,4,1,0.18066685802137294
GSE32646,3,score,GSM809214,4,0,0.10308791216057785
GSE32646,3,score,GSM809215,0,0,0.26000082418918025
GSE32646,3,score,GSM809216,3,0,0.13506009997222101
GSE32646,3,score,GSM809217,3,0,0.13375828436193163
GSE32646,3,score,GSM809218,1,0,0.04003176262312795
GSE32646,3,score,GSM809219,4,0,0.18144088891612778
GSE32646,3,score,GSM809220,1,0,0.6754385989248383
GSE32646,3,score,GSM809221,3,0,0.19751130549644316
GSE32646,3,score,GSM809222,3,0,0.22349187427663111
GSE32646,3,score,GSM809223,4,0,0.2662223554310602
GSE32646,3,score,GSM809224,0,0,0.3346464723852593
GSE32646,3,score,GSM809225,1,1,0.18060883575177947
GSE32646,3,score,GSM809226,1,1,0.3297608312908208
GSE32646,3,score,GSM809227,0,0,0.5815388494029164
GSE32646,3,score,GSM809228,4,0,0.27559607862462804
GSE32646,3,score,GSM809229,3,1,0.3921892809295229
GSE32646,3,score,GSM809230,4,0,0.11924550533242985
GSE32646,3,score,GSM809231,3,1,0.51516737646109
GSE32646,3,score,GSM809232,2,1,0.1081079736520041
GSE32646,3,score,GSM809233,2,0,0.09313647771323073
GSE32646,3,score,GSM809234,3,0,0.08408815109929993
GSE32646,3,score,GSM809235,2,0,0.08695659084156032
GSE32646,3,score,GSM809236,2,1,0.3037929352104368
GSE32646,3,score,GSM809237,4,1,0.5315128744104479
GSE32646,3,score,GSM809238,2,1,0.27075741775298606
GSE32646,3,score,GSM809239,1,0,0.3385548462959811
GSE32646,3,score,GSM809240,2,0,0.209928541568396
GSE32646,3,score,GSM809241,1,0,0.10979196044617544
GSE32646,3,score,GSM809242,3,0,0.08493737988249382
GSE32646,3,score,GSM809243,4,0,0.11341015972356762
GSE32646,3,score,GSM809244,1,0,0.04238403179738686
GSE32646,3,score,GSM809245,2,0,0.298547108050696
GSE32646,3,score,GSM809246,0,1,0.6612014515315546
GSE32646,3,score,GSM809247,3,0,0.5544690363390856
GSE32646,3,score,GSM809248,1,1,0.08837023096043072
GSE32646,3,score,GSM809249,2,0,0.13042200118948416
GSE32646,3,score,GSM809250,2,0,0.13277976712449688
GSE32646,3,score,GSM809251,1,0,0.06676816554763476
GSE32646,3,score,GSM809252,4,0,0.29976075620516185
GSE32646,3,score,GSM809253,3,1,0.24113725037315034
GSE32646,3,score,GSM809254,1,0,0.063558966869356
GSE32646,3,score,GSM809255,4,0,0.11758477391208508
GSE32646,3,score,GSM809256,4,1,0.3278841732859424
GSE32646,3,score,GSM809257,1,0,0.1921891546931419
GSE32646,3,score,GSM809258,0,0,0.08645197805424863
GSE32646,3,score,GSM809259,0,0,0.26794231667258817
GSE32646,3,score,GSM809260,1,0,0.06303157394471695
GSE32646,3,score,GSM809261,3,0,0.18784457809598185
GSE32646,3,score,GSM809262,2,0,0.1321441214100316
GSE32646,3,score,GSM809263,2,0,0.10022611724695327
GSE32646,3,score,GSM809264,2,0,0.22316654811003916
GSE32646,3,score,GSM809265,3,0,0.05917986668689823
GSE32646,3,score,GSM809266,3,1,0.12702987164712826
GSE32646,3,score,GSM809267,1,0,0.7146966983023928
GSE32646,3,score,GSM809268,3,0,0.090661787130227
GSE32646,3,score,GSM809269,4,0,0.4104422331283119
GSE32646,3,score,GSM809270,0,0,0.16159072291233065
GSE32646,3,score,GSM809271,4,1,0.2228360605494412
GSE32646,3,score,GSM809272,4,1,0.5610873846177938
GSE32646,3,score,GSM809273,1,0,0.1188271608158347
GSE32646,3,score,GSM809274,2,1,0.285520940642532
GSE32646,3,score,GSM809275,3,0,0.05331487422062855
GSE32646,3,score,GSM809276,4,0,0.3514446553509703
GSE32646,3,score,GSM809277,0,0,0.2502368350223253
GSE32646,3,score,GSM809278,0,0,0.4562787714197831
GSE32646,3,score,GSM809279,4,0,0.1736395537594992
GSE32646,3,score,GSM809280,0,1,0.2632539720887802
GSE32646,3,score,GSM809281,4,0,0.10307316219105278
GSE32646,3,score,GSM809282,0,0,0.3653679607429949
GSE32646,3,score,GSM809283,3,0,0.09585412368969819
GSE32646,3,score,GSM809284,1,0,0.17631730485503186
GSE32646,3,score,GSM809285,3,0,0.11985899925807443
GSE32646,3,score,GSM809286,3,0,0.15675294900526918
GSE32646,3,score,GSM809287,0,0,0.1854262552427362
GSE32646,3,score,GSM809288,0,0,0.07665748047675246
GSE32646,3,score,GSM809289,0,1,0.4008473493796558
GSE32646,3,score,GSM809290,2,0,0.09978357303830722
GSE32646,3,score,GSM809291,1,0,0.07565083366099673
GSE32646,3,score,GSM809292,1,0,0.09299819185659267
GSE32646,3,score,GSM809293,0,0,0.07079367990852067
GSE32646,3,score,GSM809294,3,1,0.6545971223627367
GSE32646,3,score,GSM809295,0,1,0.21915771602456371
GSE32646,3,score,GSM809296,3,0,0.08698231321371463
GSE32646,3,score,GSM809297,1,0,0.21196104622536882
GSE32646,3,score,GSM809298,1,1,0.16327774634196573
GSE32646,3,combined,GSM809184,1,0,0.09991309963591968
GSE32646,3,combined,GSM809185,2,1,0.4505626363984479
GSE32646,3,combined,GSM809186,0,0,0.47475277084257217
GSE32646,3,combined,GSM809187,2,0,0.24266749713432298
GSE32646,3,combined,GSM809188,2,0,0.13203163261752013
GSE32646,3,combined,GSM809189,4,0,0.07936136361657131
GSE32646,3,combined,GSM809190,2,0,0.14946511616031843
GSE32646,3,combined,GSM809191,0,0,0.11621859889916755
GSE32646,3,combined,GSM809192,3,1,0.2275210464363702
GSE32646,3,combined,GSM809193,4,0,0.07120994921855474
GSE32646,3,combined,GSM809194,0,1,0.06850923992943664
GSE32646,3,combined,GSM809195,4,0,0.10206715206865634
GSE32646,3,combined,GSM809196,0,0,0.1252358973664329
GSE32646,3,combined,GSM809197,1,0,0.045156688133735884
GSE32646,3,combined,GSM809198,2,0,0.2919144834148703
GSE32646,3,combined,GSM809199,2,0,0.21385639312187799
GSE32646,3,combined,GSM809200,1,0,0.4222071032175723
GSE32646,3,combined,GSM809201,0,0,0.055265386661669
GSE32646,3,combined,GSM809202,1,1,0.8054405059143289
GSE32646,3,combined,GSM809203,4,1,0.5566114219201689
GSE32646,3,combined,GSM809204,2,0,0.31328736559693643
GSE32646,3,combined,GSM809205,2,0,0.112839958377237
GSE32646,3,combined,GSM809206,2,0,0.09074720534487969
GSE32646,3,combined,GSM809207,4,0,0.13124828451943024
GSE32646,3,combined,GSM809208,0,0,0.27076649921907475
GSE32646,3,combined,GSM809209,4,0,0.45789529055477524
GSE32646,3,combined,GSM809210,0,0,0.059513677378218444
GSE32646,3,combined,GSM809211,3,0,0.6548392401545203
GSE32646,3,combined,GSM809212,3,0,0.07787330423689538
GSE32646,3,combined,GSM809213,4,1,0.10506784745471366
GSE32646,3,combined,GSM809214,4,0,0.18684992370901782
GSE32646,3,combined,GSM809215,0,0,0.0865529812552636
GSE32646,3,combined,GSM809216,3,0,0.10959582654923637
GSE32646,3,combined,GSM809217,3,0,0.10887386252847535
GSE32646,3,combined,GSM809218,1,0,0.025213363775715963
GSE32646,3,combined,GSM809219,4,0,0.14224067689139291
GSE32646,3,combined,GSM809220,1,0,0.7624134132864631
GSE32646,3,combined,GSM809221,3,0,0.2765050412572624
GSE32646,3,combined,GSM809222,3,0,0.2634379525754245
GSE32646,3,combined,GSM809223,4,0,0.15752593524446343
GSE32646,3,combined,GSM809224,0,0,0.5450248368780128
GSE32646,3,combined,GSM809225,1,1,0.3313684452843939
GSE32646,3,combined,GSM809226,1,1,0.5108099144885959
GSE32646,3,combined,GSM809227,0,0,0.6047592076162814
GSE32646,3,combined,GSM809228,4,0,0.18612813566839712
GSE32646,3,combined,GSM809229,3,1,0.21788637917090115
GSE32646,3,combined,GSM809230,4,0,0.20330746932389504
GSE32646,3,combined,GSM809231,3,1,0.3060799238969448
GSE32646,3,combined,GSM809232,2,1,0.17966113047634671
GSE32646,3,combined,GSM809233,2,0,0.0795153316535633
GSE32646,3,combined,GSM809234,3,0,0.0827364305120654
GSE32646,3,combined,GSM809235,2,0,0.08729269996267425
GSE32646,3,combined,GSM809236,2,1,0.3242137704583087
GSE32646,3,combined,GSM809237,4,1,0.624406105580164
GSE32646,3,combined,GSM809238,2,1,0.3260621411147589
GSE32646,3,combined,GSM809239,1,0,0.5748048200755352
GSE32646,3,combined,GSM809240,2,0,0.1627913303664279
GSE32646,3,combined,GSM809241,1,0,0.03576414215098916
GSE32646,3,combined,GSM809242,3,0,0.08650062826776349
GSE32646,3,combined,GSM809243,4,0,0.06234877428805736
GSE32646,3,combined,GSM809244,1,0,0.022949182529884173
GSE32646,3,combined,GSM809245,2,0,0.3084665245479164
GSE32646,3,combined,GSM809246,0,1,0.6687814562459459
GSE32646,3,combined,GSM809247,3,0,0.5892240409684877
GSE32646,3,combined,GSM809248,1,1,0.08650262531755548
GSE32646,3,combined,GSM809249,2,0,0.11982913589473566
GSE32646,3,combined,GSM809250,2,0,0.0928188931635088
GSE32646,3,combined,GSM809251,1,0,0.1552299598572008
GSE32646,3,combined,GSM809252,4,0,0.14298851887793157
GSE32646,3,combined,GSM809253,3,1,0.1536310797503682
GSE32646,3,combined,GSM809254,1,0,0.044090881351206215
GSE32646,3,combined,GSM809255,4,0,0.2916531272192728
GSE32646,3,combined,GSM809256,4,1,0.4134702797249169
GSE32646,3,combined,GSM809257,1,0,0.12639516533733028
GSE32646,3,combined,GSM809258,0,0,0.08323501835755813
GSE32646,3,combined,GSM809259,0,0,0.14057612648026874
GSE32646,3,combined,GSM809260,1,0,0.04534618035718577
GSE32646,3,combined,GSM809261,3,0,0.22169589286905556
GSE32646,3,combined,GSM809262,2,0,0.11086334444046748
GSE32646,3,combined,GSM809263,2,0,0.08762603673967721
GSE32646,3,combined,GSM809264,2,0,0.2814602305456492
GSE32646,3,combined,GSM809265,3,0,0.05839027574178041
GSE32646,3,combined,GSM809266,3,1,0.40102310864456064
GSE32646,3,combined,GSM809267,1,0,0.744375632164392
GSE32646,3,combined,GSM809268,3,0,0.10879648333752008
GSE32646,3,combined,GSM809269,4,0,0.18186498052949637
GSE32646,3,combined,GSM809270,0,0,0.16121284343831838
GSE32646,3,combined,GSM809271,4,1,0.1669256411870154
GSE32646,3,combined,GSM809272,4,1,0.5603825059077235
GSE32646,3,combined,GSM809273,1,0,0.2571568879015805
GSE32646,3,combined,GSM809274,2,1,0.32930552554338977
GSE32646,3,combined,GSM809275,3,0,0.11218793487712272
GSE32646,3,combined,GSM809276,4,0,0.4600299657646724
GSE32646,3,combined,GSM809277,0,0,0.2605987184652895
GSE32646,3,combined,GSM809278,0,0,0.6333865109735379
GSE32646,3,combined,GSM809279,4,0,0.10677129523519438
GSE32646,3,combined,GSM809280,0,1,0.4582695922014866
GSE32646,3,combined,GSM809281,4,0,0.2628897822346252
GSE32646,3,combined,GSM809282,0,0,0.36597744993197284
GSE32646,3,combined,GSM809283,3,0,0.08693507572943904
GSE32646,3,combined,GSM809284,1,0,0.08913689366892176
GSE32646,3,combined,GSM809285,3,0,0.15581519811288075
GSE32646,3,combined,GSM809286,3,0,0.0937620872471786
GSE32646,3,combined,GSM809287,0,0,0.1290816905329503
GSE32646,3,combined,GSM809288,0,0,0.048563927073750936
GSE32646,3,combined,GSM809289,0,1,0.20115970393903573
GSE32646,3,combined,GSM809290,2,0,0.08078091598660377
GSE32646,3,combined,GSM809291,1,0,0.03613504113532095
GSE32646,3,combined,GSM809292,1,0,0.06223180474749467
GSE32646,3,combined,GSM809293,0,0,0.06552095038254399
GSE32646,3,combined,GSM809294,3,1,0.716855008995069
GSE32646,3,combined,GSM809295,0,1,0.4838929316713051
GSE32646,3,combined,GSM809296,3,0,0.04737715520695438
GSE32646,3,combined,GSM809297,1,0,0.25342858854604133
GSE32646,3,combined,GSM809298,1,1,0.164657433827928
GSE32646,4,intercept,GSM809184,2,0,0.2391304347826087
GSE32646,4,intercept,GSM809185,3,1,0.22826086956521738
GSE32646,4,intercept,GSM809186,2,0,0.2391304347826087
GSE32646,4,intercept,GSM809187,2,0,0.2391304347826087
GSE32646,4,intercept,GSM809188,4,0,0.22826086956521738
GSE32646,4,intercept,GSM809189,4,0,0.22826086956521738
GSE32646,4,intercept,GSM809190,1,0,0.2391304347826087
GSE32646,4,intercept,GSM809191,2,0,0.2391304347826087
GSE32646,4,intercept,GSM809192,2,1,0.2391304347826087
GSE32646,4,intercept,GSM809193,2,0,0.2391304347826087
GSE32646,4,intercept,GSM809194,4,1,0.22826086956521738
GSE32646,4,intercept,GSM809195,1,0,0.2391304347826087
GSE32646,4,intercept,GSM809196,0,0,0.2391304347826087
GSE32646,4,intercept,GSM809197,0,0,0.2391304347826087
GSE32646,4,intercept,GSM809198,2,0,0.2391304347826087
GSE32646,4,intercept,GSM809199,4,0,0.22826086956521738
GSE32646,4,intercept,GSM809200,1,0,0.2391304347826087
GSE32646,4,intercept,GSM809201,1,0,0.2391304347826087
GSE32646,4,intercept,GSM809202,1,1,0.2391304347826087
GSE32646,4,intercept,GSM809203,0,1,0.2391304347826087
GSE32646,4,intercept,GSM809204,0,0,0.2391304347826087
GSE32646,4,intercept,GSM809205,1,0,0.2391304347826087
GSE32646,4,intercept,GSM809206,2,0,0.2391304347826087
GSE32646,4,intercept,GSM809207,3,0,0.22826086956521738
GSE32646,4,intercept,GSM809208,4,0,0.22826086956521738
GSE32646,4,intercept,GSM809209,4,0,0.22826086956521738
GSE32646,4,intercept,GSM809210,3,0,0.22826086956521738
GSE32646,4,intercept,GSM809211,3,0,0.22826086956521738
GSE32646,4,intercept,GSM809212,0,0,0.2391304347826087
GSE32646,4,intercept,GSM809213,4,1,0.22826086956521738
GSE32646,4,intercept,GSM809214,4,0,0.22826086956521738
GSE32646,4,intercept,GSM809215,2,0,0.2391304347826087
GSE32646,4,intercept,GSM809216,0,0,0.2391304347826087
GSE32646,4,intercept,GSM809217,2,0,0.2391304347826087
GSE32646,4,intercept,GSM809218,2,0,0.2391304347826087
GSE32646,4,intercept,GSM809219,0,0,0.2391304347826087
GSE32646,4,intercept,GSM809220,3,0,0.22826086956521738
GSE32646,4,intercept,GSM809221,3,0,0.22826086956521738
GSE32646,4,intercept,GSM809222,3,0,0.22826086956521738
GSE32646,4,intercept,GSM809223,4,0,0.22826086956521738
GSE32646,4,intercept,GSM809224,1,0,0.2391304347826087
GSE32646,4,intercept,GSM809225,3,1,0.22826086956521738
GSE32646,4,intercept,GSM809226,2,1,0.2391304347826087
GSE32646,4,intercept,GSM809227,1,0,0.2391304347826087
GSE32646,4,intercept,GSM809228,1,0,0.2391304347826087
GSE32646,4,intercept,GSM809229,4,1,0.22826086956521738
GSE32646,4,intercept,GSM809230,3,0,0.22826086956521738
GSE32646,4,intercept,GSM809231,4,1,0.22826086956521738
GSE32646,4,intercept,GSM809232,2,1,0.2391304347826087
GSE32646,4,intercept,GSM809233,3,0,0.22826086956521738
GSE32646,4,intercept,GSM809234,2,0,0.2391304347826087
GSE32646,4,intercept,GSM809235,4,0,0.22826086956521738
GSE32646,4,intercept,GSM809236,2,1,0.2391304347826087
GSE32646,4,intercept,GSM809237,3,1,0.22826086956521738
GSE32646,4,intercept,GSM809238,2,1,0.2391304347826087
GSE32646,4,intercept,GSM809239,2,0,0.2391304347826087
GSE32646,4,intercept,GSM809240,1,0,0.2391304347826087
GSE32646,4,intercept,GSM809241,2,0,0.2391304347826087
GSE32646,4,intercept,GSM809242,1,0,0.2391304347826087
GSE32646,4,intercept,GSM809243,3,0,0.22826086956521738
GSE32646,4,intercept,GSM809244,1,0,0.2391304347826087
GSE32646,4,intercept,GSM809245,2,0,0.2391304347826087
GSE32646,4,intercept,GSM809246,3,1,0.22826086956521738
GSE32646,4,intercept,GSM809247,1,0,0.2391304347826087
GSE32646,4,intercept,GSM809248,0,1,0.2391304347826087
GSE32646,4,intercept,GSM809249,0,0,0.2391304347826087
GSE32646,4,intercept,GSM809250,0,0,0.2391304347826087
GSE32646,4,intercept,GSM809251,0,0,0.2391304347826087
GSE32646,4,intercept,GSM809252,3,0,0.22826086956521738
GSE32646,4,intercept,GSM809253,0,1,0.2391304347826087
GSE32646,4,intercept,GSM809254,4,0,0.22826086956521738
GSE32646,4,intercept,GSM809255,4,0,0.22826086956521738
GSE32646,4,intercept,GSM809256,1,1,0.2391304347826087
GSE32646,4,intercept,GSM809257,0,0,0.2391304347826087
GSE32646,4,intercept,GSM809258,1,0,0.2391304347826087
GSE32646,4,intercept,GSM809259,3,0,0.22826086956521738
GSE32646,4,intercept,GSM809260,1,0,0.2391304347826087
GSE32646,4,intercept,GSM809261,1,0,0.2391304347826087
GSE32646,4,intercept,GSM809262,4,0,0.22826086956521738
GSE32646,4,intercept,GSM809263,0,0,0.2391304347826087
GSE32646,4,intercept,GSM809264,0,0,0.2391304347826087
GSE32646,4,intercept,GSM809265,3,0,0.22826086956521738
GSE32646,4,intercept,GSM809266,4,1,0.22826086956521738
GSE32646,4,intercept,GSM809267,4,0,0.22826086956521738
GSE32646,4,intercept,GSM809268,0,0,0.2391304347826087
GSE32646,4,intercept,GSM809269,3,0,0.22826086956521738
GSE32646,4,intercept,GSM809270,0,0,0.2391304347826087
GSE32646,4,intercept,GSM809271,0,1,0.2391304347826087
GSE32646,4,intercept,GSM809272,1,1,0.2391304347826087
GSE32646,4,intercept,GSM809273,3,0,0.22826086956521738
GSE32646,4,intercept,GSM809274,0,1,0.2391304347826087
GSE32646,4,intercept,GSM809275,1,0,0.2391304347826087
GSE32646,4,intercept,GSM809276,4,0,0.22826086956521738
GSE32646,4,intercept,GSM809277,3,0,0.22826086956521738
GSE32646,4,intercept,GSM809278,3,0,0.22826086956521738
GSE32646,4,intercept,GSM809279,2,0,0.2391304347826087
GSE32646,4,intercept,GSM809280,3,1,0.22826086956521738
GSE32646,4,intercept,GSM809281,4,0,0.22826086956521738
GSE32646,4,intercept,GSM809282,2,0,0.2391304347826087
GSE32646,4,intercept,GSM809283,0,0,0.2391304347826087
GSE32646,4,intercept,GSM809284,0,0,0.2391304347826087
GSE32646,4,intercept,GSM809285,1,0,0.2391304347826087
GSE32646,4,intercept,GSM809286,3,0,0.22826086956521738
GSE32646,4,intercept,GSM809287,4,0,0.22826086956521738
GSE32646,4,intercept,GSM809288,4,0,0.22826086956521738
GSE32646,4,intercept,GSM809289,1,1,0.2391304347826087
GSE32646,4,intercept,GSM809290,2,0,0.2391304347826087
GSE32646,4,intercept,GSM809291,1,0,0.2391304347826087
GSE32646,4,intercept,GSM809292,0,0,0.2391304347826087
GSE32646,4,intercept,GSM809293,0,0,0.2391304347826087
GSE32646,4,intercept,GSM809294,3,1,0.22826086956521738
GSE32646,4,intercept,GSM809295,1,1,0.2391304347826087
GSE32646,4,intercept,GSM809296,4,0,0.22826086956521738
GSE32646,4,intercept,GSM809297,2,0,0.2391304347826087
GSE32646,4,intercept,GSM809298,4,1,0.22826086956521738
GSE32646,4,clinical,GSM809184,2,0,0.12175429070866069
GSE32646,4,clinical,GSM809185,3,1,0.4198118300913307
GSE32646,4,clinical,GSM809186,2,0,0.46146652931356713
GSE32646,4,clinical,GSM809187,2,0,0.14058421588919265
GSE32646,4,clinical,GSM809188,4,0,0.05479238172931457
GSE32646,4,clinical,GSM809189,4,0,0.09323017820267859
GSE32646,4,clinical,GSM809190,1,0,0.12524508889916805
GSE32646,4,clinical,GSM809191,2,0,0.12716303086687689
GSE32646,4,clinical,GSM809192,2,1,0.1385968041131052
GSE32646,4,clinical,GSM809193,2,0,0.1199959064607869
GSE32646,4,clinical,GSM809194,4,1,0.04821424228751136
GSE32646,4,clinical,GSM809195,1,0,0.15667457098219795
GSE32646,4,clinical,GSM809196,0,0,0.07991238622348777
GSE32646,4,clinical,GSM809197,0,0,0.10192329021955919
GSE32646,4,clinical,GSM809198,2,0,0.13088188462335842
GSE32646,4,clinical,GSM809199,4,0,0.06626038888494507
GSE32646,4,clinical,GSM809200,1,0,0.37107003974088115
GSE32646,4,clinical,GSM809201,1,0,0.11964786108105836
GSE32646,4,clinical,GSM809202,1,1,0.4788133173765907
GSE32646,4,clinical,GSM809203,0,1,0.3931615047745994
GSE32646,4,clinical,GSM809204,0,0,0.2750702473289434
GSE32646,4,clinical,GSM809205,1,0,0.10413864377288645
GSE32646,4,clinical,GSM809206,2,0,0.10359119718593701
GSE32646,4,clinical,GSM809207,3,0,0.1537194740770572
GSE32646,4,clinical,GSM809208,4,0,0.4308091409093826
GSE32646,4,clinical,GSM809209,4,0,0.3741376325657461
GSE32646,4,clinical,GSM809210,3,0,0.1333554195420523
GSE32646,4,clinical,GSM809211,3,0,0.45654854756539137
GSE32646,4,clinical,GSM809212,0,0,0.0764085691036424
GSE32646,4,clinical,GSM809213,4,1,0.06626038888494507
GSE32646,4,clinical,GSM809214,4,0,0.3662786947724222
GSE32646,4,clinical,GSM809215,2,0,0.10055805747274038
GSE32646,4,clinical,GSM809216,0,0,0.13190564735402013
GSE32646,4,clinical,GSM809217,2,0,0.14058421588919265
GSE32646,4,clinical,GSM809218,2,0,0.11654488748998285
GSE32646,4,clinical,GSM809219,0,0,0.1434483339943607
GSE32646,4,clinical,GSM809220,3,0,0.4279137787221047
GSE32646,4,clinical,GSM809221,3,0,0.38787402321620645
GSE32646,4,clinical,GSM809222,3,0,0.18391194293166555
GSE32646,4,clinical,GSM809223,4,0,0.07992567985587534
GSE32646,4,clinical,GSM809224,1,0,0.46582951294137404
GSE32646,4,clinical,GSM809225,3,1,0.44013821448319546
GSE32646,4,clinical,GSM809226,2,1,0.4409819636275488
GSE32646,4,clinical,GSM809227,1,0,0.37716939890094425
GSE32646,4,clinical,GSM809228,1,0,0.16014721332300144
GSE32646,4,clinical,GSM809229,4,1,0.08243984753298401
GSE32646,4,clinical,GSM809230,3,0,0.36452185151176153
GSE32646,4,clinical,GSM809231,4,1,0.26500266410830253
GSE32646,4,clinical,GSM809232,2,1,0.4655813708246901
GSE32646,4,clinical,GSM809233,3,0,0.12956741793691642
GSE32646,4,clinical,GSM809234,2,0,0.14259540859318887
GSE32646,4,clinical,GSM809235,4,0,0.09323017820267859
GSE32646,4,clinical,GSM809236,2,1,0.38098000634122703
GSE32646,4,clinical,GSM809237,3,1,0.44832931599337095
GSE32646,4,clinical,GSM809238,2,1,0.4166689293243868
GSE32646,4,clinical,GSM809239,2,0,0.4655813708246901
GSE32646,4,clinical,GSM809240,1,0,0.11693114043300057
GSE32646,4,clinical,GSM809241,2,0,0.09192746435739758
GSE32646,4,clinical,GSM809242,1,0,0.15667457098219795
GSE32646,4,clinical,GSM809243,3,0,0.11197955366663517
GSE32646,4,clinical,GSM809244,1,0,0.10173338031720816
GSE32646,4,clinical,GSM809245,2,0,0.3693437276300746
GSE32646,4,clinical,GSM809246,3,1,0.395780064357105
GSE32646,4,clinical,GSM809247,1,0,0.408218338817679
GSE32646,4,clinical,GSM809248,0,1,0.3050980601318464
GSE32646,4,clinical,GSM809249,0,0,0.12643541409781647
GSE32646,4,clinical,GSM809250,0,0,0.08544359717230027
GSE32646,4,clinical,GSM809251,0,0,0.44641257824420294
GSE32646,4,clinical,GSM809252,3,0,0.12226598096216025
GSE32646,4,clinical,GSM809253,0,1,0.12643541409781647
GSE32646,4,clinical,GSM809254,4,0,0.06837664245466676
GSE32646,4,clinical,GSM809255,4,0,0.5314448325865763
GSE32646,4,clinical,GSM809256,1,1,0.38330791219194954
GSE32646,4,clinical,GSM809257,0,0,0.11117832433288471
GSE32646,4,clinical,GSM809258,1,0,0.16014721332300144
GSE32646,4,clinical,GSM809259,3,0,0.13144983934833812
GSE32646,4,clinical,GSM809260,1,0,0.12524508889916805
GSE32646,4,clinical,GSM809261,1,0,0.202523719744622
GSE32646,4,clinical,GSM809262,4,0,0.07055537863155187
GSE32646,4,clinical,GSM809263,0,0,0.11360423715300265
GSE32646,4,clinical,GSM809264,0,0,0.4225168537280987
GSE32646,4,clinical,GSM809265,3,0,0.14323631618111593
GSE32646,4,clinical,GSM809266,4,1,0.5976323822319541
GSE32646,4,clinical,GSM809267,4,0,0.43909330867197965
GSE32646,4,clinical,GSM809268,0,0,0.15264764240544504
GSE32646,4,clinical,GSM809269,3,0,0.12049683078380405
GSE32646,4,clinical,GSM809270,0,0,0.16232509900490155
GSE32646,4,clinical,GSM809271,0,1,0.14646235021718337
GSE32646,4,clinical,GSM809272,1,1,0.37716939890094425
GSE32646,4,clinical,GSM809273,3,0,0.44832931599337095
GSE32646,4,clinical,GSM809274,0,1,0.39897836314478385
GSE32646,4,clinical,GSM809275,1,0,0.2154386936874282
GSE32646,4,clinical,GSM809276,4,0,0.47252506279222933
GSE32646,4,clinical,GSM809277,3,0,0.341790585941608
GSE32646,4,clinical,GSM809278,3,0,0.44832931599337095
GSE32646,4,clinical,GSM809279,2,0,0.12533768105686494
GSE32646,4,clinical,GSM809280,3,1,0.43605457105895884
GSE32646,4,clinical,GSM809281,4,0,0.5146282034126527
GSE32646,4,clinical,GSM809282,2,0,0.3502885960864548
GSE32646,4,clinical,GSM809283,0,0,0.13190564735402013
GSE32646,4,clinical,GSM809284,0,0,0.09335776800602116
GSE32646,4,clinical,GSM809285,1,0,0.19423976763361786
GSE32646,4,clinical,GSM809286,3,0,0.1333554195420523
GSE32646,4,clinical,GSM809287,4,0,0.08768510220316691
GSE32646,4,clinical,GSM809288,4,0,0.06420511930256552
GSE32646,4,clinical,GSM809289,1,1,0.12524508889916805
GSE32646,4,clinical,GSM809290,2,0,0.11825949741970235
GSE32646,4,clinical,GSM809291,1,0,0.09707029597875955
GSE32646,4,clinical,GSM809292,0,0,0.10879785621485989
GSE32646,4,clinical,GSM809293,0,0,0.13190564735402013
GSE32646,4,clinical,GSM809294,3,1,0.44013821448319546
GSE32646,4,clinical,GSM809295,1,1,0.49833731615184595
GSE32646,4,clinical,GSM809296,4,0,0.05839050171843236
GSE32646,4,clinical,GSM809297,2,0,0.16632834671987373
GSE32646,4,clinical,GSM809298,4,1,0.10527079250934207
GSE32646,4,score,GSM809184,2,0,0.17699992272654408
GSE32646,4,score,GSM809185,3,1,0.4218201589096447
GSE32646,4,score,GSM809186,2,0,0.2122131229336108
GSE32646,4,score,GSM809187,2,0,0.2764543840244402
GSE32646,4,score,GSM809188,4,0,0.15734220733894472
GSE32646,4,score,GSM809189,4,0,0.05131780061344325
GSE32646,4,score,GSM809190,1,0,0.19469653307941723
GSE32646,4,score,GSM809191,2,0,0.19916399262215617
GSE32646,4,score,GSM809192,2,1,0.39672741180253357
GSE32646,4,score,GSM809193,2,0,0.09720521506485068
GSE32646,4,score,GSM809194,4,1,0.1469216717068056
GSE32646,4,score,GSM809195,1,0,0.11901716788755524
GSE32646,4,score,GSM809196,0,0,0.3568530135727088
GSE32646,4,score,GSM809197,0,0,0.09200903667302511
GSE32646,4,score,GSM809198,2,0,0.35874162990055203
GSE32646,4,score,GSM809199,4,0,0.26447606095973303
GSE32646,4,score,GSM809200,1,0,0.3583017801759774
GSE32646,4,score,GSM809201,1,0,0.0982796686202858
GSE32646,4,score,GSM809202,1,1,0.5970471624360422
GSE32646,4,score,GSM809203,0,1,0.5456650605581645
GSE32646,4,score,GSM809204,0,0,0.3575576459632793
GSE32646,4,score,GSM809205,1,0,0.164717823055538
GSE32646,4,score,GSM809206,2,0,0.13214824257219088
GSE32646,4,score,GSM809207,3,0,0.16822408537024408
GSE32646,4,score,GSM809208,4,0,0.1263018496050637
GSE32646,4,score,GSM809209,4,0,0.5087509149753141
GSE32646,4,score,GSM809210,3,0,0.09076811283216825
GSE32646,4,score,GSM809211,3,0,0.5259592363623228
GSE32646,4,score,GSM809212,0,0,0.29740503291236997
GSE32646,4,score,GSM809213,4,1,0.15044582858323644
GSE32646,4,score,GSM809214,4,0,0.06994360461689017
GSE32646,4,score,GSM809215,2,0,0.2503265095411062
GSE32646,4,score,GSM809216,0,0,0.13136560076525194
GSE32646,4,score,GSM809217,2,0,0.13368970560951365
GSE32646,4,score,GSM809218,2,0,0.058203666136212195
GSE32646,4,score,GSM809219,0,0,0.17200710862494722
GSE32646,4,score,GSM809220,3,0,0.6192533925507341
GSE32646,4,score,GSM809221,3,0,0.21034963082890965
GSE32646,4,score,GSM809222,3,0,0.23898292505537946
GSE32646,4,score,GSM809223,4,0,0.25416152812959814
GSE32646,4,score,GSM809224,1,0,0.32718351043643484
GSE32646,4,score,GSM809225,3,1,0.20367849346953923
GSE32646,4,score,GSM809226,2,1,0.31731405868861107
GSE32646,4,score,GSM809227,1,0,0.5486599979590564
GSE32646,4,score,GSM809228,1,0,0.2884160698414334
GSE32646,4,score,GSM809229,4,1,0.4195757049968866
GSE32646,4,score,GSM809230,3,0,0.11688264419711317
GSE32646,4,score,GSM809231,4,1,0.5750583975348654
GSE32646,4,score,GSM809232,2,1,0.10827825506568553
GSE32646,4,score,GSM809233,3,0,0.09771071834723496
GSE32646,4,score,GSM809234,2,0,0.0823219870046426
GSE32646,4,score,GSM809235,4,0,0.06275513111776844
GSE32646,4,score,GSM809236,2,1,0.30622058794317236
GSE32646,4,score,GSM809237,3,1,0.5781571383623879
GSE32646,4,score,GSM809238,2,1,0.27278226635050407
GSE32646,4,score,GSM809239,2,0,0.3243552273602275
GSE32646,4,score,GSM809240,1,0,0.2217815665339337
GSE32646,4,score,GSM809241,2,0,0.13041261869200316
GSE32646,4,score,GSM809242,1,0,0.0920063602130603
GSE32646,4,score,GSM809243,3,0,0.11059099573268567
GSE32646,4,score,GSM809244,1,0,0.06850468274429249
GSE32646,4,score,GSM809245,2,0,0.30091130415296624
GSE32646,4,score,GSM809246,3,1,0.6444992648878577
GSE32646,4,score,GSM809247,1,0,0.5741630951418903
GSE32646,4,score,GSM809248,0,1,0.10666484636654769
GSE32646,4,score,GSM809249,0,0,0.12723620123629306
GSE32646,4,score,GSM809250,0,0,0.12955434970791663
GSE32646,4,score,GSM809251,0,0,0.08527697592152168
GSE32646,4,score,GSM809252,3,0,0.3194068426520115
GSE32646,4,score,GSM809253,0,1,0.2404498775595744
GSE32646,4,score,GSM809254,4,0,0.06037704096057961
GSE32646,4,score,GSM809255,4,0,0.08369439945807626
GSE32646,4,score,GSM809256,1,1,0.3443773170480927
GSE32646,4,score,GSM809257,0,0,0.19880278836432239
GSE32646,4,score,GSM809258,1,0,0.09736259972348921
GSE32646,4,score,GSM809259,3,0,0.2696661555944113
GSE32646,4,score,GSM809260,1,0,0.09255721334170627
GSE32646,4,score,GSM809261,1,0,0.2011622114975998
GSE32646,4,score,GSM809262,4,0,0.1058272128309632
GSE32646,4,score,GSM809263,0,0,0.09758919317913115
GSE32646,4,score,GSM809264,0,0,0.2187321615450663
GSE32646,4,score,GSM809265,3,0,0.05967106187244594
GSE32646,4,score,GSM809266,4,1,0.1000431767320223
GSE32646,4,score,GSM809267,4,0,0.6919745989280365
GSE32646,4,score,GSM809268,0,0,0.08663671451348041
GSE32646,4,score,GSM809269,3,0,0.4447826978682493
GSE32646,4,score,GSM809270,0,0,0.15500102391010015
GSE32646,4,score,GSM809271,0,1,0.21558019459121494
GSE32646,4,score,GSM809272,1,1,0.5891771167228012
GSE32646,4,score,GSM809273,3,0,0.145752872929693
GSE32646,4,score,GSM809274,0,1,0.2805635786761158
GSE32646,4,score,GSM809275,1,0,0.057998350959647275
GSE32646,4,score,GSM809276,4,0,0.36605231652685
GSE32646,4,score,GSM809277,3,0,0.25274364546391226
GSE32646,4,score,GSM809278,3,0,0.4483226841532177
GSE32646,4,score,GSM809279,2,0,0.16843461446036395
GSE32646,4,score,GSM809280,3,1,0.2651893063609575
GSE32646,4,score,GSM809281,4,0,0.0699299638466953
GSE32646,4,score,GSM809282,2,0,0.34727946874064886
GSE32646,4,score,GSM809283,0,0,0.09182511790338822
GSE32646,4,score,GSM809284,0,0,0.18544729968704185
GSE32646,4,score,GSM809285,1,0,0.12929713332112336
GSE32646,4,score,GSM809286,3,0,0.1654874918119403
GSE32646,4,score,GSM809287,4,0,0.15636419467404739
GSE32646,4,score,GSM809288,4,0,0.05562423663770273
GSE32646,4,score,GSM809289,1,1,0.38609625464621344
GSE32646,4,score,GSM809290,2,0,0.09988139557284537
GSE32646,4,score,GSM809291,1,0,0.10624968096448449
GSE32646,4,score,GSM809292,0,0,0.111101618456679
GSE32646,4,score,GSM809293,0,0,0.07120062793655595
GSE32646,4,score,GSM809294,3,1,0.6950038429087603
GSE32646,4,score,GSM809295,1,1,0.22325118574914196
GSE32646,4,score,GSM809296,4,0,0.061271949069455156
GSE32646,4,score,GSM809297,2,0,0.2210001306814717
GSE32646,4,score,GSM809298,4,1,0.1538589579977613
GSE32646,4,combined,GSM809184,2,0,0.12410965042994611
GSE32646,4,combined,GSM809185,3,1,0.5287226971215316
GSE32646,4,combined,GSM809186,2,0,0.36164262432341254
GSE32646,4,combined,GSM809187,2,0,0.22135338780652392
GSE32646,4,combined,GSM809188,4,0,0.055731427035218634
GSE32646,4,combined,GSM809189,4,0,0.04726390535957127
GSE32646,4,combined,GSM809190,1,0,0.12743723048025468
GSE32646,4,combined,GSM809191,2,0,0.1458809584756755
GSE32646,4,combined,GSM809192,2,1,0.3018486370496668
GSE32646,4,combined,GSM809193,2,0,0.07308472515962192
GSE32646,4,combined,GSM809194,4,1,0.046351693369834704
GSE32646,4,combined,GSM809195,1,0,0.11224923327693971
GSE32646,4,combined,GSM809196,0,0,0.14190986283429513
GSE32646,4,combined,GSM809197,0,0,0.05911580116955805
GSE32646,4,combined,GSM809198,2,0,0.25701912597355786
GSE32646,4,combined,GSM809199,4,0,0.09962123847107184
GSE32646,4,combined,GSM809200,1,0,0.41292227386092806
GSE32646,4,combined,GSM809201,1,0,0.06826992290223924
GSE32646,4,combined,GSM809202,1,1,0.7210513929536769
GSE32646,4,combined,GSM809203,0,1,0.5656502041076701
GSE32646,4,combined,GSM809204,0,0,0.26832069483418264
GSE32646,4,combined,GSM809205,1,0,0.08824543531330495
GSE32646,4,combined,GSM809206,2,0,0.07681662991976382
GSE32646,4,combined,GSM809207,3,0,0.16063333997002432
GSE32646,4,combined,GSM809208,4,0,0.2597503009737821
GSE32646,4,combined,GSM809209,4,0,0.48632801026201433
GSE32646,4,combined,GSM809210,3,0,0.07275515513275783
GSE32646,4,combined,GSM809211,3,0,0.6760342204165439
GSE32646,4,combined,GSM809212,0,0,0.11215670921814408
GSE32646,4,combined,GSM809213,4,1,0.06607668057900443
GSE32646,4,combined,GSM809214,4,0,0.14853639487613113
GSE32646,4,combined,GSM809215,2,0,0.13093367282658033
GSE32646,4,combined,GSM809216,0,0,0.10999739843286659
GSE32646,4,combined,GSM809217,2,0,0.11962614211890783
GSE32646,4,combined,GSM809218,2,0,0.04574074975281465
GSE32646,4,combined,GSM809219,0,0,0.15136760500008764
GSE32646,4,combined,GSM809220,3,0,0.7003370146336686
GSE32646,4,combined,GSM809221,3,0,0.2747547067848097
GSE32646,4,combined,GSM809222,3,0,0.28979491358423143
GSE32646,4,combined,GSM809223,4,0,0.11705523354021183
GSE32646,4,combined,GSM809224,1,0,0.5025298231488551
GSE32646,4,combined,GSM809225,3,1,0.3502856573822769
GSE32646,4,combined,GSM809226,2,1,0.4407140963370488
GSE32646,4,combined,GSM809227,1,0,0.5724259010739845
GSE32646,4,combined,GSM809228,1,0,0.23650309235151795
GSE32646,4,combined,GSM809229,4,1,0.18092806355667743
GSE32646,4,combined,GSM809230,3,0,0.1496151145576896
GSE32646,4,combined,GSM809231,4,1,0.39588487570982883
GSE32646,4,combined,GSM809232,2,1,0.2325102608881304
GSE32646,4,combined,GSM809233,3,0,0.07335783536781997
GSE32646,4,combined,GSM809234,2,0,0.08204763575520395
GSE32646,4,combined,GSM809235,4,0,0.053711846862479797
GSE32646,4,combined,GSM809236,2,1,0.34912360593310504
GSE32646,4,combined,GSM809237,3,1,0.7013602162686288
GSE32646,4,combined,GSM809238,2,1,0.36589846627590256
GSE32646,4,combined,GSM809239,2,0,0.48127346686774464
GSE32646,4,combined,GSM809240,1,0,0.13141111667224262
GSE32646,4,combined,GSM809241,2,0,0.06407502397203928
GSE32646,4,combined,GSM809242,1,0,0.09159521868642184
GSE32646,4,combined,GSM809243,3,0,0.061937917281240026
GSE32646,4,combined,GSM809244,1,0,0.04137309841344377
GSE32646,4,combined,GSM809245,2,0,0.3291906683569039
GSE32646,4,combined,GSM809246,3,1,0.6686421024668517
GSE32646,4,combined,GSM809247,1,0,0.6295329779047947
GSE32646,4,combined,GSM809248,0,1,0.11909434769081076
GSE32646,4,combined,GSM809249,0,0,0.10152060329141864
GSE32646,4,combined,GSM809250,0,0,0.06191874489271022
GSE32646,4,combined,GSM809251,0,0,0.1942890417972088
GSE32646,4,combined,GSM809252,3,0,0.19437721262084565
GSE32646,4,combined,GSM809253,0,1,0.17011214901188676
GSE32646,4,combined,GSM809254,4,0,0.03722702305611945
GSE32646,4,combined,GSM809255,4,0,0.28748043684754426
GSE32646,4,combined,GSM809256,1,1,0.41648619726299224
GSE32646,4,combined,GSM809257,0,0,0.12385427836746103
GSE32646,4,combined,GSM809258,1,0,0.09852351899958217
GSE32646,4,combined,GSM809259,3,0,0.18623228775680659
GSE32646,4,combined,GSM809260,1,0,0.06894611077308309
GSE32646,4,combined,GSM809261,1,0,0.23124886327292032
GSE32646,4,combined,GSM809262,4,0,0.05565040018523111
GSE32646,4,combined,GSM809263,0,0,0.07151719042086392
GSE32646,4,combined,GSM809264,0,0,0.33165563864937386
GSE32646,4,combined,GSM809265,3,0,0.05855892239014006
GSE32646,4,combined,GSM809266,4,1,0.3781663265695145
GSE32646,4,combined,GSM809267,4,0,0.6727084074660694
GSE32646,4,combined,GSM809268,0,0,0.09675308277494422
GSE32646,4,combined,GSM809269,3,0,0.26858767015367135
GSE32646,4,combined,GSM809270,0,0,0.16314627196806267
GSE32646,4,combined,GSM809271,0,1,0.1856994904596666
GSE32646,4,combined,GSM809272,1,1,0.603925401231077
GSE32646,4,combined,GSM809273,3,0,0.28930129801820387
GSE32646,4,combined,GSM809274,0,1,0.361434433019822
GSE32646,4,combined,GSM809275,1,0,0.0983575896668354
GSE32646,4,combined,GSM809276,4,0,0.5014872761353976
GSE32646,4,combined,GSM809277,3,0,0.2447085558874063
GSE32646,4,combined,GSM809278,3,0,0.6020809136457222
GSE32646,4,combined,GSM809279,2,0,0.12376801750942015
GSE32646,4,combined,GSM809280,3,1,0.4114551019500974
GSE32646,4,combined,GSM809281,4,0,0.24935167383886672
GSE32646,4,combined,GSM809282,2,0,0.3422112897926063
GSE32646,4,combined,GSM809283,0,0,0.08317075182905143
GSE32646,4,combined,GSM809284,0,0,0.09376258040001897
GSE32646,4,combined,GSM809285,1,0,0.15713800967863115
GSE32646,4,combined,GSM809286,3,0,0.1226254111927175
GSE32646,4,combined,GSM809287,4,0,0.09131252340300647
GSE32646,4,combined,GSM809288,4,0,0.03294853885689365
GSE32646,4,combined,GSM809289,1,1,0.23659457477914975
GSE32646,4,combined,GSM809290,2,0,0.07319966544700385
GSE32646,4,combined,GSM809291,1,0,0.05584588753803302
GSE32646,4,combined,GSM809292,0,0,0.07488849763344352
GSE32646,4,combined,GSM809293,0,0,0.06832720170230663
GSE32646,4,combined,GSM809294,3,1,0.772395558677603
GSE32646,4,combined,GSM809295,1,1,0.43861173071542175
GSE32646,4,combined,GSM809296,4,0,0.031620046434257115
GSE32646,4,combined,GSM809297,2,0,0.22684862331363978
GSE32646,4,combined,GSM809298,4,1,0.10957856921927951
GSE32646,5,intercept,GSM809184,2,0,0.2391304347826087
GSE32646,5,intercept,GSM809185,4,1,0.22826086956521738
GSE32646,5,intercept,GSM809186,1,0,0.2391304347826087
GSE32646,5,intercept,GSM809187,4,0,0.22826086956521738
GSE32646,5,intercept,GSM809188,0,0,0.2391304347826087
GSE32646,5,intercept,GSM809189,0,0,0.2391304347826087
GSE32646,5,intercept,GSM809190,1,0,0.2391304347826087
GSE32646,5,intercept,GSM809191,3,0,0.22826086956521738
GSE32646,5,intercept,GSM809192,2,1,0.2391304347826087
GSE32646,5,intercept,GSM809193,1,0,0.2391304347826087
GSE32646,5,intercept,GSM809194,0,1,0.2391304347826087
GSE32646,5,intercept,GSM809195,2,0,0.2391304347826087
GSE32646,5,intercept,GSM809196,1,0,0.2391304347826087
GSE32646,5,intercept,GSM809197,4,0,0.22826086956521738
GSE32646,5,intercept,GSM809198,1,0,0.2391304347826087
GSE32646,5,intercept,GSM809199,4,0,0.22826086956521738
GSE32646,5,intercept,GSM809200,4,0,0.22826086956521738
GSE32646,5,intercept,GSM809201,0,0,0.2391304347826087
GSE32646,5,intercept,GSM809202,1,1,0.2391304347826087
GSE32646,5,intercept,GSM809203,1,1,0.2391304347826087
GSE32646,5,intercept,GSM809204,3,0,0.22826086956521738
GSE32646,5,intercept,GSM809205,2,0,0.2391304347826087
GSE32646,5,intercept,GSM809206,1,0,0.2391304347826087
GSE32646,5,intercept,GSM809207,0,0,0.2391304347826087
GSE32646,5,intercept,GSM809208,2,0,0.2391304347826087
GSE32646,5,intercept,GSM809209,2,0,0.2391304347826087
GSE32646,5,intercept,GSM809210,3,0,0.22826086956521738
GSE32646,5,intercept,GSM809211,2,0,0.2391304347826087
GSE32646,5,intercept,GSM809212,1,0,0.2391304347826087
GSE32646,5,intercept,GSM809213,3,1,0.22826086956521738
GSE32646,5,intercept,GSM809214,3,0,0.22826086956521738
GSE32646,5,intercept,GSM809215,4,0,0.22826086956521738
GSE32646,5,intercept,GSM809216,0,0,0.2391304347826087
GSE32646,5,intercept,GSM809217,1,0,0.2391304347826087
GSE32646,5,intercept,GSM809218,0,0,0.2391304347826087
GSE32646,5,intercept,GSM809219,3,0,0.22826086956521738
GSE32646,5,intercept,GSM809220,3,0,0.22826086956521738
GSE32646,5,intercept,GSM809221,0,0,0.2391304347826087
GSE32646,5,intercept,GSM809222,1,0,0.2391304347826087
GSE32646,5,intercept,GSM809223,4,0,0.22826086956521738
GSE32646,5,intercept,GSM809224,2,0,0.2391304347826087
GSE32646,5,intercept,GSM809225,3,1,0.22826086956521738
GSE32646,5,intercept,GSM809226,4,1,0.22826086956521738
GSE32646,5,intercept,GSM809227,1,0,0.2391304347826087
GSE32646,5,intercept,GSM809228,2,0,0.2391304347826087
GSE32646,5,intercept,GSM809229,4,1,0.22826086956521738
GSE32646,5,intercept,GSM809230,4,0,0.22826086956521738
GSE32646,5,intercept,GSM809231,3,1,0.22826086956521738
GSE32646,5,intercept,GSM809232,0,1,0.2391304347826087
GSE32646,5,intercept,GSM809233,2,0,0.2391304347826087
GSE32646,5,intercept,GSM809234,2,0,0.2391304347826087
GSE32646,5,intercept,GSM809235,4,0,0.22826086956521738
GSE32646,5,intercept,GSM809236,1,1,0.2391304347826087
GSE32646,5,intercept,GSM809237,4,1,0.22826086956521738
GSE32646,5,intercept,GSM809238,4,1,0.22826086956521738
GSE32646,5,intercept,GSM809239,0,0,0.2391304347826087
GSE32646,5,intercept,GSM809240,4,0,0.22826086956521738
GSE32646,5,intercept,GSM809241,0,0,0.2391304347826087
GSE32646,5,intercept,GSM809242,2,0,0.2391304347826087
GSE32646,5,intercept,GSM809243,4,0,0.22826086956521738
GSE32646,5,intercept,GSM809244,4,0,0.22826086956521738
GSE32646,5,intercept,GSM809245,3,0,0.22826086956521738
GSE32646,5,intercept,GSM809246,1,1,0.2391304347826087
GSE32646,5,intercept,GSM809247,3,0,0.22826086956521738
GSE32646,5,intercept,GSM809248,2,1,0.2391304347826087
GSE32646,5,intercept,GSM809249,2,0,0.2391304347826087
GSE32646,5,intercept,GSM809250,0,0,0.2391304347826087
GSE32646,5,intercept,GSM809251,2,0,0.2391304347826087
GSE32646,5,intercept,GSM809252,3,0,0.22826086956521738
GSE32646,5,intercept,GSM809253,2,1,0.2391304347826087
GSE32646,5,intercept,GSM809254,1,0,0.2391304347826087
GSE32646,5,intercept,GSM809255,1,0,0.2391304347826087
GSE32646,5,intercept,GSM809256,3,1,0.22826086956521738
GSE32646,5,intercept,GSM809257,2,0,0.2391304347826087
GSE32646,5,intercept,GSM809258,2,0,0.2391304347826087
GSE32646,5,intercept,GSM809259,3,0,0.22826086956521738
GSE32646,5,intercept,GSM809260,0,0,0.2391304347826087
GSE32646,5,intercept,GSM809261,2,0,0.2391304347826087
GSE32646,5,intercept,GSM809262,3,0,0.22826086956521738
GSE32646,5,intercept,GSM809263,4,0,0.22826086956521738
GSE32646,5,intercept,GSM809264,1,0,0.2391304347826087
GSE32646,5,intercept,GSM809265,1,0,0.2391304347826087
GSE32646,5,intercept,GSM809266,2,1,0.2391304347826087
GSE32646,5,intercept,GSM809267,0,0,0.2391304347826087
GSE32646,5,intercept,GSM809268,3,0,0.22826086956521738
GSE32646,5,intercept,GSM809269,1,0,0.2391304347826087
GSE32646,5,intercept,GSM809270,0,0,0.2391304347826087
GSE32646,5,intercept,GSM809271,4,1,0.22826086956521738
GSE32646,5,intercept,GSM809272,0,1,0.2391304347826087
GSE32646,5,intercept,GSM809273,4,0,0.22826086956521738
GSE32646,5,intercept,GSM809274,0,1,0.2391304347826087
GSE32646,5,intercept,GSM809275,3,0,0.22826086956521738
GSE32646,5,intercept,GSM809276,0,0,0.2391304347826087
GSE32646,5,intercept,GSM809277,3,0,0.22826086956521738
GSE32646,5,intercept,GSM809278,0,0,0.2391304347826087
GSE32646,5,intercept,GSM809279,3,0,0.22826086956521738
GSE32646,5,intercept,GSM809280,3,1,0.22826086956521738
GSE32646,5,intercept,GSM809281,2,0,0.2391304347826087
GSE32646,5,intercept,GSM809282,4,0,0.22826086956521738
GSE32646,5,intercept,GSM809283,3,0,0.22826086956521738
GSE32646,5,intercept,GSM809284,0,0,0.2391304347826087
GSE32646,5,intercept,GSM809285,1,0,0.2391304347826087
GSE32646,5,intercept,GSM809286,0,0,0.2391304347826087
GSE32646,5,intercept,GSM809287,0,0,0.2391304347826087
GSE32646,5,intercept,GSM809288,2,0,0.2391304347826087
GSE32646,5,intercept,GSM809289,1,1,0.2391304347826087
GSE32646,5,intercept,GSM809290,1,0,0.2391304347826087
GSE32646,5,intercept,GSM809291,4,0,0.22826086956521738
GSE32646,5,intercept,GSM809292,3,0,0.22826086956521738
GSE32646,5,intercept,GSM809293,1,0,0.2391304347826087
GSE32646,5,intercept,GSM809294,0,1,0.2391304347826087
GSE32646,5,intercept,GSM809295,2,1,0.2391304347826087
GSE32646,5,intercept,GSM809296,4,0,0.22826086956521738
GSE32646,5,intercept,GSM809297,4,0,0.22826086956521738
GSE32646,5,intercept,GSM809298,3,1,0.22826086956521738
GSE32646,5,clinical,GSM809184,2,0,0.10124846368280885
GSE32646,5,clinical,GSM809185,4,1,0.40748737498703624
GSE32646,5,clinical,GSM809186,1,0,0.511570048850808
GSE32646,5,clinical,GSM809187,4,0,0.11621467905277282
GSE32646,5,clinical,GSM809188,0,0,0.09365985521819571
GSE32646,5,clinical,GSM809189,0,0,0.1483037201461861
GSE32646,5,clinical,GSM809190,1,0,0.11922327831870051
GSE32646,5,clinical,GSM809191,3,0,0.1080673325171075
GSE32646,5,clinical,GSM809192,2,1,0.12658296263057453
GSE32646,5,clinical,GSM809193,1,0,0.10947553125490572
GSE32646,5,clinical,GSM809194,0,1,0.08374515999263775
GSE32646,5,clinical,GSM809195,2,0,0.13616152502916035
GSE32646,5,clinical,GSM809196,1,0,0.07717792050105035
GSE32646,5,clinical,GSM809197,4,0,0.11168468416171373
GSE32646,5,clinical,GSM809198,1,0,0.12971254542635394
GSE32646,5,clinical,GSM809199,4,0,0.11242881201714068
GSE32646,5,clinical,GSM809200,4,0,0.400285178426213
GSE32646,5,clinical,GSM809201,0,0,0.1105054737963217
GSE32646,5,clinical,GSM809202,1,1,0.4955216708080764
GSE32646,5,clinical,GSM809203,1,1,0.39287851982357236
GSE32646,5,clinical,GSM809204,3,0,0.3056558602427556
GSE32646,5,clinical,GSM809205,2,0,0.08695680725131488
GSE32646,5,clinical,GSM809206,1,0,0.08187643329847549
GSE32646,5,clinical,GSM809207,0,0,0.15622585914173942
GSE32646,5,clinical,GSM809208,2,0,0.42293231858776187
GSE32646,5,clinical,GSM809209,2,0,0.3759720391596213
GSE32646,5,clinical,GSM809210,3,0,0.1080673325171075
GSE32646,5,clinical,GSM809211,2,0,0.5272502318564811
GSE32646,5,clinical,GSM809212,1,0,0.0727276757975437
GSE32646,5,clinical,GSM809213,3,1,0.10229984416651718
GSE32646,5,clinical,GSM809214,3,0,0.36000540285338517
GSE32646,5,clinical,GSM809215,4,0,0.10766856122577498
GSE32646,5,clinical,GSM809216,0,0,0.14446862190614765
GSE32646,5,clinical,GSM809217,1,0,0.14893264513372484
GSE32646,5,clinical,GSM809218,0,0,0.1017740350215555
GSE32646,5,clinical,GSM809219,3,0,0.13171270514669448
GSE32646,5,clinical,GSM809220,3,0,0.4382047713449339
GSE32646,5,clinical,GSM809221,0,0,0.3785523380048795
GSE32646,5,clinical,GSM809222,1,0,0.22629011953614944
GSE32646,5,clinical,GSM809223,4,0,0.11468722004042488
GSE32646,5,clinical,GSM809224,2,0,0.5132789226362954
GSE32646,5,clinical,GSM809225,3,1,0.4533462781033198
GSE32646,5,clinical,GSM809226,4,1,0.412915413110336
GSE32646,5,clinical,GSM809227,1,0,0.37015968383502995
GSE32646,5,clinical,GSM809228,2,0,0.13948745722291953
GSE32646,5,clinical,GSM809229,4,1,0.11506743850476925
GSE32646,5,clinical,GSM809230,4,0,0.3949114884983927
GSE32646,5,clinical,GSM809231,3,1,0.29705338384489055
GSE32646,5,clinical,GSM809232,0,1,0.5295052718836863
GSE32646,5,clinical,GSM809233,2,0,0.10382409374139787
GSE32646,5,clinical,GSM809234,2,0,0.13290264812089173
GSE32646,5,clinical,GSM809235,4,0,0.116599294507435
GSE32646,5,clinical,GSM809236,1,1,0.355320273288206
GSE32646,5,clinical,GSM809237,4,1,0.41382218588787406
GSE32646,5,clinical,GSM809238,4,1,0.40748737498703624
GSE32646,5,clinical,GSM809239,0,0,0.5295052718836863
GSE32646,5,clinical,GSM809240,4,0,0.11205620835312813
GSE32646,5,clinical,GSM809241,0,0,0.06484265034376865
GSE32646,5,clinical,GSM809242,2,0,0.13616152502916035
GSE32646,5,clinical,GSM809243,4,0,0.10911406346369178
GSE32646,5,clinical,GSM809244,4,0,0.10984318176251291
GSE32646,5,clinical,GSM809245,3,0,0.3694727239806195
GSE32646,5,clinical,GSM809246,1,1,0.37767446497803486
GSE32646,5,clinical,GSM809247,3,0,0.4181984077264812
GSE32646,5,clinical,GSM809248,2,1,0.3312330574431941
GSE32646,5,clinical,GSM809249,2,0,0.12352055723999966
GSE32646,5,clinical,GSM809250,0,0,0.08374515999263775
GSE32646,5,clinical,GSM809251,2,0,0.4992868318165501
GSE32646,5,clinical,GSM809252,3,0,0.09680675502598726
GSE32646,5,clinical,GSM809253,2,1,0.12352055723999966
GSE32646,5,clinical,GSM809254,1,0,0.11589335700518166
GSE32646,5,clinical,GSM809255,1,0,0.47147670747374937
GSE32646,5,clinical,GSM809256,3,1,0.39845760700336086
GSE32646,5,clinical,GSM809257,2,0,0.10645748354639369
GSE32646,5,clinical,GSM809258,2,0,0.13948745722291953
GSE32646,5,clinical,GSM809259,3,0,0.10611376289332176
GSE32646,5,clinical,GSM809260,0,0,0.11668511896861561
GSE32646,5,clinical,GSM809261,2,0,0.18069309125209024
GSE32646,5,clinical,GSM809262,3,0,0.10611376289332176
GSE32646,5,clinical,GSM809263,4,0,0.11355312078102198
GSE32646,5,clinical,GSM809264,1,0,0.4317480207324435
GSE32646,5,clinical,GSM809265,1,0,0.14097694797827637
GSE32646,5,clinical,GSM809266,2,1,0.5619454137478177
GSE32646,5,clinical,GSM809267,0,0,0.4004431485802346
GSE32646,5,clinical,GSM809268,3,0,0.13888189486518296
GSE32646,5,clinical,GSM809269,1,0,0.10043388557575986
GSE32646,5,clinical,GSM809270,0,0,0.18667941385947812
GSE32646,5,clinical,GSM809271,4,1,0.11814882090111424
GSE32646,5,clinical,GSM809272,0,1,0.3857992747522266
GSE32646,5,clinical,GSM809273,4,0,0.41382218588787406
GSE32646,5,clinical,GSM809274,0,1,0.4152670539175657
GSE32646,5,clinical,GSM809275,3,0,0.16516325535534568
GSE32646,5,clinical,GSM809276,0,0,0.43024592617842916
GSE32646,5,clinical,GSM809277,3,0,0.3322725997965981
GSE32646,5,clinical,GSM809278,0,0,0.4911745259277072
GSE32646,5,clinical,GSM809279,3,0,0.10611376289332176
GSE32646,5,clinical,GSM809280,3,1,0.4482880941190296
GSE32646,5,clinical,GSM809281,2,0,0.4922898352523022
GSE32646,5,clinical,GSM809282,4,0,0.39223405027758945
GSE32646,5,clinical,GSM809283,3,0,0.12264454037416449
GSE32646,5,clinical,GSM809284,0,0,0.09365985521819571
GSE32646,5,clinical,GSM809285,1,0,0.20460076316590659
GSE32646,5,clinical,GSM809286,0,0,0.11988602263964306
GSE32646,5,clinical,GSM809287,0,0,0.14071631284115163
GSE32646,5,clinical,GSM809288,2,0,0.09872968971016466
GSE32646,5,clinical,GSM809289,1,1,0.11922327831870051
GSE32646,5,clinical,GSM809290,1,0,0.10638498122424873
GSE32646,5,clinical,GSM809291,4,0,0.10911406346369178
GSE32646,5,clinical,GSM809292,3,0,0.10419138323487516
GSE32646,5,clinical,GSM809293,1,0,0.14893264513372484
GSE32646,5,clinical,GSM809294,0,1,0.47584603155218164
GSE32646,5,clinical,GSM809295,2,1,0.548120680215263
GSE32646,5,clinical,GSM809296,4,0,0.11094486580159828
GSE32646,5,clinical,GSM809297,4,0,0.12090340546902552
GSE32646,5,clinical,GSM809298,3,1,0.13406687141463192
GSE32646,5,score,GSM809184,2,0,0.1577525907791005
GSE32646,5,score,GSM809185,4,1,0.3729462100953867
GSE32646,5,score,GSM809186,1,0,0.23133842118148737
GSE32646,5,score,GSM809187,4,0,0.2649416220728326
GSE32646,5,score,GSM809188,0,0,0.1817010597991472
GSE32646,5,score,GSM809189,0,0,0.06728487739466842
GSE32646,5,score,GSM809190,1,0,0.2047041733361431
GSE32646,5,score,GSM809191,3,0,0.18432125465945276
GSE32646,5,score,GSM809192,2,1,0.40849859843725733
GSE32646,5,score,GSM809193,1,0,0.11858838055283377
GSE32646,5,score,GSM809194,0,1,0.17105006025450584
GSE32646,5,score,GSM809195,2,0,0.0885764339608046
GSE32646,5,score,GSM809196,1,0,0.36949608387688826
GSE32646,5,score,GSM809197,4,0,0.10516676051543052
GSE32646,5,score,GSM809198,1,0,0.36373996755327626
GSE32646,5,score,GSM809199,4,0,0.26592627304561894
GSE32646,5,score,GSM809200,4,0,0.3275121822401284
GSE32646,5,score,GSM809201,0,0,0.08279221419414162
GSE32646,5,score,GSM809202,1,1,0.5765055896841134
GSE32646,5,score,GSM809203,1,1,0.5364253940550086
GSE32646,5,score,GSM809204,3,0,0.3766973618441475
GSE32646,5,score,GSM809205,2,0,0.13365162462775923
GSE32646,5,score,GSM809206,1,0,0.15425689528065165
GSE32646,5,score,GSM809207,0,0,0.15778851339066352
GSE32646,5,score,GSM809208,2,0,0.1323550662470808
GSE32646,5,score,GSM809209,2,0,0.5069462492926318
GSE32646,5,score,GSM809210,3,0,0.06822105314401448
GSE32646,5,score,GSM809211,2,0,0.5394539915293189
GSE32646,5,score,GSM809212,1,0,0.3158705754350651
GSE32646,5,score,GSM809213,3,1,0.15900314266703777
GSE32646,5,score,GSM809214,3,0,0.07612531964007499
GSE32646,5,score,GSM809215,4,0,0.2428908817100913
GSE32646,5,score,GSM809216,0,0,0.13067196757052585
GSE32646,5,score,GSM809217,1,0,0.15579504325826404
GSE32646,5,score,GSM809218,0,0,0.051743026573529145
GSE32646,5,score,GSM809219,3,0,0.1598950012646133
GSE32646,5,score,GSM809220,3,0,0.6504074674174082
GSE32646,5,score,GSM809221,0,0,0.20166019873131805
GSE32646,5,score,GSM809222,1,0,0.24611474187944254
GSE32646,5,score,GSM809223,4,0,0.2584741112727937
GSE32646,5,score,GSM809224,2,0,0.3172674455881821
GSE32646,5,score,GSM809225,3,1,0.17892406614874123
GSE32646,5,score,GSM809226,4,1,0.29920667909855025
GSE32646,5,score,GSM809227,1,0,0.531611124633027
GSE32646,5,score,GSM809228,2,0,0.27113396020302355
GSE32646,5,score,GSM809229,4,1,0.37414318113048
GSE32646,5,score,GSM809230,4,0,0.12096240130121562
GSE32646,5,score,GSM809231,3,1,0.5760130633819339
GSE32646,5,score,GSM809232,0,1,0.10248616053054242
GSE32646,5,score,GSM809233,2,0,0.07328089133614545
GSE32646,5,score,GSM809234,2,0,0.06321653180648931
GSE32646,5,score,GSM809235,4,0,0.09787245492881896
GSE32646,5,score,GSM809236,1,1,0.31707322139682914
GSE32646,5,score,GSM809237,4,1,0.5052689146158218
GSE32646,5,score,GSM809238,4,1,0.2618507526983426
GSE32646,5,score,GSM809239,0,0,0.33917665929050533
GSE32646,5,score,GSM809240,4,0,0.2095405577256858
GSE32646,5,score,GSM809241,0,0,0.12575136947744436
GSE32646,5,score,GSM809242,2,0,0.06401297746595261
GSE32646,5,score,GSM809243,4,0,0.1153845254872607
GSE32646,5,score,GSM809244,4,0,0.07224512068467592
GSE32646,5,score,GSM809245,3,0,0.3001815079570722
GSE32646,5,score,GSM809246,1,1,0.6005695211703905
GSE32646,5,score,GSM809247,3,0,0.6222485125799148
GSE32646,5,score,GSM809248,2,1,0.08900886039433066
GSE32646,5,score,GSM809249,2,0,0.10988733827491967
GSE32646,5,score,GSM809250,0,0,0.1286947651776363
GSE32646,5,score,GSM809251,2,0,0.06813488140550998
GSE32646,5,score,GSM809252,3,0,0.3057603480221128
GSE32646,5,score,GSM809253,2,1,0.23443252858644442
GSE32646,5,score,GSM809254,1,0,0.10492690677818502
GSE32646,5,score,GSM809255,1,0,0.1315455788268857
GSE32646,5,score,GSM809256,3,1,0.34221218092418676
GSE32646,5,score,GSM809257,2,0,0.18712202958140614
GSE32646,5,score,GSM809258,2,0,0.06874314680068128
GSE32646,5,score,GSM809259,3,0,0.2501088258621524
GSE32646,5,score,GSM809260,0,0,0.07720985749490024
GSE32646,5,score,GSM809261,2,0,0.17216559557392966
GSE32646,5,score,GSM809262,3,0,0.11340200833507837
GSE32646,5,score,GSM809263,4,0,0.11059467746808288
GSE32646,5,score,GSM809264,1,0,0.24286910510744456
GSE32646,5,score,GSM809265,1,0,0.07498726184482739
GSE32646,5,score,GSM809266,2,1,0.10575609694650026
GSE32646,5,score,GSM809267,0,0,0.6797327757660525
GSE32646,5,score,GSM809268,3,0,0.07055936539380293
GSE32646,5,score,GSM809269,1,0,0.42466935881870665
GSE32646,5,score,GSM809270,0,0,0.15666738824262558
GSE32646,5,score,GSM809271,4,1,0.21826313289042804
GSE32646,5,score,GSM809272,0,1,0.6326241586254767
GSE32646,5,score,GSM809273,4,0,0.14609555736713736
GSE32646,5,score,GSM809274,0,1,0.2982381715615886
GSE32646,5,score,GSM809275,3,0,0.03645984444036899
GSE32646,5,score,GSM809276,0,0,0.38217050194440916
GSE32646,5,score,GSM809277,3,0,0.23152521818815341
GSE32646,5,score,GSM809278,0,0,0.45861620328304564
GSE32646,5,score,GSM809279,3,0,0.15095599426224163
GSE32646,5,score,GSM809280,3,1,0.24517312954923204
GSE32646,5,score,GSM809281,2,0,0.07489964636026698
GSE32646,5,score,GSM809282,4,0,0.3242509178565729
GSE32646,5,score,GSM809283,3,0,0.07563008622013007
GSE32646,5,score,GSM809284,0,0,0.19058612646932074
GSE32646,5,score,GSM809285,1,0,0.1412506508649879
GSE32646,5,score,GSM809286,0,0,0.15497107696682766
GSE32646,5,score,GSM809287,0,0,0.18070534148848058
GSE32646,5,score,GSM809288,2,0,0.06006796075766726
GSE32646,5,score,GSM809289,1,1,0.38252834581824346
GSE32646,5,score,GSM809290,1,0,0.12138111142164716
GSE32646,5,score,GSM809291,4,0,0.10732259177407383
GSE32646,5,score,GSM809292,3,0,0.09494598150949732
GSE32646,5,score,GSM809293,1,0,0.09294340124698998
GSE32646,5,score,GSM809294,0,1,0.721650779566669
GSE32646,5,score,GSM809295,2,1,0.19642116837809206
GSE32646,5,score,GSM809296,4,0,0.09626932279735038
GSE32646,5,score,GSM809297,4,0,0.21793528714136493
GSE32646,5,score,GSM809298,3,1,0.16246428736585805
GSE32646,5,combined,GSM809184,2,0,0.09861752373077233
GSE32646,5,combined,GSM809185,4,1,0.46354414437640173
GSE32646,5,combined,GSM809186,1,0,0.45002971220316773
GSE32646,5,combined,GSM809187,4,0,0.16603902678325944
GSE32646,5,combined,GSM809188,0,0,0.08377346534562514
GSE32646,5,combined,GSM809189,0,0,0.06516447602630496
GSE32646,5,combined,GSM809190,1,0,0.12864397941899272
GSE32646,5,combined,GSM809191,3,0,0.11803819333609215
GSE32646,5,combined,GSM809192,2,1,0.29254199981372375
GSE32646,5,combined,GSM809193,1,0,0.07823705176092519
GSE32646,5,combined,GSM809194,0,1,0.0678889567858148
GSE32646,5,combined,GSM809195,2,0,0.09086815275010895
GSE32646,5,combined,GSM809196,1,0,0.1336552312749872
GSE32646,5,combined,GSM809197,4,0,0.07695022541232448
GSE32646,5,combined,GSM809198,1,0,0.22161989807622456
GSE32646,5,combined,GSM809199,4,0,0.1525842690756073
GSE32646,5,combined,GSM809200,4,0,0.41042488114486214
GSE32646,5,combined,GSM809201,0,0,0.051086728289112156
GSE32646,5,combined,GSM809202,1,1,0.6841717088034849
GSE32646,5,combined,GSM809203,1,1,0.5512508359163852
GSE32646,5,combined,GSM809204,3,0,0.3183205701164917
GSE32646,5,combined,GSM809205,2,0,0.07086612224204224
GSE32646,5,combined,GSM809206,1,0,0.06874651389150617
GSE32646,5,combined,GSM809207,0,0,0.14696302732397984
GSE32646,5,combined,GSM809208,2,0,0.21289679922031982
GSE32646,5,combined,GSM809209,2,0,0.4828547290210675
GSE32646,5,combined,GSM809210,3,0,0.05223232617958749
GSE32646,5,combined,GSM809211,2,0,0.6904953400479554
GSE32646,5,combined,GSM809212,1,0,0.10872065871249299
GSE32646,5,combined,GSM809213,3,1,0.0969697059056682
GSE32646,5,combined,GSM809214,3,0,0.1180594647554131
GSE32646,5,combined,GSM809215,4,0,0.12670824211888587
GSE32646,5,combined,GSM809216,0,0,0.11188302109580094
GSE32646,5,combined,GSM809217,1,0,0.13434294474798858
GSE32646,5,combined,GSM809218,0,0,0.02992004256140987
GSE32646,5,combined,GSM809219,3,0,0.13545121071148525
GSE32646,5,combined,GSM809220,3,0,0.7044916416233609
GSE32646,5,combined,GSM809221,0,0,0.2581527575946292
GSE32646,5,combined,GSM809222,1,0,0.2872533625796696
GSE32646,5,combined,GSM809223,4,0,0.157387905783803
GSE32646,5,combined,GSM809224,2,0,0.5033791970998762
GSE32646,5,combined,GSM809225,3,1,0.3230682774287047
GSE32646,5,combined,GSM809226,4,1,0.42448327949822195
GSE32646,5,combined,GSM809227,1,0,0.5218270495983655
GSE32646,5,combined,GSM809228,2,0,0.22718597285371747
GSE32646,5,combined,GSM809229,4,1,0.21276212647885653
GSE32646,5,combined,GSM809230,4,0,0.21997911015096308
GSE32646,5,combined,GSM809231,3,1,0.4558635804699092
GSE32646,5,combined,GSM809232,0,1,0.28516850989419495
GSE32646,5,combined,GSM809233,2,0,0.0547705116564111
GSE32646,5,combined,GSM809234,2,0,0.06775402917288881
GSE32646,5,combined,GSM809235,4,0,0.08296400099845187
GSE32646,5,combined,GSM809236,1,1,0.3541848917437694
GSE32646,5,combined,GSM809237,4,1,0.5711403978079381
GSE32646,5,combined,GSM809238,4,1,0.37988145102189125
GSE32646,5,combined,GSM809239,0,0,0.5930616121797121
GSE32646,5,combined,GSM809240,4,0,0.12644809662439532
GSE32646,5,combined,GSM809241,0,0,0.03556690697360614
GSE32646,5,combined,GSM809242,2,0,0.07067740247383628
GSE32646,5,combined,GSM809243,4,0,0.07671267871832398
GSE32646,5,combined,GSM809244,4,0,0.05676297344118604
GSE32646,5,combined,GSM809245,3,0,0.3409884416546313
GSE32646,5,combined,GSM809246,1,1,0.578547304047165
GSE32646,5,combined,GSM809247,3,0,0.660721349445909
GSE32646,5,combined,GSM809248,2,1,0.1049127992726574
GSE32646,5,combined,GSM809249,2,0,0.09475030898659839
GSE32646,5,combined,GSM809250,0,0,0.05176929992766906
GSE32646,5,combined,GSM809251,2,0,0.18323054898711805
GSE32646,5,combined,GSM809252,3,0,0.16172880639662862
GSE32646,5,combined,GSM809253,2,1,0.17501322400265176
GSE32646,5,combined,GSM809254,1,0,0.07643362212647184
GSE32646,5,combined,GSM809255,1,0,0.2993758342869322
GSE32646,5,combined,GSM809256,3,1,0.4140351795644825
GSE32646,5,combined,GSM809257,2,0,0.12106992521571115
GSE32646,5,combined,GSM809258,2,0,0.07713223305895162
GSE32646,5,combined,GSM809259,3,0,0.15042723754973844
GSE32646,5,combined,GSM809260,0,0,0.05190225271858521
GSE32646,5,combined,GSM809261,2,0,0.2155773869684157
GSE32646,5,combined,GSM809262,3,0,0.076859634740369
GSE32646,5,combined,GSM809263,4,0,0.08355154645684196
GSE32646,5,combined,GSM809264,1,0,0.37603412476624415
GSE32646,5,combined,GSM809265,1,0,0.07572532801737548
GSE32646,5,combined,GSM809266,2,1,0.308785276799548
GSE32646,5,combined,GSM809267,0,0,0.7114487542257709
GSE32646,5,combined,GSM809268,3,0,0.07604240814892875
GSE32646,5,combined,GSM809269,1,0,0.19868784347660168
GSE32646,5,combined,GSM809270,0,0,0.1856467827861194
GSE32646,5,combined,GSM809271,4,1,0.15033084667018984
GSE32646,5,combined,GSM809272,0,1,0.6547787819392246
GSE32646,5,combined,GSM809273,4,0,0.28849712654010934
GSE32646,5,combined,GSM809274,0,1,0.4008679124548025
GSE32646,5,combined,GSM809275,3,0,0.058444756842886005
GSE32646,5,combined,GSM809276,0,0,0.5009574630836936
GSE32646,5,combined,GSM809277,3,0,0.24050786160174437
GSE32646,5,combined,GSM809278,0,0,0.6464118921307308
GSE32646,5,combined,GSM809279,3,0,0.09739367091595102
GSE32646,5,combined,GSM809280,3,1,0.38886449913511123
GSE32646,5,combined,GSM809281,2,0,0.189952703668799
GSE32646,5,combined,GSM809282,4,0,0.3856640546668873
GSE32646,5,combined,GSM809283,3,0,0.06756608377200436
GSE32646,5,combined,GSM809284,0,0,0.087737317907083
GSE32646,5,combined,GSM809285,1,0,0.17905966378402116
GSE32646,5,combined,GSM809286,0,0,0.1008734507043173
GSE32646,5,combined,GSM809287,0,0,0.14403837361867539
GSE32646,5,combined,GSM809288,2,0,0.0437774374187161
GSE32646,5,combined,GSM809289,1,1,0.2132095911434177
GSE32646,5,combined,GSM809290,1,0,0.07704075349350946
GSE32646,5,combined,GSM809291,4,0,0.07295746956214863
GSE32646,5,combined,GSM809292,3,0,0.06485939980212282
GSE32646,5,combined,GSM809293,1,0,0.09364529962585337
GSE32646,5,combined,GSM809294,0,1,0.8153972326047287
GSE32646,5,combined,GSM809295,2,1,0.42282905471649607
GSE32646,5,combined,GSM809296,4,0,0.07104660420460296
GSE32646,5,combined,GSM809297,4,0,0.15968445358894123
GSE32646,5,combined,GSM809298,3,1,0.14039342653253936
GSE32646,6,intercept,GSM809184,1,0,0.2391304347826087
GSE32646,6,intercept,GSM809185,0,1,0.2391304347826087
GSE32646,6,intercept,GSM809186,1,0,0.2391304347826087
GSE32646,6,intercept,GSM809187,1,0,0.2391304347826087
GSE32646,6,intercept,GSM809188,4,0,0.22826086956521738
GSE32646,6,intercept,GSM809189,2,0,0.2391304347826087
GSE32646,6,intercept,GSM809190,4,0,0.22826086956521738
GSE32646,6,intercept,GSM809191,2,0,0.2391304347826087
GSE32646,6,intercept,GSM809192,1,1,0.2391304347826087
GSE32646,6,intercept,GSM809193,1,0,0.2391304347826087
GSE32646,6,intercept,GSM809194,3,1,0.22826086956521738
GSE32646,6,intercept,GSM809195,2,0,0.2391304347826087
GSE32646,6,intercept,GSM809196,2,0,0.2391304347826087
GSE32646,6,intercept,GSM809197,4,0,0.22826086956521738
GSE32646,6,intercept,GSM809198,0,0,0.2391304347826087
GSE32646,6,intercept,GSM809199,2,0,0.2391304347826087
GSE32646,6,intercept,GSM809200,0,0,0.2391304347826087
GSE32646,6,intercept,GSM809201,1,0,0.2391304347826087
GSE32646,6,intercept,GSM809202,1,1,0.2391304347826087
GSE32646,6,intercept,GSM809203,1,1,0.2391304347826087
GSE32646,6,intercept,GSM809204,2,0,0.2391304347826087
GSE32646,6,intercept,GSM809205,3,0,0.22826086956521738
GSE32646,6,intercept,GSM809206,0,0,0.2391304347826087
GSE32646,6,intercept,GSM809207,2,0,0.2391304347826087
GSE32646,6,intercept,GSM809208,1,0,0.2391304347826087
GSE32646,6,intercept,GSM809209,4,0,0.22826086956521738
GSE32646,6,intercept,GSM809210,0,0,0.2391304347826087
GSE32646,6,intercept,GSM809211,2,0,0.2391304347826087
GSE32646,6,intercept,GSM809212,3,0,0.22826086956521738
GSE32646,6,intercept,GSM809213,0,1,0.2391304347826087
GSE32646,6,intercept,GSM809214,1,0,0.2391304347826087
GSE32646,6,intercept,GSM809215,0,0,0.2391304347826087
GSE32646,6,intercept,GSM809216,3,0,0.22826086956521738
GSE32646,6,intercept,GSM809217,0,0,0.2391304347826087
GSE32646,6,intercept,GSM809218,0,0,0.2391304347826087
GSE32646,6,intercept,GSM809219,2,0,0.2391304347826087
GSE32646,6,intercept,GSM809220,2,0,0.2391304347826087
GSE32646,6,intercept,GSM809221,1,0,0.2391304347826087
GSE32646,6,intercept,GSM809222,0,0,0.2391304347826087
GSE32646,6,intercept,GSM809223,3,0,0.22826086956521738
GSE32646,6,intercept,GSM809224,2,0,0.2391304347826087
GSE32646,6,intercept,GSM809225,3,1,0.22826086956521738
GSE32646,6,intercept,GSM809226,3,1,0.22826086956521738
GSE32646,6,intercept,GSM809227,4,0,0.22826086956521738
GSE32646,6,intercept,GSM809228,3,0,0.22826086956521738
GSE32646,6,intercept,GSM809229,0,1,0.2391304347826087
GSE32646,6,intercept,GSM809230,0,0,0.2391304347826087
GSE32646,6,intercept,GSM809231,4,1,0.22826086956521738
GSE32646,6,intercept,GSM809232,1,1,0.2391304347826087
GSE32646,6,intercept,GSM809233,2,0,0.2391304347826087
GSE32646,6,intercept,GSM809234,0,0,0.2391304347826087
GSE32646,6,intercept,GSM809235,1,0,0.2391304347826087
GSE32646,6,intercept,GSM809236,2,1,0.2391304347826087
GSE32646,6,intercept,GSM809237,4,1,0.22826086956521738
GSE32646,6,intercept,GSM809238,4,1,0.22826086956521738
GSE32646,6,intercept,GSM809239,1,0,0.2391304347826087
GSE32646,6,intercept,GSM809240,4,0,0.22826086956521738
GSE32646,6,intercept,GSM809241,2,0,0.2391304347826087
GSE32646,6,intercept,GSM809242,4,0,0.22826086956521738
GSE32646,6,intercept,GSM809243,3,0,0.22826086956521738
GSE32646,6,intercept,GSM809244,3,0,0.22826086956521738
GSE32646,6,intercept,GSM809245,1,0,0.2391304347826087
GSE32646,6,intercept,GSM809246,3,1,0.22826086956521738
GSE32646,6,intercept,GSM809247,1,0,0.2391304347826087
GSE32646,6,intercept,GSM809248,4,1,0.22826086956521738
GSE32646,6,intercept,GSM809249,2,0,0.2391304347826087
GSE32646,6,intercept,GSM809250,3,0,0.22826086956521738
GSE32646,6,intercept,GSM809251,1,0,0.2391304347826087
GSE32646,6,intercept,GSM809252,3,0,0.22826086956521738
GSE32646,6,intercept,GSM809253,2,1,0.2391304347826087
GSE32646,6,intercept,GSM809254,0,0,0.2391304347826087
GSE32646,6,intercept,GSM809255,3,0,0.22826086956521738
GSE32646,6,intercept,GSM809256,4,1,0.22826086956521738
GSE32646,6,intercept,GSM809257,4,0,0.22826086956521738
GSE32646,6,intercept,GSM809258,3,0,0.22826086956521738
GSE32646,6,intercept,GSM809259,1,0,0.2391304347826087
GSE32646,6,intercept,GSM809260,0,0,0.2391304347826087
GSE32646,6,intercept,GSM809261,4,0,0.22826086956521738
GSE32646,6,intercept,GSM809262,3,0,0.22826086956521738
GSE32646,6,intercept,GSM809263,2,0,0.2391304347826087
GSE32646,6,intercept,GSM809264,4,0,0.22826086956521738
GSE32646,6,intercept,GSM809265,0,0,0.2391304347826087
GSE32646,6,intercept,GSM809266,2,1,0.2391304347826087
GSE32646,6,intercept,GSM809267,3,0,0.22826086956521738
GSE32646,6,intercept,GSM809268,1,0,0.2391304347826087
GSE32646,6,intercept,GSM809269,1,0,0.2391304347826087
GSE32646,6,intercept,GSM809270,4,0,0.22826086956521738
GSE32646,6,intercept,GSM809271,3,1,0.22826086956521738
GSE32646,6,intercept,GSM809272,0,1,0.2391304347826087
GSE32646,6,intercept,GSM809273,2,0,0.2391304347826087
GSE32646,6,intercept,GSM809274,2,1,0.2391304347826087
GSE32646,6,intercept,GSM809275,4,0,0.22826086956521738
GSE32646,6,intercept,GSM809276,2,0,0.2391304347826087
GSE32646,6,intercept,GSM809277,4,0,0.22826086956521738
GSE32646,6,intercept,GSM809278,1,0,0.2391304347826087
GSE32646,6,intercept,GSM809279,1,0,0.2391304347826087
GSE32646,6,intercept,GSM809280,3,1,0.22826086956521738
GSE32646,6,intercept,GSM809281,0,0,0.2391304347826087
GSE32646,6,intercept,GSM809282,4,0,0.22826086956521738
GSE32646,6,intercept,GSM809283,3,0,0.22826086956521738
GSE32646,6,intercept,GSM809284,0,0,0.2391304347826087
GSE32646,6,intercept,GSM809285,3,0,0.22826086956521738
GSE32646,6,intercept,GSM809286,4,0,0.22826086956521738
GSE32646,6,intercept,GSM809287,0,0,0.2391304347826087
GSE32646,6,intercept,GSM809288,3,0,0.22826086956521738
GSE32646,6,intercept,GSM809289,4,1,0.22826086956521738
GSE32646,6,intercept,GSM809290,4,0,0.22826086956521738
GSE32646,6,intercept,GSM809291,2,0,0.2391304347826087
GSE32646,6,intercept,GSM809292,4,0,0.22826086956521738
GSE32646,6,intercept,GSM809293,0,0,0.2391304347826087
GSE32646,6,intercept,GSM809294,2,1,0.2391304347826087
GSE32646,6,intercept,GSM809295,0,1,0.2391304347826087
GSE32646,6,intercept,GSM809296,0,0,0.2391304347826087
GSE32646,6,intercept,GSM809297,3,0,0.22826086956521738
GSE32646,6,intercept,GSM809298,1,1,0.2391304347826087
GSE32646,6,clinical,GSM809184,1,0,0.10124841477569894
GSE32646,6,clinical,GSM809185,0,1,0.419670968461396
GSE32646,6,clinical,GSM809186,1,0,0.5410017779089102
GSE32646,6,clinical,GSM809187,1,0,0.11645686367337275
GSE32646,6,clinical,GSM809188,4,0,0.0840840371581926
GSE32646,6,clinical,GSM809189,2,0,0.1421754955223727
GSE32646,6,clinical,GSM809190,4,0,0.11335632986251508
GSE32646,6,clinical,GSM809191,2,0,0.12203851138158202
GSE32646,6,clinical,GSM809192,1,1,0.1148510134708002
GSE32646,6,clinical,GSM809193,1,0,0.09982858259344443
GSE32646,6,clinical,GSM809194,3,1,0.08609049284853235
GSE32646,6,clinical,GSM809195,2,0,0.1448787270461766
GSE32646,6,clinical,GSM809196,2,0,0.08906350878020836
GSE32646,6,clinical,GSM809197,4,0,0.0977474448301621
GSE32646,6,clinical,GSM809198,0,0,0.11828080675866635
GSE32646,6,clinical,GSM809199,2,0,0.11514421062795224
GSE32646,6,clinical,GSM809200,0,0,0.3818783962865119
GSE32646,6,clinical,GSM809201,1,0,0.10124841477569894
GSE32646,6,clinical,GSM809202,1,1,0.5331946367096578
GSE32646,6,clinical,GSM809203,1,1,0.48222263729809
GSE32646,6,clinical,GSM809204,2,0,0.31121454493056094
GSE32646,6,clinical,GSM809205,3,0,0.0936732227732344
GSE32646,6,clinical,GSM809206,0,0,0.08917666127075705
GSE32646,6,clinical,GSM809207,2,0,0.14762451095942375
GSE32646,6,clinical,GSM809208,1,0,0.47438705729540637
GSE32646,6,clinical,GSM809209,4,0,0.2763979367582004
GSE32646,6,clinical,GSM809210,0,0,0.11423673516584909
GSE32646,6,clinical,GSM809211,2,0,0.49381051402124493
GSE32646,6,clinical,GSM809212,3,0,0.07739608239998758
GSE32646,6,clinical,GSM809213,0,1,0.10839668345967392
GSE32646,6,clinical,GSM809214,1,0,0.443208659763245
GSE32646,6,clinical,GSM809215,0,0,0.08603058124408947
GSE32646,6,clinical,GSM809216,3,0,0.1302661640743507
GSE32646,6,clinical,GSM809217,0,0,0.12893587585443014
GSE32646,6,clinical,GSM809218,0,0,0.10282053208411994
GSE32646,6,clinical,GSM809219,2,0,0.15041318028987374
GSE32646,6,clinical,GSM809220,2,0,0.4554442946562196
GSE32646,6,clinical,GSM809221,1,0,0.46656407044169285
GSE32646,6,clinical,GSM809222,0,0,0.1686138865846228
GSE32646,6,clinical,GSM809223,3,0,0.12011385018292657
GSE32646,6,clinical,GSM809224,2,0,0.4828214176468221
GSE32646,6,clinical,GSM809225,3,1,0.42614615369332476
GSE32646,6,clinical,GSM809226,3,1,0.4318257219853302
GSE32646,6,clinical,GSM809227,4,0,0.3287157464337975
GSE32646,6,clinical,GSM809228,3,0,0.13835164048906184
GSE32646,6,clinical,GSM809229,0,1,0.12244825075567921
GSE32646,6,clinical,GSM809230,0,0,0.35441758529330536
GSE32646,6,clinical,GSM809231,4,1,0.17031425791096588
GSE32646,6,clinical,GSM809232,1,1,0.5448980549150633
GSE32646,6,clinical,GSM809233,2,0,0.11740382812225873
GSE32646,6,clinical,GSM809234,0,0,0.13116261856198488
GSE32646,6,clinical,GSM809235,1,0,0.11808217160035497
GSE32646,6,clinical,GSM809236,2,1,0.39637347092008224
GSE32646,6,clinical,GSM809237,4,1,0.4664510628207169
GSE32646,6,clinical,GSM809238,4,1,0.39551252703608264
GSE32646,6,clinical,GSM809239,1,0,0.5448980549150633
GSE32646,6,clinical,GSM809240,4,0,0.10145993523821605
GSE32646,6,clinical,GSM809241,2,0,0.0789230674780081
GSE32646,6,clinical,GSM809242,4,0,0.16207005614875983
GSE32646,6,clinical,GSM809243,3,0,0.08793235628814944
GSE32646,6,clinical,GSM809244,3,0,0.09172320215400213
GSE32646,6,clinical,GSM809245,1,0,0.45097110761194553
GSE32646,6,clinical,GSM809246,3,1,0.36525185141404953
GSE32646,6,clinical,GSM809247,1,0,0.49006696983506715
GSE32646,6,clinical,GSM809248,4,1,0.22231940563998104
GSE32646,6,clinical,GSM809249,2,0,0.13431763806730584
GSE32646,6,clinical,GSM809250,3,0,0.08609049284853235
GSE32646,6,clinical,GSM809251,1,0,0.517535296054584
GSE32646,6,clinical,GSM809252,3,0,0.09974790448281072
GSE32646,6,clinical,GSM809253,2,1,0.13431763806730584
GSE32646,6,clinical,GSM809254,0,0,0.11031363306672219
GSE32646,6,clinical,GSM809255,3,0,0.4318257219853302
GSE32646,6,clinical,GSM809256,4,1,0.33791508665247505
GSE32646,6,clinical,GSM809257,4,0,0.11335632986251508
GSE32646,6,clinical,GSM809258,3,0,0.13835164048906184
GSE32646,6,clinical,GSM809259,1,0,0.10414190960646201
GSE32646,6,clinical,GSM809260,0,0,0.1122602147729301
GSE32646,6,clinical,GSM809261,4,0,0.24120134325919956
GSE32646,6,clinical,GSM809262,3,0,0.11065209503415475
GSE32646,6,clinical,GSM809263,2,0,0.12203851138158202
GSE32646,6,clinical,GSM809264,4,0,0.40545214157663795
GSE32646,6,clinical,GSM809265,0,0,0.1245789753751537
GSE32646,6,clinical,GSM809266,2,1,0.5212861847520492
GSE32646,6,clinical,GSM809267,3,0,0.37064402629566856
GSE32646,6,clinical,GSM809268,1,0,0.12825104345109797
GSE32646,6,clinical,GSM809269,1,0,0.0956748249311978
GSE32646,6,clinical,GSM809270,4,0,0.21220169370506398
GSE32646,6,clinical,GSM809271,3,1,0.14397299498906482
GSE32646,6,clinical,GSM809272,0,1,0.3865350358173422
GSE32646,6,clinical,GSM809273,2,0,0.4828214176468221
GSE32646,6,clinical,GSM809274,2,1,0.4283338454116474
GSE32646,6,clinical,GSM809275,4,0,0.26465667291551337
GSE32646,6,clinical,GSM809276,2,0,0.4391358024379003
GSE32646,6,clinical,GSM809277,4,0,0.22231940563998104
GSE32646,6,clinical,GSM809278,1,0,0.5253712038367946
GSE32646,6,clinical,GSM809279,1,0,0.10414190960646201
GSE32646,6,clinical,GSM809280,3,1,0.42048600260089686
GSE32646,6,clinical,GSM809281,0,0,0.4389573007595681
GSE32646,6,clinical,GSM809282,4,0,0.24453030199258216
GSE32646,6,clinical,GSM809283,3,0,0.1302661640743507
GSE32646,6,clinical,GSM809284,0,0,0.09749986166049236
GSE32646,6,clinical,GSM809285,3,0,0.16515352013187493
GSE32646,6,clinical,GSM809286,4,0,0.1175843927408549
GSE32646,6,clinical,GSM809287,0,0,0.12674142192181986
GSE32646,6,clinical,GSM809288,3,0,0.10399005239849715
GSE32646,6,clinical,GSM809289,4,1,0.11335632986251508
GSE32646,6,clinical,GSM809290,4,0,0.0977474448301621
GSE32646,6,clinical,GSM809291,2,0,0.09646286189946116
GSE32646,6,clinical,GSM809292,4,0,0.10926147369213833
GSE32646,6,clinical,GSM809293,0,0,0.12893587585443014
GSE32646,6,clinical,GSM809294,2,1,0.4718489117185396
GSE32646,6,clinical,GSM809295,0,1,0.4780301229599825
GSE32646,6,clinical,GSM809296,0,0,0.10101900751481073
GSE32646,6,clinical,GSM809297,3,0,0.16515352013187493
GSE32646,6,clinical,GSM809298,1,1,0.12478099810743816
GSE32646,6,score,GSM809184,1,0,0.18059295694005836
GSE32646,6,score,GSM809185,0,1,0.3796682953674568
GSE32646,6,score,GSM809186,1,0,0.21963871157215994
GSE32646,6,score,GSM809187,1,0,0.2914910288655534
GSE32646,6,score,GSM809188,4,0,0.18120517487512672
GSE32646,6,score,GSM809189,2,0,0.06481599402193462
GSE32646,6,score,GSM809190,4,0,0.18273678946194388
GSE32646,6,score,GSM809191,2,0,0.20170898632825568
GSE32646,6,score,GSM809192,1,1,0.4259505878685709
GSE32646,6,score,GSM809193,1,0,0.09416718684338875
GSE32646,6,score,GSM809194,3,1,0.15826155517486182
GSE32646,6,score,GSM809195,2,0,0.10153361868349549
GSE32646,6,score,GSM809196,2,0,0.3962323804156001
GSE32646,6,score,GSM809197,4,0,0.09480159319567194
GSE32646,6,score,GSM809198,0,0,0.33945111526830807
GSE32646,6,score,GSM809199,2,0,0.2930830895950948
GSE32646,6,score,GSM809200,0,0,0.33295631196249537
GSE32646,6,score,GSM809201,1,0,0.08574324033393238
GSE32646,6,score,GSM809202,1,1,0.6455009517569429
GSE32646,6,score,GSM809203,1,1,0.5982807014869957
GSE32646,6,score,GSM809204,2,0,0.3970708774777547
GSE32646,6,score,GSM809205,3,0,0.1399922420122614
GSE32646,6,score,GSM809206,0,0,0.14028083073332112
GSE32646,6,score,GSM809207,2,0,0.15761532887426058
GSE32646,6,score,GSM809208,1,0,0.15403716904503503
GSE32646,6,score,GSM809209,4,0,0.47353786075773957
GSE32646,6,score,GSM809210,0,0,0.0970102191935614
GSE32646,6,score,GSM809211,2,0,0.5610724911879941
GSE32646,6,score,GSM809212,3,0,0.2927589541358887
GSE32646,6,score,GSM809213,0,1,0.18019489476222392
GSE32646,6,score,GSM809214,1,0,0.0917535233881326
GSE32646,6,score,GSM809215,0,0,0.2458829301113232
GSE32646,6,score,GSM809216,3,0,0.12142768329412276
GSE32646,6,score,GSM809217,0,0,0.14170895629836408
GSE32646,6,score,GSM809218,0,0,0.06862838861205936
GSE32646,6,score,GSM809219,2,0,0.17612625286017164
GSE32646,6,score,GSM809220,2,0,0.6631269888114076
GSE32646,6,score,GSM809221,1,0,0.20677040130357494
GSE32646,6,score,GSM809222,0,0,0.22646779221942107
GSE32646,6,score,GSM809223,3,0,0.25546856424599934
GSE32646,6,score,GSM809224,2,0,0.3417705053298228
GSE32646,6,score,GSM809225,3,1,0.17981754078154555
GSE32646,6,score,GSM809226,3,1,0.30568246757519574
GSE32646,6,score,GSM809227,4,0,0.5420851217176255
GSE32646,6,score,GSM809228,3,0,0.26606902107449215
GSE32646,6,score,GSM809229,0,1,0.3808980417305964
GSE32646,6,score,GSM809230,0,0,0.1208716970462217
GSE32646,6,score,GSM809231,4,1,0.5282246696043876
GSE32646,6,score,GSM809232,1,1,0.10591079797173326
GSE32646,6,score,GSM809233,2,0,0.08461368403388306
GSE32646,6,score,GSM809234,0,0,0.09284067930717452
GSE32646,6,score,GSM809235,1,0,0.08339273190012374
GSE32646,6,score,GSM809236,2,1,0.3267394888057044
GSE32646,6,score,GSM809237,4,1,0.5525321378222088
GSE32646,6,score,GSM809238,4,1,0.2697759143199929
GSE32646,6,score,GSM809239,1,0,0.34520055156621754
GSE32646,6,score,GSM809240,4,0,0.20945807038425499
GSE32646,6,score,GSM809241,2,0,0.12443512612865344
GSE32646,6,score,GSM809242,4,0,0.08353096702917993
GSE32646,6,score,GSM809243,3,0,0.09298981087001548
GSE32646,6,score,GSM809244,3,0,0.051584325478383396
GSE32646,6,score,GSM809245,1,0,0.3189207481936988
GSE32646,6,score,GSM809246,3,1,0.6332611038273767
GSE32646,6,score,GSM809247,1,0,0.6206057114592791
GSE32646,6,score,GSM809248,4,1,0.10968188914981351
GSE32646,6,score,GSM809249,2,0,0.12486443495787529
GSE32646,6,score,GSM809250,3,0,0.11962391107165125
GSE32646,6,score,GSM809251,1,0,0.0841354236890957
GSE32646,6,score,GSM809252,3,0,0.293602029754577
GSE32646,6,score,GSM809253,2,1,0.25695213286664415
GSE32646,6,score,GSM809254,0,0,0.09475954790030751
GSE32646,6,score,GSM809255,3,0,0.09706172858306489
GSE32646,6,score,GSM809256,4,1,0.3324366591949552
GSE32646,6,score,GSM809257,4,0,0.20260124041431976
GSE32646,6,score,GSM809258,3,0,0.07685241518298624
GSE32646,6,score,GSM809259,1,0,0.27039287043457383
GSE32646,6,score,GSM809260,0,0,0.09421099440894928
GSE32646,6,score,GSM809261,4,0,0.18909800049205477
GSE32646,6,score,GSM809262,3,0,0.11900195083237422
GSE32646,6,score,GSM809263,2,0,0.09210857277615579
GSE32646,6,score,GSM809264,4,0,0.2225884655619151
GSE32646,6,score,GSM809265,0,0,0.06740496523422534
GSE32646,6,score,GSM809266,2,1,0.12036209229580991
GSE32646,6,score,GSM809267,3,0,0.6440118006896094
GSE32646,6,score,GSM809268,1,0,0.08560041137907926
GSE32646,6,score,GSM809269,1,0,0.4606067946199208
GSE32646,6,score,GSM809270,4,0,0.15854589025028293
GSE32646,6,score,GSM809271,3,1,0.20712220990843164
GSE32646,6,score,GSM809272,0,1,0.5437435431180109
GSE32646,6,score,GSM809273,2,0,0.13376889095906683
GSE32646,6,score,GSM809274,2,1,0.3049633804410442
GSE32646,6,score,GSM809275,4,0,0.05168852060688883
GSE32646,6,score,GSM809276,2,0,0.3933654767971102
GSE32646,6,score,GSM809277,4,0,0.2389813925286769
GSE32646,6,score,GSM809278,1,0,0.46444427595276405
GSE32646,6,score,GSM809279,1,0,0.17115635873891472
GSE32646,6,score,GSM809280,3,1,0.2396204399948457
GSE32646,6,score,GSM809281,0,0,0.10509099839830766
GSE32646,6,score,GSM809282,4,0,0.3427490807845476
GSE32646,6,score,GSM809283,3,0,0.08255888871575653
GSE32646,6,score,GSM809284,0,0,0.1932597959814177
GSE32646,6,score,GSM809285,3,0,0.10615789758829398
GSE32646,6,score,GSM809286,4,0,0.15700028479554187
GSE32646,6,score,GSM809287,0,0,0.18517422305064873
GSE32646,6,score,GSM809288,3,0,0.06804872689309478
GSE32646,6,score,GSM809289,4,1,0.3748811635930934
GSE32646,6,score,GSM809290,4,0,0.10003061280523304
GSE32646,6,score,GSM809291,2,0,0.08846453780513963
GSE32646,6,score,GSM809292,4,0,0.11418006116979097
GSE32646,6,score,GSM809293,0,0,0.08378516041534936
GSE32646,6,score,GSM809294,2,1,0.7423015147404409
GSE32646,6,score,GSM809295,0,1,0.21290519735367147
GSE32646,6,score,GSM809296,0,0,0.09574749552341323
GSE32646,6,score,GSM809297,3,0,0.20673448248686385
GSE32646,6,score,GSM809298,1,1,0.18295302426362345
GSE32646,6,combined,GSM809184,1,0,0.1039340530489856
GSE32646,6,combined,GSM809185,0,1,0.4750676219396794
GSE32646,6,combined,GSM809186,1,0,0.4626939371333117
GSE32646,6,combined,GSM809187,1,0,0.17732190994106137
GSE32646,6,combined,GSM809188,4,0,0.08075421868191318
GSE32646,6,combined,GSM809189,2,0,0.06448583937975308
GSE32646,6,combined,GSM809190,4,0,0.11579143327956375
GSE32646,6,combined,GSM809191,2,0,0.13568353846035303
GSE32646,6,combined,GSM809192,1,1,0.23552581636486125
GSE32646,6,combined,GSM809193,1,0,0.06543001119503904
GSE32646,6,combined,GSM809194,3,1,0.07891173967520329
GSE32646,6,combined,GSM809195,2,0,0.09606662727447222
GSE32646,6,combined,GSM809196,2,0,0.17506305552536766
GSE32646,6,combined,GSM809197,4,0,0.05453834548970893
GSE32646,6,combined,GSM809198,0,0,0.19462288945718664
GSE32646,6,combined,GSM809199,2,0,0.17731475307542832
GSE32646,6,combined,GSM809200,0,0,0.39241383533173907
GSE32646,6,combined,GSM809201,1,0,0.06277034336499836
GSE32646,6,combined,GSM809202,1,1,0.7324137729925283
GSE32646,6,combined,GSM809203,1,1,0.6442143064047089
GSE32646,6,combined,GSM809204,2,0,0.3234054230689717
GSE32646,6,combined,GSM809205,3,0,0.07876101276992929
GSE32646,6,combined,GSM809206,0,0,0.06930260648746353
GSE32646,6,combined,GSM809207,2,0,0.14232008300142024
GSE32646,6,combined,GSM809208,1,0,0.3098522187977146
GSE32646,6,combined,GSM809209,4,0,0.3839165867072291
GSE32646,6,combined,GSM809210,0,0,0.07354117768131901
GSE32646,6,combined,GSM809211,2,0,0.7043656417679598
GSE32646,6,combined,GSM809212,3,0,0.12351790137299047
GSE32646,6,combined,GSM809213,0,1,0.10701269138208734
GSE32646,6,combined,GSM809214,1,0,0.20517694804962153
GSE32646,6,combined,GSM809215,0,0,0.10185901562179293
GSE32646,6,combined,GSM809216,3,0,0.10603154742411539
GSE32646,6,combined,GSM809217,0,0,0.11229139226217251
GSE32646,6,combined,GSM809218,0,0,0.05026571686605472
GSE32646,6,combined,GSM809219,2,0,0.16028509775241245
GSE32646,6,combined,GSM809220,2,0,0.7333584426526985
GSE32646,6,combined,GSM809221,1,0,0.3511716188865167
GSE32646,6,combined,GSM809222,0,0,0.21743530218380214
GSE32646,6,combined,GSM809223,3,0,0.18126353602956463
GSE32646,6,combined,GSM809224,2,0,0.516393111366395
GSE32646,6,combined,GSM809225,3,1,0.30390163425324684
GSE32646,6,combined,GSM809226,3,1,0.4419542719578895
GSE32646,6,combined,GSM809227,4,0,0.5115697072028301
GSE32646,6,combined,GSM809228,3,0,0.22068414719733284
GSE32646,6,combined,GSM809229,0,1,0.22300757033907934
GSE32646,6,combined,GSM809230,0,0,0.18809297114717427
GSE32646,6,combined,GSM809231,4,1,0.2639845359741318
GSE32646,6,combined,GSM809232,1,1,0.33538576359618827
GSE32646,6,combined,GSM809233,2,0,0.06063112808317505
GSE32646,6,combined,GSM809234,0,0,0.08566981334528079
GSE32646,6,combined,GSM809235,1,0,0.07708291554326784
GSE32646,6,combined,GSM809236,2,1,0.38351060118061975
GSE32646,6,combined,GSM809237,4,1,0.682406243108571
GSE32646,6,combined,GSM809238,4,1,0.3610994907164467
GSE32646,6,combined,GSM809239,1,0,0.5684970609012353
GSE32646,6,combined,GSM809240,4,0,0.11509725016632304
GSE32646,6,combined,GSM809241,2,0,0.0477927470563769
GSE32646,6,combined,GSM809242,4,0,0.09251354547622428
GSE32646,6,combined,GSM809243,3,0,0.05110334217287152
GSE32646,6,combined,GSM809244,3,0,0.03295093431280266
GSE32646,6,combined,GSM809245,1,0,0.419514354152634
GSE32646,6,combined,GSM809246,3,1,0.630053129351053
GSE32646,6,combined,GSM809247,1,0,0.667676390524597
GSE32646,6,combined,GSM809248,4,1,0.07930966617240344
GSE32646,6,combined,GSM809249,2,0,0.10239871683315799
GSE32646,6,combined,GSM809250,3,0,0.0617311862339704
GSE32646,6,combined,GSM809251,1,0,0.2688907949369188
GSE32646,6,combined,GSM809252,3,0,0.16645883276429962
GSE32646,6,combined,GSM809253,2,1,0.19127570607037916
GSE32646,6,combined,GSM809254,0,0,0.06908238964984888
GSE32646,6,combined,GSM809255,3,0,0.201103918248627
GSE32646,6,combined,GSM809256,4,1,0.350273605573898
GSE32646,6,combined,GSM809257,4,0,0.12700789403592527
GSE32646,6,combined,GSM809258,3,0,0.07887682040132885
GSE32646,6,combined,GSM809259,1,0,0.144733516139365
GSE32646,6,combined,GSM809260,0,0,0.0704121333985314
GSE32646,6,combined,GSM809261,4,0,0.28420887029278175
GSE32646,6,combined,GSM809262,3,0,0.08465078476064779
GSE32646,6,combined,GSM809263,2,0,0.06893598076871087
GSE32646,6,combined,GSM809264,4,0,0.3248410348989059
GSE32646,6,combined,GSM809265,0,0,0.0642478824041462
GSE32646,6,combined,GSM809266,2,1,0.3056122129868808
GSE32646,6,combined,GSM809267,3,0,0.6454482398878794
GSE32646,6,combined,GSM809268,1,0,0.08840737292772635
GSE32646,6,combined,GSM809269,1,0,0.20244847317744397
GSE32646,6,combined,GSM809270,4,0,0.21507369403041046
GSE32646,6,combined,GSM809271,3,1,0.18686132239747943
GSE32646,6,combined,GSM809272,0,1,0.5446432652918994
GSE32646,6,combined,GSM809273,2,0,0.282293770712508
GSE32646,6,combined,GSM809274,2,1,0.4071021477731648
GSE32646,6,combined,GSM809275,4,0,0.12196503359009153
GSE32646,6,combined,GSM809276,2,0,0.5015760645080882
GSE32646,6,combined,GSM809277,4,0,0.15692011791165328
GSE32646,6,combined,GSM809278,1,0,0.6192629533111875
GSE32646,6,combined,GSM809279,1,0,0.10410515830340568
GSE32646,6,combined,GSM809280,3,1,0.36294369916235325
GSE32646,6,combined,GSM809281,0,0,0.24559022028102645
GSE32646,6,combined,GSM809282,4,0,0.24653607028501198
GSE32646,6,combined,GSM809283,3,0,0.07721794224093752
GSE32646,6,combined,GSM809284,0,0,0.09865531596518563
GSE32646,6,combined,GSM809285,3,0,0.12899154944858762
GSE32646,6,combined,GSM809286,4,0,0.10578185916105382
GSE32646,6,combined,GSM809287,0,0,0.13293035439898981
GSE32646,6,combined,GSM809288,3,0,0.048931635629626435
GSE32646,6,combined,GSM809289,4,1,0.22783301167332773
GSE32646,6,combined,GSM809290,4,0,0.057119562064629315
GSE32646,6,combined,GSM809291,2,0,0.047282948903594496
GSE32646,6,combined,GSM809292,4,0,0.07342195374692277
GSE32646,6,combined,GSM809293,0,0,0.0780578200275728
GSE32646,6,combined,GSM809294,2,1,0.8047331193668237
GSE32646,6,combined,GSM809295,0,1,0.41181743557920963
GSE32646,6,combined,GSM809296,0,0,0.06195782309405139
GSE32646,6,combined,GSM809297,3,0,0.2190796670122741
GSE32646,6,combined,GSM809298,1,1,0.13987002349574024
GSE32646,7,intercept,GSM809184,2,0,0.2391304347826087
GSE32646,7,intercept,GSM809185,0,1,0.2391304347826087
GSE32646,7,intercept,GSM809186,0,0,0.2391304347826087
GSE32646,7,intercept,GSM809187,4,0,0.22826086956521738
GSE32646,7,intercept,GSM809188,0,0,0.2391304347826087
GSE32646,7,intercept,GSM809189,4,0,0.22826086956521738
GSE32646,7,intercept,GSM809190,1,0,0.2391304347826087
GSE32646,7,intercept,GSM809191,2,0,0.2391304347826087
GSE32646,7,intercept,GSM809192,0,1,0.2391304347826087
GSE32646,7,intercept,GSM809193,2,0,0.2391304347826087
GSE32646,7,intercept,GSM809194,3,1,0.22826086956521738
GSE32646,7,intercept,GSM809195,2,0,0.2391304347826087
GSE32646,7,intercept,GSM809196,0,0,0.2391304347826087
GSE32646,7,intercept,GSM809197,0,0,0.2391304347826087
GSE32646,7,intercept,GSM809198,4,0,0.22826086956521738
GSE32646,7,intercept,GSM809199,1,0,0.2391304347826087
GSE32646,7,intercept,GSM809200,4,0,0.22826086956521738
GSE32646,7,intercept,GSM809201,0,0,0.2391304347826087
GSE32646,7,intercept,GSM809202,0,1,0.2391304347826087
GSE32646,7,intercept,GSM809203,4,1,0.22826086956521738
GSE32646,7,intercept,GSM809204,1,0,0.2391304347826087
GSE32646,7,intercept,GSM809205,0,0,0.2391304347826087
GSE32646,7,intercept,GSM809206,0,0,0.2391304347826087
GSE32646,7,intercept,GSM809207,3,0,0.22826086956521738
GSE32646,7,intercept,GSM809208,0,0,0.2391304347826087
GSE32646,7,intercept,GSM809209,1,0,0.2391304347826087
GSE32646,7,intercept,GSM809210,1,0,0.2391304347826087
GSE32646,7,intercept,GSM809211,2,0,0.2391304347826087
GSE32646,7,intercept,GSM809212,3,0,0.22826086956521738
GSE32646,7,intercept,GSM809213,3,1,0.22826086956521738
GSE32646,7,intercept,GSM809214,4,0,0.22826086956521738
GSE32646,7,intercept,GSM809215,2,0,0.2391304347826087
GSE32646,7,intercept,GSM809216,1,0,0.2391304347826087
GSE32646,7,intercept,GSM809217,2,0,0.2391304347826087
GSE32646,7,intercept,GSM809218,4,0,0.22826086956521738
GSE32646,7,intercept,GSM809219,0,0,0.2391304347826087
GSE32646,7,intercept,GSM809220,2,0,0.2391304347826087
GSE32646,7,intercept,GSM809221,3,0,0.22826086956521738
GSE32646,7,intercept,GSM809222,0,0,0.2391304347826087
GSE32646,7,intercept,GSM809223,3,0,0.22826086956521738
GSE32646,7,intercept,GSM809224,3,0,0.22826086956521738
GSE32646,7,intercept,GSM809225,3,1,0.22826086956521738
GSE32646,7,intercept,GSM809226,2,1,0.2391304347826087
GSE32646,7,intercept,GSM809227,3,0,0.22826086956521738
GSE32646,7,intercept,GSM809228,2,0,0.2391304347826087
GSE32646,7,intercept,GSM809229,3,1,0.22826086956521738
GSE32646,7,intercept,GSM809230,4,0,0.22826086956521738
GSE32646,7,intercept,GSM809231,4,1,0.22826086956521738
GSE32646,7,intercept,GSM809232,3,1,0.22826086956521738
GSE32646,7,intercept,GSM809233,3,0,0.22826086956521738
GSE32646,7,intercept,GSM809234,3,0,0.22826086956521738
GSE32646,7,intercept,GSM809235,0,0,0.2391304347826087
GSE32646,7,intercept,GSM809236,4,1,0.22826086956521738
GSE32646,7,intercept,GSM809237,1,1,0.2391304347826087
GSE32646,7,intercept,GSM809238,2,1,0.2391304347826087
GSE32646,7,intercept,GSM809239,1,0,0.2391304347826087
GSE32646,7,intercept,GSM809240,2,0,0.2391304347826087
GSE32646,7,intercept,GSM809241,2,0,0.2391304347826087
GSE32646,7,intercept,GSM809242,2,0,0.2391304347826087
GSE32646,7,intercept,GSM809243,2,0,0.2391304347826087
GSE32646,7,intercept,GSM809244,0,0,0.2391304347826087
GSE32646,7,intercept,GSM809245,3,0,0.22826086956521738
GSE32646,7,intercept,GSM809246,4,1,0.22826086956521738
GSE32646,7,intercept,GSM809247,1,0,0.2391304347826087
GSE32646,7,intercept,GSM809248,1,1,0.2391304347826087
GSE32646,7,intercept,GSM809249,0,0,0.2391304347826087
GSE32646,7,intercept,GSM809250,3,0,0.22826086956521738
GSE32646,7,intercept,GSM809251,0,0,0.2391304347826087
GSE32646,7,intercept,GSM809252,3,0,0.22826086956521738
GSE32646,7,intercept,GSM809253,0,1,0.2391304347826087
GSE32646,7,intercept,GSM809254,4,0,0.22826086956521738
GSE32646,7,intercept,GSM809255,4,0,0.22826086956521738
GSE32646,7,intercept,GSM809256,2,1,0.2391304347826087
GSE32646,7,intercept,GSM809257,4,0,0.22826086956521738
GSE32646,7,intercept,GSM809258,3,0,0.22826086956521738
GSE32646,7,intercept,GSM809259,0,0,0.2391304347826087
GSE32646,7,intercept,GSM809260,1,0,0.2391304347826087
GSE32646,7,intercept,GSM809261,2,0,0.2391304347826087
GSE32646,7,intercept,GSM809262,3,0,0.22826086956521738
GSE32646,7,intercept,GSM809263,0,0,0.2391304347826087
GSE32646,7,intercept,GSM809264,1,0,0.2391304347826087
GSE32646,7,intercept,GSM809265,4,0,0.22826086956521738
GSE32646,7,intercept,GSM809266,1,1,0.2391304347826087
GSE32646,7,intercept,GSM809267,4,0,0.22826086956521738
GSE32646,7,intercept,GSM809268,2,0,0.2391304347826087
GSE32646,7,intercept,GSM809269,4,0,0.22826086956521738
GSE32646,7,intercept,GSM809270,0,0,0.2391304347826087
GSE32646,7,intercept,GSM809271,4,1,0.22826086956521738
GSE32646,7,intercept,GSM809272,1,1,0.2391304347826087
GSE32646,7,intercept,GSM809273,2,0,0.2391304347826087
GSE32646,7,intercept,GSM809274,1,1,0.2391304347826087
GSE32646,7,intercept,GSM809275,4,0,0.22826086956521738
GSE32646,7,intercept,GSM809276,3,0,0.22826086956521738
GSE32646,7,intercept,GSM809277,2,0,0.2391304347826087
GSE32646,7,intercept,GSM809278,1,0,0.2391304347826087
GSE32646,7,intercept,GSM809279,3,0,0.22826086956521738
GSE32646,7,intercept,GSM809280,4,1,0.22826086956521738
GSE32646,7,intercept,GSM809281,1,0,0.2391304347826087
GSE32646,7,intercept,GSM809282,1,0,0.2391304347826087
GSE32646,7,intercept,GSM809283,3,0,0.22826086956521738
GSE32646,7,intercept,GSM809284,2,0,0.2391304347826087
GSE32646,7,intercept,GSM809285,4,0,0.22826086956521738
GSE32646,7,intercept,GSM809286,3,0,0.22826086956521738
GSE32646,7,intercept,GSM809287,1,0,0.2391304347826087
GSE32646,7,intercept,GSM809288,1,0,0.2391304347826087
GSE32646,7,intercept,GSM809289,0,1,0.2391304347826087
GSE32646,7,intercept,GSM809290,0,0,0.2391304347826087
GSE32646,7,intercept,GSM809291,4,0,0.22826086956521738
GSE32646,7,intercept,GSM809292,1,0,0.2391304347826087
GSE32646,7,intercept,GSM809293,4,0,0.22826086956521738
GSE32646,7,intercept,GSM809294,2,1,0.2391304347826087
GSE32646,7,intercept,GSM809295,3,1,0.22826086956521738
GSE32646,7,intercept,GSM809296,1,0,0.2391304347826087
GSE32646,7,intercept,GSM809297,1,0,0.2391304347826087
GSE32646,7,intercept,GSM809298,2,1,0.2391304347826087
GSE32646,7,clinical,GSM809184,2,0,0.12223110998602006
GSE32646,7,clinical,GSM809185,0,1,0.43896619394445413
GSE32646,7,clinical,GSM809186,0,0,0.5006989164326929
GSE32646,7,clinical,GSM809187,4,0,0.1476888030148076
GSE32646,7,clinical,GSM809188,0,0,0.08176487576303769
GSE32646,7,clinical,GSM809189,4,0,0.15182390142990007
GSE32646,7,clinical,GSM809190,1,0,0.12877116997936294
GSE32646,7,clinical,GSM809191,2,0,0.12803987283919055
GSE32646,7,clinical,GSM809192,0,1,0.11103490874359774
GSE32646,7,clinical,GSM809193,2,0,0.12034586529858589
GSE32646,7,clinical,GSM809194,3,1,0.07268756830275133
GSE32646,7,clinical,GSM809195,2,0,0.14689072738099437
GSE32646,7,clinical,GSM809196,0,0,0.07066478306227951
GSE32646,7,clinical,GSM809197,0,0,0.08880064824247913
GSE32646,7,clinical,GSM809198,4,0,0.12839429781644224
GSE32646,7,clinical,GSM809199,1,0,0.12342059418596936
GSE32646,7,clinical,GSM809200,4,0,0.3418365281607046
GSE32646,7,clinical,GSM809201,0,0,0.09251982588720715
GSE32646,7,clinical,GSM809202,0,1,0.4894207492780487
GSE32646,7,clinical,GSM809203,4,1,0.3716344808722523
GSE32646,7,clinical,GSM809204,1,0,0.3024035096962902
GSE32646,7,clinical,GSM809205,0,0,0.08176487576303769
GSE32646,7,clinical,GSM809206,0,0,0.07368581270480502
GSE32646,7,clinical,GSM809207,3,0,0.1122487062454418
GSE32646,7,clinical,GSM809208,0,0,0.4059542852551596
GSE32646,7,clinical,GSM809209,1,0,0.3727988718159636
GSE32646,7,clinical,GSM809210,1,0,0.13151985311223455
GSE32646,7,clinical,GSM809211,2,0,0.45647590353532214
GSE32646,7,clinical,GSM809212,3,0,0.0659850121173345
GSE32646,7,clinical,GSM809213,3,1,0.08800580823994139
GSE32646,7,clinical,GSM809214,4,0,0.29943602598172636
GSE32646,7,clinical,GSM809215,2,0,0.09962214378723658
GSE32646,7,clinical,GSM809216,1,0,0.1521778060896219
GSE32646,7,clinical,GSM809217,2,0,0.14251246253136785
GSE32646,7,clinical,GSM809218,4,0,0.10201348066980966
GSE32646,7,clinical,GSM809219,0,0,0.12266672042237274
GSE32646,7,clinical,GSM809220,2,0,0.42595773214868266
GSE32646,7,clinical,GSM809221,3,0,0.4043281560077911
GSE32646,7,clinical,GSM809222,0,0,0.15489650265651173
GSE32646,7,clinical,GSM809223,3,0,0.09854496822040536
GSE32646,7,clinical,GSM809224,3,0,0.48110174420357693
GSE32646,7,clinical,GSM809225,3,1,0.4707317671644216
GSE32646,7,clinical,GSM809226,2,1,0.4433429069273078
GSE32646,7,clinical,GSM809227,3,0,0.4093449041618777
GSE32646,7,clinical,GSM809228,2,0,0.1491213104195193
GSE32646,7,clinical,GSM809229,3,1,0.10040720449354024
GSE32646,7,clinical,GSM809230,4,0,0.29943602598172636
GSE32646,7,clinical,GSM809231,4,1,0.21338044636032513
GSE32646,7,clinical,GSM809232,3,1,0.5070784353151001
GSE32646,7,clinical,GSM809233,3,0,0.08968869785285276
GSE32646,7,clinical,GSM809234,3,0,0.10817182964973739
GSE32646,7,clinical,GSM809235,0,0,0.11556720218385656
GSE32646,7,clinical,GSM809236,4,1,0.3345676077146507
GSE32646,7,clinical,GSM809237,1,1,0.49134780321414473
GSE32646,7,clinical,GSM809238,2,1,0.41733055770542105
GSE32646,7,clinical,GSM809239,1,0,0.521684327232184
GSE32646,7,clinical,GSM809240,2,0,0.12034586529858589
GSE32646,7,clinical,GSM809241,2,0,0.09049831854107154
GSE32646,7,clinical,GSM809242,2,0,0.14689072738099437
GSE32646,7,clinical,GSM809243,2,0,0.10615111559444138
GSE32646,7,clinical,GSM809244,0,0,0.08008702492966063
GSE32646,7,clinical,GSM809245,3,0,0.3844697806689631
GSE32646,7,clinical,GSM809246,4,1,0.3565967735267603
GSE32646,7,clinical,GSM809247,1,0,0.4370509302557816
GSE32646,7,clinical,GSM809248,1,1,0.3339899627719901
GSE32646,7,clinical,GSM809249,0,0,0.10882761015777617
GSE32646,7,clinical,GSM809250,3,0,0.07268756830275133
GSE32646,7,clinical,GSM809251,0,0,0.46690812136738885
GSE32646,7,clinical,GSM809252,3,0,0.0831271365857831
GSE32646,7,clinical,GSM809253,0,1,0.10882761015777617
GSE32646,7,clinical,GSM809254,4,0,0.11454431557756083
GSE32646,7,clinical,GSM809255,4,0,0.45005769519428984
GSE32646,7,clinical,GSM809256,2,1,0.39177029081647424
GSE32646,7,clinical,GSM809257,4,0,0.11787975900229886
GSE32646,7,clinical,GSM809258,3,0,0.1122487062454418
GSE32646,7,clinical,GSM809259,0,0,0.09637829565261957
GSE32646,7,clinical,GSM809260,1,0,0.12877116997936294
GSE32646,7,clinical,GSM809261,2,0,0.17553045704278214
GSE32646,7,clinical,GSM809262,3,0,0.09140054329472691
GSE32646,7,clinical,GSM809263,0,0,0.09836096017603256
GSE32646,7,clinical,GSM809264,1,0,0.45504744863860364
GSE32646,7,clinical,GSM809265,4,0,0.1396981769744126
GSE32646,7,clinical,GSM809266,1,1,0.5337867698585758
GSE32646,7,clinical,GSM809267,4,0,0.3640824400598135
GSE32646,7,clinical,GSM809268,2,0,0.15832388869545996
GSE32646,7,clinical,GSM809269,4,0,0.09907655494262839
GSE32646,7,clinical,GSM809270,0,0,0.13799318297582996
GSE32646,7,clinical,GSM809271,4,1,0.1693195382555159
GSE32646,7,clinical,GSM809272,1,1,0.40744362888310637
GSE32646,7,clinical,GSM809273,2,0,0.4477127031603541
GSE32646,7,clinical,GSM809274,1,1,0.4310863549921967
GSE32646,7,clinical,GSM809275,4,0,0.2313455347876149
GSE32646,7,clinical,GSM809276,3,0,0.4398081894618072
GSE32646,7,clinical,GSM809277,2,0,0.3345835389693657
GSE32646,7,clinical,GSM809278,1,0,0.49134780321414473
GSE32646,7,clinical,GSM809279,3,0,0.09140054329472691
GSE32646,7,clinical,GSM809280,4,1,0.4340386222371728
GSE32646,7,clinical,GSM809281,1,0,0.47316215923380717
GSE32646,7,clinical,GSM809282,1,0,0.35038407241019603
GSE32646,7,clinical,GSM809283,3,0,0.10618258211828696
GSE32646,7,clinical,GSM809284,2,0,0.11129260118945651
GSE32646,7,clinical,GSM809285,4,0,0.20373434522519815
GSE32646,7,clinical,GSM809286,3,0,0.09314171884316737
GSE32646,7,clinical,GSM809287,1,0,0.14907149092443098
GSE32646,7,clinical,GSM809288,1,0,0.12081763279605875
GSE32646,7,clinical,GSM809289,0,1,0.09637829565261957
GSE32646,7,clinical,GSM809290,0,0,0.08880064824247913
GSE32646,7,clinical,GSM809291,4,0,0.0854958412335797
GSE32646,7,clinical,GSM809292,1,0,0.12607159358732173
GSE32646,7,clinical,GSM809293,4,0,0.1476888030148076
GSE32646,7,clinical,GSM809294,2,1,0.43898186070624073
GSE32646,7,clinical,GSM809295,3,1,0.5070784353151001
GSE32646,7,clinical,GSM809296,1,0,0.11329146466468742
GSE32646,7,clinical,GSM809297,1,0,0.19368337826791768
GSE32646,7,clinical,GSM809298,2,1,0.15366622688791845
GSE32646,7,score,GSM809184,2,0,0.1826082431933295
GSE32646,7,score,GSM809185,0,1,0.3718182027858847
GSE32646,7,score,GSM809186,0,0,0.22051849511435417
GSE32646,7,score,GSM809187,4,0,0.2712621464780009
GSE32646,7,score,GSM809188,0,0,0.1958445485988014
GSE32646,7,score,GSM809189,4,0,0.07833136950652779
GSE32646,7,score,GSM809190,1,0,0.18205687519692473
GSE32646,7,score,GSM809191,2,0,0.2053167200976417
GSE32646,7,score,GSM809192,0,1,0.3650614454996258
GSE32646,7,score,GSM809193,2,0,0.1005485261734666
GSE32646,7,score,GSM809194,3,1,0.14428329122129616
GSE32646,7,score,GSM809195,2,0,0.11292905089872136
GSE32646,7,score,GSM809196,0,0,0.34084736946773964
GSE32646,7,score,GSM809197,0,0,0.1176055382720005
GSE32646,7,score,GSM809198,4,0,0.34780614503020096
GSE32646,7,score,GSM809199,1,0,0.2966196847826094
GSE32646,7,score,GSM809200,4,0,0.34077914446487023
GSE32646,7,score,GSM809201,0,0,0.11238118126100109
GSE32646,7,score,GSM809202,0,1,0.5257998723114046
GSE32646,7,score,GSM809203,4,1,0.5321161678419484
GSE32646,7,score,GSM809204,1,0,0.40703995320703634
GSE32646,7,score,GSM809205,0,0,0.17170288404781717
GSE32646,7,score,GSM809206,0,0,0.15239625341080895
GSE32646,7,score,GSM809207,3,0,0.13138065765832302
GSE32646,7,score,GSM809208,0,0,0.17061725118035226
GSE32646,7,score,GSM809209,1,0,0.5469337194194285
GSE32646,7,score,GSM809210,1,0,0.07308267204857727
GSE32646,7,score,GSM809211,2,0,0.5181399985295101
GSE32646,7,score,GSM809212,3,0,0.29605864585199293
GSE32646,7,score,GSM809213,3,1,0.14782860582072682
GSE32646,7,score,GSM809214,4,0,0.09909094101741137
GSE32646,7,score,GSM809215,2,0,0.25759263592889253
GSE32646,7,score,GSM809216,1,0,0.12538161528295816
GSE32646,7,score,GSM809217,2,0,0.13812722490875648
GSE32646,7,score,GSM809218,4,0,0.06261991597193851
GSE32646,7,score,GSM809219,0,0,0.19109956024504904
GSE32646,7,score,GSM809220,2,0,0.61119929922708
GSE32646,7,score,GSM809221,3,0,0.1747079063739836
GSE32646,7,score,GSM809222,0,0,0.2334304533406798
GSE32646,7,score,GSM809223,3,0,0.25285394581153375
GSE32646,7,score,GSM809224,3,0,0.3131764050011882
GSE32646,7,score,GSM809225,3,1,0.16767094231356464
GSE32646,7,score,GSM809226,2,1,0.3257329483948323
GSE32646,7,score,GSM809227,3,0,0.5972472100547271
GSE32646,7,score,GSM809228,2,0,0.2868754905015536
GSE32646,7,score,GSM809229,3,1,0.42173208300750403
GSE32646,7,score,GSM809230,4,0,0.11518213053315675
GSE32646,7,score,GSM809231,4,1,0.5136424082179359
GSE32646,7,score,GSM809232,3,1,0.0797439225888748
GSE32646,7,score,GSM809233,3,0,0.06591485858534236
GSE32646,7,score,GSM809234,3,0,0.056346724984177615
GSE32646,7,score,GSM809235,0,0,0.110184337024264
GSE32646,7,score,GSM809236,4,1,0.2989734790578311
GSE32646,7,score,GSM809237,1,1,0.6394917269338203
GSE32646,7,score,GSM809238,2,1,0.2804735063157748
GSE32646,7,score,GSM809239,1,0,0.3550319875241056
GSE32646,7,score,GSM809240,2,0,0.21764151778602736
GSE32646,7,score,GSM809241,2,0,0.13475584791632447
GSE32646,7,score,GSM809242,2,0,0.08608876662716534
GSE32646,7,score,GSM809243,2,0,0.10903001276919906
GSE32646,7,score,GSM809244,0,0,0.08364978576654429
GSE32646,7,score,GSM809245,3,0,0.2912669217483657
GSE32646,7,score,GSM809246,4,1,0.6010664614320345
GSE32646,7,score,GSM809247,1,0,0.6574158567779784
GSE32646,7,score,GSM809248,1,1,0.09739528946175559
GSE32646,7,score,GSM809249,0,0,0.15119309004928705
GSE32646,7,score,GSM809250,3,0,0.10374344865047853
GSE32646,7,score,GSM809251,0,0,0.11088036931277287
GSE32646,7,score,GSM809252,3,0,0.29704158178106327
GSE32646,7,score,GSM809253,0,1,0.2484339698653122
GSE32646,7,score,GSM809254,4,0,0.08862910226645453
GSE32646,7,score,GSM809255,4,0,0.11352456620949417
GSE32646,7,score,GSM809256,2,1,0.34544426218670665
GSE32646,7,score,GSM809257,4,0,0.20366189508241977
GSE32646,7,score,GSM809258,3,0,0.061589373543189635
GSE32646,7,score,GSM809259,0,0,0.25705022316047155
GSE32646,7,score,GSM809260,1,0,0.07015832327049137
GSE32646,7,score,GSM809261,2,0,0.19638583044150268
GSE32646,7,score,GSM809262,3,0,0.10310776852170352
GSE32646,7,score,GSM809263,0,0,0.12309546978871827
GSE32646,7,score,GSM809264,1,0,0.23109716876971934
GSE32646,7,score,GSM809265,4,0,0.061419095138183936
GSE32646,7,score,GSM809266,1,1,0.1160287677162282
GSE32646,7,score,GSM809267,4,0,0.6109417769002898
GSE32646,7,score,GSM809268,2,0,0.0921467478370317
GSE32646,7,score,GSM809269,4,0,0.41235415658852237
GSE32646,7,score,GSM809270,0,0,0.17622974894329965
GSE32646,7,score,GSM809271,4,1,0.2197931213529226
GSE32646,7,score,GSM809272,1,1,0.6746184325442829
GSE32646,7,score,GSM809273,2,0,0.14350249681790606
GSE32646,7,score,GSM809274,1,1,0.30922033505037116
GSE32646,7,score,GSM809275,4,0,0.055438628987527695
GSE32646,7,score,GSM809276,3,0,0.36701368561600134
GSE32646,7,score,GSM809277,2,0,0.24842522591705019
GSE32646,7,score,GSM809278,1,0,0.48798830624575384
GSE32646,7,score,GSM809279,3,0,0.13986176443196735
GSE32646,7,score,GSM809280,4,1,0.24968117549939273
GSE32646,7,score,GSM809281,1,0,0.08170893719429072
GSE32646,7,score,GSM809282,1,0,0.38370671548184426
GSE32646,7,score,GSM809283,3,0,0.06700934041541325
GSE32646,7,score,GSM809284,2,0,0.19647969820552288
GSE32646,7,score,GSM809285,4,0,0.12274261208661504
GSE32646,7,score,GSM809286,3,0,0.12866292268946442
GSE32646,7,score,GSM809287,1,0,0.17911955177379266
GSE32646,7,score,GSM809288,1,0,0.06524824418897751
GSE32646,7,score,GSM809289,0,1,0.35223144920863636
GSE32646,7,score,GSM809290,0,0,0.12267118123336722
GSE32646,7,score,GSM809291,4,0,0.10099579396065647
GSE32646,7,score,GSM809292,1,0,0.10233598890540693
GSE32646,7,score,GSM809293,4,0,0.07762755591446797
GSE32646,7,score,GSM809294,2,1,0.6872353326817932
GSE32646,7,score,GSM809295,3,1,0.1881320666057625
GSE32646,7,score,GSM809296,1,0,0.07175934238753338
GSE32646,7,score,GSM809297,1,0,0.22669317212313644
GSE32646,7,score,GSM809298,2,1,0.18480068564723393
GSE32646,7,combined,GSM809184,2,0,0.11790863641252976
GSE32646,7,combined,GSM809185,0,1,0.48213524144374664
GSE32646,7,combined,GSM809186,0,0,0.45525364296217774
GSE32646,7,combined,GSM809187,4,0,0.20852263300369023
GSE32646,7,combined,GSM809188,0,0,0.08318256893258692
GSE32646,7,combined,GSM809189,4,0,0.08719473719227243
GSE32646,7,combined,GSM809190,1,0,0.12845451079230752
GSE32646,7,combined,GSM809191,2,0,0.14121764097561607
GSE32646,7,combined,GSM809192,0,1,0.17799443100181583
GSE32646,7,combined,GSM809193,2,0,0.0678704788051644
GSE32646,7,combined,GSM809194,3,1,0.06763168105949594
GSE32646,7,combined,GSM809195,2,0,0.10524695091658375
GSE32646,7,combined,GSM809196,0,0,0.10185508570903906
GSE32646,7,combined,GSM809197,0,0,0.06777168630777965
GSE32646,7,combined,GSM809198,4,0,0.2219290316877976
GSE32646,7,combined,GSM809199,1,0,0.19318839933065457
GSE32646,7,combined,GSM809200,4,0,0.3644827634694891
GSE32646,7,combined,GSM809201,0,0,0.06940394212418625
GSE32646,7,combined,GSM809202,0,1,0.6251965996909842
GSE32646,7,combined,GSM809203,4,1,0.5362695625250107
GSE32646,7,combined,GSM809204,1,0,0.29918573572983775
GSE32646,7,combined,GSM809205,0,0,0.07672376707227854
GSE32646,7,combined,GSM809206,0,0,0.06302274697484417
GSE32646,7,combined,GSM809207,3,0,0.1048800096028482
GSE32646,7,combined,GSM809208,0,0,0.3082584768113792
GSE32646,7,combined,GSM809209,1,0,0.5254800713704735
GSE32646,7,combined,GSM809210,1,0,0.058269774670672
GSE32646,7,combined,GSM809211,2,0,0.659827062044149
GSE32646,7,combined,GSM809212,3,0,0.11458864724400687
GSE32646,7,combined,GSM809213,3,1,0.08650202361952418
GSE32646,7,combined,GSM809214,4,0,0.13386548645168844
GSE32646,7,combined,GSM809215,2,0,0.11761691781964854
GSE32646,7,combined,GSM809216,1,0,0.11778870578228992
GSE32646,7,combined,GSM809217,2,0,0.11870103213100928
GSE32646,7,combined,GSM809218,4,0,0.04685634231320656
GSE32646,7,combined,GSM809219,0,0,0.13227108183691996
GSE32646,7,combined,GSM809220,2,0,0.6857530237057565
GSE32646,7,combined,GSM809221,3,0,0.2610610589726259
GSE32646,7,combined,GSM809222,0,0,0.19444451311132208
GSE32646,7,combined,GSM809223,3,0,0.15479003894557536
GSE32646,7,combined,GSM809224,3,0,0.47885547715407795
GSE32646,7,combined,GSM809225,3,1,0.3185648535716778
GSE32646,7,combined,GSM809226,2,1,0.4769796254968584
GSE32646,7,combined,GSM809227,3,0,0.6171859559889434
GSE32646,7,combined,GSM809228,2,0,0.24055816859078183
GSE32646,7,combined,GSM809229,3,1,0.2527611895049946
GSE32646,7,combined,GSM809230,4,0,0.1483694051679883
GSE32646,7,combined,GSM809231,4,1,0.32022157213361924
GSE32646,7,combined,GSM809232,3,1,0.22507222777685038
GSE32646,7,combined,GSM809233,3,0,0.04640706418785541
GSE32646,7,combined,GSM809234,3,0,0.05184705385037508
GSE32646,7,combined,GSM809235,0,0,0.09001030572851042
GSE32646,7,combined,GSM809236,4,1,0.3256540514857422
GSE32646,7,combined,GSM809237,1,1,0.7590448656550409
GSE32646,7,combined,GSM809238,2,1,0.3910812931604334
GSE32646,7,combined,GSM809239,1,0,0.5759980907364648
GSE32646,7,combined,GSM809240,2,0,0.1349907311099503
GSE32646,7,combined,GSM809241,2,0,0.05436124637608671
GSE32646,7,combined,GSM809242,2,0,0.08377793502111876
GSE32646,7,combined,GSM809243,2,0,0.058828141912279995
GSE32646,7,combined,GSM809244,0,0,0.04919049422504757
GSE32646,7,combined,GSM809245,3,0,0.3476575840284305
GSE32646,7,combined,GSM809246,4,1,0.5682672207563765
GSE32646,7,combined,GSM809247,1,0,0.7101752078492226
GSE32646,7,combined,GSM809248,1,1,0.09544943748699068
GSE32646,7,combined,GSM809249,0,0,0.10014579711837904
GSE32646,7,combined,GSM809250,3,0,0.05155083785587944
GSE32646,7,combined,GSM809251,0,0,0.31288601354433077
GSE32646,7,combined,GSM809252,3,0,0.14837341673414722
GSE32646,7,combined,GSM809253,0,1,0.13487451378387658
GSE32646,7,combined,GSM809254,4,0,0.06882494782414501
GSE32646,7,combined,GSM809255,4,0,0.2583548117731313
GSE32646,7,combined,GSM809256,2,1,0.41080964967357364
GSE32646,7,combined,GSM809257,4,0,0.13210983147069766
GSE32646,7,combined,GSM809258,3,0,0.058154582615482654
GSE32646,7,combined,GSM809259,0,0,0.11980445416231673
GSE32646,7,combined,GSM809260,1,0,0.05434897595594339
GSE32646,7,combined,GSM809261,2,0,0.22226309407465253
GSE32646,7,combined,GSM809262,3,0,0.06761932708945502
GSE32646,7,combined,GSM809263,0,0,0.0787609707947201
GSE32646,7,combined,GSM809264,1,0,0.3517967001883492
GSE32646,7,combined,GSM809265,4,0,0.06661723861928312
GSE32646,7,combined,GSM809266,1,1,0.2951259785656531
GSE32646,7,combined,GSM809267,4,0,0.5840470067440737
GSE32646,7,combined,GSM809268,2,0,0.10092461871505481
GSE32646,7,combined,GSM809269,4,0,0.20158107046869536
GSE32646,7,combined,GSM809270,0,0,0.1449846015038319
GSE32646,7,combined,GSM809271,4,1,0.20493059588777954
GSE32646,7,combined,GSM809272,1,1,0.6869662350282136
GSE32646,7,combined,GSM809273,2,0,0.2790670533380142
GSE32646,7,combined,GSM809274,1,1,0.3997671907479032
GSE32646,7,combined,GSM809275,4,0,0.1142687698732441
GSE32646,7,combined,GSM809276,3,0,0.4760027952666113
GSE32646,7,combined,GSM809277,2,0,0.24024188662123647
GSE32646,7,combined,GSM809278,1,0,0.6471758698568839
GSE32646,7,combined,GSM809279,3,0,0.08644664691484429
GSE32646,7,combined,GSM809280,4,1,0.3902402845936172
GSE32646,7,combined,GSM809281,1,0,0.17303714341871565
GSE32646,7,combined,GSM809282,1,0,0.35057936968336695
GSE32646,7,combined,GSM809283,3,0,0.05792173009945673
GSE32646,7,combined,GSM809284,2,0,0.10831623706810796
GSE32646,7,combined,GSM809285,4,0,0.1670663585730283
GSE32646,7,combined,GSM809286,3,0,0.08261749405016541
GSE32646,7,combined,GSM809287,1,0,0.1566540875758969
GSE32646,7,combined,GSM809288,1,0,0.04605565186076444
GSE32646,7,combined,GSM809289,0,1,0.14832437688072989
GSE32646,7,combined,GSM809290,0,0,0.06944126817166767
GSE32646,7,combined,GSM809291,4,0,0.05444360738279515
GSE32646,7,combined,GSM809292,1,0,0.07359958858344699
GSE32646,7,combined,GSM809293,4,0,0.08389514520737727
GSE32646,7,combined,GSM809294,2,1,0.7587712821705815
GSE32646,7,combined,GSM809295,3,1,0.3818688920811373
GSE32646,7,combined,GSM809296,1,0,0.045285643972927885
GSE32646,7,combined,GSM809297,1,0,0.27596709026572286
GSE32646,7,combined,GSM809298,2,1,0.171910621191232
GSE32646,8,intercept,GSM809184,3,0,0.22826086956521738
GSE32646,8,intercept,GSM809185,4,1,0.22826086956521738
GSE32646,8,intercept,GSM809186,1,0,0.2391304347826087
GSE32646,8,intercept,GSM809187,1,0,0.2391304347826087
GSE32646,8,intercept,GSM809188,1,0,0.2391304347826087
GSE32646,8,intercept,GSM809189,2,0,0.2391304347826087
GSE32646,8,intercept,GSM809190,0,0,0.2391304347826087
GSE32646,8,intercept,GSM809191,2,0,0.2391304347826087
GSE32646,8,intercept,GSM809192,0,1,0.2391304347826087
GSE32646,8,intercept,GSM809193,0,0,0.2391304347826087
GSE32646,8,intercept,GSM809194,3,1,0.22826086956521738
GSE32646,8,intercept,GSM809195,2,0,0.2391304347826087
GSE32646,8,intercept,GSM809196,0,0,0.2391304347826087
GSE32646,8,intercept,GSM809197,4,0,0.22826086956521738
GSE32646,8,intercept,GSM809198,2,0,0.2391304347826087
GSE32646,8,intercept,GSM809199,4,0,0.22826086956521738
GSE32646,8,intercept,GSM809200,3,0,0.22826086956521738
GSE32646,8,intercept,GSM809201,1,0,0.2391304347826087
GSE32646,8,intercept,GSM809202,4,1,0.22826086956521738
GSE32646,8,intercept,GSM809203,1,1,0.2391304347826087
GSE32646,8,intercept,GSM809204,0,0,0.2391304347826087
GSE32646,8,intercept,GSM809205,1,0,0.2391304347826087
GSE32646,8,intercept,GSM809206,0,0,0.2391304347826087
GSE32646,8,intercept,GSM809207,2,0,0.2391304347826087
GSE32646,8,intercept,GSM809208,3,0,0.22826086956521738
GSE32646,8,intercept,GSM809209,2,0,0.2391304347826087
GSE32646,8,intercept,GSM809210,3,0,0.22826086956521738
GSE32646,8,intercept,GSM809211,3,0,0.22826086956521738
GSE32646,8,intercept,GSM809212,2,0,0.2391304347826087
GSE32646,8,intercept,GSM809213,1,1,0.2391304347826087
GSE32646,8,intercept,GSM809214,2,0,0.2391304347826087
GSE32646,8,intercept,GSM809215,3,0,0.22826086956521738
GSE32646,8,intercept,GSM809216,3,0,0.22826086956521738
GSE32646,8,intercept,GSM809217,4,0,0.22826086956521738
GSE32646,8,intercept,GSM809218,3,0,0.22826086956521738
GSE32646,8,intercept,GSM809219,2,0,0.2391304347826087
GSE32646,8,intercept,GSM809220,2,0,0.2391304347826087
GSE32646,8,intercept,GSM809221,4,0,0.22826086956521738
GSE32646,8,intercept,GSM809222,1,0,0.2391304347826087
GSE32646,8,intercept,GSM809223,1,0,0.2391304347826087
GSE32646,8,intercept,GSM809224,2,0,0.2391304347826087
GSE32646,8,intercept,GSM809225,2,1,0.2391304347826087
GSE32646,8,intercept,GSM809226,1,1,0.2391304347826087
GSE32646,8,intercept,GSM809227,4,0,0.22826086956521738
GSE32646,8,intercept,GSM809228,0,0,0.2391304347826087
GSE32646,8,intercept,GSM809229,4,1,0.22826086956521738
GSE32646,8,intercept,GSM809230,0,0,0.2391304347826087
GSE32646,8,intercept,GSM809231,0,1,0.2391304347826087
GSE32646,8,intercept,GSM809232,3,1,0.22826086956521738
GSE32646,8,intercept,GSM809233,0,0,0.2391304347826087
GSE32646,8,intercept,GSM809234,0,0,0.2391304347826087
GSE32646,8,intercept,GSM809235,4,0,0.22826086956521738
GSE32646,8,intercept,GSM809236,3,1,0.22826086956521738
GSE32646,8,intercept,GSM809237,0,1,0.2391304347826087
GSE32646,8,intercept,GSM809238,2,1,0.2391304347826087
GSE32646,8,intercept,GSM809239,0,0,0.2391304347826087
GSE32646,8,intercept,GSM809240,0,0,0.2391304347826087
GSE32646,8,intercept,GSM809241,3,0,0.22826086956521738
GSE32646,8,intercept,GSM809242,3,0,0.22826086956521738
GSE32646,8,intercept,GSM809243,1,0,0.2391304347826087
GSE32646,8,intercept,GSM809244,1,0,0.2391304347826087
GSE32646,8,intercept,GSM809245,4,0,0.22826086956521738
GSE32646,8,intercept,GSM809246,1,1,0.2391304347826087
GSE32646,8,intercept,GSM809247,3,0,0.22826086956521738
GSE32646,8,intercept,GSM809248,2,1,0.2391304347826087
GSE32646,8,intercept,GSM809249,2,0,0.2391304347826087
GSE32646,8,intercept,GSM809250,3,0,0.22826086956521738
GSE32646,8,intercept,GSM809251,2,0,0.2391304347826087
GSE32646,8,intercept,GSM809252,4,0,0.22826086956521738
GSE32646,8,intercept,GSM809253,0,1,0.2391304347826087
GSE32646,8,intercept,GSM809254,1,0,0.2391304347826087
GSE32646,8,intercept,GSM809255,2,0,0.2391304347826087
GSE32646,8,intercept,GSM809256,0,1,0.2391304347826087
GSE32646,8,intercept,GSM809257,1,0,0.2391304347826087
GSE32646,8,intercept,GSM809258,4,0,0.22826086956521738
GSE32646,8,intercept,GSM809259,4,0,0.22826086956521738
GSE32646,8,intercept,GSM809260,0,0,0.2391304347826087
GSE32646,8,intercept,GSM809261,1,0,0.2391304347826087
GSE32646,8,intercept,GSM809262,4,0,0.22826086956521738
GSE32646,8,intercept,GSM809263,0,0,0.2391304347826087
GSE32646,8,intercept,GSM809264,3,0,0.22826086956521738
GSE32646,8,intercept,GSM809265,0,0,0.2391304347826087
GSE32646,8,intercept,GSM809266,2,1,0.2391304347826087
GSE32646,8,intercept,GSM809267,1,0,0.2391304347826087
GSE32646,8,intercept,GSM809268,1,0,0.2391304347826087
GSE32646,8,intercept,GSM809269,4,0,0.22826086956521738
GSE32646,8,intercept,GSM809270,1,0,0.2391304347826087
GSE32646,8,intercept,GSM809271,4,1,0.22826086956521738
GSE32646,8,intercept,GSM809272,4,1,0.22826086956521738
GSE32646,8,intercept,GSM809273,0,0,0.2391304347826087
GSE32646,8,intercept,GSM809274,3,1,0.22826086956521738
GSE32646,8,intercept,GSM809275,1,0,0.2391304347826087
GSE32646,8,intercept,GSM809276,1,0,0.2391304347826087
GSE32646,8,intercept,GSM809277,2,0,0.2391304347826087
GSE32646,8,intercept,GSM809278,0,0,0.2391304347826087
GSE32646,8,intercept,GSM809279,4,0,0.22826086956521738
GSE32646,8,intercept,GSM809280,2,1,0.2391304347826087
GSE32646,8,intercept,GSM809281,4,0,0.22826086956521738
GSE32646,8,intercept,GSM809282,2,0,0.2391304347826087
GSE32646,8,intercept,GSM809283,3,0,0.22826086956521738
GSE32646,8,intercept,GSM809284,3,0,0.22826086956521738
GSE32646,8,intercept,GSM809285,4,0,0.22826086956521738
GSE32646,8,intercept,GSM809286,2,0,0.2391304347826087
GSE32646,8,intercept,GSM809287,2,0,0.2391304347826087
GSE32646,8,intercept,GSM809288,0,0,0.2391304347826087
GSE32646,8,intercept,GSM809289,3,1,0.22826086956521738
GSE32646,8,intercept,GSM809290,1,0,0.2391304347826087
GSE32646,8,intercept,GSM809291,4,0,0.22826086956521738
GSE32646,8,intercept,GSM809292,3,0,0.22826086956521738
GSE32646,8,intercept,GSM809293,3,0,0.22826086956521738
GSE32646,8,intercept,GSM809294,3,1,0.22826086956521738
GSE32646,8,intercept,GSM809295,1,1,0.2391304347826087
GSE32646,8,intercept,GSM809296,0,0,0.2391304347826087
GSE32646,8,intercept,GSM809297,4,0,0.22826086956521738
GSE32646,8,intercept,GSM809298,4,1,0.22826086956521738
GSE32646,8,clinical,GSM809184,3,0,0.09541926512286533
GSE32646,8,clinical,GSM809185,4,1,0.4240984739580333
GSE32646,8,clinical,GSM809186,1,0,0.49927933738357283
GSE32646,8,clinical,GSM809187,1,0,0.15552098662121966
GSE32646,8,clinical,GSM809188,1,0,0.10068997073160407
GSE32646,8,clinical,GSM809189,2,0,0.15186494543688941
GSE32646,8,clinical,GSM809190,0,0,0.10306757041895427
GSE32646,8,clinical,GSM809191,2,0,0.13402245633618606
GSE32646,8,clinical,GSM809192,0,1,0.12438731928646295
GSE32646,8,clinical,GSM809193,0,0,0.09496340374858904
GSE32646,8,clinical,GSM809194,3,1,0.0731148825187358
GSE32646,8,clinical,GSM809195,2,0,0.1542273389800286
GSE32646,8,clinical,GSM809196,0,0,0.06798663568201284
GSE32646,8,clinical,GSM809197,4,0,0.09490384835363348
GSE32646,8,clinical,GSM809198,2,0,0.13830967350309065
GSE32646,8,clinical,GSM809199,4,0,0.0963482170866882
GSE32646,8,clinical,GSM809200,3,0,0.3770691625529805
GSE32646,8,clinical,GSM809201,1,0,0.11889189166427065
GSE32646,8,clinical,GSM809202,4,1,0.4425515105907328
GSE32646,8,clinical,GSM809203,1,1,0.38475295440154494
GSE32646,8,clinical,GSM809204,0,0,0.2651018246435147
GSE32646,8,clinical,GSM809205,1,0,0.10068997073160407
GSE32646,8,clinical,GSM809206,0,0,0.07192798204001997
GSE32646,8,clinical,GSM809207,2,0,0.1566196954181771
GSE32646,8,clinical,GSM809208,3,0,0.39081551195814046
GSE32646,8,clinical,GSM809209,2,0,0.3897084773544415
GSE32646,8,clinical,GSM809210,3,0,0.10321434111966478
GSE32646,8,clinical,GSM809211,3,0,0.49800611034824976
GSE32646,8,clinical,GSM809212,2,0,0.10029878900461382
GSE32646,8,clinical,GSM809213,1,1,0.11889189166427065
GSE32646,8,clinical,GSM809214,2,0,0.38538263641440457
GSE32646,8,clinical,GSM809215,3,0,0.06742210938987644
GSE32646,8,clinical,GSM809216,3,0,0.12362032620940906
GSE32646,8,clinical,GSM809217,4,0,0.1038680272667055
GSE32646,8,clinical,GSM809218,3,0,0.08815502736151694
GSE32646,8,clinical,GSM809219,2,0,0.1590421835182193
GSE32646,8,clinical,GSM809220,2,0,0.45632247626588646
GSE32646,8,clinical,GSM809221,4,0,0.4078699511191045
GSE32646,8,clinical,GSM809222,1,0,0.23249134376501351
GSE32646,8,clinical,GSM809223,1,0,0.13987244363631943
GSE32646,8,clinical,GSM809224,2,0,0.47900498773040834
GSE32646,8,clinical,GSM809225,2,1,0.4699163085133859
GSE32646,8,clinical,GSM809226,1,1,0.4604836068471932
GSE32646,8,clinical,GSM809227,4,0,0.4098883263766744
GSE32646,8,clinical,GSM809228,0,0,0.138197829739373
GSE32646,8,clinical,GSM809229,4,1,0.10155917982127004
GSE32646,8,clinical,GSM809230,0,0,0.3416239411241404
GSE32646,8,clinical,GSM809231,0,1,0.25346627960248486
GSE32646,8,clinical,GSM809232,3,1,0.5197912511473503
GSE32646,8,clinical,GSM809233,0,0,0.10030035448728977
GSE32646,8,clinical,GSM809234,0,0,0.13113828869289823
GSE32646,8,clinical,GSM809235,4,0,0.1046478964123605
GSE32646,8,clinical,GSM809236,3,1,0.3702679369699098
GSE32646,8,clinical,GSM809237,0,1,0.4950378217051446
GSE32646,8,clinical,GSM809238,2,1,0.4472946788883257
GSE32646,8,clinical,GSM809239,0,0,0.532860248395357
GSE32646,8,clinical,GSM809240,0,0,0.09496340374858904
GSE32646,8,clinical,GSM809241,3,0,0.05725161032030502
GSE32646,8,clinical,GSM809242,3,0,0.13005606892872304
GSE32646,8,clinical,GSM809243,1,0,0.09254998627596665
GSE32646,8,clinical,GSM809244,1,0,0.09790834976026905
GSE32646,8,clinical,GSM809245,4,0,0.39982811083572956
GSE32646,8,clinical,GSM809246,1,1,0.37013732352952494
GSE32646,8,clinical,GSM809247,3,0,0.41881425370906383
GSE32646,8,clinical,GSM809248,2,1,0.3598268605897374
GSE32646,8,clinical,GSM809249,2,0,0.1449557714705264
GSE32646,8,clinical,GSM809250,3,0,0.0731148825187358
GSE32646,8,clinical,GSM809251,2,0,0.4699163085133859
GSE32646,8,clinical,GSM809252,4,0,0.0941889559241367
GSE32646,8,clinical,GSM809253,0,1,0.12112499836425128
GSE32646,8,clinical,GSM809254,1,0,0.12218891546463573
GSE32646,8,clinical,GSM809255,2,0,0.474458532772767
GSE32646,8,clinical,GSM809256,0,1,0.3980258388110184
GSE32646,8,clinical,GSM809257,1,0,0.1255643404013111
GSE32646,8,clinical,GSM809258,4,0,0.10622315822741589
GSE32646,8,clinical,GSM809259,4,0,0.09781219249421094
GSE32646,8,clinical,GSM809260,0,0,0.10306757041895427
GSE32646,8,clinical,GSM809261,1,0,0.22157662920755053
GSE32646,8,clinical,GSM809262,4,0,0.09781219249421094
GSE32646,8,clinical,GSM809263,0,0,0.10590214537810905
GSE32646,8,clinical,GSM809264,3,0,0.44017277112797626
GSE32646,8,clinical,GSM809265,0,0,0.12112499836425128
GSE32646,8,clinical,GSM809266,2,1,0.5108853936458992
GSE32646,8,clinical,GSM809267,1,0,0.3774172790854224
GSE32646,8,clinical,GSM809268,1,0,0.18630194575456097
GSE32646,8,clinical,GSM809269,4,0,0.09347889246042312
GSE32646,8,clinical,GSM809270,1,0,0.20086245965924765
GSE32646,8,clinical,GSM809271,4,1,0.10781927694424248
GSE32646,8,clinical,GSM809272,4,1,0.4098883263766744
GSE32646,8,clinical,GSM809273,0,0,0.4950378217051446
GSE32646,8,clinical,GSM809274,3,1,0.41175777547361775
GSE32646,8,clinical,GSM809275,1,0,0.2380873828316829
GSE32646,8,clinical,GSM809276,1,0,0.40706437820454233
GSE32646,8,clinical,GSM809277,2,0,0.3598268605897374
GSE32646,8,clinical,GSM809278,0,0,0.4950378217051446
GSE32646,8,clinical,GSM809279,4,0,0.09781219249421094
GSE32646,8,clinical,GSM809280,2,1,0.46537906227911285
GSE32646,8,clinical,GSM809281,4,0,0.4322768733101179
GSE32646,8,clinical,GSM809282,2,0,0.3725157041660123
GSE32646,8,clinical,GSM809283,3,0,0.12362032620940906
GSE32646,8,clinical,GSM809284,3,0,0.08139405263790064
GSE32646,8,clinical,GSM809285,4,0,0.11357267417334363
GSE32646,8,clinical,GSM809286,2,0,0.13402245633618606
GSE32646,8,clinical,GSM809287,2,0,0.14722934406217475
GSE32646,8,clinical,GSM809288,0,0,0.09496340374858904
GSE32646,8,clinical,GSM809289,3,1,0.1005553011332039
GSE32646,8,clinical,GSM809290,1,0,0.1125283859787579
GSE32646,8,clinical,GSM809291,4,0,0.09000016056071619
GSE32646,8,clinical,GSM809292,3,0,0.09795728147248928
GSE32646,8,clinical,GSM809293,3,0,0.12362032620940906
GSE32646,8,clinical,GSM809294,3,1,0.4689853067192463
GSE32646,8,clinical,GSM809295,1,1,0.5070545317802201
GSE32646,8,clinical,GSM809296,0,0,0.0874343469037064
GSE32646,8,clinical,GSM809297,4,0,0.11357267417334363
GSE32646,8,clinical,GSM809298,4,1,0.10781927694424248
GSE32646,8,score,GSM809184,3,0,0.16317485952744334
GSE32646,8,score,GSM809185,4,1,0.393797452418326
GSE32646,8,score,GSM809186,1,0,0.21740570798273617
GSE32646,8,score,GSM809187,1,0,0.2813916063610968
GSE32646,8,score,GSM809188,1,0,0.18754546964753188
GSE32646,8,score,GSM809189,2,0,0.04885780185397598
GSE32646,8,score,GSM809190,0,0,0.19695019729096916
GSE32646,8,score,GSM809191,2,0,0.18186550327247963
GSE32646,8,score,GSM809192,0,1,0.3806602720176861
GSE32646,8,score,GSM809193,0,0,0.11511458375358447
GSE32646,8,score,GSM809194,3,1,0.1586854660807196
GSE32646,8,score,GSM809195,2,0,0.08203147041699457
GSE32646,8,score,GSM809196,0,0,0.35405044547247444
GSE32646,8,score,GSM809197,4,0,0.10187945365386623
GSE32646,8,score,GSM809198,2,0,0.38718089242956766
GSE32646,8,score,GSM809199,4,0,0.27588309406400846
GSE32646,8,score,GSM809200,3,0,0.3481033005780252
GSE32646,8,score,GSM809201,1,0,0.09324609406716329
GSE32646,8,score,GSM809202,4,1,0.5752711475454719
GSE32646,8,score,GSM809203,1,1,0.5561972066188958
GSE32646,8,score,GSM809204,0,0,0.3546550418015642
GSE32646,8,score,GSM809205,1,0,0.1590639885659149
GSE32646,8,score,GSM809206,0,0,0.14904217433156092
GSE32646,8,score,GSM809207,2,0,0.13657763778869217
GSE32646,8,score,GSM809208,3,0,0.1386339590582662
GSE32646,8,score,GSM809209,2,0,0.5469615977139077
GSE32646,8,score,GSM809210,3,0,0.073843306572296
GSE32646,8,score,GSM809211,3,0,0.5197605138237475
GSE32646,8,score,GSM809212,2,0,0.31588781146782724
GSE32646,8,score,GSM809213,1,1,0.1810543119954042
GSE32646,8,score,GSM809214,2,0,0.06809183216055761
GSE32646,8,score,GSM809215,3,0,0.23964827775955214
GSE32646,8,score,GSM809216,3,0,0.12085798044351932
GSE32646,8,score,GSM809217,4,0,0.14019827147204564
GSE32646,8,score,GSM809218,3,0,0.04761077958711872
GSE32646,8,score,GSM809219,2,0,0.15537057244791036
GSE32646,8,score,GSM809220,2,0,0.6944997173729222
GSE32646,8,score,GSM809221,4,0,0.2040441949220545
GSE32646,8,score,GSM809222,1,0,0.23328244804624548
GSE32646,8,score,GSM809223,1,0,0.2737633345807823
GSE32646,8,score,GSM809224,2,0,0.33446333065655975
GSE32646,8,score,GSM809225,2,1,0.17598239341367028
GSE32646,8,score,GSM809226,1,1,0.3218915589919946
GSE32646,8,score,GSM809227,4,0,0.5276604853552146
GSE32646,8,score,GSM809228,0,0,0.28059783703029595
GSE32646,8,score,GSM809229,4,1,0.39511240296280914
GSE32646,8,score,GSM809230,0,0,0.1291148180868519
GSE32646,8,score,GSM809231,0,1,0.49907348161012804
GSE32646,8,score,GSM809232,3,1,0.09459876472762876
GSE32646,8,score,GSM809233,0,0,0.11109140799456399
GSE32646,8,score,GSM809234,0,0,0.1000952850130894
GSE32646,8,score,GSM809235,4,0,0.09426685992489792
GSE32646,8,score,GSM809236,3,1,0.29942063197305335
GSE32646,8,score,GSM809237,0,1,0.5203566388921868
GSE32646,8,score,GSM809238,2,1,0.27404047792111996
GSE32646,8,score,GSM809239,0,0,0.3193415786202609
GSE32646,8,score,GSM809240,0,0,0.22135560819541855
GSE32646,8,score,GSM809241,3,0,0.11626520078822276
GSE32646,8,score,GSM809242,3,0,0.07065371734119338
GSE32646,8,score,GSM809243,1,0,0.10980474009088557
GSE32646,8,score,GSM809244,1,0,0.06422653773587622
GSE32646,8,score,GSM809245,4,0,0.29742628240405417
GSE32646,8,score,GSM809246,1,1,0.6268454244100016
GSE32646,8,score,GSM809247,3,0,0.5937687658467413
GSE32646,8,score,GSM809248,2,1,0.08247675154692218
GSE32646,8,score,GSM809249,2,0,0.1042369383502122
GSE32646,8,score,GSM809250,3,0,0.11901206498154952
GSE32646,8,score,GSM809251,2,0,0.06127704953346991
GSE32646,8,score,GSM809252,4,0,0.30183969587354675
GSE32646,8,score,GSM809253,0,1,0.25265334032812115
GSE32646,8,score,GSM809254,1,0,0.08821361466465061
GSE32646,8,score,GSM809255,2,0,0.08252730968167409
GSE32646,8,score,GSM809256,0,1,0.32988438625215594
GSE32646,8,score,GSM809257,1,0,0.209405835277476
GSE32646,8,score,GSM809258,4,0,0.09563215077646224
GSE32646,8,score,GSM809259,4,0,0.25733246170769014
GSE32646,8,score,GSM809260,0,0,0.10152136164914141
GSE32646,8,score,GSM809261,1,0,0.195615060090933
GSE32646,8,score,GSM809262,4,0,0.13908964433852947
GSE32646,8,score,GSM809263,0,0,0.11821678013662058
GSE32646,8,score,GSM809264,3,0,0.21252730486916607
GSE32646,8,score,GSM809265,0,0,0.07346047064102887
GSE32646,8,score,GSM809266,2,1,0.09989314152282251
GSE32646,8,score,GSM809267,1,0,0.6368664076118854
GSE32646,8,score,GSM809268,1,0,0.09310677680768896
GSE32646,8,score,GSM809269,4,0,0.41458158713010845
GSE32646,8,score,GSM809270,1,0,0.1643420372612638
GSE32646,8,score,GSM809271,4,1,0.2235216363407332
GSE32646,8,score,GSM809272,4,1,0.5674977164545094
GSE32646,8,score,GSM809273,0,0,0.1554400714737149
GSE32646,8,score,GSM809274,3,1,0.2795354836551153
GSE32646,8,score,GSM809275,1,0,0.05408500189179277
GSE32646,8,score,GSM809276,1,0,0.36685931280977163
GSE32646,8,score,GSM809277,2,0,0.23387555064625648
GSE32646,8,score,GSM809278,0,0,0.4100997506168959
GSE32646,8,score,GSM809279,4,0,0.17354702291753094
GSE32646,8,score,GSM809280,2,1,0.24906103666721488
GSE32646,8,score,GSM809281,4,0,0.10219134202843581
GSE32646,8,score,GSM809282,2,0,0.371953248146723
GSE32646,8,score,GSM809283,3,0,0.08126217416426659
GSE32646,8,score,GSM809284,3,0,0.17707839123078975
GSE32646,8,score,GSM809285,4,0,0.12613539035965604
GSE32646,8,score,GSM809286,2,0,0.13363668130844128
GSE32646,8,score,GSM809287,2,0,0.16088180820772285
GSE32646,8,score,GSM809288,0,0,0.09654791651264508
GSE32646,8,score,GSM809289,3,1,0.37954582675069926
GSE32646,8,score,GSM809290,1,0,0.10415150286757847
GSE32646,8,score,GSM809291,4,0,0.10413713110225775
GSE32646,8,score,GSM809292,3,0,0.10037202770328282
GSE32646,8,score,GSM809293,3,0,0.061309651270372495
GSE32646,8,score,GSM809294,3,1,0.7023530086614459
GSE32646,8,score,GSM809295,1,1,0.21788575547889977
GSE32646,8,score,GSM809296,0,0,0.10311941053651842
GSE32646,8,score,GSM809297,4,0,0.22316273185149574
GSE32646,8,score,GSM809298,4,1,0.18372050335932302
GSE32646,8,combined,GSM809184,3,0,0.08827403555778819
GSE32646,8,combined,GSM809185,4,1,0.4895372948334353
GSE32646,8,combined,GSM809186,1,0,0.4248318677659129
GSE32646,8,combined,GSM809187,1,0,0.23373070829187123
GSE32646,8,combined,GSM809188,1,0,0.09840931592782907
GSE32646,8,combined,GSM809189,2,0,0.05576782751697006
GSE32646,8,combined,GSM809190,0,0,0.10616644494953108
GSE32646,8,combined,GSM809191,2,0,0.15233195415776857
GSE32646,8,combined,GSM809192,0,1,0.21815214791538745
GSE32646,8,combined,GSM809193,0,0,0.06578257878365654
GSE32646,8,combined,GSM809194,3,1,0.060137319233169735
GSE32646,8,combined,GSM809195,2,0,0.09107886488415118
GSE32646,8,combined,GSM809196,0,0,0.10421976601107119
GSE32646,8,combined,GSM809197,4,0,0.06751828725987016
GSE32646,8,combined,GSM809198,2,0,0.32826292539369073
GSE32646,8,combined,GSM809199,4,0,0.13542074892944728
GSE32646,8,combined,GSM809200,3,0,0.39928914535105
GSE32646,8,combined,GSM809201,1,0,0.06548518149958331
GSE32646,8,combined,GSM809202,4,1,0.6274673074836453
GSE32646,8,combined,GSM809203,1,1,0.5941713185273102
GSE32646,8,combined,GSM809204,0,0,0.26343285769240143
GSE32646,8,combined,GSM809205,1,0,0.08479286989450388
GSE32646,8,combined,GSM809206,0,0,0.056098086836145276
GSE32646,8,combined,GSM809207,2,0,0.14727222132637277
GSE32646,8,combined,GSM809208,3,0,0.2142050130193739
GSE32646,8,combined,GSM809209,2,0,0.5102691281904903
GSE32646,8,combined,GSM809210,3,0,0.05015797399512931
GSE32646,8,combined,GSM809211,3,0,0.6943983543769865
GSE32646,8,combined,GSM809212,2,0,0.17690535340141025
GSE32646,8,combined,GSM809213,1,1,0.11626493503624098
GSE32646,8,combined,GSM809214,2,0,0.07394536370561394
GSE32646,8,combined,GSM809215,3,0,0.0793982187001498
GSE32646,8,combined,GSM809216,3,0,0.09709715328240855
GSE32646,8,combined,GSM809217,4,0,0.0949307119435845
GSE32646,8,combined,GSM809218,3,0,0.027905520249320425
GSE32646,8,combined,GSM809219,2,0,0.1690297666053596
GSE32646,8,combined,GSM809220,2,0,0.7344901783445933
GSE32646,8,combined,GSM809221,4,0,0.3289063180012103
GSE32646,8,combined,GSM809222,1,0,0.30954183755557285
GSE32646,8,combined,GSM809223,1,0,0.20312803781078725
GSE32646,8,combined,GSM809224,2,0,0.4462158489354192
GSE32646,8,combined,GSM809225,2,1,0.2601457664223123
GSE32646,8,combined,GSM809226,1,1,0.488181803800536
GSE32646,8,combined,GSM809227,4,0,0.5515217864964692
GSE32646,8,combined,GSM809228,0,0,0.19344799481675692
GSE32646,8,combined,GSM809229,4,1,0.19220229061190064
GSE32646,8,combined,GSM809230,0,0,0.19049677410327648
GSE32646,8,combined,GSM809231,0,1,0.3290005292637722
GSE32646,8,combined,GSM809232,3,1,0.2785738986895946
GSE32646,8,combined,GSM809233,0,0,0.06870192782207842
GSE32646,8,combined,GSM809234,0,0,0.08954449327080329
GSE32646,8,combined,GSM809235,4,0,0.07450248829466549
GSE32646,8,combined,GSM809236,3,1,0.34818212298448264
GSE32646,8,combined,GSM809237,0,1,0.6492124473632297
GSE32646,8,combined,GSM809238,2,1,0.3399914628579297
GSE32646,8,combined,GSM809239,0,0,0.5622718710650899
GSE32646,8,combined,GSM809240,0,0,0.1049653671019802
GSE32646,8,combined,GSM809241,3,0,0.03264965688625347
GSE32646,8,combined,GSM809242,3,0,0.06717301322978206
GSE32646,8,combined,GSM809243,1,0,0.05510017695652821
GSE32646,8,combined,GSM809244,1,0,0.03731674385816262
GSE32646,8,combined,GSM809245,4,0,0.38871063675818324
GSE32646,8,combined,GSM809246,1,1,0.6337292381106088
GSE32646,8,combined,GSM809247,3,0,0.6541681648684123
GSE32646,8,combined,GSM809248,2,1,0.07578873487816318
GSE32646,8,combined,GSM809249,2,0,0.10259798699209234
GSE32646,8,combined,GSM809250,3,0,0.04658674207312144
GSE32646,8,combined,GSM809251,2,0,0.1072260708997483
GSE32646,8,combined,GSM809252,4,0,0.14032443108345968
GSE32646,8,combined,GSM809253,0,1,0.15408732654955806
GSE32646,8,combined,GSM809254,1,0,0.06468390860657873
GSE32646,8,combined,GSM809255,2,0,0.1416115449090295
GSE32646,8,combined,GSM809256,0,1,0.40787293272168834
GSE32646,8,combined,GSM809257,1,0,0.14118626571270587
GSE32646,8,combined,GSM809258,4,0,0.07689996082100982
GSE32646,8,combined,GSM809259,4,0,0.13148269031429544
GSE32646,8,combined,GSM809260,0,0,0.06684401989352867
GSE32646,8,combined,GSM809261,1,0,0.25716564499437106
GSE32646,8,combined,GSM809262,4,0,0.08639798957010905
GSE32646,8,combined,GSM809263,0,0,0.0766854545616604
GSE32646,8,combined,GSM809264,3,0,0.351822136510056
GSE32646,8,combined,GSM809265,0,0,0.06603759468870112
GSE32646,8,combined,GSM809266,2,1,0.19834253769147497
GSE32646,8,combined,GSM809267,1,0,0.6503892976074601
GSE32646,8,combined,GSM809268,1,0,0.1161120713945746
GSE32646,8,combined,GSM809269,4,0,0.17938702867587394
GSE32646,8,combined,GSM809270,1,0,0.2004170058283178
GSE32646,8,combined,GSM809271,4,1,0.13667520327106664
GSE32646,8,combined,GSM809272,4,1,0.575918533503533
GSE32646,8,combined,GSM809273,0,0,0.36771133032478637
GSE32646,8,combined,GSM809274,3,1,0.3839652618015994
GSE32646,8,combined,GSM809275,1,0,0.10517348124461398
GSE32646,8,combined,GSM809276,1,0,0.464430088191098
GSE32646,8,combined,GSM809277,2,0,0.19892829452660424
GSE32646,8,combined,GSM809278,0,0,0.5805866217577998
GSE32646,8,combined,GSM809279,4,0,0.10004250479874599
GSE32646,8,combined,GSM809280,2,1,0.3377897787512561
GSE32646,8,combined,GSM809281,4,0,0.25597359833808475
GSE32646,8,combined,GSM809282,2,0,0.3291923221246413
GSE32646,8,combined,GSM809283,3,0,0.07003580221465422
GSE32646,8,combined,GSM809284,3,0,0.07672390714275845
GSE32646,8,combined,GSM809285,4,0,0.10126579707580192
GSE32646,8,combined,GSM809286,2,0,0.11429626119688938
GSE32646,8,combined,GSM809287,2,0,0.1558668247712953
GSE32646,8,combined,GSM809288,0,0,0.05832228555196108
GSE32646,8,combined,GSM809289,3,1,0.20852501143478475
GSE32646,8,combined,GSM809290,1,0,0.06715017862228506
GSE32646,8,combined,GSM809291,4,0,0.06320838247063759
GSE32646,8,combined,GSM809292,3,0,0.060247045486252246
GSE32646,8,combined,GSM809293,3,0,0.05566703213790109
GSE32646,8,combined,GSM809294,3,1,0.7850711436634502
GSE32646,8,combined,GSM809295,1,1,0.43447834255680995
GSE32646,8,combined,GSM809296,0,0,0.05504244417622439
GSE32646,8,combined,GSM809297,4,0,0.14693842598231976
GSE32646,8,combined,GSM809298,4,1,0.11973568985407884
GSE32646,9,intercept,GSM809184,2,0,0.2391304347826087
GSE32646,9,intercept,GSM809185,4,1,0.22826086956521738
GSE32646,9,intercept,GSM809186,4,0,0.22826086956521738
GSE32646,9,intercept,GSM809187,1,0,0.2391304347826087
GSE32646,9,intercept,GSM809188,1,0,0.2391304347826087
GSE32646,9,intercept,GSM809189,3,0,0.22826086956521738
GSE32646,9,intercept,GSM809190,3,0,0.22826086956521738
GSE32646,9,intercept,GSM809191,4,0,0.22826086956521738
GSE32646,9,intercept,GSM809192,1,1,0.2391304347826087
GSE32646,9,intercept,GSM809193,0,0,0.2391304347826087
GSE32646,9,intercept,GSM809194,0,1,0.2391304347826087
GSE32646,9,intercept,GSM809195,3,0,0.22826086956521738
GSE32646,9,intercept,GSM809196,1,0,0.2391304347826087
GSE32646,9,intercept,GSM809197,0,0,0.2391304347826087
GSE32646,9,intercept,GSM809198,0,0,0.2391304347826087
GSE32646,9,intercept,GSM809199,3,0,0.22826086956521738
GSE32646,9,intercept,GSM809200,3,0,0.22826086956521738
GSE32646,9,intercept,GSM809201,0,0,0.2391304347826087
GSE32646,9,intercept,GSM809202,3,1,0.22826086956521738
GSE32646,9,intercept,GSM809203,3,1,0.22826086956521738
GSE32646,9,intercept,GSM809204,1,0,0.2391304347826087
GSE32646,9,intercept,GSM809205,0,0,0.2391304347826087
GSE32646,9,intercept,GSM809206,1,0,0.2391304347826087
GSE32646,9,intercept,GSM809207,0,0,0.2391304347826087
GSE32646,9,intercept,GSM809208,4,0,0.22826086956521738
GSE32646,9,intercept,GSM809209,4,0,0.22826086956521738
GSE32646,9,intercept,GSM809210,2,0,0.2391304347826087
GSE32646,9,intercept,GSM809211,3,0,0.22826086956521738
GSE32646,9,intercept,GSM809212,4,0,0.22826086956521738
GSE32646,9,intercept,GSM809213,4,1,0.22826086956521738
GSE32646,9,intercept,GSM809214,2,0,0.2391304347826087
GSE32646,9,intercept,GSM809215,2,0,0.2391304347826087
GSE32646,9,intercept,GSM809216,0,0,0.2391304347826087
GSE32646,9,intercept,GSM809217,4,0,0.22826086956521738
GSE32646,9,intercept,GSM809218,1,0,0.2391304347826087
GSE32646,9,intercept,GSM809219,4,0,0.22826086956521738
GSE32646,9,intercept,GSM809220,3,0,0.22826086956521738
GSE32646,9,intercept,GSM809221,1,0,0.2391304347826087
GSE32646,9,intercept,GSM809222,3,0,0.22826086956521738
GSE32646,9,intercept,GSM809223,4,0,0.22826086956521738
GSE32646,9,intercept,GSM809224,0,0,0.2391304347826087
GSE32646,9,intercept,GSM809225,1,1,0.2391304347826087
GSE32646,9,intercept,GSM809226,4,1,0.22826086956521738
GSE32646,9,intercept,GSM809227,4,0,0.22826086956521738
GSE32646,9,intercept,GSM809228,2,0,0.2391304347826087
GSE32646,9,intercept,GSM809229,2,1,0.2391304347826087
GSE32646,9,intercept,GSM809230,4,0,0.22826086956521738
GSE32646,9,intercept,GSM809231,2,1,0.2391304347826087
GSE32646,9,intercept,GSM809232,3,1,0.22826086956521738
GSE32646,9,intercept,GSM809233,3,0,0.22826086956521738
GSE32646,9,intercept,GSM809234,2,0,0.2391304347826087
GSE32646,9,intercept,GSM809235,0,0,0.2391304347826087
GSE32646,9,intercept,GSM809236,3,1,0.22826086956521738
GSE32646,9,intercept,GSM809237,2,1,0.2391304347826087
GSE32646,9,intercept,GSM809238,3,1,0.22826086956521738
GSE32646,9,intercept,GSM809239,3,0,0.22826086956521738
GSE32646,9,intercept,GSM809240,2,0,0.2391304347826087
GSE32646,9,intercept,GSM809241,2,0,0.2391304347826087
GSE32646,9,intercept,GSM809242,3,0,0.22826086956521738
GSE32646,9,intercept,GSM809243,0,0,0.2391304347826087
GSE32646,9,intercept,GSM809244,1,0,0.2391304347826087
GSE32646,9,intercept,GSM809245,0,0,0.2391304347826087
GSE32646,9,intercept,GSM809246,0,1,0.2391304347826087
GSE32646,9,intercept,GSM809247,4,0,0.22826086956521738
GSE32646,9,intercept,GSM809248,0,1,0.2391304347826087
GSE32646,9,intercept,GSM809249,3,0,0.22826086956521738
GSE32646,9,intercept,GSM809250,1,0,0.2391304347826087
GSE32646,9,intercept,GSM809251,3,0,0.22826086956521738
GSE32646,9,intercept,GSM809252,2,0,0.2391304347826087
GSE32646,9,intercept,GSM809253,2,1,0.2391304347826087
GSE32646,9,intercept,GSM809254,2,0,0.2391304347826087
GSE32646,9,intercept,GSM809255,0,0,0.2391304347826087
GSE32646,9,intercept,GSM809256,1,1,0.2391304347826087
GSE32646,9,intercept,GSM809257,0,0,0.2391304347826087
GSE32646,9,intercept,GSM809258,0,0,0.2391304347826087
GSE32646,9,intercept,GSM809259,2,0,0.2391304347826087
GSE32646,9,intercept,GSM809260,4,0,0.22826086956521738
GSE32646,9,intercept,GSM809261,0,0,0.2391304347826087
GSE32646,9,intercept,GSM809262,4,0,0.22826086956521738
GSE32646,9,intercept,GSM809263,1,0,0.2391304347826087
GSE32646,9,intercept,GSM809264,1,0,0.2391304347826087
GSE32646,9,intercept,GSM809265,2,0,0.2391304347826087
GSE32646,9,intercept,GSM809266,4,1,0.22826086956521738
GSE32646,9,intercept,GSM809267,1,0,0.2391304347826087
GSE32646,9,intercept,GSM809268,1,0,0.2391304347826087
GSE32646,9,intercept,GSM809269,1,0,0.2391304347826087
GSE32646,9,intercept,GSM809270,3,0,0.22826086956521738
GSE32646,9,intercept,GSM809271,4,1,0.22826086956521738
GSE32646,9,intercept,GSM809272,3,1,0.22826086956521738
GSE32646,9,intercept,GSM809273,1,0,0.2391304347826087
GSE32646,9,intercept,GSM809274,0,1,0.2391304347826087
GSE32646,9,intercept,GSM809275,3,0,0.22826086956521738
GSE32646,9,intercept,GSM809276,4,0,0.22826086956521738
GSE32646,9,intercept,GSM809277,1,0,0.2391304347826087
GSE32646,9,intercept,GSM809278,3,0,0.22826086956521738
GSE32646,9,intercept,GSM809279,2,0,0.2391304347826087
GSE32646,9,intercept,GSM809280,4,1,0.22826086956521738
GSE32646,9,intercept,GSM809281,2,0,0.2391304347826087
GSE32646,9,intercept,GSM809282,4,0,0.22826086956521738
GSE32646,9,intercept,GSM809283,4,0,0.22826086956521738
GSE32646,9,intercept,GSM809284,2,0,0.2391304347826087
GSE32646,9,intercept,GSM809285,2,0,0.2391304347826087
GSE32646,9,intercept,GSM809286,4,0,0.22826086956521738
GSE32646,9,intercept,GSM809287,1,0,0.2391304347826087
GSE32646,9,intercept,GSM809288,0,0,0.2391304347826087
GSE32646,9,intercept,GSM809289,2,1,0.2391304347826087
GSE32646,9,intercept,GSM809290,1,0,0.2391304347826087
GSE32646,9,intercept,GSM809291,3,0,0.22826086956521738
GSE32646,9,intercept,GSM809292,2,0,0.2391304347826087
GSE32646,9,intercept,GSM809293,2,0,0.2391304347826087
GSE32646,9,intercept,GSM809294,1,1,0.2391304347826087
GSE32646,9,intercept,GSM809295,1,1,0.2391304347826087
GSE32646,9,intercept,GSM809296,0,0,0.2391304347826087
GSE32646,9,intercept,GSM809297,0,0,0.2391304347826087
GSE32646,9,intercept,GSM809298,0,1,0.2391304347826087
GSE32646,9,clinical,GSM809184,2,0,0.08932193636949302
GSE32646,9,clinical,GSM809185,4,1,0.4574310399702225
GSE32646,9,clinical,GSM809186,4,0,0.46988346249895857
GSE32646,9,clinical,GSM809187,1,0,0.12830864236062936
GSE32646,9,clinical,GSM809188,1,0,0.12495182699761123
GSE32646,9,clinical,GSM809189,3,0,0.1739540074229955
GSE32646,9,clinical,GSM809190,3,0,0.12873214736130753
GSE32646,9,clinical,GSM809191,4,0,0.10680484882370768
GSE32646,9,clinical,GSM809192,1,1,0.12809660783840388
GSE32646,9,clinical,GSM809193,0,0,0.09347425765488651
GSE32646,9,clinical,GSM809194,0,1,0.06620932250886519
GSE32646,9,clinical,GSM809195,3,0,0.17968448082302863
GSE32646,9,clinical,GSM809196,1,0,0.12350704346361416
GSE32646,9,clinical,GSM809197,0,0,0.0900074309273398
GSE32646,9,clinical,GSM809198,0,0,0.1168846544870121
GSE32646,9,clinical,GSM809199,3,0,0.12015519052824157
GSE32646,9,clinical,GSM809200,3,0,0.3525709472418611
GSE32646,9,clinical,GSM809201,0,0,0.09706037392796181
GSE32646,9,clinical,GSM809202,3,1,0.5153906108905887
GSE32646,9,clinical,GSM809203,3,1,0.38929758131215325
GSE32646,9,clinical,GSM809204,1,0,0.4186670669224724
GSE32646,9,clinical,GSM809205,0,0,0.07727308543872115
GSE32646,9,clinical,GSM809206,1,0,0.1239183680332299
GSE32646,9,clinical,GSM809207,0,0,0.1558572080562113
GSE32646,9,clinical,GSM809208,4,0,0.45066016315392887
GSE32646,9,clinical,GSM809209,4,0,0.44278401204544726
GSE32646,9,clinical,GSM809210,2,0,0.09688208190264037
GSE32646,9,clinical,GSM809211,3,0,0.5153906108905887
GSE32646,9,clinical,GSM809212,4,0,0.09923570136484848
GSE32646,9,clinical,GSM809213,4,1,0.10550895121845309
GSE32646,9,clinical,GSM809214,2,0,0.32585735285899675
GSE32646,9,clinical,GSM809215,2,0,0.0623777324788337
GSE32646,9,clinical,GSM809216,0,0,0.1401296004100387
GSE32646,9,clinical,GSM809217,4,0,0.10988320579024537
GSE32646,9,clinical,GSM809218,1,0,0.125575442419149
GSE32646,9,clinical,GSM809219,4,0,0.11167697752443205
GSE32646,9,clinical,GSM809220,3,0,0.44669622898728967
GSE32646,9,clinical,GSM809221,1,0,0.4270005388232482
GSE32646,9,clinical,GSM809222,3,0,0.2754257689445336
GSE32646,9,clinical,GSM809223,4,0,0.10811473928902761
GSE32646,9,clinical,GSM809224,0,0,0.4954778095994255
GSE32646,9,clinical,GSM809225,1,1,0.43304532178216026
GSE32646,9,clinical,GSM809226,4,1,0.46421767990650437
GSE32646,9,clinical,GSM809227,4,0,0.4495333894149068
GSE32646,9,clinical,GSM809228,2,0,0.1263365478295084
GSE32646,9,clinical,GSM809229,2,1,0.1078480210394263
GSE32646,9,clinical,GSM809230,4,0,0.441661098334395
GSE32646,9,clinical,GSM809231,2,1,0.24139625948461074
GSE32646,9,clinical,GSM809232,3,1,0.5448046413752184
GSE32646,9,clinical,GSM809233,3,0,0.12438025381124226
GSE32646,9,clinical,GSM809234,2,0,0.11989040475675355
GSE32646,9,clinical,GSM809235,0,0,0.14521890473607332
GSE32646,9,clinical,GSM809236,3,1,0.3436365217080724
GSE32646,9,clinical,GSM809237,2,1,0.4750468938882338
GSE32646,9,clinical,GSM809238,3,1,0.4273248398044905
GSE32646,9,clinical,GSM809239,3,0,0.5448046413752184
GSE32646,9,clinical,GSM809240,2,0,0.08692251881938907
GSE32646,9,clinical,GSM809241,2,0,0.05268472423315675
GSE32646,9,clinical,GSM809242,3,0,0.17968448082302863
GSE32646,9,clinical,GSM809243,0,0,0.06882884593679843
GSE32646,9,clinical,GSM809244,1,0,0.12474454588300617
GSE32646,9,clinical,GSM809245,0,0,0.30816855562532847
GSE32646,9,clinical,GSM809246,0,1,0.363771849936687
GSE32646,9,clinical,GSM809247,4,0,0.45517220750897874
GSE32646,9,clinical,GSM809248,0,1,0.2420299712255249
GSE32646,9,clinical,GSM809249,3,0,0.15762875570181686
GSE32646,9,clinical,GSM809250,1,0,0.12412447101959363
GSE32646,9,clinical,GSM809251,3,0,0.47604094089987004
GSE32646,9,clinical,GSM809252,2,0,0.0822979827813861
GSE32646,9,clinical,GSM809253,2,1,0.11075500251356984
GSE32646,9,clinical,GSM809254,2,0,0.09178092997250492
GSE32646,9,clinical,GSM809255,0,0,0.4850794043870886
GSE32646,9,clinical,GSM809256,1,1,0.42792913438806807
GSE32646,9,clinical,GSM809257,0,0,0.10460245428401317
GSE32646,9,clinical,GSM809258,0,0,0.1558572080562113
GSE32646,9,clinical,GSM809259,2,0,0.09430060877666
GSE32646,9,clinical,GSM809260,4,0,0.10637133332623722
GSE32646,9,clinical,GSM809261,0,0,0.22589066400600985
GSE32646,9,clinical,GSM809262,4,0,0.10637133332623722
GSE32646,9,clinical,GSM809263,1,0,0.1268306706396998
GSE32646,9,clinical,GSM809264,1,0,0.43118317809701107
GSE32646,9,clinical,GSM809265,2,0,0.11075500251356984
GSE32646,9,clinical,GSM809266,4,1,0.4732867561483998
GSE32646,9,clinical,GSM809267,1,0,0.4283936230602499
GSE32646,9,clinical,GSM809268,1,0,0.12980127676236078
GSE32646,9,clinical,GSM809269,1,0,0.1253672750092285
GSE32646,9,clinical,GSM809270,3,0,0.23085255972804564
GSE32646,9,clinical,GSM809271,4,1,0.11212940293913468
GSE32646,9,clinical,GSM809272,3,1,0.36160968829933693
GSE32646,9,clinical,GSM809273,1,0,0.4339771067494015
GSE32646,9,clinical,GSM809274,0,1,0.3931243867307745
GSE32646,9,clinical,GSM809275,3,0,0.2833523406425174
GSE32646,9,clinical,GSM809276,4,0,0.45630139905901407
GSE32646,9,clinical,GSM809277,1,0,0.42143998297840846
GSE32646,9,clinical,GSM809278,3,0,0.49570913144066725
GSE32646,9,clinical,GSM809279,2,0,0.09430060877666
GSE32646,9,clinical,GSM809280,4,1,0.46195386807287303
GSE32646,9,clinical,GSM809281,2,0,0.4527714136134449
GSE32646,9,clinical,GSM809282,4,0,0.4382959795467878
GSE32646,9,clinical,GSM809283,4,0,0.10988320579024537
GSE32646,9,clinical,GSM809284,2,0,0.07578040564872209
GSE32646,9,clinical,GSM809285,2,0,0.15909268688505726
GSE32646,9,clinical,GSM809286,4,0,0.10680484882370768
GSE32646,9,clinical,GSM809287,1,0,0.12809660783840388
GSE32646,9,clinical,GSM809288,0,0,0.09347425765488651
GSE32646,9,clinical,GSM809289,2,1,0.09430060877665997
GSE32646,9,clinical,GSM809290,1,0,0.12578390577319096
GSE32646,9,clinical,GSM809291,3,0,0.08743868702269934
GSE32646,9,clinical,GSM809292,2,0,0.09178092997250492
GSE32646,9,clinical,GSM809293,2,0,0.11677513410662069
GSE32646,9,clinical,GSM809294,1,1,0.43304532178216026
GSE32646,9,clinical,GSM809295,1,1,0.4363085981591773
GSE32646,9,clinical,GSM809296,0,0,0.08341964499216845
GSE32646,9,clinical,GSM809297,0,0,0.21167076597726084
GSE32646,9,clinical,GSM809298,0,1,0.16712247099010702
GSE32646,9,score,GSM809184,2,0,0.1928019073932999
GSE32646,9,score,GSM809185,4,1,0.4410488586948242
GSE32646,9,score,GSM809186,4,0,0.19908725979259387
GSE32646,9,score,GSM809187,1,0,0.2880503089215698
GSE32646,9,score,GSM809188,1,0,0.18775263243303794
GSE32646,9,score,GSM809189,3,0,0.069298888954853
GSE32646,9,score,GSM809190,3,0,0.18306961089901536
GSE32646,9,score,GSM809191,4,0,0.18372107412459138
GSE32646,9,score,GSM809192,1,1,0.4158236844241809
GSE32646,9,score,GSM809193,0,0,0.08868751478041498
GSE32646,9,score,GSM809194,0,1,0.16224725733156117
GSE32646,9,score,GSM809195,3,0,0.1051095497322315
GSE32646,9,score,GSM809196,1,0,0.3825337205662301
GSE32646,9,score,GSM809197,0,0,0.08618127340765254
GSE32646,9,score,GSM809198,0,0,0.3508631996748915
GSE32646,9,score,GSM809199,3,0,0.28296354867588647
GSE32646,9,score,GSM809200,3,0,0.3620259528480408
GSE32646,9,score,GSM809201,0,0,0.08103182991059384
GSE32646,9,score,GSM809202,3,1,0.6263723912576364
GSE32646,9,score,GSM809203,3,1,0.5794147338809391
GSE32646,9,score,GSM809204,1,0,0.3832907928555646
GSE32646,9,score,GSM809205,0,0,0.1439570049037424
GSE32646,9,score,GSM809206,1,0,0.13446890585316953
GSE32646,9,score,GSM809207,0,0,0.15014008012516752
GSE32646,9,score,GSM809208,4,0,0.13118261717967858
GSE32646,9,score,GSM809209,4,0,0.535308008633253
GSE32646,9,score,GSM809210,2,0,0.11158708321859215
GSE32646,9,score,GSM809211,3,0,0.5299581256186243
GSE32646,9,score,GSM809212,4,0,0.31303784423042863
GSE32646,9,score,GSM809213,4,1,0.15694940930701454
GSE32646,9,score,GSM809214,2,0,0.11969669384659071
GSE32646,9,score,GSM809215,2,0,0.2522206011135514
GSE32646,9,score,GSM809216,0,0,0.12530714697294326
GSE32646,9,score,GSM809217,4,0,0.11059941453891428
GSE32646,9,score,GSM809218,1,0,0.057314595016771865
GSE32646,9,score,GSM809219,4,0,0.157888675123332
GSE32646,9,score,GSM809220,3,0,0.6277338444947034
GSE32646,9,score,GSM809221,1,0,0.2071799451616306
GSE32646,9,score,GSM809222,3,0,0.2299682311682722
GSE32646,9,score,GSM809223,4,0,0.2678398375602685
GSE32646,9,score,GSM809224,0,0,0.31000943012731585
GSE32646,9,score,GSM809225,1,1,0.20037318315558805
GSE32646,9,score,GSM809226,4,1,0.32876051969435155
GSE32646,9,score,GSM809227,4,0,0.6195837782830641
GSE32646,9,score,GSM809228,2,0,0.27470879063290715
GSE32646,9,score,GSM809229,2,1,0.37242214479849056
GSE32646,9,score,GSM809230,4,0,0.08764330643314472
GSE32646,9,score,GSM809231,2,1,0.4716362211636143
GSE32646,9,score,GSM809232,3,1,0.10414929152559366
GSE32646,9,score,GSM809233,3,0,0.0887453100934445
GSE32646,9,score,GSM809234,2,0,0.10737690193733429
GSE32646,9,score,GSM809235,0,0,0.07889204694021272
GSE32646,9,score,GSM809236,3,1,0.3136786178775411
GSE32646,9,score,GSM809237,2,1,0.49107302365819583
GSE32646,9,score,GSM809238,3,1,0.27776790289456615
GSE32646,9,score,GSM809239,3,0,0.33317608883415334
GSE32646,9,score,GSM809240,2,0,0.22097474101214915
GSE32646,9,score,GSM809241,2,0,0.1525548040248417
GSE32646,9,score,GSM809242,3,0,0.07864194136873298
GSE32646,9,score,GSM809243,0,0,0.09658853647535996
GSE32646,9,score,GSM809244,1,0,0.060113553041671666
GSE32646,9,score,GSM809245,0,0,0.2915255937130329
GSE32646,9,score,GSM809246,0,1,0.6296645155715703
GSE32646,9,score,GSM809247,4,0,0.6508028361447261
GSE32646,9,score,GSM809248,0,1,0.10066447040355413
GSE32646,9,score,GSM809249,3,0,0.12738006310383826
GSE32646,9,score,GSM809250,1,0,0.1355657397809895
GSE32646,9,score,GSM809251,3,0,0.08315469351316906
GSE32646,9,score,GSM809252,2,0,0.2952771762243816
GSE32646,9,score,GSM809253,2,1,0.24944077801891548
GSE32646,9,score,GSM809254,2,0,0.10931740033342628
GSE32646,9,score,GSM809255,0,0,0.1007133082548619
GSE32646,9,score,GSM809256,1,1,0.3522749797402135
GSE32646,9,score,GSM809257,0,0,0.19370450910880777
GSE32646,9,score,GSM809258,0,0,0.08019328968569486
GSE32646,9,score,GSM809259,2,0,0.2579683589223528
GSE32646,9,score,GSM809260,4,0,0.06086436888440638
GSE32646,9,score,GSM809261,0,0,0.17996175067139034
GSE32646,9,score,GSM809262,4,0,0.10939188790818351
GSE32646,9,score,GSM809263,1,0,0.10100709602956273
GSE32646,9,score,GSM809264,1,0,0.23273079486714524
GSE32646,9,score,GSM809265,2,0,0.08111454968379951
GSE32646,9,score,GSM809266,4,1,0.10324997794615991
GSE32646,9,score,GSM809267,1,0,0.6644966542658726
GSE32646,9,score,GSM809268,1,0,0.0892387230175594
GSE32646,9,score,GSM809269,1,0,0.4488385311005391
GSE32646,9,score,GSM809270,3,0,0.15712139139999465
GSE32646,9,score,GSM809271,4,1,0.21001188929464518
GSE32646,9,score,GSM809272,3,1,0.6178627101840501
GSE32646,9,score,GSM809273,1,0,0.1416198567185892
GSE32646,9,score,GSM809274,0,1,0.27807226041486843
GSE32646,9,score,GSM809275,3,0,0.046799257099091475
GSE32646,9,score,GSM809276,4,0,0.3866527688784987
GSE32646,9,score,GSM809277,1,0,0.25058370791306744
GSE32646,9,score,GSM809278,3,0,0.44824761654547585
GSE32646,9,score,GSM809279,2,0,0.1855880269835451
GSE32646,9,score,GSM809280,4,1,0.24875936890765107
GSE32646,9,score,GSM809281,2,0,0.11968230717185062
GSE32646,9,score,GSM809282,4,0,0.36684007688724213
GSE32646,9,score,GSM809283,4,0,0.07093310281285542
GSE32646,9,score,GSM809284,2,0,0.2040619572963988
GSE32646,9,score,GSM809285,2,0,0.14244823022148648
GSE32646,9,score,GSM809286,4,0,0.13658600822858244
GSE32646,9,score,GSM809287,1,0,0.18678068484354582
GSE32646,9,score,GSM809288,0,0,0.0712124699342531
GSE32646,9,score,GSM809289,2,1,0.3520091593048821
GSE32646,9,score,GSM809290,1,0,0.10054002800699859
GSE32646,9,score,GSM809291,3,0,0.09248806593160601
GSE32646,9,score,GSM809292,2,0,0.13786317115838095
GSE32646,9,score,GSM809293,2,0,0.09814802001347492
GSE32646,9,score,GSM809294,1,1,0.705541271176678
GSE32646,9,score,GSM809295,1,1,0.2200247633929041
GSE32646,9,score,GSM809296,0,0,0.07730655258819671
GSE32646,9,score,GSM809297,0,0,0.21052884318437273
GSE32646,9,score,GSM809298,0,1,0.16872283847925632
GSE32646,9,combined,GSM809184,2,0,0.0918850640006849
GSE32646,9,combined,GSM809185,4,1,0.5513340865898508
GSE32646,9,combined,GSM809186,4,0,0.3564443478132837
GSE32646,9,combined,GSM809187,1,0,0.19701962653759342
GSE32646,9,combined,GSM809188,1,0,0.12826875508197452
GSE32646,9,combined,GSM809189,3,0,0.07755029234678523
GSE32646,9,combined,GSM809190,3,0,0.12780532239829492
GSE32646,9,combined,GSM809191,4,0,0.120645367949139
GSE32646,9,combined,GSM809192,1,1,0.268582470652785
GSE32646,9,combined,GSM809193,0,0,0.047620627100261624
GSE32646,9,combined,GSM809194,0,1,0.052404023078318276
GSE32646,9,combined,GSM809195,3,0,0.11756416735179341
GSE32646,9,combined,GSM809196,1,0,0.22316932256277505
GSE32646,9,combined,GSM809197,0,0,0.04404903590546203
GSE32646,9,combined,GSM809198,0,0,0.23303365856287128
GSE32646,9,combined,GSM809199,3,0,0.1813611393832434
GSE32646,9,combined,GSM809200,3,0,0.39658783240537754
GSE32646,9,combined,GSM809201,0,0,0.04626530770339348
GSE32646,9,combined,GSM809202,3,1,0.8003221574113248
GSE32646,9,combined,GSM809203,3,1,0.6402519737861141
GSE32646,9,combined,GSM809204,1,0,0.4296529324358194
GSE32646,9,combined,GSM809205,0,0,0.05743598796314455
GSE32646,9,combined,GSM809206,1,0,0.0964369069121547
GSE32646,9,combined,GSM809207,0,0,0.15225114903670256
GSE32646,9,combined,GSM809208,4,0,0.24661607474138525
GSE32646,9,combined,GSM809209,4,0,0.5959139521848268
GSE32646,9,combined,GSM809210,2,0,0.07295327327556111
GSE32646,9,combined,GSM809211,3,0,0.7369327173965352
GSE32646,9,combined,GSM809212,4,0,0.16880669528915604
GSE32646,9,combined,GSM809213,4,1,0.10363472704590337
GSE32646,9,combined,GSM809214,2,0,0.19718372124344635
GSE32646,9,combined,GSM809215,2,0,0.07360243294516773
GSE32646,9,combined,GSM809216,0,0,0.11289352532299235
GSE32646,9,combined,GSM809217,4,0,0.08437435894326302
GSE32646,9,combined,GSM809218,1,0,0.0538939497078092
GSE32646,9,combined,GSM809219,4,0,0.1155894396928512
GSE32646,9,combined,GSM809220,3,0,0.7411333961669793
GSE32646,9,combined,GSM809221,1,0,0.3114597257825083
GSE32646,9,combined,GSM809222,3,0,0.3799799437806147
GSE32646,9,combined,GSM809223,4,0,0.16974639449740295
GSE32646,9,combined,GSM809224,0,0,0.5162395390866189
GSE32646,9,combined,GSM809225,1,1,0.32339568539123814
GSE32646,9,combined,GSM809226,4,1,0.4723448281110915
GSE32646,9,combined,GSM809227,4,0,0.6693375190322572
GSE32646,9,combined,GSM809228,2,0,0.16668506739977842
GSE32646,9,combined,GSM809229,2,1,0.17323757666088954
GSE32646,9,combined,GSM809230,4,0,0.1777455753348421
GSE32646,9,combined,GSM809231,2,1,0.3013940109965376
GSE32646,9,combined,GSM809232,3,1,0.29421834418712983
GSE32646,9,combined,GSM809233,3,0,0.06169723082771158
GSE32646,9,combined,GSM809234,2,0,0.09103156332883318
GSE32646,9,combined,GSM809235,0,0,0.07944939381215113
GSE32646,9,combined,GSM809236,3,1,0.33985989560777013
GSE32646,9,combined,GSM809237,2,1,0.5889436179385353
GSE32646,9,combined,GSM809238,3,1,0.4060225544385363
GSE32646,9,combined,GSM809239,3,0,0.6086526128191251
GSE32646,9,combined,GSM809240,2,0,0.09707646004932051
GSE32646,9,combined,GSM809241,2,0,0.04420909773876702
GSE32646,9,combined,GSM809242,3,0,0.09079425319244479
GSE32646,9,combined,GSM809243,0,0,0.033831885638728076
GSE32646,9,combined,GSM809244,1,0,0.0544280647779399
GSE32646,9,combined,GSM809245,0,0,0.25938890361641104
GSE32646,9,combined,GSM809246,0,1,0.6225980997212527
GSE32646,9,combined,GSM809247,4,0,0.7007263000516686
GSE32646,9,combined,GSM809248,0,1,0.06865528540715334
GSE32646,9,combined,GSM809249,3,0,0.11767091667549547
GSE32646,9,combined,GSM809250,1,0,0.09761011077826177
GSE32646,9,combined,GSM809251,3,0,0.19140881205421473
GSE32646,9,combined,GSM809252,2,0,0.11071037683004843
GSE32646,9,combined,GSM809253,2,1,0.13634112829575878
GSE32646,9,combined,GSM809254,2,0,0.06780249496655481
GSE32646,9,combined,GSM809255,0,0,0.23396254738821756
GSE32646,9,combined,GSM809256,1,1,0.43819561069426055
GSE32646,9,combined,GSM809257,0,0,0.11369637601734031
GSE32646,9,combined,GSM809258,0,0,0.08905418901612251
GSE32646,9,combined,GSM809259,2,0,0.11712648604823706
GSE32646,9,combined,GSM809260,4,0,0.04960422145894738
GSE32646,9,combined,GSM809261,0,0,0.28311247144255386
GSE32646,9,combined,GSM809262,4,0,0.07865387163658959
GSE32646,9,combined,GSM809263,1,0,0.0846777896753577
GSE32646,9,combined,GSM809264,1,0,0.34842361597201765
GSE32646,9,combined,GSM809265,2,0,0.07114994921383937
GSE32646,9,combined,GSM809266,4,1,0.23903013617530172
GSE32646,9,combined,GSM809267,1,0,0.6672085881489835
GSE32646,9,combined,GSM809268,1,0,0.08412268762622983
GSE32646,9,combined,GSM809269,1,0,0.27096427036608356
GSE32646,9,combined,GSM809270,3,0,0.23003626106655972
GSE32646,9,combined,GSM809271,4,1,0.14706638222861032
GSE32646,9,combined,GSM809272,3,1,0.639823288902099
GSE32646,9,combined,GSM809273,1,0,0.2634316750558896
GSE32646,9,combined,GSM809274,0,1,0.35111275114247176
GSE32646,9,combined,GSM809275,3,0,0.11193480967392846
GSE32646,9,combined,GSM809276,4,0,0.506231338970104
GSE32646,9,combined,GSM809277,1,0,0.3332673133319602
GSE32646,9,combined,GSM809278,3,0,0.6539672385471976
GSE32646,9,combined,GSM809279,2,0,0.09532124543080388
GSE32646,9,combined,GSM809280,4,1,0.39443329979174274
GSE32646,9,combined,GSM809281,2,0,0.3081831172365567
GSE32646,9,combined,GSM809282,4,0,0.45663307559476085
GSE32646,9,combined,GSM809283,4,0,0.05953830067129011
GSE32646,9,combined,GSM809284,2,0,0.07938829824575919
GSE32646,9,combined,GSM809285,2,0,0.14664119453008326
GSE32646,9,combined,GSM809286,4,0,0.09468845922166727
GSE32646,9,combined,GSM809287,1,0,0.13915794757875835
GSE32646,9,combined,GSM809288,0,0,0.039126510579095046
GSE32646,9,combined,GSM809289,2,1,0.14474058501762196
GSE32646,9,combined,GSM809290,1,0,0.08188128489419873
GSE32646,9,combined,GSM809291,3,0,0.040350817113142916
GSE32646,9,combined,GSM809292,2,0,0.07751330880565178
GSE32646,9,combined,GSM809293,2,0,0.08402953351794754
GSE32646,9,combined,GSM809294,1,1,0.7108479745685777
GSE32646,9,combined,GSM809295,1,1,0.3529163887178484
GSE32646,9,combined,GSM809296,0,0,0.03596358574102737
GSE32646,9,combined,GSM809297,0,0,0.295136359796609
GSE32646,9,combined,GSM809298,0,1,0.18418964764952184
