draw,source,archived_auc,observed_auc,difference
0,MDACC,0.812962962962963,0.742985842985843,-0.06997711997711997
0,ISPY,0.9043645699614891,0.7703984819734345,-0.13396608798805454
0,Fixed-source-weighted,0.8365601098678113,0.7500629622015937,-0.08649714766621747
1,MDACC,0.868964368964369,0.7795366795366795,-0.08942768942768953
1,ISPY,0.8386034255599473,0.8694638694638694,0.030860443903922175
1,Fixed-source-weighted,0.861126086190025,0.8027531762825881,-0.058372909907436835
2,MDACC,0.8285113540790581,0.7487773487773488,-0.07973400530170927
2,ISPY,0.8896011396011396,0.7797101449275362,-0.10989099467360341
2,Fixed-source-weighted,0.8442829000144975,0.7567632667376913,-0.08751963327680612
3,MDACC,0.8453834880312653,0.7877068557919622,-0.05767663223930308
3,ISPY,0.838501291989664,0.6101190476190477,-0.22838224437061638
3,Fixed-source-weighted,0.8436067119290218,0.7418590229630072,-0.10174768896601469
4,MDACC,0.8459915611814346,0.7284226190476191,-0.11756894213381552
4,ISPY,0.8883572567783095,0.4839572192513369,-0.40440003752697257
4,Fixed-source-weighted,0.8569291100446801,0.6653090027603437,-0.19162010728433648
5,MDACC,0.8858193636674649,0.7780033840947547,-0.10781597957271027
5,ISPY,0.9130434782608695,0.655011655011655,-0.2580318232492145
5,Fixed-source-weighted,0.8928478115526904,0.7462506174360459,-0.14659719411664437
6,MDACC,0.8494931327665141,0.7879469064440162,-0.06154622632249784
6,ISPY,0.8623376623376623,0.7063492063492064,-0.1559884559884559
6,Fixed-source-weighted,0.8528092041263857,0.7668808335437223,-0.08592837058266349
7,MDACC,0.8706293706293706,0.8290169869117238,-0.04161238371764686
7,ISPY,0.8585271317829457,0.6515151515151515,-0.20701198026779422
7,Fixed-source-weighted,0.8675049364173851,0.7831913496688179,-0.08431358674856726
8,MDACC,0.8397435897435898,0.7975935828877005,-0.04215000685588921
8,ISPY,0.915057915057915,0.71875,-0.196307915057915
8,Fixed-source-weighted,0.8591874841874843,0.7772385402467583,-0.08194894394072594
9,MDACC,0.8232765612327656,0.8156028368794326,-0.007673724353333022
9,ISPY,0.886039886039886,0.7555555555555555,-0.1304843304843305
9,Fixed-source-weighted,0.8394801646960418,0.8001004341847062,-0.03937973051133564
10,MDACC,0.8314926372155288,0.7964035355074672,-0.035089101708061565
10,ISPY,0.9005270092226614,0.6739130434782609,-0.22661396574440051
10,Fixed-source-weighted,0.8493152365245598,0.7647801731862016,-0.08453506333835822
11,MDACC,0.8015979814970563,0.7849040139616056,-0.016693967535450716
11,ISPY,0.8217054263565892,0.6423728813559322,-0.17933254500065698
11,Fixed-source-weighted,0.8067891192222298,0.7481067607725592,-0.05868235844967064
12,MDACC,0.826883425852498,0.7856420626895855,-0.04124136316291249
12,ISPY,0.813222079589217,0.6203208556149733,-0.1929012239742437
12,Fixed-source-weighted,0.8233564769806052,0.7429610974644405,-0.08039537951616467
13,MDACC,0.8297208538587849,0.794945054945055,-0.03477579891372995
13,ISPY,0.7764876632801161,0.7333333333333333,-0.04315432994678281
13,Fixed-source-weighted,0.8159776445263835,0.7790387608034668,-0.0369388837229168
14,MDACC,0.8552565180824222,0.8039686552072801,-0.05128786287514209
14,ISPY,0.7698717948717949,0.5704365079365079,-0.199435286935287
14,Fixed-source-weighted,0.8332127496718355,0.743677676009924,-0.08953507366191153
15,MDACC,0.8514551994767822,0.7879464285714286,-0.06350877090535356
15,ISPY,0.9468085106382979,0.7097902097902098,-0.23701830084808806
15,Fixed-source-weighted,0.8760725575871081,0.767768842676931,-0.10830371491017718
16,MDACC,0.9080147176451767,0.7777777777777778,-0.13023693986739893
16,ISPY,0.8951093951093951,0.5865209471766849,-0.30858844793271023
16,Fixed-source-weighted,0.9046829513695991,0.7284010143219402,-0.17628193704765904
17,MDACC,0.8558085749866572,0.7576999503229012,-0.09810862466375603
17,ISPY,0.8972868217054264,0.5505494505494506,-0.3467373711559758
17,Fixed-source-weighted,0.8665170112310454,0.7042199193356379,-0.16229709189540756
18,MDACC,0.8338271174625305,0.7569940476190476,-0.07683306984348282
18,ISPY,0.8862745098039215,0.6940298507462687,-0.19224465905765287
18,Fixed-source-weighted,0.8473674573153733,0.7407385850277093,-0.10662887228766398
19,MDACC,0.8528449967298888,0.7468470534281129,-0.10599794330177592
19,ISPY,0.8660256410256411,0.7371031746031746,-0.1289224664224664
19,Fixed-source-weighted,0.8562478428062432,0.7443314768687334,-0.11191636593750974
20,MDACC,0.8731482925307968,0.7717644320297952,-0.10138386050100168
20,ISPY,0.8875862068965518,0.5734265734265734,-0.3141596334699783
20,Fixed-source-weighted,0.8768757279389493,0.7205595600374601,-0.1563161679014891
21,MDACC,0.8128678875081753,0.6973336536151814,-0.11553423389299389
21,ISPY,0.8697047496790757,0.6678321678321678,-0.20187258184690793
21,Fixed-source-weighted,0.8275414565000091,0.6897172569587825,-0.1378241995412266
22,MDACC,0.8280906477253509,0.7074631021999443,-0.12062754552540655
22,ISPY,0.9300385109114249,0.5975935828877005,-0.3324449280237244
22,Fixed-source-weighted,0.8544105209008406,0.6790980955801167,-0.1753124253207239
23,MDACC,0.8849148418491484,0.7730446927374302,-0.11187014911171822
23,ISPY,0.9032467532467533,0.6612903225806451,-0.24195643066610817
23,Fixed-source-weighted,0.889647590216504,0.7441930742982602,-0.14545451591824374
24,MDACC,0.851146297212601,0.8177132146204311,-0.03343308259216993
24,ISPY,0.9263565891472868,0.7517482517482518,-0.17460833739903503
24,Fixed-source-weighted,0.8705633333656736,0.8006830444671561,-0.06988028889851747
25,MDACC,0.8965136054421768,0.731041456016178,-0.16547214942599886
25,ISPY,0.8912483912483913,0.6393034825870647,-0.25194490866132657
25,Fixed-source-weighted,0.8951542854378989,0.7073574694119298,-0.1877968160259691
26,MDACC,0.8136288998357963,0.6413101604278075,-0.1723187394079888
26,ISPY,0.9095238095238095,0.7794117647058824,-0.13011204481792715
26,Fixed-source-weighted,0.8383860824023095,0.6769638425780296,-0.16142223982428008
27,MDACC,0.8405079993402605,0.7497272231314784,-0.09078077620878211
27,ISPY,0.8980769230769231,0.8541666666666666,-0.043910256410256476
27,Fixed-source-weighted,0.85537056461868,0.7766903474428506,-0.07868021717582942
28,MDACC,0.8006329113924051,0.7004072134962187,-0.1002256978961864
28,ISPY,0.8014354066985646,0.6707779886148008,-0.13065741808376385
28,Fixed-source-weighted,0.8008400915531456,0.6927578384451337,-0.10808225310801196
29,MDACC,0.8392257238841785,0.8022727272727272,-0.03695299661145124
29,ISPY,0.8790849673202614,0.6130434782608696,-0.26604148905939184
29,Fixed-source-weighted,0.8495161821568928,0.7534194244232607,-0.096096757733632
30,MDACC,0.8786028334147533,0.8235133660665576,-0.05508946734819575
30,ISPY,0.8527131782945736,0.5307486631016043,-0.3219645151929693
30,Fixed-source-weighted,0.8719189028445109,0.7479303218370436,-0.12398858100746737
31,MDACC,0.8396833250865908,0.7886405959031657,-0.05104272918342512
31,ISPY,0.9055851063829787,0.852112676056338,-0.05347243032664073
31,Fixed-source-weighted,0.8566971836565734,0.8050271786878083,-0.051670004968765094
32,MDACC,0.8441558441558441,0.7511177347242921,-0.093038109431552
32,ISPY,0.8849734042553191,0.7052083333333333,-0.1797650709219858
32,Fixed-source-weighted,0.8546937109789112,0.7392653075678027,-0.11542840341110844
33,MDACC,0.843317230273752,0.7494099134539732,-0.09390731681977882
33,ISPY,0.9435064935064935,0.8698630136986302,-0.07364347980786334
33,Fixed-source-weighted,0.8691830858142311,0.7805072824713847,-0.0886758033428464
34,MDACC,0.8729590900752155,0.777962962962963,-0.09499612711225258
34,ISPY,0.7780112044817927,0.6369047619047619,-0.14110644257703087
34,Fixed-source-weighted,0.8484464006573058,0.7415459764152575,-0.10690042424204829
35,MDACC,0.8847687400318979,0.8204887218045113,-0.0642800182273866
35,ISPY,0.7819148936170213,0.41458333333333336,-0.3673315602836879
35,Fixed-source-weighted,0.8582149692254428,0.7156961541926712,-0.14251881503277158
36,MDACC,0.900438596491228,0.7822695035460993,-0.11816909294512878
36,ISPY,0.87001287001287,0.7291666666666666,-0.14084620334620335
36,Fixed-source-weighted,0.8925835886749199,0.7685599476197098,-0.12402364105521013
37,MDACC,0.8560423688011555,0.777061310782241,-0.07898105801891442
37,ISPY,0.8687074829931973,0.6666666666666666,-0.2020408163265307
37,Fixed-source-weighted,0.8593121205043297,0.7485607327262594,-0.11075138777807025
38,MDACC,0.8072882999353588,0.7908240647118301,-0.01646423522352869
38,ISPY,0.918954248366013,0.8028169014084507,-0.11613734695756228
38,Fixed-source-weighted,0.8361170905432729,0.7939202545779511,-0.04219683596532168
39,MDACC,0.8591203923429837,0.8017582417582417,-0.05736215058474192
39,ISPY,0.9311688311688312,0.6463768115942029,-0.2847920195746283
39,Fixed-source-weighted,0.8777211330856045,0.7616434280884409,-0.11607770499716358
40,MDACC,0.883917452410603,0.8207681365576103,-0.06314931585299277
40,ISPY,0.847167325428195,0.7549450549450549,-0.09222227048314002
40,Fixed-source-weighted,0.8744296745295239,0.8037745958798592,-0.07065507864966478
41,MDACC,0.8485645933014354,0.7800963081861958,-0.06846828511523961
41,ISPY,0.9062068965517242,0.6902985074626866,-0.21590838908903753
41,Fixed-source-weighted,0.8634461029640916,0.7569132158425447,-0.10653288712154693
42,MDACC,0.864052614052614,0.7027491408934707,-0.16130347315914328
42,ISPY,0.9063860667634253,0.8391304347826087,-0.06725563198081652
42,Fixed-source-weighted,0.8749818387720718,0.7379586906230196,-0.1370231481490524
43,MDACC,0.8732101232101233,0.7953055337004983,-0.07790458950962498
43,ISPY,0.8666666666666667,0.7420634920634921,-0.1246031746031746
43,Fixed-source-weighted,0.871520799461976,0.7815600392909444,-0.08996076017103158
44,MDACC,0.8626553302812295,0.8147321428571429,-0.04792318742408663
44,ISPY,0.8788461538461538,0.7492753623188406,-0.1295707915273132
44,Fixed-source-weighted,0.8668353141427623,0.7978331701037904,-0.06900214403897192
45,MDACC,0.8443260612210384,0.6915734035549703,-0.15275265766606805
45,ISPY,0.9074829931972789,0.7517482517482518,-0.1557347414490271
45,Fixed-source-weighted,0.8606312822214404,0.7071087401800332,-0.15352254204140717
46,MDACC,0.7703111858704794,0.6771321462043112,-0.09317903966616825
46,ISPY,0.8382352941176471,0.5677083333333334,-0.2705269607843137
46,Fixed-source-weighted,0.7878471484571665,0.6488822075872941,-0.1389649408698725
47,MDACC,0.8374482187241094,0.7964590964590964,-0.040989122265012945
47,ISPY,0.8307189542483661,0.6956140350877194,-0.1351049191606467
47,Fixed-source-weighted,0.8357109249542279,0.7704239335560286,-0.06528699139819943
48,MDACC,0.8180280737358363,0.7990561351217089,-0.01897193861412738
48,ISPY,0.8908496732026144,0.6691542288557214,-0.22169544434689303
48,Fixed-source-weighted,0.8368284213105928,0.7655193684713396,-0.07130905283925315
49,MDACC,0.8605475837044367,0.777816573556797,-0.08273101014763973
49,ISPY,0.8965744400527009,0.6698412698412698,-0.22673317021143113
49,Fixed-source-weighted,0.8698486348531717,0.7499405964537688,-0.11990803839940287
50,MDACC,0.8800951625693894,0.7315982572804403,-0.1484969052889491
50,ISPY,0.8601307189542484,0.5280748663101604,-0.332055852644088
50,Fixed-source-weighted,0.874940943466134,0.6790546367358256,-0.1958863067303085
51,MDACC,0.816969696969697,0.8441080196399345,0.027138322670237525
51,ISPY,0.880764163372859,0.6677083333333333,-0.21305583003952566
51,Fixed-source-weighted,0.8334395101914285,0.7985669241555506,-0.03487258603587781
52,MDACC,0.8653061224489796,0.7897163120567375,-0.07558981039224211
52,ISPY,0.8633986928104576,0.5446265938069217,-0.31877209900353587
52,Fixed-source-weighted,0.864813681463871,0.7264415155151185,-0.1383721659487526
53,MDACC,0.8538511643054877,0.7907178486228584,-0.06313331568262925
53,ISPY,0.9223512336719883,0.6181592039800995,-0.30419202969188885
53,Fixed-source-weighted,0.8715358227367085,0.7461683946137803,-0.1253674281229283
54,MDACC,0.8830801551389786,0.7459278650378127,-0.13715229010116592
54,ISPY,0.8552971576227391,0.7152406417112299,-0.14005651591150914
54,Fixed-source-weighted,0.8759074204860934,0.7380053465972898,-0.13790207388880354
55,MDACC,0.8214058524173028,0.7101343101343102,-0.11127154228299263
55,ISPY,0.8557692307692307,0.5496031746031746,-0.3061660561660561
55,Fixed-source-weighted,0.8302774435604476,0.6686899973664681,-0.1615874461939796
56,MDACC,0.8287474004159334,0.8131478450627386,-0.015599555353194794
56,ISPY,0.8577863577863578,0.5436507936507936,-0.3141355641355642
56,Fixed-source-weighted,0.8362443861422848,0.7435718089139032,-0.09267257722838168
57,MDACC,0.8520355798836812,0.7119047619047619,-0.14013081797891924
57,ISPY,0.8215661103979461,0.7149122807017544,-0.10665382969619175
57,Fixed-source-weighted,0.8441692789380175,0.7126812128360116,-0.13148806610200595
58,MDACC,0.7992840492840493,0.782937616387337,-0.016346432896712226
58,ISPY,0.8632478632478633,0.7760416666666666,-0.08720619658119666
58,Fixed-source-weighted,0.8157975829544457,0.7811572894986673,-0.03464029345577847
59,MDACC,0.8664551942902459,0.7601112234580384,-0.10634397083220748
59,ISPY,0.8790322580645161,0.6420765027322405,-0.23695575533227564
59,Fixed-source-weighted,0.869702214022819,0.7296382073229468,-0.14006400669987215
60,MDACC,0.8264367816091954,0.7080357142857143,-0.1184010673234811
60,ISPY,0.8578811369509044,0.6912087912087912,-0.1666723457421132
60,Fixed-source-weighted,0.8345547687725778,0.7036915086547441,-0.13086326011783384
61,MDACC,0.8842732609855898,0.7514705882352941,-0.13280267275029567
61,ISPY,0.8248366013071895,0.7288557213930348,-0.09598087991415472
61,Fixed-source-weighted,0.8689285024411662,0.7456321095407239,-0.1232963929004423
62,MDACC,0.8501028318304066,0.8233203393717038,-0.02678249245870279
62,ISPY,0.8735558408215661,0.7188405797101449,-0.1547152611114212
62,Fixed-source-weighted,0.8561576936287778,0.7963468066486217,-0.05981088698015624
63,MDACC,0.8672334859385219,0.7838859802210587,-0.08334750571746319
63,ISPY,0.8551282051282051,0.7946428571428571,-0.06048534798534799
63,Fixed-source-weighted,0.8641082663829173,0.7866630824328956,-0.07744518395002169
64,MDACC,0.842053629823414,0.7996713852376137,-0.04238224458580031
64,ISPY,0.8405228758169935,0.644212523719165,-0.19631035209782843
64,Fixed-source-weighted,0.8416584351616258,0.7595365811201058,-0.08212185404152
65,MDACC,0.885426731078905,0.8318046319651456,-0.05362209911375937
65,ISPY,0.8350449293966624,0.6203389830508474,-0.21470594634581497
65,Fixed-source-weighted,0.8724196646315288,0.7772105592062255,-0.09520910542530314
66,MDACC,0.85,0.7488822652757079,-0.10111773472429209
66,ISPY,0.9169960474308301,0.6764705882352942,-0.24052545919553592
66,Fixed-source-weighted,0.8672963651863907,0.7301877473469738,-0.13710861783941714
67,MDACC,0.8380088949709202,0.7651933701657458,-0.07281552480517439
67,ISPY,0.8882758620689655,0.49230769230769234,-0.39596816976127314
67,Fixed-source-weighted,0.8509863145811999,0.6947424925487974,-0.1562438220324025
68,MDACC,0.8586457838949534,0.8003639477627917,-0.058281836132161646
68,ISPY,0.924025974025974,0.6629353233830846,-0.2610906506428894
68,Fixed-source-weighted,0.875524983307864,0.7648840087889458,-0.11064097451891816
69,MDACC,0.8539658379841029,0.7411764705882353,-0.11278936739586753
69,ISPY,0.9288563829787234,0.7433155080213903,-0.18554087495733307
69,Fixed-source-weighted,0.8733003250905572,0.7417287057425467,-0.1315716193480106
70,MDACC,0.7700803212851406,0.6878068739770867,-0.08227344730805386
70,ISPY,0.8925353925353925,0.6745614035087719,-0.21797398902662057
70,Fixed-source-weighted,0.8016945390262188,0.684387291731999,-0.11730724729421979
71,MDACC,0.8265068265068265,0.7481203007518797,-0.07838652575494676
71,ISPY,0.9330759330759331,0.6831550802139037,-0.24992085286202936
71,Fixed-source-weighted,0.8540197657844717,0.7313482340116833,-0.12267153177278836
72,MDACC,0.85671768707483,0.8223262032085561,-0.034391483866273886
72,ISPY,0.861003861003861,0.729064039408867,-0.13193982159499396
72,Fixed-source-weighted,0.8578242483179459,0.7982487164759566,-0.0595755318419892
73,MDACC,0.8148606300511299,0.7318384474167322,-0.08302218263439765
73,ISPY,0.9020408163265307,0.7472527472527473,-0.1547880690737834
73,Fixed-source-weighted,0.8373679330437988,0.7358179561979257,-0.10154997684587305
74,MDACC,0.8396084337349398,0.7599187753826929,-0.07968965835224684
74,ISPY,0.9280913978494624,0.7486338797814208,-0.17945751806804155
74,Fixed-source-weighted,0.8624520747971858,0.7570053546228874,-0.10544672017429842
75,MDACC,0.819047619047619,0.7872340425531915,-0.03181357649442751
75,ISPY,0.9051383399209486,0.7296703296703296,-0.17546801025061898
75,Fixed-source-weighted,0.841273654828642,0.7723728225605573,-0.06890083226808479
76,MDACC,0.8438423645320197,0.7787204769548268,-0.06512188757719284
76,ISPY,0.8992248062015504,0.7857142857142857,-0.11351052048726473
76,Fixed-source-weighted,0.858140445878075,0.7805260681051447,-0.07761437777293036
77,MDACC,0.815998727735369,0.7951536643026005,-0.020845063432768485
77,ISPY,0.8597074468085106,0.6944971537001897,-0.16521029310832092
77,Fixed-source-weighted,0.827283004881703,0.7691671795392331,-0.05811582534246993
78,MDACC,0.8225806451612904,0.7351669469132837,-0.08741369824800671
78,ISPY,0.9026143790849673,0.5753424657534246,-0.3272719133315427
78,Fixed-source-weighted,0.843242949017403,0.6939050710582874,-0.14933787795911568
79,MDACC,0.8665855636658556,0.7993482309124768,-0.06723733275337884
79,ISPY,0.765359477124183,0.5239583333333333,-0.24140114379084965
79,Fixed-source-weighted,0.8404520315194761,0.728250839053809,-0.11220119246566707
80,MDACC,0.8420918367346939,0.832387706855792,-0.009704129878901901
80,ISPY,0.7452956989247311,0.7967914438502673,0.05149574492553621
80,Fixed-source-weighted,0.8171019841628409,0.8231978219622088,0.006095837799368071
81,MDACC,0.8753935376967689,0.7179582712369598,-0.1574352664598091
81,ISPY,0.8772727272727273,0.6503496503496503,-0.226923076923077
81,Fixed-source-weighted,0.8758786879467713,0.7005037580013472,-0.17537492994542403
82,MDACC,0.8341580075870031,0.8775242591135589,0.04336625152655582
82,ISPY,0.8615384615384616,0.5333333333333333,-0.32820512820512826
82,Fixed-source-weighted,0.8412268175940791,0.788664510301017,-0.05256230729306197
83,MDACC,0.8253584229390681,0.7844611528822055,-0.04089727005686261
83,ISPY,0.8733850129198967,0.6567164179104478,-0.2166685950094489
83,Fixed-source-weighted,0.8377574445354259,0.751481303003876,-0.08627614153154993
84,MDACC,0.8689009758438649,0.7967231638418079,-0.07217781200205708
84,ISPY,0.8756648936170213,0.7027972027972028,-0.17286769081981845
84,Fixed-source-weighted,0.8706472160532747,0.7724743046178739,-0.09817291143540072
85,MDACC,0.8030877573131094,0.6795580110497238,-0.12352974626338564
85,ISPY,0.8600770218228498,0.7540106951871658,-0.10606632663568405
85,Fixed-source-weighted,0.8178006720068006,0.6987794556472987,-0.11902121635950191
86,MDACC,0.8612721417069243,0.7256066734074823,-0.13566546829944204
86,ISPY,0.9121447028423773,0.5765027322404371,-0.3356419706019401
86,Fixed-source-weighted,0.8744059074902603,0.6871125186617419,-0.18729338882851837
87,MDACC,0.8393773520355798,0.8562938128619323,0.016916460826352453
87,ISPY,0.8811688311688312,0.636231884057971,-0.24493694711086011
87,Fixed-source-weighted,0.8501666554719423,0.7994804390857462,-0.050686216386195894
88,MDACC,0.8480902777777778,0.755819209039548,-0.09227106873822977
88,ISPY,0.8360215053763441,0.44126984126984126,-0.39475166410650286
88,Fixed-source-weighted,0.8449744835957084,0.674612019321225,-0.1703624642744833
89,MDACC,0.8259241165933887,0.7708392603129445,-0.05508485628044424
89,ISPY,0.8254281949934124,0.5481283422459893,-0.2772998527474231
89,Fixed-source-weighted,0.825796084546336,0.7133419971518677,-0.11245408739446819
90,MDACC,0.8346653346653347,0.7619209039548023,-0.07274443071053238
90,ISPY,0.9062901155327343,0.710989010989011,-0.1953011045437233
90,Fixed-source-weighted,0.8531566996605131,0.7487718204767059,-0.10438487918380716
91,MDACC,0.8896135265700483,0.8263397371081901,-0.06327378946185824
91,ISPY,0.9153846153846154,0.7368421052631579,-0.1785425101214575
91,Fixed-source-weighted,0.8962668468849203,0.8032341393442766,-0.09303270754064369
92,MDACC,0.7960429897410846,0.7775707898658718,-0.018472199875212758
92,ISPY,0.8568627450980392,0.8208955223880597,-0.03596722270997943
92,Fixed-source-weighted,0.8117448220064422,0.7887559332294433,-0.022988888776998926
93,MDACC,0.8017713365539453,0.7787176274018379,-0.02305370915210736
93,ISPY,0.8625356125356125,0.7354312354312355,-0.12710437710437705
93,Fixed-source-weighted,0.8174588457126111,0.7675423824159634,-0.049916463296647576
94,MDACC,0.8045416316232128,0.7834934277047523,-0.021048203918460517
94,ISPY,0.8736559139784946,0.7590132827324478,-0.11464263124604679
94,Fixed-source-weighted,0.8223848613816027,0.777173390277262,-0.045211471104340636
95,MDACC,0.8273393273393274,0.726404800872886,-0.10093452646644141
95,ISPY,0.8348148148148148,0.5885780885780886,-0.2462367262367262
95,Fixed-source-weighted,0.82926927345228,0.69082208756802,-0.13844718588426003
96,MDACC,0.856905552918842,0.7865267947421638,-0.07037875817667816
96,ISPY,0.8830065359477124,0.5095238095238095,-0.3734827264239029
96,Fixed-source-weighted,0.8636440420014588,0.7150129521531116,-0.1486310898483473
97,MDACC,0.8877865206979131,0.7391711229946524,-0.1486153977032607
97,ISPY,0.8503401360544217,0.6042780748663101,-0.24606206118811158
97,Fixed-source-weighted,0.878118990021979,0.7043457935758974,-0.1737731964460817
98,MDACC,0.8371501272264631,0.7574570273003033,-0.0796930999261598
98,ISPY,0.8879551820728291,0.6706349206349206,-0.2173202614379085
98,Fixed-source-weighted,0.8502664649155576,0.735042169697149,-0.11522429521840866
99,MDACC,0.870949356782283,0.7876488095238096,-0.08330054725847347
99,ISPY,0.8706563706563707,0.6641366223908919,-0.2065197482654788
99,Fixed-source-weighted,0.8708737165733057,0.7557616762443963,-0.1151120403289095
100,MDACC,0.8856692913385826,0.7835913312693499,-0.10207796006923275
100,ISPY,0.8906455862977603,0.6450549450549451,-0.24559064124281516
100,Fixed-source-weighted,0.8869540210829455,0.7478254014950427,-0.13912861958790274
101,MDACC,0.8342999171499585,0.8001441268316118,-0.0341557903183467
101,ISPY,0.9276485788113695,0.4452054794520548,-0.48244309935931473
101,Fixed-source-weighted,0.8583997350298653,0.708509639436236,-0.1498900955936293
102,MDACC,0.8364135864135864,0.7005012531328321,-0.13591233328075436
102,ISPY,0.8802612481857764,0.7847593582887701,-0.09550188989700636
102,Fixed-source-weighted,0.8477337343874525,0.7222541626338749,-0.1254795717535776
103,MDACC,0.8461734693877551,0.8048281505728314,-0.04134531881492365
103,ISPY,0.9019607843137255,0.7623239436619719,-0.13963684065175364
103,Fixed-source-weighted,0.8605760768359632,0.7938548422527076,-0.06672123458325557
104,MDACC,0.8456780333068993,0.8149540517961571,-0.030723981510742182
104,ISPY,0.9123847167325428,0.73125,-0.1811347167325429
104,Fixed-source-weighted,0.8628996934069837,0.7933441822147962,-0.06955551119218747
105,MDACC,0.8343700159489633,0.7432467873065828,-0.09112322864238054
105,ISPY,0.8363636363636363,0.6296703296703297,-0.20669330669330666
105,Fixed-source-weighted,0.8348847088011174,0.7139247606619292,-0.12095994813918826
106,MDACC,0.8662800331400166,0.8184041184041184,-0.04787591473589814
106,ISPY,0.9183135704874835,0.7165775401069518,-0.20173603038053167
106,Fixed-source-weighted,0.8797135280761273,0.7921155573404709,-0.08759797073565648
107,MDACC,0.811921568627451,0.784217877094972,-0.02770369153247898
107,ISPY,0.8305519897304237,0.623015873015873,-0.20753611671455063
107,Fixed-source-weighted,0.816731383225931,0.7426003662379498,-0.07413101698798115
108,MDACC,0.8845784674452087,0.7755048518227118,-0.10907361562249696
108,ISPY,0.8191489361702128,0.6398601398601399,-0.17928879631007288
108,Fixed-source-weighted,0.867686529632383,0.740485465401002,-0.12720106423138094
109,MDACC,0.8099838969404187,0.7915615684476037,-0.018422328492815
109,ISPY,0.8772413793103448,0.6761904761904762,-0.20105090311986862
109,Fixed-source-weighted,0.8273477567679487,0.7617762211001754,-0.0655715356677733
110,MDACC,0.8329346092503987,0.7515013211626231,-0.08143328808777561
110,ISPY,0.8114543114543115,0.6984126984126984,-0.11304161304161309
110,Fixed-source-weighted,0.827389042172324,0.7377954348971196,-0.08959360727520424
111,MDACC,0.8420748804222332,0.7566193853427896,-0.08545549507944361
111,ISPY,0.8102766798418972,0.8130434782608695,0.002766798418972316
111,Fixed-source-weighted,0.8338655410567217,0.7711863897236011,-0.06267915133312055
112,MDACC,0.8504040903842982,0.835244210043568,-0.015159880340730236
112,ISPY,0.8519480519480519,0.7354312354312355,-0.11651681651681645
112,Fixed-source-weighted,0.8508026948403,0.8094755009116259,-0.041327193928674066
113,MDACC,0.8098522167487685,0.7336620041274937,-0.07619021262127479
113,ISPY,0.8170068027210884,0.7447916666666666,-0.07221513605442176
113,Fixed-source-weighted,0.8116993157416224,0.7365353483778031,-0.07516396736381928
114,MDACC,0.8403889175701256,0.7456568119475769,-0.09473210562254863
114,ISPY,0.8268965517241379,0.734920634920635,-0.09197591680350292
114,Fixed-source-weighted,0.836905594361521,0.7428850538262423,-0.09402054053527867
115,MDACC,0.8936396337475474,0.7835263835263835,-0.11011325022116392
115,ISPY,0.8312925170068027,0.691468253968254,-0.13982426303854878
115,Fixed-source-weighted,0.8775434826935643,0.7597597422352325,-0.1177837404583319
116,MDACC,0.7887323943661971,0.719559734005962,-0.06917266036023517
116,ISPY,0.8932806324110671,0.6238095238095238,-0.26947110860154333
116,Fixed-source-weighted,0.8157236061490231,0.6948399084977313,-0.12088369765129187
117,MDACC,0.863928748144483,0.7436647173489279,-0.12026403079555503
117,ISPY,0.7997311827956989,0.7188405797101449,-0.08089060308555396
117,Fixed-source-weighted,0.8473548668943067,0.737255871357216,-0.11009899553709071
118,MDACC,0.870578231292517,0.8154440154440155,-0.05513421584850153
118,ISPY,0.8935574229691877,0.667910447761194,-0.2256469752079937
118,Fixed-source-weighted,0.8765107677057752,0.7773552839180584,-0.09915548378771685
119,MDACC,0.8541062801932368,0.8163088267187161,-0.03779745347452068
119,ISPY,0.8906048906048906,0.8532338308457711,-0.037371059759119474
119,Fixed-source-weighted,0.8635291240576835,0.825841752620799,-0.03768737143688442
120,MDACC,0.858492102263475,0.8573376977632297,-0.0011544045002453984
120,ISPY,0.8901808785529716,0.7261904761904762,-0.1639904023624954
120,Fixed-source-weighted,0.8666731915669725,0.8234794281415059,-0.04319376342546681
121,MDACC,0.8460730446024564,0.7571428571428571,-0.08893018745959924
121,ISPY,0.9090909090909091,0.6725274725274726,-0.23656343656343648
121,Fixed-source-weighted,0.8623423625586255,0.7352977088271206,-0.12704465373150495
122,MDACC,0.8777777777777778,0.7185328185328186,-0.15924495924495918
122,ISPY,0.8844672657252889,0.6666666666666666,-0.21780059905862226
122,Fixed-source-weighted,0.8795048024439653,0.7051425374954787,-0.17436226494848658
123,MDACC,0.8919354838709678,0.7950432730133753,-0.09689221085759248
123,ISPY,0.9420689655172414,0.7504553734061931,-0.19161359211104834
123,Fixed-source-weighted,0.9048784415508881,0.7835320178860309,-0.12134642366485723
124,MDACC,0.8540010598834128,0.7625723864675403,-0.09142867341587246
124,ISPY,0.9112903225806451,0.782608695652174,-0.12868162692847118
124,Fixed-source-weighted,0.8687914250895611,0.7677451591001746,-0.10104626598938651
125,MDACC,0.8457254901960785,0.712262156448203,-0.13346333374787545
125,ISPY,0.8394557823129252,0.42063492063492064,-0.41882086167800453
125,Fixed-source-weighted,0.8441068401216696,0.6369727720388916,-0.20713406808277807
126,MDACC,0.8255395683453237,0.7096373571783408,-0.11590221116698296
126,ISPY,0.8451910408432147,0.662004662004662,-0.1831863788385527
126,Fixed-source-weighted,0.8306129877156943,0.6973400273786001,-0.13327296033709413
127,MDACC,0.8679692609548725,0.7924739195230999,-0.07549534143177261
127,ISPY,0.8703703703703703,0.784629981024668,-0.08574038934570238
127,Fixed-source-weighted,0.8685891552157363,0.7904488504336354,-0.07814030478210089
128,MDACC,0.844407622203811,0.7507451564828614,-0.0936624657209496
128,ISPY,0.8510204081632653,0.6835164835164835,-0.16750392464678177
128,Fixed-source-weighted,0.8461148447227551,0.7333887343771627,-0.11272611034559256
129,MDACC,0.8615371928088406,0.8319694489907256,-0.029567743818115
129,ISPY,0.8688311688311688,0.8068181818181818,-0.062012987012987075
129,Fixed-source-weighted,0.8634202781217946,0.8254761479886636,-0.037944130133131
130,MDACC,0.7981818181818182,0.8417794083925705,0.04359759021075227
130,ISPY,0.8508064516129032,0.7757936507936508,-0.07501280081925243
130,Fixed-source-weighted,0.811767916355203,0.8247438696660521,0.012975953310849095
131,MDACC,0.8172936003908158,0.7366430260047281,-0.08065057438608769
131,ISPY,0.9314888010540184,0.5659203980099502,-0.36556840304406824
131,Fixed-source-weighted,0.8467753678822962,0.6925675762936581,-0.15420779158863823
132,MDACC,0.8724062918340026,0.7212168895882507,-0.15118940224575195
132,ISPY,0.9571805006587615,0.7015873015873015,-0.25559319907145994
132,Fixed-source-weighted,0.8942924437854927,0.7161491201370253,-0.1781433236484674
133,MDACC,0.8628887803289367,0.8181818181818182,-0.044706962147118445
133,ISPY,0.9348118279569892,0.7144522144522144,-0.22035961350477484
133,Fixed-source-weighted,0.8814571488342183,0.7914019531666592,-0.09005519566755915
134,MDACC,0.8614437222032159,0.8146769156858035,-0.046766806517412385
134,ISPY,0.8383116883116883,0.7365967365967366,-0.1017149517149517
134,Fixed-source-weighted,0.8554717265253379,0.7945189609536588,-0.06095276557167908
135,MDACC,0.8855461085676913,0.7615499254843517,-0.1239961830833396
135,ISPY,0.9076227390180879,0.7021978021978021,-0.20542493682028573
135,Fixed-source-weighted,0.8912456308081532,0.746226991694687,-0.14501863911346624
136,MDACC,0.8427536231884057,0.8335335094883497,-0.009220113700056043
136,ISPY,0.9275641025641026,0.6639344262295082,-0.26362967633459444
136,Fixed-source-weighted,0.8646491391056609,0.789748125248322,-0.07490101385733883
137,MDACC,0.8650537634408603,0.79375,-0.07130376344086031
137,ISPY,0.8404392764857881,0.7425373134328358,-0.09790196305295229
137,Fixed-source-weighted,0.8586990429524592,0.7805284240561896,-0.0781706188962697
138,MDACC,0.879392446633826,0.7215598609041232,-0.15783258572970282
138,ISPY,0.927536231884058,0.7587301587301587,-0.16880607315389928
138,Fixed-source-weighted,0.8918217245252258,0.7311561142644396,-0.16066561026078624
139,MDACC,0.8394160583941606,0.7981920903954802,-0.04122396799868033
139,ISPY,0.8972868217054264,0.6514084507042254,-0.24587837100120102
139,Fixed-source-weighted,0.8543565495758273,0.7602969677300909,-0.09405958184573633
140,MDACC,0.8082972235596213,0.7649796393251891,-0.043317584234432216
140,ISPY,0.8728590250329381,0.756043956043956,-0.11681506898898208
140,Fixed-source-weighted,0.8249651396262621,0.7626727145565049,-0.062292425069757185
141,MDACC,0.8406054456282767,0.6988543371522095,-0.1417511084760672
141,ISPY,0.8932806324110671,0.684375,-0.2089056324110672
141,Fixed-source-weighted,0.8542045951571671,0.6951162076259856,-0.1590883875311816
142,MDACC,0.7972294372294372,0.7866987179487179,-0.010530719280719247
142,ISPY,0.8629776021080369,0.6517412935323383,-0.21123630857569853
142,Fixed-source-weighted,0.8142036366588796,0.751856768507888,-0.06234686815099168
143,MDACC,0.8488005050505051,0.7401070763500931,-0.10869342870041199
143,ISPY,0.8876623376623377,0.5362637362637362,-0.35139860139860146
143,Fixed-source-weighted,0.8588334618359128,0.6874808545630926,-0.1713526072728204
144,MDACC,0.8819951338199513,0.6608747044917258,-0.2211204293282255
144,ISPY,0.8915584415584416,0.9242424242424242,0.03268398268398265
144,Fixed-source-weighted,0.8844640923537446,0.7288683314861872,-0.1555957608675574
145,MDACC,0.8640033641715728,0.8036978756884343,-0.060305488483138436
145,ISPY,0.8716302952503209,0.7333333333333333,-0.1382969619169876
145,Fixed-source-weighted,0.865972408469681,0.7855318663876076,-0.08044054208207335
146,MDACC,0.8834841628959276,0.8455540037243948,-0.03793015917153275
146,ISPY,0.8956582633053222,0.7867063492063492,-0.10895191409897298
146,Fixed-source-weighted,0.8866271496029282,0.8303613086037229,-0.05626584099920523
147,MDACC,0.8492495464291605,0.8045206159960259,-0.04472893043313464
147,ISPY,0.8797043010752689,0.7760416666666666,-0.10366263440860224
147,Fixed-source-weighted,0.8571120484456395,0.7971682075090345,-0.05994384093660504
148,MDACC,0.8616427432216905,0.7180692501719789,-0.14357349304971168
148,ISPY,0.8503267973856209,0.6523809523809524,-0.1979458450046685
148,Fixed-source-weighted,0.8587213062247968,0.7011105066246224,-0.15761079960017438
149,MDACC,0.8523833085931057,0.8384851016429964,-0.013898206950109349
149,ISPY,0.7775537634408602,0.6176470588235294,-0.1599067046173308
149,Fixed-source-weighted,0.8330645698119705,0.7814713585621537,-0.051593211249816855
150,MDACC,0.8456686291000841,0.7839124839124839,-0.0617561451876002
150,ISPY,0.8903846153846153,0.6565464895635673,-0.23383812582104802
150,Fixed-source-weighted,0.8572129523565482,0.7510304134759989,-0.10618253888054915
151,MDACC,0.8460595160235448,0.7589807852965748,-0.08707873072697003
151,ISPY,0.8756720430107527,0.5352112676056338,-0.340460775405119
151,Fixed-source-weighted,0.853704580180373,0.7012102235397633,-0.15249435664060979
152,MDACC,0.8545981772990886,0.783806146572104,-0.07079203072698459
152,ISPY,0.8646258503401361,0.7495446265938069,-0.11508122374632912
152,Fixed-source-weighted,0.8571870209926924,0.7749608521986222,-0.08222616879407027
153,MDACC,0.8080155138978669,0.6934362934362934,-0.11457922046157343
153,ISPY,0.8969414893617021,0.7692307692307693,-0.12771072013093288
153,Fixed-source-weighted,0.83097352717121,0.7130041482982661,-0.11796937887294401
154,MDACC,0.837995337995338,0.7238134206219312,-0.11418191737340677
154,ISPY,0.863265306122449,0.6275362318840579,-0.23572907423839107
154,Fixed-source-weighted,0.8445192840150824,0.6989575450981013,-0.14556173891698115
155,MDACC,0.859631981761928,0.7997817785051827,-0.05985020325674528
155,ISPY,0.8051948051948052,0.6129032258064516,-0.19229157938835362
155,Fixed-source-weighted,0.8455779394455794,0.7515353547692358,-0.09404258467634352
156,MDACC,0.8192314035955798,0.7100267379679145,-0.10920466562766529
156,ISPY,0.813222079589217,0.5170777988614801,-0.2961442807277369
156,Fixed-source-weighted,0.8176799768096235,0.660213122969848,-0.15746685383977527
157,MDACC,0.8907312925170068,0.7618672960923157,-0.12886399642469104
157,ISPY,0.8623376623376623,0.7333333333333333,-0.129004329004329
157,Fixed-source-weighted,0.8834009108693983,0.7545006847917941,-0.12890022607760412
158,MDACC,0.8088108759249699,0.7102019407290847,-0.0986089351958852
158,ISPY,0.8477393617021277,0.6915422885572139,-0.15619707314491382
158,Fixed-source-weighted,0.8188610405537132,0.705384579547458,-0.11347646100625534
159,MDACC,0.8261151662611517,0.7620070778564206,-0.06410808840473103
159,ISPY,0.8906455862977603,0.6438492063492064,-0.24679637994855386
159,Fixed-source-weighted,0.8427749805843284,0.7315022678921398,-0.11127271269218857
160,MDACC,0.8725165562913907,0.7756572295247725,-0.09685932676661824
160,ISPY,0.8575268817204301,0.7384615384615385,-0.11906534325889162
160,Fixed-source-weighted,0.8686466729871232,0.7660544203940682,-0.10259225259305484
161,MDACC,0.8492610837438423,0.7350827866291784,-0.11417829711466398
161,ISPY,0.8722721437740694,0.7172675521821632,-0.15500459159190616
161,Fixed-source-weighted,0.8552018476078553,0.7304834287163868,-0.12471841889146834
162,MDACC,0.838265480670544,0.7561931243680485,-0.08207235630249543
162,ISPY,0.9233766233766234,0.7246376811594203,-0.19873894221720312
162,Fixed-source-weighted,0.8602386188201527,0.7480464576573242,-0.11219216116282846
163,MDACC,0.8293008361501513,0.722367655613729,-0.10693318053642231
163,ISPY,0.8812580231065469,0.5910815939278937,-0.29017642917865316
163,Fixed-source-weighted,0.8427146197107894,0.6884735416490853,-0.15424107806170415
164,MDACC,0.8914835164835165,0.7709152897980592,-0.1205682266854573
164,ISPY,0.8877551020408163,0.740625,-0.14713010204081634
164,Fixed-source-weighted,0.8905209519705319,0.7630952476606518,-0.12742570430988007
165,MDACC,0.8501298701298702,0.9020757020757021,0.05194583194583191
165,ISPY,0.8581699346405228,0.5803571428571429,-0.2778127917833799
165,Fixed-source-weighted,0.852205573059091,0.8190176426696035,-0.033187930389487495
166,MDACC,0.8343323343323343,0.7876488095238096,-0.04668352480852478
166,ISPY,0.8462033462033463,0.5737704918032787,-0.2724328544000676
166,Fixed-source-weighted,0.8373970726911903,0.7324318582168752,-0.10496521447431525
167,MDACC,0.8379310344827586,0.7504978662873399,-0.08743316819541869
167,ISPY,0.9110344827586206,0.6857142857142857,-0.22532019704433492
167,Fixed-source-weighted,0.8568041469461348,0.7337726935250155,-0.12303145342111929
168,MDACC,0.8954845256215119,0.7602376137512639,-0.13524691187024807
168,ISPY,0.8917241379310344,0.8041958041958042,-0.08752833373523028
168,Fixed-source-weighted,0.8945137065772384,0.7715862969052465,-0.12292740967199184
169,MDACC,0.8429046037019459,0.8157392253136934,-0.027165378388252504
169,ISPY,0.8251700680272109,0.7208333333333333,-0.10433673469387761
169,Fixed-source-weighted,0.8383260797859196,0.7912373773841233,-0.047088702401796245
170,MDACC,0.8534973226238286,0.8028311425682507,-0.05066618005557788
170,ISPY,0.8590250329380764,0.4444444444444444,-0.414580588493632
170,Fixed-source-weighted,0.8549244112343697,0.7103064721375949,-0.14461793909677487
171,MDACC,0.8438003220611916,0.7319920516641828,-0.1118082703970088
171,ISPY,0.9365517241379311,0.8043956043956044,-0.13215611974232666
171,Fixed-source-weighted,0.8677459454731603,0.7506844721405956,-0.11706147333256472
172,MDACC,0.8647783251231527,0.7217859220477022,-0.14299240307545047
172,ISPY,0.9159178433889602,0.8088578088578089,-0.10706003453115132
172,Fixed-source-weighted,0.8779810112113842,0.7442652653744946,-0.13371574583688958
173,MDACC,0.8446322760543743,0.7755347593582887,-0.06909751669608555
173,ISPY,0.8518518518518519,0.5842245989304813,-0.2676272529213706
173,Fixed-source-weighted,0.8464961534661415,0.7261442277445738,-0.12035192572156764
174,MDACC,0.8648148148148148,0.7413127413127413,-0.12350207350207354
174,ISPY,0.8494208494208494,0.654945054945055,-0.19447579447579444
174,Fixed-source-weighted,0.8608405557751964,0.7190152013681426,-0.1418253544070538
175,MDACC,0.8261351052048727,0.7879422718808193,-0.03819283332405332
175,ISPY,0.8158244680851063,0.696875,-0.11894946808510631
175,Fixed-source-weighted,0.8234732086935606,0.7644314402514576,-0.05904176844210296
176,MDACC,0.8071488645920942,0.8096017457719585,0.002452881179864308
176,ISPY,0.8448717948717949,0.6072916666666667,-0.2375801282051282
176,Fixed-source-weighted,0.8168877910368535,0.7573713658722263,-0.059516425164627226
177,MDACC,0.8682456140350877,0.8172043010752689,-0.05104131295981884
177,ISPY,0.8701298701298701,0.5902777777777778,-0.2798520923520923
177,Fixed-source-weighted,0.8687320723079237,0.7586186953873546,-0.11011337692056919
178,MDACC,0.8765188834154352,0.7796690307328605,-0.09684985268257462
178,ISPY,0.9047619047619048,0.5979166666666667,-0.3068452380952381
178,Fixed-source-weighted,0.8838103823905041,0.7327460347811308,-0.15106434760937337
179,MDACC,0.7926106657371906,0.6448079658605974,-0.14780269987659322
179,ISPY,0.7430830039525692,0.5074626865671642,-0.235620317385405
179,Fixed-source-weighted,0.7798241125313571,0.6093495440822274,-0.17047456844912962
180,MDACC,0.824108818011257,0.7843384544829167,-0.03977036352834029
180,ISPY,0.791025641025641,0.675,-0.11602564102564095
180,Fixed-source-weighted,0.8155677363711797,0.7561105528353664,-0.059457183535813335
181,MDACC,0.851360544217687,0.8196911196911197,-0.03166942452656729
181,ISPY,0.9261968085106383,0.5463768115942029,-0.3798199969164354
181,Fixed-source-weighted,0.8706810176789392,0.749129582633419,-0.12155143504552018
182,MDACC,0.8531183846279108,0.8107785729776621,-0.04233981165024869
182,ISPY,0.8450797872340425,0.7045454545454546,-0.14053433268858795
182,Fixed-source-weighted,0.8510430604641344,0.7833523757353602,-0.0676906847287742
183,MDACC,0.8233494363929147,0.707979407979408,-0.11537002841350674
183,ISPY,0.9209150326797385,0.6296703296703297,-0.29124470300940886
183,Fixed-source-weighted,0.8485379400094477,0.6877623583505936,-0.16077558165885403
184,MDACC,0.8511494252873564,0.767425320056899,-0.08372410523045737
184,ISPY,0.8789115646258503,0.7086247086247086,-0.17028685600114168
184,Fixed-source-weighted,0.8583167749858566,0.7522447700466276,-0.10607200493922882
185,MDACC,0.8198883815322171,0.766042780748663,-0.05384560078355405
185,ISPY,0.9123376623376623,0.743956043956044,-0.16838161838161836
185,Fixed-source-weighted,0.8437560063153223,0.7603406493544902,-0.0834153569608321
186,MDACC,0.8837719298245614,0.7988620199146514,-0.08490990990990999
186,ISPY,0.8753229974160207,0.6177156177156177,-0.25760737970040304
186,Fixed-source-weighted,0.8815906694968663,0.7520954650985611,-0.12949520439830525
187,MDACC,0.840311986863711,0.6943833943833944,-0.14592859248031664
187,ISPY,0.857707509881423,0.6916508538899431,-0.1660566559914799
187,Fixed-source-weighted,0.8448029879042315,0.6936779345827975,-0.15112505332143394
188,MDACC,0.7903762903762904,0.7853281853281854,-0.005048105048105045
188,ISPY,0.9050064184852374,0.6016042780748663,-0.30340214041037117
188,Fixed-source-weighted,0.8199703430580121,0.7378961962006946,-0.08207414685731755
189,MDACC,0.8441669517618885,0.820925925925926,-0.023241025835962548
189,ISPY,0.8528225806451613,0.6015873015873016,-0.2512352790578597
189,Fixed-source-weighted,0.8464015749049557,0.7642992876162811,-0.08210228728867455
190,MDACC,0.8655984303466318,0.7595245352026821,-0.1060738951439496
190,ISPY,0.9056482670089859,0.5868421052631579,-0.318806161745828
190,Fixed-source-weighted,0.8759380940601154,0.7149431235516286,-0.16099497050848685
191,MDACC,0.8591397849462366,0.7113684852179214,-0.14777129972831515
191,ISPY,0.8625850340136054,0.7375621890547264,-0.12502284495887905
191,Fixed-source-weighted,0.8600292446727795,0.7181309120254626,-0.14189833264731694
192,MDACC,0.8816326530612245,0.7313339581380819,-0.15029869492314263
192,ISPY,0.8830065359477124,0.6398305084745762,-0.24317602747313616
192,Fixed-source-weighted,0.8819873483162328,0.7077105185190723,-0.17427682979716058
193,MDACC,0.8800034211426616,0.779196157735086,-0.10080726340757562
193,ISPY,0.8487394957983193,0.6320582877959927,-0.2166812080023266
193,Fixed-source-weighted,0.8719320155799066,0.7412095834697646,-0.13072243211014206
194,MDACC,0.8602631578947368,0.7441826643397323,-0.1160804935550045
194,ISPY,0.8237179487179487,0.653125,-0.17059294871794872
194,Fixed-source-weighted,0.8508282836301412,0.7206743130886251,-0.13015397054151626
195,MDACC,0.83526814911707,0.7951824004455583,-0.04008574867151171
195,ISPY,0.8494208494208494,0.6736111111111112,-0.17580973830973823
195,Fixed-source-weighted,0.8389219508294837,0.7637963486239201,-0.07512560220556366
196,MDACC,0.8494363929146538,0.7445197740112994,-0.10491661890335435
196,ISPY,0.8456072351421189,0.5929791271347249,-0.252628108007394
196,Fixed-source-weighted,0.8484478195027902,0.7053965351117917,-0.14305128439099857
197,MDACC,0.8490846115784265,0.7369067103109657,-0.11217790126746086
197,ISPY,0.9320512820512821,0.7003642987249544,-0.23168698332632764
197,Fixed-source-weighted,0.8705041114717456,0.7274725583001981,-0.1430315531715474
198,MDACC,0.8138014111168473,0.7250931098696461,-0.0887083012472012
198,ISPY,0.8158620689655173,0.782608695652174,-0.033253373313343326
198,Fixed-source-weighted,0.8143334110189551,0.7399419048919328,-0.0743915061270222
199,MDACC,0.839023585683655,0.7838097525822724,-0.055213833101382614
199,ISPY,0.8741496598639455,0.7039800995024875,-0.17016956036145803
199,Fixed-source-weighted,0.8480920819589588,0.7632001362642888,-0.08489194569467007
200,MDACC,0.8704433497536945,0.8169589238529906,-0.0534844259007039
200,ISPY,0.9214929214929215,0.697632058287796,-0.22386086320512555
200,Fixed-source-weighted,0.8836228143530375,0.7861523147691659,-0.09747049958387158
201,MDACC,0.8846153846153846,0.7431145431145432,-0.1415008415008414
201,ISPY,0.8833333333333333,0.6408730158730159,-0.24246031746031738
201,Fixed-source-weighted,0.8842843975196917,0.7167188547090508,-0.1675655428106408
202,MDACC,0.8739662849872774,0.7346000993541977,-0.13936618563307968
202,ISPY,0.8452380952380952,0.7738927738927739,-0.07134532134532134
202,Fixed-source-weighted,0.8665495301173906,0.7447442865716734,-0.12180524354571724
203,MDACC,0.8522746490783021,0.817258883248731,-0.03501576582957111
203,ISPY,0.7882758620689655,0.7192513368983957,-0.06902452517056978
203,Fixed-source-weighted,0.8357520864190289,0.791956281413187,-0.043795805005842015
204,MDACC,0.8301539491298527,0.7203179334326876,-0.10983601569716517
204,ISPY,0.8923076923076924,0.6252371916508539,-0.26707050065683846
204,Fixed-source-weighted,0.8462001769437395,0.6957709445412992,-0.15042923240244033
205,MDACC,0.7863182817520717,0.7575884154831524,-0.02872986626891938
205,ISPY,0.8603603603603603,0.6444444444444445,-0.21591591591591586
205,Fixed-source-weighted,0.8054337203470221,0.72837804387512,-0.07705567647190213
206,MDACC,0.8633624107850912,0.785270740188773,-0.07809167059631827
206,ISPY,0.8551282051282051,0.7517543859649123,-0.1033738191632928
206,Fixed-source-weighted,0.8612365864488364,0.7766178252094103,-0.08461876123942608
207,MDACC,0.8453735774369124,0.8450039339103068,-0.00036964352660562305
207,ISPY,0.9040816326530612,0.7097902097902098,-0.1942914228628514
207,Fixed-source-weighted,0.8605302322149379,0.8100958155917197,-0.0504344166232181
208,MDACC,0.8469587965990844,0.75,-0.09695879659908435
208,ISPY,0.8491655969191271,0.6200396825396826,-0.22912591437944452
208,Fixed-source-weighted,0.8475285260934745,0.7164481533354083,-0.13108037275806625
209,MDACC,0.8038118410381184,0.7717020718594283,-0.03210976917869013
209,ISPY,0.8780487804878049,0.6631701631701632,-0.21487861731764168
209,Fixed-source-weighted,0.8229775868437564,0.7436823960867096,-0.07929519075704691
210,MDACC,0.8451213216313888,0.7995529061102832,-0.045568415521105576
210,ISPY,0.8980519480519481,0.7188405797101449,-0.17921136834180318
210,Fixed-source-weighted,0.8587864179948665,0.778715410078875,-0.08007100791599156
211,MDACC,0.7978102189781022,0.8275960170697013,0.02978579809159909
211,ISPY,0.773936170212766,0.5808457711442786,-0.19309039906848735
211,Fixed-source-weighted,0.7916466573687508,0.763892522206602,-0.027754135162148724
212,MDACC,0.8201385452746165,0.8339243498817966,0.013785804607180152
212,ISPY,0.8942577030812325,0.7318840579710145,-0.162373645110218
212,Fixed-source-weighted,0.8392738834011612,0.8075806143884903,-0.03169326901267101
213,MDACC,0.8327697262479871,0.7290415565697814,-0.10372816967820564
213,ISPY,0.903921568627451,0.7857142857142857,-0.11820728291316529
213,Fixed-source-weighted,0.8511389927446461,0.7436727513489182,-0.10746624139572791
214,MDACC,0.846903096903097,0.7678249678249678,-0.07907812907812917
214,ISPY,0.889102564102564,0.6622807017543859,-0.22682186234817814
214,Fixed-source-weighted,0.8577977305918484,0.7405766115518437,-0.11722111904000457
215,MDACC,0.8701429772918419,0.7161274014155713,-0.15401557587627057
215,ISPY,0.8647058823529412,0.6445221445221445,-0.2201837378307967
215,Fixed-source-weighted,0.8687392828468316,0.6976410769234774,-0.17109820592335412
216,MDACC,0.8753159985554352,0.8012063991607657,-0.07410959939466943
216,ISPY,0.918010752688172,0.5769230769230769,-0.34108767576509513
216,Fixed-source-weighted,0.8863385004393771,0.7433031885177024,-0.14303531192167476
217,MDACC,0.8069925644676476,0.8042364990689013,-0.002756065398746288
217,ISPY,0.8179487179487179,0.6114583333333333,-0.2064903846153846
217,Fixed-source-weighted,0.809821113895767,0.7544669726208298,-0.055354141274937235
218,MDACC,0.8851709195955705,0.7544632768361582,-0.13070764275941227
218,ISPY,0.8777348777348777,0.7874331550802139,-0.09030172265466374
218,Fixed-source-weighted,0.8832511571544113,0.7629751081475321,-0.12027604900687916
219,MDACC,0.8538277511961723,0.8194139194139194,-0.03441383178225288
219,ISPY,0.803921568627451,0.32028985507246377,-0.48363171355498724
219,Fixed-source-weighted,0.8409434753042475,0.6905550923453737,-0.15038838295887386
220,MDACC,0.8568637029799707,0.7908424908424908,-0.06602121213747991
220,ISPY,0.7635658914728682,0.7516483516483516,-0.011917539824516599
220,Fixed-source-weighted,0.8327770130810783,0.7807237424884483,-0.05205327059262991
221,MDACC,0.8594765651727677,0.7445001392369813,-0.11497642593578639
221,ISPY,0.8562091503267973,0.662004662004662,-0.19420448832213533
221,Fixed-source-weighted,0.8586330168955401,0.7232022872717747,-0.13543072962376537
222,MDACC,0.8403081914030819,0.7493680485338726,-0.09094014286920926
222,ISPY,0.8903846153846153,0.6854166666666667,-0.20496794871794866
222,Fixed-source-weighted,0.8532364185094254,0.732857724457045,-0.12037869405238055
223,MDACC,0.8180985680985681,0.7885806007796377,-0.029517967318930416
223,ISPY,0.8857509627727856,0.5746812386156649,-0.31106972415712075
223,Fixed-source-weighted,0.8355643824098857,0.7333582164301153,-0.1022061659797704
224,MDACC,0.8973393574297188,0.8468397587201678,-0.05049959870955101
224,ISPY,0.8411764705882353,0.571875,-0.2693014705882353
224,Fixed-source-weighted,0.88283978860463,0.775852124932935,-0.10698766367169499
225,MDACC,0.8497584541062801,0.7941388421811194,-0.05561961192516074
225,ISPY,0.9018445322793149,0.596875,-0.3049695322793149
225,Fixed-source-weighted,0.8632055135038939,0.7432112489382815,-0.11999426456561231
226,MDACC,0.856349873843566,0.7961806389622869,-0.06016923488127912
226,ISPY,0.7606837606837606,0.7428842504743833,-0.01779951020937731
226,Fixed-source-weighted,0.8316517596617863,0.782421113829789,-0.04923064583199728
227,MDACC,0.8400161030595813,0.7607464607464608,-0.0792696423131205
227,ISPY,0.9,0.8427083333333333,-0.05729166666666674
227,Fixed-source-weighted,0.8555021418121731,0.7819065520352285,-0.07359558977694454
228,MDACC,0.8602254428341385,0.7068376068376069,-0.1533878359965316
228,ISPY,0.8738738738738738,0.6157635467980296,-0.25811032707584425
228,Fixed-source-weighted,0.8637490573836127,0.6833250227097422,-0.1804240346738705
229,MDACC,0.8478507704785077,0.7867647058823529,-0.06108606459615473
229,ISPY,0.8487903225806451,0.7072192513368984,-0.14157107124374668
229,Fixed-source-weighted,0.8480933345833079,0.7662284610814023,-0.0818648735019056
230,MDACC,0.8463203463203464,0.7354064375340971,-0.1109139087862493
230,ISPY,0.9371794871794872,0.5571095571095571,-0.38006993006993006
230,Fixed-source-weighted,0.8697774447774448,0.6893755435682845,-0.18040190120916033
231,MDACC,0.8334680025856497,0.8045454545454546,-0.028922548040195117
231,ISPY,0.8802721088435375,0.8153846153846154,-0.06488749345892209
231,Fixed-source-weighted,0.8455514156391568,0.8073437999908589,-0.03820761564829783
232,MDACC,0.8378354978354978,0.7997326203208556,-0.03810287751464225
232,ISPY,0.8730769230769231,0.784629981024668,-0.08844694205225512
232,Fixed-source-weighted,0.8469337742867156,0.7958335729208594,-0.05110020136585604
233,MDACC,0.8177339901477833,0.7486619567544422,-0.069072033393341
233,ISPY,0.9005270092226614,0.6328273244781784,-0.267699684744483
233,Fixed-source-weighted,0.8391086584710361,0.7187569373105702,-0.12035172116046591
234,MDACC,0.8500264970853206,0.7808594940566901,-0.06916700302863055
234,ISPY,0.7403846153846154,0.560515873015873,-0.1798687423687424
234,Fixed-source-weighted,0.8217202596527856,0.7239733958141262,-0.09774686383865944
235,MDACC,0.8040350877192982,0.8080378250591016,0.004002737339803386
235,ISPY,0.8055555555555556,0.786096256684492,-0.01945929887106357
235,Fixed-source-weighted,0.8044276268012078,0.8023731717859182,-0.002054455015289717
236,MDACC,0.8196954484605087,0.7755224597645929,-0.044172988695915794
236,ISPY,0.9069767441860465,0.6867030965391621,-0.2202736476468844
236,Fixed-source-weighted,0.842228854873311,0.7525919705658706,-0.08963688430744038
237,MDACC,0.8513444951801116,0.8064297800338409,-0.044914715146270656
237,ISPY,0.9155585106382979,0.7342657342657343,-0.18129277637256358
237,Fixed-source-weighted,0.8679226233539572,0.7877991930544932,-0.08012343029946394
238,MDACC,0.8381642512077294,0.7747252747252747,-0.06343897648245467
238,ISPY,0.8266129032258065,0.5802197802197803,-0.24639312300602623
238,Fixed-source-weighted,0.8351820404542265,0.7245098039215687,-0.11067223653265779
239,MDACC,0.8815402223675605,0.8096045197740113,-0.0719357025935492
239,ISPY,0.8673076923076923,0.6803482587064676,-0.1869594336012247
239,Fixed-source-weighted,0.877865811012235,0.7762344393023253,-0.10163137170990988
240,MDACC,0.8367000646412411,0.7647361647361647,-0.07196389990507646
240,ISPY,0.8207547169811321,0.6736111111111112,-0.14714360587002095
240,Fixed-source-weighted,0.8325834552780105,0.7412104155976705,-0.09137303968033991
241,MDACC,0.872280701754386,0.8151866151866152,-0.05709408656777082
241,ISPY,0.8268733850129198,0.6108374384236454,-0.2160359465892745
241,Fixed-source-weighted,0.8605578977590401,0.7624298015778747,-0.09812809618116557
242,MDACC,0.8643721386527142,0.7978142076502732,-0.066557931002441
242,ISPY,0.8803191489361702,0.7012750455373407,-0.1790441033988296
242,Fixed-source-weighted,0.8684891772553058,0.7728906984773266,-0.09559847877797925
243,MDACC,0.8078539107950873,0.7831402831402832,-0.024713627654804116
243,ISPY,0.8183006535947712,0.7637362637362637,-0.054564389858507534
243,Fixed-source-weighted,0.8105509457008881,0.7781307487189841,-0.03242019698190402
244,MDACC,0.8521212121212122,0.7358007448789572,-0.11632046724225498
244,ISPY,0.7790849673202614,0.6125,-0.1665849673202614
244,Fixed-source-weighted,0.8332654495745615,0.7039681996324291,-0.12929724994213246
245,MDACC,0.8222488038277512,0.7684684684684685,-0.05378033535928273
245,ISPY,0.8445322793148881,0.6923076923076923,-0.15222458700719577
245,Fixed-source-weighted,0.828001727237829,0.7488060458648694,-0.07919568137295963
246,MDACC,0.8192446043165468,0.7956264775413712,-0.023618126775175607
246,ISPY,0.8178294573643411,0.6791044776119403,-0.13872497975240083
246,Fixed-source-weighted,0.8188792559203891,0.765544000435407,-0.05333525548498212
247,MDACC,0.8366477272727273,0.7900710846136207,-0.04657664265910655
247,ISPY,0.9038208168642952,0.7263736263736263,-0.17744719049066882
247,Fixed-source-weighted,0.8539897994221843,0.773626315983034,-0.0803634834391504
248,MDACC,0.8149650127226463,0.7498033044846577,-0.06516170823798861
248,ISPY,0.8347578347578347,0.5314685314685315,-0.30328930328930326
248,Fixed-source-weighted,0.8200749242938224,0.693435830405331,-0.12663909388849143
249,MDACC,0.8790476190476191,0.8223636800384339,-0.056683939009185225
249,ISPY,0.8902597402597403,0.7065934065934066,-0.18366633366633367
249,Fixed-source-weighted,0.8819422516481341,0.7924752761098157,-0.08946697553831834
250,MDACC,0.868292297979798,0.7877068557919622,-0.08058544218783581
250,ISPY,0.9069319640564827,0.6703980099502488,-0.2365339541062339
250,Fixed-source-weighted,0.8782678980453473,0.757421238728252,-0.12084665931709546
251,MDACC,0.8696428571428572,0.7457382638342512,-0.12390459330860593
251,ISPY,0.9354005167958657,0.6946386946386947,-0.240761822157171
251,Fixed-source-weighted,0.8866195078375881,0.7325458913948756,-0.1540736164427126
252,MDACC,0.8513036164844408,0.8161947342275211,-0.03510888225691966
252,ISPY,0.829655172413793,0.7027972027972028,-0.12685796961659024
252,Fixed-source-weighted,0.8457146390936527,0.7869189009497592,-0.05879573814389344
253,MDACC,0.8366311516996449,0.7701285077366903,-0.06650264396295458
253,ISPY,0.9428571428571428,0.672463768115942,-0.27039337474120084
253,Fixed-source-weighted,0.8640555088939009,0.7449144082921181,-0.11914110060178287
254,MDACC,0.8283582089552238,0.693951093951094,-0.13440711500412983
254,ISPY,0.8170731707317073,0.6612903225806451,-0.15578284815106214
254,Fixed-source-weighted,0.8254447513746428,0.6855190647410762,-0.1399256866335666
255,MDACC,0.8243771372740596,0.7351876234364714,-0.08918951383758822
255,ISPY,0.8921188630490956,0.7777777777777778,-0.11434108527131781
255,Fixed-source-weighted,0.841866014189837,0.7461831207990963,-0.09568289339074064
256,MDACC,0.8652499592900179,0.7181547619047619,-0.147095197385256
256,ISPY,0.875,0.5559701492537313,-0.31902985074626866
256,Fixed-source-weighted,0.8677671266628564,0.6762835710569468,-0.19148355560590963
257,MDACC,0.8156806615776081,0.7448955080470814,-0.07078515353052672
257,ISPY,0.8249299719887955,0.7083333333333334,-0.1165966386554621
257,Fixed-source-weighted,0.8180685554419342,0.7354562537909177,-0.08261230165101659
258,MDACC,0.8653846153846154,0.735462150581514,-0.12992246480310143
258,ISPY,0.8911111111111111,0.565625,-0.32548611111111103
258,Fixed-source-weighted,0.8720264231048546,0.6916153045163519,-0.18041111858850262
259,MDACC,0.8410725964682799,0.7305119255381035,-0.11056067093017641
259,ISPY,0.9123847167325428,0.7785547785547785,-0.13382993817776434
259,Fixed-source-weighted,0.8594832418959819,0.7429151457613627,-0.11656809613461905
260,MDACC,0.8491228070175438,0.7840677966101695,-0.06505501040737438
260,ISPY,0.9244897959183673,0.8224206349206349,-0.10206916099773244
260,Fixed-source-weighted,0.8685802976161224,0.7939693463700609,-0.0746109512460616
261,MDACC,0.8111056831134994,0.7481041456016178,-0.06300153751188164
261,ISPY,0.7619047619047619,0.6547619047619048,-0.1071428571428571
261,Fixed-source-weighted,0.7984034845007862,0.7240059853848292,-0.07439749911595701
262,MDACC,0.8375391720270493,0.7463346814964611,-0.09120449053058821
262,ISPY,0.8896276595744681,0.7045454545454546,-0.1850822050290135
262,Fixed-source-weighted,0.8509868534526901,0.7355459595058418,-0.11544089394684835
263,MDACC,0.861504640937958,0.784757330637007,-0.07674731030095094
263,ISPY,0.8945868945868946,0.6590909090909091,-0.2354959854959855
263,Fixed-source-weighted,0.8700454842002652,0.7523140387999425,-0.11773144540032263
264,MDACC,0.8581508515815085,0.7935164835164835,-0.06463436806502498
264,ISPY,0.8876329787234043,0.6945054945054945,-0.19312748421790982
264,Fixed-source-weighted,0.8657622504187954,0.767954822954823,-0.09780742746397239
265,MDACC,0.8323367808661927,0.7434542397309633,-0.08888254113522942
265,ISPY,0.8415584415584415,0.6468253968253969,-0.19473304473304465
265,Fixed-source-weighted,0.8347175364043877,0.7185075776736439,-0.11620995873074383
266,MDACC,0.8628548256285482,0.8002364066193853,-0.06261841900916287
266,ISPY,0.861038961038961,0.5947176684881603,-0.2663212925508007
266,Fixed-source-weighted,0.8623860239861385,0.7471776474286443,-0.11520837655749422
267,MDACC,0.8127861347285807,0.7071823204419889,-0.10560381428659182
267,ISPY,0.8903448275862069,0.6968253968253968,-0.19351943076081013
267,Fixed-source-weighted,0.8328094573944385,0.7045084741488165,-0.12830098324562206
268,MDACC,0.8061224489795918,0.8161552583267768,0.010032809347184979
268,ISPY,0.918218085106383,0.7729166666666667,-0.14530141843971633
268,Fixed-source-weighted,0.8350621720319334,0.804992353943938,-0.030069818087995425
269,MDACC,0.8277310924369747,0.783615221987315,-0.0441158704496597
269,ISPY,0.8210594315245479,0.6578947368421053,-0.16316469468244255
269,Fixed-source-weighted,0.8260086701752698,0.7511579725544015,-0.07485069762086835
270,MDACC,0.8380556912554958,0.7895357985837923,-0.048519892671703535
270,ISPY,0.8521505376344086,0.6940993788819876,-0.15805115875242104
270,Fixed-source-weighted,0.841694556823908,0.7648969843470519,-0.07679757247685609
271,MDACC,0.8672274451591622,0.6637590520079,-0.2034683931512622
271,ISPY,0.7975326560232221,0.7114583333333333,-0.0860743226898888
271,Fixed-source-weighted,0.8492343460031515,0.676073572350087,-0.1731607736530645
272,MDACC,0.8903065451532726,0.7636388434260775,-0.1266677017271951
272,ISPY,0.8669354838709677,0.4976689976689977,-0.36926648620197006
272,Fixed-source-weighted,0.8842728397895403,0.6949734257306223,-0.18929941405891804
273,MDACC,0.8477398889770024,0.7671122994652406,-0.08062758951176174
273,ISPY,0.8869509043927648,0.573055028462998,-0.31389587592976675
273,Fixed-source-weighted,0.8578629942640783,0.7170125464940734,-0.14085044777000488
274,MDACC,0.8582001682085786,0.8019457122267596,-0.056254455981818996
274,ISPY,0.8331168831168831,0.6666666666666666,-0.16645021645021651
274,Fixed-source-weighted,0.8517244181358861,0.7670207298762781,-0.0847036882596079
275,MDACC,0.8707931675968206,0.7927927927927928,-0.07800037480402777
275,ISPY,0.8938172043010753,0.7016317016317016,-0.19218550266937362
275,Fixed-source-weighted,0.876737281647919,0.7692577398459752,-0.10747954180194387
276,MDACC,0.8682151182151182,0.7817679558011049,-0.08644716241401329
276,ISPY,0.8974025974025974,0.5209790209790209,-0.3764235764235765
276,Fixed-source-weighted,0.8757504478092715,0.7144400935431159,-0.16131035426615542
277,MDACC,0.8860441767068273,0.776963728080711,-0.10908044862611632
277,ISPY,0.9339869281045752,0.6189839572192514,-0.3150029708853238
277,Fixed-source-weighted,0.8984215537016708,0.7361781009628833,-0.16224345273878754
278,MDACC,0.8315420941214786,0.783022907300364,-0.04851918682111467
278,ISPY,0.8761528326745718,0.6791044776119403,-0.19704835506263152
278,Fixed-source-weighted,0.8430592455779962,0.7561942930997578,-0.0868649524782383
279,MDACC,0.8691774891774892,0.8102824858757062,-0.05889500330178299
279,ISPY,0.9065860215053764,0.5793650793650794,-0.32722094214029696
279,Fixed-source-weighted,0.8788352475235777,0.7506665541294986,-0.1281686933940791
280,MDACC,0.848384424192212,0.8322192513368984,-0.016165172855313603
280,ISPY,0.8872549019607843,0.7549603174603174,-0.13229458450046683
280,Fixed-source-weighted,0.8584196128971703,0.812273317427585,-0.04614629546958519
281,MDACC,0.8138739618954568,0.7272497472194136,-0.0866242146760432
281,ISPY,0.8455598455598455,0.6124401913875598,-0.23311965417228575
281,Fixed-source-weighted,0.8220543044101193,0.6976093716941965,-0.12444493271592282
282,MDACC,0.8046396023198011,0.723196881091618,-0.08144272122818319
282,ISPY,0.8608870967741935,0.5978021978021978,-0.2630848989719957
282,Fixed-source-weighted,0.8191610142867848,0.6908237439025193,-0.1283372703842655
283,MDACC,0.849563838223632,0.8129426129426129,-0.036621225281019076
283,ISPY,0.862987012987013,0.7194899817850637,-0.14349703120194923
283,Fixed-source-weighted,0.8530292983749624,0.7888159532646837,-0.06421334511027883
284,MDACC,0.7803827751196172,0.7437352245862884,-0.0366475505333288
284,ISPY,0.8884408602150538,0.5978260869565217,-0.290614773258532
284,Fixed-source-weighted,0.8082801238860862,0.7060658720609565,-0.10221425182512964
285,MDACC,0.8220853858784893,0.7402197802197802,-0.08186560565870915
285,ISPY,0.8169515669515669,0.6102003642987249,-0.20675120265284197
285,Fixed-source-weighted,0.8207599881816696,0.7066526761094425,-0.1141073120722271
286,MDACC,0.8884178531434971,0.830170550084074,-0.05824730305942305
286,ISPY,0.9062068965517242,0.735632183908046,-0.17057471264367818
286,Fixed-source-weighted,0.8930104493175165,0.8057635862673871,-0.08724686305012944
287,MDACC,0.8529857022708158,0.805448717948718,-0.04753698432209785
287,ISPY,0.7972074468085106,0.5604395604395604,-0.2367678863689502
287,Fixed-source-weighted,0.8385854337037502,0.7421947197682492,-0.09639071393550092
288,MDACC,0.8674611773203322,0.8141186299081036,-0.05334254741222866
288,ISPY,0.8854568854568855,0.7377049180327869,-0.14775196742409857
288,Fixed-source-weighted,0.8721071281137561,0.7943909069076134,-0.0777162212061428
289,MDACC,0.8728991596638656,0.6979905437352246,-0.17490861592864093
289,ISPY,0.938562091503268,0.578088578088578,-0.3604735134146899
289,Fixed-source-weighted,0.8898513544851492,0.6670354611009597,-0.22281589338418956
290,MDACC,0.8571658615136876,0.7408983451536643,-0.1162675163600233
290,ISPY,0.9124649859943977,0.5936507936507937,-0.3188141923436041
290,Fixed-source-weighted,0.8714424328665507,0.7028834544061912,-0.16855897846035953
291,MDACC,0.8684597776324395,0.7990231990231991,-0.06943657860924046
291,ISPY,0.8352685050798259,0.8206349206349206,-0.014633584444905257
291,Fixed-source-weighted,0.8598907889668955,0.8046026957791664,-0.055288093187729086
292,MDACC,0.8825924116593389,0.733570412517781,-0.1490219991415579
292,ISPY,0.9102393617021277,0.8219780219780219,-0.08826133972410577
292,Fixed-source-weighted,0.8897300229448956,0.7563945992738563,-0.1333354236710392
293,MDACC,0.82992700729927,0.7752642706131079,-0.05466273668616217
293,ISPY,0.8851091142490373,0.5697916666666667,-0.31531744758237057
293,Fixed-source-weighted,0.8441733682438178,0.7222174218818371,-0.12195594636198069
294,MDACC,0.8351406569228351,0.7475748194014448,-0.08756583752139036
294,ISPY,0.8811369509043928,0.6195445920303605,-0.2615923588740323
294,Fixed-source-weighted,0.8470155171337601,0.7145212639690407,-0.1324942531647195
295,MDACC,0.8435730935730936,0.7687943262411348,-0.07477876733195887
295,ISPY,0.9047619047619048,0.6929824561403509,-0.21177944862155385
295,Fixed-source-weighted,0.8593702049584403,0.7492219806922396,-0.11014822426620072
296,MDACC,0.9046635690930993,0.7726199842643587,-0.13204358482874057
296,ISPY,0.8812580231065469,0.7142857142857143,-0.16697230882083258
296,Fixed-source-weighted,0.8986209608155253,0.7575598295966696,-0.14106113121885583
297,MDACC,0.8665677057562263,0.7303475935828877,-0.13622011217333863
297,ISPY,0.8993464052287582,0.7701754385964912,-0.12917096663226701
297,Fixed-source-weighted,0.8750301804566513,0.7406299457269225,-0.13440023472972862
298,MDACC,0.8621530698065601,0.7485815602836879,-0.1135715095228722
298,ISPY,0.8105053191489362,0.6944444444444444,-0.11606087470449178
298,Fixed-source-weighted,0.8488191733949514,0.734604984625844,-0.11421418876910733
299,MDACC,0.8760358532048029,0.7920302501454334,-0.08400560305936955
299,ISPY,0.869281045751634,0.6602914389799636,-0.20898960677167044
299,Fixed-source-weighted,0.874291965006109,0.7580192498772238,-0.11627271512888515
300,MDACC,0.8431419457735247,0.7067809239940388,-0.13636102177948595
300,ISPY,0.7985842985842986,0.7375776397515528,-0.06100665883274581
300,Fixed-source-weighted,0.8316385009109467,0.7147317100882989,-0.11690679082264781
301,MDACC,0.8611419508326725,0.7768131868131868,-0.08432876401948575
301,ISPY,0.85359477124183,0.6025641025641025,-0.2510306686777275
301,Fixed-source-weighted,0.8591934959709845,0.7318273121214298,-0.12736618384955473
302,MDACC,0.9018987341772152,0.8526737967914438,-0.04922493738577138
302,ISPY,0.8125802310654685,0.6802232854864434,-0.1323569455790251
302,Fixed-source-weighted,0.8788393820666663,0.8081522595591071,-0.07068712250755911
303,MDACC,0.8522108843537415,0.800354609929078,-0.05185627442466345
303,ISPY,0.9108527131782945,0.6197916666666666,-0.2910610465116279
303,Fixed-source-weighted,0.8673504414685771,0.7537386866685208,-0.11361175480005624
304,MDACC,0.8110702287633978,0.7525913802509547,-0.058478848512443116
304,ISPY,0.8875181422351234,0.7535211267605634,-0.13399701547456
304,Fixed-source-weighted,0.8308067815877976,0.7528314128465727,-0.07797536874122493
305,MDACC,0.8461477614301535,0.7477718360071302,-0.09837592542302331
305,ISPY,0.8490196078431372,0.8797101449275362,0.03069053708439895
305,Fixed-source-weighted,0.8468891858308911,0.7818343405976925,-0.06505484523319861
306,MDACC,0.8677952755905511,0.7242604907131391,-0.143534784877412
306,ISPY,0.8803763440860215,0.7380952380952381,-0.14228110599078336
306,Fixed-source-weighted,0.8710433292217348,0.7278322065405438,-0.1432111226811909
307,MDACC,0.8666666666666667,0.8334725703146756,-0.03319409635199111
307,ISPY,0.9179487179487179,0.7668488160291439,-0.151099901919574
307,Fixed-source-weighted,0.8799061504943858,0.8162723200252737,-0.06363383046911218
308,MDACC,0.813936063936064,0.7710401891252955,-0.04289587481076851
308,ISPY,0.8837209302325582,0.6604395604395604,-0.22328136979299773
308,Fixed-source-weighted,0.8319524183067276,0.7424864320462985,-0.089465986260429
309,MDACC,0.8439351690484489,0.734850640113798,-0.10908452893465093
309,ISPY,0.8934640522875817,0.7239089184060721,-0.16955513388150967
309,Fixed-source-weighted,0.856722037597114,0.7320258165356596,-0.12469622106145434
310,MDACC,0.8440120234140168,0.7706159960258321,-0.07339602738818474
310,ISPY,0.9346153846153846,0.5486111111111112,-0.38600427350427347
310,Fixed-source-weighted,0.8674030872535857,0.7133010093975218,-0.15410207785606386
311,MDACC,0.8875598086124402,0.8078529657477026,-0.07970684286473761
311,ISPY,0.8952569169960475,0.7857142857142857,-0.10954263128176178
311,Fixed-source-weighted,0.8895469705807573,0.802137424170448,-0.08740954641030922
312,MDACC,0.8775937081659974,0.7382445141065831,-0.13934919405941426
312,ISPY,0.7986928104575164,0.6107226107226107,-0.1879701997349057
312,Fixed-source-weighted,0.8572238685615203,0.7053221926447079,-0.15190167591681236
313,MDACC,0.8505420753742902,0.687001287001287,-0.16354078837300312
313,ISPY,0.9255599472990778,0.5909090909090909,-0.3346508563899868
313,Fixed-source-weighted,0.8699094344659837,0.6621931710167005,-0.20771626344928323
314,MDACC,0.8849453322119428,0.8631578947368421,-0.0217874374751007
314,ISPY,0.8646723646723646,0.6527777777777778,-0.21189458689458684
314,Fixed-source-weighted,0.8797114615072805,0.808844073691855,-0.07086738781542556
315,MDACC,0.8568931068931069,0.7552747252747253,-0.10161838161838166
315,ISPY,0.8762820512820513,0.7131578947368421,-0.16312415654520918
315,Fixed-source-weighted,0.8618987493987494,0.744401425887494,-0.11749732351125544
316,MDACC,0.8479474548440066,0.7473262032085561,-0.10062125163545044
316,ISPY,0.8261437908496732,0.650497512437811,-0.1756462784118622
316,Fixed-source-weighted,0.8423184043356656,0.7223279464409456,-0.11999045789472015
317,MDACC,0.8634453781512605,0.8191176470588235,-0.04432773109243704
317,ISPY,0.8610248447204969,0.721875,-0.13914984472049685
317,Fixed-source-weighted,0.8628204691936452,0.7940125192233757,-0.06880794997026948
318,MDACC,0.8666666666666667,0.8752895752895753,0.008622908622908598
318,ISPY,0.7696551724137931,0.6956521739130435,-0.07400299850074965
318,Fixed-source-weighted,0.8416212155360229,0.8289125991172027,-0.012708616418820165
319,MDACC,0.8316421444275326,0.7909782323629688,-0.04066391206456377
319,ISPY,0.9381720430107527,0.7238805970149254,-0.2142914459958274
319,Fixed-source-weighted,0.8591449613820241,0.7736556402306309,-0.08548932115139327
320,MDACC,0.8830049261083743,0.7803418803418803,-0.10266304576649399
320,ISPY,0.8882978723404256,0.7807486631016043,-0.10754920923882128
320,Fixed-source-weighted,0.8843714056911588,0.7804468994203713,-0.10392450627078764
321,MDACC,0.8261118378024853,0.7846846846846847,-0.04142715311780065
321,ISPY,0.8564935064935065,0.7144927536231884,-0.1420007528703181
321,Fixed-source-weighted,0.8339554712227163,0.7665632384302461,-0.0673922327924702
322,MDACC,0.8581932773109243,0.7554347826086957,-0.10275849470222864
322,ISPY,0.8951724137931034,0.5949197860962567,-0.3002526276968467
322,Fixed-source-weighted,0.8677401785595915,0.7139946364502556,-0.15374554210933594
323,MDACC,0.8310535743364272,0.8278777959629023,-0.0031757783735248957
323,ISPY,0.8830065359477124,0.6252747252747253,-0.2577318106729871
323,Fixed-source-weighted,0.8444662670399944,0.7755717744453664,-0.06889449259462789
324,MDACC,0.8464641670621738,0.8201100664985095,-0.026354100563664273
324,ISPY,0.8762820512820513,0.6944444444444444,-0.18183760683760686
324,Fixed-source-weighted,0.8541622482823382,0.7876669810662509,-0.06649526721608737
325,MDACC,0.8363095238095238,0.7440898345153665,-0.09221968929415736
325,ISPY,0.8512987012987013,0.6319444444444444,-0.2193542568542569
325,Fixed-source-weighted,0.8401792787822201,0.7151372664905207,-0.12504201229169942
326,MDACC,0.8214104515474379,0.7840288127173373,-0.037381638830100594
326,ISPY,0.9115384615384615,0.6956521739130435,-0.21588628762541806
326,Fixed-source-weighted,0.8446787939961009,0.7612126216534837,-0.0834661723426172
327,MDACC,0.824078468596741,0.73224043715847,-0.09183803143827107
327,ISPY,0.9221364221364221,0.8142857142857143,-0.10785070785070783
327,Fixed-source-weighted,0.849394084053064,0.7534220609919743,-0.0959720230610897
328,MDACC,0.8515151515151516,0.7163690476190476,-0.13514610389610393
328,ISPY,0.9102564102564102,0.7158469945355191,-0.1944094157208911
328,Fixed-source-weighted,0.8666803784450844,0.7162342692085941,-0.15044610923649018
329,MDACC,0.8334998334998335,0.7922255340288127,-0.04127429947102079
329,ISPY,0.8661518661518661,0.5285714285714286,-0.33758043758043754
329,Fixed-source-weighted,0.841929606635489,0.7241579708551744,-0.11777163578031466
330,MDACC,0.8239737274220033,0.7476604278074866,-0.0763132996145166
330,ISPY,0.8768115942028986,0.6890547263681592,-0.18775686783473933
330,Fixed-source-weighted,0.8376148760353718,0.7325301976973335,-0.10508467833803817
331,MDACC,0.8421184738955824,0.7939942302648832,-0.048124243630699115
331,ISPY,0.9084415584415585,0.5823412698412699,-0.3261002886002886
331,Fixed-source-weighted,0.859241100297975,0.7393517993058458,-0.11988930099212909
332,MDACC,0.8187540876389797,0.8688477951635847,0.05009370752460496
332,ISPY,0.8462068965517241,0.6515151515151515,-0.1946917450365726
332,Fixed-source-weighted,0.8258415775216817,0.8127390407576167,-0.013102536764065066
333,MDACC,0.8602099236641222,0.7706005586592178,-0.08960936500490435
333,ISPY,0.8897849462365591,0.7125668449197861,-0.17721810131677307
333,Fixed-source-weighted,0.8678453053086402,0.755617998576162,-0.1122273067324783
334,MDACC,0.8163921568627451,0.7424600052452137,-0.07393215161753142
334,ISPY,0.9002659574468085,0.6648648648648648,-0.23540109258194364
334,Fixed-source-weighted,0.8380458504775851,0.7224272729247969,-0.11561857755278818
335,MDACC,0.8020275750202758,0.7814057172829793,-0.020621857737296523
335,ISPY,0.8659259259259259,0.5844748858447488,-0.28145104008117705
335,Fixed-source-weighted,0.8185242080972248,0.7305640974018676,-0.08796011069535718
336,MDACC,0.8504741661216482,0.7708094473744554,-0.07966471874719272
336,ISPY,0.8401360544217688,0.7674129353233831,-0.07272311909838569
336,Fixed-source-weighted,0.8478051764997839,0.7699325700802244,-0.07787260641955954
337,MDACC,0.8359722909450767,0.8116742733605573,-0.024298017584519438
337,ISPY,0.9054421768707483,0.7016317016317016,-0.20381047523904672
337,Fixed-source-weighted,0.8539073268539921,0.7832645898096436,-0.07064273704434838
338,MDACC,0.8158401540683679,0.7454322638146168,-0.07040789025375105
338,ISPY,0.8785529715762274,0.6148325358851675,-0.26372043569105985
338,Fixed-source-weighted,0.832030718065495,0.7117153405910008,-0.12031537747449417
339,MDACC,0.860972360972361,0.759077380952381,-0.10189498001997999
339,ISPY,0.8607843137254902,0.5199240986717267,-0.3408602150537635
339,Fixed-source-weighted,0.8609238128269271,0.697335193696918,-0.16358861913000908
340,MDACC,0.8152444076222038,0.8072831423895254,-0.007961265232678483
340,ISPY,0.8371943371943372,0.5349206349206349,-0.3022737022737023
340,Fixed-source-weighted,0.8209112195052057,0.736967331637753,-0.08394388786745262
341,MDACC,0.8271454160560169,0.7485207100591716,-0.07862470599684523
341,ISPY,0.9214929214929215,0.6197802197802198,-0.3017127017127017
341,Fixed-source-weighted,0.851503105368159,0.7152837860982658,-0.13621931926989314
342,MDACC,0.8121641426477773,0.7758320914058618,-0.03633205124191541
342,ISPY,0.9122340425531915,0.5664335664335665,-0.34580047611962506
342,Fixed-source-weighted,0.8379991821658417,0.7217716878999425,-0.11622749426589929
343,MDACC,0.8238966814916182,0.6988416988416989,-0.12505498264991932
343,ISPY,0.8746770025839793,0.590625,-0.28405200258397933
343,Fixed-source-weighted,0.8370066336690578,0.6709034007747243,-0.1661032328943335
344,MDACC,0.8559680833740433,0.7675682507583418,-0.0883998326157015
344,ISPY,0.8365508365508365,0.5656814449917899,-0.27086939155904666
344,Fixed-source-weighted,0.850955134030797,0.7154471473088071,-0.13550798672198996
345,MDACC,0.8681592039800995,0.7746817199135239,-0.09347748406657563
345,ISPY,0.8312324929971989,0.7217391304347827,-0.10949336256241626
345,Fixed-source-weighted,0.8586258374191547,0.7610135350480973,-0.09761230237105738
346,MDACC,0.8528741247353852,0.7688135593220339,-0.08406056541335127
346,ISPY,0.7768707482993197,0.6516949152542373,-0.1251758330450824
346,Fixed-source-weighted,0.8332523380084271,0.7385770466378643,-0.09467529137056291
347,MDACC,0.875163505559189,0.800872885979269,-0.07429061957992
347,ISPY,0.8416666666666667,0.6978021978021978,-0.1438644688644689
347,Fixed-source-weighted,0.8665156288516425,0.7742631331492409,-0.0922524957024016
348,MDACC,0.8006582458637254,0.7808318789994183,-0.019826366864307055
348,ISPY,0.9144144144144144,0.5584577114427861,-0.3559567029716283
348,Fixed-source-weighted,0.830026668463413,0.7234215546955819,-0.10660511376783117
349,MDACC,0.8436250199968005,0.7509310986964618,-0.09269392130033871
349,ISPY,0.888961038961039,0.681592039800995,-0.20736899916004392
349,Fixed-source-weighted,0.8553294170496595,0.7330298383933839,-0.12229957865627569
350,MDACC,0.8493840985442329,0.7901756668835394,-0.05920843166069356
350,ISPY,0.7769230769230769,0.6681318681318681,-0.10879120879120885
350,Fixed-source-weighted,0.8306768413283137,0.7586676273365394,-0.07200921399177432
351,MDACC,0.8197978389682816,0.7486361156573923,-0.07116172331088932
351,ISPY,0.7877492877492878,0.75,-0.03774928774928776
351,Fixed-source-weighted,0.8115238665947506,0.7489882295889807,-0.06253563700576997
352,MDACC,0.8126760563380282,0.7327746741154563,-0.07990138222257193
352,ISPY,0.9032679738562092,0.7015873015873015,-0.20168067226890762
352,Fixed-source-weighted,0.8360641657626567,0.724723032188253,-0.1113411335744037
353,MDACC,0.8533333333333334,0.8691099476439791,0.015776614310645698
353,ISPY,0.8549422336328626,0.7165775401069518,-0.13836469352591074
353,Fixed-source-weighted,0.853748703018506,0.8297306659595832,-0.024018037058922796
354,MDACC,0.8849564926372155,0.8817923186344239,-0.0031641740027916754
354,ISPY,0.8530612244897959,0.5635673624288425,-0.2894938620609534
354,Fixed-source-weighted,0.8767220933442543,0.7996362024898457,-0.07708589085440859
355,MDACC,0.8052716950527169,0.7693327892266885,-0.03593890582602843
355,ISPY,0.8974025974025974,0.6254237288135593,-0.2719788685890381
355,Fixed-source-weighted,0.829057124090758,0.732179796505652,-0.09687732758510609
356,MDACC,0.8400510204081633,0.7984555984555984,-0.041595421952564826
356,ISPY,0.9308510638297872,0.5824175824175825,-0.34843348141220476
356,Fixed-source-weighted,0.8634928616836806,0.7426810779751957,-0.12081178370848496
357,MDACC,0.8681861348528015,0.7974702380952381,-0.0707158967575634
357,ISPY,0.8666666666666667,0.6114583333333333,-0.25520833333333337
357,Fixed-source-weighted,0.8677938538504988,0.749447556800498,-0.11834629705000076
358,MDACC,0.8712084737602311,0.7995529061102832,-0.07165556764994796
358,ISPY,0.8945578231292517,0.7276119402985075,-0.16694588283074419
358,Fixed-source-weighted,0.8772365737607299,0.7809799116686811,-0.09625666209204894
359,MDACC,0.8199300699300699,0.8063213589529379,-0.01360871097713201
359,ISPY,0.8789173789173789,0.6683087027914614,-0.2106086761259175
359,Fixed-source-weighted,0.8351588196359438,0.7706906405321645,-0.06446817910377925
360,MDACC,0.8064488539172083,0.7821106821106821,-0.0243381718065262
360,ISPY,0.8490691489361702,0.5252747252747253,-0.32379442366144495
360,Fixed-source-weighted,0.8174521326966135,0.715803359921007,-0.10164877277560655
361,MDACC,0.8496863018473335,0.8038461538461539,-0.04584014800117964
361,ISPY,0.9414965986394558,0.6590909090909091,-0.2824056895485467
361,Fixed-source-weighted,0.8733889601694829,0.7664747017688194,-0.1069142584006633
362,MDACC,0.8066121007863907,0.7105953317597692,-0.09601676902662148
362,ISPY,0.8891129032258065,0.6507246376811594,-0.2383882655446471
362,Fixed-source-weighted,0.8279113275599654,0.6951385185826118,-0.1327728089773536
363,MDACC,0.8584580967131302,0.7410521258707663,-0.11740597084236393
363,ISPY,0.8763440860215054,0.7575757575757576,-0.1187683284457478
363,Fixed-source-weighted,0.8630757214038545,0.745318030788068,-0.11775769061578657
364,MDACC,0.8642857142857143,0.8723196881091618,0.008033973823447504
364,ISPY,0.8584905660377359,0.4090909090909091,-0.44939965694682676
364,Fixed-source-weighted,0.8627895812413017,0.7527279445064103,-0.11006163673489129
365,MDACC,0.8582077716098334,0.7394274560832791,-0.11878031552655433
365,ISPY,0.9153846153846154,0.8075396825396826,-0.1078449328449328
365,Fixed-source-weighted,0.8729691136301203,0.7570119851357493,-0.11595712849437101
366,MDACC,0.848043893129771,0.7240899898887766,-0.12395390324099442
366,ISPY,0.869281045751634,0.5857142857142857,-0.28356676003734826
366,Fixed-source-weighted,0.8535266874341083,0.688365543386212,-0.16516114404789622
367,MDACC,0.8731849747474747,0.7331073446327684,-0.1400776301147063
367,ISPY,0.8896276595744681,0.6774193548387096,-0.21220830473575847
367,Fixed-source-weighted,0.8774299816145743,0.7187303799473742,-0.15869960166720018
368,MDACC,0.8415247364152474,0.8120899718837863,-0.0294347645314611
368,ISPY,0.8965986394557823,0.810515873015873,-0.08608276643990931
368,Fixed-source-weighted,0.8557431623636208,0.8116835868819394,-0.04405957548168139
369,MDACC,0.8165608207132389,0.7526251526251526,-0.06393566808808626
369,ISPY,0.8743279569892473,0.5477855477855478,-0.3265424092036995
369,Fixed-source-weighted,0.8314745585099862,0.6997417252319214,-0.13173283327806484
370,MDACC,0.8233547748639287,0.7124753127057275,-0.11087946215820121
370,ISPY,0.8494623655913979,0.6235431235431236,-0.2259192420482743
370,Fixed-source-weighted,0.830094969855661,0.6895156952421795,-0.14057927461348152
371,MDACC,0.8169082125603865,0.7817933432687532,-0.03511486929163332
371,ISPY,0.877906976744186,0.6395833333333333,-0.23832364341085277
371,Fixed-source-weighted,0.8326562595228707,0.7450789942984978,-0.087577265224373
372,MDACC,0.8328086164043083,0.7670734318133162,-0.06573518459099204
372,ISPY,0.8748395378690629,0.566468253968254,-0.3083712839008089
372,Fixed-source-weighted,0.8436597366517449,0.7152832061605061,-0.1283765304912389
373,MDACC,0.8506680196177913,0.7474086197490453,-0.103259399868746
373,ISPY,0.8635752688172043,0.74375,-0.11982526881720423
373,Fixed-source-weighted,0.8540002832999927,0.7464640741275598,-0.10753620917243292
374,MDACC,0.8866088947024199,0.855332776385408,-0.031276118317011936
374,ISPY,0.8673202614379085,0.5479166666666667,-0.3194035947712418
374,Fixed-source-weighted,0.881629149513216,0.7759671794318768,-0.10566197008133926
375,MDACC,0.84998334998335,0.7860158966716344,-0.0639674533117156
375,ISPY,0.8681818181818182,0.6857142857142857,-0.18246753246753245
375,Fixed-source-weighted,0.8546816473287062,0.7601210363264366,-0.09456061100226963
376,MDACC,0.8647186147186147,0.7408619749045281,-0.12385663981408657
376,ISPY,0.8062409288824384,0.8552083333333333,0.04896740445089498
376,Fixed-source-weighted,0.84962143438836,0.7703827667864747,-0.07923866760188546
377,MDACC,0.8504251700680272,0.8124542124542125,-0.03797095761381475
377,ISPY,0.9434482758620689,0.7251984126984127,-0.21824986316365624
377,Fixed-source-weighted,0.8744409392109335,0.7899273883342511,-0.08451355087668233
378,MDACC,0.8549067315490673,0.7741343728502637,-0.08077235869880361
378,ISPY,0.9435064935064935,0.7791666666666667,-0.16433982683982684
378,Fixed-source-weighted,0.8777805263027819,0.7754335598159363,-0.10234696648684556
379,MDACC,0.8601784266017842,0.7596073517126148,-0.10057107488916939
379,ISPY,0.8941558441558441,0.5934065934065934,-0.30074925074925074
379,Fixed-source-weighted,0.8689503742709697,0.7166993128035439,-0.1522510614674257
380,MDACC,0.851067244423046,0.7697554697554697,-0.08131177466757633
380,ISPY,0.8758043758043758,0.6785063752276868,-0.197298000576689
380,Fixed-source-weighted,0.857453628014958,0.7461976969852251,-0.11125593102973289
381,MDACC,0.840096618357488,0.7592446892210858,-0.08085192913640216
381,ISPY,0.8528225806451613,0.7059859154929577,-0.1468366651522035
381,Fixed-source-weighted,0.8433820792095343,0.7454948750886606,-0.09788720412087376
382,MDACC,0.8802955665024631,0.7737967914438503,-0.10649877505861283
382,ISPY,0.8658536585365854,0.6771561771561772,-0.1886974813804082
382,Fixed-source-weighted,0.876567100066828,0.7488470903695817,-0.12772000969724628
383,MDACC,0.8346239889864051,0.8184942205560762,-0.016129768430328872
383,ISPY,0.8796653796653797,0.6985428051001822,-0.18112257456519754
383,Fixed-source-weighted,0.8462523218741143,0.7875263714677898,-0.05872595040632438
384,MDACC,0.8187443130118289,0.7126436781609196,-0.10610063485090937
384,ISPY,0.8741496598639455,0.5525793650793651,-0.32157029478458043
384,Fixed-source-weighted,0.8330483077873754,0.6713198849143744,-0.16172842287300093
385,MDACC,0.8372302158273381,0.7574143692564745,-0.0798158465708636
385,ISPY,0.8423423423423423,0.7261904761904762,-0.11615186615186612
385,Fixed-source-weighted,0.8385500131955909,0.7493532988244032,-0.08919671437118779
386,MDACC,0.8414436334144363,0.7449080973671137,-0.09653553604732257
386,ISPY,0.8552971576227391,0.642314990512334,-0.21298216711040507
386,Fixed-source-weighted,0.8450201968538348,0.7184216416758471,-0.12659855517798768
387,MDACC,0.8673567645642754,0.8020728008088979,-0.06528396375537748
387,ISPY,0.8936170212765957,0.8221925133689839,-0.07142450790761179
387,Fixed-source-weighted,0.8741363733233385,0.8072671056855214,-0.06686926763781706
388,MDACC,0.9053519187747375,0.8679759956355702,-0.03737592313916738
388,ISPY,0.8281045751633986,0.7789373814041746,-0.04916719375922407
388,Fixed-source-weighted,0.8854089771234441,0.8449889024189681,-0.04042007470447613
389,MDACC,0.8723318889423849,0.7736007686764352,-0.09873112026594966
389,ISPY,0.8260590500641849,0.689792663476874,-0.13626638658731094
389,Fixed-source-weighted,0.8603856331535685,0.7519640356347185,-0.10842159751885012
390,MDACC,0.8685881778212018,0.7232985593641331,-0.14528961845706867
390,ISPY,0.8075862068965517,0.5857142857142857,-0.22187192118226595
390,Fixed-source-weighted,0.8528393029746418,0.6877784364283882,-0.1650608665462536
391,MDACC,0.8326205952788232,0.7490753911806544,-0.08354520409816879
391,ISPY,0.8404392764857881,0.7212301587301587,-0.11920911775562937
391,Fixed-source-weighted,0.8346391436950005,0.7418865893388598,-0.09275255435614065
392,MDACC,0.8058902275769746,0.766910866910867,-0.03897936066610763
392,ISPY,0.9299319727891157,0.7229166666666667,-0.207015306122449
392,Fixed-source-weighted,0.8379140768310895,0.7555528871092597,-0.08236118972182976
393,MDACC,0.8392857142857143,0.7766567301077735,-0.06262898417794083
393,ISPY,0.9156862745098039,0.8333333333333334,-0.08235294117647052
393,Fixed-source-weighted,0.8590100419252669,0.7912889250581632,-0.06772111686710372
394,MDACC,0.8444094488188977,0.7940119760479042,-0.05039747277099349
394,ISPY,0.8931788931788932,0.5298507462686567,-0.3633281469102365
394,Fixed-source-weighted,0.8570002530817724,0.7258134886212357,-0.13118676446053662
395,MDACC,0.8430213464696223,0.7391653290529695,-0.10385601741665285
395,ISPY,0.8594351732991015,0.6764705882352942,-0.1829645850638073
395,Fixed-source-weighted,0.8472589030693899,0.7229794319137657,-0.1242794711556241
396,MDACC,0.8378624689312345,0.7340676632572777,-0.10379480567395682
396,ISPY,0.9193548387096774,0.7913043478260869,-0.12805049088359044
396,Fixed-source-weighted,0.8589013487106365,0.7488444543714474,-0.11005689433918903
397,MDACC,0.8947951273532669,0.7622206703910615,-0.1325744569622055
397,ISPY,0.9280913978494624,0.765625,-0.16246639784946237
397,Fixed-source-weighted,0.9033912233310428,0.763099565943696,-0.14029165738734697
398,MDACC,0.8264912280701754,0.7770811563915012,-0.04941007167867417
398,ISPY,0.8861003861003861,0.6989010989010989,-0.18719928719928725
398,Fixed-source-weighted,0.8418805205028116,0.7568974160590117,-0.08498310444379978
399,MDACC,0.8227081581160639,0.785194880744619,-0.03751327737144494
399,ISPY,0.8815958815958816,0.609375,-0.27222088159588165
399,Fixed-source-weighted,0.8379111978379776,0.7398034736242762,-0.09810772421370148
400,MDACC,0.8697485806974858,0.7740197202476496,-0.0957288604498362
400,ISPY,0.8261437908496732,0.5297619047619048,-0.2963818860877684
400,Fixed-source-weighted,0.8584911349524624,0.710959695988258,-0.14753143896420434
401,MDACC,0.8577881619937695,0.7746461071789686,-0.08314205481480086
401,ISPY,0.8709677419354839,0.5989010989010989,-0.272066643034385
401,Fixed-source-weighted,0.8611907332859114,0.7292740298784729,-0.1319167034074386
402,MDACC,0.7909581425768476,0.7649286987522281,-0.02602944382461947
402,ISPY,0.9461538461538461,0.7976190476190477,-0.14853479853479845
402,Fixed-source-weighted,0.8310250072258113,0.7733683639825508,-0.057656643243260454
403,MDACC,0.8316903684550744,0.808671631035311,-0.023018737419763347
403,ISPY,0.8979460847240052,0.691468253968254,-0.2064778307557512
403,Fixed-source-weighted,0.8487956023937854,0.7784132428382604,-0.07038235955552492
404,MDACC,0.8523187052598817,0.7217940483836438,-0.13052465687623793
404,ISPY,0.8149659863945579,0.5583333333333333,-0.2566326530612245
404,Fixed-source-weighted,0.8426753562717754,0.6795934062628121,-0.16308195000896325
405,MDACC,0.8644811564274651,0.762216404886562,-0.1022647515409032
405,ISPY,0.8300653594771242,0.6442786069651741,-0.1857867525119501
405,Fixed-source-weighted,0.8555960323781941,0.7317684113055501,-0.12382762107264407
406,MDACC,0.8548917748917749,0.8245476003147129,-0.030344174577062066
406,ISPY,0.9051948051948052,0.7657342657342657,-0.1394605394605395
406,Fixed-source-weighted,0.8678785049373285,0.8093637655700877,-0.05851473936724089
407,MDACC,0.8826086956521739,0.8068644560791157,-0.0757442395730582
407,ISPY,0.9108843537414966,0.7420289855072464,-0.16885536823425018
407,Fixed-source-weighted,0.8899086204530122,0.7901258868791887,-0.09978273357382346
408,MDACC,0.8501610305958132,0.6974358974358974,-0.15272513315991576
408,ISPY,0.8956117021276596,0.6577540106951871,-0.23785769143247248
408,Fixed-source-weighted,0.8618950274945579,0.6871912273296357,-0.17470380016492223
409,MDACC,0.8372720063441713,0.7066567312468952,-0.1306152750972761
409,ISPY,0.8984593837535014,0.7860696517412935,-0.11238973201220792
409,Fixed-source-weighted,0.8530687475707631,0.7271587597405471,-0.12590998783021604
410,MDACC,0.8277511961722488,0.7639302912176107,-0.0638209049546381
410,ISPY,0.9182754182754183,0.6420289855072464,-0.27624643276817185
410,Fixed-source-weighted,0.8511218286760083,0.7324590390897715,-0.11866278958623669
411,MDACC,0.8407622203811101,0.7815368476265407,-0.059225372754569405
411,ISPY,0.9462068965517242,0.4217391304347826,-0.5244677661169416
411,Fixed-source-weighted,0.8679848655362687,0.6886478944953353,-0.1793369710409335
412,MDACC,0.8800822654643252,0.7573865001201057,-0.12269576534421955
412,ISPY,0.838501291989664,0.7152777777777778,-0.12322351421188626
412,Fixed-source-weighted,0.8693473082600827,0.746515294025191,-0.12283201423489168
413,MDACC,0.8732484076433121,0.817239498090562,-0.056008909552750175
413,ISPY,0.918954248366013,0.7384615384615385,-0.18049270990447452
413,Fixed-source-weighted,0.8850482815553821,0.7969013974020233,-0.08814688415335875
414,MDACC,0.8866174055829228,0.7610693400167085,-0.12554806556621434
414,ISPY,0.884313725490196,0.75426944971537,-0.13004427577482602
414,Fixed-source-weighted,0.8860226646439509,0.7593138127820492,-0.12670885186190167
415,MDACC,0.8656965648854962,0.778282122905028,-0.08741444198046822
415,ISPY,0.8927648578811369,0.5947916666666667,-0.2979731912144702
415,Fixed-source-weighted,0.8726847843190113,0.7309104038108105,-0.14177438050820076
416,MDACC,0.8366311516996449,0.7478418267891952,-0.08878932491044966
416,ISPY,0.9227150537634409,0.6771561771561772,-0.24555887660726372
416,Fixed-source-weighted,0.8588554270690563,0.729592917243416,-0.12926250982564025
417,MDACC,0.8222853535353535,0.716025641025641,-0.10625971250971245
417,ISPY,0.9736842105263158,0.7246376811594203,-0.24904652936689553
417,Fixed-source-weighted,0.8613719865493601,0.7182490108641004,-0.14312297568525972
418,MDACC,0.8124084025403029,0.7491476527668502,-0.06326074977345264
418,ISPY,0.824025974025974,0.551056338028169,-0.272969635997805
418,Fixed-source-weighted,0.8154077102114402,0.6980064309879097,-0.11740127922353055
419,MDACC,0.8458989229494615,0.7788783907345321,-0.06702053221492932
419,ISPY,0.8679738562091504,0.7241758241758242,-0.1437980320333262
419,Fixed-source-weighted,0.8515980070263093,0.7647558327014017,-0.0868421743249076
420,MDACC,0.8428231562252181,0.7056631892697467,-0.1371599669554714
420,ISPY,0.8925353925353925,0.5833333333333334,-0.3092020592020591
420,Fixed-source-weighted,0.85565736102425,0.6740812983580584,-0.18157606266619175
421,MDACC,0.8339752848659926,0.7579661016949153,-0.0760091831710773
421,ISPY,0.9159178433889602,0.8010989010989011,-0.11481894229005907
421,Fixed-source-weighted,0.8551303898441445,0.7691016936979052,-0.08602869614623927
422,MDACC,0.8370748299319728,0.7604907131391883,-0.07658411679278454
422,ISPY,0.8563829787234043,0.4703296703296703,-0.386053308393734
422,Fixed-source-weighted,0.8420596134434862,0.6855798556818291,-0.15647975776165712
423,MDACC,0.8389513108614233,0.7875160875160875,-0.05143522334533579
423,ISPY,0.826530612244898,0.6428571428571429,-0.18367346938775508
423,Fixed-source-weighted,0.8357446599114053,0.7501694972283208,-0.08557516268308457
424,MDACC,0.7868425337892851,0.6507823613086771,-0.1360601724806081
424,ISPY,0.8579310344827586,0.6952380952380952,-0.16269293924466344
424,Fixed-source-weighted,0.805195447367012,0.6622594952316314,-0.14293595213538055
425,MDACC,0.86050753370341,0.7546563904945408,-0.10585114320886924
425,ISPY,0.8897435897435897,0.832967032967033,-0.056776556776556686
425,Fixed-source-weighted,0.8680554043804499,0.7748738439433215,-0.09318156043712841
426,MDACC,0.7818555008210181,0.768676122931442,-0.013179377889576016
426,ISPY,0.8454545454545455,0.612280701754386,-0.23317384370015948
426,Fixed-source-weighted,0.7982748620172555,0.7282995272680846,-0.0699753347491711
427,MDACC,0.8438228438228438,0.8012800975312405,-0.04254274629160326
427,ISPY,0.8397435897435898,0.7562189054726368,-0.08352468427095294
427,Fixed-source-weighted,0.8427697030638207,0.7896466525226468,-0.05312305054117393
428,MDACC,0.8333333333333334,0.7954545454545454,-0.037878787878787956
428,ISPY,0.9124183006535947,0.7191142191142191,-0.19330408153937562
428,Fixed-source-weighted,0.8537506941774532,0.7757457683928273,-0.07800492578462595
429,MDACC,0.8448499594484996,0.7120577281191807,-0.13279223132931894
429,ISPY,0.9260752688172043,0.5505494505494506,-0.37552581826775366
429,Fixed-source-weighted,0.8658198922593744,0.6703611466551,-0.19545874560427434
430,MDACC,0.8417874396135265,0.7016042780748664,-0.14018316153866017
430,ISPY,0.8282051282051283,0.7637571157495257,-0.06444801245560261
430,Fixed-source-weighted,0.8382808951649532,0.7176502721150563,-0.12063062304989695
431,MDACC,0.8443877551020408,0.7463367763631996,-0.09805097873884117
431,ISPY,0.8629776021080369,0.5903508771929824,-0.27262672491505446
431,Fixed-source-weighted,0.8491870946885562,0.7060659069695815,-0.1431211877189747
432,MDACC,0.8503030303030303,0.7723930481283422,-0.07790998217468814
432,ISPY,0.8947368421052632,0.6666666666666666,-0.22807017543859653
432,Fixed-source-weighted,0.8617745045918421,0.7450976751366024,-0.11667682945523966
433,MDACC,0.8545977011494252,0.6747977755308392,-0.17979992561858604
433,ISPY,0.9051282051282051,0.7966101694915254,-0.10851803563667972
433,Fixed-source-weighted,0.8676431580589795,0.7062460733180752,-0.16139708474090433
434,MDACC,0.8099823463328518,0.8201465201465201,0.010164173813668298
434,ISPY,0.9467948717948718,0.5646766169154229,-0.38211825487944884
434,Fixed-source-weighted,0.8453032270893864,0.7541918719267271,-0.09111135516265934
435,MDACC,0.8432799215173316,0.8308392973324659,-0.01244062418486569
435,ISPY,0.8870346598202824,0.6260869565217392,-0.2609477032985432
435,Fixed-source-weighted,0.8545760794452176,0.7779783988878666,-0.07659768055735107
436,MDACC,0.8607058823529412,0.7869754643430406,-0.07373041800990066
436,ISPY,0.8660130718954249,0.6850094876660342,-0.18100358422939067
436,Fixed-source-weighted,0.8620760391302491,0.7606509148087808,-0.10142512432146836
437,MDACC,0.8667788057190917,0.8445187165775401,-0.022260089141551642
437,ISPY,0.8557692307692307,0.6480099502487562,-0.20775928052047454
437,Fixed-source-weighted,0.8639364644738662,0.7937860612181482,-0.07015040325571802
438,MDACC,0.8699829931972789,0.8223938223938224,-0.04758917080345648
438,ISPY,0.9287749287749287,0.4583333333333333,-0.4704415954415954
438,Fixed-source-weighted,0.8851613033627507,0.7284043497278792,-0.15675695363487144
439,MDACC,0.8501498501498501,0.7882882882882883,-0.061861561861561776
439,ISPY,0.8456072351421189,0.7192513368983957,-0.12635589824372317
439,Fixed-source-weighted,0.8489770835302071,0.7704650230601788,-0.07851206047002829
440,MDACC,0.8402126328955597,0.7884160756501182,-0.05179655724544152
440,ISPY,0.8743351063829787,0.5949197860962567,-0.279415320286722
440,Fixed-source-weighted,0.8490220296455797,0.7384611512228142,-0.11056087842276557
441,MDACC,0.8833668005354752,0.8488179669030733,-0.03454883363240191
441,ISPY,0.8372859025032938,0.7523719165085389,-0.08491398599475497
441,Fixed-source-weighted,0.8714700981023304,0.8239184963763799,-0.047551601725950576
442,MDACC,0.803045106660153,0.724180790960452,-0.07886431569970109
442,ISPY,0.8379084967320262,0.7719298245614035,-0.0659786721706227
442,Fixed-source-weighted,0.8120457857963557,0.7365081558443578,-0.07553762995199785
443,MDACC,0.8489809019419033,0.8113475177304964,-0.03763338421140694
443,ISPY,0.8256410256410256,0.5456349206349206,-0.280006105006105
443,Fixed-source-weighted,0.8429552476027878,0.742748513905168,-0.10020673369761986
444,MDACC,0.8051303616484441,0.8151069518716577,0.009976590223213622
444,ISPY,0.8411680911680912,0.47023809523809523,-0.370929995929996
444,Fixed-source-weighted,0.8144342199231243,0.7260721816950191,-0.08836203822810522
445,MDACC,0.82202419882276,0.7665365430492301,-0.055487655773529876
445,ISPY,0.9257105943152455,0.6713286713286714,-0.25438192298657414
445,Fixed-source-weighted,0.8487929087701664,0.7419567330298702,-0.1068361757402962
446,MDACC,0.8385167464114832,0.7891809908998989,-0.04933575551158431
446,ISPY,0.8824786324786325,0.8041958041958042,-0.07828282828282829
446,Fixed-source-weighted,0.8498663836641133,0.7930573642671425,-0.056809019396970833
447,MDACC,0.8705655957161981,0.7467261904761905,-0.12383940524000758
447,ISPY,0.9014814814814814,0.7661691542288557,-0.13531232725262576
447,Fixed-source-weighted,0.8785471479235751,0.7517457791574341,-0.12680136876614104
448,MDACC,0.8689177489177489,0.8032085561497326,-0.06570919276801623
448,ISPY,0.8300653594771242,0.8221925133689839,-0.007872846108140319
448,Fixed-source-weighted,0.8588872300752346,0.8081096431442453,-0.05077758693098945
449,MDACC,0.9032513877874703,0.768866020984665,-0.13438536680280522
449,ISPY,0.8603603603603603,0.671583850931677,-0.1887765094286833
449,Fixed-source-weighted,0.8921782140399486,0.7437506895003969,-0.14842752453955152
450,MDACC,0.8040784718637067,0.8117839607201309,0.007705488856424192
450,ISPY,0.9094993581514762,0.6630434782608695,-0.2464558798906067
450,Fixed-source-weighted,0.8312949751863662,0.7733836400852236,-0.05791133510114261
451,MDACC,0.865021645021645,0.8043535274062418,-0.06066811761540325
451,ISPY,0.9229249011857708,0.7101806239737274,-0.21274427721204336
451,Fixed-source-weighted,0.8799705248810108,0.7800409150821612,-0.09992960979884957
452,MDACC,0.8423444976076555,0.7726030799801291,-0.06974141762752639
452,ISPY,0.8320158102766798,0.6328273244781784,-0.19918848579850146
452,Fixed-source-weighted,0.8396779410744952,0.7365171823178609,-0.10316075875663434
453,MDACC,0.8532380151387721,0.7844950213371266,-0.0687429938016455
453,ISPY,0.8972413793103449,0.5370018975332068,-0.36023948177713805
453,Fixed-source-weighted,0.8645983607909102,0.7205997377406897,-0.14399862305022038
454,MDACC,0.8732795443758898,0.7884004884004884,-0.08487905597540146
454,ISPY,0.9368279569892473,0.7245989304812834,-0.21222902650796382
454,Fixed-source-weighted,0.8896858339067893,0.7719288443625237,-0.11775698954426561
455,MDACC,0.8237115127175368,0.6346153846153846,-0.18909612810215226
455,ISPY,0.8727390180878553,0.725,-0.14773901808785528
455,Fixed-source-weighted,0.8363689405745799,0.6579499748617396,-0.17841896571284033
456,MDACC,0.8587705352411235,0.7937806873977087,-0.06498984784341477
456,ISPY,0.8565891472868217,0.4946524064171123,-0.3619367408697094
456,Fixed-source-weighted,0.8582073664555359,0.7165547586478163,-0.1416526078077196
457,MDACC,0.8536463536463537,0.7517379679144385,-0.10190838573191519
457,ISPY,0.9144144144144144,0.7599620493358634,-0.15445236507855098
457,Fixed-source-weighted,0.8693348399230754,0.7538611784774861,-0.11547366144558914
458,MDACC,0.8653449643140365,0.7331156906753724,-0.1322292736386641
458,ISPY,0.8598191214470284,0.573015873015873,-0.28680324843115546
458,Fixed-source-weighted,0.8639183578222273,0.6917827312142598,-0.17213562660796744
459,MDACC,0.8449829931972789,0.7333333333333333,-0.1116496598639456
459,ISPY,0.8895424836601307,0.6785714285714286,-0.21097105508870206
459,Fixed-source-weighted,0.8564869139376884,0.7191954559601619,-0.1372914579775265
460,MDACC,0.8739935587761675,0.7776057791537667,-0.09638777962240075
460,ISPY,0.8863945578231293,0.6189839572192514,-0.2674106006038779
460,Fixed-source-weighted,0.8771951238895987,0.7366543937523723,-0.14054073013722657
461,MDACC,0.8240461847389559,0.8242853396275899,0.0002391548886340189
461,ISPY,0.8656126482213439,0.6736111111111112,-0.1920015371102327
461,Fixed-source-weighted,0.8347773958994417,0.7853857838994794,-0.049391611999962295
462,MDACC,0.8563762626262627,0.824468085106383,-0.03190817751987962
462,ISPY,0.8901960784313725,0.735593220338983,-0.1546028580923895
462,Fixed-source-weighted,0.8651075222622224,0.8015232670781981,-0.06358425518402433
463,MDACC,0.8285880785880786,0.8550836550836551,0.026495576495576545
463,ISPY,0.8815958815958816,0.5572916666666666,-0.324304214929215
463,Fixed-source-weighted,0.8422730996260408,0.7782027168975698,-0.06407038272847096
464,MDACC,0.8504192374624269,0.7769472856018883,-0.07347195186053856
464,ISPY,0.8376623376623377,0.6406593406593407,-0.19700299700299695
464,Fixed-source-weighted,0.8471257894748222,0.7417618357637796,-0.10536395371104254
465,MDACC,0.8662414965986395,0.8296901273120346,-0.03655136928660485
465,ISPY,0.8974358974358975,0.6957627118644067,-0.20167318557149072
465,Fixed-source-weighted,0.8742949530239447,0.7951140952193464,-0.07918085780459827
466,MDACC,0.8647927415050702,0.8001949317738791,-0.06459780973119111
466,ISPY,0.930672268907563,0.5671641791044776,-0.36350808980308547
466,Fixed-source-weighted,0.8818008547887204,0.7400333975879879,-0.14176745720073247
467,MDACC,0.8742577435403627,0.8067492416582407,-0.06750850188212199
467,ISPY,0.849802371541502,0.7347826086956522,-0.1150197628458498
467,Fixed-source-weighted,0.8679441017498072,0.7881696207299907,-0.07977448101981643
468,MDACC,0.8712133227597145,0.7320056899004267,-0.13920763285928783
468,ISPY,0.9103896103896104,0.7967914438502673,-0.11359816653934307
468,Fixed-source-weighted,0.8813274623765831,0.748731423763294,-0.13259603861328903
469,MDACC,0.867604961832061,0.7427283304246655,-0.12487663140739558
469,ISPY,0.8457516339869281,0.634032634032634,-0.2117189999542941
469,Fixed-source-weighted,0.8619630896106052,0.7146663695914286,-0.1472967200191766
470,MDACC,0.8249216559459014,0.7315018315018315,-0.09341982444406993
470,ISPY,0.9058823529411765,0.6696428571428571,-0.23623949579831938
470,Fixed-source-weighted,0.8458232737976228,0.7155317041346454,-0.13029156966297747
471,MDACC,0.8931337119256583,0.8303655107778819,-0.06276820114777637
471,ISPY,0.8924501424501424,0.8370646766169154,-0.05538546583322701
471,Fixed-source-weighted,0.8929572348388422,0.8320950339846913,-0.06086220085415088
472,MDACC,0.8277404921700223,0.7303600654664485,-0.09738042670357383
472,ISPY,0.9209486166007905,0.8028985507246377,-0.11805006587615285
472,Fixed-source-weighted,0.8518040275622796,0.7490873214644778,-0.10271670609780176
473,MDACC,0.8286791847215536,0.7584637268847795,-0.07021545783677408
473,ISPY,0.8510344827586207,0.7450248756218906,-0.10600960713673013
473,Fixed-source-weighted,0.8344506505546526,0.7549942195325958,-0.07945643102205685
474,MDACC,0.856682769726248,0.7321513002364066,-0.1245314694898414
474,ISPY,0.8386034255599473,0.6393939393939394,-0.19920948616600787
474,Fixed-source-weighted,0.8520152266244907,0.7082041384502795,-0.14381108817421118
475,MDACC,0.817375020354991,0.6950651769087524,-0.12230984344623863
475,ISPY,0.8829931972789116,0.7458333333333333,-0.13715986394557822
475,Fixed-source-weighted,0.8343156608026698,0.7081719885347063,-0.12614367226796358
476,MDACC,0.864501679731243,0.8405405405405405,-0.02396113919070253
476,ISPY,0.9357142857142857,0.6859582542694497,-0.24975603144483605
476,Fixed-source-weighted,0.8828866335634665,0.8006320417973505,-0.08225459176611609
477,MDACC,0.871913835956918,0.7693452380952381,-0.10256859786167982
477,ISPY,0.9224358974358975,0.5855072463768116,-0.33692865105908587
477,Fixed-source-weighted,0.8849571132668507,0.7218837957888471,-0.16307331747800363
478,MDACC,0.8618421052631579,0.7654078153684762,-0.09643428989468161
478,ISPY,0.8915275994865212,0.5578747628083491,-0.333652836678172
478,Fixed-source-weighted,0.8695060073665752,0.7118290207532801,-0.15767698661329516
479,MDACC,0.808338720103426,0.8393617021276596,0.031022982024233592
479,ISPY,0.801747311827957,0.5669014084507042,-0.23484590337725275
479,Fixed-source-weighted,0.8066370166597592,0.7690206459169424,-0.03761637074281681
480,MDACC,0.7964696223316913,0.8177288224495148,0.021259200117823562
480,ISPY,0.8111111111111111,0.6686507936507936,-0.1424603174603175
480,Fixed-source-weighted,0.8002496145329141,0.7792413574982111,-0.021008257034703055
481,MDACC,0.8475378787878788,0.8302285146547441,-0.017309364133134664
481,ISPY,0.9084967320261438,0.5879120879120879,-0.32058464411405585
481,Fixed-source-weighted,0.8632756219441629,0.7676696986002676,-0.09560592334389537
482,MDACC,0.8224789915966386,0.7366026289180991,-0.08587636267853949
482,ISPY,0.8851851851851852,0.7114427860696517,-0.17374239911553346
482,Fixed-source-weighted,0.8386678454969497,0.7301071139343497,-0.10856073156260004
483,MDACC,0.8654349247874428,0.7411722315637761,-0.12426269322366668
483,ISPY,0.8607188703465982,0.7412935323383084,-0.1194253380082898
483,Fixed-source-weighted,0.8642173813206888,0.7412035477768091,-0.12301383354387985
484,MDACC,0.8566716147121887,0.75154781013529,-0.10512380457689863
484,ISPY,0.8125,0.6398601398601399,-0.1726398601398601
484,Fixed-source-weighted,0.8452678318289766,0.7227134116002023,-0.1225544202287743
485,MDACC,0.8509119746233148,0.7776949826130154,-0.07321699201029941
485,ISPY,0.8789893617021277,0.7165492957746479,-0.16244006592747984
485,Fixed-source-weighted,0.8581607118103286,0.7619090046384043,-0.09625170717192442
486,MDACC,0.8333060824068018,0.7858757062146893,-0.047430376192112544
486,ISPY,0.915374677002584,0.6564171122994652,-0.2589575647031188
486,Fixed-source-weighted,0.8544937261096345,0.7524533894849419,-0.10204033662469261
487,MDACC,0.8387738193869096,0.8174730566383857,-0.021300762748523994
487,ISPY,0.9194805194805195,0.6636904761904762,-0.2557900432900433
487,Fixed-source-weighted,0.8596098628751292,0.777771017895298,-0.08183884497983127
488,MDACC,0.8696723918575063,0.7708392603129445,-0.09883313154456186
488,ISPY,0.8791989664082688,0.6001821493624773,-0.2790168170457915
488,Fixed-source-weighted,0.8721318669866248,0.7267807251329219,-0.14535114185370285
489,MDACC,0.8898790058862002,0.8012210012210013,-0.08865800466519891
489,ISPY,0.865546218487395,0.5912280701754385,-0.27431814831195644
489,Fixed-source-weighted,0.883597011753829,0.7470071399379965,-0.13658987181583238
490,MDACC,0.8738916256157635,0.7769447047797563,-0.0969469208360072
490,ISPY,0.9448979591836735,0.6978609625668449,-0.24703699661682854
490,Fixed-source-weighted,0.892223326112054,0.7565276602215211,-0.13569566589053297
491,MDACC,0.8652704220831328,0.725668449197861,-0.13960197288527176
491,ISPY,0.8682170542635659,0.7276867030965392,-0.14053035116702672
491,Fixed-source-weighted,0.866031153920565,0.7261895016749706,-0.13984165224559414
492,MDACC,0.8464788732394366,0.7234580384226491,-0.1230208348167875
492,ISPY,0.839262187088274,0.5210526315789473,-0.3182095555093267
492,Fixed-source-weighted,0.8446157418474699,0.6712030477669222,-0.17341269408054766
493,MDACC,0.8735284499672988,0.7400645802285146,-0.1334638697387842
493,ISPY,0.8411764705882353,0.5163170163170163,-0.324859454271219
493,Fixed-source-weighted,0.8651761415655146,0.6822996862775068,-0.18287645528800758
494,MDACC,0.8749572357167293,0.7513513513513513,-0.123605884365378
494,ISPY,0.8275418275418276,0.7039800995024875,-0.12356172803934007
494,Fixed-source-weighted,0.8627160028872612,0.7391215183576905,-0.12359448452957084
495,MDACC,0.8400956622134257,0.7438733463456951,-0.09622231586773056
495,ISPY,0.8850340136054422,0.6130536130536131,-0.27198040055182915
495,Fixed-source-weighted,0.8516973934551555,0.7100996243519877,-0.1415977691031678
496,MDACC,0.8425852498017447,0.8263368983957219,-0.016248351406022765
496,ISPY,0.9090909090909091,0.689010989010989,-0.22007992007992006
496,Fixed-source-weighted,0.8597550115136532,0.7908834773454151,-0.06887153416823809
497,MDACC,0.8513670256835129,0.6946428571428571,-0.15672416854065574
497,ISPY,0.8876623376623377,0.6072261072261073,-0.28043623043623045
497,Fixed-source-weighted,0.8607373840048436,0.672074480530363,-0.18866290347448061
498,MDACC,0.8457420924574209,0.7629113619985587,-0.08283073045886225
498,ISPY,0.8542483660130719,0.6008771929824561,-0.25337117303061574
498,Fixed-source-weighted,0.8479381565453177,0.7210790111741401,-0.1268591453711777
499,MDACC,0.8429626063232226,0.7608240223463687,-0.08213858397685392
499,ISPY,0.9139922978177151,0.5509950248756219,-0.36299727294209316
499,Fixed-source-weighted,0.8613003371338923,0.7066524837836596,-0.15464785335023268
500,MDACC,0.8820578231292517,0.7283176593521421,-0.15374016377710964
500,ISPY,0.8410904255319149,0.5971014492753624,-0.24398897625655258
500,Fixed-source-weighted,0.871481272769155,0.6944415789728429,-0.17703969379631224
501,MDACC,0.913619501854796,0.8256045519203414,-0.08801494993445458
501,ISPY,0.8899868247694335,0.5947368421052631,-0.29524998266417035
501,Fixed-source-weighted,0.9075182551562875,0.7660014503667756,-0.14151680478951192
502,MDACC,0.8524440762220381,0.7852510208983906,-0.0671930553236475
502,ISPY,0.8952991452991453,0.747086247086247,-0.1482128982128983
502,Fixed-source-weighted,0.86350796660469,0.7753980237377391,-0.08810994286695081
503,MDACC,0.8198425196850394,0.7709424083769634,-0.04890011130807603
503,ISPY,0.8758043758043758,0.7115749525616698,-0.16422942324270595
503,Fixed-source-weighted,0.8342901884217309,0.755615516189355,-0.07867467223237593
504,MDACC,0.8126087644360069,0.7709846650524617,-0.04162409938354528
504,ISPY,0.8755102040816326,0.8115079365079365,-0.06400226757369609
504,Fixed-source-weighted,0.8288480249981129,0.7814465553955418,-0.04740146960257115
505,MDACC,0.8467274233637117,0.7149732620320856,-0.1317541613316261
505,ISPY,0.8476190476190476,0.6802232854864434,-0.1673957621326042
505,Fixed-source-weighted,0.8469576139394357,0.7060018628585374,-0.14095575108089822
506,MDACC,0.9143536875495638,0.8343269892226554,-0.08002669832690845
506,ISPY,0.8337612323491655,0.7331002331002331,-0.10066099924893246
506,Fixed-source-weighted,0.8935471386579578,0.8081932842106575,-0.08535385444730027
507,MDACC,0.8539993306559571,0.7710464201416207,-0.0829529105143364
507,ISPY,0.8581699346405228,0.5958254269449715,-0.2623445076955513
507,Fixed-source-weighted,0.8550760552140639,0.7258096277803943,-0.12926642743366967
508,MDACC,0.8428594691418336,0.8379679144385027,-0.004891554703330914
508,ISPY,0.7584415584415585,0.6211864406779661,-0.13725511776359234
508,Fixed-source-weighted,0.8210653026538541,0.7820014555264687,-0.03906384712738534
509,MDACC,0.7968369829683698,0.7833670374115268,-0.013469945556843
509,ISPY,0.8888888888888888,0.7714025500910747,-0.11748633879781412
509,Fixed-source-weighted,0.8206020175034058,0.7802781665019984,-0.04032385100140744
510,MDACC,0.8306693306693307,0.7799592786503782,-0.05071005201895251
510,ISPY,0.8896103896103896,0.528125,-0.3614853896103897
510,Fixed-source-weighted,0.8458861400037871,0.7149432393909669,-0.1309429006128203
511,MDACC,0.8438775510204082,0.749747219413549,-0.09413033160685913
511,ISPY,0.9045751633986928,0.692063492063492,-0.21251167133520077
511,Fixed-source-weighted,0.8595478496409458,0.7348550152937632,-0.12469283434718263
512,MDACC,0.843056272586474,0.7857142857142857,-0.05734198687218828
512,ISPY,0.8852564102564102,0.6552083333333333,-0.23004807692307694
512,Fixed-source-weighted,0.8539510793705426,0.752021572517896,-0.10192950685264647
513,MDACC,0.8637510513036165,0.7744135297326786,-0.08933752157093788
513,ISPY,0.8607407407407407,0.5420289855072464,-0.31871175523349426
513,Fixed-source-weighted,0.8629738796223513,0.7144188271385312,-0.14855505248382012
514,MDACC,0.8603077963808557,0.8713806766229808,0.01107288024212505
514,ISPY,0.9253539253539254,0.668488160291439,-0.2568657650624864
514,Fixed-source-weighted,0.8771007512464523,0.8189999289426155,-0.05810082230383672
515,MDACC,0.9118541033434651,0.7986602628918099,-0.11319384045165515
515,ISPY,0.8928104575163399,0.6911764705882353,-0.20163398692810464
515,Fixed-source-weighted,0.9069376065449589,0.7709111792578806,-0.1360264272870784
516,MDACC,0.8981581798483207,0.7714043993231811,-0.12675378052513964
516,ISPY,0.8708010335917312,0.6721311475409836,-0.19866988605074765
516,Fixed-source-weighted,0.8910953871873059,0.7457750303990189,-0.1453203567882868
517,MDACC,0.9054738174339503,0.775946275946276,-0.1295275414876743
517,ISPY,0.8906455862977603,0.7916666666666666,-0.09897891963109362
517,Fixed-source-weighted,0.9016456139706855,0.7800048081910828,-0.12164080577960285
518,MDACC,0.8436537803626412,0.7885456885456885,-0.05510809181695264
518,ISPY,0.9248670212765957,0.7700534759358288,-0.15481354534076686
518,Fixed-source-weighted,0.8646205974613419,0.7837715552248424,-0.08084904223649945
519,MDACC,0.8679853607528756,0.8618983957219252,-0.006086965030950409
519,ISPY,0.8616883116883117,0.5148809523809523,-0.3468073593073594
519,Fixed-source-weighted,0.866359652007449,0.7723089250554649,-0.0940507269519841
520,MDACC,0.8291473364261718,0.755049786628734,-0.07409754979743777
520,ISPY,0.8763440860215054,0.6853146853146853,-0.19102940070682006
520,Fixed-source-weighted,0.8413321181844442,0.7370462800803359,-0.10428583810410837
521,MDACC,0.8374958374958374,0.7546372067648663,-0.0828586307309711
521,ISPY,0.8440860215053764,0.6282051282051282,-0.21588089330024818
521,Fixed-source-weighted,0.8391972248708491,0.7219962453066333,-0.11720097956421585
522,MDACC,0.852467024914509,0.750465549348231,-0.10200147556627803
522,ISPY,0.8602564102564103,0.695273631840796,-0.16498277841561426
522,Fixed-source-weighted,0.8544780100191176,0.7362166556126514,-0.11826135440646615
523,MDACC,0.8938423645320197,0.7737399053188527,-0.12010245921316698
523,ISPY,0.8816993464052287,0.9238095238095239,0.042110177404295124
523,Fixed-source-weighted,0.8907074023358875,0.8124833689161176,-0.0782240334197699
524,MDACC,0.8153272576636288,0.7425997425997426,-0.0727275150638862
524,ISPY,0.9051282051282051,0.7593582887700535,-0.14576991635815162
524,Fixed-source-weighted,0.8385111624012155,0.7469262953692021,-0.09158486703201354
525,MDACC,0.892313725490196,0.7703989703989704,-0.12191475509122562
525,ISPY,0.8876623376623377,0.7222222222222222,-0.1654401154401155
525,Fixed-source-weighted,0.8911128769986902,0.7579611824709864,-0.13315169452770373
526,MDACC,0.8333333333333334,0.7760293731969578,-0.05730396013637562
526,ISPY,0.8753501400560224,0.7825396825396825,-0.09281045751633987
526,Fixed-source-weighted,0.8441808095787335,0.7777101393344586,-0.06647067024427489
527,MDACC,0.86006628003314,0.8142334654068881,-0.04583281462625188
527,ISPY,0.932806324110672,0.5912698412698413,-0.3415364828408307
527,Fixed-source-weighted,0.8788455724583852,0.7566709611362126,-0.12217461132217257
528,MDACC,0.8718424306659601,0.8537664307381193,-0.018075999927840813
528,ISPY,0.8440860215053764,0.6197802197802198,-0.22430580172515657
528,Fixed-source-weighted,0.8646765603271167,0.7933582259483348,-0.07131833437878182
529,MDACC,0.8732014388489209,0.7973262032085562,-0.07587523564036469
529,ISPY,0.9239130434782609,0.704225352112676,-0.21968769136558486
529,Fixed-source-weighted,0.8862936505015937,0.7732903625661558,-0.11300328793543787
530,MDACC,0.8663188504960657,0.7901554404145078,-0.07616341008155791
530,ISPY,0.9275641025641026,0.7043478260869566,-0.22321627647714604
530,Fixed-source-weighted,0.8821305332195132,0.7680024942319048,-0.11412803898760845
531,MDACC,0.8736743072186111,0.7038675429726997,-0.16980676424591135
531,ISPY,0.8669301712779973,0.7710144927536232,-0.0959156785243741
531,Fixed-source-weighted,0.871933174083616,0.7212028666089513,-0.15073030747466482
532,MDACC,0.8517037274036154,0.7519948519948519,-0.0997088754087635
532,ISPY,0.8234519104084321,0.7893738140417458,-0.03407809636668635
532,Fixed-source-weighted,0.844409957656493,0.7616449761834292,-0.08276498147306385
533,MDACC,0.8146664486592544,0.7719643325465513,-0.04270211611270314
533,ISPY,0.8026143790849674,0.7678571428571429,-0.03475723622782445
533,Fixed-source-weighted,0.8115549666449777,0.7709039796528806,-0.0406509869920972
534,MDACC,0.8346172363986519,0.7563300142247511,-0.07828722217390083
534,ISPY,0.8272859216255443,0.6724941724941725,-0.15479174913137173
534,Fixed-source-weighted,0.8327245113428496,0.7346861204446344,-0.09803839089821523
535,MDACC,0.8471929824561404,0.7962475312705728,-0.05094545118556759
535,ISPY,0.8356867779204108,0.6260869565217392,-0.20959982139867162
535,Fixed-source-weighted,0.8442224263831907,0.7523171868092726,-0.09190523957391798
536,MDACC,0.8779431000654022,0.7804639804639805,-0.09747911960142175
536,ISPY,0.9103448275862069,0.7968253968253968,-0.11351943076081017
536,Fixed-source-weighted,0.8863082519416885,0.7846880062566338,-0.10162024568505472
537,MDACC,0.8371451743714518,0.8133689839572192,-0.023776190414232512
537,ISPY,0.8410852713178295,0.5439560439560439,-0.2971292273617856
537,Fixed-source-weighted,0.8381623889425756,0.7438146628458047,-0.09434772609677074
538,MDACC,0.8585087719298246,0.7926829268292683,-0.06582584510055622
538,ISPY,0.8277511961722488,0.7698412698412699,-0.05790992633097891
538,Fixed-source-weighted,0.8505680906067904,0.7867858977375956,-0.06378219286919476
539,MDACC,0.8615061409179057,0.7909604519774012,-0.0705456889405045
539,ISPY,0.9195156695156695,0.44,-0.47951566951566954
539,Fixed-source-weighted,0.876482457124518,0.7003530150289872,-0.17612944209553077
540,MDACC,0.8485964912280701,0.8327877795962902,-0.01580871163177988
540,ISPY,0.8967532467532467,0.8177966101694916,-0.07895663658375518
540,Fixed-source-weighted,0.8610291176545046,0.8289175103651887,-0.03211160728931599
541,MDACC,0.8317653096134109,0.7810810810810811,-0.05068422853232979
541,ISPY,0.8718954248366013,0.5087064676616916,-0.36318895717490973
541,Fixed-source-weighted,0.8421256988376987,0.7107621449368596,-0.131363553900839
542,MDACC,0.8296703296703297,0.8168449197860963,-0.012825409884233419
542,ISPY,0.8536585365853658,0.6444444444444445,-0.20921409214092135
542,Fixed-source-weighted,0.835863363481728,0.772336300335147,-0.06352706314658096
543,MDACC,0.899873600577826,0.7866071428571428,-0.11326645772068311
543,ISPY,0.9468085106382979,0.782051282051282,-0.1647572285870158
543,Fixed-source-weighted,0.9119907832404969,0.7854309565706624,-0.12655982666983437
544,MDACC,0.8076472556894244,0.7292030250145434,-0.07844423067488104
544,ISPY,0.8238031914893617,0.7842105263157895,-0.039592665173572184
544,Fixed-source-weighted,0.8118182325789508,0.7434043080302246,-0.06841392454872613
545,MDACC,0.8688834154351396,0.7957325746799431,-0.07315084075519651
545,ISPY,0.9040816326530612,0.49007936507936506,-0.4140022675736961
545,Fixed-source-weighted,0.8779705368737534,0.7168221055346958,-0.16114843133905754
546,MDACC,0.8522921655833048,0.7159716758457907,-0.1363204897375141
546,ISPY,0.8873873873873874,0.7791208791208791,-0.1082665082665083
546,Fixed-source-weighted,0.8613526967026595,0.7322749015279214,-0.12907779517473808
547,MDACC,0.830364506020122,0.7920272751114608,-0.03833723090866126
547,ISPY,0.8487179487179487,0.5675438596491228,-0.2811740890688259
547,Fixed-source-weighted,0.8351028131218485,0.7340724064136677,-0.1010304067081809
548,MDACC,0.8618889809444905,0.7855750487329435,-0.07631393221154703
548,ISPY,0.8663563829787234,0.6216577540106952,-0.2446986289680282
548,Fixed-source-weighted,0.8630423298356814,0.7432565314680494,-0.11978579836763203
549,MDACC,0.8464720194647202,0.7334428715874621,-0.11302914787725804
549,ISPY,0.8420698924731183,0.6868131868131868,-0.15525670565993144
549,Fixed-source-weighted,0.845335522627019,0.7214044889169794,-0.12393103371003975
550,MDACC,0.8607461476074615,0.7431818181818182,-0.11756432942564332
550,ISPY,0.9126344086021505,0.7956043956043956,-0.11703001299775495
550,Fixed-source-weighted,0.8741421365570707,0.7567157515686928,-0.11742638498837803
551,MDACC,0.8679802955665025,0.7554334554334554,-0.11254684013304705
551,ISPY,0.8862745098039215,0.5929791271347249,-0.29329538266919664
551,Fixed-source-weighted,0.8727033116604768,0.7134926321145022,-0.15921067954597456
552,MDACC,0.8588778652069792,0.7871587462082912,-0.07171911899868799
552,ISPY,0.8326797385620915,0.5587719298245614,-0.2739078087375302
552,Fixed-source-weighted,0.8521142965633645,0.7281961367497465,-0.12391815981361784
553,MDACC,0.7697804112931335,0.7149359886201991,-0.05484442267293432
553,ISPY,0.8503267973856209,0.7854166666666667,-0.06491013071895424
553,Fixed-source-weighted,0.7905750665261613,0.7331319806648755,-0.05744308586128587
554,MDACC,0.8222222222222222,0.7499426736986929,-0.07227954852352925
554,ISPY,0.8849673202614379,0.721978021978022,-0.1629892982834159
554,Fixed-source-weighted,0.8384211200820197,0.7427230413917224,-0.09569807869029737
555,MDACC,0.7723438767234387,0.7635933806146572,-0.008750496108781536
555,ISPY,0.8835263835263836,0.7035087719298245,-0.18001761159655905
555,Fixed-source-weighted,0.8010478572379245,0.7480813411175926,-0.052966516120331944
556,MDACC,0.8575866579463701,0.8108288770053476,-0.046757780941022564
556,ISPY,0.9266409266409267,0.6657894736842105,-0.2608514529567162
556,Fixed-source-weighted,0.875414393981893,0.7733840637296292,-0.10203033025226374
557,MDACC,0.8497335997335997,0.7705276705276706,-0.07920592920592917
557,ISPY,0.8748299319727891,0.4635416666666667,-0.41128826530612245
557,Fixed-source-weighted,0.8562127181875081,0.6912731139753199,-0.16493960421218823
558,MDACC,0.8490793323008088,0.7795454545454545,-0.06953387775535425
558,ISPY,0.8803191489361702,0.6746031746031746,-0.2057159743329956
558,Fixed-source-weighted,0.857144513719742,0.7524525129917288,-0.1046920007280133
559,MDACC,0.8696043165467626,0.793951093951094,-0.07565322259566865
559,ISPY,0.82,0.6956521739130435,-0.12434782608695649
559,Fixed-source-weighted,0.8567979733859972,0.7685732681896366,-0.08822470519636061
560,MDACC,0.8534468775344688,0.7167584579071598,-0.13668841962730904
560,ISPY,0.8532818532818532,0.6923076923076923,-0.16097416097416095
560,Fixed-source-weighted,0.853404273233957,0.7104460053504346,-0.14295826788352245
561,MDACC,0.8399521531100479,0.7279460171165241,-0.11200613599352383
561,ISPY,0.8537234042553191,0.7352941176470589,-0.11842928660826024
561,Fixed-source-weighted,0.8435074761181409,0.7298430757502243,-0.11366440036791657
562,MDACC,0.8668566001899335,0.8016042780748663,-0.06525232211506715
562,ISPY,0.8504273504273504,0.6443850267379679,-0.20604232368938247
562,Fixed-source-weighted,0.8626150618525347,0.7610149942329874,-0.10160006761954726
563,MDACC,0.8765306122448979,0.795187165775401,-0.08134344646949687
563,ISPY,0.8888888888888888,0.6795634920634921,-0.20932539682539675
563,Fixed-source-weighted,0.8797211477183465,0.7653366094903005,-0.1143845382280462
564,MDACC,0.8198176192802475,0.7954600048042277,-0.024357614476019807
564,ISPY,0.8823529411764706,0.68125,-0.20110294117647054
564,Fixed-source-weighted,0.8359623592469196,0.7659744153286264,-0.06998794391829305
565,MDACC,0.7896852548751283,0.7445900640048766,-0.04509519087025171
565,ISPY,0.8424202127659575,0.7144522144522144,-0.12796799831374306
565,Fixed-source-weighted,0.8032998355070744,0.73680937735566,-0.06649045815141451
566,MDACC,0.8496779388083736,0.759901520017127,-0.08977641879124665
566,ISPY,0.9476744186046512,0.7319347319347319,-0.21573968666991927
566,Fixed-source-weighted,0.8749776835923799,0.7526813361657898,-0.12229634742659024
567,MDACC,0.8521478521478522,0.7768854748603352,-0.07526237728751695
567,ISPY,0.9089635854341737,0.7807486631016043,-0.12821492233256937
567,Fixed-source-weighted,0.8668159662969352,0.7778828339160877,-0.08893313238084749
568,MDACC,0.8497840345544713,0.7884659481770236,-0.06131808637744762
568,ISPY,0.8185897435897436,0.474481658692185,-0.34410808489755856
568,Fixed-source-weighted,0.8417306064949501,0.7074046446825719,-0.13432596181237824
569,MDACC,0.8425925925925926,0.7981843575418994,-0.044408235050693134
569,ISPY,0.9415584415584416,0.6526806526806527,-0.2888777888777889
569,Fixed-source-weighted,0.8681425993517498,0.7606196755679174,-0.10752292378383224
570,MDACC,0.8588078588078588,0.8444236176194939,-0.014384241188364899
570,ISPY,0.9021739130434783,0.6450549450549451,-0.2571189679885332
570,Fixed-source-weighted,0.8700036701954861,0.7929526204541366,-0.07705104974134953
571,MDACC,0.8416869424168695,0.7832768361581921,-0.058410106258677374
571,ISPY,0.8607188703465982,0.5322916666666667,-0.3284272036799315
571,Fixed-source-weighted,0.8466004140065707,0.7184800113548244,-0.12812040265174626
572,MDACC,0.85419675814476,0.7342342342342343,-0.11996252391052575
572,ISPY,0.9231292517006803,0.7351648351648352,-0.18796441653584506
572,Fixed-source-weighted,0.8719930555007003,0.7344744874156639,-0.13751856808503632
573,MDACC,0.8764705882352941,0.8448900027847396,-0.03158058545055453
573,ISPY,0.9015444015444015,0.7688492063492064,-0.13269519519519513
573,Fixed-source-weighted,0.8829438929784951,0.8252585553389646,-0.057685337639530376
574,MDACC,0.8476826653471878,0.7695904954499494,-0.07809216989723844
574,ISPY,0.825,0.6351981351981352,-0.18980186480186478
574,Fixed-source-weighted,0.8418266831170316,0.7348944285875529,-0.10693225452947858
575,MDACC,0.8598731165741476,0.7257727652464494,-0.13410035132769815
575,ISPY,0.8976833976833977,0.634375,-0.26330839768339764
575,Fixed-source-weighted,0.8696345943768625,0.7021766101664837,-0.16745798421037875
576,MDACC,0.8464035964035964,0.8048283885980221,-0.04157520780557433
576,ISPY,0.886968085106383,0.6958333333333333,-0.19113475177304973
576,Fixed-source-weighted,0.8568761278007211,0.7766891423041973,-0.08018698549652387
577,MDACC,0.7885204081632653,0.6733730750124193,-0.11514733315084602
577,ISPY,0.8717948717948718,0.35797101449275365,-0.5138238573021181
577,Fixed-source-weighted,0.8100193709962619,0.591945745662571,-0.2180736253336908
578,MDACC,0.8545660508888114,0.7703907684238133,-0.08417528246499817
578,ISPY,0.8633986928104576,0.6118881118881119,-0.2515105809223457
578,Fixed-source-weighted,0.856846373476426,0.729470147945642,-0.12737622553078398
579,MDACC,0.8374482187241094,0.8144367042997838,-0.023011514424325585
579,ISPY,0.7683397683397684,0.5825396825396826,-0.18580008580008578
579,Fixed-source-weighted,0.8196064946052762,0.7545678653486465,-0.0650386292566297
580,MDACC,0.8485501242750622,0.7955903271692746,-0.052959797105787576
580,ISPY,0.810935441370224,0.5891840607210627,-0.22175138064916133
580,Fixed-source-weighted,0.8388391440479961,0.7423024348509454,-0.09653670919705074
581,MDACC,0.8322456492637216,0.7157754010695188,-0.11647024819420282
581,ISPY,0.9179586563307494,0.689484126984127,-0.22847452934662238
581,Fixed-source-weighted,0.8543741706960589,0.7089877845572772,-0.14538638613878174
582,MDACC,0.8668783585735222,0.7945626477541371,-0.07231571081938515
582,ISPY,0.8829787234042553,0.6881977671451356,-0.19478095625911973
582,Fixed-source-weighted,0.8710349887095612,0.7671024334792642,-0.10393255523029703
583,MDACC,0.8657829328914665,0.7964355332776385,-0.06934739961382796
583,ISPY,0.8796653796653797,0.7375621890547264,-0.14210319061065335
583,Fixed-source-weighted,0.8693669632677383,0.7812362058475404,-0.08813075742019794
584,MDACC,0.843317230273752,0.7427350427350428,-0.10058218753870929
584,ISPY,0.8764705882352941,0.780952380952381,-0.09551820728291316
584,Fixed-source-weighted,0.8518764305317973,0.7526016104447477,-0.0992748200870495
585,MDACC,0.8314831665150136,0.8156028368794326,-0.01588032963558106
585,ISPY,0.9031620553359684,0.6256218905472637,-0.2775401647887047
585,Fixed-source-weighted,0.8499885005570249,0.7665554683819119,-0.083433032175113
586,MDACC,0.8392703493374635,0.8193023865722528,-0.019967962765210623
586,ISPY,0.8254901960784313,0.7140350877192982,-0.11145510835913308
586,Fixed-source-weighted,0.8357127280712427,0.7921255349076013,-0.04358719316364158
587,MDACC,0.8355463125899856,0.831011289935143,-0.004535022654842624
587,ISPY,0.8888888888888888,0.7354312354312355,-0.1534576534576534
587,Fixed-source-weighted,0.8493177620266306,0.8063353935109315,-0.042982368515699
588,MDACC,0.8622374206155349,0.7355936413313463,-0.12664377928418857
588,ISPY,0.9042089985486212,0.665625,-0.23858399854862122
588,Fixed-source-weighted,0.8730732201472795,0.7175298417719465,-0.15554337837533294
589,MDACC,0.8816592445983836,0.7896613190730838,-0.09199792552529984
589,ISPY,0.8875816993464052,0.5761904761904761,-0.31139122315592904
589,Fixed-source-weighted,0.8831882443535919,0.7345495655184237,-0.14863867883516818
590,MDACC,0.8594771241830066,0.8388035381750466,-0.020673586007959988
590,ISPY,0.8776881720430108,0.753125,-0.1245631720430107
590,Fixed-source-weighted,0.8641786692187594,0.8166839155742993,-0.047494753644460014
591,MDACC,0.8236763236763237,0.8392985827528224,0.015622259076498723
591,ISPY,0.8416988416988417,0.7590132827324478,-0.08268555896639385
591,Fixed-source-weighted,0.8283291959762549,0.8185713320939676,-0.00975786388228727
592,MDACC,0.8532904502721425,0.7519094380796508,-0.10138101219249163
592,ISPY,0.889102564102564,0.7614583333333333,-0.1276442307692307
592,Fixed-source-weighted,0.8625360613590815,0.7543746757431833,-0.10816138561589814
593,MDACC,0.8135964912280702,0.753925353925354,-0.059671137302716226
593,ISPY,0.8503989361702128,0.7516483516483516,-0.09875058452186114
593,Fixed-source-weighted,0.8230977760333946,0.7533375003963241,-0.06976027563707063
594,MDACC,0.8644927536231884,0.7752542372881356,-0.08923851633505286
594,ISPY,0.885752688172043,0.7375621890547264,-0.14819049911731663
594,Fixed-source-weighted,0.8699814295361281,0.7655232836592489,-0.10445814587687913
595,MDACC,0.8961141950832673,0.7486884584342212,-0.14742573664904612
595,ISPY,0.9481792717086834,0.6043478260869565,-0.34383144562172696
595,Fixed-source-weighted,0.9095558325127049,0.7114240468151561,-0.1981317856975487
596,MDACC,0.8264367816091954,0.8070818070818071,-0.019354974527388324
596,ISPY,0.8377659574468085,0.6755218216318786,-0.1622441358149299
596,Fixed-source-weighted,0.829361634194723,0.773116974236891,-0.05624465995783207
597,MDACC,0.8586578293289147,0.7836349331235248,-0.07502289620538982
597,ISPY,0.8770913770913771,0.7769230769230769,-0.10016830016830014
597,Fixed-source-weighted,0.8634168171499426,0.7819021336469387,-0.08151468350300392
598,MDACC,0.8763440860215054,0.786046511627907,-0.09029757439359842
598,ISPY,0.8722002635046113,0.6060606060606061,-0.26613965744400525
598,Fixed-source-weighted,0.875274275633157,0.7395795621513815,-0.13569471348177536
599,MDACC,0.8415247364152474,0.7274231678486998,-0.11410156856654763
599,ISPY,0.8811369509043928,0.5842105263157895,-0.2969264245886033
599,Fixed-source-weighted,0.8517514192408764,0.6904499695444517,-0.16130144969642476
600,MDACC,0.8688567445102823,0.717266775777414,-0.15158996873286823
600,ISPY,0.9281045751633987,0.6385416666666667,-0.28956290849673205
600,Fixed-source-weighted,0.8841527530775901,0.6969423195037244,-0.18721043357386574
601,MDACC,0.7920077034183919,0.8044917257683215,0.012484022349929624
601,ISPY,0.9115646258503401,0.7263681592039801,-0.18519646664636003
601,Fixed-source-weighted,0.8228737062684701,0.784322569694521,-0.038551136573949076
602,MDACC,0.8419718770438195,0.7794486215538847,-0.06252325548993476
602,ISPY,0.8444444444444444,0.5473588342440802,-0.2970856102003643
602,Fixed-source-weighted,0.8426102196080332,0.7195300163333798,-0.1230802032746535
603,MDACC,0.8226639132679401,0.7789408866995073,-0.043723026568432743
603,ISPY,0.8803921568627451,0.5958254269449715,-0.28456672991777354
603,Fixed-source-weighted,0.837567610143723,0.7316659804230097,-0.10590162972071354
604,MDACC,0.8858492102263475,0.7689750057326301,-0.11687420449371744
604,ISPY,0.9246753246753247,0.7637362637362637,-0.16093906093906096
604,Fixed-source-weighted,0.8958729456559854,0.7676225200538296,-0.1282504256021558
605,MDACC,0.8566098945660989,0.7761069340016709,-0.08050296056442807
605,ISPY,0.9233870967741935,0.7552816901408451,-0.1681054066333484
605,Fixed-source-weighted,0.8738497604956398,0.7707304821552485,-0.10311927834039117
606,MDACC,0.8875724937862469,0.7991083136637818,-0.08846418012246515
606,ISPY,0.8517287234042553,0.6699507389162561,-0.1817779844879992
606,Fixed-source-weighted,0.8783187099294583,0.7657637110328847,-0.11255499889657362
607,MDACC,0.8553711939787889,0.7411285631180919,-0.11424263086069697
607,ISPY,0.9064102564102564,0.6020833333333333,-0.3043269230769231
607,Fixed-source-weighted,0.8685479453908345,0.7052312652324844,-0.16331668015835013
608,MDACC,0.8724978973927671,0.7268139661756683,-0.14568393121709877
608,ISPY,0.8279569892473119,0.615625,-0.2123319892473119
608,Fixed-source-weighted,0.8609987740480254,0.6981083180453487,-0.16289045600267668
609,MDACC,0.8704318936877077,0.7554179566563467,-0.11501393703136098
609,ISPY,0.9011857707509882,0.6876456876456877,-0.21354008310530048
609,Fixed-source-weighted,0.8783716201190775,0.737921194395425,-0.14045042572365257
610,MDACC,0.8183567603748326,0.7832151300236406,-0.035141630351192
610,ISPY,0.8888888888888888,0.844988344988345,-0.043900543900543876
610,Fixed-source-weighted,0.8365660353833635,0.7991631168936133,-0.037402918489750164
611,MDACC,0.8499917532574633,0.7794079794079795,-0.07058377384948389
611,ISPY,0.9305019305019305,0.6442786069651741,-0.2862233235367564
611,Fixed-source-weighted,0.8707770604545644,0.7445216381564056,-0.12625542229815884
612,MDACC,0.8216836734693878,0.7925368978000557,-0.029146775669332103
612,ISPY,0.8433889602053916,0.5615763546798029,-0.2818126055255886
612,Fixed-source-weighted,0.8272873259273756,0.7329098294781604,-0.09437749644921534
613,MDACC,0.9039922275216393,0.8038103548574753,-0.100181872664164
613,ISPY,0.9012096774193549,0.5104166666666666,-0.39079301075268824
613,Fixed-source-weighted,0.9032738567435986,0.7280649255533123,-0.1752089311902863
614,MDACC,0.8543123543123543,0.7465894465894466,-0.10772290772290771
614,ISPY,0.8585434173669467,0.6571428571428571,-0.2014005602240896
614,Fixed-source-weighted,0.8554046875846184,0.723497026438203,-0.13190766114641544
615,MDACC,0.803843137254902,0.7709604519774012,-0.03288268527750082
615,ISPY,0.9249037227214377,0.6470588235294118,-0.27784489919202593
615,Fixed-source-weighted,0.835097340692341,0.7389727766591294,-0.09612456403321157
616,MDACC,0.8834314550042052,0.7449197860962566,-0.13851166890794853
616,ISPY,0.861038961038961,0.7241758241758242,-0.1368631368631369
616,Fixed-source-weighted,0.8776503863007599,0.7395643188030732,-0.1380860674976867
617,MDACC,0.8133098704207327,0.7873820168902136,-0.025927853530519074
617,ISPY,0.813570487483531,0.6043956043956044,-0.20917488308792664
617,Fixed-source-weighted,0.8133771539108016,0.7401404267363766,-0.07323672717442495
618,MDACC,0.8411496498941541,0.8378250591016548,-0.003324590792499249
618,ISPY,0.8548387096774194,0.5410447761194029,-0.31379393355801644
618,Fixed-source-weighted,0.84468375356369,0.761205312841531,-0.08347844072215892
619,MDACC,0.8426601784266018,0.8062436804853387,-0.036416497941263115
619,ISPY,0.7952380952380952,0.6947916666666667,-0.10044642857142849
619,Fixed-source-weighted,0.8304172223093076,0.7774701213622175,-0.052947100947090125
620,MDACC,0.8593666607365238,0.7909504550050556,-0.06841620573146823
620,ISPY,0.864247311827957,0.5783730158730159,-0.28587429595494107
620,Fixed-source-weighted,0.8606266981098023,0.7360693514382872,-0.12455734667151516
621,MDACC,0.8378354827466016,0.734920634920635,-0.1029148478259666
621,ISPY,0.8816326530612245,0.6498015873015873,-0.2318310657596372
621,Fixed-source-weighted,0.8491425953441677,0.7129454559601619,-0.13619713938400574
622,MDACC,0.8143180349062702,0.7499344348282192,-0.064383600078051
622,ISPY,0.8873517786561265,0.6777777777777778,-0.20957400087834865
622,Fixed-source-weighted,0.8331731517567234,0.7313057553936282,-0.10186739636309516
623,MDACC,0.8754087638979725,0.8161721931355439,-0.05923657076242861
623,ISPY,0.8461038961038961,0.709375,-0.13672889610389616
623,Fixed-source-weighted,0.8678431280949267,0.7886003687639493,-0.07924275933097742
624,MDACC,0.8865591397849463,0.7410850350502896,-0.14547410473465672
624,ISPY,0.9032679738562092,0.6783216783216783,-0.22494629553453083
624,Fixed-source-weighted,0.8908728583850436,0.7248814233458443,-0.1659914350391994
625,MDACC,0.8668367346938776,0.823648859731334,-0.043187874962543615
625,ISPY,0.9296551724137931,0.4945054945054945,-0.4351496779082986
625,Fixed-source-weighted,0.883054566654248,0.7386739386436172,-0.1443806280106307
626,MDACC,0.8917177432028918,0.8065642458100558,-0.08515349739283595
626,ISPY,0.8446726572528883,0.5333333333333333,-0.311339323919555
626,Fixed-source-weighted,0.8795721164380217,0.73602423899417,-0.14354787744385167
627,MDACC,0.820156862745098,0.764543339150669,-0.05561352359442906
627,ISPY,0.8562091503267973,0.6871657754010695,-0.16904337492572785
627,Fixed-source-weighted,0.8294644794737067,0.744566778574792,-0.08489770089891471
628,MDACC,0.8049122807017544,0.7988155668358714,-0.006096713865882952
628,ISPY,0.9191270860077022,0.6313628899835796,-0.2877641960241226
628,Fixed-source-weighted,0.8343991095225711,0.7555843201975346,-0.07881478932503633
629,MDACC,0.826775956284153,0.7805864509605662,-0.04618950532358679
629,ISPY,0.8987179487179487,0.5066844919786097,-0.3920334567393391
629,Fixed-source-weighted,0.845349215768695,0.7098732001122834,-0.13547601565641176
630,MDACC,0.840389294403893,0.7211359404096834,-0.11925335399420955
630,ISPY,0.8987179487179487,0.7604735883424408,-0.1382443603755079
630,Fixed-source-weighted,0.8554479992758225,0.7312917384053953,-0.12415626087042711
631,MDACC,0.8574150787075393,0.7802607076350093,-0.07715437107252998
631,ISPY,0.7990956072351422,0.65625,-0.14284560723514217
631,Fixed-source-weighted,0.8423587445692406,0.748244871350154,-0.09411387321908674
632,MDACC,0.8641975308641975,0.7430875576036866,-0.12110997326051087
632,ISPY,0.9183135704874835,0.7898550724637681,-0.12845849802371545
632,Fixed-source-weighted,0.8781686652767452,0.7551615238584136,-0.12300714141833166
633,MDACC,0.8417517006802722,0.7909165302782324,-0.050835170402039775
633,ISPY,0.8338509316770186,0.6614583333333334,-0.17239259834368525
633,Fixed-source-weighted,0.8397119596630923,0.7574943160342879,-0.08221764362880446
634,MDACC,0.8715663832570307,0.7606805762543467,-0.11088580700268402
634,ISPY,0.9379310344827586,0.7112299465240641,-0.22670108795869448
634,Fixed-source-weighted,0.8886997409264181,0.747913910408947,-0.14078583051747104
635,MDACC,0.8703321287213904,0.7527151211361738,-0.11761700758521665
635,ISPY,0.8701550387596899,0.6654228855721394,-0.20473215318755056
635,Fixed-source-weighted,0.8702864094175528,0.7301788903859819,-0.14010751903157082
636,MDACC,0.8282374100719424,0.7503052503052503,-0.0779321597666921
636,ISPY,0.9361559139784946,0.6956521739130435,-0.24050374006545117
636,Fixed-source-weighted,0.8560987231720001,0.7361954691451708,-0.11990325402682925
637,MDACC,0.8346720214190094,0.7004982953055336,-0.13417372611347578
637,ISPY,0.8959156785243741,0.7185792349726776,-0.17733644355169653
637,Fixed-source-weighted,0.8504832923710481,0.7051662503176395,-0.1453170420534086
638,MDACC,0.8290899241603467,0.7569940476190476,-0.07209587654129901
638,ISPY,0.930186170212766,0.6091954022988506,-0.32099076791391534
638,Fixed-source-weighted,0.8551899353961021,0.7188368810167747,-0.13635305437932743
639,MDACC,0.8347789115646258,0.7667112299465241,-0.06806768161810173
639,ISPY,0.8440308087291399,0.7914614121510674,-0.05256939657807258
639,Fixed-source-weighted,0.8371674732508892,0.7731009828686122,-0.06406649038227721
640,MDACC,0.8227081581160639,0.7811011904761904,-0.04160696763987348
640,ISPY,0.891156462585034,0.6940298507462687,-0.19712661183876534
640,Fixed-source-weighted,0.8403794524070726,0.7586219883890537,-0.08175746401801877
641,MDACC,0.9068978169143277,0.8971038707880813,-0.0097939461262464
641,ISPY,0.838562091503268,0.6666666666666666,-0.17189542483660136
641,Fixed-source-weighted,0.8892555871513417,0.8376119128613109,-0.051643674290030854
642,MDACC,0.8138739618954568,0.7688502673796791,-0.0450236945157777
642,ISPY,0.9448051948051948,0.689010989010989,-0.25579420579420575
642,Fixed-source-weighted,0.847676469738167,0.748238166101488,-0.09943830363667908
643,MDACC,0.8446186166774402,0.8000505561172901,-0.04456806056015006
643,ISPY,0.8643410852713178,0.5869565217391305,-0.2773845635321873
643,Fixed-source-weighted,0.8497103651052714,0.7450360831895954,-0.10467428191567603
644,MDACC,0.8347290640394088,0.7898395721925133,-0.0448894918468955
644,ISPY,0.9156462585034013,0.5892857142857143,-0.326360544217687
644,Fixed-source-weighted,0.8556194508454723,0.7380625958048104,-0.11755685504066195
645,MDACC,0.8309859154929577,0.8372218234027279,0.006235907909770133
645,ISPY,0.8830645161290323,0.5664845173041895,-0.3165799988248428
645,Fixed-source-weighted,0.8444310444153431,0.767325590782517,-0.07710545363282602
646,MDACC,0.8759935117599351,0.8148809523809524,-0.061112559378982745
646,ISPY,0.7912234042553191,0.5200364298724954,-0.2711869743828237
646,Fixed-source-weighted,0.8541084186459984,0.7387609612758279,-0.11534745737017044
647,MDACC,0.8283852878113145,0.7123519458544839,-0.11603334195683057
647,ISPY,0.810204081632653,0.7219251336898396,-0.08827894794281343
647,Fixed-source-weighted,0.8236914470004836,0.7148234551322392,-0.10886799186824446
648,MDACC,0.8818681318681318,0.7481283422459893,-0.1337397896221425
648,ISPY,0.9422043010752689,0.7834224598930482,-0.15878184118222072
648,Fixed-source-weighted,0.897445116728798,0.7572402222921255,-0.1402048944366725
649,MDACC,0.8279596156977691,0.7139880952380953,-0.11397152045967385
649,ISPY,0.9387351778656127,0.6285714285714286,-0.3101637492941841
649,Fixed-source-weighted,0.8565585353424086,0.6919360799875506,-0.16462245535485787
650,MDACC,0.8528603749191984,0.757565011820331,-0.09529536309886744
650,ISPY,0.8785529715762274,0.6479166666666667,-0.23063630490956066
650,Fixed-source-weighted,0.859493430918889,0.729257105718568,-0.1302363252003209
651,MDACC,0.8669812829947209,0.6945146612740142,-0.1724666217207067
651,ISPY,0.8656914893617021,0.4879679144385027,-0.37772357492319947
651,Fixed-source-weighted,0.8666482970567847,0.6411905011432776,-0.22545779591350712
652,MDACC,0.8559934318555008,0.8268983268983269,-0.029095104957173934
652,ISPY,0.8912483912483913,0.644808743169399,-0.24643964807899232
652,Fixed-source-weighted,0.8650952024177176,0.7798882709683095,-0.08520693144940811
653,MDACC,0.8412493546721734,0.7159402621152088,-0.12530909255696465
653,ISPY,0.9163265306122449,0.7521739130434782,-0.16415261756876665
653,Fixed-source-weighted,0.8606320242776168,0.7252947014071477,-0.1353373228704691
654,MDACC,0.8134365634365635,0.7651515151515151,-0.048285048285048315
654,ISPY,0.8809523809523809,0.532967032967033,-0.34798534798534797
654,Fixed-source-weighted,0.8308671176318235,0.7052084625614037,-0.12565865507041982
655,MDACC,0.8786788750817528,0.8017656500802568,-0.076913225001496
655,ISPY,0.8581699346405228,0.6430348258706468,-0.21513510876987607
655,Fixed-source-weighted,0.8733840832684941,0.7607861235686255,-0.11259795969986865
656,MDACC,0.8056344696969697,0.7458151800045861,-0.05981928969238359
656,ISPY,0.8793103448275862,0.6991978609625669,-0.18011248386501932
656,Fixed-source-weighted,0.8246553655640244,0.7337799897943916,-0.0908753757696327
657,MDACC,0.8481691919191919,0.7077828489070382,-0.1403863430121537
657,ISPY,0.8562259306803595,0.7686567164179104,-0.08756921426244901
657,Fixed-source-weighted,0.8502491996385784,0.723498651303636,-0.12675054833494237
658,MDACC,0.8791208791208791,0.7555704099821747,-0.12355046913870438
658,ISPY,0.9237726098191215,0.5561497326203209,-0.3676228771988006
658,Fixed-source-weighted,0.8906486135168306,0.7040859867416961,-0.18656262677513447
659,MDACC,0.8510520487264673,0.7070818070818071,-0.1439702416446602
659,ISPY,0.9206896551724137,0.7874762808349146,-0.13321337433749914
659,Fixed-source-weighted,0.8690303850311398,0.7278372431161062,-0.14119314191503365
660,MDACC,0.8670411985018727,0.7561660561660561,-0.11087514233581652
660,ISPY,0.8214756258234519,0.7463768115942029,-0.07509881422924902
660,Fixed-source-weighted,0.8552775375816268,0.7536387675347608,-0.1016387700468661
661,MDACC,0.8375105130361649,0.7294018736488109,-0.10810863938735393
661,ISPY,0.9090909090909091,0.6388888888888888,-0.2702020202020202
661,Fixed-source-weighted,0.855990419207161,0.7060341422892232,-0.14995627691793773
662,MDACC,0.8592171717171717,0.8040912667191188,-0.05512590499805292
662,ISPY,0.8955128205128206,0.6617063492063492,-0.23380647130647136
662,Fixed-source-weighted,0.8685876169944797,0.7673317618710508,-0.10125585512342894
663,MDACC,0.8579834605597965,0.7877005347593583,-0.07028292580043816
663,ISPY,0.8931788931788932,0.7125237191650854,-0.18065517401380782
663,Fixed-source-weighted,0.8670698630987136,0.7682921411909023,-0.09877772190781138
664,MDACC,0.8162770562770563,0.7785643318430203,-0.03771272443403595
664,ISPY,0.8790849673202614,0.7375621890547264,-0.14152277826553505
664,Fixed-source-weighted,0.8324921705659885,0.7679788113192452,-0.06451335924674323
665,MDACC,0.8594216564513594,0.7656370656370657,-0.09378459081429369
665,ISPY,0.7977207977207977,0.7767379679144385,-0.020982829806359238
665,Fixed-source-weighted,0.8434923497856263,0.7685029848524658,-0.07498936493316029
666,MDACC,0.8458960104643558,0.7529425894787413,-0.09295342098561454
666,ISPY,0.888030888030888,0.6984126984126984,-0.18961818961818966
666,Fixed-source-weighted,0.8567739690517939,0.7388646110662662,-0.11790935798552774
667,MDACC,0.8472010823608997,0.7979946524064171,-0.049206429954482656
667,ISPY,0.8525641025641025,0.6016042780748663,-0.25095982448923626
667,Fixed-source-weighted,0.8485856529362366,0.7472925623012129,-0.10129309063502362
668,MDACC,0.8111858704793945,0.7950432730133753,-0.016142597466019204
668,ISPY,0.8581699346405228,0.6677083333333333,-0.19046160130718948
668,Fixed-source-weighted,0.8233157432530191,0.762169219958724,-0.061146523294295194
669,MDACC,0.8812217194570136,0.7637032085561497,-0.11751851090086385
669,ISPY,0.8982712765957447,0.6954365079365079,-0.20283476865923677
669,Fixed-source-weighted,0.8856234025091697,0.7460787989190527,-0.139544603590117
670,MDACC,0.8358475263584753,0.797316384180791,-0.038531142177684274
670,ISPY,0.8682170542635659,0.6621129326047359,-0.20610412165882996
670,Fixed-source-weighted,0.8442043652620772,0.7624109179242278,-0.08179344733784935
671,MDACC,0.8100644122383253,0.7028204540243064,-0.10724395821401889
671,ISPY,0.898970398970399,0.6480099502487562,-0.2509604487216428
671,Fixed-source-weighted,0.8330172650220959,0.6886700298469586,-0.14434723517513748
672,MDACC,0.8635847526358476,0.7520833333333333,-0.11150141930251423
672,ISPY,0.8478260869565217,0.7625,-0.08532608695652177
672,Fixed-source-weighted,0.8595163389473942,0.7547726034858389,-0.1047437354615554
673,MDACC,0.8803391457366821,0.7513661202185792,-0.12897302551810297
673,ISPY,0.8803191489361702,0.6666666666666666,-0.21365248226950362
673,Fixed-source-weighted,0.880333983164001,0.729499267830994,-0.15083471533300707
674,MDACC,0.8057110862262038,0.8048533872598584,-0.0008576989663453549
674,ISPY,0.8506410256410256,0.8181818181818182,-0.032459207459207384
674,Fixed-source-weighted,0.817310645748331,0.8082943873998416,-0.009016258348489474
675,MDACC,0.8368214519293656,0.7906048906048906,-0.04621656132447505
675,ISPY,0.8758169934640523,0.7285714285714285,-0.14724556489262375
675,Fixed-source-weighted,0.8468889283386476,0.7745897157661864,-0.07229921257246116
676,MDACC,0.7925114453891432,0.8159574468085107,0.02344600141936748
676,ISPY,0.8369704749679076,0.5559772296015181,-0.2809932453663895
676,Fixed-source-weighted,0.803989430149674,0.7488383711243525,-0.05515105902532142
677,MDACC,0.8383084577114428,0.7441441441441441,-0.09416431356729871
677,ISPY,0.8331193838254172,0.7417582417582418,-0.09136114206717538
677,Fixed-source-weighted,0.8369687948454427,0.7435281758811171,-0.0934406189643257
678,MDACC,0.8464573268921095,0.7641325536062378,-0.08232477328587173
678,ISPY,0.862002567394095,0.5989010989010989,-0.2631014684929961
678,Fixed-source-weighted,0.8504706406164784,0.7214747597444536,-0.12899588087202477
679,MDACC,0.8400131947880587,0.7970171890798786,-0.042996005708180074
679,ISPY,0.8248366013071895,0.7741347905282332,-0.0507018107789563
679,Fixed-source-weighted,0.8360950546410371,0.791109641741382,-0.044985412899654985
680,MDACC,0.8943383238685252,0.7961082910321489,-0.09823003283637632
680,ISPY,0.9285714285714286,0.7156177156177156,-0.21295371295371301
680,Fixed-source-weighted,0.903176282272216,0.7753280444382266,-0.1278482378339894
681,MDACC,0.8662880743417656,0.8007722007722008,-0.06551587356956479
681,ISPY,0.9460847240051348,0.6096256684491979,-0.3364590555559369
681,Fixed-source-weighted,0.8868891701698904,0.7514239130156086,-0.1354652571542818
682,MDACC,0.830404953145917,0.8012210012210013,-0.02918395192491574
682,ISPY,0.8924242424242425,0.6390845070422535,-0.25333973538198895
682,Fixed-source-weighted,0.846416469005354,0.7593622331160305,-0.08705423588932354
683,MDACC,0.8596929337772845,0.8219895287958116,-0.037703404981472954
683,ISPY,0.8918367346938776,0.7440476190476191,-0.14778911564625852
683,Fixed-source-weighted,0.8679914967590194,0.8018672710503633,-0.06612422570865616
684,MDACC,0.8217629394099982,0.7937165775401069,-0.02804636186989129
684,ISPY,0.8622908622908623,0.6802083333333333,-0.18208252895752897
684,Fixed-source-weighted,0.8322260306112671,0.7644121615520837,-0.06781386905918338
685,MDACC,0.8465493203206692,0.7992202729044834,-0.04732904741618582
685,ISPY,0.8301282051282052,0.6195445920303605,-0.21058361309784468
685,Fixed-source-weighted,0.8423098820847064,0.7528334141167197,-0.08947646796798664
686,MDACC,0.8410107705053853,0.8313797313797314,-0.009631039125653884
686,ISPY,0.9045751633986928,0.6293260473588342,-0.2752491160398586
686,Fixed-source-weighted,0.8574211856641151,0.7792155449821796,-0.0782056406819355
687,MDACC,0.8166666666666667,0.7024981984146048,-0.11416846825206184
687,ISPY,0.9117241379310345,0.6818181818181818,-0.2299059561128527
687,Fixed-source-weighted,0.841207647810082,0.6971592398815414,-0.14404840792854054
688,MDACC,0.7901265401265402,0.7704545454545455,-0.019671994671994653
688,ISPY,0.865359477124183,0.7021978021978021,-0.1631616749263809
688,Fixed-source-weighted,0.8095494225540363,0.7528327065091772,-0.056716716044859075
689,MDACC,0.8189210950080515,0.7486631016042781,-0.07025799340377348
689,ISPY,0.9294354838709677,0.7634920634920634,-0.1659434203789043
689,Fixed-source-weighted,0.847452587557628,0.7524914937256344,-0.09496109383199353
690,MDACC,0.8535631035631036,0.7418269230769231,-0.1117361804861805
690,ISPY,0.8269230769230769,0.685515873015873,-0.14140720390720385
690,Fixed-source-weighted,0.8466854496266262,0.7272891029631225,-0.11939634666350353
691,MDACC,0.8546653639472399,0.7336996336996336,-0.12096573024760626
691,ISPY,0.8242296918767507,0.5781499202551834,-0.24607977162156724
691,Fixed-source-weighted,0.8468077884780614,0.6935413743463279,-0.15326641413173347
692,MDACC,0.8815244407622204,0.7727678571428571,-0.10875658361936325
692,ISPY,0.9424242424242424,0.6654228855721394,-0.27700135685210303
692,Fixed-source-weighted,0.8972469385769254,0.7450546128484562,-0.15219232572846927
693,MDACC,0.8133333333333334,0.7164948453608248,-0.0968384879725086
693,ISPY,0.9305019305019305,0.6991228070175438,-0.23137912348438672
693,Fixed-source-weighted,0.8435827424062718,0.7120099073571673,-0.13157283504910458
694,MDACC,0.9012145056448854,0.7607076350093109,-0.14050687063557443
694,ISPY,0.807845744680851,0.6584440227703985,-0.14940172191045253
694,Fixed-source-weighted,0.8771094987293341,0.7343062449214872,-0.1428032538078469
695,MDACC,0.9215214251324025,0.7596380802517703,-0.16188334488063227
695,ISPY,0.8847167325428195,0.9142857142857143,0.029568981742894795
695,Fixed-source-weighted,0.9120195600520854,0.7995634498226252,-0.11245611022946025
696,MDACC,0.8471264367816091,0.7445652173913043,-0.10256121939030483
696,ISPY,0.9131034482758621,0.8666666666666667,-0.0464367816091954
696,Fixed-source-weighted,0.8641597175268576,0.7760881405702378,-0.08807157695661971
697,MDACC,0.7969387755102041,0.7613202400436443,-0.0356185354665598
697,ISPY,0.810012836970475,0.6375227686703097,-0.17249006830016533
697,Fixed-source-weighted,0.8003141051028885,0.7293594549505286,-0.07095465015235992
698,MDACC,0.8247991967871486,0.8135026737967914,-0.011296522990357216
698,ISPY,0.8979460847240052,0.746031746031746,-0.15191433869225912
698,Fixed-source-weighted,0.8436835240649646,0.7960837087855542,-0.047599815279410325
699,MDACC,0.8429991714995857,0.884393063583815,0.04139389208422928
699,ISPY,0.8069828722002635,0.6208333333333333,-0.1861495388669302
699,Fixed-source-weighted,0.8337008458634863,0.8163498652511744,-0.017350980612311894
700,MDACC,0.8501908396946565,0.7458291203235592,-0.10436171937109728
700,ISPY,0.9231292517006803,0.6958333333333333,-0.22729591836734697
700,Fixed-source-weighted,0.8690213447550352,0.7329217112639911,-0.1360996334910441
701,MDACC,0.8518148518148518,0.8232768361581921,-0.0285380156566597
701,ISPY,0.8992094861660079,0.7072192513368984,-0.19199023482910949
701,Fixed-source-weighted,0.8640507214676013,0.7933142570703419,-0.07073646439725949
702,MDACC,0.8222045995241871,0.6945996275605214,-0.12760497196366571
702,ISPY,0.7785622593068036,0.7286527514231499,-0.04990950788365367
702,Fixed-source-weighted,0.8109374594027059,0.7033911203224419,-0.10754633908026391
703,MDACC,0.8513835877862596,0.7944915254237288,-0.05689206236253075
703,ISPY,0.8740740740740741,0.807832422586521,-0.06624165148755312
703,Fixed-source-weighted,0.8572415891481464,0.7979357439722928,-0.05930584517585352
704,MDACC,0.7947454844006568,0.7200772200772201,-0.07466826432343676
704,ISPY,0.9197689345314506,0.7875,-0.1322689345314506
704,Fixed-source-weighted,0.8270227803494566,0.7374837547631666,-0.08953902558629001
705,MDACC,0.8403354502524019,0.8097147950089126,-0.030620655243489225
705,ISPY,0.907979407979408,0.690625,-0.21735440797940797
705,Fixed-source-weighted,0.8577990863976094,0.7789693904151084,-0.07882969598250093
706,MDACC,0.8727380348384914,0.842061013692049,-0.03067702114644244
706,ISPY,0.8243243243243243,0.6927860696517413,-0.13153825467258307
706,Fixed-source-weighted,0.8602390703593438,0.8035227111456951,-0.05671635921364868
707,MDACC,0.8300189393939394,0.7719298245614035,-0.05808911483253598
707,ISPY,0.8774703557312253,0.6648451730418944,-0.21262518268933095
707,Fixed-source-weighted,0.8422694684483368,0.7442837870776087,-0.09798568137072816
708,MDACC,0.838776183407554,0.8257575757575758,-0.013018607649978198
708,ISPY,0.9013071895424837,0.6230769230769231,-0.2782302664655606
708,Fixed-source-weighted,0.854919809174415,0.7734315249021132,-0.08148828427230177
709,MDACC,0.8590177133655394,0.7566899360093078,-0.10232777735623166
709,ISPY,0.8151515151515152,0.7794117647058824,-0.03573975044563282
709,Fixed-source-weighted,0.8476927798396967,0.7625560290388156,-0.08513675080088098
710,MDACC,0.8888621409083615,0.8123885918003565,-0.07647354910800497
710,ISPY,0.8285714285714286,0.6056149732620321,-0.22295645530939656
710,Fixed-source-weighted,0.873296891644905,0.7590058602169328,-0.11429103142797209
711,MDACC,0.8358433734939759,0.7790780141843971,-0.05676535930957871
711,ISPY,0.8564935064935065,0.6029143897996357,-0.2535791166938708
711,Fixed-source-weighted,0.8411746169807829,0.7335978627909456,-0.10757675418983714
712,MDACC,0.8526814911706998,0.8397310778572977,-0.012950413313402076
712,ISPY,0.8562259306803595,0.6746031746031746,-0.1816227560771848
712,Fixed-source-weighted,0.853596558887246,0.7971000178668542,-0.05649654102039174
713,MDACC,0.7806750919852824,0.7518796992481203,-0.02879539273716214
713,ISPY,0.9144827586206896,0.710989010989011,-0.2034937476316786
713,Fixed-source-weighted,0.8152202085349465,0.7413229529328601,-0.07389725560208632
714,MDACC,0.794963401882189,0.7404754647973179,-0.054487937084871096
714,ISPY,0.9206896551724137,0.6318681318681318,-0.2888215233042819
714,Fixed-source-weighted,0.8274221404767241,0.7124363167535084,-0.11498582372321572
715,MDACC,0.8688834154351396,0.7663603453077137,-0.1025230701274259
715,ISPY,0.8525641025641025,0.754079254079254,-0.09848484848484851
715,Fixed-source-weighted,0.8646702594978457,0.7631897367879479,-0.10148052270989774
716,MDACC,0.8135219097449313,0.7419642857142857,-0.07155762403064558
716,ISPY,0.8877688172043011,0.5749601275917066,-0.31280868961259456
716,Fixed-source-weighted,0.8326902289909779,0.6988488331270839,-0.13384139586389387
717,MDACC,0.8349873843566021,0.7765420775051594,-0.05844530685144278
717,ISPY,0.9095607235142119,0.7276867030965392,-0.18187402041767275
717,Fixed-source-weighted,0.8542399784528478,0.7639290886872476,-0.0903108897656002
718,MDACC,0.8483253588516746,0.8056689887100649,-0.04265637014160972
718,ISPY,0.8315217391304348,0.5975935828877005,-0.23392815624273433
718,Fixed-source-weighted,0.843987169446518,0.7519501747886048,-0.09203699465791314
719,MDACC,0.864406779661017,0.8109402852049911,-0.053466494456025915
719,ISPY,0.8739495798319328,0.5932835820895522,-0.28066599774238055
719,Fixed-source-weighted,0.8668704437574299,0.7547478683876065,-0.11212257536982337
720,MDACC,0.8630216064654461,0.8271692745376956,-0.0358523319277505
720,ISPY,0.8709677419354839,0.7113095238095238,-0.15965821812596004
720,Fixed-source-weighted,0.8650730597403905,0.7972577702647363,-0.06781528947565428
721,MDACC,0.8484433800889497,0.6675360158966717,-0.18090736419227804
721,ISPY,0.9324324324324325,0.7549751243781094,-0.17745730805432303
721,Fixed-source-weighted,0.8701268282429862,0.6901101648183501,-0.18001666342463607
722,MDACC,0.870935960591133,0.8059855521155831,-0.06495040847554989
722,ISPY,0.9111111111111111,0.6592039800995025,-0.25190713101160855
722,Fixed-source-weighted,0.881307976575049,0.7680909632617584,-0.11321701331329054
723,MDACC,0.8243443839683325,0.8312689585439839,0.006924574575651321
723,ISPY,0.912987012987013,0.48717948717948717,-0.42580752580752584
723,Fixed-source-weighted,0.8472292457084494,0.7424354022113198,-0.10479384349712972
724,MDACC,0.8464285714285714,0.7592744135297327,-0.08715415789883874
724,ISPY,0.8774703557312253,0.5547945205479452,-0.32267583518328014
724,Fixed-source-weighted,0.8544426268531128,0.7064838529233235,-0.1479587739297893
725,MDACC,0.8407631627224362,0.7116310160427808,-0.12913214667965545
725,ISPY,0.8947368421052632,0.753731343283582,-0.14100549882168112
725,Fixed-source-weighted,0.8546975440010093,0.7225000547748832,-0.13219748922612612
726,MDACC,0.8755663994423144,0.8810874704491726,0.005521071006858169
726,ISPY,0.8870967741935484,0.6164835164835165,-0.27061325771003186
726,Fixed-source-weighted,0.8785431955382212,0.8127746849482352,-0.065768510589986
727,MDACC,0.7877955377955378,0.7638352638352638,-0.023960273960274003
727,ISPY,0.831781914893617,0.6794871794871795,-0.15229473540643745
727,Fixed-source-weighted,0.7991514978960224,0.7420591244120656,-0.05709237348395673
728,MDACC,0.8524808524808525,0.7673869846000994,-0.08509386788075313
728,ISPY,0.9461038961038961,0.5,-0.4461038961038961
728,Fixed-source-weighted,0.8766515075338606,0.6983557042621652,-0.17829580327169528
729,MDACC,0.857759322585898,0.8038770053475935,-0.0538823172383045
729,ISPY,0.8444148936170213,0.7748015873015873,-0.06961330631543394
729,Fixed-source-weighted,0.8543141922311881,0.7963706065710102,-0.05794358566017779
730,MDACC,0.8096566886521225,0.8427284427284427,0.03307175407632024
730,ISPY,0.9115384615384615,0.7157894736842105,-0.195748987854251
730,Fixed-source-weighted,0.8359594992992493,0.809956617386958,-0.02600288191229129
731,MDACC,0.7887966129294903,0.7674388674388675,-0.02135774549062286
731,ISPY,0.8785529715762274,0.5548128342245989,-0.32374013735162843
731,Fixed-source-weighted,0.8119690061748898,0.7125452183410662,-0.09942378783382366
732,MDACC,0.8996148290804045,0.8432486631016043,-0.056366165978800176
732,ISPY,0.8512820512820513,0.6756978653530378,-0.17558418592901348
732,Fixed-source-weighted,0.8871367589952087,0.7999920845978894,-0.0871446743973193
733,MDACC,0.8010374832663989,0.7610294117647058,-0.040008071501693054
733,ISPY,0.8769230769230769,0.6954365079365079,-0.181486568986569
733,Fixed-source-weighted,0.8206288620209008,0.744095296070498,-0.07653356595040287
734,MDACC,0.8411192214111922,0.756866852886406,-0.08425236852478624
734,ISPY,0.8980392156862745,0.7901069518716578,-0.10793226381461674
734,Fixed-source-weighted,0.8558142526129292,0.7654484470688729,-0.09036580554405621
735,MDACC,0.8362929139184847,0.8333333333333334,-0.0029595805851513335
735,ISPY,0.7907573812580231,0.786096256684492,-0.0046611245735310725
735,Fixed-source-weighted,0.824537008427712,0.8211381403422927,-0.0033988680854193055
736,MDACC,0.8256140350877192,0.8121693121693122,-0.013444722918407037
736,ISPY,0.8982712765957447,0.8313492063492064,-0.06692207024653829
736,Fixed-source-weighted,0.8443719503790069,0.8171209841961476,-0.02725096618285923
737,MDACC,0.8704218443427076,0.8027823240589198,-0.06763952028378784
737,ISPY,0.8904761904761904,0.7205882352941176,-0.16988795518207278
737,Fixed-source-weighted,0.8755992735732474,0.7815622815346736,-0.09403699203857382
738,MDACC,0.8720911571176376,0.7342931937172775,-0.1377979634003601
738,ISPY,0.8909574468085106,0.6875,-0.20345744680851063
738,Fixed-source-weighted,0.8769618658940395,0.7222125979536668,-0.15474926794037283
739,MDACC,0.8639062750762317,0.7799663704059573,-0.08393990467027446
739,ISPY,0.8923076923076924,0.6859582542694497,-0.20634943803824268
739,Fixed-source-weighted,0.8712386671065763,0.7556963012073166,-0.11554236589925973
740,MDACC,0.8739130434782608,0.7773414776032577,-0.09657156587500315
740,ISPY,0.7961038961038961,0.7200328407224958,-0.07607105538140024
740,Fixed-source-weighted,0.8538250609861863,0.762546110565414,-0.09127895042077233
741,MDACC,0.833654309099663,0.7443812233285918,-0.08927308577107118
741,ISPY,0.8543882978723404,0.5582750582750583,-0.2961132395972821
741,Fixed-source-weighted,0.8390072016259424,0.6963342068605227,-0.14267299476541978
742,MDACC,0.8494113799869195,0.7728801345183761,-0.0765312454685434
742,ISPY,0.8869509043927648,0.8045540796963947,-0.08239682469637011
742,Fixed-source-weighted,0.859102956549213,0.7810573948747928,-0.07804556167442023
743,MDACC,0.8682670796764757,0.839989888776542,-0.028277190899933635
743,ISPY,0.9009009009009009,0.5396825396825397,-0.36121836121836126
743,Fixed-source-weighted,0.8766921511690561,0.7624595600888748,-0.1142325910801813
744,MDACC,0.8285134449518011,0.7603731551099973,-0.06814028984180387
744,ISPY,0.8736559139784946,0.8422619047619048,-0.03139400921658986
744,Fixed-source-weighted,0.8401678732299345,0.7815143682554244,-0.05865350497451006
745,MDACC,0.7977744310575636,0.7241715399610137,-0.07360289109654994
745,ISPY,0.8016795865633075,0.6242884250474383,-0.1773911615158692
745,Fixed-source-weighted,0.7987826247992427,0.6983847227120842,-0.10039790208715851
746,MDACC,0.8664899076291481,0.8347345664184482,-0.031755341210699894
746,ISPY,0.8836734693877552,0.5336976320582878,-0.34997583732946735
746,Fixed-source-weighted,0.8709261866452591,0.7570158807503022,-0.11391030589495686
747,MDACC,0.8448979591836735,0.7519203413940256,-0.09297761778964786
747,ISPY,0.8648275862068966,0.5942460317460317,-0.27058155446086485
747,Fixed-source-weighted,0.8500431896896691,0.7112135751777136,-0.13882961451195552
748,MDACC,0.8312716476991588,0.8050684602450157,-0.026203187454143184
748,ISPY,0.8675324675324675,0.6220238095238095,-0.24550865800865795
748,Fixed-source-weighted,0.840633101185536,0.7578118347320246,-0.08282126645351137
749,MDACC,0.7986543313708999,0.7400445558340295,-0.05860977553687041
749,ISPY,0.8173076923076923,0.6368421052631579,-0.18046558704453441
749,Fixed-source-weighted,0.8034700683447777,0.7134007859154058,-0.09006928242937191
750,MDACC,0.8593596059113301,0.8019125683060109,-0.05744703760531922
750,ISPY,0.9276485788113695,0.6442786069651741,-0.2833699718461954
750,Fixed-source-weighted,0.8769897655816018,0.7612162188095204,-0.11577354677208138
751,MDACC,0.8701138050470064,0.8116123642439432,-0.05850144080306319
751,ISPY,0.7760617760617761,0.5106951871657754,-0.2653665888960006
751,Fixed-source-weighted,0.845832398871081,0.733924596305462,-0.11190780256561894
752,MDACC,0.8856483065343825,0.7685549436139523,-0.11709336292043027
752,ISPY,0.9110644257703081,0.6708333333333333,-0.24023109243697482
752,Fixed-source-weighted,0.8922099843763371,0.7433261618748382,-0.14888382250149895
753,MDACC,0.8240740740740741,0.7549775208734746,-0.06909655320059949
753,ISPY,0.8705128205128205,0.6004566210045662,-0.2700561995082543
753,Fixed-source-weighted,0.8360631622069531,0.7150848702537238,-0.12097829195322934
754,MDACC,0.855682005607785,0.7873603351955307,-0.06832167041225423
754,ISPY,0.8978494623655914,0.7212301587301587,-0.17661930363543266
754,Fixed-source-weighted,0.866568375162905,0.7702875118596995,-0.09628086330320554
755,MDACC,0.8753232062055591,0.773224043715847,-0.10209916248971218
755,ISPY,0.7775537634408602,0.6666666666666666,-0.11088709677419362
755,Fixed-source-weighted,0.8500820755571565,0.7457141326475946,-0.10436794290956196
756,MDACC,0.8065601345668629,0.7366902701285077,-0.06986986443835519
756,ISPY,0.8640522875816994,0.6520833333333333,-0.21196895424836604
756,Fixed-source-weighted,0.8214028799530463,0.7148473027859628,-0.10655557716708348
757,MDACC,0.875748031496063,0.7638461538461538,-0.11190187764990911
757,ISPY,0.8660130718954249,0.6242884250474383,-0.24172464684798656
757,Fixed-source-weighted,0.8732347576122381,0.7278165441236097,-0.14541821348862846
758,MDACC,0.8483743061062649,0.7438314711359404,-0.10454283497032446
758,ISPY,0.8326612903225806,0.8434782608695652,0.010816970546984606
758,Fixed-source-weighted,0.8443176778483856,0.7695572763286083,-0.07476040151977735
759,MDACC,0.8063186813186813,0.782511835143414,-0.023806846175267293
759,ISPY,0.838501291989664,0.6010989010989011,-0.23740239089076298
759,Fixed-source-weighted,0.8146272638121703,0.7356764698181967,-0.0789507939939737
760,MDACC,0.8625693893735131,0.7962057728119181,-0.06636361656159506
760,ISPY,0.8798701298701299,0.683531746031746,-0.19633838383838387
760,Fixed-source-weighted,0.8670359204167574,0.7671167266823966,-0.09991919373436081
761,MDACC,0.8931855500821018,0.8213642213642214,-0.07182132871788038
761,ISPY,0.8581514762516046,0.6166666666666667,-0.2414848095849379
761,Fixed-source-weighted,0.8841408055310912,0.7685174670468788,-0.11562333848421223
762,MDACC,0.8652349828820417,0.7327563598216628,-0.13247862306037894
762,ISPY,0.9273504273504274,0.599502487562189,-0.32784793978823834
762,Fixed-source-weighted,0.881271323120612,0.6983542163298379,-0.18291710679077403
763,MDACC,0.8682670796764757,0.8321750321750322,-0.03609204750144346
763,ISPY,0.8921694480102695,0.6841491841491841,-0.2080202638610854
763,Fixed-source-weighted,0.874437952546965,0.7939592086650911,-0.0804787438818739
764,MDACC,0.837138508371385,0.704582651391162,-0.13255585698022299
764,ISPY,0.7452956989247311,0.7179144385026738,-0.027381260422057352
764,Fixed-source-weighted,0.8134274562593404,0.7080245179983824,-0.105402938260958
765,MDACC,0.8455113192818111,0.7693573364305072,-0.07615398285130393
765,ISPY,0.8445378151260504,0.7393048128342246,-0.10523300229182586
765,Fixed-source-weighted,0.8452599897775461,0.7615986783778722,-0.08366131139967398
766,MDACC,0.8873843566021867,0.7530583214793741,-0.1343260351228126
766,ISPY,0.8521505376344086,0.8502673796791443,-0.0018831579552642808
766,Fixed-source-weighted,0.8782880438621394,0.7781547776812756,-0.10013326618086386
767,MDACC,0.8029824561403509,0.7861264096511933,-0.016856046489157617
767,ISPY,0.842948717948718,0.7389162561576355,-0.1040324617910825
767,Fixed-source-weighted,0.8133005433392431,0.7739381674093925,-0.039362375929850646
768,MDACC,0.8350649350649351,0.761096256684492,-0.07396867838044308
768,ISPY,0.9011857707509882,0.7466793168880456,-0.1545064538629426
768,Fixed-source-weighted,0.8521353468923802,0.757374236279527,-0.09476111061285308
769,MDACC,0.8170731707317073,0.7233898305084746,-0.09368334022323266
769,ISPY,0.8772609819121447,0.7579710144927536,-0.11928996741939113
769,Fixed-source-weighted,0.832611854010317,0.7323176525174879,-0.10029420149282912
770,MDACC,0.8675227837613919,0.8635778635778636,-0.003944920183528322
770,ISPY,0.8797043010752689,0.7430555555555556,-0.1366487455197133
770,Fixed-source-weighted,0.8706676852901379,0.8324626271930194,-0.03820505809711856
771,MDACC,0.848185088293002,0.7721611721611722,-0.0760239161318298
771,ISPY,0.9165596919127086,0.6109625668449198,-0.3055971250677888
771,Fixed-source-weighted,0.8658373552405734,0.7305445387625319,-0.13529281647804145
772,MDACC,0.8413078149920256,0.7448955080470814,-0.09641230694494418
772,ISPY,0.8487903225806451,0.7284382284382285,-0.12035209414241665
772,Fixed-source-weighted,0.8432395734871267,0.740646733246103,-0.10259284024102369
773,MDACC,0.8532954741008433,0.7834496800465387,-0.06984579405430458
773,ISPY,0.8818998716302953,0.6822916666666666,-0.19960820496362863
773,Fixed-source-weighted,0.8606802695414535,0.7573337223438921,-0.10334654719756145
774,MDACC,0.8387799564270153,0.7350282485875707,-0.10375170783944465
774,ISPY,0.7850707850707851,0.8344988344988346,0.04942804942804946
774,Fixed-source-weighted,0.8249138631683808,0.7607085632509362,-0.06420529991744454
775,MDACC,0.8238437001594896,0.6680035650623886,-0.15584013509710104
775,ISPY,0.8889602053915276,0.7791208791208791,-0.10983932627064852
775,Fixed-source-weighted,0.8406548240592642,0.6966907147702995,-0.1439641092889646
776,MDACC,0.9167853187786743,0.7330521711965011,-0.18373314758217318
776,ISPY,0.907979407979408,0.7043859649122807,-0.20359344306712734
776,Fixed-source-weighted,0.9145118973631775,0.7256514185937122,-0.1888604787694653
777,MDACC,0.8045920859794822,0.8023688663282572,-0.0022232196512249613
777,ISPY,0.8792207792207792,0.5845771144278606,-0.2946436647929186
777,Fixed-source-weighted,0.8238589708358955,0.7461415839748868,-0.07771738686100862
778,MDACC,0.8435374149659864,0.7364280094413848,-0.10710940552460169
778,ISPY,0.9045454545454545,0.5765027322404371,-0.3280427223050174
778,Fixed-source-weighted,0.8592878565567641,0.6951401110790487,-0.16414774547771555
779,MDACC,0.8797368421052632,0.782076813655761,-0.09766002844950217
779,ISPY,0.8416988416988417,0.6135416666666667,-0.22815717503217503
779,Fixed-source-weighted,0.8699165740264811,0.7385661057729556,-0.13135046825352556
780,MDACC,0.825350667122819,0.7367290192113246,-0.0886216479114944
780,ISPY,0.9267053701015965,0.8140417457305503,-0.11266362437104616
780,Fixed-source-weighted,0.8515174041663596,0.7566888407636737,-0.09482856340268589
781,MDACC,0.8420049710024855,0.8012063991607657,-0.040798571841719755
781,ISPY,0.8729838709677419,0.7813186813186813,-0.09166518964906056
781,Fixed-source-weighted,0.8500027915817511,0.7960719883453258,-0.05393080323642539
782,MDACC,0.8447434819175778,0.7758620689655172,-0.06888141295206052
782,ISPY,0.8992248062015504,0.722636815920398,-0.17658799028115246
782,Fixed-source-weighted,0.8588089218471001,0.7621209088656336,-0.09668801298146662
783,MDACC,0.8631792376317924,0.8538928210313448,-0.0092864166004476
783,ISPY,0.858793324775353,0.7420634920634921,-0.11672983271186088
783,Fixed-source-weighted,0.8620469267963065,0.8250218504808208,-0.03702507631548567
784,MDACC,0.8629629629629629,0.7608240223463687,-0.10213894061659423
784,ISPY,0.8764705882352941,0.8095238095238095,-0.06694677871148458
784,Fixed-source-weighted,0.8664502256966694,0.773396843218976,-0.09305338247769339
785,MDACC,0.8321278385197645,0.6951093951093951,-0.1370184434103694
785,ISPY,0.9207407407407407,0.5572139303482587,-0.363526810392482
785,Fixed-source-weighted,0.855005025694461,0.659508931984788,-0.195496093709673
786,MDACC,0.8976940285665118,0.7746460746460746,-0.12304795392043721
786,ISPY,0.8844672657252889,0.6659340659340659,-0.218533199791223
786,Fixed-source-weighted,0.8942792760682877,0.7465799024622555,-0.14769937360603225
787,MDACC,0.875721589971961,0.7993564993564993,-0.0763650906154617
787,ISPY,0.9224358974358975,0.43716577540106955,-0.48527012203482794
787,Fixed-source-weighted,0.8877818196767029,0.7058497438255223,-0.18193207585118046
788,MDACC,0.8165924459838364,0.7994350282485876,-0.017157417735248814
788,ISPY,0.8794871794871795,0.590625,-0.2888621794871795
788,Fixed-source-weighted,0.8328299752216276,0.745526556903364,-0.08730341831826362
789,MDACC,0.8116747181964573,0.7286812394907518,-0.0829934787057055
789,ISPY,0.9084321475625824,0.7878787878787878,-0.12055335968379455
789,Fixed-source-weighted,0.8366545774118949,0.7439642666889703,-0.09269031072292458
790,MDACC,0.8087468460891506,0.7516483516483516,-0.05709849444079895
790,ISPY,0.8952569169960475,0.6857142857142857,-0.20954263128176176
790,Fixed-source-weighted,0.8310811454409313,0.73462615815557,-0.09645498728536125
791,MDACC,0.8697065820777161,0.7771633051398829,-0.09254327693783326
791,ISPY,0.9108527131782945,0.6130434782608696,-0.29780923491742495
791,Fixed-source-weighted,0.8803292760546628,0.734792500161314,-0.14553677589334876
792,MDACC,0.8137064071370641,0.7599511599511599,-0.05375524718590419
792,ISPY,0.7856182795698925,0.6337760910815939,-0.15184218848829856
792,Fixed-source-weighted,0.8064548970788729,0.7273765506678406,-0.07907834641103215
793,MDACC,0.8778687209115712,0.7915750915750915,-0.08629362933647966
793,ISPY,0.8859259259259259,0.5704365079365079,-0.315489417989418
793,Fixed-source-weighted,0.8799488490035126,0.7344837578906206,-0.14546509111289185
794,MDACC,0.8540047581284694,0.7754107490949597,-0.07859400903350977
794,ISPY,0.7958656330749354,0.767379679144385,-0.028485953930550423
794,Fixed-source-weighted,0.8389949840133414,0.7733373682907263,-0.06565761572261504
795,MDACC,0.8996906041361342,0.7586169985013915,-0.1410736056347427
795,ISPY,0.9423076923076923,0.769298245614035,-0.17300944669365725
795,Fixed-source-weighted,0.9106930550039548,0.761374575370342,-0.1493184796336128
796,MDACC,0.8071653543307087,0.6651162790697674,-0.14204907526094124
796,ISPY,0.8982712765957447,0.6515151515151515,-0.2467561250805932
796,Fixed-source-weighted,0.8306861643272376,0.6616048768579549,-0.16908128746928275
797,MDACC,0.8297872340425532,0.7502673796791444,-0.0795198543634088
797,ISPY,0.8955128205128206,0.7179144385026738,-0.17759838201014677
797,Fixed-source-weighted,0.8467556044057921,0.7419148229701864,-0.10484078143560586
798,MDACC,0.9019704433497537,0.8073286052009456,-0.09464183814880811
798,ISPY,0.8603723404255319,0.8177083333333334,-0.04266400709219853
798,Fixed-source-weighted,0.8912310638366376,0.8100083389344706,-0.08122272490216707
799,MDACC,0.8598323050150293,0.7812428342123366,-0.07858947080269263
799,ISPY,0.8923076923076924,0.6902985074626866,-0.20200918484500574
799,Fixed-source-weighted,0.8682164736298018,0.7577637433194533,-0.11045273031034863
800,MDACC,0.8187153053132434,0.7788191190253045,-0.039896186287938895
800,ISPY,0.8510204081632653,0.5853174603174603,-0.26570294784580495
800,Fixed-source-weighted,0.827055511604589,0.7288628084438676,-0.09819270316072132
801,MDACC,0.8709448818897638,0.7995938769134645,-0.07135100497629931
801,ISPY,0.8366013071895425,0.6812386156648452,-0.15536269152469728
801,Fixed-source-weighted,0.8620784034540858,0.7690381068525465,-0.09304029660153931
802,MDACC,0.843989343989344,0.7414194299011053,-0.10256991408823868
802,ISPY,0.8787878787878788,0.5828877005347594,-0.29590017825311943
802,Fixed-source-weighted,0.8529732794438677,0.7004913036921467,-0.15248197575172096
803,MDACC,0.8767123287671232,0.72890559732665,-0.1478067314404733
803,ISPY,0.8856209150326797,0.5824561403508772,-0.3031647746818025
803,Fixed-source-weighted,0.8790122579010414,0.6910967505910747,-0.1879155073099668
804,MDACC,0.8365861462166053,0.75256052141527,-0.08402562480133535
804,ISPY,0.8590909090909091,0.5288135593220339,-0.33027734976887524
804,Fixed-source-weighted,0.8423961993769649,0.6947957828356437,-0.14760041654132117
805,MDACC,0.8470588235294118,0.7872309482257126,-0.05982787530369915
805,ISPY,0.9139784946236559,0.7770833333333333,-0.13689516129032253
805,Fixed-source-weighted,0.864335470641978,0.7846111391521899,-0.07972433148978819
806,MDACC,0.8623376623376623,0.7944444444444444,-0.0678932178932179
806,ISPY,0.8444148936170213,0.683531746031746,-0.16088314758527522
806,Fixed-source-weighted,0.8577105423084772,0.7658101203444341,-0.09190042196404316
807,MDACC,0.8280410356619443,0.7089877835951134,-0.11905325206683093
807,ISPY,0.9282051282051282,0.6140350877192983,-0.31417004048582997
807,Fixed-source-weighted,0.8539003928871455,0.6844738523069128,-0.16942654058023265
808,MDACC,0.8691019786910198,0.7364975450081833,-0.13260443368283648
808,ISPY,0.9310344827586207,0.6831550802139037,-0.24787940254471696
808,Fixed-source-weighted,0.8850910892182763,0.7227261243586798,-0.16236496485959648
809,MDACC,0.8474548440065681,0.7865934065934066,-0.06086143741316152
809,ISPY,0.8642213642213642,0.5501165501165501,-0.31410481410481406
809,Fixed-source-weighted,0.8517834554345711,0.7255421920127803,-0.1262412634217908
810,MDACC,0.8829307568438003,0.7783687943262412,-0.10456196251755911
810,ISPY,0.8293807641633728,0.5652173913043478,-0.264163372859025
810,Fixed-source-weighted,0.8691057587334939,0.7233395105395433,-0.14576624819395065
811,MDACC,0.7820450885668278,0.759427374301676,-0.0226177142651518
811,ISPY,0.8746770025839793,0.7074592074592074,-0.16721779512477186
811,Fixed-source-weighted,0.8059598637542623,0.7460107560645681,-0.05994910768969424
812,MDACC,0.8088649544324772,0.7145877378435518,-0.0942772165889254
812,ISPY,0.8491436100131752,0.6783216783216783,-0.17082193169149684
812,Fixed-source-weighted,0.8192636923111543,0.7052249316271204,-0.11403876068403372
813,MDACC,0.8231884057971014,0.7840499639682921,-0.03913844182880932
813,ISPY,0.8656832298136646,0.5579710144927537,-0.307712215320911
813,Fixed-source-weighted,0.8341592917360181,0.7256831763585943,-0.10847611537742381
814,MDACC,0.8355810855810856,0.7610241820768137,-0.07455690350427191
814,ISPY,0.8714470284237726,0.5417457305502846,-0.329701297873488
814,Fixed-source-weighted,0.8448405937006028,0.7044130785781346,-0.14042751512246823
815,MDACC,0.8313353313353313,0.7997180654955541,-0.0316172658397772
815,ISPY,0.7970430107526881,0.7424242424242424,-0.0546187683284457
815,Fixed-source-weighted,0.8224820851718384,0.7849265229379279,-0.03755556223391057
816,MDACC,0.8616584564860427,0.7653846153846153,-0.09627384110142734
816,ISPY,0.8155467720685112,0.6671122994652406,-0.14843447260327058
816,Fixed-source-weighted,0.8497538059338042,0.7400136580067376,-0.1097401479270666
817,MDACC,0.9092598577892695,0.7929181929181929,-0.11634166487107667
817,ISPY,0.851421188630491,0.8330170777988615,-0.018404110831629517
817,Fixed-source-weighted,0.8943276523528529,0.8032705194069929,-0.09105713294585992
818,MDACC,0.8807814992025519,0.7949255121042831,-0.0858559870982688
818,ISPY,0.8866930171277997,0.7261072261072261,-0.16058579102057358
818,Fixed-source-weighted,0.8823076753989394,0.7771586997063501,-0.10514897569258932
819,MDACC,0.8052195526097763,0.8082463984103329,0.0030268458005565657
819,ISPY,0.8597074468085106,0.7823383084577115,-0.07736913835079917
819,Fixed-source-weighted,0.8192866886937633,0.8015577085206038,-0.017728980173159457
820,MDACC,0.8638961038961039,0.8261261261261261,-0.037769977769977814
820,ISPY,0.8940949935815148,0.6197916666666666,-0.27430332691484816
820,Fixed-source-weighted,0.8716925492724028,0.7728567722133899,-0.09883577705901297
821,MDACC,0.8414300376325693,0.834044498628467,-0.007385539004102326
821,ISPY,0.9,0.5947916666666667,-0.3052083333333333
821,Fixed-source-weighted,0.8565510409888668,0.772276610638329,-0.08427443035053779
822,MDACC,0.8410028038924625,0.7688547486033519,-0.07214805528911061
822,ISPY,0.8942307692307693,0.6212121212121212,-0.27301864801864806
822,Fixed-source-weighted,0.8547446642249013,0.7307378611396028,-0.1240068030852984
823,MDACC,0.8346985012199373,0.85,0.015301498780062706
823,ISPY,0.8564102564102564,0.5747252747252747,-0.2816849816849817
823,Fixed-source-weighted,0.8403038236383531,0.7789323421676363,-0.061371481470716735
824,MDACC,0.8259141494435612,0.8122213480199318,-0.013692801423629386
824,ISPY,0.8150326797385621,0.5362318840579711,-0.278800795680591
824,Fixed-source-weighted,0.8231048811210289,0.7409691661473996,-0.08213571497362929
825,MDACC,0.8696670976082741,0.7581833060556464,-0.11148379155262766
825,ISPY,0.8423423423423423,0.7288557213930348,-0.1134866209493075
825,Fixed-source-weighted,0.8626126673272002,0.7506118054401356,-0.11200086188706462
826,MDACC,0.846034847744667,0.8048840048840049,-0.04115084286066206
826,ISPY,0.8934640522875817,0.7165492957746479,-0.17691475651293387
826,Fixed-source-weighted,0.8582796423815634,0.7820786388067527,-0.07620100357481066
827,MDACC,0.875438596491228,0.7486033519553073,-0.12683524453592077
827,ISPY,0.8564993564993565,0.46726190476190477,-0.3892374517374517
827,Fixed-source-weighted,0.8705490541403855,0.6759694489217164,-0.19457960521866896
828,MDACC,0.807630779075348,0.7475378332932981,-0.06009294578204982
828,ISPY,0.9009009009009009,0.5364583333333334,-0.36444256756756754
828,Fixed-source-weighted,0.8317103203309646,0.6930434525846798,-0.1386668677462848
829,MDACC,0.8363458720078163,0.7917780748663101,-0.04456779714150616
829,ISPY,0.9201680672268907,0.4375,-0.4826680672268907
829,Fixed-source-weighted,0.85798624266895,0.7003141274335046,-0.15767211523544533
830,MDACC,0.8700409179861235,0.8139562815277445,-0.05608463645837902
830,ISPY,0.8830065359477124,0.667910447761194,-0.21509608818651837
830,Fixed-source-weighted,0.873388250727841,0.7762516381697135,-0.09713661255812742
831,MDACC,0.8888617489008305,0.80158539514773,-0.0872763537531005
831,ISPY,0.9055851063829787,0.684375,-0.22121010638297878
831,Fixed-source-weighted,0.8931792170089669,0.7713251950932507,-0.12185402191571615
832,MDACC,0.8487244897959184,0.8078877005347593,-0.04083678926115908
832,ISPY,0.8876329787234043,0.6208791208791209,-0.2667538578442834
832,Fixed-source-weighted,0.8587694918392891,0.7596077077478461,-0.09916178409144283
833,MDACC,0.8491764705882353,0.7827048417132216,-0.06647162887501368
833,ISPY,0.8474462365591398,0.75,-0.09744623655913975
833,Fixed-source-weighted,0.8487297761820309,0.7742614348656907,-0.07446834131634035
834,MDACC,0.8360262358022716,0.7091346153846154,-0.12689162041765623
834,ISPY,0.8288113695090439,0.5651408450704225,-0.2636705244386214
834,Fixed-source-weighted,0.834163574242909,0.6719597531139578,-0.16220382112895115
835,MDACC,0.8294205794205795,0.749645390070922,-0.07977518934965744
835,ISPY,0.8876765083440308,0.6150793650793651,-0.27259714326466566
835,Fixed-source-weighted,0.8444605087831698,0.7149044881940168,-0.12955602058915305
836,MDACC,0.8525035994240922,0.743956043956044,-0.10854755546804817
836,ISPY,0.8836734693877552,0.5725274725274725,-0.31114599686028266
836,Fixed-source-weighted,0.8605507227153646,0.6996983408748115,-0.16085238184055317
837,MDACC,0.8832642916321458,0.7749930381509329,-0.10827125348121291
837,ISPY,0.9032051282051282,0.6489583333333333,-0.2542467948717949
837,Fixed-source-weighted,0.88841241610687,0.7424546666457357,-0.14595774946113443
838,MDACC,0.8302530802530802,0.7588473205257836,-0.07140575972729657
838,ISPY,0.8912483912483913,0.6083788706739527,-0.2828695205744386
838,Fixed-source-weighted,0.846000235706118,0.7200008906620757,-0.1259993450440424
839,MDACC,0.827671913835957,0.7283904619970194,-0.09928145183893755
839,ISPY,0.8197674418604651,0.6604395604395604,-0.1593278814209047
839,Fixed-source-weighted,0.8256312168226765,0.7108475821831657,-0.11478363463951077
840,MDACC,0.8420287375983578,0.7351712614870509,-0.10685747611130691
840,ISPY,0.7793148880105402,0.7041666666666667,-0.07514822134387344
840,Fixed-source-weighted,0.8258379071492155,0.7271668072687165,-0.09867109988049894
841,MDACC,0.8476082740788623,0.7380774962742176,-0.10953077780464471
841,ISPY,0.817154255319149,0.7619047619047619,-0.05524949341438712
841,Fixed-source-weighted,0.8397459620461258,0.7442289798847177,-0.09551698216140828
842,MDACC,0.8716891356066614,0.8121882454998915,-0.059500890106769844
842,ISPY,0.8706563706563707,0.6013986013986014,-0.26925776925776934
842,Fixed-source-weighted,0.8714225067469459,0.7577686968593624,-0.11365380988758345
843,MDACC,0.86658615136876,0.7622950819672131,-0.10429106940154698
843,ISPY,0.8899868247694335,0.6625,-0.2274868247694335
843,Fixed-source-weighted,0.8726275016911562,0.7365309921782921,-0.1360965095128641
844,MDACC,0.8025435073627845,0.7463726884779517,-0.056170818884832774
844,ISPY,0.822875816993464,0.7857142857142857,-0.03716153127917832
844,Fixed-source-weighted,0.8077926984112279,0.7565295060651099,-0.051263192346118064
845,MDACC,0.8263955342902711,0.8132967032967033,-0.01309883099356779
845,ISPY,0.8701298701298701,0.563768115942029,-0.30636175418784106
845,Fixed-source-weighted,0.8376864249155271,0.7488759242084051,-0.088810500707122
846,MDACC,0.8381838422391857,0.7957029309488326,-0.04248091129035314
846,ISPY,0.8673202614379085,0.6604166666666667,-0.20690359477124187
846,Fixed-source-weighted,0.8457059896793789,0.7607760849413454,-0.08492990473803358
847,MDACC,0.8558731265249215,0.8103576751117735,-0.045515451413148056
847,ISPY,0.8766233766233766,0.6104166666666667,-0.2662067099567099
847,Fixed-source-weighted,0.8612302172366143,0.7587389180295401,-0.10249129920707417
848,MDACC,0.8473902236951119,0.7336065573770492,-0.11378366631806269
848,ISPY,0.8710106382978723,0.5972222222222222,-0.2737884160756501
848,Fixed-source-weighted,0.8534883045892886,0.6983962224841364,-0.15509208210515224
849,MDACC,0.878544776119403,0.88379705400982,0.005252277890417045
849,ISPY,0.8761904761904762,0.7710144927536232,-0.10517598343685297
849,Fixed-source-weighted,0.8779369666606278,0.8546799875417169,-0.023256979118910837
850,MDACC,0.8268707482993197,0.7645305514157973,-0.062340196883522436
850,ISPY,0.9084321475625824,0.4662004662004662,-0.4422316813621162
850,Fixed-source-weighted,0.8479274494163058,0.6875106928144537,-0.1604167566018522
851,MDACC,0.8578872990637697,0.7123356926188069,-0.1455516064449628
851,ISPY,0.861904761904762,0.6701631701631702,-0.19174159174159178
851,Fixed-source-weighted,0.8589244871828495,0.7014480152528092,-0.15747647193004022
852,MDACC,0.8024154589371981,0.7230788675429727,-0.07933659139422544
852,ISPY,0.9131274131274131,0.7444444444444445,-0.16868296868296861
852,Fixed-source-weighted,0.8309979569144106,0.7285948171351828,-0.10240313977922777
853,MDACC,0.8549397987794821,0.7527186761229314,-0.1022211226565507
853,ISPY,0.9009308510638298,0.7331002331002331,-0.16783061796359666
853,Fixed-source-weighted,0.8668133057417811,0.7476537839700126,-0.11915952177176847
854,MDACC,0.822824302134647,0.7302808302808302,-0.09254347185381673
854,ISPY,0.8721088435374149,0.7807539682539683,-0.09135487528344666
854,Fixed-source-weighted,0.8355480889673877,0.7433114770124575,-0.09223661195493035
855,MDACC,0.8706407137064072,0.7581724581724582,-0.11246825553394901
855,ISPY,0.826797385620915,0.6724598930481284,-0.15433749257278662
855,Fixed-source-weighted,0.8593216845601527,0.7360440508364384,-0.12327763372371428
856,MDACC,0.85614095107766,0.814281559045957,-0.04185939203170297
856,ISPY,0.8557312252964426,0.621875,-0.23385622529644268
856,Fixed-source-weighted,0.8560351721995025,0.7646079702726544,-0.0914272019268482
857,MDACC,0.8215093729799612,0.7930482838859803,-0.02846108909398093
857,ISPY,0.8758169934640523,0.63125,-0.2445669934640523
857,Fixed-source-weighted,0.8355299678108215,0.751276831510188,-0.08425313630063336
858,MDACC,0.7983682983682984,0.7178592204770216,-0.08050907789127681
858,ISPY,0.8122448979591836,0.6724941724941725,-0.1397507254650111
858,Fixed-source-weighted,0.80195081917771,0.7061473290043253,-0.09580349017338469
859,MDACC,0.8507359307359308,0.7664568581169683,-0.0842790726189625
859,ISPY,0.8689655172413793,0.634032634032634,-0.23493288320874528
859,Fixed-source-weighted,0.8554422618925662,0.7322689048402937,-0.12317335705227245
860,MDACC,0.8360536522301228,0.7863886703383163,-0.04966498189180657
860,ISPY,0.9176548089591567,0.572139303482587,-0.34551550547656973
860,Fixed-source-weighted,0.8571206175294486,0.7310759253003993,-0.12604469222904935
861,MDACC,0.8410628019323672,0.7347233149750853,-0.1063394869572819
861,ISPY,0.9006535947712418,0.5833333333333334,-0.3173202614379085
861,Fixed-source-weighted,0.8564473530247564,0.6956389733094042,-0.16080837971535217
862,MDACC,0.8580645161290322,0.7893314366998577,-0.0687330794291745
862,ISPY,0.88866930171278,0.6927860696517413,-0.19588323206103875
862,Fixed-source-weighted,0.8659657516228757,0.7644063255992002,-0.1015594260236754
863,MDACC,0.8456690368455074,0.7391817466561762,-0.10648729018933123
863,ISPY,0.92,0.782608695652174,-0.1373913043478261
863,Fixed-source-weighted,0.86485905674487,0.7503932792401103,-0.11446577750475964
864,MDACC,0.7728302544440572,0.8211126629422719,0.048282408498214746
864,ISPY,0.8397606382978723,0.5285714285714286,-0.3111892097264437
864,Fixed-source-weighted,0.7901096672690617,0.7455873115850935,-0.044522355683968326
865,MDACC,0.8496485943775101,0.7921492921492922,-0.05749930222821786
865,ISPY,0.87001287001287,0.696875,-0.17313787001286995
865,Fixed-source-weighted,0.8549060380872926,0.7675523343721874,-0.08735370371510517
866,MDACC,0.863237639553429,0.788127173373075,-0.075110466180354
866,ISPY,0.8727390180878553,0.785921625544267,-0.08681739254358822
866,Fixed-source-weighted,0.8656906098286568,0.7875577672342652,-0.0781328425943916
867,MDACC,0.8344588744588745,0.7398345153664303,-0.09462435909244415
867,ISPY,0.8617571059431525,0.6393034825870647,-0.22245362335608776
867,Fixed-source-weighted,0.8415064570969724,0.7138804252044373,-0.12762603189253516
868,MDACC,0.852105530187722,0.7517514124293785,-0.10035411775834346
868,ISPY,0.8520671834625323,0.5301587301587302,-0.32190845330380213
868,Fixed-source-weighted,0.8520956302161861,0.6945428441307471,-0.15755278608543902
869,MDACC,0.8249619482496194,0.7709815078236131,-0.05398044042600636
869,ISPY,0.9319640564826701,0.5877192982456141,-0.344244758237056
869,Fixed-source-weighted,0.8525866755385443,0.7236687151547834,-0.12891796038376102
870,MDACC,0.8534675615212528,0.7924413288631514,-0.061026232658101365
870,ISPY,0.9071146245059288,0.6604477611940298,-0.24666686331189902
870,Fixed-source-weighted,0.8673176202656626,0.7583645581250449,-0.10895306214061776
871,MDACC,0.8688085676037484,0.7318634423897582,-0.13694512521399016
871,ISPY,0.8457516339869281,0.5489583333333333,-0.29679330065359477
871,Fixed-source-weighted,0.862855960558883,0.6846428423392433,-0.17821311821963975
872,MDACC,0.859830418653948,0.7882366429717954,-0.07159377568215264
872,ISPY,0.8440308087291399,0.6590909090909091,-0.18493989963823088
872,Fixed-source-weighted,0.8557514343923146,0.7548950972966646,-0.10085633709564996
873,MDACC,0.8440974493132767,0.7335893854748603,-0.11050806383841638
873,ISPY,0.8404255319148937,0.6717267552182163,-0.16869877669667732
873,Fixed-source-weighted,0.8431494706385309,0.7176183142648117,-0.12553115637371903
874,MDACC,0.8466778805719092,0.7648832939942303,-0.08179458657767891
874,ISPY,0.9019480519480519,0.7,-0.201948051948052
874,Fixed-source-weighted,0.8609469771036584,0.7481323782244781,-0.11281459887918047
875,MDACC,0.8692395375346035,0.7932624113475177,-0.07597712618708574
875,ISPY,0.9163372859025033,0.7,-0.21633728590250334
875,Fixed-source-weighted,0.88139876015246,0.7691848607055116,-0.11221389944694846
876,MDACC,0.8714859437751004,0.7550765385816932,-0.11640940519340714
876,ISPY,0.8862745098039215,0.5710526315789474,-0.31522187822497416
876,Fixed-source-weighted,0.8753039069001882,0.7075670985385007,-0.16773680836168753
877,MDACC,0.8586578293289147,0.7750549450549451,-0.08360288427396956
877,ISPY,0.8584415584415584,0.6789473684210526,-0.17949419002050582
877,Fixed-source-weighted,0.8586019946880613,0.7502428582769141,-0.10835913641114722
878,MDACC,0.8602696272799366,0.8075933075933076,-0.052676319686629
878,ISPY,0.8746438746438746,0.4242957746478873,-0.4503480999959873
878,Fixed-source-weighted,0.8639806257823912,0.7086374085649148,-0.15534321721747643
879,MDACC,0.8796992481203008,0.8238095238095238,-0.05588972431077699
879,ISPY,0.9519104084321476,0.5722610722610723,-0.3796493361710753
879,Fixed-source-weighted,0.8983419986583265,0.7588672765143354,-0.1394747221439913
880,MDACC,0.8540829986613119,0.7445540013758313,-0.1095289972854806
880,ISPY,0.8215661103979461,0.7149122807017544,-0.10665382969619175
880,Fixed-source-weighted,0.8456881157436456,0.7369014002867722,-0.10878671545687335
881,MDACC,0.8526606425702812,0.7779433681073026,-0.0747172744629786
881,ISPY,0.7279202279202279,0.7637571157495257,0.035836887829297726
881,Fixed-source-weighted,0.8204564178730454,0.7742809042633014,-0.04617551360974387
882,MDACC,0.8171836876960613,0.7591749644381224,-0.05800872325793893
882,ISPY,0.8945981554677207,0.5757042253521126,-0.31889393011560807
882,Fixed-source-weighted,0.8371697757809015,0.7118083357198388,-0.12536144006106267
883,MDACC,0.8305958132045088,0.7721611721611722,-0.05843464104333662
883,ISPY,0.8836601307189542,0.6841491841491841,-0.1995109465697701
883,Fixed-source-weighted,0.8442954245889571,0.7494391229685348,-0.09485630162042238
884,MDACC,0.8829921259842519,0.753411306042885,-0.12958081994136694
884,ISPY,0.918918918918919,0.6898550724637681,-0.22906384645515088
884,Fixed-source-weighted,0.8922673437680386,0.7370029973737666,-0.15526434639427195
885,MDACC,0.8518981018981019,0.767475378332933,-0.08442272356516889
885,ISPY,0.8389610389610389,0.5759013282732448,-0.2630597106877941
885,Fixed-source-weighted,0.8485581412052,0.7180167183502031,-0.13054142285499698
886,MDACC,0.862043795620438,0.7797270955165692,-0.08231670010386882
886,ISPY,0.8831908831908832,0.5909090909090909,-0.2922817922817923
886,Fixed-source-weighted,0.8675033378363373,0.7309799636081026,-0.13652337422823468
887,MDACC,0.8673862115127176,0.7624195624195624,-0.10496664909315512
887,ISPY,0.8995726495726496,0.6537433155080213,-0.24582933406462826
887,Fixed-source-weighted,0.8756957821229615,0.7343626228574325,-0.14133315926552892
888,MDACC,0.8312520812520813,0.7201883964889745,-0.1110636847631068
888,ISPY,0.8635752688172043,0.5958254269449715,-0.2677498418722327
888,Fixed-source-weighted,0.8395969564731425,0.688081616770098,-0.15151533970304454
889,MDACC,0.8725766362883182,0.7511146079202727,-0.12146202836804543
889,ISPY,0.8960784313725491,0.6127118644067797,-0.28336656696576934
889,Fixed-source-weighted,0.878644093189149,0.7153831806733253,-0.16326091251582384
890,MDACC,0.8508522727272727,0.7848699763593381,-0.06598229636793462
890,ISPY,0.9386206896551724,0.6343283582089553,-0.30429233144621715
890,Fixed-source-weighted,0.8735114391890507,0.7460046566407753,-0.12750678254827555
891,MDACC,0.8512457254518808,0.7712660028449502,-0.07997972260693065
891,ISPY,0.8967532467532467,0.6692307692307692,-0.22752247752247756
891,Fixed-source-weighted,0.8629943992519067,0.7449235732517465,-0.11807082600016008
892,MDACC,0.8114333057166528,0.7847517730496454,-0.026681532667007457
892,ISPY,0.861038961038961,0.621031746031746,-0.240007215007215
892,Fixed-source-weighted,0.8242399945090135,0.7424841843750897,-0.08175581013392379
893,MDACC,0.8403517672924066,0.8080131445904954,-0.032338622701911124
893,ISPY,0.8603425559947299,0.7333333333333333,-0.12700922266139658
893,Fixed-source-weighted,0.8455127879050979,0.7887330625992675,-0.05677972530583058
894,MDACC,0.8174095878889823,0.7696039863624443,-0.04780560152653801
894,ISPY,0.886896551724138,0.8529411764705882,-0.03395537525354975
894,Fixed-source-weighted,0.8353490328006729,0.7911191432857887,-0.044229889514884185
895,MDACC,0.8829995114802149,0.7834224598930482,-0.09957705158716679
895,ISPY,0.8813793103448276,0.5758706467661692,-0.30550866357865847
895,Fixed-source-weighted,0.8825812242589876,0.7298388218635599,-0.15274240239542772
896,MDACC,0.9027443428021185,0.7897419214920841,-0.11300242131003435
896,ISPY,0.8902597402597403,0.6406593406593407,-0.2496003996003996
896,Fixed-source-weighted,0.8995211937797398,0.7512532813424544,-0.14826791243728552
897,MDACC,0.8811841038118411,0.7797872340425532,-0.10139686976928786
897,ISPY,0.9057692307692308,0.7228070175438597,-0.1829622132253711
897,Fixed-source-weighted,0.8875312444315594,0.7650766552732826,-0.12245458915827667
898,MDACC,0.8607528755663995,0.7183785431270954,-0.14237433243930409
898,ISPY,0.9372549019607843,0.7486338797814208,-0.1886210221793635
898,Fixed-source-weighted,0.8805033987205054,0.7261895614136696,-0.15431383730683576
899,MDACC,0.8761713520749665,0.7844067796610169,-0.09176457241394964
899,ISPY,0.9110671936758893,0.696969696969697,-0.21409749670619227
899,Fixed-source-weighted,0.8851804092203028,0.7618331537374409,-0.12334725548286196
900,MDACC,0.850216684723727,0.8235294117647058,-0.02668727295902118
900,ISPY,0.8902597402597403,0.6561771561771562,-0.2340825840825841
900,Fixed-source-weighted,0.8605545977542663,0.7803240908777241,-0.08023050687654233
901,MDACC,0.867722249711364,0.7893691008445107,-0.0783531488668533
901,ISPY,0.8763297872340425,0.6322916666666667,-0.24403812056737584
901,Fixed-source-weighted,0.8699444571110098,0.7488164299293157,-0.1211280271816941
902,MDACC,0.8749163319946452,0.8258890469416785,-0.04902728505296672
902,ISPY,0.8538461538461538,0.635673624288425,-0.2181725295577288
902,Fixed-source-weighted,0.869476645479185,0.7767811437076687,-0.09269550177151642
903,MDACC,0.8040257929592193,0.7977287689269256,-0.006297024032293708
903,ISPY,0.9312925170068027,0.7341269841269841,-0.19716553287981864
903,Fixed-source-weighted,0.8368822347884974,0.7813087003021042,-0.05557353448639328
904,MDACC,0.8488945578231293,0.7825679475164011,-0.06632661030672815
904,ISPY,0.9282945736434108,0.7313296903460837,-0.1969648832973271
904,Fixed-source-weighted,0.8693932547179078,0.7693397700116461,-0.10005348470626188
905,MDACC,0.8323250490516677,0.8086470267321331,-0.023678022319534642
905,ISPY,0.9096296296296297,0.6355721393034826,-0.2740574903261471
905,Fixed-source-weighted,0.8522827675668933,0.7639642943567626,-0.08831847321013069
906,MDACC,0.851500405515004,0.750354609929078,-0.10114579558592607
906,ISPY,0.8956582633053222,0.7242063492063492,-0.17145191409897298
906,Fixed-source-weighted,0.862900636774596,0.7436039151673278,-0.11929672160726826
907,MDACC,0.8544800523217789,0.7807500655651718,-0.07372998675660714
907,ISPY,0.8517287234042553,0.7020872865275142,-0.14964143687674114
907,Fixed-source-weighted,0.8537697419149674,0.7604417010423778,-0.09332804087258945
908,MDACC,0.8265800865800865,0.7010416666666667,-0.12553841991341985
908,ISPY,0.8992248062015504,0.5521390374331551,-0.34708576876839536
908,Fixed-source-weighted,0.845334769096739,0.662599484609649,-0.18273528448709003
909,MDACC,0.8444872412132884,0.7424933941868844,-0.10199384702640402
909,ISPY,0.898936170212766,0.7760416666666666,-0.12289450354609932
909,Fixed-source-weighted,0.8585443176543301,0.7511545495002923,-0.10738976815403778
910,MDACC,0.8229220443985544,0.7575289575289575,-0.06539308686959688
910,ISPY,0.875,0.6072261072261073,-0.26777389277389274
910,Fixed-source-weighted,0.8363670067923918,0.7187252804899865,-0.1176417263024053
911,MDACC,0.8633004926108374,0.7908622908622909,-0.07243820174854654
911,ISPY,0.9301994301994302,0.6082887700534759,-0.32191066014595426
911,Fixed-source-weighted,0.8805717869556048,0.743727296927989,-0.13684449002761587
912,MDACC,0.845987345987346,0.6676602086438153,-0.17832713734353078
912,ISPY,0.8416988416988417,0.6971014492753623,-0.14459739242347935
912,Fixed-source-weighted,0.8448801831154773,0.6752610518133977,-0.16961913130207962
913,MDACC,0.9029425723777883,0.7589824285339628,-0.1439601438438255
913,ISPY,0.8673202614379085,0.9028985507246376,0.035578289286729126
913,Fixed-source-weighted,0.8937459626906953,0.7961372443936469,-0.09760871829704833
914,MDACC,0.8680486180486181,0.8291819291819292,-0.03886668886668887
914,ISPY,0.8766149870801033,0.7131868131868132,-0.16342817389329012
914,Fixed-source-weighted,0.8702601969815833,0.7992354776668503,-0.07102471931473299
915,MDACC,0.8026512013256006,0.7432935916542474,-0.059357609671353284
915,ISPY,0.8847167325428195,0.6393034825870647,-0.24541324995575475
915,Fixed-source-weighted,0.8238380541561898,0.716446471993112,-0.10739158216307787
916,MDACC,0.8495649263721553,0.6828828828828829,-0.1666820434892724
916,ISPY,0.8889602053915276,0.5177083333333333,-0.3712518720581943
916,Fixed-source-weighted,0.8597356029817318,0.6402397802213979,-0.21949582276033397
917,MDACC,0.8787606278613472,0.7888707037643208,-0.08988992409702645
917,ISPY,0.8960784313725491,0.6336898395721925,-0.26238859180035656
917,Fixed-source-weighted,0.8832315640619517,0.7488076701983792,-0.13442389386357245
918,MDACC,0.8193810248604769,0.8643048128342246,0.04492378797374763
918,ISPY,0.9127086007702182,0.8746031746031746,-0.0381054261670436
918,Fixed-source-weighted,0.8434753990332533,0.8669635402190189,0.02348814118576558
919,MDACC,0.8618889416231609,0.8279828109201214,-0.033906130703039494
919,ISPY,0.9048275862068965,0.6671122994652406,-0.23771528674165587
919,Fixed-source-weighted,0.8729744086888966,0.7864508814922273,-0.08652352719666923
920,MDACC,0.8645408163265306,0.7197860962566844,-0.14475472006984613
920,ISPY,0.8647058823529412,0.6081593927893738,-0.2565464895635674
920,Fixed-source-weighted,0.8645834314117804,0.6909674375183918,-0.17361599389338855
921,MDACC,0.8212872139046635,0.6893326592517695,-0.13195455465289407
921,ISPY,0.8627450980392157,0.7677083333333333,-0.0950367647058824
921,Fixed-source-weighted,0.8319903931420152,0.7095669019068138,-0.12242349123520152
922,MDACC,0.8593025115981443,0.754054054054054,-0.10524845754409029
922,ISPY,0.8931451612903226,0.7647058823529411,-0.1284392789373815
922,Fixed-source-weighted,0.8680396662572362,0.7568040358697797,-0.11123563038745632
923,MDACC,0.8388566694283347,0.7458291203235592,-0.09302754910477551
923,ISPY,0.9128205128205128,0.789044289044289,-0.12377622377622377
923,Fixed-source-weighted,0.8579519100426551,0.7569859776076693,-0.100965932434986
924,MDACC,0.8209437621202327,0.7277777777777777,-0.09316598434245493
924,ISPY,0.879654255319149,0.6350267379679144,-0.24462751735123456
924,Fixed-source-weighted,0.8361010463121098,0.7038322478922248,-0.13226879841988498
925,MDACC,0.7901360544217687,0.7374517374517374,-0.052684316970031286
925,ISPY,0.9102564102564102,0.6766848816029144,-0.23357152865349584
925,Fixed-source-weighted,0.8211475188365945,0.7217635622489367,-0.09938395658765777
926,MDACC,0.8466183574879227,0.7805662805662805,-0.06605207692164217
926,ISPY,0.8780487804878049,0.6247086247086248,-0.2533401557791801
926,Fixed-source-weighted,0.8547327477395262,0.7403285197402845,-0.11440422799924184
927,MDACC,0.8613961312026913,0.7832836562344759,-0.07811247496821538
927,ISPY,0.9012987012987013,0.68125,-0.22004870129870124
927,Fixed-source-weighted,0.8716977751163671,0.7569416338732877,-0.1147561412430794
928,MDACC,0.8217584673280875,0.7750145433391507,-0.0467439239889369
928,ISPY,0.8333333333333334,0.6895833333333333,-0.14375000000000004
928,Fixed-source-weighted,0.8247467497281347,0.7529587734356881,-0.07178797629244667
929,MDACC,0.8450784826684107,0.7846003898635477,-0.06047809280486294
929,ISPY,0.8391248391248392,0.7901098901098901,-0.04901494901494907
929,Fixed-source-weighted,0.8435414309038939,0.7860227771820479,-0.05751865372184596
930,MDACC,0.8384749248536624,0.7761605035405192,-0.06231442131314313
930,ISPY,0.9454787234042553,0.7461538461538462,-0.19932487725040915
930,Fixed-source-weighted,0.8661000885317567,0.7684136867642213,-0.09768640176753535
931,MDACC,0.8476826653471878,0.77237108190091,-0.07531158344627786
931,ISPY,0.8965744400527009,0.6029411764705882,-0.2936332635821127
931,Fixed-source-weighted,0.8603050516273694,0.7286293742898139,-0.1316756773375555
932,MDACC,0.8217517776341305,0.7043761638733705,-0.11737561376076
932,ISPY,0.9313222079589217,0.7750455373406193,-0.15627667061830242
932,Fixed-source-weighted,0.8500395684696158,0.722620871402497,-0.127418697067119
933,MDACC,0.8403700588730025,0.8225806451612904,-0.017789413711712165
933,ISPY,0.8656330749354005,0.7505494505494505,-0.11508362438594999
933,Fixed-source-weighted,0.8468922100786543,0.803984356356273,-0.042907853722381414
934,MDACC,0.7995894909688013,0.7738679759956356,-0.02572151497316566
934,ISPY,0.8300653594771242,0.6692307692307692,-0.16083459024635505
934,Fixed-source-weighted,0.8074574439497082,0.7468537951641832,-0.060603648785525016
935,MDACC,0.8742601048537122,0.7737208743694451,-0.10053923048426705
935,ISPY,0.8455598455598455,0.7912280701754386,-0.05433177538440692
935,Fixed-source-weighted,0.8668505607876485,0.7782407059664174,-0.08860985482123128
936,MDACC,0.8755102040816326,0.7816964285714286,-0.09381377551020398
936,ISPY,0.9208494208494209,0.7074592074592074,-0.21339021339021347
936,Fixed-source-weighted,0.8872154267112251,0.7625306100489925,-0.12468481666223258
937,MDACC,0.7858069748580697,0.8224664224664224,0.03665944760835271
937,ISPY,0.8974358974358975,0.6552631578947369,-0.2421727395411606
937,Fixed-source-weighted,0.8146262065039795,0.7792995665802683,-0.03532663992371118
938,MDACC,0.8614547253834736,0.8320922411722316,-0.02936248421124199
938,ISPY,0.8774703557312253,0.6498015873015873,-0.227668768429638
938,Fixed-source-weighted,0.8655894796235795,0.7850302749768692,-0.08055920464671025
939,MDACC,0.7791553351463766,0.7504273504273504,-0.028727984719026156
939,ISPY,0.9498069498069498,0.6031746031746031,-0.34663234663234666
939,Fixed-source-weighted,0.8232124513495964,0.7124111182934713,-0.11080133305612525
940,MDACC,0.8356604076392232,0.782620320855615,-0.053040086783608276
940,ISPY,0.8977591036414566,0.7018716577540107,-0.1958874458874459
940,Fixed-source-weighted,0.8516924239273816,0.7617734437803643,-0.08991898014701734
941,MDACC,0.8732831916285154,0.7033096926713948,-0.16997349895712066
941,ISPY,0.8418300653594771,0.7020833333333333,-0.13974673202614385
941,Fixed-source-weighted,0.8651629400753977,0.7029930835612417,-0.16216985651415605
942,MDACC,0.8431561996779388,0.7359322033898306,-0.10722399628810819
942,ISPY,0.9228758169934641,0.6903508771929825,-0.2325249398004816
942,Fixed-source-weighted,0.8637374080698556,0.724164475384762,-0.1395729326850935
943,MDACC,0.8297729184188394,0.6554600606673407,-0.17431285775149863
943,ISPY,0.8864247311827957,0.707936507936508,-0.17848822324628777
943,Fixed-source-weighted,0.8443987132173771,0.6690079016289885,-0.17539081158838865
944,MDACC,0.8690417285172357,0.8151300236406619,-0.05391170487657382
944,ISPY,0.8928571428571429,0.580952380952381,-0.3119047619047619
944,Fixed-source-weighted,0.8751901524808066,0.7546723969335568,-0.12051775554724983
945,MDACC,0.8371451743714518,0.7031914893617022,-0.13395368500974958
945,ISPY,0.898578811369509,0.7175824175824176,-0.18099639378709143
945,Fixed-source-weighted,0.8530054924199699,0.7069067943598607,-0.14609869806010908
946,MDACC,0.8502289077828646,0.7876836158192091,-0.06254529196365555
946,ISPY,0.8141025641025641,0.6953748006379585,-0.11872776346460556
946,Fixed-source-weighted,0.8409021719961204,0.7638522550371215,-0.07704991695899886
947,MDACC,0.875438596491228,0.801995228800694,-0.07344336769053406
947,ISPY,0.8897849462365591,0.8376811594202899,-0.05210378681626926
947,Fixed-source-weighted,0.8791423926673103,0.8112082631763413,-0.06793412949096897
948,MDACC,0.8035714285714286,0.7457362478981504,-0.0578351806732782
948,ISPY,0.8224358974358974,0.5770833333333333,-0.24535256410256412
948,Fixed-source-weighted,0.8084416672651966,0.7021951359680179,-0.10624653129717881
949,MDACC,0.9019108280254777,0.814281559045957,-0.08762926897952072
949,ISPY,0.9115691489361702,0.8615384615384616,-0.05003068739770866
949,Fixed-source-weighted,0.9044043161037285,0.8264818704737604,-0.07792244562996795
950,MDACC,0.8301020408163265,0.7326252294781013,-0.09747681133822528
950,ISPY,0.8940949935815148,0.7126865671641791,-0.18140842641733568
950,Fixed-source-weighted,0.8466230972491693,0.7274776663316965,-0.11914543091747273
951,MDACC,0.8512443438914027,0.7374331550802139,-0.11381118881118879
951,ISPY,0.8763297872340425,0.6218905472636815,-0.254439239970361
951,Fixed-source-weighted,0.8577206511596005,0.7076035275720243,-0.1501171235875764
952,MDACC,0.8713020091757633,0.7713064713064713,-0.09999553786929194
952,ISPY,0.7961538461538461,0.7176684881602914,-0.07848535799355472
952,Fixed-source-weighted,0.8519010128400396,0.7574587567033726,-0.09444225613666697
953,MDACC,0.812777967841259,0.7504873294346979,-0.06229063840656113
953,ISPY,0.8706563706563707,0.754079254079254,-0.11657711657711667
953,Fixed-source-weighted,0.8277204313131343,0.7514146563854167,-0.07630577492771763
954,MDACC,0.7981675858388187,0.7873820168902136,-0.010785568948605162
954,ISPY,0.7945478723404256,0.7887323943661971,-0.0058154779742284335
954,Fixed-source-weighted,0.7972330846415212,0.7877306437549283,-0.00950244088659287
955,MDACC,0.7780788177339901,0.7959751659173625,0.01789634818337238
955,ISPY,0.7689075630252101,0.8043478260869565,0.03544026306174641
955,Fixed-source-weighted,0.7757110755052528,0.7981367350461139,0.0224256595408611
956,MDACC,0.83976801988401,0.8267399267399267,-0.013028093144083264
956,ISPY,0.8896551724137931,0.4318181818181818,-0.4578369905956113
956,Fixed-source-weighted,0.8526473827920259,0.7247830056653586,-0.12786437712666732
957,MDACC,0.820049710024855,0.7872047695482688,-0.03284494047658626
957,ISPY,0.8518518518518519,0.6538461538461539,-0.198005698005698
957,Fixed-source-weighted,0.8282600669017595,0.7527755844487032,-0.07548448245305629
958,MDACC,0.8909693454846728,0.7761024182076813,-0.11486692727699144
958,ISPY,0.8234916559691913,0.6417582417582418,-0.18173341421094946
958,Fixed-source-weighted,0.8735486347927675,0.7414187909543948,-0.13212984383837276
959,MDACC,0.8313792541931282,0.7709604519774012,-0.06041880221572704
959,ISPY,0.9032467532467533,0.6770833333333334,-0.22616341991341993
959,Fixed-source-weighted,0.8499332817265804,0.7467242023928217,-0.10320907933375888
960,MDACC,0.835450252401889,0.8090561920349154,-0.02639406036697356
960,ISPY,0.9102040816326531,0.6417582417582418,-0.2684458398744113
960,Fixed-source-weighted,0.8547494436085242,0.7658648911464931,-0.08888455246203102
961,MDACC,0.8337388483373885,0.7725292364136666,-0.061209611923721985
961,ISPY,0.9248275862068965,0.625,-0.29982758620689653
961,Fixed-source-weighted,0.8572552218396472,0.734441623091184,-0.12281359874846315
962,MDACC,0.8062280701754386,0.7309056192034915,-0.07532245097194712
962,ISPY,0.8268733850129198,0.6237288135593221,-0.20314457145359777
962,Fixed-source-weighted,0.8115580697576642,0.7032357902953563,-0.10832227946230791
963,MDACC,0.8295960559796438,0.827172096908939,-0.0024239590707048064
963,ISPY,0.8649870801033591,0.634065934065934,-0.23092114603742508
963,Fixed-source-weighted,0.8387329543645247,0.7773178914690783,-0.06141506289544632
964,MDACC,0.8438187045492982,0.7222222222222222,-0.12159648232707598
964,ISPY,0.8524137931034482,0.5745920745920746,-0.2778217185113736
964,Fixed-source-weighted,0.8460376979995528,0.6841085566575763,-0.16192914134197636
965,MDACC,0.8671146953405018,0.7723463687150838,-0.09476832662541801
965,ISPY,0.8822393822393823,0.6131840796019901,-0.2690553026373922
965,Fixed-source-weighted,0.8710194347686442,0.7312554509375204,-0.13976398383112376
966,MDACC,0.8751282928498119,0.8135616819827346,-0.061566610867077265
966,ISPY,0.8673469387755102,0.7419354838709677,-0.12541145490454242
966,Fixed-source-weighted,0.8731193811770347,0.7950699510976706,-0.07804943007936402
967,MDACC,0.8412849872773537,0.73274231678487,-0.10854267049248367
967,ISPY,0.9332477535301669,0.656648451730419,-0.2765993017997479
967,Fixed-source-weighted,0.8650270086302042,0.7130971686172176,-0.15192984001298654
968,MDACC,0.8285391079508727,0.7608751608751608,-0.06766394707571188
968,ISPY,0.8434139784946236,0.763681592039801,-0.07973238645482261
968,Fixed-source-weighted,0.8323793523069392,0.7615996970255092,-0.07077965528143002
969,MDACC,0.7342364532019704,0.7805373320837239,0.04630087888175349
969,ISPY,0.8928104575163399,0.8736842105263158,-0.019126246990024076
969,Fixed-source-weighted,0.7751754935314972,0.8045850556032167,0.029409562071719415
970,MDACC,0.805459343559294,0.7620567375886524,-0.043402605970641606
970,ISPY,0.856551724137931,0.6802083333333333,-0.1763433908045977
970,Fixed-source-weighted,0.8186498601139095,0.7409259404116256,-0.07772391970228387
971,MDACC,0.8838259441707718,0.852123356926188,-0.031702587244583746
971,ISPY,0.8766233766233766,0.7202898550724638,-0.15633352155091285
971,Fixed-source-weighted,0.8819664577778169,0.8180879103691809,-0.06387854740863604
972,MDACC,0.8438228438228438,0.6694940476190476,-0.17432879620379615
972,ISPY,0.9197689345314506,0.6351981351981352,-0.2845707993333154
972,Fixed-source-weighted,0.863429841097288,0.6606398741509036,-0.20278996694638446
973,MDACC,0.8559808612440192,0.7744810744810745,-0.08149978676294467
973,ISPY,0.9057971014492754,0.7352941176470589,-0.1705029838022165
973,Fixed-source-weighted,0.8688419167218469,0.7643641803964758,-0.10447773632537107
974,MDACC,0.8327767175572519,0.8278805120910384,-0.004896205466213499
974,ISPY,0.8012820512820513,0.6561771561771562,-0.1451048951048951
974,Fixed-source-weighted,0.8246457416234583,0.7835518679171931,-0.04109387370626529
975,MDACC,0.8096618357487922,0.7102583209140586,-0.09940351483473364
975,ISPY,0.8914728682170543,0.703962703962704,-0.1875101642543503
975,Fixed-source-weighted,0.8307829846539972,0.7086329818972056,-0.12215000275679155
976,MDACC,0.7811165845648604,0.7489001692047378,-0.03221641536012265
976,ISPY,0.9059139784946236,0.6958041958041958,-0.2101097826904278
976,Fixed-source-weighted,0.8133355195990151,0.7351923852222451,-0.07814313437677006
977,MDACC,0.8213453213453213,0.7926693404634582,-0.028675980881863183
977,ISPY,0.8753229974160207,0.6475409836065574,-0.22778201380946328
977,Fixed-source-weighted,0.8352807344485411,0.7552015620592256,-0.0800791723893155
978,MDACC,0.8179952104002737,0.8028404344193818,-0.015154775980891877
978,ISPY,0.9393103448275862,0.6318785578747628,-0.30743178695282347
978,Fixed-source-weighted,0.8493151307262793,0.7587032179258364,-0.09061191280044285
979,MDACC,0.8438095238095238,0.7542553191489362,-0.08955420466058761
979,ISPY,0.8456072351421189,0.6526315789473685,-0.19297565619475043
979,Fixed-source-weighted,0.8442736388267624,0.728019124783172,-0.11625451404359044
980,MDACC,0.8573268921095009,0.6776671408250355,-0.17965975128446532
980,ISPY,0.8281045751633986,0.6927860696517413,-0.13531850551165736
980,Fixed-source-weighted,0.849782568453481,0.6815703936920608,-0.1682121747614201
981,MDACC,0.8773684210526316,0.8405405405405405,-0.03682788051209107
981,ISPY,0.7636363636363637,0.6958041958041958,-0.06783216783216783
981,Fixed-source-weighted,0.8480062232229415,0.8031739678798502,-0.04483225534309128
982,MDACC,0.8248037933289731,0.7627654196157735,-0.062038373713199646
982,ISPY,0.8655913978494624,0.7284382284382285,-0.1371531694112339
982,Fixed-source-weighted,0.8353339265221714,0.753903170913074,-0.08143075560909738
983,MDACC,0.8971819645732689,0.7688172043010753,-0.12836476027219368
983,ISPY,0.8816993464052287,0.7476280834914611,-0.13407126291376759
983,Fixed-source-weighted,0.8931848180527618,0.763346810366567,-0.1298380076861948
984,MDACC,0.8842034805890228,0.7657657657657657,-0.11843771482325705
984,ISPY,0.9176319176319176,0.621978021978022,-0.29565389565389566
984,Fixed-source-weighted,0.8928336979955218,0.7286440933499757,-0.1641896046455461
985,MDACC,0.8380837359098229,0.8109869646182495,-0.027096771291573396
985,ISPY,0.7824675324675324,0.706831119544592,-0.07563641292294043
985,Fixed-source-weighted,0.8237253043021727,0.784097056903155,-0.03962824739901783
986,MDACC,0.8383638462807191,0.7348749272833043,-0.10348891899741486
986,ISPY,0.9285714285714286,0.7835164835164835,-0.1450549450549451
986,Fixed-source-weighted,0.8616527319047912,0.7474327146768376,-0.11422001722795372
987,MDACC,0.861904761904762,0.8134089586969168,-0.04849580320784519
987,ISPY,0.819813829787234,0.6283422459893048,-0.19147158379792928
987,Fixed-source-weighted,0.8510381487110212,0.7656302975730562,-0.08540785113796495
988,MDACC,0.8230706075533661,0.7400488400488401,-0.08302176750452606
988,ISPY,0.8789893617021277,0.5920398009950248,-0.28694956070710287
988,Fixed-source-weighted,0.8375071486571314,0.7018373561101101,-0.13566979254702138
989,MDACC,0.8081632653061225,0.7654159394997091,-0.04274732580641338
989,ISPY,0.8676075268817204,0.6608695652173913,-0.20673796166432912
989,Fixed-source-weighted,0.8235099864318487,0.7384252088843395,-0.08508477754750929
990,MDACC,0.8032149796855679,0.7021390374331551,-0.10107594225241279
990,ISPY,0.8736702127659575,0.6318681318681318,-0.24180208089782562
990,Fixed-source-weighted,0.8214044026050149,0.6839972023363027,-0.13740720026871217
991,MDACC,0.8435243139142995,0.8334725703146756,-0.010051743599623908
991,ISPY,0.8151595744680851,0.5024875621890548,-0.3126720122790303
991,Fixed-source-weighted,0.8362013909853748,0.7480221923998912,-0.08817919858548375
992,MDACC,0.8758278145695364,0.7593984962406015,-0.11642931832893488
992,ISPY,0.9196078431372549,0.7857142857142857,-0.13389355742296916
992,Fixed-source-weighted,0.8871305016834246,0.7661924418890365,-0.12093805979438818
993,MDACC,0.8632045088566828,0.7527670527670528,-0.11043745608962996
993,ISPY,0.8940493468795355,0.8013698630136986,-0.09267948386583691
993,Fixed-source-weighted,0.8711677186730402,0.7653148371117752,-0.1058528815612651
994,MDACC,0.8200328407224959,0.756425654576027,-0.06360718614646899
994,ISPY,0.845578231292517,0.6494505494505495,-0.1961276818419675
994,Fixed-source-weighted,0.826627892536325,0.7288078986776194,-0.09781999385870555
995,MDACC,0.8410879233664044,0.7947496947496947,-0.046338228616709665
995,ISPY,0.9117259552042161,0.6267605633802817,-0.2849653918239343
995,Fixed-source-weighted,0.8593245394291075,0.7513799516837352,-0.10794458774537226
996,MDACC,0.8345022237427301,0.7385836385836386,-0.09591858515909146
996,ISPY,0.8866930171277997,0.7648809523809523,-0.12181206474684736
996,Fixed-source-weighted,0.8479763174597905,0.7453728143679125,-0.10260350309187813
997,MDACC,0.8569812540400775,0.7820855614973262,-0.0748956925427513
997,ISPY,0.9149350649350649,0.7459893048128342,-0.16894576012223073
997,Fixed-source-weighted,0.8719431856110057,0.7727665932683234,-0.09917659234268228
998,MDACC,0.8738916256157635,0.7615015166835187,-0.11239010893224477
998,ISPY,0.9147435897435897,0.5885416666666666,-0.3262019230769231
998,Fixed-source-weighted,0.8844383745245814,0.7168484835092334,-0.167589891015348
999,MDACC,0.8548442608845294,0.8028404344193818,-0.05200382646514756
999,ISPY,0.884313725490196,0.775,-0.10931372549019602
999,Fixed-source-weighted,0.8624523906356656,0.7956528712849663,-0.06679951935069929
1000,MDACC,0.7984515484515484,0.7861538461538462,-0.012297702297702218
1000,ISPY,0.8571428571428571,0.6547619047619048,-0.20238095238095233
1000,Fixed-source-weighted,0.8136038797803503,0.7522323972323973,-0.06137148254795307
1001,MDACC,0.8527645292351175,0.785427807486631,-0.06733672174848648
1001,ISPY,0.8921188630490956,0.6398601398601399,-0.2522587231889557
1001,Fixed-source-weighted,0.8629246350236935,0.7478466122497265,-0.1150780227739671
1002,MDACC,0.8248792270531401,0.6954076850984068,-0.12947154195473332
1002,ISPY,0.8906455862977603,0.836231884057971,-0.05441370223978925
1002,Fixed-source-weighted,0.8418581237208689,0.7317642593396015,-0.11009386438126736
1003,MDACC,0.8443043884220355,0.7618003341687553,-0.08250405425328022
1003,ISPY,0.8855172413793103,0.6985507246376812,-0.18696651674162912
1003,Fixed-source-weighted,0.8549443079763646,0.7454711866100794,-0.10947312136628534
1004,MDACC,0.8812021312021312,0.7504589562024653,-0.13074317499966592
1004,ISPY,0.7659259259259259,0.603125,-0.16280092592592588
1004,Fixed-source-weighted,0.8514412808203659,0.7124217583593453,-0.13901952246102062
1005,MDACC,0.8319691863264324,0.773015873015873,-0.05895331331055931
1005,ISPY,0.9153225806451613,0.8109452736318408,-0.10437730701332049
1005,Fixed-source-weighted,0.8534885266897644,0.7828081038938517,-0.07068042279591269
1006,MDACC,0.8141577060931899,0.7787644787644787,-0.035393227328711196
1006,ISPY,0.8376623376623377,0.7936507936507936,-0.04401154401154406
1006,Fixed-source-weighted,0.8202258952891465,0.7826076777057169,-0.03761821758342949
1007,MDACC,0.8713211249182472,0.7887569832402235,-0.08256414167802373
1007,ISPY,0.8656330749354005,0.5615763546798029,-0.3040567202555976
1007,Fixed-source-weighted,0.8698526414259437,0.7301057752131868,-0.13974686621275687
1008,MDACC,0.8506526104417671,0.6776363199615661,-0.17301629048020095
1008,ISPY,0.8993506493506493,0.8422459893048129,-0.057104660045836475
1008,Fixed-source-weighted,0.8632249799639948,0.7201335875371103,-0.14309139242688465
1009,MDACC,0.8288623141564319,0.815076999503229,-0.013785314653202874
1009,ISPY,0.861038961038961,0.5416666666666666,-0.3193722943722944
1009,Fixed-source-weighted,0.8371693569790456,0.7444906717447701,-0.09267868523427553
1010,MDACC,0.8932062966031483,0.8019087523277467,-0.0912975442754016
1010,ISPY,0.8346153846153846,0.6488095238095238,-0.1858058608058608
1010,Fixed-source-weighted,0.8780798846847387,0.7623831345076827,-0.1156967501770561
1011,MDACC,0.8546869654464592,0.789572192513369,-0.0651147729330902
1011,ISPY,0.8337612323491655,0.6204933586337761,-0.21326787371538947
1011,Fixed-source-weighted,0.8492845703004258,0.7459211210215787,-0.10336344927884722
1012,MDACC,0.832168458781362,0.7182760364004045,-0.11389242238095754
1012,ISPY,0.9186827956989247,0.8059701492537313,-0.11271264644519341
1012,Fixed-source-weighted,0.8545038594888374,0.7409160197841066,-0.11358783970473085
1013,MDACC,0.8813994543411973,0.7800802139037433,-0.101319240437454
1013,ISPY,0.8622908622908623,0.46853146853146854,-0.3937593937593937
1013,Fixed-source-weighted,0.8764661903804899,0.6996476946736462,-0.1768184957068437
1014,MDACC,0.861140350877193,0.7808035714285714,-0.08033677944862161
1014,ISPY,0.8331193838254172,0.5671641791044776,-0.2659552047209396
1014,Fixed-source-weighted,0.8539061796448718,0.725648303475619,-0.12825787616925274
1015,MDACC,0.8198564593301435,0.6943833943833944,-0.12547306494674915
1015,ISPY,0.8543882978723404,0.7380952380952381,-0.11629305977710225
1015,Fixed-source-weighted,0.8287715418295996,0.7056684782174979,-0.12310306361210176
1016,MDACC,0.8270111183780249,0.8223636800384339,-0.004647438339591026
1016,ISPY,0.9596153846153846,0.6428571428571429,-0.31675824175824174
1016,Fixed-source-weighted,0.8612455531255786,0.7760204890667934,-0.08522506405878517
1017,MDACC,0.8402777777777778,0.7727272727272727,-0.06755050505050508
1017,ISPY,0.8940949935815148,0.5262725779967159,-0.3678224155847989
1017,Fixed-source-weighted,0.8541717648643634,0.7091000802968348,-0.14507168456752867
1018,MDACC,0.8432823129251701,0.778645207782849,-0.06463710514232113
1018,ISPY,0.8707792207792208,0.785593220338983,-0.08518600044023772
1018,Fixed-source-weighted,0.8503811878286669,0.7804389757303477,-0.0699422120983192
1019,MDACC,0.8715136054421768,0.8107541899441341,-0.06075941549804276
1019,ISPY,0.8708010335917312,0.6052631578947368,-0.2655378756969944
1019,Fixed-source-weighted,0.8713296408141207,0.7577025836307276,-0.11362705718339303
1020,MDACC,0.8297254901960784,0.7439478584729982,-0.08577763172308028
1020,ISPY,0.8774703557312253,0.6945054945054945,-0.18296486122573086
1020,Fixed-source-weighted,0.8420517790107079,0.7311833265990348,-0.11086845241167309
1021,MDACC,0.8555428384565075,0.7510891997248338,-0.10445363873167368
1021,ISPY,0.9137709137709138,0.5327868852459017,-0.3809840285250121
1021,Fixed-source-weighted,0.8705755768546712,0.6947301054639331,-0.1758454713907382
1022,MDACC,0.8301536830948596,0.7947115384615384,-0.03544214463332118
1022,ISPY,0.8803921568627451,0.6060606060606061,-0.274331550802139
1022,Fixed-source-weighted,0.8431237465839543,0.746007539573716,-0.09711620701023821
1023,MDACC,0.8843708165997323,0.827027027027027,-0.05734378957270525
1023,ISPY,0.9163372859025033,0.6516483516483517,-0.26468893425415163
1023,Fixed-source-weighted,0.892623597890317,0.781749525867173,-0.11087407202314403
1024,MDACC,0.8333042872080865,0.8291157649796393,-0.004188522228447122
1024,ISPY,0.8769230769230769,0.7916666666666666,-0.08525641025641029
1024,Fixed-source-weighted,0.8445653472979042,0.8194475337158327,-0.025117813582071602
1025,MDACC,0.851067244423046,0.7626373626373626,-0.08842988178568345
1025,ISPY,0.8475862068965517,0.5560439560439561,-0.29154225085259566
1025,Fixed-source-weighted,0.8501685451923499,0.7093011563599799,-0.14086738883236993
1026,MDACC,0.8609372492376826,0.7588473205257836,-0.10208992871189893
1026,ISPY,0.8403846153846154,0.7437810945273632,-0.09660352085725221
1026,Fixed-source-weighted,0.8556311770991456,0.7549576739444921,-0.10067350315465354
1027,MDACC,0.8615643397813288,0.8166797797010228,-0.04488456008030606
1027,ISPY,0.8992248062015504,0.6824561403508772,-0.21676866585067323
1027,Fixed-source-weighted,0.871287139935569,0.7820272715027826,-0.08925986843278647
1028,MDACC,0.8342053629823414,0.6716483516483517,-0.1625570113339897
1028,ISPY,0.8,0.6654228855721394,-0.1345771144278607
1028,Fixed-source-weighted,0.8253745666568351,0.6700411234783492,-0.1553334431784858
1029,MDACC,0.8664069264069264,0.8326007326007326,-0.03380619380619376
1029,ISPY,0.8793324775353016,0.625,-0.25433247753530164
1029,Fixed-source-weighted,0.8697439150969318,0.7790044650338769,-0.09073945006305495
1030,MDACC,0.8310502283105022,0.7184371184371184,-0.1126131098733838
1030,ISPY,0.8974025974025974,0.8747252747252747,-0.022677322677322698
1030,Fixed-source-weighted,0.8481804151022523,0.7587860215311195,-0.08939439357113273
1031,MDACC,0.8543496271748136,0.8068452380952381,-0.04750438907957544
1031,ISPY,0.8731034482758621,0.6350267379679144,-0.23807671030794764
1031,Fixed-source-weighted,0.8591912999427314,0.7624868671473343,-0.09670443279539703
1032,MDACC,0.8257030739045128,0.7904868355688028,-0.03521623833570997
1032,ISPY,0.8443152454780362,0.6094527363184079,-0.23486250915962825
1032,Fixed-source-weighted,0.8305081770231676,0.7437492739976225,-0.08675890302554509
1033,MDACC,0.827006327006327,0.7575091575091575,-0.06949716949716955
1033,ISPY,0.8906048906048906,0.5859649122807018,-0.30463997832418876
1033,Fixed-source-weighted,0.8434255640137993,0.7132215909305694,-0.13020397308323006
1034,MDACC,0.836996336996337,0.781586503948313,-0.05540983304802405
1034,ISPY,0.9038208168642952,0.7212301587301587,-0.18259065813413644
1034,Fixed-source-weighted,0.8542484085962347,0.7660043102482013,-0.08824409834803346
1035,MDACC,0.8295065950170982,0.7962174940898346,-0.03328910092726367
1035,ISPY,0.8616883116883117,0.7052631578947368,-0.1564251537935749
1035,Fixed-source-weighted,0.8378149467067253,0.7727358190590741,-0.06507912764765122
1036,MDACC,0.8581826907694768,0.8151573384578429,-0.04302535231163396
1036,ISPY,0.8464052287581699,0.6859582542694497,-0.16044697448872025
1036,Fixed-source-weighted,0.8551421041717866,0.7818020193373101,-0.0733400848344765
1037,MDACC,0.8258975252701289,0.821078431372549,-0.004819093897579951
1037,ISPY,0.7946084724005135,0.7087912087912088,-0.08581726360930464
1037,Fixed-source-weighted,0.8178196325358165,0.7920892464577586,-0.025730386078057894
1038,MDACC,0.8292991615250751,0.7805864509605662,-0.048712710564508876
1038,ISPY,0.9390756302521008,0.6813380281690141,-0.2577376020830867
1038,Fixed-source-weighted,0.8576401452813988,0.7549634921352962,-0.10267665314610251
1039,MDACC,0.86175604970569,0.7819148936170213,-0.07984115608866871
1039,ISPY,0.8915584415584416,0.6871657754010695,-0.20439266615737206
1039,Fixed-source-weighted,0.8694501312624462,0.7574535199599619,-0.11199661130248428
1040,MDACC,0.8104465709728867,0.736986929603302,-0.07345964136958472
1040,ISPY,0.8714285714285714,0.7902097902097902,-0.08121878121878123
1040,Fixed-source-weighted,0.8261902900447793,0.7507274720474608,-0.07546281799731847
1041,MDACC,0.8011155511155511,0.7628342245989305,-0.03828132651662064
1041,ISPY,0.8973042362002568,0.6324561403508772,-0.26484809584937963
1041,Fixed-source-weighted,0.8259485776570274,0.7291745231100539,-0.09677405454697345
1042,MDACC,0.8377523092712966,0.7537240537240537,-0.08402825554724291
1042,ISPY,0.8921188630490956,0.6310160427807486,-0.26110282026834697
1042,Fixed-source-weighted,0.8517881189067416,0.7220445345589521,-0.1297435843477894
1043,MDACC,0.8377455877455877,0.8099850968703428,-0.027760490875244903
1043,ISPY,0.9025974025974026,0.6780701754385965,-0.22452722715880613
1043,Fixed-source-weighted,0.8544883765472001,0.7759286302261992,-0.0785597463210009
1044,MDACC,0.8926634768740032,0.7584107327141383,-0.13425274415986488
1044,ISPY,0.8656914893617021,0.7177083333333333,-0.14798315602836887
1044,Fixed-source-weighted,0.8857001206208275,0.7479025969262835,-0.137797523694544
1045,MDACC,0.8428170872505361,0.7724867724867724,-0.07033031476376361
1045,ISPY,0.8805194805194805,0.6813559322033899,-0.19916354831609062
1045,Fixed-source-weighted,0.8525507116565707,0.7489595294070757,-0.1035911822494951
1046,MDACC,0.8128142741281428,0.7744659711872827,-0.03834830294086011
1046,ISPY,0.7580231065468549,0.6724941724941725,-0.08552893405268236
1046,Fixed-source-weighted,0.7986688419748038,0.7481399185835059,-0.050528923391297886
1047,MDACC,0.8591341991341991,0.7665145327888542,-0.09261966634534491
1047,ISPY,0.8170731707317073,0.43924466338259444,-0.37782850734911283
1047,Fixed-source-weighted,0.8482753061806148,0.6820232919944277,-0.16625201418618696
1048,MDACC,0.8264367816091954,0.735767475378333,-0.09066930623086245
1048,ISPY,0.9002659574468085,0.910427807486631,0.010161850039822506
1048,Fixed-source-weighted,0.8454972551097557,0.7808595219030243,-0.06463773320673137
1049,MDACC,0.8842921784098254,0.8395480225988701,-0.044744155810955366
1049,ISPY,0.8850129198966409,0.6060606060606061,-0.2789523138360348
1049,Fixed-source-weighted,0.8844782521923693,0.779268591531802,-0.10520966066056739
1050,MDACC,0.8420361247947454,0.7683096630465052,-0.07372646174824027
1050,ISPY,0.853641456582633,0.5652680652680653,-0.28837339131456774
1050,Fixed-source-weighted,0.8450322725439059,0.7158904270187381,-0.12914184552516794
1051,MDACC,0.8645320197044335,0.6787306582743247,-0.18580136143010884
1051,ISPY,0.838562091503268,0.6802083333333333,-0.1583537581699347
1051,Fixed-source-weighted,0.8578273650381195,0.6791121495477289,-0.17871521549039068
1052,MDACC,0.8371600716495685,0.7535164835164835,-0.08364358813308503
1052,ISPY,0.9183135704874835,0.6934731934731935,-0.22484037701429005
1052,Fixed-source-weighted,0.8581114651404028,0.7380151112504054,-0.12009635388999745
1053,MDACC,0.8767111990763649,0.7675744878957169,-0.10913671118064794
1053,ISPY,0.8253246753246753,0.6626984126984127,-0.16262626262626267
1053,Fixed-source-weighted,0.8634447435979876,0.7404986384166743,-0.12294610518131319
1054,MDACC,0.8527131782945736,0.7527151211361738,-0.09999805715839982
1054,ISPY,0.8434139784946236,0.5477855477855478,-0.29562843070907585
1054,Fixed-source-weighted,0.8503124044900113,0.6998084665783325,-0.15050393791167893
1055,MDACC,0.8655172413793103,0.7252763234438627,-0.14024091793544757
1055,ISPY,0.9207792207792208,0.5782608695652174,-0.3425183512140034
1055,Fixed-source-weighted,0.8797842229890911,0.6873213533248661,-0.1924628696642251
1056,MDACC,0.8503787878787878,0.7487529819995663,-0.10162580587922154
1056,ISPY,0.9308300395256917,0.6309523809523809,-0.2998776585733107
1056,Fixed-source-weighted,0.8711488822582173,0.7183404085266002,-0.15280847373161713
1057,MDACC,0.8751399776035834,0.7360560804632734,-0.13908389714031
1057,ISPY,0.912987012987013,0.3972602739726027,-0.5157267390144102
1057,Fixed-source-weighted,0.884910944254861,0.6485891892450937,-0.23632175500976726
1058,MDACC,0.8316421444275326,0.8052325581395349,-0.02640958628799772
1058,ISPY,0.9006896551724138,0.6448412698412699,-0.25584838533114396
1058,Fixed-source-weighted,0.8494681357636293,0.7638243497226626,-0.08564378604096685
1059,MDACC,0.8747307373653687,0.7927683615819209,-0.08196237578344778
1059,ISPY,0.7627450980392156,0.5166666666666667,-0.24607843137254892
1059,Fixed-source-weighted,0.8458194121798586,0.7214872050515121,-0.12433220712834644
1060,MDACC,0.8420799229658161,0.8077629163388408,-0.034317006626975344
1060,ISPY,0.8992297817715019,0.6835164835164835,-0.2157132982550184
1060,Fixed-source-weighted,0.8568342982783952,0.7756862228977748,-0.08114807538062045
1061,MDACC,0.8518981018981019,0.7795962902345881,-0.0723018116635138
1061,ISPY,0.8511198945981555,0.8269841269841269,-0.02413576761402858
1061,Fixed-source-weighted,0.851697192170338,0.7918304049509723,-0.059866787219365655
1062,MDACC,0.8076859640442026,0.7654078153684762,-0.042278148675726324
1062,ISPY,0.8006493506493506,0.6584745762711864,-0.14217477437816417
1062,Fixed-source-weighted,0.8058693220239631,0.7378008680198296,-0.06806845400413349
1063,MDACC,0.8943089430894309,0.6970437616387337,-0.19726518145069716
1063,ISPY,0.8700680272108844,0.6118881118881119,-0.2581799153227725
1063,Fixed-source-weighted,0.8880506674214401,0.6750591331083444,-0.2129915343130957
1064,MDACC,0.8641914997557401,0.8226120857699805,-0.041579413985759595
1064,ISPY,0.808300395256917,0.5627118644067797,-0.24558853085013732
1064,Fixed-source-weighted,0.8497620969602924,0.7555136626075855,-0.0942484343527068
1065,MDACC,0.8221557853910795,0.7551169590643275,-0.06703882632675195
1065,ISPY,0.9218346253229974,0.5604395604395604,-0.361395064883437
1065,Fixed-source-weighted,0.8478898649813459,0.7048571077853845,-0.1430327571959615
1066,MDACC,0.8420209927059242,0.7601706970128023,-0.08185029569312197
1066,ISPY,0.8578231292517007,0.689484126984127,-0.1683390022675737
1066,Fixed-source-weighted,0.846100629265128,0.7419215498485365,-0.10417907941659153
1067,MDACC,0.8277468933943755,0.7892551892551892,-0.038491704139186234
1067,ISPY,0.9045698924731183,0.730593607305936,-0.17397628516718222
1067,Fixed-source-weighted,0.8475802820454235,0.7741105324774409,-0.07346974956798259
1068,MDACC,0.8661379857256146,0.7761780104712042,-0.08995997525441046
1068,ISPY,0.8708010335917312,0.6305361305361306,-0.24026490305560066
1068,Fixed-source-weighted,0.8673418444884357,0.7385776558474434,-0.12876418864099226
1069,MDACC,0.8611254517294786,0.8314171122994652,-0.029708339430013386
1069,ISPY,0.888961038961039,0.5684210526315789,-0.32053998632946
1069,Fixed-source-weighted,0.8683117634657312,0.763519436764292,-0.10479232670143916
1070,MDACC,0.8907216494845361,0.7762430939226519,-0.11447855556188424
1070,ISPY,0.8960784313725491,0.6460317460317461,-0.250046685340803
1070,Fixed-source-weighted,0.892104609514448,0.7426264387482024,-0.14947817076624564
1071,MDACC,0.8477922077922078,0.7278805120910384,-0.11991169570116933
1071,ISPY,0.8912483912483913,0.6421911421911422,-0.24905724905724913
1071,Fixed-source-weighted,0.8590112878348173,0.7057580930645946,-0.15325319477022262
1072,MDACC,0.8370232708468003,0.7157754010695188,-0.12124786977728153
1072,ISPY,0.9446778711484594,0.621875,-0.3228028711484594
1072,Fixed-source-weighted,0.8648164519704312,0.6915331406626822,-0.17328331130774904
1073,MDACC,0.860925572519084,0.7581196581196581,-0.10280591439942588
1073,ISPY,0.8489655172413794,0.7935323383084577,-0.055433178932921656
1073,Fixed-source-weighted,0.857837845829742,0.7672621474494463,-0.09057569838029572
1074,MDACC,0.8654659225435481,0.7564102564102564,-0.10905566613329176
1074,ISPY,0.9398692810457516,0.8246376811594203,-0.11523159988633136
1074,Fixed-source-weighted,0.8846746327450974,0.7740245261984393,-0.1106501065466582
1075,MDACC,0.80935960591133,0.7817239635995955,-0.027635642311734543
1075,ISPY,0.8116883116883117,0.6557539682539683,-0.15593434343434343
1075,Fixed-source-weighted,0.8099608077295705,0.749202298134548,-0.060758509595022464
1076,MDACC,0.8243021346469622,0.7662743214028345,-0.05802781324412776
1076,ISPY,0.84375,0.8855721393034826,0.04182213930348255
1076,Fixed-source-weighted,0.8293229887740537,0.7970734312530018,-0.032249557521051894
1077,MDACC,0.8863521055301877,0.7486097067745198,-0.13774239875566796
1077,ISPY,0.8816489361702128,0.6524064171122995,-0.22924251905791326
1077,Fixed-source-weighted,0.8851378886039198,0.7237729097702211,-0.1613649788336986
1078,MDACC,0.8347141673570837,0.7790178571428571,-0.05569631021422661
1078,ISPY,0.8588235294117647,0.7618595825426945,-0.09696394686907017
1078,Fixed-source-weighted,0.8409384797829654,0.774588106510789,-0.06635037327217642
1079,MDACC,0.8611433305716653,0.7344750765803397,-0.12666825399132553
1079,ISPY,0.868082368082368,0.4962686567164179,-0.37181371136595015
1079,Fixed-source-weighted,0.8629347814322716,0.6729773407331181,-0.18995744069915346
1080,MDACC,0.828005328005328,0.7358420268256334,-0.09216330117969462
1080,ISPY,0.9264705882352942,0.49331550802139035,-0.4331550802139038
1080,Fixed-source-weighted,0.8534260978032604,0.6732289713173485,-0.18019712648591205
1081,MDACC,0.8865301365301366,0.8021978021978022,-0.08433233433233434
1081,ISPY,0.9066924066924067,0.684375,-0.22231740669240674
1081,Fixed-source-weighted,0.8917354285001344,0.7717794970552323,-0.11995593144490205
1082,MDACC,0.7848245614035088,0.7659450651769087,-0.018879496226600012
1082,ISPY,0.861003861003861,0.7192513368983957,-0.14175252410546524
1082,Fixed-source-weighted,0.8044917662022926,0.7538901483991227,-0.050601617803169796
1083,MDACC,0.8733750601829562,0.8261538461538461,-0.04722121402911006
1083,ISPY,0.9360544217687075,0.7477231329690346,-0.18833128879967287
1083,Fixed-source-weighted,0.8895569868668594,0.8059053940571137,-0.08365159280974557
1084,MDACC,0.8832535066712282,0.8216483516483516,-0.06160515502287656
1084,ISPY,0.8218085106382979,0.5897435897435898,-0.2320649208947081
1084,Fixed-source-weighted,0.8673902560614194,0.7617775144245733,-0.10561274163684614
1085,MDACC,0.7999500499500499,0.7184631523734593,-0.08148689757659067
1085,ISPY,0.8087855297157622,0.5327380952380952,-0.276047434477667
1085,Fixed-source-weighted,0.8022311051836816,0.670514526511715,-0.1317165786719666
1086,MDACC,0.8268421052631579,0.7809802283486494,-0.04586187691450849
1086,ISPY,0.8530612244897959,0.6639344262295082,-0.18912679826028778
1086,Fixed-source-weighted,0.8336110935602312,0.7507625212656033,-0.082848572294628
1087,MDACC,0.8518696838388702,0.7446461824953445,-0.10722350134352565
1087,ISPY,0.7933247753530167,0.5740037950664136,-0.21932098028660307
1087,Fixed-source-weighted,0.8367551486415421,0.7005914484859146,-0.13616370015562734
1088,MDACC,0.8032800672834315,0.8290169869117238,0.025736919628292276
1088,ISPY,0.9090909090909091,0.606140350877193,-0.3029505582137161
1088,Fixed-source-weighted,0.8305972453971266,0.7714769403537894,-0.059120305043337346
1089,MDACC,0.8313008130081301,0.679083707985442,-0.15221710502268804
1089,ISPY,0.8675889328063241,0.6246376811594203,-0.2429512516469038
1089,Fixed-source-weighted,0.8406693145246573,0.6650273807983319,-0.17564193372632544
1090,MDACC,0.8529953145917001,0.8243910467412772,-0.028604267850422915
1090,ISPY,0.8710106382978723,0.6470588235294118,-0.2239518147684605
1090,Fixed-source-weighted,0.8576463295354505,0.7786091982650114,-0.07903713127043915
1091,MDACC,0.9125845291110012,0.8662470495672698,-0.04633747954373135
1091,ISPY,0.8084967320261438,0.7589285714285714,-0.04956816059757241
1091,Fixed-source-weighted,0.8857121893407276,0.8385406450804818,-0.047171544260245876
1092,MDACC,0.8228763666947014,0.8006126427179059,-0.022263723976795546
1092,ISPY,0.9057971014492754,0.5548128342245989,-0.35098426722467646
1092,Fixed-source-weighted,0.844284007366634,0.7371545222245358,-0.10712948514209814
1093,MDACC,0.8554112554112554,0.740316421167485,-0.11509483424377043
1093,ISPY,0.9153846153846154,0.6730418943533698,-0.24234272103124554
1093,Fixed-source-weighted,0.8708945738357504,0.7229481609769127,-0.14794641285883753
1094,MDACC,0.8656343656343657,0.7868608117404265,-0.07877355389393914
1094,ISPY,0.8846153846153846,0.7405797101449275,-0.14403567447045706
1094,Fixed-source-weighted,0.8705346940641059,0.7749124227664252,-0.0956222712976807
1095,MDACC,0.8327586206896552,0.7725868725868726,-0.060171748102782585
1095,ISPY,0.8487394957983193,0.5046620046620046,-0.3440774911363147
1095,Fixed-source-weighted,0.8368844021719575,0.7034167269461388,-0.13346767522581865
1096,MDACC,0.883698296836983,0.8561011904761905,-0.02759710636079249
1096,ISPY,0.8635778635778636,0.5307692307692308,-0.3328086328086328
1096,Fixed-source-weighted,0.8785038058975372,0.7721102597021716,-0.10639354619536565
1097,MDACC,0.8572488866897575,0.8101617795753286,-0.04708710711442887
1097,ISPY,0.9101412066752247,0.6375,-0.27264120667522473
1097,Fixed-source-weighted,0.8709040934833913,0.7655856992274497,-0.10531839425594153
1098,MDACC,0.8583083583083583,0.8338119167264896,-0.0244964415818687
1098,ISPY,0.8675889328063241,0.6175824175824176,-0.2500065152239065
1098,Fixed-source-weighted,0.8607043236199247,0.7779879610651115,-0.0827163625548131
1099,MDACC,0.8026855969893945,0.7751114607920273,-0.02757413619736715
1099,ISPY,0.9073359073359073,0.643956043956044,-0.2633798633798633
1099,Fixed-source-weighted,0.8297031607716642,0.741251075399731,-0.08845208537193316
1100,MDACC,0.7901302513300312,0.8422475106685633,0.05211725933853206
1100,ISPY,0.7970430107526881,0.6417910447761194,-0.15525196597656876
1100,Fixed-source-weighted,0.7919149179783642,0.7904956779708409,-0.0014192400075233869
1101,MDACC,0.8490472245236123,0.6550319953461314,-0.19401522917748082
1101,ISPY,0.8461038961038961,0.7419354838709677,-0.10416841223292839
1101,Fixed-source-weighted,0.8482873456178687,0.677467863298622,-0.1708194823192467
1102,MDACC,0.8266009852216749,0.788422649140546,-0.03817833608112886
1102,ISPY,0.867686170212766,0.6565464895635673,-0.21113968064919864
1102,Fixed-source-weighted,0.8372079447455187,0.7543761896419143,-0.0828317551036044
1103,MDACC,0.8493320138545275,0.8157210401891253,-0.03361097366540222
1103,ISPY,0.8650265957446809,0.7459893048128342,-0.11903729093184667
1103,Fixed-source-weighted,0.8533838830353189,0.797718402624658,-0.05566548041066076
1104,MDACC,0.8113283775048481,0.7266177957532861,-0.08471058175156199
1104,ISPY,0.8777777777777778,0.8134328358208955,-0.06434494195688223
1104,Fixed-source-weighted,0.8284836148302123,0.7490308289733552,-0.07945278585685708
1105,MDACC,0.8662640901771337,0.7588522588522588,-0.10741183132487486
1105,ISPY,0.8184754521963824,0.7816901408450704,-0.03678531135131202
1105,Fixed-source-weighted,0.8539265006330835,0.764748313353671,-0.08917818727941257
1106,MDACC,0.8527927047712099,0.7652932254802831,-0.08749947929092683
1106,ISPY,0.8404255319148937,0.5989583333333334,-0.2414671985815603
1106,Fixed-source-weighted,0.8495998725632068,0.7223505572462667,-0.12724931531694006
1107,MDACC,0.8737855502561385,0.7639423076923076,-0.10984324256383082
1107,ISPY,0.8896103896103896,0.4557109557109557,-0.4338994338994339
1107,Fixed-source-weighted,0.8778710479979223,0.6843662396971221,-0.19350480830080027
1108,MDACC,0.8784304285026481,0.7263242375601926,-0.15210619094245548
1108,ISPY,0.8467948717948718,0.7249417249417249,-0.12185314685314685
1108,Fixed-source-weighted,0.8702630788950849,0.7259673143678431,-0.14429576452724183
1109,MDACC,0.868019884009942,0.7689579923622477,-0.0990618916476943
1109,ISPY,0.8980392156862745,0.7485768500948766,-0.14946236559139792
1109,Fixed-source-weighted,0.875769972906773,0.7636961941951814,-0.11207377871159165
1110,MDACC,0.8282179768243032,0.7419914303203428,-0.08622654650396044
1110,ISPY,0.8883116883116883,0.6119402985074627,-0.2763713898042256
1110,Fixed-source-weighted,0.8437323663913079,0.7084161381202856,-0.13531622827102238
1111,MDACC,0.8151240458015268,0.7291456016177957,-0.08597844418373102
1111,ISPY,0.8345428156748912,0.8246268656716418,-0.009915950003249407
1111,Fixed-source-weighted,0.8201373883505327,0.7537959933179718,-0.06634139503256092
1112,MDACC,0.7873239436619718,0.7393048128342246,-0.048019130827747225
1112,ISPY,0.8281853281853282,0.6510416666666666,-0.17714366151866157
1112,Fixed-source-weighted,0.7978731246336881,0.7165179221569793,-0.08135520247670877
1113,MDACC,0.8803547523427041,0.7655389457120377,-0.11481580663066637
1113,ISPY,0.8837037037037037,0.5909090909090909,-0.2927946127946127
1113,Fixed-source-weighted,0.8812193508966877,0.720454767511277,-0.16076458338541072
1114,MDACC,0.8473228346456693,0.7284615384615385,-0.11886129618413077
1114,ISPY,0.8763297872340425,0.6898550724637681,-0.18647471477027444
1114,Fixed-source-weighted,0.8548115576995303,0.7184945096581925,-0.13631704804133782
1115,MDACC,0.8080208827717134,0.7001987083954297,-0.10782217437628361
1115,ISPY,0.8666666666666667,0.6830508474576271,-0.18361581920903958
1115,Fixed-source-weighted,0.8231614609668158,0.6957716462578925,-0.12738981470892322
1116,MDACC,0.8743722943722944,0.8035659859798842,-0.0708063083924102
1116,ISPY,0.9173076923076923,0.7040072859744991,-0.21330040633319314
1116,Fixed-source-weighted,0.885456923251041,0.7778629229065985,-0.1075940003444424
1117,MDACC,0.8748969157182913,0.7741330834114339,-0.10076383230685737
1117,ISPY,0.8417312661498708,0.7033730158730159,-0.1383582502768549
1117,Fixed-source-weighted,0.8663345421369018,0.7558649613998816,-0.11046958073702014
1118,MDACC,0.8305758313057583,0.8207785642062689,-0.00979726709948936
1118,ISPY,0.872093023255814,0.6958105646630237,-0.17628245859279024
1118,Fixed-source-weighted,0.8412943220379623,0.7885155839320325,-0.052778738105929784
1119,MDACC,0.8486586942469295,0.7713064713064713,-0.07735222294045818
1119,ISPY,0.860897435897436,0.6256830601092896,-0.2352143757881463
1119,Fixed-source-weighted,0.8518183693789231,0.733710884755565,-0.11810748462335807
1120,MDACC,0.8037282518641259,0.7693189635404724,-0.03440928832365353
1120,ISPY,0.8871794871794871,0.6905901116427432,-0.19658937553674394
1120,Fixed-source-weighted,0.8252728518311636,0.7489935409917122,-0.07627931083945139
1121,MDACC,0.783822821376986,0.709470304975923,-0.074352516401063
1121,ISPY,0.8440308087291399,0.6212121212121212,-0.22281868751701872
1121,Fixed-source-weighted,0.7993667135365291,0.6866846954421311,-0.11268201809439798
1122,MDACC,0.7951559934318555,0.762684124386252,-0.03247186904560351
1122,ISPY,0.862987012987013,0.628968253968254,-0.23401875901875901
1122,Fixed-source-weighted,0.8126679233170107,0.7281627068600369,-0.08450521645697373
1123,MDACC,0.8644216925291953,0.7842490842490842,-0.08017260828011108
1123,ISPY,0.8796296296296297,0.740625,-0.13900462962962967
1123,Fixed-source-weighted,0.8683479246564316,0.7729866572697455,-0.09536126738668615
1124,MDACC,0.8709446564885496,0.7834934277047523,-0.0874512287837973
1124,ISPY,0.9069767441860465,0.6061507936507936,-0.30082595053525285
1124,Fixed-source-weighted,0.880247058214374,0.7377088914620636,-0.14253816675231035
1125,MDACC,0.9237274220032841,0.7970398970398971,-0.12668752496338698
1125,ISPY,0.912987012987013,0.7301587301587301,-0.1828282828282829
1125,Fixed-source-weighted,0.920954571309541,0.7797731905575043,-0.1411813807520366
1126,MDACC,0.8371168185584092,0.8442389758179232,0.007122157259513928
1126,ISPY,0.901595744680851,0.5142857142857142,-0.3873100303951368
1126,Fixed-source-weighted,0.8537633387011312,0.7590549638537255,-0.09470837484740571
1127,MDACC,0.7982385261797027,0.7421468926553673,-0.05609163352433544
1127,ISPY,0.8856060606060606,0.8188405797101449,-0.06676548089591572
1127,Fixed-source-weighted,0.8207941968322592,0.76194689682964,-0.058847300002619236
1128,MDACC,0.8462667400476976,0.8550032916392364,0.008736551591538744
1128,ISPY,0.918918918918919,0.486013986013986,-0.432904932904933
1128,Fixed-source-weighted,0.8650233483183725,0.7597413467229136,-0.10528200159545888
1129,MDACC,0.8465233675297182,0.7710661080074488,-0.07545725952226945
1129,ISPY,0.8620915032679739,0.726775956284153,-0.13531554698382087
1129,Fixed-source-weighted,0.8505425921157386,0.7596317224318268,-0.09091086968391182
1130,MDACC,0.8431469569520039,0.8288416075650118,-0.014305349386992128
1130,ISPY,0.8344827586206897,0.6755218216318786,-0.15896093698881109
1130,Fixed-source-weighted,0.840910121435096,0.7892590484515559,-0.051651072983540165
1131,MDACC,0.8228377525252525,0.8037302103665148,-0.019107542158737667
1131,ISPY,0.9091503267973856,0.7135416666666666,-0.19560866013071898
1131,Fixed-source-weighted,0.8451210641837444,0.7804462399342011,-0.06467482424954331
1132,MDACC,0.8887300252312867,0.8291371623393653,-0.05959286289192145
1132,ISPY,0.9064935064935065,0.48985507246376814,-0.4166384340297383
1132,Fixed-source-weighted,0.8933160220277422,0.7415447273714824,-0.1517712946562598
1133,MDACC,0.8237040603434441,0.8096459096459097,-0.014058150697534466
1133,ISPY,0.9201298701298701,0.5929791271347249,-0.32715074299514524
1133,Fixed-source-weighted,0.8485983053536652,0.7537090605662248,-0.09488924478744053
1134,MDACC,0.876974434131249,0.7669121658483361,-0.11006226828291288
1134,ISPY,0.9363636363636364,0.6304347826086957,-0.3059288537549407
1134,Fixed-source-weighted,0.8923069405899372,0.7316778087374486,-0.1606291318524887
1135,MDACC,0.8444055944055944,0.7732558139534884,-0.07114978045210596
1135,ISPY,0.8839031339031339,0.6879120879120879,-0.195991045991046
1135,Fixed-source-weighted,0.8546026715961357,0.7512226297794015,-0.10338004181673428
1136,MDACC,0.864501679731243,0.8438418079096045,-0.02065987182163853
1136,ISPY,0.9392764857881137,0.7354312354312355,-0.20384525035687828
1136,Fixed-source-weighted,0.8838062865237032,0.8158534574985223,-0.06795282902518082
1137,MDACC,0.8465136054421769,0.751740462266778,-0.09477314317539887
1137,ISPY,0.9124839124839125,0.6291666666666667,-0.2833172458172458
1137,Fixed-source-weighted,0.863545155299357,0.7200955934680565,-0.14344956183130053
1138,MDACC,0.8730442176870749,0.7357723577235772,-0.13727185996349767
1138,ISPY,0.9006493506493507,0.48178506375227687,-0.41886428689707383
1138,Fixed-source-weighted,0.8801710330596886,0.6702004746394833,-0.20997055842020523
1139,MDACC,0.8421852503599424,0.7435517970401692,-0.09863345331977325
1139,ISPY,0.8530961791831357,0.5920303605313093,-0.26106581865182643
1139,Fixed-source-weighted,0.8450021241410937,0.7044335176800387,-0.14056860646105496
1140,MDACC,0.8374567046016823,0.7885490394337715,-0.048907665167910785
1140,ISPY,0.8310344827586207,0.8102466793168881,-0.02078780344173259
1140,Fixed-source-weighted,0.8357986800082121,0.7941507177042494,-0.041647962303962824
1141,MDACC,0.8570945374598342,0.7918449197860963,-0.06524961767373794
1141,ISPY,0.8993506493506493,0.7628968253968254,-0.136453823953824
1141,Fixed-source-weighted,0.8680037951048486,0.7843713921496505,-0.08363240295519807
1142,MDACC,0.8540257648953301,0.7999301675977654,-0.054095597297564746
1142,ISPY,0.8814229249011858,0.6527777777777778,-0.228645147123408
1142,Fixed-source-weighted,0.8610988879033779,0.7619398447357424,-0.09915904316763541
1143,MDACC,0.8918581418581418,0.7964824120603015,-0.09537572979784037
1143,ISPY,0.8874074074074074,0.7981283422459893,-0.08927906516141815
1143,Fixed-source-weighted,0.8907090960358934,0.7969073417487634,-0.09380175428713006
1144,MDACC,0.8421275156434974,0.7770475227502528,-0.06507999289324462
1144,ISPY,0.8360544217687075,0.49702380952380953,-0.33903061224489794
1144,Fixed-source-weighted,0.8405596253947771,0.7047538190087854,-0.1358058063859917
1145,MDACC,0.8711121967106334,0.8217834078489816,-0.04932878886165182
1145,ISPY,0.8935064935064935,0.6318785578747628,-0.2616279356317307
1145,Fixed-source-weighted,0.8768937308507412,0.7727556851432192,-0.10413804570752187
1146,MDACC,0.8551568810189499,0.7681329423264908,-0.08702393869245917
1146,ISPY,0.8491655969191271,0.6557377049180327,-0.19342789200109434
1146,Fixed-source-weighted,0.8536101115944859,0.7391158712308432,-0.11449424036364277
1147,MDACC,0.8104269293924466,0.77109440267335,-0.039332526719096594
1147,ISPY,0.9173669467787114,0.5983050847457627,-0.31906186203294873
1147,Fixed-source-weighted,0.838035626691515,0.7264853957574043,-0.11155023093411072
1148,MDACC,0.8236238164018617,0.741956241956242,-0.08166757444561967
1148,ISPY,0.8027586206896552,0.6802656546489564,-0.12249296604069881
1148,Fixed-source-weighted,0.8182370501885797,0.7260295870631845,-0.09220746312539502
1149,MDACC,0.8551538837322912,0.7881219903691814,-0.06703189336310977
1149,ISPY,0.8914728682170543,0.7991228070175439,-0.09235006119951039
1149,Fixed-source-weighted,0.8645303535829327,0.7909620704842816,-0.07356828309865111
1150,MDACC,0.8701166920345003,0.7689579923622477,-0.10115869967225255
1150,ISPY,0.8922077922077922,0.6858054226475279,-0.20640236956026436
1150,Fixed-source-weighted,0.8758199499223763,0.747490498873807,-0.12832945104856933
1151,MDACC,0.8526097763048881,0.7023809523809523,-0.15022882392393577
1151,ISPY,0.9280913978494624,0.6122994652406417,-0.31579193260882066
1151,Fixed-source-weighted,0.8720968616056115,0.6791246207336172,-0.1929722408719943
1152,MDACC,0.8095160235448006,0.7717391304347826,-0.03777689311001797
1152,ISPY,0.8960784313725491,0.5862470862470862,-0.30983134512546284
1152,Fixed-source-weighted,0.8318638347160167,0.723850661510508,-0.10801317320550866
1153,MDACC,0.8559934318555008,0.781678486997636,-0.07431494485786483
1153,ISPY,0.9205128205128205,0.5825396825396826,-0.3379731379731379
1153,Fixed-source-weighted,0.8726503982082076,0.7302668348663343,-0.14238356334187324
1154,MDACC,0.887029637029637,0.7674107142857143,-0.11961892274392272
1154,ISPY,0.8725490196078431,0.5385572139303483,-0.33399180567749487
1154,Fixed-source-weighted,0.8832911769762981,0.7083276210567147,-0.1749635559195835
1155,MDACC,0.8692209246520557,0.7533532041728763,-0.11586772047917937
1155,ISPY,0.9122340425531915,0.6720338983050848,-0.24020014424810676
1155,Fixed-source-weighted,0.8803256184892772,0.7323590042919759,-0.14796661419730114
1156,MDACC,0.8722527472527473,0.7633097298714923,-0.108943017381255
1156,ISPY,0.8550531914893617,0.5699300699300699,-0.28512312155929176
1156,Fixed-source-weighted,0.867812339065468,0.7133849157036087,-0.15442742336185927
1157,MDACC,0.849194847020934,0.803030303030303,-0.04616454399063097
1157,ISPY,0.8837209302325582,0.610989010989011,-0.2727319192435471
1157,Fixed-source-weighted,0.8581084436670723,0.7534510152157211,-0.10465742845135115
1158,MDACC,0.8420006361323156,0.7781318681318682,-0.06386876800044738
1158,ISPY,0.9572413793103448,0.7,-0.25724137931034485
1158,Fixed-source-weighted,0.8717523312665127,0.7579605688429218,-0.11379176242359085
1159,MDACC,0.8326599870717518,0.7338481338481339,-0.09881185322361796
1159,ISPY,0.8333333333333334,0.785593220338983,-0.047740112994350326
1159,Fixed-source-weighted,0.8328338248320948,0.7472071594454447,-0.08562666538665017
1160,MDACC,0.8512599357348216,0.7423622476813966,-0.10889768805342503
1160,ISPY,0.889102564102564,0.6443850267379679,-0.24471753736459612
1160,Fixed-source-weighted,0.8610297646271473,0.7170674749541717,-0.14396228967297575
1161,MDACC,0.8565287915652879,0.7106214689265536,-0.1459073226387343
1161,ISPY,0.8474358974358974,0.7893738140417458,-0.05806208339415164
1161,Fixed-source-weighted,0.85418127968221,0.7309529567177308,-0.1232283229644793
1162,MDACC,0.854062604062604,0.8461309523809524,-0.007931651681651664
1162,ISPY,0.8720779220779221,0.6318681318681318,-0.24020979020979027
1162,Fixed-source-weighted,0.858713617537147,0.7908147340132634,-0.06789888352388353
1163,MDACC,0.8265358802271554,0.7555849147249579,-0.07095096550219748
1163,ISPY,0.8642857142857143,0.8241758241758241,-0.04010989010989019
1163,Fixed-source-weighted,0.8362817524187443,0.7732930253348221,-0.06298872708392207
1164,MDACC,0.7978039215686274,0.7496947496947497,-0.048109171873877754
1164,ISPY,0.8590250329380764,0.571875,-0.2871500329380764
1164,Fixed-source-weighted,0.8136093718894983,0.7037870365382621,-0.10982233535123624
1165,MDACC,0.8667302798982188,0.7295482295482295,-0.13718205034998932
1165,ISPY,0.8728590250329381,0.5737704918032787,-0.29908853322965945
1165,Fixed-source-weighted,0.8683125376290777,0.689331101176167,-0.1789814364529107
1166,MDACC,0.8633445674851549,0.6985775248933144,-0.1647670425918405
1166,ISPY,0.8516339869281045,0.7202380952380952,-0.13139589169000931
1166,Fixed-source-weighted,0.8603212476681387,0.704169632923503,-0.15615161474463574
1167,MDACC,0.8405582922824302,0.7535460992907801,-0.08701219299165008
1167,ISPY,0.805186170212766,0.6260416666666667,-0.17914450354609923
1167,Fixed-source-weighted,0.8314262738396083,0.7206282882538358,-0.11079798558577258
1168,MDACC,0.8546453546453546,0.7549152542372881,-0.09973010040806651
1168,ISPY,0.8404118404118404,0.703125,-0.13728684041184036
1168,Fixed-source-weighted,0.8509706892059834,0.7415445676858314,-0.10942612152015192
1169,MDACC,0.8658940397350994,0.7545688545688546,-0.11132518516624479
1169,ISPY,0.8359477124183007,0.6755218216318786,-0.1604258907864221
1169,Fixed-source-weighted,0.8581627983689978,0.7341612872419883,-0.12400151112700952
1170,MDACC,0.8765848178462526,0.7985347985347986,-0.07805001931145406
1170,ISPY,0.9421768707482994,0.7,-0.2421768707482994
1170,Fixed-source-weighted,0.8935187138569117,0.7730960760372526,-0.12042263781965923
1171,MDACC,0.8456686291000841,0.7934566145092461,-0.05221201459083802
1171,ISPY,0.8709884467265725,0.5873015873015873,-0.28368685942498517
1171,Fixed-source-weighted,0.8522054447618246,0.7402335846092296,-0.11197186015259497
1172,MDACC,0.8174055829228243,0.7499389499389499,-0.06746663298387434
1172,ISPY,0.8934640522875817,0.6666666666666666,-0.22679738562091512
1172,Fixed-source-weighted,0.837041592987582,0.7284405500091775,-0.10860104297840448
1173,MDACC,0.885829307568438,0.8050905755560651,-0.08073873201237292
1173,ISPY,0.887012987012987,0.6593406593406593,-0.2276723276723277
1173,Fixed-source-weighted,0.8861348980132726,0.7674623292128722,-0.11867256880040047
1174,MDACC,0.8653813630982581,0.7719192889742974,-0.09346207412396068
1174,ISPY,0.8857142857142857,0.6604395604395604,-0.22527472527472525
1174,Fixed-source-weighted,0.8706307124010888,0.7431385747447412,-0.12749213765634762
1175,MDACC,0.8063019052271617,0.8211309523809524,0.014829047153790631
1175,ISPY,0.891156462585034,0.6302083333333334,-0.26094812925170063
1175,Fixed-source-weighted,0.8282088007541942,0.7718404723000312,-0.056368328454163
1176,MDACC,0.8492129246064622,0.7579625884732053,-0.09125033613325695
1176,ISPY,0.907051282051282,0.5456140350877193,-0.3614372469635627
1176,Fixed-source-weighted,0.8641450495677065,0.7031405763246648,-0.1610044732430418
1177,MDACC,0.8135265700483092,0.672231563776123,-0.14129500627218616
1177,ISPY,0.8401797175866496,0.6813186813186813,-0.15886103626796821
1177,Fixed-source-weighted,0.8204076114062469,0.6745775843181561,-0.14583002708809067
1178,MDACC,0.854978354978355,0.7929546087440824,-0.062023746234272537
1178,ISPY,0.8772609819121447,0.6927083333333334,-0.18455264857881137
1178,Fixed-source-weighted,0.8607310593174706,0.7670740343733335,-0.09365702494413715
1179,MDACC,0.8843800322061192,0.7997977755308392,-0.08458225667527997
1179,ISPY,0.8848275862068965,0.8242009132420092,-0.06062667296488733
1179,Fixed-source-weighted,0.8844955771932479,0.8060979319987557,-0.07839764519449233
1180,MDACC,0.88279262086514,0.7433455433455434,-0.13944707751959662
1180,ISPY,0.8830065359477124,0.5439560439560439,-0.3390504919916685
1180,Fixed-source-weighted,0.8828478473080263,0.6918691693201497,-0.19097867798787663
1181,MDACC,0.8094423537461513,0.761003861003861,-0.048438492742290284
1181,ISPY,0.8617021276595744,0.5652173913043478,-0.29648473635522665
1181,Fixed-source-weighted,0.8229342561617083,0.710457680918039,-0.11247657524366929
1182,MDACC,0.8357963875205254,0.7748473748473749,-0.06094901267315056
1182,ISPY,0.9051383399209486,0.6674641148325359,-0.23767422508841274
1182,Fixed-source-weighted,0.853698394839589,0.7471242456278577,-0.10657414921173133
1183,MDACC,0.8502391555335642,0.7170895684233355,-0.13314958711022873
1183,ISPY,0.8217948717948718,0.5384615384615384,-0.2833333333333333
1183,Fixed-source-weighted,0.8428956966598495,0.670973181603133,-0.17192251505671652
1184,MDACC,0.8515714053085817,0.7832722832722833,-0.0682991220362984
1184,ISPY,0.8896551724137931,0.703962703962704,-0.1856924684510891
1184,Fixed-source-weighted,0.8614034889729991,0.7627969343655618,-0.0986065546074372
1185,MDACC,0.850068422853233,0.8167187124669709,-0.03334971038626211
1185,ISPY,0.8401360544217688,0.7599620493358634,-0.08017400508590533
1185,Fixed-source-weighted,0.8475041839444564,0.8020658484559988,-0.04543833548845759
1186,MDACC,0.8145758045086904,0.7513513513513513,-0.06322445315733904
1186,ISPY,0.8836436170212766,0.7572916666666667,-0.1263519503546099
1186,Fixed-source-weighted,0.8324070371508286,0.7528849621680505,-0.07952207498277826
1187,MDACC,0.8634728580771747,0.7518716577540107,-0.11160120032316401
1187,ISPY,0.8870967741935484,0.7300995024875622,-0.1569972717059862
1187,Fixed-source-weighted,0.8695718429568922,0.7462507418518883,-0.12332110110500373
1188,MDACC,0.8589311506981223,0.7467279309384572,-0.11220321975966507
1188,ISPY,0.8840579710144928,0.6373626373626373,-0.24669533365185548
1188,Fixed-source-weighted,0.8654181402569239,0.7184931002440462,-0.14692504001287765
1189,MDACC,0.860730593607306,0.8075559192580469,-0.05317467434925904
1189,ISPY,0.8455598455598455,0.7032085561497327,-0.14235128941011288
1189,Fixed-source-weighted,0.8568139625754453,0.7806165673444625,-0.07619739523098276
1190,MDACC,0.8590489223400616,0.704154951577632,-0.1548939707624296
1190,ISPY,0.926747311827957,0.6130434782608696,-0.3137038335670874
1190,Fixed-source-weighted,0.8765266111294203,0.6806327084664416,-0.19589390266297851
1191,MDACC,0.7837150127226463,0.7458693941778127,-0.03784561854483359
1191,ISPY,0.7857142857142857,0.6794258373205742,-0.10628844839371154
1191,Fixed-source-weighted,0.7842311649002265,0.7287156654466956,-0.05551549945353085
1192,MDACC,0.8205397543632837,0.7378291107799304,-0.08271064358335334
1192,ISPY,0.9054421768707483,0.6593406593406593,-0.24610151753008902
1192,Fixed-source-weighted,0.842459007232858,0.717565752401818,-0.12489325483104002
1193,MDACC,0.8630184133539838,0.7687943262411348,-0.09422408711284902
1193,ISPY,0.925531914893617,0.6329365079365079,-0.29259540695710906
1193,Fixed-source-weighted,0.8791575199606211,0.7337199221690252,-0.1454375977915959
1194,MDACC,0.8577796467619848,0.8291607396870555,-0.028618907074929312
1194,ISPY,0.8848133848133848,0.6711864406779661,-0.21362694413541872
1194,Fixed-source-weighted,0.8647589451478038,0.7883765252369965,-0.0763824199108073
1195,MDACC,0.8760337150127226,0.8236408199643493,-0.0523928950483733
1195,ISPY,0.8358974358974359,0.5833333333333334,-0.25256410256410255
1195,Fixed-source-weighted,0.8656717344568153,0.7616006518471916,-0.10407108260962367
1196,MDACC,0.8245742092457421,0.7577863577863578,-0.06678785145938426
1196,ISPY,0.8666666666666667,0.5835164835164836,-0.28315018315018314
1196,Fixed-source-weighted,0.8354412162269612,0.7127951157362923,-0.12264610049066894
1197,MDACC,0.8625421280693307,0.7466467958271237,-0.11589533224220705
1197,ISPY,0.8915032679738563,0.5971014492753624,-0.2944018186984939
1197,Fixed-source-weighted,0.8700190236655971,0.7080386834820612,-0.16198034018353602
1198,MDACC,0.8447279730380356,0.7970142602495544,-0.047713712788481244
1198,ISPY,0.9301075268817204,0.5416666666666666,-0.38844086021505375
1198,Fixed-source-weighted,0.8667704068734967,0.7310911887036454,-0.1356792181698513
1199,MDACC,0.8503508771929824,0.7528193023865722,-0.09753157480641017
1199,ISPY,0.8577127659574468,0.5970149253731343,-0.26069784058431256
1199,Fixed-source-weighted,0.852251495534135,0.7125952965563056,-0.13965619897782944
1200,MDACC,0.8177883766119061,0.7452006980802792,-0.07258767853162684
1200,ISPY,0.7871148459383753,0.7201754385964912,-0.06693940734188408
1200,Fixed-source-weighted,0.8098693932027267,0.7387399284749876,-0.07112946472773901
1201,MDACC,0.8546923965033811,0.7226759548402595,-0.13201644166312165
1201,ISPY,0.8715415019762845,0.6104166666666667,-0.26112483530961783
1201,Fixed-source-weighted,0.8590423289620719,0.6936939817496914,-0.16534834721238048
1202,MDACC,0.8628038628038628,0.7319774011299435,-0.13082646167391931
1202,ISPY,0.8541364296081277,0.5827505827505828,-0.27138584685754497
1202,Fixed-source-weighted,0.8605661921422187,0.6934515231823308,-0.16711466895988802
1203,MDACC,0.8325191336915811,0.7416876863104792,-0.09083144738110194
1203,ISPY,0.8861003861003861,0.6417112299465241,-0.24438915615386203
1203,Fixed-source-weighted,0.8463522021239197,0.7158767711054059,-0.1304754310185139
1204,MDACC,0.8694474539544962,0.7894088669950738,-0.08003858695942234
1204,ISPY,0.8399209486166008,0.4964912280701754,-0.3434297205464254
1204,Fixed-source-weighted,0.8618245980012487,0.7137863392987766,-0.14803825870247217
1205,MDACC,0.8839968774395004,0.7819209039548023,-0.1020759734846981
1205,ISPY,0.8896551724137931,0.6052083333333333,-0.28444683908045976
1205,Fixed-source-weighted,0.8854576790831904,0.7362990311472989,-0.14915864793589148
1206,MDACC,0.8422043010752688,0.8178486997635934,-0.024355601311675357
1206,ISPY,0.9698717948717949,0.547438330170778,-0.42243346470101684
1206,Fixed-source-weighted,0.8751642096044374,0.7480368723196966,-0.12712733728474065
1207,MDACC,0.8643290043290043,0.8244668653978445,-0.03986213893115975
1207,ISPY,0.875974025974026,0.683531746031746,-0.19244227994227991
1207,Fixed-source-weighted,0.867335398805987,0.7880816548425447,-0.07925374396344241
1208,MDACC,0.8660475234270415,0.7859625668449198,-0.08008495658212167
1208,ISPY,0.8613607188703466,0.744927536231884,-0.11643318263846258
1208,Fixed-source-weighted,0.8648375314009666,0.7753685556735805,-0.08946897572738616
1209,MDACC,0.7915291529152916,0.7086824953445066,-0.08284665757078502
1209,ISPY,0.9045751633986928,0.5574866310160428,-0.34708853238265003
1209,Fixed-source-weighted,0.8207142340531632,0.6696482689329097,-0.15106596512025344
1210,MDACC,0.8514056224899599,0.7886586452762924,-0.06274697721366751
1210,ISPY,0.9006410256410257,0.7874331550802139,-0.11320787056081172
1210,Fixed-source-weighted,0.8641167233034703,0.7883422605524683,-0.07577446275100214
1211,MDACC,0.8764859143461977,0.8140571728297928,-0.06242874151640487
1211,ISPY,0.9293966623876765,0.6242884250474383,-0.3051082373402382
1211,Fixed-source-weighted,0.8901458787098475,0.7650645876180086,-0.12508129109183896
1212,MDACC,0.7935087719298246,0.69009684473602,-0.10341192719380465
1212,ISPY,0.8775641025641026,0.6538461538461539,-0.2237179487179487
1212,Fixed-source-weighted,0.8152093311458638,0.6807380062383095,-0.13447132490755426
1213,MDACC,0.8494113799869195,0.74822695035461,-0.10118442963230956
1213,ISPY,0.8764705882352941,0.7027363184079602,-0.17373426982733386
1213,Fixed-source-weighted,0.8563972540118268,0.7364826368781874,-0.11991461713363936
1214,MDACC,0.832579185520362,0.732524621667067,-0.10005456385329503
1214,ISPY,0.927170868347339,0.6840796019900498,-0.24309126635728917
1214,Fixed-source-weighted,0.8569999140933399,0.7200175741033927,-0.13698233998994713
1215,MDACC,0.8237115127175368,0.7641369047619048,-0.059574607955632075
1215,ISPY,0.8721088435374149,0.6604395604395604,-0.2116692830978545
1215,Fixed-source-weighted,0.8362062484520806,0.7373653681558094,-0.09884088029627121
1216,MDACC,0.8242315238718116,0.7422466422466423,-0.08198488162516937
1216,ISPY,0.9005134788189987,0.6728855721393034,-0.22762790667969524
1216,Fixed-source-weighted,0.8439252311947784,0.724339699310434,-0.11958553188434436
1217,MDACC,0.8358706808073897,0.8396107178968655,0.0037400370894757895
1217,ISPY,0.8583333333333333,0.5147058823529411,-0.34362745098039216
1217,Fixed-source-weighted,0.8416698623418655,0.7557300577401007,-0.08593980460176463
1218,MDACC,0.843103448275862,0.7451295225861699,-0.0979739256896921
1218,ISPY,0.8822393822393823,0.7276119402985075,-0.15462744194087474
1218,Fixed-source-weighted,0.85320716978932,0.7406070095119042,-0.11260016027741573
1219,MDACC,0.8690766976062531,0.7151292335115864,-0.15394746409466664
1219,ISPY,0.886896551724138,0.7043478260869566,-0.18254872563718139
1219,Fixed-source-weighted,0.8736772481791711,0.712345798261437,-0.16133144991773418
1220,MDACC,0.8800101471334348,0.8040587021325384,-0.07595144500089646
1220,ISPY,0.8900560224089635,0.6232394366197183,-0.2668165857892453
1220,Fixed-source-weighted,0.882603690096725,0.7573766041733463,-0.12522708592337867
1221,MDACC,0.7927415050702722,0.7652916073968705,-0.02744989767340167
1221,ISPY,0.8708827404479579,0.6468531468531469,-0.224029593594811
1221,Fixed-source-weighted,0.812915222700459,0.7347143577793733,-0.07820086492108579
1222,MDACC,0.8196533682145193,0.7727511146079202,-0.046902253606599054
1222,ISPY,0.8911290322580645,0.6841491841491841,-0.20697984810888037
1222,Fixed-source-weighted,0.8381062357290293,0.7498767600123643,-0.08822947571666515
1223,MDACC,0.8832361773538244,0.7869131917125622,-0.09632298564126218
1223,ISPY,0.8478818998716303,0.4304812834224599,-0.4174006164491704
1223,Fixed-source-weighted,0.8741087658469835,0.6948931892455098,-0.1792155766014738
1224,MDACC,0.8737879767291532,0.747307968413496,-0.1264800083156572
1224,ISPY,0.8906455862977603,0.656648451730419,-0.23399713456734128
1224,Fixed-source-weighted,0.878140104689676,0.7239024069168847,-0.15423769777279134
1225,MDACC,0.8150937081659974,0.7362967914438503,-0.07879691672214706
1225,ISPY,0.9129172714078374,0.8021390374331551,-0.11077823397468234
1225,Fixed-source-weighted,0.8403488110944463,0.7532952797874943,-0.08705353130695193
1226,MDACC,0.8361247947454844,0.7119047619047619,-0.12422003284072247
1226,ISPY,0.8743279569892473,0.7729166666666667,-0.10141129032258056
1226,Fixed-source-weighted,0.845987702645018,0.7276562013694368,-0.11833150127558127
1227,MDACC,0.8292408923126304,0.7603609625668449,-0.0688799297457855
1227,ISPY,0.8356867779204108,0.7757936507936508,-0.05989312712675998
1227,Fixed-source-weighted,0.8309050261786914,0.764345218677687,-0.0665598075010044
1228,MDACC,0.8449116904962153,0.7600267379679144,-0.08488495252830086
1228,ISPY,0.937012987012987,0.6585081585081585,-0.2785048285048285
1228,Fixed-source-weighted,0.8686894761982578,0.7338176929439906,-0.13487178325426716
1229,MDACC,0.8249216559459014,0.7083926031294452,-0.1165290528164562
1229,ISPY,0.916988416988417,0.7232142857142857,-0.19377413127413134
1229,Fixed-source-weighted,0.8486905256268124,0.7122191159536361,-0.13647140967317628
1230,MDACC,0.8585087719298246,0.7370836611591922,-0.12142511077063234
1230,ISPY,0.8701298701298701,0.5979020979020979,-0.27222777222777217
1230,Fixed-source-weighted,0.8615089900925815,0.7011511660699423,-0.16035782402263904
1231,MDACC,0.8458267716535433,0.7423128342245989,-0.10351393742894432
1231,ISPY,0.8568677792041078,0.6567460317460317,-0.2001217474580761
1231,Fixed-source-weighted,0.8486772278512381,0.7202220584213088,-0.12845516942992932
1232,MDACC,0.848348593852191,0.7850267379679144,-0.06332185588427652
1232,ISPY,0.9263565891472868,0.5745920745920746,-0.3517645145552122
1232,Fixed-source-weighted,0.8684879128989641,0.7306988346780735,-0.13778907822089065
1233,MDACC,0.8111642743221691,0.7907754010695187,-0.020388873252650375
1233,ISPY,0.8425559947299077,0.664179104477612,-0.17837689025229575
1233,Fixed-source-weighted,0.8192686727280887,0.758092043452654,-0.061176629275434644
1234,MDACC,0.8532725766362883,0.7154744162940885,-0.13779816034219983
1234,ISPY,0.8753561253561254,0.5470494417862839,-0.3283066835698415
1234,Fixed-source-weighted,0.8589738849659194,0.671992151633577,-0.18698173333234264
1235,MDACC,0.855943049112142,0.7235294117647059,-0.13241363734743616
1235,ISPY,0.9183135704874835,0.7168949771689498,-0.20141859331853373
1235,Fixed-source-weighted,0.8720452425391093,0.7218166002187427,-0.1502286423203666
1236,MDACC,0.8362889983579639,0.7832977750685767,-0.05299122328938721
1236,ISPY,0.9082156611039794,0.663768115942029,-0.24444754516195044
1236,Fixed-source-weighted,0.8548583001780137,0.7524388107842719,-0.10241948939374179
1237,MDACC,0.8437242289295728,0.73451536643026,-0.10920886249931272
1237,ISPY,0.9144144144144144,0.6467661691542289,-0.2676482452601855
1237,Fixed-source-weighted,0.8619743094959209,0.7118611619047488,-0.15011314759117206
1238,MDACC,0.8684729064039409,0.7956241956241956,-0.07284871077974531
1238,ISPY,0.8722721437740694,0.7135416666666666,-0.15873047710740273
1238,Fixed-source-weighted,0.8694537552674708,0.7744329544881017,-0.09502080077936928
1239,MDACC,0.8828707375099127,0.8014880952380953,-0.08138264227181746
1239,ISPY,0.9227150537634409,0.5912087912087912,-0.33150626255464966
1239,Fixed-source-weighted,0.8931573420328824,0.7472003010605952,-0.14595704097228723
1240,MDACC,0.8450680272108844,0.7965084560829242,-0.048559571127960166
1240,ISPY,0.8863049095607235,0.5956521739130435,-0.29065273564768
1240,Fixed-source-weighted,0.8557141504319213,0.7446534028429876,-0.1110607475889336
1241,MDACC,0.8729917131743615,0.7616310160427807,-0.11136069713158081
1241,ISPY,0.836627140974967,0.5885780885780886,-0.24804905239687847
1241,Fixed-source-weighted,0.8636034739464133,0.71695395306987,-0.1466495208765433
1242,MDACC,0.8555815768930523,0.7007909604519774,-0.15479061644107484
1242,ISPY,0.91343669250646,0.5864406779661017,-0.3269960145403583
1242,Fixed-source-weighted,0.8705180283095857,0.6712691554964736,-0.1992488728131121
1243,MDACC,0.8577165354330709,0.7125177809388336,-0.14519875449423736
1243,ISPY,0.8475452196382429,0.7144927536231884,-0.1330524660150545
1243,Fixed-source-weighted,0.855090607499112,0.7130276595076703,-0.14206294799144178
1244,MDACC,0.8464114832535885,0.6776737967914439,-0.1687376864621446
1244,ISPY,0.919631093544137,0.8231884057971014,-0.09644268774703557
1244,Fixed-source-weighted,0.8653145852567039,0.7152412938876758,-0.15007329136902822
1245,MDACC,0.873780195168773,0.8031599736668861,-0.07062022150188696
1245,ISPY,0.764163372859025,0.5827505827505828,-0.18141279010844225
1245,Fixed-source-weighted,0.8454804273175636,0.7462568956198665,-0.09922353169769699
1246,MDACC,0.8061306371368961,0.7601654846335697,-0.045965152503326445
1246,ISPY,0.8790849673202614,0.6855072463768116,-0.19357772094344983
1246,Fixed-source-weighted,0.8249652517920787,0.7408909721424459,-0.08407427964963282
1247,MDACC,0.8145917001338688,0.7532085561497326,-0.061383143984136246
1247,ISPY,0.9272727272727272,0.7324561403508771,-0.1948165869218501
1247,Fixed-source-weighted,0.8436825535455349,0.7478509063193092,-0.09583164722622578
1248,MDACC,0.8315892740353172,0.7350427350427351,-0.09654653899258214
1248,ISPY,0.8901808785529716,0.6174603174603175,-0.2727205610926541
1248,Fixed-source-weighted,0.8467158647441235,0.7046864899806077,-0.14202937476351574
1249,MDACC,0.8365495629226456,0.8063284233496999,-0.0302211395729457
1249,ISPY,0.9009009009009009,0.6747252747252748,-0.22617562617562614
1249,Fixed-source-weighted,0.853163143642522,0.772352447070845,-0.08081069657167693
1250,MDACC,0.8643856143856143,0.7964355332776385,-0.06795008110797585
1250,ISPY,0.8562091503267973,0.815625,-0.0405841503267973
1250,Fixed-source-weighted,0.862274697193959,0.8013896766471371,-0.06088502054682191
1251,MDACC,0.8425849212924607,0.7570154733805402,-0.08556944791192045
1251,ISPY,0.8938775510204081,0.6537698412698413,-0.24010770975056683
1251,Fixed-source-weighted,0.8558271361568655,0.7303605552866016,-0.1254665808702638
1252,MDACC,0.8362661974084147,0.6893772893772894,-0.1468889080311253
1252,ISPY,0.7965986394557824,0.5828779599271403,-0.21372067952864204
1252,Fixed-source-weighted,0.8260252265644344,0.6618823644538849,-0.16414286211054957
1253,MDACC,0.8419080919080919,0.7223443223443223,-0.11956376956376957
1253,ISPY,0.753061224489796,0.7400793650793651,-0.01298185941043084
1253,Fixed-source-weighted,0.8189705019536953,0.7269229771680752,-0.09204752478562005
1254,MDACC,0.8638816219751472,0.7647328594359092,-0.09914876253923799
1254,ISPY,0.9144144144144144,0.6958041958041958,-0.21861021861021857
1254,Fixed-source-weighted,0.8769276696963959,0.7469375508512512,-0.12999011884514475
1255,MDACC,0.8272900763358778,0.7430260047281324,-0.0842640716077454
1255,ISPY,0.9071428571428571,0.6963946869070209,-0.21074817023583625
1255,Fixed-source-weighted,0.8479056635376797,0.7309872004540546,-0.11691846308362508
1256,MDACC,0.8147302553695248,0.7295081967213115,-0.0852220586482133
1256,ISPY,0.8320413436692506,0.6157495256166983,-0.21629181805255238
1256,Fixed-source-weighted,0.8191994579044214,0.7001391280374408,-0.11906032986698059
1257,MDACC,0.8890813128814118,0.800668449197861,-0.08841286368355084
1257,ISPY,0.8820816864295126,0.5018214936247724,-0.3802601928047402
1257,Fixed-source-weighted,0.887274219777817,0.7235151502100374,-0.16375906956777947
1258,MDACC,0.8302671572548392,0.8201689021361153,-0.010098255118723976
1258,ISPY,0.8313570487483531,0.7727272727272727,-0.05862977602108044
1258,Fixed-source-weighted,0.830548534470485,0.8079208997723946,-0.022627634698090517
1259,MDACC,0.8468198468198468,0.8199534613147179,-0.026866385505128876
1259,ISPY,0.8468992248062015,0.6650853889943074,-0.18181383581189414
1259,Fixed-source-weighted,0.8468403398293959,0.7799711812058537,-0.06686915862354215
1260,MDACC,0.804541047188106,0.7397062680304223,-0.06483477915768376
1260,ISPY,0.9019480519480519,0.5501165501165501,-0.3518315018315018
1260,Fixed-source-weighted,0.8296886072405105,0.6907599029480828,-0.13892870429242765
1261,MDACC,0.8342825502293941,0.7934065934065934,-0.04087595682280076
1261,ISPY,0.917687074829932,0.6954225352112676,-0.22226453961866433
1261,Fixed-source-weighted,0.8558150908942388,0.768110055506493,-0.08770503538774593
1262,MDACC,0.8359605911330049,0.814316598606774,-0.02164399252623095
1262,ISPY,0.9169934640522875,0.7857142857142857,-0.13127917833800185
1262,Fixed-source-weighted,0.85688084263831,0.8069323413567526,-0.04994850128155742
1263,MDACC,0.8757531346686207,0.796092796092796,-0.07966033857582466
1263,ISPY,0.8850806451612904,0.7847593582887701,-0.10032128687252029
1263,Fixed-source-weighted,0.8781612174428721,0.7931668431956782,-0.0849943742471938
1264,MDACC,0.8455689993459777,0.7843971631205674,-0.061171836225410336
1264,ISPY,0.8641025641025641,0.7333333333333333,-0.13076923076923086
1264,Fixed-source-weighted,0.8503538085478416,0.7712140175219024,-0.07913979102593917
1265,MDACC,0.8644992880873279,0.6837121212121212,-0.18078716687520668
1265,ISPY,0.9409090909090909,0.5759013282732448,-0.3650077626358461
1265,Fixed-source-weighted,0.8842260018877177,0.6558786158455486,-0.2283473860421692
1266,MDACC,0.8368197278911564,0.8045045045045045,-0.03231522338665194
1266,ISPY,0.8917241379310344,0.7932604735883424,-0.09846366434269205
1266,Fixed-source-weighted,0.8509943958426283,0.8016016337777829,-0.0493927620648453
1267,MDACC,0.8261674718196458,0.8073770491803278,-0.01879042263931796
1267,ISPY,0.9045751633986928,0.8057971014492754,-0.0987780619494174
1267,Fixed-source-weighted,0.8464099804299227,0.8069691541778666,-0.039440826252056055
1268,MDACC,0.8989980607627667,0.7572716695753345,-0.14172639118743213
1268,ISPY,0.8897435897435897,0.5842105263157895,-0.3055330634278002
1268,Fixed-source-weighted,0.8966088345846132,0.7125924855312036,-0.18401634905340952
1269,MDACC,0.871488645920942,0.8086448062371016,-0.06284383968384044
1269,ISPY,0.8824675324675325,0.7251243781094527,-0.15734315435807977
1269,Fixed-source-weighted,0.874323064343101,0.787082342766238,-0.08724072157686302
1270,MDACC,0.828088578088578,0.7454311454311454,-0.08265743265743264
1270,ISPY,0.8649538866930171,0.7004662004662005,-0.16448768622681664
1270,Fixed-source-weighted,0.8376060924014889,0.7338225485284309,-0.10378354387305794
1271,MDACC,0.8651888341543514,0.8367869875222816,-0.028401846632069794
1271,ISPY,0.8616883116883117,0.6124794745484401,-0.24920883713987163
1271,Fixed-source-weighted,0.8642851044980863,0.7788775315584467,-0.08540757293963956
1272,MDACC,0.7990268843806696,0.7262386248736097,-0.07278825950705992
1272,ISPY,0.8709884467265725,0.45942028985507244,-0.41156815687150006
1272,Fixed-source-weighted,0.8176051962281413,0.6573541527609807,-0.1602510434671605
1273,MDACC,0.8783467202141901,0.7530333670374115,-0.1253133531767786
1273,ISPY,0.8417553191489362,0.634375,-0.20738031914893618
1273,Fixed-source-weighted,0.8688999205927684,0.7223993441748119,-0.14650057641795655
1274,MDACC,0.8763179237631792,0.7959404275762672,-0.08037749618691203
1274,ISPY,0.9042553191489362,0.538899430740038,-0.3653558884088982
1274,Fixed-source-weighted,0.8835305193039467,0.729580170223123,-0.1539503490808235
1275,MDACC,0.859561403508772,0.8568181818181818,-0.0027432216905901585
1275,ISPY,0.8598639455782313,0.41739130434782606,-0.44247264123040525
1275,Fixed-source-weighted,0.8596395107750703,0.743371373582371,-0.1162681371926993
1276,MDACC,0.8619592875318066,0.7095462890112773,-0.15241299852052936
1276,ISPY,0.9294871794871795,0.7648809523809523,-0.1646062271062272
1276,Fixed-source-weighted,0.8793929589843376,0.7238320354367817,-0.15556092354755593
1277,MDACC,0.8358054226475279,0.820225988700565,-0.015579433946962928
1277,ISPY,0.8700680272108844,0.6612903225806451,-0.20877770463023926
1277,Fixed-source-weighted,0.8446509970282637,0.7791935781663373,-0.06545741886192644
1278,MDACC,0.817151344590369,0.734441950622322,-0.082709393968047
1278,ISPY,0.7970085470085471,0.7239583333333334,-0.0730502136752137
1278,Fixed-source-weighted,0.8119510798551928,0.7317353958320276,-0.0802156840231652
1279,MDACC,0.8687925170068027,0.8382352941176471,-0.030557222889155633
1279,ISPY,0.8312324929971989,0.6263736263736264,-0.20485886662357256
1279,Fixed-source-weighted,0.8590956480631469,0.7835389812033411,-0.07555666685980575
1280,MDACC,0.8269230769230769,0.7548028311425683,-0.07212024578050857
1280,ISPY,0.8686274509803922,0.6927083333333334,-0.1759191176470588
1280,Fixed-source-weighted,0.837689892447678,0.7387718987016221,-0.09891799374605587
1281,MDACC,0.8273393273393274,0.8171122994652407,-0.010227027874086692
1281,ISPY,0.8519593613933236,0.6150793650793651,-0.2368799963139585
1281,Fixed-source-weighted,0.833695479921895,0.7649534699996061,-0.0687420099222889
1282,MDACC,0.8322099181511796,0.6879699248120301,-0.1442399933391495
1282,ISPY,0.7783251231527094,0.5855072463768116,-0.1928178767758978
1282,Fixed-source-weighted,0.8182984841483066,0.6615171418173169,-0.15678134233098975
1283,MDACC,0.8341443633414436,0.7555451421430803,-0.07859922119836327
1283,ISPY,0.868082368082368,0.6964912280701754,-0.17159114001219267
1283,Fixed-source-weighted,0.8429061358072378,0.7402991970066115,-0.10260693880062642
1284,MDACC,0.8632275997383911,0.7893691008445107,-0.07385849889388041
1284,ISPY,0.8727272727272727,0.6278538812785388,-0.24487339144873388
1284,Fixed-source-weighted,0.8656801296930371,0.7476707271657141,-0.11800940252732299
1285,MDACC,0.799604198933058,0.7146603724101757,-0.08494382652288235
1285,ISPY,0.8108108108108109,0.5920303605313093,-0.21878045027950155
1285,Fixed-source-weighted,0.8024974091890792,0.6830009902584422,-0.11949641893063698
1286,MDACC,0.8491276086212796,0.7926031294452347,-0.05652447917604486
1286,ISPY,0.9106182795698925,0.4919786096256685,-0.418639669944224
1286,Fixed-source-weighted,0.865002651121085,0.7149909168120787,-0.15001173430900616
1287,MDACC,0.8569812540400775,0.8007364975450082,-0.056244756495069326
1287,ISPY,0.8777777777777778,0.6802197802197802,-0.19755799755799752
1287,Fixed-source-weighted,0.8623502912141897,0.7696227045100638,-0.09272758670412595
1288,MDACC,0.796215306980656,0.7380015735641228,-0.05821373341653324
1288,ISPY,0.8551020408163266,0.789010989010989,-0.06609105180533759
1288,Fixed-source-weighted,0.811418091206205,0.7511706710160916,-0.060247420190113456
1289,MDACC,0.8377483443708609,0.786193233770192,-0.05155511060066886
1289,ISPY,0.9130434782608695,0.7074592074592074,-0.20558427080166208
1289,Fixed-source-weighted,0.8571872841659939,0.7658664753434999,-0.09132080882249391
1290,MDACC,0.8640284119736175,0.8095786701777485,-0.05444974179586892
1290,ISPY,0.9163265306122449,0.7319347319347319,-0.18439179867751299
1290,Fixed-source-weighted,0.8775302138443742,0.7895333397163162,-0.08799687412805808
1291,MDACC,0.8607553366174056,0.7755837059115748,-0.08517163070583078
1291,ISPY,0.9024547803617571,0.7053571428571429,-0.19709763750461418
1291,Fixed-source-weighted,0.8715208792834309,0.7574533187177835,-0.11406756056564742
1292,MDACC,0.8151904997525977,0.8045173125429947,-0.010673187209602975
1292,ISPY,0.9331168831168831,0.6548269581056466,-0.2782899250112365
1292,Fixed-source-weighted,0.8456355464381486,0.7658717635215879,-0.07976378291656067
1293,MDACC,0.872034632034632,0.7831550802139038,-0.08887955182072826
1293,ISPY,0.8841698841698842,0.7144522144522144,-0.16971766971766977
1293,Fixed-source-weighted,0.8751675892852364,0.7654180658505919,-0.10974952343464453
1294,MDACC,0.8710479858770663,0.7711675579322638,-0.09988042794480256
1294,ISPY,0.8188311688311688,0.6359649122807017,-0.18286625655046707
1294,Fixed-source-weighted,0.8575671736331909,0.7362622997411743,-0.12130487389201661
1295,MDACC,0.8502686858817782,0.7533333333333333,-0.09693535254844488
1295,ISPY,0.8669250645994832,0.7074592074592074,-0.15946585714027572
1295,Fixed-source-weighted,0.8545688620866759,0.7414900132547192,-0.11307884883195676
1296,MDACC,0.8623372230678167,0.7326241134751773,-0.12971310959263938
1296,ISPY,0.798051948051948,0.75426944971537,-0.04378249833657799
1296,Fixed-source-weighted,0.8457406978186219,0.73821228851758,-0.10752840930104182
1297,MDACC,0.8165071770334928,0.7096373571783408,-0.10686981985515209
1297,ISPY,0.9434482758620689,0.744927536231884,-0.1985207396301849
1297,Fixed-source-weighted,0.8492795522212625,0.7187482203980464,-0.13053133182321613
1298,MDACC,0.8017068273092369,0.7892449080973671,-0.012461919211869787
1298,ISPY,0.8590909090909091,0.7832422586520947,-0.07584865043881439
1298,Fixed-source-weighted,0.8165216719522177,0.7876952044824113,-0.02882646746980647
1299,MDACC,0.8332528180354267,0.7913229018492176,-0.041929916186209115
1299,ISPY,0.91343669250646,0.6152542372881356,-0.2981824552183244
1299,Fixed-source-weighted,0.8539538836668373,0.745867266227239,-0.10808661743959837
1300,MDACC,0.8631520356234097,0.7568922305764411,-0.10625980504696864
1300,ISPY,0.8204134366925064,0.6105263157894737,-0.20988712090303274
1300,Fixed-source-weighted,0.8521182143307908,0.7191049519222894,-0.13301326240850153
1301,MDACC,0.8147501982553529,0.7851037851037851,-0.029646413151567796
1301,ISPY,0.8275641025641025,0.8601190476190477,0.03255494505494516
1301,Fixed-source-weighted,0.8180583630932328,0.8044704705243921,-0.013587892568840593
1302,MDACC,0.8605561105561106,0.7605616605616605,-0.09999444999445006
1302,ISPY,0.8319327731092437,0.689484126984127,-0.14244864612511676
1302,Fixed-source-weighted,0.8531664253982594,0.7422115783635392,-0.11095484703472022
1303,MDACC,0.8457161981258366,0.7866922892145087,-0.059023908911327916
1303,ISPY,0.8932806324110671,0.5935828877005348,-0.29969774471053234
1303,Fixed-source-weighted,0.857995905016468,0.7368372476471756,-0.12115865736929246
1304,MDACC,0.8800889497092029,0.7527670527670528,-0.12732189694215013
1304,ISPY,0.8670212765957447,0.8076923076923077,-0.059328968903436974
1304,Fixed-source-weighted,0.8767152693955977,0.76694710224122,-0.10976816715437779
1305,MDACC,0.8286199095022625,0.7799793601651187,-0.04864054933714379
1305,ISPY,0.8289655172413793,0.6857142857142857,-0.14325123152709363
1305,Fixed-source-weighted,0.8287091350296816,0.7556429520552632,-0.07306618297441843
1306,MDACC,0.8781919111816019,0.768760907504363,-0.1094310036772389
1306,ISPY,0.7797385620915033,0.811864406779661,0.03212584468815771
1306,Fixed-source-weighted,0.8527742164818706,0.7798889350950445,-0.07288528138682605
1307,MDACC,0.838639301874596,0.7858515493634398,-0.052787752511156194
1307,ISPY,0.8290598290598291,0.752913752913753,-0.07614607614607616
1307,Fixed-source-weighted,0.836166170004117,0.7773480006068213,-0.05881816939729567
1308,MDACC,0.8069594034797017,0.7524838549428713,-0.054475548536830454
1308,ISPY,0.8793324775353016,0.6252747252747253,-0.25405775226057636
1308,Fixed-source-weighted,0.8256439552783698,0.7196422822507682,-0.10600167302760147
1309,MDACC,0.8576114381833474,0.7541436464088398,-0.1034677917745076
1309,ISPY,0.8475783475783476,0.7299465240641712,-0.11763182351417645
1309,Fixed-source-weighted,0.8550211958376122,0.747896676914628,-0.10712451892298419
1310,MDACC,0.838078588078588,0.7687165775401069,-0.06936201053848112
1310,ISPY,0.8376123234916559,0.6770833333333334,-0.16052899015832256
1310,Fixed-source-weighted,0.8379582125806546,0.7450596288723452,-0.09289858370830947
1311,MDACC,0.8233843537414965,0.7296781232951446,-0.09370623044635196
1311,ISPY,0.8718954248366013,0.5533661740558292,-0.3185292507807721
1311,Fixed-source-weighted,0.8359084537954615,0.6841596788836874,-0.1517487749117742
1312,MDACC,0.8325483599663582,0.7403367776502104,-0.09221158231614779
1312,ISPY,0.8211068211068211,0.5973684210526315,-0.22373840005418955
1312,Fixed-source-weighted,0.8295944986268047,0.7034266463717506,-0.126167852255054
1313,MDACC,0.8601837131248896,0.7463367763631996,-0.11384693676169
1313,ISPY,0.8687074829931973,0.7333333333333333,-0.13537414965986405
1313,Fixed-source-weighted,0.8623842942346815,0.7429796783260774,-0.11940461590860423
1314,MDACC,0.8983516483516484,0.7794505494505495,-0.1189010989010989
1314,ISPY,0.9426877470355731,0.5492753623188406,-0.39341238471673257
1314,Fixed-source-weighted,0.9097978960510931,0.720026236432886,-0.18977165961820697
1315,MDACC,0.8682983682983683,0.8273720814704422,-0.040926286827926095
1315,ISPY,0.8697478991596639,0.6764705882352942,-0.19327731092436973
1315,Fixed-source-weighted,0.8686725935860884,0.7884138528247668,-0.08025874076132168
1316,MDACC,0.8780362641122135,0.8035667453448728,-0.07446951876734065
1316,ISPY,0.8709884467265725,0.7395264116575592,-0.13146203506901333
1316,Fixed-source-weighted,0.8762167295584042,0.7870334565824617,-0.08918327297594242
1317,MDACC,0.8429217840982547,0.8753635834787667,0.03244179938051206
1317,ISPY,0.9234234234234234,0.5687645687645687,-0.3546588546588547
1317,Fixed-source-weighted,0.8637048870612885,0.7962089358891535,-0.06749595117213493
1318,MDACC,0.8703612073231074,0.7446597118728266,-0.12570149545028075
1318,ISPY,0.8478260869565217,0.5956937799043063,-0.25213230705221545
1318,Fixed-source-weighted,0.8645433167709498,0.7062011869528493,-0.15834212981810053
1319,MDACC,0.8182690769476884,0.7714082503556188,-0.04686082659206958
1319,ISPY,0.9218346253229974,0.417910447761194,-0.5039241775618034
1319,Fixed-source-weighted,0.8450065878027518,0.6801457457642477,-0.16486084203850415
1320,MDACC,0.8226011102299762,0.7401887729756582,-0.08241233725431796
1320,ISPY,0.8816326530612245,0.734920634920635,-0.14671201814058954
1320,Fixed-source-weighted,0.8378412797844489,0.7388286981183156,-0.09901258166613316
1321,MDACC,0.8304059652029826,0.784170069661302,-0.046235895541680616
1321,ISPY,0.8501291989664083,0.7668650793650794,-0.08326411960132885
1321,Fixed-source-weighted,0.835497911174586,0.7797024414475714,-0.05579546972701464
1322,MDACC,0.8599397590361446,0.7388852743439601,-0.1210544846921845
1322,ISPY,0.8481338481338482,0.5861244019138756,-0.2620094462199726
1322,Fixed-source-weighted,0.856891827790127,0.699447009893056,-0.157444817897071
1323,MDACC,0.8720012626262627,0.7725044563279857,-0.09949680629827695
1323,ISPY,0.8425559947299077,0.7165775401069518,-0.12597845462295587
1323,Fixed-source-weighted,0.8643993797379881,0.7580658080225554,-0.10633357171543263
1324,MDACC,0.8825503355704698,0.772208298524088,-0.11034203704638179
1324,ISPY,0.8568677792041078,0.6838983050847458,-0.17296947411936203
1324,Fixed-source-weighted,0.8759198716719647,0.7494093132897481,-0.12651055838221656
1325,MDACC,0.8531835811247576,0.8359321256592525,-0.017251455465505106
1325,ISPY,0.8514784946236559,0.7286096256684492,-0.12286886895520666
1325,Fixed-source-weighted,0.8527433790542118,0.8082246828511693,-0.04451869620304244
1326,MDACC,0.8673107890499195,0.8507853403141361,-0.016525448735783432
1326,ISPY,0.8949468085106383,0.8065476190476191,-0.08839918946301928
1326,Fixed-source-weighted,0.8744455783878176,0.8393644907061137,-0.0350810876817038
1327,MDACC,0.843695479777954,0.8157894736842105,-0.027906006093743496
1327,ISPY,0.8406896551724138,0.7761194029850746,-0.06457025218733914
1327,Fixed-source-weighted,0.8429194662360009,0.8055478541246297,-0.03737161211137113
1328,MDACC,0.9035354343305071,0.7747326203208557,-0.12880281400965143
1328,ISPY,0.8346774193548387,0.7450396825396826,-0.08963773681515619
1328,Fixed-source-weighted,0.8857583651047627,0.7670667965146052,-0.11869156859015757
1329,MDACC,0.8653015517517197,0.8144208037825059,-0.050880747969213824
1329,ISPY,0.8918918918918919,0.6655011655011654,-0.22639072639072644
1329,Fixed-source-weighted,0.8721663781277773,0.775974230500722,-0.09619214762705533
1330,MDACC,0.8470588235294118,0.7728132387706855,-0.07424558475872622
1330,ISPY,0.8346774193548387,0.6116584564860427,-0.22301896286879608
1330,Fixed-source-weighted,0.8438623172229043,0.7312079191612517,-0.11265439806165276
1331,MDACC,0.8523516414141414,0.7856113379774201,-0.06674030343672133
1331,ISPY,0.8392156862745098,0.8368983957219251,-0.002317290552584672
1331,Fixed-source-weighted,0.8489603327343019,0.7988521143232238,-0.05010821841107821
1332,MDACC,0.85419675814476,0.7519013899816418,-0.10229536816311824
1332,ISPY,0.9013062409288825,0.7275362318840579,-0.17377000904482454
1332,Fixed-source-weighted,0.8663590102360857,0.7456110387080825,-0.1207479715280032
1333,MDACC,0.825944170771757,0.7539741679085942,-0.0719700028631628
1333,ISPY,0.8794466403162056,0.8064516129032258,-0.07299502741297981
1333,Fixed-source-weighted,0.8397568998371538,0.7675222664529598,-0.07223463338419399
1334,MDACC,0.8283775048480931,0.76775956284153,-0.06061794200656312
1334,ISPY,0.9198717948717948,0.6830985915492958,-0.23677320332249907
1334,Fixed-source-weighted,0.8519985797234932,0.7459026454164107,-0.10609593430708253
1335,MDACC,0.7944588744588744,0.7704582651391162,-0.024000609319758226
1335,ISPY,0.8281045751633986,0.6787878787878788,-0.1493166963755198
1335,Fixed-source-weighted,0.8031451828106961,0.7467917274863458,-0.05635345532435027
1336,MDACC,0.8735909822866345,0.8048433048433048,-0.06874767744332966
1336,ISPY,0.7850340136054422,0.7640350877192983,-0.020998925886143938
1336,Fixed-source-weighted,0.8507282354702482,0.7943078500956038,-0.05642038537464446
1337,MDACC,0.8417838018741634,0.6822711775504852,-0.1595126243236782
1337,ISPY,0.8616883116883117,0.678125,-0.18356331168831175
1337,Fixed-source-weighted,0.8469225478719337,0.6812007591632684,-0.16572178870866527
1338,MDACC,0.8615571776155718,0.7530815630736952,-0.1084756145418766
1338,ISPY,0.8442176870748299,0.6576271186440678,-0.18659056843076216
1338,Fixed-source-weighted,0.8570806424759686,0.7284380953941509,-0.12864254708181766
1339,MDACC,0.8491950757575758,0.7493785310734463,-0.09981654468412948
1339,ISPY,0.8733850129198967,0.6398809523809523,-0.23350406053894435
1339,Fixed-source-weighted,0.8554401902537305,0.7211095483391097,-0.1343306419146209
1340,MDACC,0.8387273295809882,0.7220588235294118,-0.11666850605157641
1340,ISPY,0.8751608751608752,0.7574626865671642,-0.11769818859371095
1340,Fixed-source-weighted,0.8481333756620701,0.7311990365358904,-0.11693433912617979
1341,MDACC,0.8623949579831933,0.7553083923154702,-0.10708656566772312
1341,ISPY,0.8754813863928113,0.7945054945054945,-0.0809758918873168
1341,Fixed-source-weighted,0.8657734803503823,0.7654279056259667,-0.10034557472441562
1342,MDACC,0.8146537842190016,0.8151866151866152,0.0005328309676135845
1342,ISPY,0.8445322793148881,0.6554726368159204,-0.18905964249896767
1342,Fixed-source-weighted,0.8223675133450639,0.773953267829475,-0.048414245515588775
1343,MDACC,0.8984755618418985,0.7924787892685164,-0.10599677257338203
1343,ISPY,0.8119383825417201,0.5326340326340326,-0.2793043499076875
1343,Fixed-source-weighted,0.8761342639179962,0.7253946854315092,-0.15073957848648703
1344,MDACC,0.8944490472245236,0.8258467451357194,-0.06860230208880413
1344,ISPY,0.9191270860077022,0.5833333333333334,-0.33579375267436884
1344,Fixed-source-weighted,0.900820174884233,0.7632370734612473,-0.13758310142298588
1345,MDACC,0.8209876543209876,0.7092731829573935,-0.11171447136359414
1345,ISPY,0.8967532467532467,0.563768115942029,-0.3329851308112177
1345,Fixed-source-weighted,0.8405480523672245,0.671708149316172,-0.1688399030510525
1346,MDACC,0.8182730923694779,0.7869976359338061,-0.031275456435671756
1346,ISPY,0.9311454311454311,0.6202185792349727,-0.31092685191045843
1346,Fixed-source-weighted,0.8474133366939887,0.7439402977664603,-0.10347303892752845
1347,MDACC,0.803813833225598,0.748962148962149,-0.054851684263448997
1347,ISPY,0.9279279279279279,0.6252371916508539,-0.302690736277074
1347,Fixed-source-weighted,0.8358563609428662,0.7170200848196904,-0.11883627612317571
1348,MDACC,0.8259937324756721,0.7533577533577533,-0.07263597911791875
1348,ISPY,0.85359477124183,0.6802083333333333,-0.17338643790849673
1348,Fixed-source-weighted,0.8331194908499416,0.7344727723710567,-0.09864671847888495
1349,MDACC,0.8544334975369459,0.7261735419630156,-0.12825995557393022
1349,ISPY,0.882312925170068,0.6285714285714286,-0.2537414965986394
1349,Fixed-source-weighted,0.8616311275468043,0.7009756107279327,-0.1606555168188715
1350,MDACC,0.8418901242642249,0.8117943790535671,-0.03009574521065783
1350,ISPY,0.9037227214377407,0.5955710955710956,-0.30815162586664513
1350,Fixed-source-weighted,0.8578534418351653,0.7559720280891382,-0.1018814137460271
1351,MDACC,0.7895710681244743,0.765922619047619,-0.02364844907685526
1351,ISPY,0.8284313725490197,0.660427807486631,-0.16800356506238867
1351,Fixed-source-weighted,0.79960363037787,0.7386870304420046,-0.060916599935865526
1352,MDACC,0.8632201132201133,0.7889880952380952,-0.07423201798201806
1352,ISPY,0.8870346598202824,0.8065476190476191,-0.08048704077266333
1352,Fixed-source-weighted,0.8693683131593727,0.7935214363523188,-0.07584687680705393
1353,MDACC,0.8653531720078482,0.8446524064171123,-0.02070076559073597
1353,ISPY,0.8156862745098039,0.7039800995024875,-0.11170617500731639
1353,Fixed-source-weighted,0.8525306723269807,0.8083350461352321,-0.04419562619174856
1354,MDACC,0.8395192936559843,0.8274509803921568,-0.012068313263827513
1354,ISPY,0.9103641456582633,0.5228174603174603,-0.38754668534080294
1354,Fixed-source-weighted,0.8578093044670302,0.7488037644251602,-0.1090055400418702
1355,MDACC,0.8638280616382806,0.7958796764408493,-0.0679483851974313
1355,ISPY,0.8375350140056023,0.6684491978609626,-0.1690858161446397
1355,Fixed-source-weighted,0.857039987249452,0.7629809581146694,-0.09405902913478248
1356,MDACC,0.8465096719932717,0.7310833533509489,-0.11542631864232278
1356,ISPY,0.9281045751633987,0.5761904761904761,-0.3519140989729226
1356,Fixed-source-weighted,0.8675750228117032,0.6910946693781471,-0.17648035343355606
1357,MDACC,0.8452419882275998,0.7546372067648663,-0.09060478146273343
1357,ISPY,0.8675710594315246,0.5398481973434535,-0.3277228620880711
1357,Fixed-source-weighted,0.8510066830809007,0.6991851422410376,-0.1518215408398631
1358,MDACC,0.8653530377668309,0.8114340619745376,-0.05391897579229332
1358,ISPY,0.8514784946236559,0.5291666666666667,-0.3223118279569892
1358,Fixed-source-weighted,0.8617710478703904,0.7385611069767539,-0.12320994089363638
1359,MDACC,0.8518156652011073,0.8092664092664092,-0.04254925593469805
1359,ISPY,0.9144144144144144,0.7010416666666667,-0.21337274774774773
1359,Fixed-source-weighted,0.8679767801940854,0.7813260345429462,-0.08665074565113898
1360,MDACC,0.8072181670721816,0.8051415797317437,-0.0020765873404379187
1360,ISPY,0.8796653796653797,0.6410256410256411,-0.23863973863973864
1360,Fixed-source-weighted,0.8259218592122557,0.7627717785625212,-0.06315008064973451
1361,MDACC,0.8035714285714286,0.7527322404371585,-0.05083918813427013
1361,ISPY,0.8996010638297872,0.7569444444444444,-0.1426566193853428
1361,Fixed-source-weighted,0.8283633932296323,0.753819704870412,-0.07454368835922026
1362,MDACC,0.8495846876128567,0.8692553810354857,0.01967069342262906
1362,ISPY,0.908974358974359,0.7678571428571429,-0.14111721611721606
1362,Fixed-source-weighted,0.8649173151865779,0.8430774045123188,-0.021839910674259062
1363,MDACC,0.8362221152303001,0.7438502673796792,-0.09237184785062091
1363,ISPY,0.862934362934363,0.8028985507246377,-0.060035812209725314
1363,Fixed-source-weighted,0.8431184144741596,0.7590947588314823,-0.08402365564267728
1364,MDACC,0.8088235294117647,0.7212041884816754,-0.08761934093008927
1364,ISPY,0.8538461538461538,0.6657894736842105,-0.18805668016194332
1364,Fixed-source-weighted,0.8204470174193358,0.7068977751842908,-0.11354924223504506
1365,MDACC,0.8545274616526473,0.6835839598997494,-0.17094350175289785
1365,ISPY,0.8785529715762274,0.7948717948717948,-0.08368117670443254
1365,Fixed-source-weighted,0.8607301259793232,0.7123151329807678,-0.1484149929985555
1366,MDACC,0.8907244880399243,0.7683536394876601,-0.12237084855226421
1366,ISPY,0.7998712998712999,0.5979166666666667,-0.20195463320463325
1366,Fixed-source-weighted,0.8672689263885475,0.7243519373541357,-0.1429169890344118
1367,MDACC,0.8062378797672916,0.7286935286935287,-0.0775443510737629
1367,ISPY,0.841799709724238,0.8351548269581056,-0.006644882766132398
1367,Fixed-source-weighted,0.8154188750829738,0.7561786351082398,-0.05924023997473411
1368,MDACC,0.8652925076975709,0.7864157119476268,-0.0788767957499441
1368,ISPY,0.8664955070603337,0.70625,-0.1602455070603337
1368,Fixed-source-weighted,0.8656030859644281,0.7657193353336971,-0.09988375063073096
1369,MDACC,0.8670515394912985,0.7116310160427808,-0.15542052344851776
1369,ISPY,0.908843537414966,0.6940298507462687,-0.21481368666869738
1369,Fixed-source-weighted,0.8778409768637487,0.7070869243485833,-0.17075405251516546
1370,MDACC,0.8424623937213865,0.7689839572192514,-0.07347843650213515
1370,ISPY,0.9175531914893617,0.6458333333333334,-0.2717198581560283
1370,Fixed-source-weighted,0.8618485800732494,0.7371901686996843,-0.12465841137356509
1371,MDACC,0.8255677039529016,0.8522161028061893,0.026648398853287736
1371,ISPY,0.8649538866930171,0.7916666666666666,-0.07328722002635046
1371,Fixed-source-weighted,0.8357360321766569,0.8365840588355282,0.0008480266588713377
1372,MDACC,0.8410685805422647,0.7451272643889016,-0.0959413161533631
1372,ISPY,0.8441558441558441,0.5248447204968945,-0.31931112365894965
1372,Fixed-source-weighted,0.8418656191876006,0.6882569344298541,-0.15360868475774658
1373,MDACC,0.8411169956668272,0.7367290192113246,-0.10438797645550257
1373,ISPY,0.8743351063829787,0.6912087912087912,-0.18312631517418754
1373,Fixed-source-weighted,0.8496929131392977,0.7249770649230889,-0.12471584821620883
1374,MDACC,0.8765008576329331,0.7437118437118437,-0.13278901392108933
1374,ISPY,0.9124137931034483,0.7020872865275142,-0.2103265065759341
1374,Fixed-source-weighted,0.8857724978361053,0.7329656345041247,-0.15280686333198062
1375,MDACC,0.7910536106883139,0.7811011904761904,-0.009952420212123503
1375,ISPY,0.8649870801033591,0.6470588235294118,-0.21792825657394732
1375,Fixed-source-weighted,0.8101410096549433,0.7464954813624796,-0.06364552829246364
1376,MDACC,0.8407622203811101,0.817933432687531,-0.0228287876935791
1376,ISPY,0.8500643500643501,0.6111111111111112,-0.23895323895323894
1376,Fixed-source-weighted,0.84316375059345,0.7645381274439456,-0.07862562314950436
1377,MDACC,0.8525763358778626,0.6577540106951871,-0.1948223251826755
1377,ISPY,0.9166666666666666,0.7253968253968254,-0.19126984126984126
1377,Fixed-source-weighted,0.8691225323886976,0.6752173517456102,-0.1939051806430876
1378,MDACC,0.8591787439613526,0.7888733705772812,-0.07030537338407139
1378,ISPY,0.9510344827586207,0.5147058823529411,-0.43632860040567956
1378,Fixed-source-weighted,0.8828931340430003,0.718091568061847,-0.16480156598115325
1379,MDACC,0.880623973727422,0.7593220338983051,-0.12130193982911686
1379,ISPY,0.8176470588235294,0.6091549295774648,-0.20849212924606464
1379,Fixed-source-weighted,0.8643652277228223,0.7205534023906373,-0.14381182533218506
1380,MDACC,0.8211788211788211,0.7680304222397063,-0.05314839893911483
1380,ISPY,0.7948717948717948,0.7065390749601276,-0.08833271991166725
1380,Fixed-source-weighted,0.8143871379165497,0.7521552051315797,-0.06223193278496987
1381,MDACC,0.8382352941176471,0.7299039433771486,-0.10833135074049849
1381,ISPY,0.8763297872340425,0.7054945054945055,-0.170835281739537
1381,Fixed-source-weighted,0.8480701469156708,0.7236021603943747,-0.12446798652129602
1382,MDACC,0.8398550724637681,0.7714129841789417,-0.06844208828482645
1382,ISPY,0.8863031914893617,0.696524064171123,-0.18977912731823865
1382,Fixed-source-weighted,0.8518465803167808,0.7520789165952237,-0.09976766372155707
1383,MDACC,0.7984532828282829,0.6890463607975018,-0.10940692203078106
1383,ISPY,0.9489664082687338,0.7104166666666667,-0.2385497416020671
1383,Fixed-source-weighted,0.8373112465857849,0.6945635312669921,-0.14274771531879282
1384,MDACC,0.810942843185149,0.7803418803418803,-0.03060096284326863
1384,ISPY,0.9031620553359684,0.8174603174603174,-0.08570173787565094
1384,Fixed-source-weighted,0.8347510711587266,0.7899247448267057,-0.04482632633202093
1385,MDACC,0.8395194697597349,0.7974036191974823,-0.042115850562252644
1385,ISPY,0.8373655913978495,0.7351648351648352,-0.10220075623301428
1385,Fixed-source-weighted,0.8389634031238234,0.7813354363916681,-0.05762796673215516
1386,MDACC,0.8947014297729184,0.8151936715766503,-0.0795077581962681
1386,ISPY,0.9176548089591567,0.7165492957746479,-0.20110551318450887
1386,Fixed-source-weighted,0.9006273021772089,0.7897266595231922,-0.11090064265401653
1387,MDACC,0.8574810606060606,0.7526015098959397,-0.1048795507101209
1387,ISPY,0.8623670212765957,0.5868983957219251,-0.27546862555467055
1387,Fixed-source-weighted,0.8587424687530288,0.7098219477399033,-0.14892052101312556
1388,MDACC,0.8467365967365967,0.7361270570225794,-0.11060953971401732
1388,ISPY,0.8635752688172043,0.5829228243021346,-0.28065244451506965
1388,Fixed-source-weighted,0.8510838356070803,0.6965743302744908,-0.15450950533258967
1389,MDACC,0.8374149659863945,0.7455598455598456,-0.09185512042654898
1389,ISPY,0.8853754940711462,0.6716417910447762,-0.21373370302637007
1389,Fixed-source-weighted,0.8497969323873599,0.7264764262569355,-0.12332050613042436
1390,MDACC,0.8316015174006267,0.7939942302648832,-0.03760728713574346
1390,ISPY,0.8404118404118404,0.8302139037433155,-0.010197936668524865
1390,Fixed-source-weighted,0.8338760779165937,0.8033450609995113,-0.030531016917082453
1391,MDACC,0.8356130923302394,0.7497911445279867,-0.08582194780225272
1391,ISPY,0.886968085106383,0.5717703349282297,-0.3151977501781533
1391,Fixed-source-weighted,0.8488714074587209,0.7038315237489645,-0.14503988370975648
1392,MDACC,0.8263403263403264,0.8073504684122027,-0.018989857928123688
1392,ISPY,0.8153153153153153,0.6127118644067797,-0.2026034509085356
1392,Fixed-source-weighted,0.8234939999645883,0.7571006327376001,-0.06639336722698821
1393,MDACC,0.8576653944020356,0.7647058823529411,-0.09295951204909447
1393,ISPY,0.9308300395256917,0.7083333333333334,-0.22249670619235828
1393,Fixed-source-weighted,0.876554306051607,0.7501521850570294,-0.12640212099457762
1394,MDACC,0.8411941353117823,0.8047619047619048,-0.03643223054987754
1394,ISPY,0.8597168597168597,0.8258706467661692,-0.03384621295069057
1394,Fixed-source-weighted,0.8459761458608057,0.8102115473054894,-0.035764598555316204
1395,MDACC,0.8354995302223615,0.8264775413711584,-0.009021988851203089
1395,ISPY,0.8862745098039215,0.7101990049751243,-0.1760755048287972
1395,Fixed-source-weighted,0.8486081033823067,0.7964579192296986,-0.05215018415260811
1396,MDACC,0.8504016064257028,0.7346256684491979,-0.11577593797650498
1396,ISPY,0.8281653746770026,0.6554726368159204,-0.1726927378610822
1396,Fixed-source-weighted,0.8446608799284895,0.7141907354458354,-0.130470144482654
1397,MDACC,0.8325123152709359,0.7481041456016178,-0.08440816966931819
1397,ISPY,0.8594351732991015,0.6147540983606558,-0.2446810749384457
1397,Fixed-source-weighted,0.8394629877684036,0.713677172621108,-0.12578581514729556
1398,MDACC,0.8347988926884872,0.7978142076502732,-0.03698468503821395
1398,ISPY,0.8876329787234043,0.6730158730158731,-0.21461710570753123
1398,Fixed-source-weighted,0.8484390652269136,0.765595029754464,-0.08284403547244946
1399,MDACC,0.8670030790283955,0.7544117647058823,-0.11259131432251313
1399,ISPY,0.8544871794871794,0.5683060109289617,-0.28618116855821774
1399,Fixed-source-weighted,0.8637718500618725,0.7063648544170695,-0.15740699564480287
1400,MDACC,0.8255494505494505,0.7290415565697814,-0.09650789397966908
1400,ISPY,0.8949579831932774,0.6973684210526315,-0.19758956214064582
1400,Fixed-source-weighted,0.843468646885602,0.7208645052434584,-0.12260414164214348
1401,MDACC,0.8311347877557923,0.7659251769464105,-0.06520961080938181
1401,ISPY,0.875,0.75,-0.125
1401,Fixed-source-weighted,0.8424594667338721,0.7618137750550169,-0.08064569167885514
1402,MDACC,0.8730866274179984,0.7523620847302651,-0.12072454268773325
1402,ISPY,0.9020319303338171,0.6514084507042254,-0.25062347962959175
1402,Fixed-source-weighted,0.8805594343799255,0.7262988916320392,-0.15426054274788625
1403,MDACC,0.8504636177903505,0.7660756501182033,-0.08438796767214718
1403,ISPY,0.8090909090909091,0.8175824175824176,0.008491508491508482
1403,Fixed-source-weighted,0.8397824282895144,0.7793731489079841,-0.06040927938153019
1404,MDACC,0.7957307060755336,0.7212168895882507,-0.07451381648728295
1404,ISPY,0.8371943371943372,0.44835164835164837,-0.38884268884268886
1404,Fixed-source-weighted,0.8064353690114339,0.6507712880925266,-0.15566408091890735
1405,MDACC,0.8594863297431649,0.7394980905619204,-0.11998823918124446
1405,ISPY,0.8590250329380764,0.6940298507462687,-0.16499518219180775
1405,Fixed-source-weighted,0.8593672367771454,0.7277595580604941,-0.13160767871665133
1406,MDACC,0.8269011561634912,0.7501241927471436,-0.07677696341634765
1406,ISPY,0.8935897435897436,0.6648451730418944,-0.22874457054784925
1406,Fixed-source-weighted,0.8441181444205956,0.7281077138036316,-0.11601043061696409
1407,MDACC,0.837192118226601,0.776626559714795,-0.060565558511806006
1407,ISPY,0.8746753246753247,0.7587064676616916,-0.11596885701363313
1407,Fixed-source-weighted,0.8468691551855853,0.7720001307206932,-0.0748690244648921
1408,MDACC,0.8421929824561404,0.7754107490949597,-0.06678223336118072
1408,ISPY,0.8915584415584416,0.4507042253521127,-0.44085421620632886
1408,Fixed-source-weighted,0.8549376598060809,0.6915812870829174,-0.16335637272316342
1409,MDACC,0.856853203568532,0.815677966101695,-0.041175237466837045
1409,ISPY,0.8115646258503402,0.5920303605313093,-0.21953426531903086
1409,Fixed-source-weighted,0.8451610544190642,0.757938878389079,-0.08722217602998514
1410,MDACC,0.8358784893267652,0.7599354197714854,-0.07594306955527985
1410,ISPY,0.8269230769230769,0.8214285714285714,-0.005494505494505475
1410,Fixed-source-weighted,0.8335664710918261,0.7758111027156351,-0.057755368376191045
1411,MDACC,0.8562854825628549,0.7478912839737581,-0.10839419858909671
1411,ISPY,0.8352713178294574,0.6780219780219781,-0.15724933980747935
1411,Fixed-source-weighted,0.8508602570271085,0.7298531298228085,-0.12100712720430007
1412,MDACC,0.8626742385131647,0.7266369047619048,-0.13603733375125993
1412,ISPY,0.8830645161290323,0.6659340659340659,-0.21713045019496635
1412,Fixed-source-weighted,0.8679383951525554,0.7109652568292275,-0.15697313832332793
1413,MDACC,0.8508269720101781,0.7559880239520959,-0.09483894805808224
1413,ISPY,0.8642951251646904,0.734375,-0.12992012516469043
1413,Fixed-source-weighted,0.8543040442298071,0.7504081909709992,-0.1038958532588079
1414,MDACC,0.8491789819376027,0.7814711830131446,-0.0677077989244581
1414,ISPY,0.8143790849673203,0.7568306010928961,-0.05754848387442413
1414,Fixed-source-weighted,0.840194694811288,0.7751097255892896,-0.06508496922199836
1415,MDACC,0.7820574162679426,0.7609404096834265,-0.021117006584516096
1415,ISPY,0.9,0.7380952380952381,-0.16190476190476188
1415,Fixed-source-weighted,0.8125066454013823,0.7550424732276524,-0.057464172173729886
1416,MDACC,0.823076923076923,0.6708566108007449,-0.15222031227617816
1416,ISPY,0.8938172043010753,0.5815508021390374,-0.3122664021620378
1416,Fixed-source-weighted,0.8413399368570147,0.6478005360155328,-0.1935394008414818
1417,MDACC,0.8577294685990338,0.8169868554095046,-0.04074261318952921
1417,ISPY,0.8581989247311828,0.7666666666666667,-0.09153225806451604
1417,Fixed-source-weighted,0.8578506680579873,0.8039956955706673,-0.05385497248731993
1418,MDACC,0.8637196137196137,0.7441806331471136,-0.11953898057250012
1418,ISPY,0.8202614379084967,0.591304347826087,-0.22895709008240972
1418,Fixed-source-weighted,0.8525000193108613,0.7047125725576983,-0.14778744675316308
1419,MDACC,0.8526071244192049,0.7648287385129491,-0.08777838590625586
1419,ISPY,0.8632862644415917,0.6995341614906833,-0.16375210295090847
1419,Fixed-source-weighted,0.8553641573008016,0.7479716418307302,-0.10739251547007142
1420,MDACC,0.8755592377796189,0.785650623885918,-0.08990861389370086
1420,ISPY,0.8830645161290323,0.6603415559772297,-0.2227229601518026
1420,Fixed-source-weighted,0.877496875000546,0.7532995900140672,-0.12419728498647876
1421,MDACC,0.8190848396026705,0.7948594763391785,-0.024225363263492006
1421,ISPY,0.8673076923076923,0.715625,-0.15168269230769238
1421,Fixed-source-weighted,0.8315345303337056,0.7744035167614167,-0.057131013572288836
1422,MDACC,0.8252312867956266,0.8132561132561132,-0.011975173539513384
1422,ISPY,0.8591836734693877,0.5447761194029851,-0.31440755406640264
1422,Fixed-source-weighted,0.8339967722440813,0.7439426507907633,-0.09005412145331813
1423,MDACC,0.8086627417998318,0.7090834697217676,-0.09957927207806416
1423,ISPY,0.8856209150326797,0.6911764705882353,-0.19444444444444442
1423,Fixed-source-weighted,0.8285310283534102,0.7044604209258557,-0.12407060742755449
1424,MDACC,0.8624443344878773,0.8378042722305017,-0.024640062257375583
1424,ISPY,0.8993506493506493,0.7272727272727273,-0.17207792207792205
1424,Fixed-source-weighted,0.8719724353838217,0.8092683504930371,-0.06270408489078465
1425,MDACC,0.8394909688013136,0.714989888776542,-0.12450108002477156
1425,ISPY,0.7654569892473119,0.7878787878787878,0.022421798631475975
1425,Fixed-source-weighted,0.8203776211386792,0.7338076110937886,-0.08657001004489066
1426,MDACC,0.8171451355661882,0.741016548463357,-0.07612858710283121
1426,ISPY,0.9142287234042553,0.736231884057971,-0.1779968393462843
1426,Fixed-source-weighted,0.8422091990930094,0.7397812919665416,-0.10242790712646781
1427,MDACC,0.8969363969363969,0.8244438827098078,-0.07249251422658909
1427,ISPY,0.8805194805194805,0.836231884057971,-0.04428759646150948
1427,Fixed-source-weighted,0.8926980426980428,0.8274871902474056,-0.06521085245063717
1428,MDACC,0.8424252119660854,0.7408791208791209,-0.10154609108696455
1428,ISPY,0.8992094861660079,0.5932203389830508,-0.3059891471829571
1428,Fixed-source-weighted,0.857085204324889,0.7027580628079133,-0.1543271415169757
1429,MDACC,0.8824188129899216,0.7991465149359886,-0.08327229805393299
1429,ISPY,0.8897435897435897,0.5323383084577115,-0.35740528128587823
1429,Fixed-source-weighted,0.8843098501256725,0.7302646577079367,-0.15404519241773587
1430,MDACC,0.8723832528180354,0.716971916971917,-0.15541133584611844
1430,ISPY,0.8701298701298701,0.696969696969697,-0.17316017316017307
1430,Fixed-source-weighted,0.8718014971567117,0.7118079451412785,-0.1599935520154332
1431,MDACC,0.8380151387720773,0.7945763500931099,-0.043438788678967444
1431,ISPY,0.8171834625322998,0.659375,-0.15780846253229974
1431,Fixed-source-weighted,0.8326370262788014,0.7596714263762614,-0.07296559990254017
1432,MDACC,0.8546653639472399,0.8026070763500931,-0.05205828759714681
1432,ISPY,0.8941176470588236,0.6989583333333333,-0.19515931372549022
1432,Fixed-source-weighted,0.8648507572995768,0.7758480871398838,-0.08900267015969299
1433,MDACC,0.8627551020408163,0.7267306573589296,-0.13602444468188668
1433,ISPY,0.8896276595744681,0.6091269841269841,-0.280500675447484
1433,Fixed-source-weighted,0.8696927884629029,0.696368924727153,-0.17332386373575007
1434,MDACC,0.8355661881977672,0.8302445302445303,-0.0053216579532369135
1434,ISPY,0.8651515151515151,0.7572916666666667,-0.10785984848484842
1434,Fixed-source-weighted,0.8432042301237348,0.8114102942227943,-0.03179393590094054
1435,MDACC,0.7956917978458989,0.7120743034055728,-0.08361749444032618
1435,ISPY,0.9043927648578811,0.689010989010989,-0.2153817758468921
1435,Fixed-source-weighted,0.8237551193947441,0.7061200490357293,-0.11763507035901477
1436,MDACC,0.8471592889508539,0.836899275839368,-0.010260013111485944
1436,ISPY,0.9038461538461539,0.6180555555555556,-0.2857905982905983
1436,Fixed-source-weighted,0.8617941331558497,0.7804004068772074,-0.08139372627864241
1437,MDACC,0.8818110236220472,0.7671405640908049,-0.11467045953124233
1437,ISPY,0.8775510204081632,0.6138519924098672,-0.26369902799829603
1437,Fixed-source-weighted,0.8807112188707504,0.7275660635587982,-0.15314515531195227
1438,MDACC,0.8446285140562249,0.8672322861728962,0.022603772116671306
1438,ISPY,0.8688311688311688,0.6637362637362637,-0.20509490509490513
1438,Fixed-source-weighted,0.8508769118575993,0.8146957313608245,-0.036181180496774906
1439,MDACC,0.8445733222866612,0.824967824967825,-0.019605497318836207
1439,ISPY,0.8333333333333334,0.49404761904761907,-0.3392857142857143
1439,Fixed-source-weighted,0.8416714950732205,0.739534177034177,-0.1021373180390433
1440,MDACC,0.8525835866261399,0.8552884615384615,0.002704874912321631
1440,ISPY,0.8972789115646258,0.7126984126984127,-0.18458049886621308
1440,Fixed-source-weighted,0.8641225757442457,0.8184759979490372,-0.04564657779520858
1441,MDACC,0.879951690821256,0.7832836562344759,-0.09666803458678008
1441,ISPY,0.8820816864295126,0.47246376811594204,-0.40961791831357053
1441,Fixed-source-weighted,0.8805015916482243,0.7030393060339395,-0.17746228561428481
1442,MDACC,0.8617489008304836,0.8250060052846505,-0.0367428955458331
1442,ISPY,0.9209486166007905,0.6885416666666667,-0.2324069499341238
1442,Fixed-source-weighted,0.8770324875816413,0.7897750159028836,-0.08725747167875783
1443,MDACC,0.8572493786246893,0.7962234461054288,-0.06102593251926047
1443,ISPY,0.8941558441558441,0.786096256684492,-0.10805958747135214
1443,Fixed-source-weighted,0.8667775184186803,0.7936089102745334,-0.07316860814414688
1444,MDACC,0.8237779618889809,0.7697554697554697,-0.05402249213351118
1444,ISPY,0.9467532467532468,0.7351190476190477,-0.21163419913419912
1444,Fixed-source-weighted,0.8555264831447882,0.7608133869163282,-0.09471309622846003
1445,MDACC,0.8305502544529262,0.7789433771486349,-0.051606877304291254
1445,ISPY,0.806803594351733,0.6084745762711864,-0.1983290180805466
1445,Fixed-source-weighted,0.8244195807666704,0.7349334579678558,-0.08948612279881471
1446,MDACC,0.8392769907181241,0.7766034110016815,-0.0626735797164426
1446,ISPY,0.935374149659864,0.7054945054945055,-0.22987964416535844
1446,Fixed-source-weighted,0.8640863879612531,0.7582452295145348,-0.10584115844671826
1447,MDACC,0.8862838915470495,0.7656898656898657,-0.1205940258571837
1447,ISPY,0.8697478991596639,0.7647058823529411,-0.10504201680672276
1447,Fixed-source-weighted,0.882014795473182,0.7654358307760846,-0.11657896469709739
1448,MDACC,0.8515151515151516,0.8021442495126706,-0.049370902002480954
1448,ISPY,0.865359477124183,0.6164835164835165,-0.24887596064066653
1448,Fixed-source-weighted,0.8550893401527774,0.7542122302012223,-0.10087710995155502
1449,MDACC,0.8160151740062676,0.7281344792719919,-0.08788069473427562
1449,ISPY,0.8836436170212766,0.6899766899766899,-0.19366692704458666
1449,Fixed-source-weighted,0.8334748047192928,0.7182832853035971,-0.1151915194156958
1450,MDACC,0.7898245614035088,0.7749068901303539,-0.014917671273154909
1450,ISPY,0.8774509803921569,0.6818181818181818,-0.1956327985739751
1450,Fixed-source-weighted,0.8124470682665912,0.7508741843896297,-0.06157288387696143
1451,MDACC,0.8623376623376623,0.8221349621873182,-0.040202700150344106
1451,ISPY,0.8931451612903226,0.6555555555555556,-0.23758960573476706
1451,Fixed-source-weighted,0.8702912323287086,0.7791291676647389,-0.09116206466396964
1452,MDACC,0.8400127226463104,0.7750591016548464,-0.06495362099146407
1452,ISPY,0.8451910408432147,0.5637362637362637,-0.281454777106951
1452,Fixed-source-weighted,0.841349608716753,0.7205018984013561,-0.12084771031539698
1453,MDACC,0.8528911564625851,0.7001316655694536,-0.15275949089313146
1453,ISPY,0.818954248366013,0.6412280701754386,-0.17772617819057446
1453,Fixed-source-weighted,0.8441296671173917,0.6849245281964891,-0.1592051389209027
1454,MDACC,0.8286634460547504,0.7731016731016731,-0.05556177295307729
1454,ISPY,0.8701015965166908,0.7459893048128342,-0.12411229170385663
1454,Fixed-source-weighted,0.8393615306511337,0.7661020747525938,-0.07325945589853994
1455,MDACC,0.8704862782859895,0.779030910609858,-0.0914553676761315
1455,ISPY,0.9332477535301669,0.6666666666666666,-0.26658108686350024
1455,Fixed-source-weighted,0.8866894042477216,0.7500218410951125,-0.13666756315260906
1456,MDACC,0.8148418491484185,0.7580307262569832,-0.056811122891435306
1456,ISPY,0.8268965517241379,0.6220400728597449,-0.20485647886439295
1456,Fixed-source-weighted,0.8179540109245029,0.7229220281576962,-0.09503198276680674
1457,MDACC,0.822017916077322,0.7458291203235592,-0.0761887957537628
1457,ISPY,0.9002574002574003,0.828125,-0.07213240025740031
1457,Fixed-source-weighted,0.842216998594401,0.7670754422008103,-0.0751415563935908
1458,MDACC,0.8444991789819376,0.8569285324604473,0.012429353478509708
1458,ISPY,0.8763297872340425,0.6729166666666667,-0.20341312056737582
1458,Fixed-source-weighted,0.8527168850339517,0.8094222010953863,-0.043294683938565316
1459,MDACC,0.8448787728847106,0.7511140819964349,-0.09376469088827566
1459,ISPY,0.7935064935064935,0.6780701754385965,-0.115436318067897
1459,Fixed-source-weighted,0.8316159948753017,0.7322563414145093,-0.09935965346079229
1460,MDACC,0.8691337258200168,0.801693404634581,-0.06744032118543575
1460,ISPY,0.8786906290115533,0.7131868131868132,-0.16550381582474005
1460,Fixed-source-weighted,0.8716010308923416,0.7788436637052554,-0.09275736718708621
1461,MDACC,0.8208760788145253,0.7313797313797313,-0.08949634743479395
1461,ISPY,0.8866930171277997,0.6978609625668449,-0.18883205456095475
1461,Fixed-source-weighted,0.8378680334771027,0.7227261930260778,-0.11514184045102502
1462,MDACC,0.8787719298245614,0.842002442002442,-0.03676948782211942
1462,ISPY,0.8896551724137931,0.7176616915422885,-0.17199348087150457
1462,Fixed-source-weighted,0.8815816558525004,0.8099013985829906,-0.0716802572695097
1463,MDACC,0.8480530240265121,0.7761069340016709,-0.0719460900248412
1463,ISPY,0.9200268817204301,0.6716417910447762,-0.24838509067565395
1463,Fixed-source-weighted,0.8666345101631772,0.7491371748722765,-0.11749733529090071
1464,MDACC,0.867159277504105,0.7411584516847675,-0.12600082581933758
1464,ISPY,0.862987012987013,0.6404174573055028,-0.22256955568151016
1464,Fixed-source-weighted,0.8660821242464245,0.7151501557502515,-0.150931968496173
1465,MDACC,0.8527131782945736,0.7754228216655963,-0.07729035662897732
1465,ISPY,0.9111969111969112,0.5396825396825397,-0.3715143715143715
1465,Fixed-source-weighted,0.8678119197955039,0.7145617684738922,-0.15325015132161177
1466,MDACC,0.8254361956893602,0.7543928665093103,-0.07104332918004996
1466,ISPY,0.9179310344827586,0.7361111111111112,-0.18181992337164743
1466,Fixed-source-weighted,0.8493155821752376,0.7496730669130431,-0.09964251526219442
1467,MDACC,0.8237631792376318,0.7916934275315778,-0.03206975170605397
1467,ISPY,0.873202614379085,0.7125,-0.16070261437908495
1467,Fixed-source-weighted,0.8365269549767651,0.7712480655217914,-0.06527888945497373
1468,MDACC,0.8226475279106858,0.7721040189125296,-0.050543508998156295
1468,ISPY,0.9109686609686609,0.5285714285714286,-0.38239723239723233
1468,Fixed-source-weighted,0.8454493890596403,0.7092312259813303,-0.13621816307830992
1469,MDACC,0.8327165685449958,0.7372018615474113,-0.09551470699758446
1469,ISPY,0.852437417654809,0.4603174603174603,-0.39211995733734867
1469,Fixed-source-weighted,0.8378078988707318,0.6657186337788946,-0.1720892650918373
1470,MDACC,0.8561643835616438,0.8200447093889717,-0.036119674172672145
1470,ISPY,0.9396662387676509,0.7083333333333334,-0.2313329054343175
1470,Fixed-source-weighted,0.8777220520625411,0.7912041907340848,-0.08651786132845642
1471,MDACC,0.8125615763546798,0.7990394337714863,-0.013522142583193508
1471,ISPY,0.8470744680851063,0.6554726368159204,-0.19160183126918595
1471,Fixed-source-weighted,0.8214717673569796,0.7619748031849187,-0.059496964172060844
1472,MDACC,0.8943349753694582,0.773322194374826,-0.1210127809946322
1472,ISPY,0.8410364145658263,0.7077464788732394,-0.13328993569258696
1472,Fixed-source-weighted,0.8805748894103507,0.7563925161897759,-0.12418237322057477
1473,MDACC,0.9130952380952381,0.7900426742532005,-0.12305256384203755
1473,ISPY,0.8304843304843305,0.7416267942583732,-0.08885753622595727
1473,Fixed-source-weighted,0.8917675854767358,0.7775431496793725,-0.11422443579736323
1474,MDACC,0.8236578707916288,0.7485456660849331,-0.07511220470669566
1474,ISPY,0.896505376344086,0.6197916666666666,-0.2767137096774194
1474,Fixed-source-weighted,0.8424649065388319,0.7153052544704134,-0.12715965206841845
1475,MDACC,0.8424931756141947,0.7351712614870509,-0.10732191412714376
1475,ISPY,0.9224358974358975,0.7103174603174603,-0.21211843711843714
1475,Fixed-source-weighted,0.8631319828818893,0.7287547572635292,-0.13437722561836002
1476,MDACC,0.8467365967365967,0.8125423728813559,-0.034194223855240846
1476,ISPY,0.8891547049441786,0.7172619047619048,-0.17189280018227382
1476,Fixed-source-weighted,0.8576876769601227,0.7879438206544389,-0.069743856305684
1477,MDACC,0.8261151662611517,0.7375807252856433,-0.08853444097550833
1477,ISPY,0.9065359477124183,0.6739583333333333,-0.23257761437908497
1477,Fixed-source-weighted,0.846877394152165,0.7211553365136417,-0.12572205763852323
1478,MDACC,0.8177710843373494,0.7308549150654414,-0.08691616927190793
1478,ISPY,0.8680272108843538,0.5749525616698292,-0.29307464921452453
1478,Fixed-source-weighted,0.8307457052432754,0.6906056146789925,-0.1401400905642828
1479,MDACC,0.8304836345872008,0.6965010934083099,-0.13398254117889086
1479,ISPY,0.8931972789115646,0.4174603174603175,-0.47573696145124716
1479,Fixed-source-weighted,0.8466744120434908,0.624461154519776,-0.2222132575237149
1480,MDACC,0.8012718600953895,0.7712660028449502,-0.03000585725043936
1480,ISPY,0.8985879332477535,0.6478174603174603,-0.2507704729302932
1480,Fixed-source-weighted,0.8263959443406077,0.7393953006891603,-0.08700064365144738
1481,MDACC,0.8718116415958143,0.8384714193962749,-0.03334022219953936
1481,ISPY,0.9246753246753247,0.6169154228855721,-0.30775990178975254
1481,Fixed-source-weighted,0.8854594552013088,0.7812723222578909,-0.10418713294341794
1482,MDACC,0.8628824476650564,0.7811965811965812,-0.0816858664684752
1482,ISPY,0.8124137931034483,0.553475935828877,-0.2589378572745713
1482,Fixed-source-weighted,0.849852958415491,0.7224059570657033,-0.1274470013497876
1483,MDACC,0.8331466965285554,0.7061855670103093,-0.12696112951824612
1483,ISPY,0.9006493506493507,0.6631578947368421,-0.23749145591250864
1483,Fixed-source-weighted,0.850573852330983,0.6950771156717345,-0.15549673665924854
1484,MDACC,0.8622333548804137,0.7465721040189125,-0.11566125086150125
1484,ISPY,0.8270308123249299,0.6573426573426573,-0.16968815498227263
1484,Fixed-source-weighted,0.8531451167696843,0.7235357436024937,-0.12960937316719062
1485,MDACC,0.866113373003445,0.7219010918432883,-0.14421228116015672
1485,ISPY,0.861038961038961,0.5492063492063493,-0.3118326118326118
1485,Fixed-source-weighted,0.8648033123982352,0.677316501423948,-0.18748681097428727
1486,MDACC,0.8659638554216867,0.7676353700943865,-0.09832848532730021
1486,ISPY,0.8956582633053222,0.6096256684491979,-0.2860325948561243
1486,Fixed-source-weighted,0.873630058764194,0.7268420157480797,-0.14678804301611428
1487,MDACC,0.8498537256926518,0.6981103322157879,-0.15174339347686394
1487,ISPY,0.932845744680851,0.6028985507246377,-0.3299471939562133
1487,Fixed-source-weighted,0.8712797698105204,0.67352951281121,-0.19775025699931037
1488,MDACC,0.8058853897780073,0.7596063730084348,-0.04627901676957247
1488,ISPY,0.8552971576227391,0.6,-0.2552971576227391
1488,Fixed-source-weighted,0.8186420226529545,0.7184008061206363,-0.1002412165323181
1489,MDACC,0.7829343755088748,0.641978021978022,-0.14095635353085278
1489,ISPY,0.9136363636363637,0.6944971537001897,-0.21913920993617397
1489,Fixed-source-weighted,0.8166776992411351,0.6555368827821111,-0.16114081645902395
1490,MDACC,0.8125213821416353,0.7285601888276947,-0.08396119331394059
1490,ISPY,0.8816993464052287,0.6403743315508021,-0.2413250148544266
1490,Fixed-source-weighted,0.8303810526541316,0.7057932518183009,-0.12458780083583076
1491,MDACC,0.8182517960998974,0.694980694980695,-0.12327110111920236
1491,ISPY,0.865359477124183,0.5273224043715847,-0.3380370727525983
1491,Fixed-source-weighted,0.8304135830310039,0.6516963650521992,-0.1787172179788046
1492,MDACC,0.8329228243021346,0.8028083028083028,-0.03011452149383176
1492,ISPY,0.8552971576227391,0.7274220032840722,-0.1278751543386668
1492,Fixed-source-weighted,0.8386992044731404,0.7833458267873414,-0.05535337768579898
1493,MDACC,0.8383534136546185,0.7841253791708797,-0.05422803448373881
1493,ISPY,0.8189987163029525,0.7114583333333333,-0.10754038296961921
1493,Fixed-source-weighted,0.8333566127043518,0.7653649326964804,-0.06799168000787134
1494,MDACC,0.873444976076555,0.7311783960720131,-0.14226658000454195
1494,ISPY,0.8700680272108844,0.6813186813186813,-0.18874934589220305
1494,Fixed-source-weighted,0.8725731494086205,0.7183061167729503,-0.15426703263567015
1495,MDACC,0.8431648715824358,0.8270243581303489,-0.01614051345208689
1495,ISPY,0.7941558441558442,0.7192982456140351,-0.07485759854180907
1495,Fixed-source-weighted,0.830512214174917,0.7992127147029346,-0.03129949947198249
1496,MDACC,0.8336371168185585,0.7733997155049787,-0.0602374013135798
1496,ISPY,0.8559431524547804,0.484819734345351,-0.37112341810942934
1496,Fixed-source-weighted,0.8393958645808511,0.6988970406304343,-0.1404988239504168
1497,MDACC,0.8778961610011838,0.7401069518716578,-0.13778920912952608
1497,ISPY,0.8578231292517007,0.7748756218905473,-0.08294750736115342
1497,Fixed-source-weighted,0.8727139077063827,0.7490831771379725,-0.12363073056841026
1498,MDACC,0.8991496598639456,0.8405736563631301,-0.05857600350081549
1498,ISPY,0.8546511627906976,0.6,-0.25465116279069766
1498,Fixed-source-weighted,0.8876614857829437,0.7784647712236292,-0.10919671455931448
1499,MDACC,0.7901597981497056,0.6882224304904717,-0.10193736765923389
1499,ISPY,0.9142857142857143,0.6584564860426929,-0.25582922824302134
1499,Fixed-source-weighted,0.8222053778057341,0.6805377585578752,-0.14166761924785876
1500,MDACC,0.8479643765903307,0.7313780260707635,-0.11658635051956723
1500,ISPY,0.8689516129032258,0.5939278937381404,-0.2750237191650854
1500,Fixed-source-weighted,0.8533826500175161,0.695892534390119,-0.1574901156273971
1501,MDACC,0.821658615136876,0.7765419615773509,-0.0451166535595251
1501,ISPY,0.8655083655083655,0.636231884057971,-0.22927648145039448
1501,Fixed-source-weighted,0.8329793023242867,0.7403181180347659,-0.0926611842895208
1502,MDACC,0.8774220032840723,0.8101503759398496,-0.06727162734422265
1502,ISPY,0.8706563706563707,0.7004662004662005,-0.17019017019017024
1502,Fixed-source-weighted,0.8756753203507768,0.7818332195267179,-0.0938421008240588
1503,MDACC,0.866214859437751,0.7429144385026738,-0.1233004209350772
1503,ISPY,0.915266106442577,0.7869718309859155,-0.1282942754566615
1503,Fixed-source-weighted,0.8788784166710231,0.7542887326405042,-0.12458968403051891
1504,MDACC,0.850068422853233,0.7517452006980803,-0.09832322215515277
1504,ISPY,0.8294573643410853,0.4879120879120879,-0.3415452764289974
1504,Fixed-source-weighted,0.84474726722428,0.683631423214115,-0.16111584401016493
1505,MDACC,0.850883095037847,0.7601604278074866,-0.09072266723036038
1505,ISPY,0.8967320261437909,0.8010989010989011,-0.09563312504488974
1505,Fixed-source-weighted,0.8627199105848065,0.7707295107814139,-0.09199039980339246
1506,MDACC,0.8599576616186289,0.7118065433854908,-0.1481511182331381
1506,ISPY,0.9299719887955182,0.6871657754010695,-0.24280621339444874
1506,Fixed-source-weighted,0.8780332558897866,0.7054450379254605,-0.17258821796432616
1507,MDACC,0.8475369458128079,0.7721852786058243,-0.07535166720698361
1507,ISPY,0.8854568854568855,0.7243788819875776,-0.1610780034693079
1507,Fixed-source-weighted,0.857326734152292,0.7598431043154926,-0.09748362983679937
1508,MDACC,0.7980656013456686,0.7733482364629906,-0.02471736488267806
1508,ISPY,0.8992297817715019,0.6091081593927894,-0.29012162237871253
1508,Fixed-source-weighted,0.8241831511941682,0.7309463865004223,-0.0932367646937458
1509,MDACC,0.8914573668213086,0.8194811434061975,-0.07197622341511112
1509,ISPY,0.9002574002574003,0.6636904761904762,-0.23656692406692414
1509,Fixed-source-weighted,0.8937292708783389,0.7792606770335113,-0.11446859384482756
1510,MDACC,0.8517402945113789,0.7838725985844287,-0.06786769592695019
1510,ISPY,0.888235294117647,0.695273631840796,-0.19296166227685096
1510,Fixed-source-weighted,0.8611622061744352,0.7609990091310073,-0.10016319704342785
1511,MDACC,0.8791666666666667,0.7314206268958544,-0.14774603977081224
1511,ISPY,0.9102564102564102,0.6592039800995025,-0.2510524301569077
1511,Fixed-source-weighted,0.8871931037372214,0.7127764599124825,-0.17441664382473887
1512,MDACC,0.8854585006693441,0.7874331550802139,-0.09802534558913012
1512,ISPY,0.8603723404255319,0.6979166666666666,-0.16245567375886527
1512,Fixed-source-weighted,0.8789820083188173,0.7643226891172393,-0.11465931920157808
1513,MDACC,0.8558673469387755,0.7379041504242146,-0.11796319651456089
1513,ISPY,0.9182754182754183,0.6020833333333333,-0.31619208494208495
1513,Fixed-source-weighted,0.8719792346367978,0.7028392989530394,-0.1691399356837583
1514,MDACC,0.8439591700133868,0.7137124512726439,-0.1302467187407429
1514,ISPY,0.8244444444444444,0.7285714285714285,-0.09587301587301589
1514,Fixed-source-weighted,0.8389210545887253,0.7175485924706962,-0.12137246211802907
1515,MDACC,0.8731707317073171,0.796947496947497,-0.07622323475982007
1515,ISPY,0.9022606382978723,0.5634920634920635,-0.3387685748058088
1515,Fixed-source-weighted,0.8806808709904996,0.7366763229508329,-0.14400454803966684
1516,MDACC,0.8207125103562551,0.756572295247725,-0.06414021510853019
1516,ISPY,0.9179586563307494,0.7572916666666667,-0.16066698966408266
1516,Fixed-source-weighted,0.8458185415065331,0.7567580153199354,-0.08906052618659765
1517,MDACC,0.8185939103660622,0.7582897033158813,-0.060304207050180914
1517,ISPY,0.852437417654809,0.8072139303482587,-0.045223487306550236
1517,Fixed-source-weighted,0.827331286430804,0.7709204678111683,-0.05641081861963574
1518,MDACC,0.8687510177495522,0.7910529187124932,-0.07769809903705904
1518,ISPY,0.8448979591836735,0.7925407925407926,-0.052357166642880926
1518,Fixed-source-weighted,0.8625928751786227,0.7914370430014986,-0.07115583217712416
1519,MDACC,0.8891549777625727,0.7714129841789417,-0.11774199358363102
1519,ISPY,0.924066924066924,0.527363184079602,-0.396703739987322
1519,Fixed-source-weighted,0.8981681926581405,0.7084066632382624,-0.18976152941987806
1520,MDACC,0.8420237480640165,0.7372405372405373,-0.10478321082347919
1520,ISPY,0.8510911424903723,0.8181818181818182,-0.03290932430855409
1520,Fixed-source-weighted,0.8443646766904287,0.758137142450868,-0.08622753423956063
1521,MDACC,0.8796613068764968,0.7363323961262106,-0.1433289107502862
1521,ISPY,0.9612244897959183,0.6318840579710145,-0.3293404318249038
1521,Fixed-source-weighted,0.9007184684798769,0.7093669754913725,-0.19135149298850448
1522,MDACC,0.8131239935587762,0.7878926851639533,-0.025231308394822904
1522,ISPY,0.876551724137931,0.6554726368159204,-0.22107908732201065
1522,Fixed-source-weighted,0.8294991266167934,0.7537058099368468,-0.07579331667994654
1523,MDACC,0.8679619349722443,0.7414583811052511,-0.1265035538669932
1523,ISPY,0.9051282051282051,0.7760910815939279,-0.1290371235342772
1523,Fixed-source-weighted,0.8775571485092407,0.7503995031268377,-0.12715764538240312
1524,MDACC,0.7878787878787878,0.8440724604448521,0.05619367256606422
1524,ISPY,0.9267973856209151,0.7347457627118644,-0.19205162290905065
1524,Fixed-source-weighted,0.823743393178226,0.8158475940366625,-0.007895799141563478
1525,MDACC,0.8672343876723438,0.7307894046682403,-0.13644498300410357
1525,ISPY,0.7625850340136054,0.7144522144522144,-0.04813281956139104
1525,Fixed-source-weighted,0.8402170708780945,0.7265716333379592,-0.11364543754013531
1526,MDACC,0.8001898433792122,0.7028586414896407,-0.09733120188957145
1526,ISPY,0.8536585365853658,0.6824561403508772,-0.17120239623448863
1526,Fixed-source-weighted,0.8139938524095591,0.697591329104143,-0.11640252330541609
1527,MDACC,0.8946288060212111,0.7477951635846373,-0.14683364243657382
1527,ISPY,0.8636363636363636,0.6885416666666667,-0.17509469696969693
1527,Fixed-source-weighted,0.8866274891963649,0.7324976921581023,-0.15412979703826246
1528,MDACC,0.8763415404040404,0.7405717030987269,-0.13576983730531356
1528,ISPY,0.8902597402597403,0.7259358288770054,-0.16432391138273494
1528,Fixed-source-weighted,0.8799348011511003,0.7367931604074981,-0.14314164074360208
1529,MDACC,0.8026360544217687,0.7970540098199672,-0.00558204460180145
1529,ISPY,0.8972332015810277,0.6025641025641025,-0.2946690990169252
1529,Fixed-source-weighted,0.8270581937210546,0.7468425631754794,-0.08021563054557523
1530,MDACC,0.8631905007743934,0.7839298582752823,-0.07926064249911113
1530,ISPY,0.841897233201581,0.567032967032967,-0.27486426616861404
1530,Fixed-source-weighted,0.8576932192768374,0.7279336020395212,-0.12975961723731613
1531,MDACC,0.8131072248719308,0.7455598455598456,-0.06754737931208521
1531,ISPY,0.9341736694677871,0.7876984126984127,-0.14647525676937445
1531,Fixed-source-weighted,0.8443629409604035,0.7564387566838547,-0.08792418427654877
1532,MDACC,0.8141897296432571,0.7594562647754137,-0.05473346486784336
1532,ISPY,0.8222049689440993,0.7276119402985075,-0.09459302864559183
1532,Fixed-source-weighted,0.8162590234496838,0.7512350176065393,-0.06502400584314444
1533,MDACC,0.8289473684210527,0.7833472570314676,-0.045600111389585085
1533,ISPY,0.9075738125802311,0.6585081585081585,-0.2490656540720726
1533,Fixed-source-weighted,0.8492463523706445,0.751117555125123,-0.0981287972455214
1534,MDACC,0.8824426255817686,0.7764346764346765,-0.1060079491470921
1534,ISPY,0.8204633204633205,0.5648351648351648,-0.25562815562815566
1534,Fixed-source-weighted,0.8664414324302738,0.721806044355064,-0.14463538807520981
1535,MDACC,0.864039408866995,0.757451564828614,-0.10658784403838106
1535,ISPY,0.9341397849462365,0.6417910447761194,-0.29234874017011714
1535,Fixed-source-weighted,0.8821372183776489,0.7275914959261727,-0.15454572245147633
1536,MDACC,0.8437956204379562,0.8001518108870094,-0.04364380955094682
1536,ISPY,0.9064558629776021,0.7708333333333334,-0.13562252964426869
1536,Fixed-source-weighted,0.8599726111589759,0.7925826614532172,-0.06738994970575868
1537,MDACC,0.8396972245584525,0.7684210526315789,-0.07127617192687363
1537,ISPY,0.9045454545454545,0.7301587301587301,-0.17438672438672442
1537,Fixed-source-weighted,0.8564390878557504,0.758542871339569,-0.09789621651618152
1538,MDACC,0.8619685039370079,0.7788700564971751,-0.08309844743983275
1538,ISPY,0.9005134788189987,0.8484848484848485,-0.05202863033415017
1538,Fixed-source-weighted,0.871919657583012,0.7968425027946464,-0.07507715478836569
1539,MDACC,0.8202266193133773,0.7297619047619047,-0.09046471455147254
1539,ISPY,0.8853276353276354,0.6396825396825396,-0.24564509564509573
1539,Fixed-source-weighted,0.83703374436281,0.7065061209669052,-0.13052762339590468
1540,MDACC,0.9357596482657548,0.7969749854566609,-0.13878466280909385
1540,ISPY,0.9240591397849462,0.6492537313432836,-0.2748054084416627
1540,Fixed-source-weighted,0.9327389287560035,0.7588377989371943,-0.17390112981880934
1541,MDACC,0.8767025089605734,0.810215557638238,-0.0664869513223354
1541,ISPY,0.8886554621848739,0.7027027027027027,-0.18595275948217116
1541,Fixed-source-weighted,0.8797884021132523,0.782458970906515,-0.09732943120673745
1542,MDACC,0.8550888811432555,0.8009441384736428,-0.05414474266961278
1542,ISPY,0.8489795918367347,0.6398601398601399,-0.20911945197659476
1542,Fixed-source-weighted,0.853511646322291,0.7593570930799607,-0.09415455324233035
1543,MDACC,0.8502391555335642,0.7757671125098348,-0.07447204302372945
1543,ISPY,0.7863636363636364,0.5965391621129326,-0.1898244742507038
1543,Fixed-source-weighted,0.8337484169243345,0.7294958442701116,-0.10425257265422283
1544,MDACC,0.8621259842519685,0.7351744808392208,-0.12695150341274775
1544,ISPY,0.8825417201540436,0.5882936507936508,-0.2942480693603928
1544,Fixed-source-weighted,0.8673967134554454,0.6972542665464102,-0.1701424469090352
1545,MDACC,0.8160639192598823,0.8254987388213713,0.00943481956148895
1545,ISPY,0.9095238095238095,0.7164835164835165,-0.19304029304029302
1545,Fixed-source-weighted,0.8401924530208308,0.7973542859955852,-0.042838167025245615
1546,MDACC,0.8517994656608519,0.7410989010989011,-0.11070056456195076
1546,ISPY,0.8305194805194805,0.7072916666666667,-0.1232278138528139
1546,Fixed-source-weighted,0.8463056132877528,0.7323708895951544,-0.11393472369259844
1547,MDACC,0.8479314802844214,0.8221738133455629,-0.025757666938858503
1547,ISPY,0.7931488801054019,0.6899766899766899,-0.10317219012871193
1547,Fixed-source-weighted,0.8337882599767661,0.7880444906457559,-0.04574376933101021
1548,MDACC,0.763570961412688,0.7615901993754504,-0.0019807620372376267
1548,ISPY,0.8501344086021505,0.8036053130929791,-0.04652909550917139
1548,Fixed-source-weighted,0.78591904091585,0.7724372385378189,-0.013481802378030986
1549,MDACC,0.8486406413384454,0.7443452380952381,-0.1042954032432073
1549,ISPY,0.8714285714285714,0.3345070422535211,-0.5369215291750503
1549,Fixed-source-weighted,0.854523799760406,0.6385373378615923,-0.21598646189881385
1550,MDACC,0.8113478775579233,0.8014184397163121,-0.009929437841611155
1550,ISPY,0.9011553273427471,0.5944055944055944,-0.3067497329371527
1550,Fixed-source-weighted,0.8345334609991033,0.7479739469726955,-0.08655951402640784
1551,MDACC,0.8362083544731946,0.8014880952380953,-0.03472025923509936
1551,ISPY,0.9110644257703081,0.7132867132867133,-0.19777771248359477
1551,Fixed-source-weighted,0.8555339415074168,0.7787171502245032,-0.07681679128291354
1552,MDACC,0.8350651492660399,0.8137973137973138,-0.021267835468726126
1552,ISPY,0.8954545454545455,0.759375,-0.13607954545454548
1552,Fixed-source-weighted,0.8506558757330072,0.7997471086012753,-0.050908767131731786
1553,MDACC,0.8668599834299917,0.7598199672667758,-0.1070400161632159
1553,ISPY,0.8544871794871794,0.7134646962233169,-0.14102248326386257
1553,Fixed-source-weighted,0.8636656974447559,0.7478524299712423,-0.11581326747351357
1554,MDACC,0.8533333333333334,0.7541455160744501,-0.09918781725888326
1554,ISPY,0.9270025839793282,0.7647058823529411,-0.1622967016263871
1554,Fixed-source-weighted,0.8723525189576262,0.7568718851463482,-0.11548063381127804
1555,MDACC,0.8499060444722831,0.7931818181818182,-0.05672422629046492
1555,ISPY,0.8653061224489796,0.7435897435897436,-0.12171637885923603
1555,Fixed-source-weighted,0.8538818815969857,0.7803786355256944,-0.07350324607129145
1556,MDACC,0.8126669809838126,0.7516711229946524,-0.060995857989160185
1556,ISPY,0.824967824967825,0.6604166666666667,-0.1645511583011583
1556,Fixed-source-weighted,0.8158426890711885,0.7281119659688,-0.08773072310238846
1557,MDACC,0.8026272577996716,0.7678571428571429,-0.034770114942528685
1557,ISPY,0.8646723646723646,0.3884057971014493,-0.47626656757091534
1557,Fixed-source-weighted,0.818645438985759,0.669894213724137,-0.148751225261622
1558,MDACC,0.8975973487986744,0.8069739952718676,-0.09062335352680673
1558,ISPY,0.8374149659863945,0.7750582750582751,-0.06235669092811946
1558,Fixed-source-weighted,0.8820600669615172,0.7987343158703193,-0.08332575109119793
1559,MDACC,0.833843537414966,0.8300366300366301,-0.0038069073783358887
1559,ISPY,0.8699346405228758,0.6912568306010929,-0.17867780992178295
1559,Fixed-source-weighted,0.8431611751454394,0.7942078582869326,-0.048953316858506866
1560,MDACC,0.8342760180995475,0.7718332022029898,-0.06244281589655776
1560,ISPY,0.8603896103896104,0.6161971830985915,-0.24419242729101887
1560,Fixed-source-weighted,0.8410177625143024,0.7316526613230961,-0.10936510119120622
1561,MDACC,0.7710700757575758,0.6841778440139096,-0.08689223174366623
1561,ISPY,0.9058441558441559,0.6369047619047619,-0.26893939393939403
1561,Fixed-source-weighted,0.8058646912047648,0.6719733554955349,-0.13389133570922995
1562,MDACC,0.8386331276696726,0.7908471020194073,-0.04778602565026524
1562,ISPY,0.8241830065359477,0.5285714285714286,-0.2956115779645191
1562,Fixed-source-weighted,0.8349025408410312,0.7231354085475437,-0.11176713229348764
1563,MDACC,0.8338023764853033,0.7950996877251981,-0.038702688760105186
1563,ISPY,0.9242021276595744,0.5205479452054794,-0.403654182454095
1563,Fixed-source-weighted,0.8571408743374844,0.7242186823034407,-0.13292219203404376
1564,MDACC,0.8172521853867722,0.7061497326203209,-0.11110245276645137
1564,ISPY,0.9396662387676509,0.7135416666666666,-0.22612457210098424
1564,Fixed-source-weighted,0.8488558135471953,0.708058107749933,-0.14079770579726214
1565,MDACC,0.8740433154209413,0.8391784770598126,-0.034864838361128636
1565,ISPY,0.8932806324110671,0.7121212121212122,-0.181159420289855
1565,Fixed-source-weighted,0.8790098122909411,0.8063761112750106,-0.07263370101593054
1566,MDACC,0.8517929694400282,0.786279323513366,-0.0655136459266622
1566,ISPY,0.8487179487179487,0.5130434782608696,-0.3356744704570791
1566,Fixed-source-weighted,0.8509990915411907,0.7157380432030811,-0.1352610483381097
1567,MDACC,0.8467952910398954,0.6767857142857143,-0.17000957675418105
1567,ISPY,0.8807407407407407,0.7985507246376812,-0.08219001610305954
1567,Fixed-source-weighted,0.8555589855705058,0.7082217790497842,-0.14733720652072158
1568,MDACC,0.8212831786354013,0.7836879432624113,-0.03759523537299003
1568,ISPY,0.8558441558441559,0.6503496503496503,-0.20549450549450554
1568,Fixed-source-weighted,0.8302057838624982,0.7492640048960449,-0.08094177896645319
1569,MDACC,0.8101015315780417,0.7429467084639498,-0.06715482311409182
1569,ISPY,0.903921568627451,0.627039627039627,-0.276881941587824
1569,Fixed-source-weighted,0.8343230444110591,0.7130229848282588,-0.12130005958280046
1570,MDACC,0.8940350877192983,0.7819940476190477,-0.11204104010025062
1570,ISPY,0.8074454428754814,0.625438596491228,-0.18200684638425335
1570,Fixed-source-weighted,0.8716802447694241,0.741576137033761,-0.1301041077356631
1571,MDACC,0.8698564593301435,0.798901098901099,-0.0709553604290446
1571,ISPY,0.8159588159588159,0.7807539682539683,-0.035204847704847664
1571,Fixed-source-weighted,0.8559417082636898,0.7942160553680162,-0.0617256528956735
1572,MDACC,0.870048309178744,0.7897271268057785,-0.08032118237296548
1572,ISPY,0.7714097496706193,0.6091081593927894,-0.16230159027782987
1572,Fixed-source-weighted,0.8445827987174961,0.7430967397939284,-0.10148605892356774
1573,MDACC,0.8433333333333334,0.7654761904761904,-0.07785714285714296
1573,ISPY,0.8687258687258688,0.7101694915254237,-0.15855637720044502
1573,Fixed-source-weighted,0.8498889225359814,0.751197663622888,-0.0986912589130935
1574,MDACC,0.8064039408866995,0.7352210630899155,-0.071182877796784
1574,ISPY,0.8735558408215661,0.7434782608695653,-0.13007757995200087
1574,Fixed-source-weighted,0.8237405425038711,0.7373528233010016,-0.0863877192028694
1575,MDACC,0.8557859881491809,0.7632296781232951,-0.09255631002588582
1575,ISPY,0.8817663817663818,0.6052631578947368,-0.27650322387164494
1575,Fixed-source-weighted,0.8624933446712688,0.7224474719204975,-0.14004587275077135
1576,MDACC,0.8534440644846116,0.8298102330050444,-0.023633831479567213
1576,ISPY,0.8165266106442577,0.6347826086956522,-0.18174400194860552
1576,Fixed-source-weighted,0.843913087839553,0.7794599639839922,-0.06445312385556076
1577,MDACC,0.8649013994910941,0.7680351906158358,-0.09686620887525832
1577,ISPY,0.8482993197278912,0.7822916666666667,-0.06600765306122447
1577,Fixed-source-weighted,0.8606152416437314,0.7717157841060831,-0.08889945753764827
1578,MDACC,0.8479020979020979,0.78573144367043,-0.0621706542316679
1578,ISPY,0.8906048906048906,0.7982456140350878,-0.0923592765698028
1578,Fixed-source-weighted,0.8589266751031457,0.7889622262155541,-0.06996444888759162
1579,MDACC,0.8449275362318841,0.7482305358948432,-0.09669700033704087
1579,ISPY,0.9293966623876765,0.3714788732394366,-0.5579177891482399
1579,Fixed-source-weighted,0.8667349250106672,0.6509645837713887,-0.21577034123927855
1580,MDACC,0.8352480852480852,0.78451691557452,-0.05073116967356528
1580,ISPY,0.8667953667953668,0.6106965174129353,-0.25609884938243155
1580,Fixed-source-weighted,0.8433926448632332,0.7396417147419541,-0.10375093012127913
1581,MDACC,0.815729234793983,0.728584729981378,-0.08714450481260494
1581,ISPY,0.9408602150537635,0.7,-0.24086021505376354
1581,Fixed-source-weighted,0.8480342917891551,0.7212050121103687,-0.12682927967878643
1582,MDACC,0.8512238041913294,0.8177374301675978,-0.03348637402373156
1582,ISPY,0.8718954248366013,0.5492753623188406,-0.32262006251776076
1582,Fixed-source-weighted,0.8565605951422329,0.7484285956576247,-0.10813199948460839
1583,MDACC,0.8260262725779968,0.7175141242937854,-0.10851214828421141
1583,ISPY,0.8435064935064935,0.6818181818181818,-0.16168831168831177
1583,Fixed-source-weighted,0.8305391400726088,0.7082985051579269,-0.12224063491468178
1584,MDACC,0.8682170542635659,0.7308510638297873,-0.13736599043377862
1584,ISPY,0.857516339869281,0.8115942028985508,-0.04592213697073022
1584,Fixed-source-weighted,0.8654544515277864,0.7516965147658407,-0.11375793676194587
1585,MDACC,0.8593596059113301,0.7694366852886406,-0.08992292062268947
1585,ISPY,0.8931034482758621,0.6724598930481284,-0.2206435552277337
1585,Fixed-source-weighted,0.8680712514891016,0.7444001931742601,-0.12367105831484143
1586,MDACC,0.8538823529411764,0.7523640661938534,-0.101518286747323
1586,ISPY,0.941025641025641,0.6590909090909091,-0.28193473193473195
1586,Fixed-source-weighted,0.8763801299303029,0.728283741320871,-0.14809638860943186
1587,MDACC,0.8610274431057564,0.7936507936507936,-0.0673766494549628
1587,ISPY,0.8959183673469387,0.7814207650273224,-0.11449760231961637
1587,Fixed-source-weighted,0.8700352307366499,0.7904933679604205,-0.07954186277622957
1588,MDACC,0.8585749792874896,0.8027864520778285,-0.0557885272096611
1588,ISPY,0.907258064516129,0.7045454545454546,-0.20271260997067442
1588,Fixed-source-weighted,0.8711434882190665,0.7774235801658758,-0.09371990805319069
1589,MDACC,0.8491276086212796,0.7537336177994514,-0.0953939908218282
1589,ISPY,0.9006802721088435,0.6403743315508021,-0.26030594055804135
1589,Fixed-source-weighted,0.8624369563844089,0.7244676582777413,-0.13796929810666755
1590,MDACC,0.8298570227081581,0.7820417287630402,-0.047815293945117854
1590,ISPY,0.8392156862745098,0.7096774193548387,-0.12953826691967107
1590,Fixed-source-weighted,0.8322731482694058,0.7633594397328183,-0.06891370853658749
1591,MDACC,0.8892640692640693,0.8277446597118728,-0.06151940955219648
1591,ISPY,0.8928104575163399,0.7300995024875622,-0.16271095502877775
1591,Fixed-source-weighted,0.8901796400873679,0.802535615853309,-0.08764402423405897
1592,MDACC,0.8419047619047619,0.7621621621621621,-0.07974259974259978
1592,ISPY,0.8204787234042553,0.596875,-0.22360372340425527
1592,Fixed-source-weighted,0.8363732029454809,0.7194899863098393,-0.11688321663564158
1593,MDACC,0.8532301032301032,0.7333606110201855,-0.11986949220991772
1593,ISPY,0.9084321475625824,0.7956521739130434,-0.11277997364953896
1593,Fixed-source-weighted,0.8674816114074426,0.7494424197408907,-0.11803919166655197
1594,MDACC,0.8445048792193249,0.7388674388674389,-0.10563744035188605
1594,ISPY,0.824025974025974,0.6305361305361306,-0.19348984348984344
1594,Fixed-source-weighted,0.8392178416040481,0.7108995520760227,-0.12831828952802538
1595,MDACC,0.8461732548359966,0.7329373104145601,-0.11323594442143647
1595,ISPY,0.8645699614890886,0.7808349146110057,-0.08373504687808286
1595,Fixed-source-weighted,0.8509227313902262,0.7453030317593942,-0.10561969963083212
1596,MDACC,0.8574456809750928,0.6942307692307692,-0.16321491174432357
1596,ISPY,0.8785529715762274,0.7687165775401069,-0.10983639403612044
1596,Fixed-source-weighted,0.8628949488100263,0.7134607654936376,-0.14943418331638877
1597,MDACC,0.9031720856463125,0.8142458100558659,-0.08892627559044652
1597,ISPY,0.9428571428571428,0.513681592039801,-0.4291755508173418
1597,Fixed-source-weighted,0.913417574272638,0.7366491655353786,-0.17676840873725935
1598,MDACC,0.8318677739781795,0.7871299871299872,-0.044737786848192296
1598,ISPY,0.8847167325428195,0.6559322033898305,-0.22878452915298897
1598,Fixed-source-weighted,0.8455117861566323,0.7532586638768095,-0.09225312227982282
1599,MDACC,0.8516483516483516,0.7143688190808609,-0.1372795325674907
1599,ISPY,0.8503267973856209,0.6038732394366197,-0.24645355794900115
1599,Fixed-source-weighted,0.8513071660707185,0.6858421825060405,-0.16546498356467804
1600,MDACC,0.8404982901807523,0.7648832939942303,-0.07561499618652201
1600,ISPY,0.8467741935483871,0.636231884057971,-0.21054230949041608
1600,Fixed-source-weighted,0.8421185397429849,0.7316693678995752,-0.1104491718434097
1601,MDACC,0.8872629169391759,0.755712866368604,-0.1315500505705719
1601,ISPY,0.8925170068027211,0.6138519924098672,-0.27866501439285385
1601,Fixed-source-weighted,0.8886193649758428,0.7190886538106295,-0.16953071116521332
1602,MDACC,0.8529411764705882,0.8219249934434828,-0.031016183027105404
1602,ISPY,0.9184852374839538,0.8302139037433155,-0.08827133374063834
1602,Fixed-source-weighted,0.8698626824184833,0.8240649408738319,-0.045797741544651493
1603,MDACC,0.8619175627240143,0.7150782361308677,-0.14683932659314658
1603,ISPY,0.8829787234042553,0.650853889943074,-0.2321248334611813
1603,Fixed-source-weighted,0.8673549212002858,0.6984974408732347,-0.16885748032705097
1604,MDACC,0.877966368065378,0.7680970149253732,-0.10986935314000479
1604,ISPY,0.878129117259552,0.6724941724941725,-0.20563494476537947
1604,Fixed-source-weighted,0.8780083850142006,0.743415235343462,-0.13459314967073877
1605,MDACC,0.8067783094098884,0.7594588397156615,-0.047319469694226846
1605,ISPY,0.841897233201581,0.7517482517482518,-0.09014898145332928
1605,Fixed-source-weighted,0.8158449596698352,0.7574681977240755,-0.05837676194575983
1606,MDACC,0.8538128538128538,0.7923211169284468,-0.06149173688440701
1606,ISPY,0.8272108843537415,0.7131868131868132,-0.11402407116692825
1606,Fixed-source-weighted,0.8469450250962856,0.771891018903646,-0.07505400619263963
1607,MDACC,0.8854877081681205,0.7551507265235307,-0.13033698164458984
1607,ISPY,0.8872549019607843,0.7420289855072464,-0.14522591645353788
1607,Fixed-source-weighted,0.8859439444740697,0.7517630875029867,-0.13418085697108298
1608,MDACC,0.8600234270414994,0.8270056497175141,-0.03301777732398525
1608,ISPY,0.8155844155844156,0.6323529411764706,-0.18323147440794507
1608,Fixed-source-weighted,0.8485506103581346,0.7767521726758722,-0.07179843768226246
1609,MDACC,0.8458683819891143,0.7435006435006435,-0.1023677384884708
1609,ISPY,0.8706563706563707,0.7447916666666666,-0.12586470398970406
1609,Fixed-source-weighted,0.8522678954032099,0.7438339468670351,-0.10843394853617483
1610,MDACC,0.8401268834258525,0.7700534759358288,-0.07007340749002366
1610,ISPY,0.9047619047619048,0.6010416666666667,-0.30372023809523807
1610,Fixed-source-weighted,0.8568137026596699,0.7264197081833328,-0.1303939944763372
1611,MDACC,0.8194444444444444,0.7534916201117319,-0.06595282433271255
1611,ISPY,0.9387351778656127,0.6853233830845771,-0.2534117947810356
1611,Fixed-source-weighted,0.8502417252950075,0.7358926308138717,-0.11434909448113582
1612,MDACC,0.8845784674452087,0.8006825075834176,-0.0838959598617911
1612,ISPY,0.9274509803921569,0.5970149253731343,-0.3304360550190226
1612,Fixed-source-weighted,0.8956468613105973,0.7481016611957955,-0.14754520011480188
1613,MDACC,0.8768731268731269,0.7873820168902136,-0.08949110998291332
1613,ISPY,0.8718954248366013,0.819047619047619,-0.052847805788982294
1613,Fixed-source-weighted,0.8755880338636972,0.7955571233295438,-0.08003091053415336
1614,MDACC,0.8571790969051243,0.7799431009957326,-0.07723599590939167
1614,ISPY,0.9226475279106858,0.5845771144278606,-0.3380704134828252
1614,Fixed-source-weighted,0.8740810774588478,0.7295054770125238,-0.14457560044632387
1615,MDACC,0.8728190215531988,0.7985775248933143,-0.07424149665988444
1615,ISPY,0.898970398970399,0.7052083333333333,-0.19376206563706566
1615,Fixed-source-weighted,0.879570520951757,0.7744724068108356,-0.10509811414092143
1616,MDACC,0.8483442649176132,0.7863128491620112,-0.062031415755602004
1616,ISPY,0.8540372670807453,0.7073412698412699,-0.14669599723947546
1616,Fixed-source-weighted,0.8498140269139773,0.7659247616903166,-0.08388926522366084
1617,MDACC,0.8705053852526926,0.8248772504091653,-0.045628134843527346
1617,ISPY,0.8237179487179487,0.5919854280510018,-0.23173252066694683
1617,Fixed-source-weighted,0.8584262758205202,0.764751583852646,-0.09367469196787422
1618,MDACC,0.8172121804266406,0.7400645802285146,-0.07714760019812594
1618,ISPY,0.8405228758169935,0.5111111111111111,-0.3294117647058824
1618,Fixed-source-weighted,0.8232303011319931,0.6809556780707535,-0.14227462306123956
1619,MDACC,0.8240593534711181,0.7578534031413613,-0.06620595032975685
1619,ISPY,0.8915584415584416,0.6442786069651741,-0.2472798345932674
1619,Fixed-source-weighted,0.8414855886309174,0.7285318054357445,-0.11295378319517298
1620,MDACC,0.8331370899915895,0.7539180990899899,-0.07921899090159967
1620,ISPY,0.8241335044929397,0.625438596491228,-0.19869490800171163
1620,Fixed-source-weighted,0.8308126349118727,0.7207485543014207,-0.11006408061045211
1621,MDACC,0.8691808596918086,0.7591623036649214,-0.11001855602688715
1621,ISPY,0.8693759071117562,0.7580213903743316,-0.11135451673742458
1621,Fixed-source-weighted,0.8692312150714683,0.7588677541552594,-0.11036346091620891
1622,MDACC,0.8634353741496599,0.7537966537966538,-0.10963872035300604
1622,ISPY,0.9238095238095239,0.859375,-0.06443452380952386
1622,Fixed-source-weighted,0.8790221644213242,0.7810538085354263,-0.09796835588589789
1623,MDACC,0.8534711181770005,0.7501831501831502,-0.10328796799385032
1623,ISPY,0.8669467787114846,0.6571428571428571,-0.20980392156862748
1623,Fixed-source-weighted,0.8569501285764262,0.7261629438100026,-0.1307871847664235
1624,MDACC,0.8584524810765349,0.8213903743315508,-0.037062106744984114
1624,ISPY,0.917312661498708,0.40793650793650793,-0.5093761535622001
1624,Fixed-source-weighted,0.8736484100090568,0.7146490166674712,-0.15899939334158564
1625,MDACC,0.848580697485807,0.7922255340288127,-0.05635516345699432
1625,ISPY,0.9073359073359073,0.6438979963570127,-0.2634379109788946
1625,Fixed-source-weighted,0.8637495261725976,0.7539318233226945,-0.10981770284990322
1626,MDACC,0.881948986265533,0.7531048186785891,-0.12884416758694384
1626,ISPY,0.9667553191489362,0.6584440227703985,-0.3083112963785377
1626,Fixed-source-weighted,0.9038434316831436,0.7286662471859517,-0.17517718449719194
1627,MDACC,0.8497584541062801,0.8385342789598109,-0.011224175146469229
1627,ISPY,0.834403080872914,0.6404174573055028,-0.19398562356741123
1627,Fixed-source-weighted,0.8457941584022413,0.7873864720621302,-0.05840768634011112
1628,MDACC,0.8779540047581285,0.7491852886405959,-0.1287687161175326
1628,ISPY,0.8596837944664032,0.6256830601092896,-0.23400073435711355
1628,Fixed-source-weighted,0.8732371857612452,0.7173007263727097,-0.15593645938853554
1629,MDACC,0.8548114324370032,0.7743954480796587,-0.08041598435734454
1629,ISPY,0.8359683794466403,0.5199004975124378,-0.31606788193420243
1629,Fixed-source-weighted,0.8499467226780534,0.7086925033253761,-0.14125421935267712
1630,MDACC,0.8521909744931327,0.779196157735086,-0.07299481675804675
1630,ISPY,0.852437417654809,0.7072192513368984,-0.1452181663179105
1630,Fixed-source-weighted,0.8522545987080754,0.760613884514639,-0.09164071419343642
1631,MDACC,0.854257907542579,0.7930501930501931,-0.061207714492385934
1631,ISPY,0.8490566037735849,0.6095571095571095,-0.23949949421647543
1631,Fixed-source-weighted,0.8529150872884923,0.7456777956777958,-0.10723729161069663
1632,MDACC,0.8444178628389155,0.7804144385026738,-0.06400342433624173
1632,ISPY,0.8770913770913771,0.7057453416149069,-0.1713460354764702
1632,Fixed-source-weighted,0.8528531818779498,0.7611371226394921,-0.09171605923845759
1633,MDACC,0.8610188261351052,0.8009848666826808,-0.0600339594524244
1633,ISPY,0.8766149870801033,0.7559523809523809,-0.1206626061277224
1633,Fixed-source-weighted,0.8650452859869184,0.789358832784989,-0.07568645320192945
1634,MDACC,0.846961861667744,0.7982620320855615,-0.04869982958218255
1634,ISPY,0.8202614379084967,0.6818181818181818,-0.13844325609031494
1634,Fixed-source-weighted,0.8400686150109449,0.7681997308727413,-0.07186888413820366
1635,MDACC,0.8688767936665017,0.7472677595628415,-0.1216090341036602
1635,ISPY,0.8181818181818182,0.5708333333333333,-0.24734848484848493
1635,Fixed-source-weighted,0.8557888751590181,0.7017176952748313,-0.15407117988418684
1636,MDACC,0.8466445733222867,0.6956845238095238,-0.15096004951276287
1636,ISPY,0.8543003851091142,0.7979166666666667,-0.056383718442447495
1636,Fixed-source-weighted,0.8486210737509121,0.722077789449113,-0.1265432843017991
1637,MDACC,0.8539156626506024,0.8157618672960923,-0.03815379535451002
1637,ISPY,0.7946298984034833,0.6194029850746269,-0.17522691332885643
1637,Fixed-source-weighted,0.8386098607698103,0.7650679075068905,-0.07354195326291972
1638,MDACC,0.8577084680025856,0.7756892230576441,-0.0820192449449415
1638,ISPY,0.8695652173913043,0.7164835164835165,-0.15308170090778783
1638,Fixed-source-weighted,0.8607695242173201,0.7604040896610557,-0.1003654345562646
1639,MDACC,0.8197905381003973,0.7509615384615385,-0.0688289996388588
1639,ISPY,0.8958333333333334,0.7213930348258707,-0.17444029850746268
1639,Fixed-source-weighted,0.8394225015755671,0.7433278398105001,-0.096094661765067
1640,MDACC,0.7754774514524153,0.7588714368819081,-0.016606014570507255
1640,ISPY,0.8563899868247694,0.6309523809523809,-0.22543760587238848
1640,Fixed-source-weighted,0.796366635421095,0.7258465825733047,-0.07052005284779032
1641,MDACC,0.8339890523434828,0.7904761904761904,-0.04351286186729231
1641,ISPY,0.9473684210526315,0.5385572139303483,-0.40881120712228325
1641,Fixed-source-weighted,0.8632601965527075,0.725438284766643,-0.13782191178606448
1642,MDACC,0.8517543859649123,0.7762891809908999,-0.07546520497401232
1642,ISPY,0.9018445322793149,0.6902985074626866,-0.21154602481662832
1642,Fixed-source-weighted,0.8646861557650358,0.7540889744264265,-0.11059718133860927
1643,MDACC,0.8645579886455799,0.8473205257836198,-0.01723746286196004
1643,ISPY,0.8153846153846154,0.590625,-0.22475961538461542
1643,Fixed-source-weighted,0.8518629020847427,0.781049458669548,-0.0708134434151946
1644,MDACC,0.8922323864548226,0.801930501930502,-0.09030188452432064
1644,ISPY,0.8884353741496599,0.7594202898550725,-0.1290150842945874
1644,Fixed-source-weighted,0.8912521120361696,0.7909556432574336,-0.10029646877873594
1645,MDACC,0.8753270111183781,0.7776029373196958,-0.09772407379868231
1645,ISPY,0.8681818181818182,0.6876456876456877,-0.1805361305361305
1645,Fixed-source-weighted,0.8734823371249525,0.7543786800509159,-0.11910365707403658
1646,MDACC,0.8714492055849783,0.7413101604278075,-0.13013904515717079
1646,ISPY,0.8394557823129252,0.6161016949152542,-0.22335408739767093
1646,Fixed-source-weighted,0.8631894655899057,0.7089850990699915,-0.15420436651991432
1647,MDACC,0.8206119162640901,0.7761721258831086,-0.04443979038098156
1647,ISPY,0.8697478991596639,0.6537001897533207,-0.2160477094063432
1647,Fixed-source-weighted,0.8332973497567383,0.7445535541371829,-0.08874379561955532
1648,MDACC,0.8223416381696792,0.7926640926640927,-0.029677545505586544
1648,ISPY,0.8810483870967742,0.554945054945055,-0.32610333215171927
1648,Fixed-source-weighted,0.8374979557031449,0.7312921842333607,-0.10620577146978423
1649,MDACC,0.8571787148594378,0.8121840242669363,-0.044994690592501496
1649,ISPY,0.867686170212766,0.6939890710382514,-0.1736970991745146
1649,Fixed-source-weighted,0.8598914239212447,0.7816696409170472,-0.07822178300419769
1650,MDACC,0.8569286616161617,0.7665270018621974,-0.0904016597539643
1650,ISPY,0.9253246753246753,0.6831550802139037,-0.24216959511077163
1650,Fixed-source-weighted,0.874586456004961,0.7450028782994027,-0.12958357770555837
1651,MDACC,0.8437795275590552,0.7693417256753212,-0.07443780188373395
1651,ISPY,0.898970398970399,0.6726190476190477,-0.22635135135135132
1651,Fixed-source-weighted,0.8580281512240753,0.7443708382032768,-0.11365731302079857
1652,MDACC,0.8940347970173985,0.8349331006399069,-0.05910169637749163
1652,ISPY,0.8954248366013072,0.6375291375291375,-0.2578956990721697
1652,Fixed-source-weighted,0.894393663445924,0.7839693323858193,-0.1104243310601046
1653,MDACC,0.826427771556551,0.7770451770451771,-0.049382594511373945
1653,ISPY,0.8633986928104576,0.5604395604395604,-0.3029591323708971
1653,Fixed-source-weighted,0.835972551880272,0.721124119163335,-0.11484843271693712
1654,MDACC,0.8759835785152241,0.7768436223877012,-0.09913995612752291
1654,ISPY,0.9096153846153846,0.6390374331550802,-0.2705779514603044
1654,Fixed-source-weighted,0.8846662996979454,0.7412662075204559,-0.1434000921774894
1655,MDACC,0.8391608391608392,0.8008547008547009,-0.03830613830613827
1655,ISPY,0.9379084967320261,0.6420289855072464,-0.29587951122477973
1655,Fixed-source-weighted,0.8646545154618972,0.7598506763042143,-0.10480383915768297
1656,MDACC,0.8179549114331723,0.8469251336898396,0.028970222256667233
1656,ISPY,0.8647435897435898,0.8072916666666666,-0.05745192307692315
1656,Fixed-source-weighted,0.8300343414544893,0.8366929640988898,0.006658622644400435
1657,MDACC,0.8259529602595296,0.7335561497326203,-0.09239681052690929
1657,ISPY,0.8175230566534915,0.6989010989010989,-0.11862195775239259
1657,Fixed-source-weighted,0.8237766125965328,0.7246092575244825,-0.0991673550720504
1658,MDACC,0.8384776987718164,0.771916971916972,-0.06656072685484449
1658,ISPY,0.9027210884353741,0.5768500948766604,-0.32587099355871374
1658,Fixed-source-weighted,0.8550634104823428,0.7215565690209438,-0.133506841461399
1659,MDACC,0.8364109848484849,0.8263736263736263,-0.010037358474858538
1659,ISPY,0.873202614379085,0.726775956284153,-0.14642665809493194
1659,Fixed-source-weighted,0.8459094774397182,0.8006605023962787,-0.04524897504343958
1660,MDACC,0.834717472724312,0.7146050670640834,-0.12011240566022852
1660,ISPY,0.8294723294723295,0.530360531309298,-0.2991117981630316
1660,Fixed-source-weighted,0.8333633344337674,0.6670386673103971,-0.1663246671233705
1661,MDACC,0.8254686489980607,0.7630353817504656,-0.062433267247595126
1661,ISPY,0.8601307189542484,0.6052631578947368,-0.2548675610595116
1661,Fixed-source-weighted,0.8344173533331549,0.7223033370295422,-0.11211401630361278
1662,MDACC,0.8102976394115634,0.7581833060556464,-0.052114333355916975
1662,ISPY,0.8300653594771242,0.7201138519924098,-0.10995150748471438
1662,Fixed-source-weighted,0.8154010704088814,0.7483549175883403,-0.06704615282054115
1663,MDACC,0.8423679229048356,0.816608493310064,-0.02575942959477162
1663,ISPY,0.9488795518207283,0.7841269841269841,-0.16475256769374413
1663,Fixed-source-weighted,0.8698660231805073,0.8082227442072427,-0.061643278973264534
1664,MDACC,0.8604480052321779,0.7998778998778999,-0.06057010535427798
1664,ISPY,0.8794466403162056,0.6726190476190477,-0.2068275926971579
1664,Fixed-source-weighted,0.8653528816100805,0.7670234903078041,-0.0983293913022764
1665,MDACC,0.82202419882276,0.7302504816955684,-0.09177371712719162
1665,ISPY,0.88996138996139,0.6747252747252748,-0.2152361152361152
1665,Fixed-source-weighted,0.8395635390186809,0.7159155426411462,-0.12364799637753464
1666,MDACC,0.8360927152317881,0.7797523503783536,-0.05634036485343452
1666,ISPY,0.8410904255319149,0.6147540983606558,-0.22633632717125918
1666,Fixed-source-weighted,0.837382973773324,0.7371547624391441,-0.10022821133418011
1667,MDACC,0.8377628259041211,0.7779640353550746,-0.059798790549046466
1667,ISPY,0.8895424836601307,0.7380952380952381,-0.15144724556489253
1667,Fixed-source-weighted,0.8511307767626988,0.7676711105723064,-0.08345966619039236
1668,MDACC,0.8668288726682887,0.7625891265597148,-0.1042397461085739
1668,ISPY,0.8475452196382429,0.49533799533799533,-0.3522072243002476
1668,Fixed-source-weighted,0.8618504132258913,0.6935929194795977,-0.16825749374629356
1669,MDACC,0.8571787148594378,0.7885979268957992,-0.06858078796363853
1669,ISPY,0.8824289405684754,0.7318840579710145,-0.1505448825974609
1669,Fixed-source-weighted,0.8636975639803985,0.7739561110622764,-0.08974145291812209
1670,MDACC,0.8298260149130074,0.8020728008088979,-0.02775321410410958
1670,ISPY,0.907843137254902,0.6217391304347826,-0.2861040068201194
1670,Fixed-source-weighted,0.8499676902888561,0.755516068914927,-0.09445162137392911
1671,MDACC,0.8670699803793329,0.7911347517730496,-0.07593522860628332
1671,ISPY,0.8954545454545455,0.6390845070422535,-0.256370038412292
1671,Fixed-source-weighted,0.8743980216896002,0.7518799500288246,-0.12251807166077577
1672,MDACC,0.8316482105601027,0.7075471698113207,-0.12410104074878203
1672,ISPY,0.8809523809523809,0.5182648401826484,-0.36268754076973253
1672,Fixed-source-weighted,0.8443770650077824,0.6586801631424806,-0.18569690186530197
1673,MDACC,0.8349002144153059,0.7622994652406417,-0.07260074917466419
1673,ISPY,0.9102393617021277,0.6101449275362318,-0.3000944341658959
1673,Fixed-source-weighted,0.8543505171462175,0.7230177381862354,-0.1313327789599822
1674,MDACC,0.7953009586672953,0.7088922006954794,-0.08640875797181591
1674,ISPY,0.842436974789916,0.5846153846153846,-0.2578215901745313
1674,Fixed-source-weighted,0.807470060868887,0.6768076632107491,-0.13066239765813786
1675,MDACC,0.8415074858027878,0.772208298524088,-0.06929918727869977
1675,ISPY,0.8728590250329381,0.808531746031746,-0.06432727900119206
1675,Fixed-source-weighted,0.8496015106367156,0.7815859205930586,-0.06801559004365694
1676,MDACC,0.8628121792678755,0.767056530214425,-0.09575564905345046
1676,ISPY,0.8773584905660378,0.5101449275362319,-0.3672135630298059
1676,Fixed-source-weighted,0.8665675995049827,0.7007296785426039,-0.16583792096237884
1677,MDACC,0.8650967199327165,0.7529096834264432,-0.11218703650627337
1677,ISPY,0.8461038961038961,0.7400793650793651,-0.10602453102453102
1677,Fixed-source-weighted,0.8601933438461911,0.749597280977361,-0.11059606286883009
1678,MDACC,0.8259534583063994,0.7602420856610801,-0.06571137264531934
1678,ISPY,0.8635778635778636,0.6174603174603175,-0.2461175461175461
1678,Fixed-source-weighted,0.8356669485562219,0.723380125896831,-0.11228682265939097
1679,MDACC,0.8514551994767822,0.7268139661756683,-0.12464123330111387
1679,ISPY,0.9195624195624196,0.771875,-0.1476874195624196
1679,Fixed-source-weighted,0.8690384360348389,0.7384473703329304,-0.13059106570190848
1680,MDACC,0.8267359393039749,0.7664092664092664,-0.0603266728947085
1680,ISPY,0.8803191489361702,0.6125,-0.2678191489361702
1680,Fixed-source-weighted,0.8405695130325482,0.7266745211598153,-0.11389499187273293
1681,MDACC,0.8356565135088625,0.7745989304812835,-0.06105758302757902
1681,ISPY,0.7984595635430038,0.7485768500948766,-0.049882713448127225
1681,Fixed-source-weighted,0.82605337936735,0.7678808116887144,-0.05817256767863559
1682,MDACC,0.8336469380773178,0.8080715432240312,-0.025575394853286637
1682,ISPY,0.8474462365591398,0.6537001897533207,-0.19374604680581908
1682,Fixed-source-weighted,0.837209502064455,0.7682175009881288,-0.06899200107632607
1683,MDACC,0.8527375201288244,0.7728514654744163,-0.07988605465440812
1683,ISPY,0.8358974358974359,0.6775793650793651,-0.1583180708180708
1683,Fixed-source-weighted,0.848389916683466,0.7482550735423606,-0.10013484314110535
1684,MDACC,0.8556411490932435,0.7022337887659944,-0.1534073603272491
1684,ISPY,0.8791989664082688,0.6041666666666666,-0.27503229974160215
1684,Fixed-source-weighted,0.861723069249737,0.6769158062632269,-0.18480726298651018
1685,MDACC,0.8580515297906602,0.7119774011299435,-0.14607412866071678
1685,ISPY,0.9196078431372549,0.5855614973262032,-0.33404634581105164
1685,Fixed-source-weighted,0.8739435191840621,0.6793406155074093,-0.19460290367665292
1686,MDACC,0.8330206378986866,0.8018315018315019,-0.031189136067184764
1686,ISPY,0.9116883116883117,0.6681318681318681,-0.24355644355644357
1686,Fixed-source-weighted,0.8533302660992761,0.7673142761378056,-0.08601598996147054
1687,MDACC,0.8383747547416612,0.7188325726639443,-0.11954218207771694
1687,ISPY,0.887012987012987,0.7864406779661017,-0.1005723090468853
1687,Fixed-source-weighted,0.85093168398818,0.7362869527909719,-0.11464473119720811
1688,MDACC,0.8751404268977692,0.765013966480447,-0.11012646041732221
1688,ISPY,0.8948051948051948,0.6835164835164835,-0.2112887112887113
1688,Fixed-source-weighted,0.8802172787431504,0.7439737666302735,-0.1362435121128769
1689,MDACC,0.855788096795291,0.8254807692307692,-0.030307327564521813
1689,ISPY,0.8838254172015404,0.6101190476190477,-0.2737063695824927
1689,Fixed-source-weighted,0.8630264899720679,0.7698808476382006,-0.09314564233386725
1690,MDACC,0.8515297906602255,0.8314606741573034,-0.02006911650292209
1690,ISPY,0.853359173126615,0.5545634920634921,-0.29879568106312293
1690,Fixed-source-weighted,0.8520020822120058,0.7599741467539991,-0.09202793545800664
1691,MDACC,0.8632145816072908,0.7481087470449173,-0.11510583456237355
1691,ISPY,0.8651515151515151,0.7260869565217392,-0.13906455862977596
1691,Fixed-source-weighted,0.8637146396138062,0.7424233828248812,-0.12129125678892516
1692,MDACC,0.8625882352941177,0.7726373626373626,-0.08995087265675505
1692,ISPY,0.9210884353741496,0.7658450704225352,-0.1552433649516144
1692,Fixed-source-weighted,0.8776912281252371,0.7708837970002014,-0.10680743112503574
1693,MDACC,0.8317069268916973,0.7866430260047281,-0.04506390088696921
1693,ISPY,0.8137931034482758,0.6463768115942029,-0.16741629185407292
1693,Fixed-source-weighted,0.8270821162641474,0.7504305065980893,-0.07665160966605808
1694,MDACC,0.878008658008658,0.7655249234196603,-0.11248373458899774
1694,ISPY,0.9104084321475626,0.6783216783216783,-0.23208675382588428
1694,Fixed-source-weighted,0.8863733055804668,0.7430116673322729,-0.14336163824819395
1695,MDACC,0.834123610202747,0.8036096256684492,-0.030513984534297767
1695,ISPY,0.8712418300653595,0.5681318681318681,-0.3031099619334914
1695,Fixed-source-weighted,0.8437064185986503,0.7428163483959332,-0.10089007020271704
1696,MDACC,0.8952485782425244,0.7756747860434496,-0.11957379219907471
1696,ISPY,0.9338896020539152,0.6408730158730159,-0.2930165861808993
1696,Fixed-source-weighted,0.9052245288343541,0.7408730218491221,-0.16435150698523204
1697,MDACC,0.8445249597423511,0.7415329768270945,-0.10299198291525657
1697,ISPY,0.9094993581514762,0.7427083333333333,-0.1667910248181429
1697,Fixed-source-weighted,0.8612993959329422,0.7418364185394895,-0.11946297739345273
1698,MDACC,0.8663938800925103,0.7535392535392536,-0.11285462655325673
1698,ISPY,0.8303030303030303,0.5028985507246376,-0.3274044795783927
1698,Fixed-source-weighted,0.8570763077612393,0.6888313596753495,-0.16824494808588988
1699,MDACC,0.8312416331994645,0.7815628815628816,-0.049678751636582974
1699,ISPY,0.8462033462033463,0.8186813186813187,-0.027522027522027592
1699,Fixed-source-weighted,0.8351042976677869,0.7911457460477069,-0.04395855162008012
1700,MDACC,0.8953488372093024,0.7282662692498758,-0.16708256795942655
1700,ISPY,0.8455598455598455,0.6120218579234973,-0.23353798763634825
1700,Fixed-source-weighted,0.8824948164893446,0.6982554571754187,-0.18423935931392596
1701,MDACC,0.8588778652069792,0.7814171122994652,-0.07746075290751397
1701,ISPY,0.9152759948652118,0.6873015873015873,-0.22797440756362453
1701,Fixed-source-weighted,0.8734381666546929,0.7571193133621046,-0.11631885329258827
1702,MDACC,0.864147006900979,0.7882882882882883,-0.07585871861269067
1702,ISPY,0.8611111111111112,0.752913752913753,-0.1081973581973582
1702,Fixed-source-weighted,0.8633632298833334,0.7791556468027057,-0.08420758308062772
1703,MDACC,0.8340661130109103,0.7788854191688686,-0.05518069384204172
1703,ISPY,0.8379310344827586,0.5912698412698413,-0.24666119321291735
1703,Fixed-source-weighted,0.8350639195346881,0.7304487176851329,-0.10461520184955536
1704,MDACC,0.8678882195448461,0.7391711229946524,-0.1287170965501937
1704,ISPY,0.8623188405797102,0.6296791443850267,-0.2326396961946835
1704,Fixed-source-weighted,0.8664503733414286,0.7109035860333438,-0.15554678730808486
1705,MDACC,0.8517811704834606,0.7860805860805861,-0.06570058440287452
1705,ISPY,0.8761232349165597,0.5802083333333333,-0.2959149015832264
1705,Fixed-source-weighted,0.8580655596671692,0.7329305600445306,-0.12513499962263858
1706,MDACC,0.7943661971830986,0.7404622667780563,-0.05390393040504238
1706,ISPY,0.8356867779204108,0.6650853889943074,-0.17060138892610344
1706,Fixed-source-weighted,0.805033928811359,0.7210022231672192,-0.08403170564413984
1707,MDACC,0.875724937862469,0.7673747705218987,-0.10835016734057024
1707,ISPY,0.9163265306122449,0.7097902097902098,-0.2065363208220351
1707,Fixed-source-weighted,0.8862070484089798,0.7525081682414955,-0.13369888016748438
1708,MDACC,0.8573492235464066,0.7870554765291607,-0.07029374701724589
1708,ISPY,0.8831168831168831,0.7072463768115942,-0.1758705063052889
1708,Fixed-source-weighted,0.8640016585335558,0.7664511664713577,-0.09755049206219818
1709,MDACC,0.8385287811314531,0.8306509728561133,-0.007877808275339793
1709,ISPY,0.8953786906290115,0.6916666666666667,-0.2037120239623449
1709,Fixed-source-weighted,0.8532057185507576,0.7947694036111255,-0.058436314939631966
1710,MDACC,0.8820715817252185,0.8126488095238096,-0.06942277220140891
1710,ISPY,0.8219086021505376,0.6021978021978022,-0.21971079995273546
1710,Fixed-source-weighted,0.866539309220644,0.758316686717422,-0.10822262250322198
1711,MDACC,0.8036529680365296,0.8237608182533438,0.02010785021681416
1711,ISPY,0.818954248366013,0.5844402277039848,-0.2345140206620282
1711,Fixed-source-weighted,0.8076032985791087,0.7619754370330845,-0.04562786154602423
1712,MDACC,0.8419540229885057,0.7668226381461676,-0.07513138484233817
1712,ISPY,0.9183673469387755,0.534965034965035,-0.38340231197374053
1712,Fixed-source-weighted,0.861681645838412,0.7069639758869863,-0.15471766995142572
1713,MDACC,0.8787728847105394,0.8479374110953058,-0.030835473615233533
1713,ISPY,0.873202614379085,0.6032338308457711,-0.2699687835333139
1713,Fixed-source-weighted,0.8773348083831378,0.7847623037759816,-0.09257250460715624
1714,MDACC,0.8801313628899836,0.7866151866151866,-0.09351617627479702
1714,ISPY,0.886968085106383,0.6418650793650794,-0.24510300574130361
1714,Fixed-source-weighted,0.8818963990177469,0.7492450608872178,-0.13265133813052912
1715,MDACC,0.8673099125845292,0.7644320297951583,-0.10287788278937082
1715,ISPY,0.8568376068376068,0.6984126984126984,-0.15842490842490842
1715,Fixed-source-weighted,0.8646062780943107,0.7473878233271376,-0.11721845476717302
1716,MDACC,0.8597288676236045,0.7622931442080378,-0.09743572341556661
1716,ISPY,0.8714285714285714,0.6802656546489564,-0.19116291677961506
1716,Fixed-source-weighted,0.8627493793902463,0.7411161125898436,-0.12163326680040265
1717,MDACC,0.8635261797026503,0.7908152734778122,-0.07271090622483811
1717,ISPY,0.9049346879535559,0.7874331550802139,-0.11750153287334197
1717,Fixed-source-weighted,0.8742166115713482,0.7899421121921578,-0.08427449937919042
1718,MDACC,0.8412204234122043,0.7530448717948718,-0.08817555161733248
1718,ISPY,0.8405228758169935,0.4533799533799534,-0.38714292243704007
1718,Fixed-source-weighted,0.8410403375951401,0.6756803993936347,-0.16535993820150535
1719,MDACC,0.797242497972425,0.7255189255189255,-0.07172357245349947
1719,ISPY,0.9152759948652118,0.6318785578747628,-0.28339743699044906
1719,Fixed-source-weighted,0.8277151981506281,0.7013437979245175,-0.12637140022611065
1720,MDACC,0.851259842519685,0.7282662692498758,-0.1229935732698092
1720,ISPY,0.8506410256410256,0.7440476190476191,-0.10659340659340655
1720,Fixed-source-weighted,0.8511000826065671,0.7323405392956985,-0.11875954331086866
1721,MDACC,0.8467882632831086,0.7965734114075038,-0.050214851875604816
1721,ISPY,0.877906976744186,0.6394686907020873,-0.2384382860420987
1721,Fixed-source-weighted,0.8548221795034522,0.7560136959312689,-0.09880848357218332
1722,MDACC,0.822167487684729,0.7674581005586593,-0.054709387126069764
1722,ISPY,0.9181818181818182,0.8141711229946524,-0.10401069518716577
1722,Fixed-source-weighted,0.8469555011137162,0.7795179985078209,-0.0674375026058952
1723,MDACC,0.8413625304136253,0.8080586080586081,-0.033303922355017224
1723,ISPY,0.8875862068965518,0.5213903743315508,-0.366195832565001
1723,Fixed-source-weighted,0.8532960939500672,0.7340494888937796,-0.11924660505628755
1724,MDACC,0.8541165142031777,0.7941388421811194,-0.05997767202205828
1724,ISPY,0.8610372340425532,0.75,-0.11103723404255317
1724,Fixed-source-weighted,0.8559032359917746,0.7827435201801116,-0.07315971581166317
1725,MDACC,0.8635566188197767,0.8007722007722008,-0.06278441804757595
1725,ISPY,0.8712418300653595,0.6554726368159204,-0.2157691932494391
1725,Fixed-source-weighted,0.8655407093047475,0.7632602218423115,-0.10228048746243605
1726,MDACC,0.8761904761904762,0.7553447033389382,-0.12084577285153797
1726,ISPY,0.8231292517006803,0.5762032085561497,-0.2469260431445306
1726,Fixed-source-weighted,0.8624916633319996,0.7090957553394601,-0.15339590799253935
1727,MDACC,0.8325384207737149,0.7446189645142525,-0.0879194562594624
1727,ISPY,0.8976063829787234,0.6378968253968254,-0.25970955758189807
1727,Fixed-source-weighted,0.8493370123233739,0.7170665168336097,-0.13227049548976444
1728,MDACC,0.8469301934398654,0.7353452558370591,-0.1115849376028063
1728,ISPY,0.9062901155327343,0.7271186440677966,-0.17917147146493773
1728,Fixed-source-weighted,0.8622551406468479,0.7332213920142756,-0.12903374863257225
1729,MDACC,0.84779299847793,0.7534850640113798,-0.09430793446655017
1729,ISPY,0.9242424242424242,0.8447488584474886,-0.0794935657949356
1729,Fixed-source-weighted,0.867529941730855,0.7770466318559962,-0.09048330987485884
1730,MDACC,0.8523776941498461,0.7772727272727272,-0.07510496687711887
1730,ISPY,0.7787114845938375,0.6527777777777778,-0.12593370681605975
1730,Fixed-source-weighted,0.8333592936435563,0.7451318742985409,-0.08822741934501538
1731,MDACC,0.8563417450107208,0.7193135543920884,-0.13702819061863236
1731,ISPY,0.8588235294117647,0.6359126984126984,-0.22291083099906628
1731,Fixed-source-weighted,0.8569824671273303,0.6977819608549257,-0.15920050627240454
1732,MDACC,0.7919540229885057,0.7814721394175648,-0.01048188357094093
1732,ISPY,0.8029525032092426,0.6873015873015873,-0.1156509159076553
1732,Fixed-source-weighted,0.7947934999082384,0.7571601341327209,-0.03763336577551752
1733,MDACC,0.8645833333333334,0.7723933891042645,-0.0921899442290689
1733,ISPY,0.9031007751937985,0.7956349206349206,-0.10746585455887792
1733,Fixed-source-weighted,0.8745273787809698,0.7783936537804796,-0.0961337250004902
1734,MDACC,0.9017398508699255,0.8392985827528224,-0.062441268117103044
1734,ISPY,0.9237726098191215,0.6369047619047619,-0.2868678479143596
1734,Fixed-source-weighted,0.9074280468077898,0.787046583252833,-0.12038146355495688
1735,MDACC,0.8424531459170014,0.6893617021276596,-0.1530914437893418
1735,ISPY,0.8711538461538462,0.5401069518716578,-0.33104689428218836
1735,Fixed-source-weighted,0.849862803821285,0.6508286130092801,-0.1990341908120048
1736,MDACC,0.8035094878596205,0.7238219895287958,-0.07968749833082467
1736,ISPY,0.8792207792207792,0.6825396825396826,-0.19668109668109668
1736,Fixed-source-weighted,0.8230558670018805,0.7131641390316065,-0.109891727970274
1737,MDACC,0.7905633124699085,0.7476985656176408,-0.04286474685226771
1737,ISPY,0.8642213642213642,0.625,-0.2392213642213642
1737,Fixed-source-weighted,0.8095796068763301,0.7160214849516485,-0.09355812192468152
1738,MDACC,0.8517241379310345,0.7271390374331551,-0.12458510049787941
1738,ISPY,0.8310344827586207,0.6131868131868132,-0.21784766957180746
1738,Fixed-source-weighted,0.8463826910074375,0.6977199991473348,-0.14866269186010267
1739,MDACC,0.8601352465776019,0.7441629408842524,-0.11597230569334949
1739,ISPY,0.8710106382978723,0.7489583333333333,-0.122052304964539
1739,Fixed-source-weighted,0.8629429457472142,0.7454009670394073,-0.11754197870780692
1740,MDACC,0.8679060665362035,0.8199023199023199,-0.048003746633883626
1740,ISPY,0.8509803921568627,0.6552631578947369,-0.19571723426212584
1740,Fixed-source-weighted,0.8635363662879423,0.7773974382075517,-0.08613892808039061
1741,MDACC,0.8807026307026307,0.8037302103665148,-0.07697242033611584
1741,ISPY,0.9361702127659575,0.7342657342657343,-0.2019044785002232
1741,Fixed-source-weighted,0.8950226927385877,0.7857965711117382,-0.10922612162684944
1742,MDACC,0.8168168168168168,0.7706845238095238,-0.046132293007293046
1742,ISPY,0.8194993412384717,0.7609108159392789,-0.058588525299192784
1742,Fixed-source-weighted,0.817509363971427,0.7681612462874671,-0.04934811768395997
1743,MDACC,0.8043910521955261,0.7493680485338726,-0.05502300366165347
1743,ISPY,0.8243243243243243,0.7773892773892774,-0.04693504693504691
1743,Fixed-source-weighted,0.8095372237581898,0.7566022873560196,-0.05293493640217008
1744,MDACC,0.8428571428571429,0.8090395480225989,-0.03381759483454394
1744,ISPY,0.873202614379085,0.5735294117647058,-0.29967320261437913
1744,Fixed-source-weighted,0.8506914312565985,0.748237911537718,-0.10245351971888049
1745,MDACC,0.842645202020202,0.7122671804752729,-0.13037802154492906
1745,ISPY,0.8045212765957447,0.5675990675990676,-0.23692220899667704
1745,Fixed-source-weighted,0.8328027506851298,0.6749182232294553,-0.15788452745567444
1746,MDACC,0.8363826031134649,0.8275282248378573,-0.008854378275607644
1746,ISPY,0.9112903225806451,0.5682539682539682,-0.3430363543266769
1746,Fixed-source-weighted,0.8557215241523775,0.7605914069616245,-0.09513011719075298
1747,MDACC,0.8379857256145916,0.7923890063424948,-0.04559671927209685
1747,ISPY,0.937012987012987,0.6660341555977229,-0.270978831415264
1747,Fixed-source-weighted,0.8635515872174453,0.7597679827842041,-0.10378360443324133
1748,MDACC,0.8480519480519481,0.7672619047619048,-0.08079004329004325
1748,ISPY,0.8815958815958816,0.6934065934065934,-0.18818928818928826
1748,Fixed-source-weighted,0.8567119831825715,0.7481946838564486,-0.10851729932612285
1749,MDACC,0.8064435564435565,0.7484002326934264,-0.058043323750130105
1749,ISPY,0.8697478991596639,0.7599206349206349,-0.109827264239029
1749,Fixed-source-weighted,0.8227868344650352,0.7513744541834574,-0.07141238028157787
1750,MDACC,0.8289362421782513,0.779021879021879,-0.04991436315637232
1750,ISPY,0.9221364221364221,0.7946428571428571,-0.127493564993565
1750,Fixed-source-weighted,0.8529977265465374,0.7830547459223931,-0.0699429806241443
1751,MDACC,0.8836673027989822,0.8060077963769777,-0.07765950642200448
1751,ISPY,0.9019480519480519,0.621875,-0.280073051948052
1751,Fixed-source-weighted,0.8883868426119774,0.7584702443711567,-0.12991659824082066
1752,MDACC,0.8582791652411905,0.7938630999213218,-0.06441606531986876
1752,ISPY,0.8906455862977603,0.7142857142857143,-0.17635987201204595
1752,Fixed-source-weighted,0.8666352020499128,0.7733186114729134,-0.09331659057699948
1753,MDACC,0.885829307568438,0.8042722305017387,-0.08155707706669935
1753,ISPY,0.8265602322206096,0.6260416666666667,-0.20051856555394287
1753,Fixed-source-weighted,0.870527814259685,0.7582584574854947,-0.11226935677419034
1754,MDACC,0.832090132090132,0.6986440677966101,-0.1334460642935219
1754,ISPY,0.733632862644416,0.5422885572139303,-0.19134430543048564
1754,Fixed-source-weighted,0.8066714252724472,0.6582777758487942,-0.14839364942365307
1755,MDACC,0.8399431057563588,0.7800864760989671,-0.05985662965739169
1755,ISPY,0.8410553410553411,0.5824175824175825,-0.2586377586377586
1755,Fixed-source-weighted,0.840230251470802,0.7290543107367796,-0.11117594073402237
1756,MDACC,0.8334785639595678,0.7268760907504364,-0.10660247320913141
1756,ISPY,0.8218085106382979,0.6197916666666666,-0.20201684397163122
1756,Fixed-source-weighted,0.8304657070563641,0.6992301119837115,-0.1312355950726526
1757,MDACC,0.805103668261563,0.7308510638297873,-0.07425260443177573
1757,ISPY,0.8126614987080103,0.7885572139303483,-0.02410428477766202
1757,Fixed-source-weighted,0.8070548728539465,0.7457490568296054,-0.06130581602434114
1758,MDACC,0.8600478468899522,0.7805662805662805,-0.07948156632367165
1758,ISPY,0.839095744680851,0.7304189435336976,-0.10867680114715339
1758,Fixed-source-weighted,0.854638644032047,0.7676197458421823,-0.08701889818986465
1759,MDACC,0.8184032688983184,0.80481843575419,-0.013584833144128394
1759,ISPY,0.8430851063829787,0.7406593406593407,-0.10242576572363804
1759,Fixed-source-weighted,0.8247753772685412,0.7882544863669576,-0.0365208909015835
1760,MDACC,0.8438961038961039,0.7828828828828829,-0.06101322101322104
1760,ISPY,0.8076923076923077,0.7152406417112299,-0.09245166598107779
1760,Fixed-source-weighted,0.8345493721964311,0.7654196899006589,-0.0691296822957723
1761,MDACC,0.875,0.8291371623393653,-0.0458628376606347
1761,ISPY,0.8956582633053222,0.6716417910447762,-0.224016472260546
1761,Fixed-source-weighted,0.8803333424873218,0.7884765926260564,-0.09185674986126541
1762,MDACC,0.840470397404704,0.7424348230912476,-0.09803557431345633
1762,ISPY,0.8986928104575164,0.6981351981351981,-0.20055761232231828
1762,Fixed-source-weighted,0.8555016739771621,0.7309979918117446,-0.12450368216541743
1763,MDACC,0.850103983362662,0.7277553083923155,-0.12234867497034652
1763,ISPY,0.853494623655914,0.5681318681318681,-0.2853627555240459
1763,Fixed-source-weighted,0.8509793447455605,0.6865453352531804,-0.16443400949238002
1764,MDACC,0.8820307390451275,0.772192513368984,-0.10983822567614354
1764,ISPY,0.8863945578231293,0.4979166666666667,-0.3884778911564626
1764,Fixed-source-weighted,0.8831573458538273,0.7013827359523728,-0.18177460990145466
1765,MDACC,0.8305792972459639,0.7157014157014157,-0.11487788154454825
1765,ISPY,0.8607843137254902,0.6505494505494506,-0.21023486317603968
1765,Fixed-source-weighted,0.8383773243762992,0.6988811371164312,-0.13949618725986795
1766,MDACC,0.8682823129251701,0.7878172588832487,-0.08046505404192139
1766,ISPY,0.8102766798418972,0.7275362318840579,-0.0827404479578393
1766,Fixed-source-weighted,0.8533070024232794,0.772254510082804,-0.08105249234047537
1767,MDACC,0.8838519764507989,0.8571428571428571,-0.026709119307941842
1767,ISPY,0.9454545454545454,0.7222222222222222,-0.22323232323232323
1767,Fixed-source-weighted,0.8997559076641846,0.8223104056437389,-0.07744550202044553
1768,MDACC,0.8567372225090346,0.752807486631016,-0.10392973587801857
1768,ISPY,0.8536585365853658,0.7517482517482518,-0.10191028483711406
1768,Fixed-source-weighted,0.8559423983653424,0.7525340240305639,-0.10340837433477851
1769,MDACC,0.8337516733601071,0.8086691086691087,-0.025082564690998455
1769,ISPY,0.8719433719433719,0.5666666666666667,-0.30527670527670525
1769,Fixed-source-weighted,0.8436116216871592,0.7461913540344913,-0.09742026765266786
1770,MDACC,0.8479443289073748,0.7511835143414091,-0.09676081456596575
1770,ISPY,0.8899868247694335,0.5502283105022832,-0.3397585142671503
1770,Fixed-source-weighted,0.858798437316207,0.699302922500589,-0.15949551481561797
1771,MDACC,0.8781793842034806,0.7763234438627109,-0.10185594034076972
1771,ISPY,0.8357142857142857,0.5762032085561497,-0.25951107715813604
1771,Fixed-source-weighted,0.8672161725020219,0.72465841579337,-0.1425577567086519
1772,MDACC,0.8369640989891949,0.7532126934172567,-0.08375140557193816
1772,ISPY,0.8873517786561265,0.5760416666666667,-0.3113101119894598
1772,Fixed-source-weighted,0.8499726829554943,0.7074724610208626,-0.14250022193463166
1773,MDACC,0.8710547184773989,0.7710359408033827,-0.10001877767401623
1773,ISPY,0.810077519379845,0.5771144278606966,-0.2329630915191484
1773,Fixed-source-weighted,0.8553122389718213,0.7209712364815781,-0.13434100249024317
1774,MDACC,0.8218500797448166,0.7487179487179487,-0.07313213102686789
1774,ISPY,0.8903133903133903,0.6565464895635673,-0.23376690074982298
1774,Fixed-source-weighted,0.8395252481595792,0.7249220491323405,-0.11460319902723864
1775,MDACC,0.8405382674516401,0.7570921985815603,-0.08344606887007977
1775,ISPY,0.841025641025641,0.732620320855615,-0.10840532017002602
1775,Fixed-source-weighted,0.8406640926553854,0.7507742955085221,-0.08988979714686329
1776,MDACC,0.8407458091002394,0.7332339791356185,-0.10751182996462094
1776,ISPY,0.9819121447028424,0.6403508771929824,-0.34156126750985993
1776,Fixed-source-weighted,0.8771907127362056,0.7092543547778791,-0.16793635795832645
1777,MDACC,0.8117108585858586,0.7274064171122995,-0.08430444147355909
1777,ISPY,0.873202614379085,0.6793650793650794,-0.19383753501400558
1777,Fixed-source-weighted,0.8275861811599269,0.7150035880860565,-0.11258259307387045
1778,MDACC,0.8557830747080467,0.7695187165775401,-0.08626435813050659
1778,ISPY,0.9347826086956522,0.6007462686567164,-0.3340363400389358
1778,Fixed-source-weighted,0.8761783792342586,0.7259467447287,-0.1502316345055586
1779,MDACC,0.8698158664601617,0.7842901753543118,-0.08552569110584995
1779,ISPY,0.9032258064516129,0.7096774193548387,-0.19354838709677413
1779,Fixed-source-weighted,0.8784413084840985,0.7650274050145787,-0.11341390346951993
1780,MDACC,0.8731196860693263,0.7297872340425532,-0.14333245202677314
1780,ISPY,0.8838896952104499,0.5783730158730159,-0.305516679337434
1780,Fixed-source-weighted,0.8759001786253681,0.690696635234078,-0.1852035433912902
1781,MDACC,0.8537360890302067,0.7504363001745201,-0.10329978885568658
1781,ISPY,0.8198717948717948,0.7635416666666667,-0.05633012820512817
1781,Fixed-source-weighted,0.8449933464206821,0.7538197117852378,-0.09117363463544437
1782,MDACC,0.8613300492610837,0.7119047619047619,-0.14942528735632177
1782,ISPY,0.8823529411764706,0.6748251748251748,-0.20752776635129577
1782,Fixed-source-weighted,0.8667575278928339,0.7023319273319274,-0.16442560056090658
1783,MDACC,0.8023376623376623,0.8062593144560357,0.003921652118373364
1783,ISPY,0.8753246753246753,0.5710144927536231,-0.30431018257105213
1783,Fixed-source-weighted,0.8211807147101265,0.7455261742126025,-0.07565454049752408
1784,MDACC,0.8612435965377142,0.7538770053475936,-0.1073665911901206
1784,ISPY,0.9442307692307692,0.6173913043478261,-0.32683946488294313
1784,Fixed-source-weighted,0.8826683894878821,0.7186405008411177,-0.16402788864676432
1785,MDACC,0.8293592862935929,0.761177347242921,-0.06818193905067194
1785,ISPY,0.8835263835263836,0.6091549295774648,-0.2743714539489188
1785,Fixed-source-weighted,0.8433436022458494,0.721929729610336,-0.12141387263551345
1786,MDACC,0.834072249589491,0.7767713827103875,-0.05730086687910352
1786,ISPY,0.8771241830065359,0.7,-0.17712418300653598
1786,Fixed-source-weighted,0.8451869644259176,0.7569513198537843,-0.08823564457213348
1787,MDACC,0.7954911433172303,0.7300194931773879,-0.06547165013984235
1787,ISPY,0.8464095744680851,0.6526315789473685,-0.19377799552071662
1787,Fixed-source-weighted,0.8086367513594445,0.7100402604186574,-0.09859649094078701
1788,MDACC,0.8341384863123994,0.7211017132942963,-0.11303677301810311
1788,ISPY,0.8415584415584415,0.6091269841269841,-0.23243145743145743
1788,Fixed-source-weighted,0.8360540956733058,0.6921932047837811,-0.14386089088952464
1789,MDACC,0.8471234647705236,0.7908959884698534,-0.056227476300670154
1789,ISPY,0.894281914893617,0.5384615384615384,-0.35582037643207853
1789,Fixed-source-weighted,0.859298358756551,0.7257250030101905,-0.13357335574636056
1790,MDACC,0.8415816326530612,0.7989590110605075,-0.0426226215925537
1790,ISPY,0.9242021276595744,0.6243315508021391,-0.29987057685743534
1790,Fixed-source-weighted,0.8629117604488604,0.7538754510591641,-0.10903630938969636
1791,MDACC,0.8116050616050616,0.7636388434260775,-0.047966218178984166
1791,ISPY,0.8027210884353742,0.6912280701754386,-0.11149301825993552
1791,Fixed-source-weighted,0.8093114868324953,0.7449445588286904,-0.06436692800380495
1792,MDACC,0.8407425500732779,0.7967479674796748,-0.043994582593603115
1792,ISPY,0.8532818532818532,0.618421052631579,-0.23486080065027426
1792,Fixed-source-weighted,0.8439798211630736,0.7507093195286958,-0.0932705016343777
1793,MDACC,0.8336715711144935,0.7755469755469755,-0.058124595567518034
1793,ISPY,0.87997432605905,0.5704225352112676,-0.3095517908477824
1793,Fixed-source-weighted,0.8456255503322059,0.722590012192332,-0.12303553813987386
1794,MDACC,0.8721590909090909,0.7829626232515479,-0.08919646765754308
1794,ISPY,0.9202898550724637,0.6991978609625669,-0.22109199410989688
1794,Fixed-source-weighted,0.8845850071473473,0.7613370800462227,-0.12324792710112462
1795,MDACC,0.8538299935358759,0.7998165558358175,-0.0540134377000584
1795,ISPY,0.9185897435897435,0.8208333333333333,-0.09775641025641024
1795,Fixed-source-weighted,0.8705490139746195,0.8052424559087056,-0.06530655806591394
1796,MDACC,0.8743446642990022,0.8010471204188482,-0.07329754388015397
1796,ISPY,0.7686274509803922,0.6888045540796964,-0.07982289690069577
1796,Fixed-source-weighted,0.8470516582461585,0.7720694644031848,-0.0749821938429736
1797,MDACC,0.801934471941443,0.8275824175824176,0.025647945640974612
1797,ISPY,0.8590250329380764,0.728125,-0.1309000329380764
1797,Fixed-source-weighted,0.8166735383425348,0.8019055025856496,-0.014768035756884963
1798,MDACC,0.8004105090311987,0.7588277684362239,-0.0415827405949748
1798,ISPY,0.8583662714097496,0.9866666666666667,0.12830039525691705
1798,Fixed-source-weighted,0.815372944416511,0.8176489219009461,0.002275977484435192
1799,MDACC,0.83779399837794,0.7264388901628067,-0.11135510821513328
1799,ISPY,0.9047619047619048,0.6021978021978022,-0.3025641025641026
1799,Fixed-source-weighted,0.8550830983921008,0.694363576603214,-0.16071952178888682
1800,MDACC,0.828421052631579,0.804093567251462,-0.024327485380116975
1800,ISPY,0.8489655172413794,0.6434782608695652,-0.2054872563718142
1800,Fixed-source-weighted,0.8337250157171157,0.7626275241005801,-0.07109749161653554
1801,MDACC,0.8764044943820225,0.7608819345661451,-0.11552255981587745
1801,ISPY,0.9222074468085106,0.7927807486631016,-0.12942669814540908
1801,Fixed-source-weighted,0.888229439616312,0.7691172493166666,-0.11911219029964543
1802,MDACC,0.8747824711279861,0.786279323513366,-0.08850314761462008
1802,ISPY,0.8379446640316206,0.6631878557874763,-0.1747568082441443
1802,Fixed-source-weighted,0.8652720568776173,0.7545008073357671,-0.11077124954185019
1803,MDACC,0.8723280861640431,0.8241978609625669,-0.04813022520147625
1803,ISPY,0.9097402597402597,0.6094527363184079,-0.30028752342185183
1803,Fixed-source-weighted,0.8819867845709749,0.7687571261688134,-0.11322965840216145
1804,MDACC,0.8247472315840154,0.7591966173361522,-0.06555061424786324
1804,ISPY,0.9600840336134454,0.8036053130929791,-0.1564787205204663
1804,Fixed-source-weighted,0.8596871249184108,0.770661607417163,-0.0890255175012477
1805,MDACC,0.8978563429851224,0.7597886139803026,-0.13806772900481978
1805,ISPY,0.8774069319640565,0.4544626593806922,-0.4229442725833643
1805,Fixed-source-weighted,0.8925769198783767,0.6809626322372659,-0.2116142876411107
1806,MDACC,0.8661706998037934,0.7662211083263715,-0.09994959147742188
1806,ISPY,0.798051948051948,0.6296610169491526,-0.16839093110279546
1806,Fixed-source-weighted,0.8485844861162255,0.730965398461011,-0.11761908765521442
1807,MDACC,0.8849148418491484,0.7886952533822518,-0.0962195884668966
1807,ISPY,0.866263440860215,0.6934731934731935,-0.17279024738702153
1807,Fixed-source-weighted,0.8800996108748813,0.7641117803991944,-0.11598783047568703
1808,MDACC,0.7917274939172749,0.7330082291984151,-0.0587192647188598
1808,ISPY,0.8973042362002568,0.7898193760262726,-0.10748486017398418
1808,Fixed-source-weighted,0.8189842345720317,0.7476751592618163,-0.07130907531021544
1809,MDACC,0.8105903055511118,0.7810744810744811,-0.029515824476630703
1809,ISPY,0.8038563829787234,0.6384335154826958,-0.16542286749602764
1809,Fixed-source-weighted,0.808851809200724,0.7442488723105889,-0.06460293689013515
1810,MDACC,0.8041035661944309,0.764993564993565,-0.03911000120086594
1810,ISPY,0.8608870967741935,0.5307692307692308,-0.33011786600496273
1810,Fixed-source-weighted,0.8187633665728664,0.7045238839356487,-0.11423948263721774
1811,MDACC,0.8083714846304775,0.7334038054968287,-0.07496767913364877
1811,ISPY,0.8061617458279846,0.503968253968254,-0.30219349185973066
1811,Fixed-source-weighted,0.8078009965082653,0.6741704441544842,-0.13363055235378105
1812,MDACC,0.8042692939244663,0.7731958762886598,-0.03107341763580651
1812,ISPY,0.8628205128205129,0.691468253968254,-0.1713522588522589
1812,Fixed-source-weighted,0.8193854582799817,0.7520962613758754,-0.06728919690410631
1813,MDACC,0.8463541666666666,0.7702197802197802,-0.07613438644688642
1813,ISPY,0.8395378690629012,0.5521739130434783,-0.2873639560194229
1813,Fixed-source-weighted,0.8445944035598122,0.7139268929422382,-0.13066751061757392
1814,MDACC,0.8765534382767192,0.8046829552065154,-0.07187048307020372
1814,ISPY,0.7698717948717949,0.5763546798029556,-0.19351711506883928
1814,Fixed-source-weighted,0.8490114453715264,0.7457354592689951,-0.1032759861025312
1815,MDACC,0.8743156199677938,0.758320914058619,-0.11599470590917482
1815,ISPY,0.872093023255814,0.8032967032967033,-0.06879631995911062
1815,Fixed-source-weighted,0.8737418123199298,0.7699323106266213,-0.10380950169330858
1816,MDACC,0.8871929824561403,0.7773224043715847,-0.10987057808455558
1816,ISPY,0.922077922077922,0.7587412587412588,-0.1633366633366633
1816,Fixed-source-weighted,0.8961992250382343,0.7725253112186575,-0.12367391381957685
1817,MDACC,0.8283499446290143,0.7533752327746741,-0.07497471185434024
1817,ISPY,0.9235294117647059,0.6270053475935828,-0.2965240641711231
1817,Fixed-source-weighted,0.8529224214385558,0.7207503277769414,-0.13217209366161425
1818,MDACC,0.8691822882999354,0.802422723475355,-0.06675956482458034
1818,ISPY,0.8809523809523809,0.73125,-0.14970238095238098
1818,Fixed-source-weighted,0.8722209723507302,0.7840480661075346,-0.08817290624319554
1819,MDACC,0.8604591836734694,0.6933701657458563,-0.1670890179276131
1819,ISPY,0.8397435897435898,0.6530303030303031,-0.18671328671328669
1819,Fixed-source-weighted,0.8551110401425528,0.6829556260251743,-0.1721554141173785
1820,MDACC,0.809220985691574,0.7666666666666667,-0.04255431902490725
1820,ISPY,0.9038461538461539,0.8536231884057971,-0.05022296544035676
1820,Fixed-source-weighted,0.8336503591693905,0.7891162262006253,-0.044534132968765135
1821,MDACC,0.8528945281522601,0.7573870573870574,-0.09550747076520272
1821,ISPY,0.8088803088803089,0.7736263736263737,-0.035253935253935276
1821,Fixed-source-weighted,0.8415313800395668,0.7615795605991685,-0.07995181944039839
1822,MDACC,0.8590982286634461,0.8050512104283054,-0.05404701823514069
1822,ISPY,0.8675889328063241,0.6369047619047619,-0.23068417090156224
1822,Fixed-source-weighted,0.861290273197065,0.7616408528029462,-0.09964942039411881
1823,MDACC,0.8382833151920386,0.6959752321981424,-0.1423080829938962
1823,ISPY,0.9086021505376344,0.525,-0.38360215053763436
1823,Fixed-source-weighted,0.8564375243172088,0.6518345676763997,-0.20460295664080902
1824,MDACC,0.8312135665076842,0.828609176074946,-0.0026043904327381906
1824,ISPY,0.8570478723404256,0.8205128205128205,-0.03653505182760508
1824,Fixed-source-weighted,0.8378832075560063,0.8265189404886457,-0.011364267067360689
1825,MDACC,0.8483003551496702,0.7895357985837923,-0.05876455656587787
1825,ISPY,0.8741976893453145,0.7923728813559322,-0.0818248079893823
1825,Fixed-source-weighted,0.8549862682263235,0.7902682480576454,-0.06471802016867803
1826,MDACC,0.8193607764390897,0.7606382978723404,-0.05872247856674928
1826,ISPY,0.9122340425531915,0.7156177156177156,-0.19661632693547593
1826,Fixed-source-weighted,0.8433378614816194,0.7490153370941857,-0.09432252438743362
1827,MDACC,0.8254611959287532,0.7750420369925535,-0.05041915893619975
1827,ISPY,0.9043645699614891,0.6973434535104365,-0.2070211164510526
1827,Fixed-source-weighted,0.8458316748457014,0.7549825987733142,-0.09084907607238725
1828,MDACC,0.8411330049261084,0.7658119658119659,-0.07532103911414256
1828,ISPY,0.8523748395378691,0.8008771929824562,-0.05149764655541289
1828,Fixed-source-weighted,0.8440353086330663,0.7748647532187265,-0.06917055541433981
1829,MDACC,0.8214681221325739,0.7851465474416294,-0.03632157469094455
1829,ISPY,0.8971774193548387,0.627039627039627,-0.27013779231521173
1829,Fixed-source-weighted,0.841013986448126,0.7443280941352302,-0.09668589231289589
1830,MDACC,0.8586847389558233,0.7339285714285714,-0.12475616752725194
1830,ISPY,0.8707482993197279,0.8186813186813187,-0.0520669806384092
1830,Fixed-source-weighted,0.8617991875465045,0.7558091826474179,-0.10599000489908665
1831,MDACC,0.862992125984252,0.776080476900149,-0.08691164908410298
1831,ISPY,0.8921694480102695,0.698292220113852,-0.1938772278964176
1831,Fixed-source-weighted,0.8705248333046945,0.7559978877298306,-0.11452694557486395
1832,MDACC,0.8896059198072621,0.8472261735419631,-0.042379746265299056
1832,ISPY,0.905241935483871,0.47681159420289854,-0.42843034128097246
1832,Fixed-source-weighted,0.8936426689525305,0.7515962658041,-0.14204640314843042
1833,MDACC,0.8710462287104623,0.7971413585103593,-0.07390487020010306
1833,ISPY,0.9006802721088435,0.7569444444444444,-0.14373582766439907
1833,Fixed-source-weighted,0.8786968477577568,0.7867637238332114,-0.0919331239245455
1834,MDACC,0.8452380952380952,0.8148395721925134,-0.030398523045581882
1834,ISPY,0.8551724137931035,0.7248576850094877,-0.13031472878361583
1834,Fixed-source-weighted,0.84780283761014,0.7916089542596407,-0.056193883350499144
1835,MDACC,0.8888888888888888,0.8008911166805903,-0.08799777220829852
1835,ISPY,0.8598639455782313,0.5992063492063492,-0.2606575963718821
1835,Fixed-source-weighted,0.8813955211714315,0.7488221734437764,-0.13257334772765508
1836,MDACC,0.8368002705902249,0.7884990253411306,-0.04830124524909429
1836,ISPY,0.7965116279069767,0.681592039800995,-0.11491958810598168
1836,Fixed-source-weighted,0.8263989543419353,0.7608988558716185,-0.06550009847031686
1837,MDACC,0.8756361323155216,0.7936456300151811,-0.08199050230034055
1837,ISPY,0.8517287234042553,0.7817460317460317,-0.06998269165822357
1837,Fixed-source-weighted,0.8694639581194759,0.7905735115077863,-0.07889044661168944
1838,MDACC,0.8212924606462303,0.7475378332932981,-0.07375462735293215
1838,ISPY,0.8673076923076923,0.8428571428571429,-0.024450549450549475
1838,Fixed-source-weighted,0.8331722099967385,0.7721464132133757,-0.061025796783362764
1839,MDACC,0.8339846930467351,0.8089118424213307,-0.02507285062540432
1839,ISPY,0.767948717948718,0.6958333333333333,-0.07211538461538469
1839,Fixed-source-weighted,0.8169361896717569,0.7797183711208346,-0.03721781855092213
1840,MDACC,0.8318755256518082,0.81,-0.02187552565180817
1840,ISPY,0.8928571428571429,0.7016317016317016,-0.19122544122544127
1840,Fixed-source-weighted,0.847619145779983,0.7820225634931518,-0.0655965822868311
1841,MDACC,0.8447073931388736,0.7493180578286961,-0.09538933531017746
1841,ISPY,0.9025974025974026,0.6587301587301587,-0.2438672438672439
1841,Fixed-source-weighted,0.8596528530971214,0.7259309858392045,-0.13372186725791685
1842,MDACC,0.8977933629832364,0.7648015614834093,-0.13299180149982714
1842,ISPY,0.8337931034482758,0.6056149732620321,-0.22817813018624378
1842,Fixed-source-weighted,0.8812704201621192,0.7237043704066485,-0.15756604975547067
1843,MDACC,0.8082079790712884,0.7448172394980905,-0.06339073957319785
1843,ISPY,0.8962264150943396,0.9092039800995025,0.012977565005162894
1843,Fixed-source-weighted,0.8309316929465207,0.7872569535749256,-0.04367473937159491
1844,MDACC,0.8637529934998289,0.7296420850348306,-0.1341109084649983
1844,ISPY,0.842741935483871,0.691468253968254,-0.15127368151561704
1844,Fixed-source-weighted,0.8583285700251209,0.7197867495633942,-0.13854182046172667
1845,MDACC,0.7982869715542983,0.7412790697674418,-0.05700790178685644
1845,ISPY,0.9142857142857143,0.715370018975332,-0.19891569531038222
1845,Fixed-source-weighted,0.8282343593836509,0.7345901318178449,-0.09364422756580591
1846,MDACC,0.8786577608142494,0.8298222514812377,-0.04883550933301173
1846,ISPY,0.8915584415584416,0.6885416666666667,-0.20301677489177483
1846,Fixed-source-weighted,0.8819883287187957,0.7933478521336852,-0.0886404765851107
1847,MDACC,0.8392740353172008,0.7163614163614164,-0.12291261895578443
1847,ISPY,0.9316239316239316,0.7695652173913043,-0.1620587142326273
1847,Fixed-source-weighted,0.8631160020107687,0.73009703819593,-0.13301896381483863
1848,MDACC,0.8550883095037847,0.7157014157014157,-0.13938689380236902
1848,ISPY,0.9247311827956989,0.6846153846153846,-0.24011579818031425
1848,Fixed-source-weighted,0.8730680055497364,0.7076759370877018,-0.16539206846203464
1849,MDACC,0.8153447121820616,0.8199404761904762,0.004595764008414549
1849,ISPY,0.8517241379310345,0.6594202898550725,-0.19230384807596201
1849,Fixed-source-weighted,0.8247367861499337,0.7784989901757805,-0.04623779597415326
1850,MDACC,0.8423694779116466,0.8532442216652742,0.010874743753627625
1850,ISPY,0.8772609819121447,0.7003642987249544,-0.17689668318719032
1850,Fixed-source-weighted,0.8513774152189648,0.8137752219519238,-0.03760219326704106
1851,MDACC,0.8376700680272109,0.7925934418711305,-0.045076626156080435
1851,ISPY,0.8987012987012987,0.6211864406779661,-0.27751485802333253
1851,Fixed-source-weighted,0.8534264968613708,0.7483413075761631,-0.10508518928520762
1852,MDACC,0.8901242642249837,0.7699197860962567,-0.12020447812872703
1852,ISPY,0.8687074829931973,0.6159420289855072,-0.2527654540076901
1852,Fixed-source-weighted,0.884595095214163,0.7301673586068802,-0.15442773660728287
1853,MDACC,0.8130316161129835,0.7878787878787878,-0.025152828234195623
1853,ISPY,0.9050387596899225,0.5697916666666667,-0.33524709302325584
1853,Fixed-source-weighted,0.8367850943567031,0.7315752500495148,-0.10520984430718831
1854,MDACC,0.8933126226291694,0.8020276292335116,-0.09128499339565788
1854,ISPY,0.8389610389610389,0.771875,-0.06708603896103893
1854,Fixed-source-weighted,0.8792806778259593,0.7942431269150559,-0.08503755091090331
1855,MDACC,0.8460891505466779,0.8261261261261261,-0.019963024420551756
1855,ISPY,0.8457516339869281,0.7103174603174603,-0.13543417366946775
1855,Fixed-source-weighted,0.8460020139185073,0.7962278104434968,-0.049774203475010464
1856,MDACC,0.8122331691297209,0.7226173541963016,-0.0896158149334193
1856,ISPY,0.862934362934363,0.7720338983050847,-0.09090046462927825
1856,Fixed-source-weighted,0.8253226930204619,0.7353752201590267,-0.08994747286143519
1857,MDACC,0.8708483909826191,0.7445580907421977,-0.12629030024042143
1857,ISPY,0.9257105943152455,0.634032634032634,-0.2916779602826115
1857,Fixed-source-weighted,0.8850121624312384,0.7160237408073757,-0.16898842162386268
1858,MDACC,0.864578389495333,0.7980694980694981,-0.06650889142583494
1858,ISPY,0.8935064935064935,0.6899766899766899,-0.20352980352980354
1858,Fixed-source-weighted,0.8720467562171687,0.7701631848690673,-0.10188357134810136
1859,MDACC,0.8566694283347142,0.7900981996726678,-0.06657122866204634
1859,ISPY,0.8267008985879333,0.7185007974481659,-0.10820010113976741
1859,Fixed-source-weighted,0.8489324549687153,0.771613903019937,-0.07731855194877826
1860,MDACC,0.8362470862470862,0.7759562841530054,-0.060290802094080775
1860,ISPY,0.866263440860215,0.7064676616915423,-0.1597957791686727
1860,Fixed-source-weighted,0.8439964065557044,0.7580164110338695,-0.08597999552183491
1861,MDACC,0.8897108843537415,0.7678249678249678,-0.12188591652877367
1861,ISPY,0.8785714285714286,0.7277039848197343,-0.15086744375169425
1861,Fixed-source-weighted,0.8868350117824908,0.7574669362647931,-0.12936807551769763
1862,MDACC,0.832312925170068,0.7762916338840807,-0.05602129128598732
1862,ISPY,0.8223514211886305,0.7656546489563567,-0.05669677223227376
1862,Fixed-source-weighted,0.8297411643382591,0.773545484180518,-0.05619568015774101
1863,MDACC,0.841105811694047,0.7706959706959707,-0.07040984099807623
1863,ISPY,0.8483660130718954,0.6130952380952381,-0.23527077497665727
1863,Fixed-source-weighted,0.8429801774092431,0.7300081998611411,-0.11297197754810206
1864,MDACC,0.8260300850228908,0.799304520615996,-0.026725564406894775
1864,ISPY,0.875,0.7062937062937062,-0.16870629370629375
1864,Fixed-source-weighted,0.8386726447718831,0.7752919247615486,-0.06338072001033439
1865,MDACC,0.8705461205461206,0.7668902136115251,-0.10365590693459548
1865,ISPY,0.8117647058823529,0.5528233151183971,-0.25894139076395584
1865,Fixed-source-weighted,0.8553705265642984,0.7116245764188549,-0.14374595014544342
1866,MDACC,0.8409013605442177,0.74826130153999,-0.09264005900422767
1866,ISPY,0.9231292517006803,0.6604477611940298,-0.26268149050665046
1866,Fixed-source-weighted,0.8621301298297097,0.7255904855683206,-0.13653964426138912
1867,MDACC,0.8466862074580688,0.7960178223336118,-0.05066838512445693
1867,ISPY,0.9005270092226614,0.6002673796791443,-0.30025962954351704
1867,Fixed-source-weighted,0.8605862837306271,0.7454809433476546,-0.11510534038297246
1868,MDACC,0.8894324853228963,0.7462146148782094,-0.14321787044468692
1868,ISPY,0.8817126269956459,0.7151741293532339,-0.16653849764241202
1868,Fixed-source-weighted,0.887439450003116,0.7382008947590164,-0.14923855524409962
1869,MDACC,0.8402605970641597,0.7843698854337152,-0.055890711630444456
1869,ISPY,0.8509803921568627,0.7101990049751243,-0.14078138718173838
1869,Fixed-source-weighted,0.8430281258626027,0.7652211940734908,-0.07780693178911186
1870,MDACC,0.8047785547785548,0.7549677098857427,-0.04981084489281207
1870,ISPY,0.9121794871794872,0.6830508474576271,-0.22912863972186004
1870,Fixed-source-weighted,0.8325062464768347,0.7364009382131247,-0.09610530826371008
1871,MDACC,0.8353238015138772,0.7422619047619048,-0.0930618967519724
1871,ISPY,0.923448275862069,0.589572192513369,-0.3338760833487
1871,Fixed-source-weighted,0.8580748912965803,0.7028420117304202,-0.15523287956616028
1872,MDACC,0.8321296742095972,0.7450900163666121,-0.08703965784298506
1872,ISPY,0.8365384615384616,0.6241758241758242,-0.21236263736263739
1872,Fixed-source-weighted,0.833267890546134,0.7138736072716048,-0.1193942832745293
1873,MDACC,0.8346309813463099,0.8043808284536976,-0.030250152892612236
1873,ISPY,0.8973856209150327,0.6060606060606061,-0.29132501485442663
1873,Fixed-source-weighted,0.8508323425421567,0.7531805096005793,-0.0976518329415774
1874,MDACC,0.8064623032311516,0.7532733224222586,-0.053188980808893005
1874,ISPY,0.898970398970399,0.8449275362318841,-0.054042862738514885
1874,Fixed-source-weighted,0.8303451122618724,0.7769356848110183,-0.05340942745085421
1875,MDACC,0.8107993197278912,0.8123447590660705,0.0015454393381792997
1875,ISPY,0.819813829787234,0.6576354679802956,-0.16217836180693845
1875,Fixed-source-weighted,0.813126595200728,0.7724034714981743,-0.040723123702553723
1876,MDACC,0.8886495443247722,0.7963841807909604,-0.09226536353381176
1876,ISPY,0.8529411764705882,0.7023809523809523,-0.15056022408963587
1876,Fixed-source-weighted,0.8794307173297378,0.7721153734563506,-0.10731534387338726
1877,MDACC,0.8185413700363866,0.7513661202185792,-0.06717524981780743
1877,ISPY,0.8812580231065469,0.7172675521821632,-0.16399047092438368
1877,Fixed-source-weighted,0.8347329242603823,0.7425628951372822,-0.09217002912309999
1878,MDACC,0.8747448979591836,0.7546975546975547,-0.12004734326162891
1878,ISPY,0.8313570487483531,0.7260416666666667,-0.10531538208168645
1878,Fixed-source-weighted,0.8635434597642306,0.7472994659575543,-0.11624399380667645
1879,MDACC,0.8349553933495539,0.8034642662302237,-0.03149112711933022
1879,ISPY,0.8348484848484848,0.7896825396825397,-0.04516594516594519
1879,Fixed-source-weighted,0.8349277927888206,0.7999062387881747,-0.035021554000645855
1880,MDACC,0.8193263570961413,0.7335697399527187,-0.08575661714342264
1880,ISPY,0.7836970474967908,0.673728813559322,-0.1099682339374688
1880,Fixed-source-weighted,0.8101279405655901,0.7181206118969072,-0.09200732866868294
1881,MDACC,0.831980115990058,0.7528224837857315,-0.07915763220432648
1881,ISPY,0.8649350649350649,0.740625,-0.12431006493506491
1881,Fixed-source-weighted,0.8404880930052723,0.7496734601939903,-0.09081463281128183
1882,MDACC,0.8258665794637018,0.8157210401891253,-0.01014553927457651
1882,ISPY,0.8198924731182796,0.8054945054945055,-0.0143979676237741
1882,Fixed-source-weighted,0.8243242448189687,0.8130808563954163,-0.011243388423552358
1883,MDACC,0.805672268907563,0.7553672316384181,-0.050305037269144925
1883,ISPY,0.9006802721088435,0.6418650793650794,-0.2588151927437641
1883,Fixed-source-weighted,0.8302004788843642,0.7260643884044516,-0.10413609047991262
1884,MDACC,0.8046926095487247,0.7797523503783536,-0.024940259170371126
1884,ISPY,0.9185185185185185,0.6631878557874763,-0.2553306627310422
1884,Fixed-source-weighted,0.8340790370278546,0.7496589024284213,-0.08442013459943327
1885,MDACC,0.8306763285024155,0.7704752275025278,-0.060201100999887625
1885,ISPY,0.9031620553359684,0.5574866310160428,-0.3456754243199256
1885,Fixed-source-weighted,0.8493899638614046,0.7154879754684353,-0.13390198839296932
1886,MDACC,0.87879767291532,0.7681960124909921,-0.11060166042432784
1886,ISPY,0.8965744400527009,0.6855072463768116,-0.21106719367588933
1886,Fixed-source-weighted,0.8833870997252974,0.7468482591477887,-0.13653884057750876
1887,MDACC,0.8433479889268849,0.7768860353130016,-0.0664619536138833
1887,ISPY,0.8611111111111112,0.7354166666666667,-0.12569444444444444
1887,Fixed-source-weighted,0.8479338930201983,0.7661798911199935,-0.08175400190020464
1888,MDACC,0.8872448979591837,0.8362179487179487,-0.051026949241234965
1888,ISPY,0.8590909090909091,0.4524647887323944,-0.40662612035851475
1888,Fixed-source-weighted,0.8799763844931913,0.7371444204863841,-0.1428319640068072
1889,MDACC,0.8682618751111901,0.8175122749590835,-0.05074960015210661
1889,ISPY,0.8865384615384615,0.696524064171123,-0.1900143973673385
1889,Fixed-source-weighted,0.8729803402345706,0.7862767564876819,-0.0867035837468887
1890,MDACC,0.8342902711323764,0.6829809725158562,-0.1513092986165202
1890,ISPY,0.8738562091503268,0.4801864801864802,-0.3936697289638466
1890,Fixed-source-weighted,0.8445050067644617,0.6306255316857232,-0.21387947507873847
1891,MDACC,0.8619909502262444,0.7185328185328186,-0.1434581316934258
1891,ISPY,0.8481338481338482,0.6349206349206349,-0.2132132132132133
1891,Fixed-source-weighted,0.8584134630847435,0.6969466665545098,-0.1614667965302337
1892,MDACC,0.8597134017261032,0.7178893178893179,-0.14182408383678535
1892,ISPY,0.842483660130719,0.7542372881355932,-0.08824637199512575
1892,Fixed-source-weighted,0.8552652004645498,0.7272732709921145,-0.12799192947243532
1893,MDACC,0.8634486319050078,0.7864583333333334,-0.07699029857167439
1893,ISPY,0.8217054263565892,0.7261904761904762,-0.095514950166113
1893,Fixed-source-weighted,0.8526717912568866,0.7708989845938377,-0.08177280666304906
1894,MDACC,0.8302514193025142,0.8018912529550828,-0.028360166347431437
1894,ISPY,0.8823529411764706,0.7213930348258707,-0.16095990635059987
1894,Fixed-source-weighted,0.8437024657993855,0.7811090332419856,-0.06259343255739977
1895,MDACC,0.9009661835748792,0.80788675429727,-0.09307942927760926
1895,ISPY,0.8365384615384616,0.7791666666666667,-0.05737179487179489
1895,Fixed-source-weighted,0.8843328827876995,0.8004720911508071,-0.08386079163689249
1896,MDACC,0.8089217557251909,0.8093575418994413,0.00043578617425044097
1896,ISPY,0.8387096774193549,0.6858288770053476,-0.1528808004140073
1896,Fixed-source-weighted,0.8166121015220503,0.7774661545575021,-0.03914594696454814
1897,MDACC,0.8482262382864793,0.7688321536905965,-0.07939408459588271
1897,ISPY,0.9133504492939666,0.7394366197183099,-0.1739138295756567
1897,Fixed-source-weighted,0.8650393515857979,0.761243110606248,-0.10379624097954986
1898,MDACC,0.8687445887445887,0.7424565681194758,-0.1262880206251129
1898,ISPY,0.8818998716302953,0.7582417582417582,-0.12365811338853705
1898,Fixed-source-weighted,0.8721408872673693,0.7465318296216337,-0.1256090576457355
1899,MDACC,0.8944313725490196,0.7722617354196302,-0.12216963712938944
1899,ISPY,0.9002659574468085,0.7157894736842105,-0.18447648376259795
1899,Fixed-source-weighted,0.8959376869507364,0.7576822952983945,-0.13825539165234196
1900,MDACC,0.8373886768447837,0.7696224540486836,-0.06776622279610012
1900,ISPY,0.8762820512820513,0.7245762711864406,-0.15170578009561064
1900,Fixed-source-weighted,0.8474297767812025,0.7579928839633333,-0.08943689281786918
1901,MDACC,0.8213258921021478,0.7973137973137974,-0.024012094788350424
1901,ISPY,0.8998682476943346,0.5882352941176471,-0.3116329535766875
1901,Fixed-source-weighted,0.8416031669118954,0.7433360138089089,-0.09826715310298649
1902,MDACC,0.8541176470588235,0.7956043956043956,-0.058513251454427984
1902,ISPY,0.8866930171277997,0.7384615384615385,-0.14823147866626118
1902,Fixed-source-weighted,0.862527628220422,0.7808518279106514,-0.08167580030977055
1903,MDACC,0.8948165869218501,0.785411622276029,-0.10940496464582106
1903,ISPY,0.8998708010335917,0.6129032258064516,-0.2869675752271401
1903,Fixed-source-weighted,0.8961214330487377,0.7408751408345369,-0.15524629221420083
1904,MDACC,0.8621560006513597,0.7086438152011922,-0.15351218545016743
1904,ISPY,0.8267008985879333,0.7635593220338983,-0.06314157655403496
1904,Fixed-source-weighted,0.853002559268972,0.7228213480109432,-0.13018121125802867
1905,MDACC,0.8630235917188253,0.8124113475177305,-0.05061224420109478
1905,ISPY,0.913563829787234,0.5260869565217391,-0.38747687326549496
1905,Fixed-source-weighted,0.8760715616776629,0.7384909982083079,-0.13758056346935496
1906,MDACC,0.8588520749665328,0.7609075043630017,-0.09794457060353112
1906,ISPY,0.8735177865612648,0.5747252747252747,-0.2987925118359901
1906,Fixed-source-weighted,0.8626383207704016,0.7128408503062029,-0.14979747046419864
1907,MDACC,0.8708538587848933,0.750761421319797,-0.12009243746509635
1907,ISPY,0.8143790849673203,0.6463768115942029,-0.16800227337311735
1907,Fixed-source-weighted,0.8562737701195722,0.7238124534494639,-0.13246131667010833
1908,MDACC,0.8904186795491144,0.7506605813115542,-0.13975809823756014
1908,ISPY,0.8490028490028491,0.6803482587064676,-0.1686545902963814
1908,Fixed-source-weighted,0.8797263572839021,0.7325080535801758,-0.1472183037037264
1909,MDACC,0.7662800331400166,0.7320463320463321,-0.03423370109368451
1909,ISPY,0.8494623655913979,0.6768115942028986,-0.17265077138849927
1909,Fixed-source-weighted,0.787755210472236,0.7177863833874064,-0.0699688270848295
1910,MDACC,0.7971014492753623,0.712942612942613,-0.08415883633274934
1910,ISPY,0.9195624195624196,0.6283422459893048,-0.2912201735731148
1910,Fixed-source-weighted,0.8287171899703869,0.6911013417357131,-0.13761584823467377
1911,MDACC,0.8688775510204082,0.7667191188040913,-0.10215843221631693
1911,ISPY,0.8201298701298702,0.6593927893738141,-0.16073708075605608
1911,Fixed-source-weighted,0.856292365431021,0.7390106873498694,-0.11728167808115156
1912,MDACC,0.8643023643023643,0.8864384463462804,0.02213608204391615
1912,ISPY,0.9715762273901809,0.7645687645687645,-0.20700746282141635
1912,Fixed-source-weighted,0.8919972505243823,0.8549753585671178,-0.03702189195726447
1913,MDACC,0.8586195928753181,0.758628841607565,-0.09999075126775303
1913,ISPY,0.8828828828828829,0.6737967914438503,-0.20908609143903256
1913,Fixed-source-weighted,0.8648836448707351,0.7367277567613773,-0.1281558881093579
1914,MDACC,0.8975845410628019,0.793040293040293,-0.10454424802250895
1914,ISPY,0.8420689655172414,0.7833333333333333,-0.05873563218390809
1914,Fixed-source-weighted,0.8832520885526737,0.7905342478871891,-0.09271784066548454
1915,MDACC,0.8585026395776676,0.75,-0.10850263957766759
1915,ISPY,0.907051282051282,0.7610722610722611,-0.14597902097902093
1915,Fixed-source-weighted,0.8710364394319667,0.7528585249173485,-0.11817791451461832
1916,MDACC,0.8529975601254792,0.8,-0.05299756012547918
1916,ISPY,0.8642857142857143,0.689484126984127,-0.17480158730158735
1916,Fixed-source-weighted,0.8559118221472393,0.7714681242867518,-0.0844436978604875
1917,MDACC,0.8267235609103079,0.8363338788870703,0.009610317976762484
1917,ISPY,0.8784313725490196,0.6197916666666666,-0.25863970588235297
1917,Fixed-source-weighted,0.8400729632614786,0.7804291901112145,-0.05964377315026406
1918,MDACC,0.8454301075268817,0.8033333333333333,-0.0420967741935484
1918,ISPY,0.9173076923076923,0.6973434535104365,-0.2199642387972558
1918,Fixed-source-weighted,0.8639867388918623,0.7759699329868992,-0.08801680590496307
1919,MDACC,0.8371996685998343,0.7658544204935958,-0.07134524810623855
1919,ISPY,0.8470588235294118,0.6552631578947369,-0.19179566563467487
1919,Fixed-source-weighted,0.8397450059836141,0.7373030814566355,-0.10244192452697864
1920,MDACC,0.8572261072261073,0.8069940476190476,-0.050232059607059676
1920,ISPY,0.9035904255319149,0.7698412698412699,-0.13374915569064505
1920,Fixed-source-weighted,0.8691959802527701,0.7974023174084449,-0.07179366284432519
1921,MDACC,0.7980587121212122,0.7685163953221739,-0.029542316799038293
1921,ISPY,0.9052287581699346,0.6450549450549451,-0.26017381311498955
1921,Fixed-source-weighted,0.8257267959050327,0.7366423607760593,-0.08908443512897343
1922,MDACC,0.8342053629823414,0.680128009753124,-0.15407735322921734
1922,ISPY,0.9042553191489362,0.6571428571428571,-0.24711246200607906
1922,Fixed-source-weighted,0.8522901555874427,0.674193934406029,-0.17809622118141366
1923,MDACC,0.8696838388701653,0.7855921855921856,-0.08409165327797974
1923,ISPY,0.889102564102564,0.5857142857142857,-0.3033882783882783
1923,Fixed-source-weighted,0.8746971698942161,0.7339897212446232,-0.14070744864959278
1924,MDACC,0.8375,0.7437713086808287,-0.09372869131917128
1924,ISPY,0.8895424836601307,0.6094527363184079,-0.28008974734172276
1924,Fixed-source-weighted,0.8509358046050665,0.7090942916330143,-0.14184151297205222
1925,MDACC,0.8464696223316913,0.7840499639682921,-0.062419658363399244
1925,ISPY,0.9076227390180879,0.7022727272727273,-0.2053500117453606
1925,Fixed-source-weighted,0.8622575184696826,0.7629375401155156,-0.09931997835416706
1926,MDACC,0.8542347939829954,0.8198938321536906,-0.034340961829304795
1926,ISPY,0.8810606060606061,0.771689497716895,-0.10937110834371111
1926,Fixed-source-weighted,0.861160412133751,0.8074489222827532,-0.05371148985099793
1927,MDACC,0.8465281213920501,0.7573717948717948,-0.08915632652025529
1927,ISPY,0.8904761904761904,0.6783681214421252,-0.2121080690340652
1927,Fixed-source-weighted,0.8578741915150799,0.7369754216660959,-0.12089876984898401
1928,MDACC,0.8418367346938775,0.7313797313797313,-0.11045700331414621
1928,ISPY,0.9083333333333333,0.8111111111111111,-0.09722222222222221
1928,Fixed-source-weighted,0.8590041572184429,0.7519639764737804,-0.10704018074466257
1929,MDACC,0.8965026773761714,0.8006001091107474,-0.09590256826542398
1929,ISPY,0.8590425531914894,0.6701631701631702,-0.1888793830283192
1929,Fixed-source-weighted,0.8868315995637862,0.7669252131079416,-0.11990638645584464
1930,MDACC,0.8165450121654502,0.6913308913308913,-0.12521412083455885
1930,ISPY,0.9051948051948052,0.8197916666666667,-0.08540313852813852
1930,Fixed-source-weighted,0.8394317234377346,0.7244956013031993,-0.11493612213453532
1931,MDACC,0.8565891472868217,0.8016548463356974,-0.05493430095112428
1931,ISPY,0.9237726098191215,0.7202380952380952,-0.20353451458102623
1931,Fixed-source-weighted,0.8739338974177095,0.7806354890261857,-0.09329840839152381
1932,MDACC,0.8857601894131575,0.8223938223938224,-0.06336636701933507
1932,ISPY,0.8594351732991015,0.6923076923076923,-0.16712748099140917
1932,Fixed-source-weighted,0.878963861723581,0.7888094946918477,-0.0901543670317333
1933,MDACC,0.8693506493506493,0.7394345238095238,-0.12991612554112553
1933,ISPY,0.868421052631579,0.6894353369763205,-0.17898571565525845
1933,Fixed-source-weighted,0.869110655426445,0.7265262370127165,-0.1425844184137285
1934,MDACC,0.861592544146501,0.7927083333333333,-0.06888421081316765
1934,ISPY,0.9092664092664092,0.7657342657342657,-0.1435321435321435
1934,Fixed-source-weighted,0.8739005027885689,0.7857444400642931,-0.08815606272427579
1935,MDACC,0.8184891967672769,0.7317889317889318,-0.08670026497834515
1935,ISPY,0.8494397759103641,0.7505827505827506,-0.09885702532761353
1935,Fixed-source-weighted,0.8264797057617341,0.7366409307585778,-0.08983877500315628
1936,MDACC,0.8306852832611138,0.7352869352869353,-0.09539834797417845
1936,ISPY,0.8628205128205129,0.5571095571095571,-0.30571095571095575
1936,Fixed-source-weighted,0.8389816333761221,0.6892868932084619,-0.14969474016766018
1937,MDACC,0.8646537842190016,0.75154781013529,-0.11310597408371159
1937,ISPY,0.9112903225806451,0.7571157495256167,-0.15417457305502846
1937,Fixed-source-weighted,0.8766939362796874,0.7529852846837731,-0.12370865159591432
1938,MDACC,0.8344381313131313,0.819307498280211,-0.015130633032920282
1938,ISPY,0.9026610644257703,0.5935828877005348,-0.3090781767252355
1938,Fixed-source-weighted,0.8520512414958061,0.7610321903200985,-0.09101905117570755
1939,MDACC,0.844072594072594,0.839418777943368,-0.004653816129225996
1939,ISPY,0.8583333333333333,0.6637362637362637,-0.19459706959706957
1939,Fixed-source-weighted,0.8477542881954647,0.7940628347330372,-0.05369145346242745
1940,MDACC,0.8585884353741496,0.7693785310734463,-0.0892099043007033
1940,ISPY,0.8355555555555556,0.5650793650793651,-0.27047619047619054
1940,Fixed-source-weighted,0.8526420382968003,0.7166346287416411,-0.13600740955515916
1941,MDACC,0.8267359393039749,0.7379560011138958,-0.08877993819007912
1941,ISPY,0.8298701298701299,0.7097902097902098,-0.12007992007992008
1941,Fixed-source-weighted,0.82754509307759,0.7306844406087613,-0.09686065246882893
1942,MDACC,0.843650126156434,0.789264828738513,-0.054385297417920975
1942,ISPY,0.8602564102564103,0.6878109452736318,-0.17244546498277846
1942,Fixed-source-weighted,0.8479373694371469,0.7630724862753575,-0.08486488316178942
1943,MDACC,0.8443708609271523,0.707037643207856,-0.1373332177192963
1943,ISPY,0.8641025641025641,0.6907020872865275,-0.17340047681603665
1943,Fixed-source-weighted,0.8494649934462947,0.70282029380333,-0.14664469964296456
1944,MDACC,0.8014558232931727,0.7964438122332859,-0.005012011059886801
1944,ISPY,0.791025641025641,0.63125,-0.159775641025641
1944,Fixed-source-weighted,0.7987630638188753,0.7537957365259997,-0.04496732729287564
1945,MDACC,0.8763546798029557,0.795417348608838,-0.08093733119411772
1945,ISPY,0.8961538461538462,0.7121212121212122,-0.18403263403263403
1945,Fixed-source-weighted,0.881466229285702,0.7739127904960196,-0.1075534387896824
1946,MDACC,0.7806163828061639,0.8059340659340659,0.025317683127902058
1946,ISPY,0.8615591397849462,0.7097902097902098,-0.15176892999473646
1946,Fixed-source-weighted,0.8015133690849999,0.7811126128773188,-0.020400756207681094
1947,MDACC,0.8842239185750637,0.7675941080196399,-0.11662981055542376
1947,ISPY,0.9071895424836601,0.5559440559440559,-0.3512454865396042
1947,Fixed-source-weighted,0.8901529521985249,0.7129524279086232,-0.17720052428990174
1948,MDACC,0.8658887197699983,0.7482174688057041,-0.1176712509642942
1948,ISPY,0.8756410256410256,0.677860696517413,-0.19778032912361265
1948,Fixed-source-weighted,0.8684064719393159,0.7300534655025178,-0.138353006436798
1949,MDACC,0.8455868971792538,0.7522727272727273,-0.09331416990652652
1949,ISPY,0.9058441558441559,0.7200704225352113,-0.18577373330894464
1949,Fixed-source-weighted,0.8611435097103887,0.7439590603633686,-0.1171844493470201
1950,MDACC,0.8626926196269262,0.7867820613690008,-0.07591055825792548
1950,ISPY,0.8663563829787234,0.6223776223776224,-0.24397876060110102
1950,Fixed-source-weighted,0.8636384931719981,0.7443377780999849,-0.11930071507201329
1951,MDACC,0.8254361956893602,0.7199036918138042,-0.10553250387555602
1951,ISPY,0.9119623655913979,0.6118881118881119,-0.300074253703286
1951,Fixed-source-weighted,0.8477746513176642,0.69201731660423,-0.15575733471343403
1952,MDACC,0.8681327665140615,0.7972881355932203,-0.07084463092084115
1952,ISPY,0.8723404255319149,0.7440476190476191,-0.12829280648429586
1952,Fixed-source-weighted,0.8692190575676904,0.7835430349164149,-0.08567602265127554
1953,MDACC,0.8694837974271291,0.7369652406417112,-0.1325185567854179
1953,ISPY,0.9156862745098039,0.7016317016317016,-0.21405457287810226
1953,Fixed-source-weighted,0.8814118879157936,0.7278431831848787,-0.15356870473091486
1954,MDACC,0.8461162677088422,0.8145724258289704,-0.0315438418798718
1954,ISPY,0.9333333333333333,0.7263681592039801,-0.20696517412935322
1954,Fixed-source-weighted,0.8686330918406553,0.7918007360793814,-0.07683235576127388
1955,MDACC,0.85652383245065,0.8092770475227502,-0.0472467849278998
1955,ISPY,0.9062068965517242,0.6746031746031746,-0.2316037219485495
1955,Fixed-source-weighted,0.8693505058623653,0.7745083025533174,-0.09484220330904794
1956,MDACC,0.8378354978354978,0.7549465240641712,-0.08288897377132665
1956,ISPY,0.8867438867438867,0.6703980099502488,-0.21634587679363793
1956,Fixed-source-weighted,0.85046217340335,0.7331186397014264,-0.11734353370192335
1957,MDACC,0.8254515599343185,0.7635863334097684,-0.061865226524550065
1957,ISPY,0.9045584045584045,0.6735159817351598,-0.23104242282324472
1957,Fixed-source-weighted,0.8458745688405369,0.7403328766048859,-0.10554169223565099
1958,MDACC,0.8307060755336617,0.7474086197490453,-0.08329745578461645
1958,ISPY,0.8897849462365591,0.7971014492753623,-0.09268349696119682
1958,Fixed-source-weighted,0.8459584637216647,0.7602378142999572,-0.08572064942170747
1959,MDACC,0.8612873134328358,0.8476074367570863,-0.013679876675749547
1959,ISPY,0.8656126482213439,0.6507246376811594,-0.21488801054018447
1959,Fixed-source-weighted,0.8624039848324834,0.7967782173878111,-0.0656257674446723
1960,MDACC,0.8610274431057564,0.7145142524723677,-0.14651319063338875
1960,ISPY,0.8772609819121447,0.6758241758241759,-0.20143680608796888
1960,Fixed-source-weighted,0.8652184547583861,0.7045256379128673,-0.16069281684551892
1961,MDACC,0.8722627737226277,0.8098908156711625,-0.062371958051465226
1961,ISPY,0.8738562091503268,0.6130434782608696,-0.2608127308894572
1961,Fixed-source-weighted,0.8726741508428508,0.7590707514377862,-0.11360339940506448
1962,MDACC,0.8346974803402343,0.8014447884416924,-0.03325269189854185
1962,ISPY,0.8319327731092437,0.8177083333333334,-0.014224439775910369
1962,Fixed-source-weighted,0.8339837160551092,0.8056435467633906,-0.028340169291718696
1963,MDACC,0.8419080919080919,0.8170391061452514,-0.024868985762840468
1963,ISPY,0.8488372093023255,0.6369047619047619,-0.21193244739756367
1963,Fixed-source-weighted,0.8436969816928777,0.7705338342661708,-0.07316314742670692
1964,MDACC,0.8856964952855364,0.7749152542372881,-0.11078124104824827
1964,ISPY,0.8944658944658944,0.7338308457711443,-0.1606350486947501
1964,Fixed-source-weighted,0.8879604904987661,0.7643084951888393,-0.12365199530992685
1965,MDACC,0.8424908424908425,0.7924947145877378,-0.0499961279031047
1965,ISPY,0.9047619047619048,0.6,-0.3047619047619048
1965,Fixed-source-weighted,0.8585673585673587,0.7427983667039755,-0.11576899186338316
1966,MDACC,0.8700207966725324,0.7647130647130647,-0.10530773195946774
1966,ISPY,0.8828828828828829,0.6557539682539683,-0.2271289146289146
1966,Fixed-source-weighted,0.8733414006287994,0.7365831019017294,-0.13675829872707004
1967,MDACC,0.8418984755618419,0.7932118846237258,-0.048686590938116114
1967,ISPY,0.8603603603603603,0.5386904761904762,-0.3216698841698842
1967,Fixed-source-weighted,0.8466647791536164,0.7275021092439,-0.11916266990971638
1968,MDACC,0.8446507083536883,0.7419642857142857,-0.10268642263940253
1968,ISPY,0.8690476190476191,0.7051282051282052,-0.1639194139194139
1968,Fixed-source-weighted,0.8509492571929711,0.7324543171969643,-0.11849493999600678
1969,MDACC,0.8846153846153846,0.7840434419381788,-0.10057194267720582
1969,ISPY,0.9495967741935484,0.7142857142857143,-0.23531105990783407
1969,Fixed-source-weighted,0.9013916257156296,0.7660340939494706,-0.13535753176615886
1970,MDACC,0.8626771653543307,0.8050827423167849,-0.057594423037545805
1970,ISPY,0.8863049095607235,0.6821493624772313,-0.20415554708349215
1970,Fixed-source-weighted,0.8687771385317982,0.7733450396784689,-0.09543209885332934
1971,MDACC,0.830529440870856,0.7755952380952381,-0.05493420277561789
1971,ISPY,0.85,0.654945054945055,-0.19505494505494503
1971,Fixed-source-weighted,0.8355561538486416,0.7444469881969882,-0.09110916565165333
1972,MDACC,0.8506299212598425,0.7199191102123357,-0.13071081104750681
1972,ISPY,0.949468085106383,0.5032967032967033,-0.44617138180967975
1972,Fixed-source-weighted,0.8761469635600933,0.6639937175772541,-0.21215324598283908
1973,MDACC,0.8334915361493435,0.7135933806146572,-0.1198981555346863
1973,ISPY,0.8848133848133848,0.7130434782608696,-0.17176990655251523
1973,Fixed-source-weighted,0.8467412944645698,0.7134514123599212,-0.13328988210464868
1974,MDACC,0.8455716586151368,0.7351648351648352,-0.11040682345030162
1974,ISPY,0.8517329910141207,0.5317460317460317,-0.31998695926808896
1974,Fixed-source-weighted,0.8471623293978812,0.6826482159815495,-0.1645141134163317
1975,MDACC,0.8224275724275725,0.765994038064664,-0.05643353436290843
1975,ISPY,0.8105950653120464,0.7052083333333333,-0.10538673197871307
1975,Fixed-source-weighted,0.8193727748389237,0.7503009966470983,-0.06907177819182532
1976,MDACC,0.8353063509838425,0.824632768361582,-0.010673582622260591
1976,ISPY,0.939922480620155,0.7028985507246377,-0.23702392989551735
1976,Fixed-source-weighted,0.8623150903343939,0.7932046533507369,-0.06911043698365696
1977,MDACC,0.8407512626262627,0.7975935828877005,-0.043157679738562105
1977,ISPY,0.8275862068965517,0.6059322033898306,-0.22165400350672115
1977,Fixed-source-weighted,0.8373524410489844,0.748112377069623,-0.08924006397936135
1978,MDACC,0.8539325842696629,0.7800054555373704,-0.07392712873229246
1978,ISPY,0.9035904255319149,0.7027972027972028,-0.20079322273471212
1978,Fixed-source-weighted,0.866752745902728,0.7600726059737325,-0.10668013992899558
1979,MDACC,0.8900290885585003,0.8123949075186164,-0.07763418103988384
1979,ISPY,0.9222689075630253,0.7728174603174603,-0.14945144724556492
1979,Fixed-source-weighted,0.8983524405237209,0.8021772005614554,-0.09617523996226557
1980,MDACC,0.8538260300850229,0.7350427350427351,-0.1187832950422878
1980,ISPY,0.8603425559947299,0.58125,-0.2790925559947298
1980,Fixed-source-weighted,0.8555084011532152,0.6953380746885649,-0.1601703264646503
1981,MDACC,0.8724143503555268,0.8293436293436294,-0.04307072101189746
1981,ISPY,0.8786906290115533,0.6871657754010695,-0.19152485361048377
1981,Fixed-source-weighted,0.8740346968059389,0.792637582083949,-0.08139711472199002
1982,MDACC,0.840216830149716,0.782051282051282,-0.058165548098433995
1982,ISPY,0.8612244897959184,0.7508771929824561,-0.11034729681346223
1982,Fixed-source-weighted,0.8456403762675265,0.7740030695139055,-0.07163730675362102
1983,MDACC,0.8430397727272727,0.802967032967033,-0.04007273976023973
1983,ISPY,0.8386206896551724,0.46041666666666664,-0.3782040229885058
1983,Fixed-source-weighted,0.8418988983393776,0.7145308272881803,-0.12736807105119732
1984,MDACC,0.8493620414673047,0.7768256333830105,-0.07253640808429418
1984,ISPY,0.9105534105534105,0.593859649122807,-0.31669376143060357
1984,Fixed-source-weighted,0.8651598132248288,0.7295893171851148,-0.13557049603971394
1985,MDACC,0.8415327978580991,0.7160010111223458,-0.12553178673575327
1985,ISPY,0.8851540616246498,0.7301587301587301,-0.1549953314659197
1985,Fixed-source-weighted,0.8527944966736466,0.7196561085206281,-0.13313838815301848
1986,MDACC,0.8193439865433138,0.7609493235496446,-0.05839466299366913
1986,ISPY,0.8882758620689655,0.6554726368159204,-0.2328032252530451
1986,Fixed-source-weighted,0.8371401243424199,0.7337184142295001,-0.1034217101129198
1987,MDACC,0.8545981772990886,0.8356926188068756,-0.01890555849221298
1987,ISPY,0.8866930171277997,0.5950704225352113,-0.29162259459258844
1987,Fixed-source-weighted,0.862884099999965,0.773571202122361,-0.08931289787760405
1988,MDACC,0.847237269772481,0.7912483912483913,-0.055988878524089736
1988,ISPY,0.8087291399229781,0.7675521821631879,-0.041176957759790245
1988,Fixed-source-weighted,0.8372956284061062,0.7851307424976363,-0.05216488590846994
1989,MDACC,0.8389966198185377,0.7610576923076923,-0.07793892751084541
1989,ISPY,0.8621794871794872,0.6850877192982456,-0.1770917678812416
1989,Fixed-source-weighted,0.844981739169894,0.7414445293412013,-0.1035372098286928
1990,MDACC,0.8708894456623865,0.7678072625698324,-0.10308218309255401
1990,ISPY,0.8071428571428572,0.6357012750455373,-0.17144158209731986
1990,Fixed-source-weighted,0.8544319930707434,0.7337014684050635,-0.12073052466567985
1991,MDACC,0.8215118215118216,0.735456660849331,-0.08605516066249053
1991,ISPY,0.8959156785243741,0.7009569377990431,-0.19495874072533104
1991,Fixed-source-weighted,0.8407206604137551,0.7265498696043221,-0.11417079080943301
1992,MDACC,0.8518639633747548,0.7444388270980788,-0.10742513627667594
1992,ISPY,0.9103448275862069,0.7615384615384615,-0.14880636604774544
1992,Fixed-source-weighted,0.8669619642659467,0.7488534386039294,-0.1181085256620174
1993,MDACC,0.8771333885666943,0.7180451127819549,-0.15908827578473939
1993,ISPY,0.8544827586206897,0.7412935323383084,-0.11318922628238126
1993,Fixed-source-weighted,0.8712856769139676,0.7240471557393142,-0.14723852117465347
1994,MDACC,0.8736453201970443,0.7999349381912817,-0.07371038200576263
1994,ISPY,0.88866930171278,0.6188811188811189,-0.26978818283166117
1994,Fixed-source-weighted,0.8775240605230024,0.75319228549356,-0.12433177502944233
1995,MDACC,0.8220893141945773,0.7067925517964857,-0.11529676239809161
1995,ISPY,0.8346938775510204,0.4801864801864802,-0.35450739736454023
1995,Fixed-source-weighted,0.8253434334924826,0.6482896770997849,-0.17705375639269766
1996,MDACC,0.8588516746411483,0.8072192513368984,-0.051632423304249886
1996,ISPY,0.788961038961039,0.662004662004662,-0.12695637695637696
1996,Fixed-source-weighted,0.84080801379563,0.7697292103001446,-0.07107880349548532
1997,MDACC,0.8764859143461977,0.7669340463458111,-0.10955186800038663
1997,ISPY,0.7843388960205392,0.5771144278606966,-0.20722446815984263
1997,Fixed-source-weighted,0.8526963246477435,0.7179283278480202,-0.13476799679972332
1998,MDACC,0.8247519671570305,0.770594653573377,-0.0541573135836535
1998,ISPY,0.9214285714285714,0.817016317016317,-0.10441225441225432
1998,Fixed-source-weighted,0.849710959763082,0.7825793313903452,-0.06713162837273673
1999,MDACC,0.892851327145416,0.8167641325536062,-0.07608719459180979
1999,ISPY,0.8648275862068966,0.7995337995337995,-0.06529378667309704
1999,Fixed-source-weighted,0.8856164397789356,0.8123157786040484,-0.07330066117488722
