source,target,draw,auc,ap,brier,logloss
GSE25055,GSE32646,0,0.09400656814449915,0.10649546643458202,0.08219465894200695,0.26375330996480517
GSE25055,GSE32646,1,0.1369949494949494,0.10373344126463147,0.12185544837314768,0.3728785078568786
GSE25055,GSE32646,2,0.05955387205387208,0.12093902122129879,0.10861604396825683,0.36453464959866544
GSE25055,GSE32646,3,0.08422222222222209,0.18976613228696948,0.10382540194461137,0.3101443073068875
GSE25055,GSE32646,4,0.07562662057044078,0.06892175124473082,0.1136311669942757,0.34091553084479354
GSE25055,GSE32646,5,0.11720226843100212,0.010750955858707334,0.13447609770513896,0.40470406961731203
GSE25055,GSE32646,6,0.17320415879017004,0.09908916616453889,0.1395214847050589,0.38998381212501043
GSE25055,GSE32646,7,0.19665750915750912,0.14181009032721797,0.10231011102221282,0.2784436644850302
GSE25055,GSE32646,8,0.13580931263858087,0.19470491658315664,0.07294321388456368,0.22599877722039663
GSE25055,GSE32646,9,0.08058608058608052,0.09080767488829461,0.09866560553509549,0.28432881315663006
GSE25055,GSE32646,10,0.05792124542124544,0.02880768525476507,0.10881551932574882,0.3234661361315873
GSE25055,GSE32646,11,0.0921985815602836,0.2696985279378763,0.1239972780680619,0.3508021489078247
GSE25055,GSE32646,12,0.06575781876503606,0.05263453696176379,0.09632586005816637,0.30791494529256913
GSE25055,GSE32646,13,0.08764367816091956,-0.010030345401106366,0.07841176132201313,0.23299493313004782
GSE25055,GSE32646,14,0.10133967156439072,0.07004352715360096,0.12167713063342392,0.38244978902799387
GSE25055,GSE32646,15,0.04862745098039223,0.07792477236933121,0.1178063045372382,0.3533711280326953
GSE25055,GSE32646,16,0.11401098901098894,0.08069896536540694,0.08249659828746325,0.24277591408368215
GSE25055,GSE32646,17,0.09375,0.09006219859354087,0.07456703356869146,0.26702587004891065
GSE25055,GSE32646,18,0.04532967032967028,0.03263349898106149,0.12908429548983708,0.34884922806810326
GSE25055,GSE32646,19,0.07477947072975144,0.11464011238235239,0.10885353769267284,0.3490065279457262
GSE25055,GSE32646,20,0.043333333333333335,-0.050804950215051825,0.06753630006002342,0.21610987130673398
GSE25055,GSE32646,21,0.10901960784313713,0.07860000650206456,0.1051431981726379,0.3056760410082281
GSE25055,GSE32646,22,0.0557659932659933,0.10930246792713516,0.09453340714330286,0.31463866537458024
GSE25055,GSE32646,23,0.08700882117080988,0.048915125972696205,0.05261333070597787,0.17895347349844748
GSE25055,GSE32646,24,0.16488888888888886,0.1467933565151317,0.10384861333304246,0.27307025375035965
GSE25055,GSE32646,25,0.15347018572825022,0.14186512625154118,0.11180053647262955,0.3135500581010121
GSE25055,GSE32646,26,0.11321548821548832,0.07272528911088583,0.09154250524721338,0.24669592169937105
GSE25055,GSE32646,27,0.08832565284178195,0.2112500605783978,0.06421017716406632,0.18391054483640146
GSE25055,GSE32646,28,0.08700882117080999,0.09067810357278555,0.06472724742466435,0.19232145577883608
GSE25055,GSE32646,29,0.068364073777065,0.13021696670697153,0.08077134938320074,0.23413087420326373
GSE25055,GSE32646,30,0.1539589442815249,0.19279020109557543,0.10552592853137541,0.3101465961294949
GSE25055,GSE32646,31,0.08716114457831325,0.11264279264576077,0.08878826545071644,0.2747157270822056
GSE25055,GSE32646,32,0.12856359649122795,0.09014914999700535,0.14011252536922583,0.39252933350535246
GSE25055,GSE32646,33,0.05639585133967162,0.09614135065833557,0.1105686353661034,0.3647861426837241
GSE25055,GSE32646,34,0.15000000000000002,0.207882544585541,0.044488792128631355,0.15055360137328866
GSE25055,GSE32646,35,0.15907379518072273,0.1605831706918781,0.07362808094096251,0.20398347355336788
GSE25055,GSE32646,36,0.10618279569892475,0.1379925066116141,0.043125141896491914,0.20329871668636823
GSE25055,GSE32646,37,0.09322373696872499,0.10490223307623814,0.11575436061144584,0.377280872096901
GSE25055,GSE32646,38,0.12142255892255904,0.1871316423204608,0.09715569417262485,0.3185311892817181
GSE25055,GSE32646,39,0.20970328789093817,0.18208345907741685,0.058775054518764025,0.1943121582961166
GSE25055,GSE32646,40,0.07669413919413914,0.1306899878326454,0.14336151794727778,0.4402171183831119
GSE25055,GSE32646,41,0.12205387205387219,0.05756506472451367,0.0848298574224404,0.26855131005760857
GSE25055,GSE32646,42,0.15235690235690247,0.16937741906378645,0.05903497176068628,0.20070315871729988
GSE25055,GSE32646,43,0.07795698924731187,0.1505138660210349,0.1165666080025187,0.3690205562096086
GSE25055,GSE32646,44,0.1255357142857142,0.14074756161626667,0.030726877001239744,0.09592667464750981
GSE25055,GSE32646,45,0.18525519848771255,0.16424277297575907,0.12175192703648244,0.3089369378590777
GSE25055,GSE32646,46,0.1527014652014651,0.13136749258416097,0.1243126791000414,0.3645106341998766
GSE25055,GSE32646,47,0.1486666666666666,0.27025290239028865,0.0949532713645044,0.2718501916776654
GSE25055,GSE32646,48,0.07386363636363646,0.11092602685841668,0.06954628793540796,0.22436769643316534
GSE25055,GSE32646,49,0.05726015557476227,0.08586917378686376,0.13006153429025705,0.3823137257650899
GSE25055,GSE32646,50,0.0321568627450981,0.14378170528214207,0.08488354982289556,0.2590561613193314
GSE25055,GSE32646,51,0.0870786516853932,0.18215101824208935,0.10216832799241818,0.30807487345604995
GSE25055,GSE32646,52,0.12992610837438423,0.10029331514619533,0.11981313173148433,0.3265997108833196
GSE25055,GSE32646,53,0.11074800290486575,0.09498593441813757,0.07646322362804561,0.2251118433247402
GSE25055,GSE32646,54,0.10184310018903608,0.1571195149485276,0.10942388220071123,0.3311756801878635
GSE25055,GSE32646,55,0.13288677614520295,0.19670216678534846,0.10688863863345616,0.3433195782087298
GSE25055,GSE32646,56,0.10387864823348691,0.1213731069961117,0.08852971889324915,0.280745546135031
GSE25055,GSE32646,57,0.08810240963855409,0.1286198792375769,0.06369170262007134,0.19951710123677258
GSE25055,GSE32646,58,0.07600195503421314,-0.0018437718138214487,0.1587652099680377,0.4681415907005851
GSE25055,GSE32646,59,0.018431001890359067,-0.014715949652044313,0.15847817950440812,0.4687331496549396
GSE25055,GSE32646,60,0.25,0.34028104688864597,0.07353483100917904,0.19474860547103112
GSE25055,GSE32646,61,0.10711279461279455,0.16348562488816465,0.0872037941951759,0.23151329662984999
GSE25055,GSE32646,62,0.0525225903614458,0.1359545611010332,0.11510349890757124,0.3166291963921539
GSE25055,GSE32646,63,0.13656006914433882,0.1526701692312888,0.07277528108653303,0.2383955073951179
GSE25055,GSE32646,64,0.23044444444444445,0.2055791364192639,0.10015633518722908,0.24401318581486553
GSE25055,GSE32646,65,0.0697004608294931,0.09454742929703752,0.08399012449375143,0.2746719250085816
GSE25055,GSE32646,66,0.09701857282502435,0.18126188714612845,0.14017312537784132,0.39736055269310444
GSE25055,GSE32646,67,0.01050830889540555,0.08501095646088036,0.13416563935281361,0.4151460279706628
GSE25055,GSE32646,68,0.08105263157894749,0.21311480223133955,0.13762657569833553,0.4208314069981485
GSE25055,GSE32646,69,0.04914933837429114,0.16316090189713062,0.16395684074286865,0.48456718392718184
GSE25055,GSE32646,70,0.071603128054741,0.012674292628655603,0.1282746892015949,0.3461845576792754
GSE25055,GSE32646,71,0.07722385141739985,0.09532553994590698,0.08962935034009761,0.27643705979871747
GSE25055,GSE32646,72,0.09675785207700083,0.31337332658731676,0.13520762773042355,0.4127289057685556
GSE25055,GSE32646,73,0.12511111111111117,0.10725758348403297,0.10520282397325564,0.32139422377234683
GSE25055,GSE32646,74,0.0866013071895424,0.13663982460987334,0.07072212391362934,0.22845732156860132
GSE25055,GSE32646,75,0.06644444444444442,-0.04409215206754746,0.14907006923261748,0.4639541324819927
GSE25055,GSE32646,76,0.10906298003072201,0.18238732619144693,0.0375337056922789,0.1317878897192175
GSE25055,GSE32646,77,0.19653614457831314,0.21019064119464576,0.0556511578371931,0.20501787629097912
GSE25055,GSE32646,78,0.07658380112269447,0.08777289495855534,0.10043324495651076,0.32809864973304825
GSE25055,GSE32646,79,0.06501831501831501,0.1173495137544025,0.14681628043178005,0.4156386763505068
GSE25055,GSE32646,80,0.1364468864468864,0.0755462032901772,0.09612473126032162,0.2782549255025062
GSE25055,GSE32646,81,0.1313628899835796,0.1900360288934525,0.08886590881161294,0.2816539335537239
GSE25055,GSE32646,82,0.1336405529953918,0.21620584136410514,0.04770106612726044,0.14540072904421553
GSE25055,GSE32646,83,0.10917721518987333,0.13222133369419475,0.01633596169619525,0.08943717749001401
GSE25055,GSE32646,84,0.045841209829867835,0.09415610731825941,0.14739544664123075,0.4084362732300881
GSE25055,GSE32646,85,0.13369963369963367,0.13669782116837126,0.10379960129650492,0.3262760898649212
GSE25055,GSE32646,86,0.07979149959903764,0.035176435959756835,0.062329851896404304,0.21616445143187474
GSE25055,GSE32646,87,0.08094879518072284,0.17834075672347832,0.08712096934332705,0.25502458266915895
GSE25055,GSE32646,88,0.1490147783251231,0.19757410736043962,0.10447842983144162,0.30126922471113904
GSE25055,GSE32646,89,0.17168674698795172,0.16332795076576334,0.03909692538270032,0.13756793969432157
GSE25055,GSE32646,90,0.18778280542986425,0.20602381940555814,0.22092988428979465,0.6107360327894058
GSE25055,GSE32646,91,0.11058823529411765,0.14627530433552377,0.07182488904876255,0.24676087396831803
GSE25055,GSE32646,92,0.12029367469879504,0.1105712107821138,0.0732335039037279,0.24281501824026164
GSE25055,GSE32646,93,0.16317733990147776,0.16500019869846105,0.027859162410008437,0.08925977222210202
GSE25055,GSE32646,94,0.12711111111111106,0.20295608378394736,0.11211390838851515,0.3232227208982473
GSE25055,GSE32646,95,0.06568712186689729,0.07581528126318127,0.12477442450430434,0.3724922705458742
GSE25055,GSE32646,96,0.0742222222222223,0.012507505562892152,0.11752048147605773,0.3614894955436292
GSE25055,GSE32646,97,0.06822344322344331,0.11192384078986012,0.12246324739983352,0.3647999724270068
GSE25055,GSE32646,98,0.05092592592592593,-0.015940806700370347,0.09573848964506063,0.31619913795495674
GSE25055,GSE32646,99,0.12007389162561544,0.20308320949051517,0.07964108575920462,0.24283415782485418
GSE25055,GSE32646,100,0.08479960899315742,0.14239368871130398,0.1352614574430414,0.4135953497704842
GSE25055,GSE32646,101,0.1671111111111112,0.07616137079372676,0.09883019062287601,0.2826215311136948
GSE25055,GSE32646,102,0.13373424971363101,0.2393087269064802,0.2068422460122461,0.5988775986556656
GSE25055,GSE32646,103,0.09120583717357911,0.15078509746438362,0.07416455421050325,0.29348762062366396
GSE25055,GSE32646,104,0.13636363636363646,0.18119289289276436,0.06464766857051943,0.22499623487737408
GSE25055,GSE32646,105,0.034946236559139754,0.025188143542214048,0.11176908808385752,0.3355981229241084
GSE25055,GSE32646,106,0.05822328931572629,0.08858796308259947,0.15836800518480243,0.4886379947433404
GSE25055,GSE32646,107,0.07002956393200299,0.062094450133122314,0.03633173539030163,0.12970647357037524
GSE25055,GSE32646,108,0.053621659634317864,0.06432415774715444,0.04337097659535272,0.1867158575254777
GSE25055,GSE32646,109,0.11339285714285718,0.18695367654024286,0.03283447498491204,0.1091561357094295
GSE25055,GSE32646,110,0.15147783251231528,0.24902396787694814,0.07718894012210006,0.25076716945558464
GSE25055,GSE32646,111,0.0595647193585338,0.17056817338075514,0.1537855150746424,0.4471095649462248
GSE25055,GSE32646,112,0.12073347857661576,0.13538707988054544,0.03157977997530967,0.07818280256673027
GSE25055,GSE32646,113,0.11399999999999999,-0.03633910591465367,0.10478957934481425,0.3218449528057925
GSE25055,GSE32646,114,0.07125000000000015,0.12020304786558211,0.05833621527937691,0.1901424913818005
GSE25055,GSE32646,115,0.10901699926090169,0.2216184473149066,0.06360452731447166,0.18277633413527927
GSE25055,GSE32646,116,0.10883222468588316,0.10066257917337418,0.07585230635861687,0.23437846954000086
GSE25055,GSE32646,117,0.1272893772893774,0.15677516798514413,0.09355018175131694,0.29251204454321766
GSE25055,GSE32646,118,0.12563131313131326,0.037478661607783126,0.09640221150982967,0.29883357632486085
GSE25055,GSE32646,119,0.14431372549019605,0.0944444937385579,0.06279646397861768,0.17527784992082773
GSE25055,GSE32646,120,0.032746823069403685,-0.002713720897507821,0.1576381961634133,0.49085839408961557
GSE25055,GSE32646,121,0.11047979797979812,0.03838023748585323,0.07085182262843834,0.24340148885626267
GSE25055,GSE32646,122,0.11547714514835605,0.06449976077933878,0.057952173888601854,0.1836847538782661
GSE25055,GSE32646,123,0.10523343373493987,0.20083462545872616,0.07083493069871163,0.21285603879864712
GSE25055,GSE32646,124,0.08684950773558364,0.1217191987299413,0.03947072154286105,0.1550447492240239
GSE25055,GSE32646,125,0.1235955056179775,0.09304100456143122,0.11531564141233949,0.3129504730798315
GSE25055,GSE32646,126,0.10396975425330823,0.18318192946596545,0.12122439073010874,0.37472607823748194
GSE25055,GSE32646,127,0.07317562149157975,-0.026726277939615295,0.07991242142922778,0.24502256499288988
GSE25055,GSE32646,128,0.1627864005912787,0.183815612051898,0.04891138758046637,0.14235795492787395
GSE25055,GSE32646,129,0.08056171470805606,0.09831303974048972,0.09665468820482484,0.3289617080719849
GSE25055,GSE32646,130,0.1992105263157895,0.06147189099955552,0.11647696181461828,0.335722016889665
GSE25055,GSE32646,131,0.08546686746987942,0.11310781552633314,0.07146492981723176,0.20436443253749004
GSE25055,GSE32646,132,0.12102734663710268,0.12031224784945871,0.046704943887769024,0.18732528192569897
GSE25055,GSE32646,133,0.061345158906134456,0.03506602684015525,0.06447309846006047,0.187512579160114
GSE25055,GSE32646,134,0.020784313725490167,0.02508109605081721,0.07605599158935819,0.24852693820564448
GSE25055,GSE32646,135,0.09923245614035092,0.0755523009851613,0.11838821304669335,0.3627062551394844
GSE25055,GSE32646,136,0.17357910906298002,0.19734917148126574,0.0738367197778135,0.23638572852416673
GSE25055,GSE32646,137,0.08736559139784938,0.1335425064854453,0.058074397837988234,0.19018890488398899
GSE25055,GSE32646,138,0.0463875205254517,0.02810184353540779,0.13759420551851537,0.39985133812272733
GSE25055,GSE32646,139,0.10938654841093876,0.13609488788030377,0.055459103803656346,0.16142015529463183
GSE25055,GSE32646,140,0.0970066518847007,0.11556537426936664,0.05686852278702348,0.18249688029984712
GSE25055,GSE32646,141,0.13973684210526316,0.20742806886614001,0.12472338619356549,0.39338707484612623
GSE25055,GSE32646,142,0.14634146341463417,0.14063483499168639,0.027475414952041977,0.08806712975384312
GSE25055,GSE32646,143,0.08928571428571419,0.08346600170657437,0.08332726385586067,0.23031131787092374
GSE25055,GSE32646,144,0.17447026657552966,0.15226221622576103,0.009433806439930054,0.028536947383586586
GSE25055,GSE32646,145,0.12368421052631573,0.1314811362779848,0.13442678635083294,0.4202822669447363
GSE25055,GSE32646,146,0.08293950850661624,-0.022856173605525054,0.10843574399641576,0.30830202102508364
GSE25055,GSE32646,147,0.18883415435139583,0.12373546106821093,0.09593907383484832,0.2488176319274834
GSE25055,GSE32646,148,0.14815689981096403,0.14625440588820465,0.1414179216097227,0.4020519900231001
GSE25055,GSE32646,149,0.19156862745098036,0.2149926441695545,0.0476765652856842,0.16858059881742615
GSE25055,GSE32646,150,0.15078431372549028,0.15688429932723819,0.07726993438558188,0.22706079268838175
GSE25055,GSE32646,151,0.06455493183640748,0.12246955605036369,0.07716450729251112,0.25716323972021715
GSE25055,GSE32646,152,0.14942528735632188,0.18141231883633296,0.08961015608163975,0.2597953485624884
GSE25055,GSE32646,153,0.1664444444444444,0.20401257310848542,0.0772329276113958,0.23015094248297907
GSE25055,GSE32646,154,0.08223684210526305,0.11658758446683015,0.1740053452337536,0.5003341559695286
GSE25055,GSE32646,155,0.06086789554531469,0.021858592031991753,0.10475012970623646,0.3334132780410429
GSE25055,GSE32646,156,0.15627450980392166,0.2498547836915888,0.05956273363130224,0.1702906475929601
GSE25055,GSE32646,157,0.15222222222222215,0.09782636326933591,0.10516970275271653,0.311274669529303
GSE25055,GSE32646,158,0.09954407294832823,0.20375102337112105,0.16233957180828557,0.4296430877023837
GSE25055,GSE32646,159,0.06573802541544471,0.07928119792105748,0.13920417814599792,0.41172329188303913
GSE25055,GSE32646,160,0.1463512429831596,0.13759275631035017,0.09047675142172867,0.2819643370232372
GSE25055,GSE32646,161,0.14671564390665515,0.041594198565537366,0.12070272078674793,0.3483137705880839
GSE25055,GSE32646,162,0.05823529411764705,0.05375969159418198,0.0696151898986736,0.26676388197488565
GSE25055,GSE32646,163,0.16607843137254907,0.110456722779805,0.05960387842173362,0.1682917548503461
GSE25055,GSE32646,164,0.10911840968020758,0.12331121822577029,0.12187450753628323,0.36822467291950944
GSE25055,GSE32646,165,0.08340535868625765,0.13769389881908234,0.12798243550075675,0.37659271225389973
GSE25055,GSE32646,166,0.10144057623049219,0.10947127950175145,0.16001319739865744,0.4741401361311158
GSE25055,GSE32646,167,0.09333333333333327,0.08913994501928513,0.14191482193595317,0.4147948982377413
GSE25055,GSE32646,168,0.04736575481256333,0.028667392644430856,0.15736299807275267,0.4616606862811568
GSE25055,GSE32646,169,0.035284683239775516,0.006059175445128406,0.09150454086672288,0.3022267746534596
GSE25055,GSE32646,170,0.10529556650246308,0.05890569420332126,0.1057215006222848,0.33489624976661336
GSE25055,GSE32646,171,0.10023041474654393,0.14337220814119267,0.09073830694573573,0.29999864305533475
GSE25055,GSE32646,172,0.12253694581280783,0.08813123127111938,0.07368217323341886,0.23001582102474327
GSE25055,GSE32646,173,0.05241935483870963,0.07096672013875621,0.08001946883473646,0.268891864560857
GSE25055,GSE32646,174,0.13000000000000012,0.15011165487458938,0.1338716453667615,0.4070081335510578
GSE25055,GSE32646,175,0.17602245388933446,0.1565595243115228,0.054442514640323125,0.1741443189293007
GSE25055,GSE32646,176,0.12752525252525249,0.15554820630995891,0.07519445759161741,0.1955420702996321
GSE25055,GSE32646,177,0.09569943289224947,0.03635086588790759,0.11873374765487732,0.3833776470672419
GSE25055,GSE32646,178,0.06958128078817727,0.000925987650043758,0.10757920419017461,0.3319269634601397
GSE25055,GSE32646,179,0.06366666666666665,0.12932293698641856,0.1782085743756285,0.5492990023008122
GSE25055,GSE32646,180,0.17458945548833182,0.22845832208519357,0.08657034975195693,0.2690800772109202
GSE25055,GSE32646,181,0.046506734006733996,0.15520627711734086,0.10060689667140257,0.3359889225904879
GSE25055,GSE32646,182,0.17113223854796888,0.13923688213535368,0.13038327940525044,0.37777936834008685
GSE25055,GSE32646,183,0.1284313725490196,0.16687603825057995,0.059078977628997,0.1619225449475432
GSE25055,GSE32646,184,0.2094330400782014,0.1187882009205612,0.093383977458072,0.2672664192996371
GSE25055,GSE32646,185,0.14955555555555555,0.24750891279920773,0.08949714743448692,0.2682831476091006
GSE25055,GSE32646,186,0.18222222222222217,0.17158964673616428,0.10974112756602936,0.3254961233156842
GSE25055,GSE32646,187,0.008699633699633669,0.07263171410871944,0.11607705738893315,0.34408386191709
GSE25055,GSE32646,188,0.1215686274509804,0.22194086114143508,0.03510692972147195,0.12043393420013115
GSE25055,GSE32646,189,0.07411674347158215,0.09835685738133243,0.10905714612820552,0.303943975598427
GSE25055,GSE32646,190,0.09061748195669617,0.19742626556494747,0.08602892147084887,0.25783154993410173
GSE25055,GSE32646,191,0.11246992782678422,0.021612253831716333,0.09223388280509923,0.25692041683973954
GSE25055,GSE32646,192,0.1757154882154881,0.2230009897838251,0.10246978977290672,0.2872783852634575
GSE25055,GSE32646,193,0.22285714285714275,0.26739137460064827,0.020059380494800494,0.07124246248146227
GSE25055,GSE32646,194,0.2189638318670576,0.1396771567766273,0.09065844221698999,0.24115005064097095
GSE25055,GSE32646,195,0.08823529411764708,0.1101445368199635,0.04201968285684626,0.14372721031162372
GSE25055,GSE32646,196,0.11447473937449881,0.11916371484647453,0.07434759175890243,0.1997563455123158
GSE25055,GSE32646,197,0.07088888888888878,0.06656742028781643,0.11899558080662617,0.35350411778477103
GSE25055,GSE32646,198,0.0837725903614458,0.10241604327448822,0.0631333617088406,0.1993489077626156
GSE25055,GSE32646,199,0.09711111111111126,0.04555182151559767,0.13545638451768394,0.40023461448528225
GSE25055,GSE32646,200,0.027873811581676677,0.07427874842584381,0.09195675114359667,0.2725810516086611
GSE25055,GSE32646,201,0.05685550082101798,0.08803242375661574,0.08325278906157768,0.26630660426654595
GSE25055,GSE32646,202,0.11754537597234227,0.23378097703056255,0.09338193857131458,0.2848007289261098
GSE25055,GSE32646,203,0.09790640394088668,0.05977319244499035,0.08533559753782585,0.311429404934005
GSE25055,GSE32646,204,0.12170087976539601,0.13794965829470124,0.11972710134242365,0.336974919345146
GSE25055,GSE32646,205,0.10278827977315697,0.13164035957872577,0.11658648632049595,0.3336112578558375
GSE25055,GSE32646,206,0.11587810745789895,0.08179920432330717,0.0664134813712981,0.20152705941311344
GSE25055,GSE32646,207,0.1445852534562213,0.08620266166687524,0.049229106442656795,0.15932057416665246
GSE25055,GSE32646,208,0.0755494505494505,0.16200137328598785,0.09778715916061131,0.29813604953452644
GSE25055,GSE32646,209,0.15169992609017002,0.2093658513630141,0.06456376634335814,0.22178283473333316
GSE25055,GSE32646,210,0.10837438423645318,0.12324593645476734,0.12286220781574425,0.36460781809096576
GSE25055,GSE32646,211,0.11219879518072284,0.10099582478385949,0.08853885502061776,0.2550318714471268
GSE25055,GSE32646,212,0.08745098039215671,0.06265417301266785,0.10079191805077878,0.3159585536191841
GSE25055,GSE32646,213,0.08104914933837426,0.08750277348999724,0.12284592043602202,0.3670966977302434
GSE25055,GSE32646,214,0.08901515151515149,0.08049461696914711,0.08949352529656596,0.28511885063832565
GSE25055,GSE32646,215,0.1142695783132528,0.11606115863366495,0.02115064828362659,0.08586895618690005
GSE25055,GSE32646,216,0.14647058823529424,0.14516869618208306,0.07317568656375772,0.2533339834595646
GSE25055,GSE32646,217,0.06892826274848751,-0.028088239301240492,0.13446572527911668,0.40908351383173036
GSE25055,GSE32646,218,0.17545710267229264,0.16763550705705582,0.010804440707220031,0.055174189218825
GSE25055,GSE32646,219,0.05666666666666664,0.010309520533041294,0.09105373216076992,0.266518057829318
GSE25055,GSE32646,220,0.11372549019607847,0.17085654901249225,0.05814852687492972,0.18334632598249367
GSE25055,GSE32646,221,0.15922294843863471,0.14540355754551432,0.03424118505595147,0.09314523512191186
GSE25055,GSE32646,222,0.06671554252199396,0.030450830138882945,0.11025907863385692,0.33089120071301154
GSE25055,GSE32646,223,0.08851766513056847,0.12075316957344762,0.057195178564687976,0.18119133717964886
GSE25055,GSE32646,224,0.11777777777777776,0.12759305166916213,0.12004381510911422,0.35227531035554527
GSE25055,GSE32646,225,0.14803921568627454,0.2117646106944192,0.07297654042033341,0.2574312504281686
GSE25055,GSE32646,226,0.03724747474747481,-0.00895649959797723,0.13654646202356718,0.4430841721901071
GSE25055,GSE32646,227,0.14306463326071162,0.09981475828007325,0.03769654727849478,0.1315293754834782
GSE25055,GSE32646,228,0.13793103448275867,0.1875681048120006,0.09858972920004538,0.3035958504157821
GSE25055,GSE32646,229,0.1030219780219781,-0.005163338940116724,0.11971528891166588,0.3528918836162452
GSE25055,GSE32646,230,0.0417777777777778,0.04102839040126749,0.14258294903282923,0.44076675056689474
GSE25055,GSE32646,231,0.12273120138288673,0.05723870888311933,0.11187652004423645,0.3592193016890425
GSE25055,GSE32646,232,0.15196471531676026,0.0521998718895651,0.07882610720724584,0.2281574430810348
GSE25055,GSE32646,233,0.07428728070175439,0.041929507991828874,0.12495851303972735,0.33290410946032256
GSE25055,GSE32646,234,0.12901701323251424,0.14112813963971654,0.10724650123017582,0.294963023867775
GSE25055,GSE32646,235,0.0716031280547409,0.07972644378726423,0.11304864340015056,0.3568523838168941
GSE25055,GSE32646,236,0.07778738115816775,0.12842306105687123,0.12346610680161657,0.3689663730262534
GSE25055,GSE32646,237,0.12205387205387219,0.07342089287669212,0.0910620889881947,0.27440006076284784
GSE25055,GSE32646,238,0.09286412512218967,0.11924090899273632,0.12901113271965706,0.3366437886791016
GSE25055,GSE32646,239,0.0721884498480243,0.036304980950626786,0.1531141664267543,0.4505217145959459
GSE25055,GSE32646,240,0.0749246987951806,0.18388287916570467,0.057118502096912466,0.19115217198347817
GSE25055,GSE32646,241,0.19654882154882158,0.13214598925333532,0.10813415391355014,0.3021568229315854
GSE25055,GSE32646,242,0.08333333333333326,0.0803229619032419,0.10528333291174474,0.3111058072902844
GSE25055,GSE32646,243,0.10688888888888892,-0.027681822330501038,0.0818353403002296,0.23930377438572265
GSE25055,GSE32646,244,0.08647058823529419,0.10469620600013096,0.09362843937493037,0.23727597924127997
GSE25055,GSE32646,245,0.11652930402930406,0.11721568387531633,0.1343067907112404,0.40059278414604665
GSE25055,GSE32646,246,0.1724444444444444,0.21570939998017158,0.0927021938202437,0.24941239177481267
GSE25055,GSE32646,247,0.0576923076923076,0.06797691246223236,0.1175126973341826,0.3370708346256826
GSE25055,GSE32646,248,0.16167434715821816,0.13377772836429536,0.040857524361254366,0.13260208709799814
GSE25055,GSE32646,249,0.052035330261136714,0.11888333842784293,0.08527001883960661,0.2693736710493517
GSE25055,GSE32646,250,0.0676470588235295,0.07650933981754304,0.050034142340979915,0.1832786628475137
GSE25055,GSE32646,251,0.08177777777777773,0.03974971145359829,0.13098273542564104,0.40969666867065513
GSE25055,GSE32646,252,0.18313069908814594,0.18869872922562478,0.15470081761067372,0.4554380295960277
GSE25055,GSE32646,253,0.13274509803921564,0.16390669591004486,0.0690682366032741,0.17326883923837877
GSE25055,GSE32646,254,0.12577777777777777,0.15019443507466534,0.11177456514149153,0.3190662441118879
GSE25055,GSE32646,255,0.11676798378926034,0.14693508585714304,0.14704558233841813,0.39742005712510464
GSE25055,GSE32646,256,0.09913793103448265,0.028541372728951242,0.11866792260082062,0.3672440389595889
GSE25055,GSE32646,257,0.0729751403368083,0.0725013184664467,0.07503091683358792,0.24162574085139243
GSE25055,GSE32646,258,0.003264208909370292,0.04500288577962441,0.09396867702435541,0.322338767379535
GSE25055,GSE32646,259,0.19165946413137414,0.15283908180556194,0.07427074369370304,0.22058939365638552
GSE25055,GSE32646,260,0.08107553366174058,0.09113574834221494,0.06943159800418294,0.24770267195060341
GSE25055,GSE32646,261,0.14033882783882778,0.25462781005604607,0.10637344681911906,0.32431796765366167
GSE25055,GSE32646,262,0.1156776263031275,0.1481247242564906,0.050710541213683596,0.14254978702418564
GSE25055,GSE32646,263,0.11533333333333329,0.08939387686256561,0.11850035725968155,0.36046605797328446
GSE25055,GSE32646,264,0.12623152709359609,0.11057770796655303,0.03285627190362353,0.10657375123540513
GSE25055,GSE32646,265,0.09157894736842098,0.12331716212629473,0.16522300300105391,0.45915194529218917
GSE25055,GSE32646,266,0.12469927826784266,0.15781466110851122,0.0956520357205019,0.3238258907419902
GSE25055,GSE32646,267,0.17421812349639132,0.14709591837895214,0.059676257512102815,0.15115632162862835
GSE25055,GSE32646,268,0.031105990783410253,0.0702744536520774,0.04560598454033668,0.13950059684002347
GSE25055,GSE32646,269,0.03844444444444428,0.03123982554743876,0.13398267917161888,0.4143932806514854
GSE25055,GSE32646,270,0.07087294727744164,0.09363514798972633,0.11446847052764153,0.38338732005637755
GSE25055,GSE32646,271,0.10070214338507022,0.11399521194273754,0.03554763545759124,0.13166021145356133
GSE25055,GSE32646,272,0.15283400809716607,0.10866375767110492,0.0295943398235618,0.09091895126771299
GSE25055,GSE32646,273,0.05395545314900152,0.14269664308614405,0.06793297972665349,0.208558814225565
GSE25055,GSE32646,274,0.16184096802074344,0.17918468147355848,0.09234579978817123,0.29732235346730096
GSE25055,GSE32646,275,0.13049450549450547,0.03646439566709858,0.10924860389513122,0.2910325175481336
GSE25055,GSE32646,276,0.048913043478260754,0.013969550546948817,0.08141963379157777,0.23298699307965726
GSE25055,GSE32646,277,0.06355606758832577,0.1899617841566601,0.08202201097495154,0.2690702644190721
GSE25055,GSE32646,278,0.14514652014652007,0.24301832128900197,0.08111650866151343,0.23765947529883352
GSE25055,GSE32646,279,0.08104395604395598,0.18988317235383073,0.13135874234536013,0.3810055406880787
GSE25055,GSE32646,280,0.06862745098039225,0.005029757449654282,0.1151342698509494,0.40362314832822743
GSE25055,GSE32646,281,0.10933448573898008,0.1566194091058924,0.09064558831014483,0.2860825318657778
GSE25055,GSE32646,282,0.10426267281105983,0.16625399387744033,0.0417526654529444,0.1526438962711879
GSE25055,GSE32646,283,0.12843137254901948,0.18990313409230786,0.08432892266663178,0.2802960973019387
GSE25055,GSE32646,284,0.11412512218963833,0.10009512797610864,0.11036646125163485,0.2764745727636261
GSE25055,GSE32646,285,0.07070707070707072,0.07383789765811777,0.15254717377668886,0.46554122033209033
GSE25055,GSE32646,286,0.08289473684210535,0.034767787960511,0.12279167711266206,0.36871386536336137
GSE25055,GSE32646,287,0.12607843137254904,0.1549182526604635,0.09625383901589477,0.2960903142491922
GSE25055,GSE32646,288,0.0916198877305534,0.07628657896489827,0.1201119259075599,0.35466483234108526
GSE25055,GSE32646,289,0.11803921568627451,0.10955425398965818,0.07677999305988992,0.24689924534639685
GSE25055,GSE32646,290,0.1858298171589312,0.18939670056194513,0.018301147343998153,0.04456509963256572
GSE25055,GSE32646,291,0.09271978021978022,0.01926558504116982,0.09366291224726919,0.28311283712610424
GSE25055,GSE32646,292,0.11467522052927037,0.23152557353392944,0.07805107399067165,0.2377091131985094
GSE25055,GSE32646,293,0.132453567937439,0.20614050858862376,0.1040359983443799,0.33451645765005056
GSE25055,GSE32646,294,0.028225806451612878,-0.029631547917616685,0.04408502678243731,0.1511690653398554
GSE25055,GSE32646,295,0.08691077441077444,0.07549837389764874,0.124033047751641,0.3750891930804905
GSE25055,GSE32646,296,0.1623529411764707,0.16317979657505133,0.05067490456610993,0.1352913608155648
GSE25055,GSE32646,297,0.16687192118226613,0.03038807071208638,0.12085594898923846,0.3400664956173636
GSE25055,GSE32646,298,0.16933333333333322,0.15012365504913922,0.0909881420324837,0.24383720179825985
GSE25055,GSE32646,299,0.2056737588652482,0.1554590365259218,0.11659471256147083,0.34405117606050134
GSE25055,GSE32646,300,0.10710526315789481,0.114864961625884,0.1332966853926677,0.35715883576419594
GSE25055,GSE32646,301,0.14730639730639727,0.2725411510523149,0.07923053968834642,0.2019721194307298
GSE25055,GSE32646,302,0.13588235294117645,0.16871410050496577,0.05170405496770597,0.16488241449335395
GSE25055,GSE32646,303,0.15755555555555556,0.10487185215160227,0.11996919858822425,0.36448942335019974
GSE25055,GSE32646,304,0.2035555555555556,0.15149276520322535,0.08963758320397683,0.2622847283094524
GSE25055,GSE32646,305,0.08814102564102566,0.1128679423488449,0.13262986360180937,0.38707080031994184
GSE25055,GSE32646,306,0.1138720829732065,0.11422688042926421,0.10970501778302572,0.31430291706761415
GSE25055,GSE32646,307,0.10366739288307925,0.08406719824482317,0.054190326180454274,0.18876942456877455
GSE25055,GSE32646,308,0.09270516717325228,0.13389382638137026,0.1587905008427479,0.4912039480055417
GSE25055,GSE32646,309,0.09927035330261136,0.18126988063337368,0.049649780348385214,0.1325142521058007
GSE25055,GSE32646,310,0.07317562149157997,0.0784673353123213,0.07283030708265242,0.27015147574875853
GSE25055,GSE32646,311,0.16277472527472525,0.22311284885038535,0.1443697893337327,0.4078313020875532
GSE25055,GSE32646,312,0.04253308128544442,-0.014386029343554985,0.1211821968079386,0.4128837634863539
GSE25055,GSE32646,313,0.07870370370370372,0.08155740679425733,0.10717494529092772,0.3224912660667991
GSE25055,GSE32646,314,0.027108433734939763,0.025172008931931056,0.062211316615797235,0.19689597237372025
GSE25055,GSE32646,315,0.16022222222222238,0.20084523048363134,0.10679343372151473,0.32125494896723616
GSE25055,GSE32646,316,0.09874675885911854,0.14690769365307493,0.07797119668929497,0.24235868396673715
GSE25055,GSE32646,317,0.19486531986531974,0.13335998288573453,0.06148640566813535,0.2031371581067536
GSE25055,GSE32646,318,0.09733333333333338,0.03544620922924929,0.09611792929684962,0.30295226655562657
GSE25055,GSE32646,319,0.09196428571428572,0.07850259829698114,0.05658245169106302,0.19488277119674502
GSE25055,GSE32646,320,0.055718475073313845,0.12099905179762332,0.10583676925789937,0.3232914924286
GSE25055,GSE32646,321,0.08553875236294883,0.10516926723144437,0.12207776306106696,0.3604529359870862
GSE25055,GSE32646,322,0.16540404040404044,0.11697725817570304,0.07107195294874055,0.16959885826818333
GSE25055,GSE32646,323,0.12254901960784303,0.20469172936812835,0.11616446574190442,0.3551055760161764
GSE25055,GSE32646,324,0.08394909688013141,0.0719991404438245,0.09345689889515965,0.3060869966236261
GSE25055,GSE32646,325,0.11339285714285718,0.12718231053317453,0.029830538778339133,0.10682458019033658
GSE25055,GSE32646,326,0.10964912280701755,0.08832983867731509,0.12471556633042713,0.37237856087329213
GSE25055,GSE32646,327,0.18215211754537608,0.17282861240053615,0.10159097297652811,0.30126565653401205
GSE25055,GSE32646,328,0.1268825301204819,0.18207400253854295,0.02381449411015532,0.09271626476448303
GSE25055,GSE32646,329,0.12452741020793945,0.17803152047117543,0.10875908454076852,0.31176153819187347
GSE25055,GSE32646,330,0.20306776556776562,0.3344530233494151,0.12245715214642497,0.331356851846205
GSE25055,GSE32646,331,0.07471870604781994,0.09369677278531274,0.035726342431270985,0.14638645315103704
GSE25055,GSE32646,332,0.12712665406427226,0.22649361062269785,0.1383555521856386,0.3978535074296918
GSE25055,GSE32646,333,0.1346666666666667,0.15217416872874023,0.1431733940027756,0.4373631330229338
GSE25055,GSE32646,334,0.10829493087557596,0.07982094415037777,0.08554307212366968,0.26561487208694146
GSE25055,GSE32646,335,0.12630312750601447,0.13473885776186928,0.08211064442604463,0.2549265714051103
GSE25055,GSE32646,336,0.10846030473135515,0.18965762815498727,0.06414203631636681,0.17581395580394643
GSE25055,GSE32646,337,0.14203894616265744,0.22729269692691229,0.1647030512265551,0.5069719504479058
GSE25055,GSE32646,338,0.11266447368421062,0.17355448576571897,0.13557416170490627,0.3992941231174507
GSE25055,GSE32646,339,0.0734811165845648,0.020379691597623928,0.10430938540100029,0.3325728157420388
GSE25055,GSE32646,340,0.11884236453201968,0.176425221679066,0.04721228676162878,0.16660898405911495
GSE25055,GSE32646,341,0.15075614366729673,0.16951318678965405,0.09729227546773517,0.27786193356339056
GSE25055,GSE32646,342,0.10966319165998395,0.10807931777473512,0.10911906746980518,0.3580968923698179
GSE25055,GSE32646,343,0.08218785796105388,0.060299178905317996,0.1624101858423026,0.43300294356436975
GSE25055,GSE32646,344,0.11822660098522175,0.1629489494461328,0.10024494680865101,0.2948744986443672
GSE25055,GSE32646,345,0.1042857142857142,0.1355462320752544,0.03173178836657162,0.14670300388415247
GSE25055,GSE32646,346,0.09563253012048178,0.16070086640966696,0.09698169245810748,0.3180946117609674
GSE25055,GSE32646,347,0.19739057239057245,0.18205523310469285,0.06493144339245527,0.2044455296576405
GSE25055,GSE32646,348,0.1702441077441077,0.1594594536048417,0.09144628479965083,0.3053372060090902
GSE25055,GSE32646,349,0.09701815038893691,0.1962039318698549,0.0939485119712054,0.2832123572741807
GSE25055,GSE32646,350,0.12689393939393945,0.13263629467955051,0.09049809152838348,0.24126429551942297
GSE25055,GSE32646,351,0.19907407407407407,0.18863736155195931,0.0848958972414103,0.20687346156633424
GSE25055,GSE32646,352,0.10015060240963869,0.08705962118815719,0.03336347645390081,0.10792789675465797
GSE25055,GSE32646,353,0.1544715447154471,0.265105051798989,0.055648835378214495,0.168862713790482
GSE25055,GSE32646,354,0.06475541299117893,0.11164874735824715,0.11692492088257647,0.3689977273616656
GSE25055,GSE32646,355,0.08415435139573069,0.195430490818931,0.1025559329548816,0.3346309542320845
GSE25055,GSE32646,356,0.15355555555555556,0.14401213846852923,0.12121375449503738,0.337847960870005
GSE25055,GSE32646,357,0.1095505617977528,0.10071270325521114,0.1353768913034631,0.38221338392289517
GSE25055,GSE32646,358,0.0984848484848484,0.039131142976195965,0.13563931423779738,0.39691430255891336
GSE25055,GSE32646,359,0.09901960784313735,0.1035100218723155,0.0874917209601841,0.23326377215241556
GSE25055,GSE32646,360,0.05222117202268428,0.1068236324601739,0.12127023092975855,0.3425565474644376
GSE25055,GSE32646,361,0.06313131313131315,0.14093101013096915,0.11837120933482478,0.37179707433239584
GSE25055,GSE32646,362,0.05243161094224935,0.19963968870499899,0.1355439479921985,0.37112600676330343
GSE25055,GSE32646,363,0.08628972653362887,0.13590477988862876,0.018865641343764977,0.09353194217749783
GSE25055,GSE32646,364,0.08725490196078411,0.1419232944120598,0.12962368769445765,0.35286754328592074
GSE25055,GSE32646,365,0.14194065757818763,0.14719308296682954,0.03304062495006574,0.12101067813929256
GSE25055,GSE32646,366,0.09977777777777774,0.12334506218061675,0.12821731163444863,0.38689820446294365
GSE25055,GSE32646,367,0.1400709219858155,0.143852331952733,0.14803632004139186,0.42991608091379085
GSE25055,GSE32646,368,0.14247311827956988,0.15394902463611893,0.06343854276749644,0.1773035028820753
GSE25055,GSE32646,369,0.1927803379416282,0.17802642717448536,0.03251650166849265,0.08870962472040644
GSE25055,GSE32646,370,0.14803921568627454,0.12166600347765466,0.1044560233041974,0.2952664697439805
GSE25055,GSE32646,371,0.061948676824378435,0.0057771403203218386,0.07754452068808385,0.25375156094872864
GSE25055,GSE32646,372,0.11206896551724133,0.16958692202831505,0.1058151835358127,0.3285867491351613
GSE25055,GSE32646,373,0.1723940435280642,0.17386593785432558,0.1382757432519377,0.4095043995757178
GSE25055,GSE32646,374,0.0829228243021346,0.0739615471040499,0.07595645978395463,0.24378980902167735
GSE25055,GSE32646,375,0.11693548387096775,0.11268205288379346,0.0590541567146842,0.2035485933953327
GSE25055,GSE32646,376,0.08699633699633713,0.051552838086542596,0.10792054992049105,0.29765362189148287
GSE25055,GSE32646,377,0.10685645549318357,0.04465327853632839,0.109518756730033,0.3056837974896588
GSE25055,GSE32646,378,0.1568914956011731,0.08390360687096815,0.14521509674829622,0.3866628066603761
GSE25055,GSE32646,379,0.032549019607843066,0.0741079683208341,0.09935317286321055,0.30834872581441153
GSE25055,GSE32646,380,0.12023460410557185,0.05772431031105668,0.14566112264661502,0.4409762149156379
GSE25055,GSE32646,381,0.0437254901960783,-0.018816546333364492,0.06642056810202643,0.20788014539906807
GSE25055,GSE32646,382,0.064039408866995,0.11660982886666749,0.07656592859185651,0.22613937132922785
GSE25055,GSE32646,383,0.21552631578947368,0.18423269799543016,0.13734322993506168,0.370491864115017
GSE25055,GSE32646,384,0.10304731355252594,0.04887481503531832,0.10967703245972524,0.32948477845221336
GSE25055,GSE32646,385,0.10666666666666669,0.1268602616882456,0.06318044152592403,0.21428743322425037
GSE25055,GSE32646,386,0.053652108433735024,0.05705540584622221,0.10486812146282262,0.36639096326956566
GSE25055,GSE32646,387,0.13711001642036125,0.1062596220272416,0.06944264864759433,0.20467329412580004
GSE25055,GSE32646,388,0.07568627450980392,0.07462461755195227,0.13107201332264878,0.41613151444721874
GSE25055,GSE32646,389,0.10673234811165844,0.13653618946081003,0.06285736453331142,0.17203562029997632
GSE25055,GSE32646,390,0.11862003780718333,0.03398545635239281,0.12082470086587399,0.3681217903503234
GSE25055,GSE32646,391,0.13098039215686275,0.082643269809755,0.07515842609564077,0.23411042283082617
GSE25055,GSE32646,392,0.11991716867469882,0.13565991938418703,0.056074941464411,0.14911376714089863
GSE25055,GSE32646,393,0.16450980392156866,0.2600046228704657,0.052582769174610855,0.15619552549406956
GSE25055,GSE32646,394,0.059473684210526234,0.17759354854032972,0.16193418591734457,0.4709994262438958
GSE25055,GSE32646,395,0.08777777777777784,0.16568308113857283,0.09356875924923408,0.26401722046246606
GSE25055,GSE32646,396,0.08894736842105277,-0.06464573170500532,0.14301358910758588,0.4403062268935888
GSE25055,GSE32646,397,-0.012376237623762387,-0.08169043069500159,0.19440567883539916,0.5651452223750283
GSE25055,GSE32646,398,0.047555555555555684,0.14989633552814252,0.13708430890138723,0.42743852291726997
GSE25055,GSE32646,399,0.13007778738115816,0.28796484170719594,0.11183964345146483,0.32732281353445536
GSE25055,GSE32646,400,0.09245187436676794,0.1352487963198487,0.1582567761086487,0.4429576442172947
GSE25055,GSE32646,401,-0.02678571428571419,-0.024391799423947425,0.15691463795365404,0.47273462699232116
GSE25055,GSE32646,402,0.14646464646464652,0.028766379423477872,0.15646584490473742,0.42689641357757907
GSE25055,GSE32646,403,0.151842105263158,0.08244017546611784,0.1378795310849423,0.41813338890139806
GSE25055,GSE32646,404,0.09017857142857144,0.09797306584921428,0.04774393356102974,0.18593172009375647
GSE25055,GSE32646,405,0.10796105383734256,0.1737722003161784,0.15890797717357563,0.4099606138073009
GSE25055,GSE32646,406,0.09406565656565646,0.1482552592109248,0.10023318424321381,0.30166314464817257
GSE25055,GSE32646,407,0.13822222222222214,0.06822014696905715,0.1065813670668469,0.325951803157033
GSE25055,GSE32646,408,0.13043478260869557,0.08930767114165566,0.15317460540394062,0.45924640228853014
GSE25055,GSE32646,409,0.08866666666666667,0.16229929701087975,0.09909681385890945,0.2774113616813951
GSE25055,GSE32646,410,0.0975555555555555,0.050914306288425415,0.0818347017100789,0.24105017175477217
GSE25055,GSE32646,411,0.11056644880174282,0.1164013263806426,0.05838022674589105,0.1896454887291822
GSE25055,GSE32646,412,0.12422222222222223,0.09213833140750943,0.08288206481089849,0.2752954589238342
GSE25055,GSE32646,413,0.04969749351771824,0.08543859609008209,0.08092841784688515,0.2612907412702431
GSE25055,GSE32646,414,0.14324618736383443,0.12358951456779788,0.038763759597084085,0.130143011815117
GSE25055,GSE32646,415,0.15599343185550085,0.1945328463623991,0.07446361034226259,0.194376981289214
GSE25055,GSE32646,416,0.04124579124579131,0.13853679125914453,0.14607253715168927,0.4382259611957317
GSE25055,GSE32646,417,0.07222222222222219,0.0878735722929263,0.09114707948438563,0.28805020939376086
GSE25055,GSE32646,418,0.08894736842105255,0.2078093073700923,0.12529794310703046,0.3476012477946168
GSE25055,GSE32646,419,0.08563748079877109,0.1394432510655612,0.11259239164562343,0.3169412073411938
GSE25055,GSE32646,420,0.06661600810536983,0.06499212401948412,0.16734524306961474,0.4895706867877792
GSE25055,GSE32646,421,0.054216867469879526,0.05617846086173639,0.10604412010589254,0.3506147355341579
GSE25055,GSE32646,422,0.10851648351648358,0.10696667969209328,0.11413050313370776,0.33211665862803924
GSE25055,GSE32646,423,0.08621351766513041,0.12050075489959466,0.06076232725396105,0.18701339423374108
GSE25055,GSE32646,424,0.07076984763432237,0.06155906549422385,0.08172751619475113,0.24898102850605736
GSE25055,GSE32646,425,0.12489975942261422,0.20359158018111712,0.05993086308489609,0.1666500492801063
GSE25055,GSE32646,426,0.10254988913525498,0.08076407469510782,0.02763298694903399,0.0972660999670375
GSE25055,GSE32646,427,0.0954631379962192,0.07638362178943892,0.1655908685024008,0.47721523649814523
GSE25055,GSE32646,428,0.1945259042033235,0.24883679134391323,0.07574741297063456,0.23503357297892075
GSE25055,GSE32646,429,0.055158132530120474,-0.02767711468098122,0.047616146137609006,0.1540192706594573
GSE25055,GSE32646,430,0.11637931034482751,0.1507786070096176,0.06752494291390349,0.13048632341243716
GSE25055,GSE32646,431,0.13435003631082065,0.10882434603039787,0.04716667063339505,0.14980958319550552
GSE25055,GSE32646,432,0.12750601443464293,0.16585503613969943,0.04632387024984905,0.14418235161412518
GSE25055,GSE32646,433,0.08963344788087058,0.19118596991640868,0.1784424159514449,0.5506603276254134
GSE25055,GSE32646,434,0.0757345491388044,-0.02273868208943297,0.11081780848892714,0.3602273041460471
GSE25055,GSE32646,435,0.10196428571428562,0.08509721078438892,0.04914645099687459,0.17120553301077113
GSE25055,GSE32646,436,0.10882352941176465,0.19130921437558573,0.03554563710845107,0.12496350288894742
GSE25055,GSE32646,437,0.20159896283491796,0.18595569673998924,0.09405039376561325,0.27094492270852455
GSE25055,GSE32646,438,0.08333333333333337,0.14738542350090478,0.07323353206668548,0.23187635332648415
GSE25055,GSE32646,439,0.03049698795180722,-0.005679480780373836,0.09047876805553329,0.2589608691644456
GSE25055,GSE32646,440,0.08230706075533667,0.04658027332884135,0.07332158225999089,0.2183129341079708
GSE25055,GSE32646,441,0.12288888888888883,0.18032637973321974,0.08975407760038359,0.24293293318014286
GSE25055,GSE32646,442,0.07807239057239057,0.055631305109354934,0.11191978644014389,0.325136932941648
GSE25055,GSE32646,443,0.05537280701754388,0.021483583491557323,0.15327105392129342,0.4420187105197583
GSE25055,GSE32646,444,0.1990022172949003,0.20624884759857537,0.021730694051782018,0.07363925687188533
GSE25055,GSE32646,445,0.10737179487179493,0.13249362683081956,0.16033188821414,0.48521293360861933
GSE25055,GSE32646,446,0.0366146458583434,0.10832247839760945,0.18333572967869843,0.5387936476537756
GSE25055,GSE32646,447,0.10636295180722877,0.09137244616214762,0.07770411972558053,0.24645366086239462
GSE25055,GSE32646,448,0.017013232514177634,0.033398636722267394,0.13993454008042117,0.408638633068904
GSE25055,GSE32646,449,0.18247126436781613,0.18820719874100778,0.08632526841911217,0.20146860789275134
GSE25055,GSE32646,450,0.1273055332798716,0.1077404056780128,0.05506781316105108,0.148816634660506
GSE25055,GSE32646,451,0.12714776632302405,0.255591806048656,0.17338910909293057,0.519234868253444
GSE25055,GSE32646,452,0.14463019250253295,0.1745699646480937,0.12416038400963694,0.348115353814663
GSE25055,GSE32646,453,0.13514173998044976,0.12949785919928974,0.09146413832724742,0.2291906338675223
GSE25055,GSE32646,454,0.17804667242869487,0.10861211949299304,0.120746565881653,0.3258825881922959
GSE25055,GSE32646,455,0.1428947368421053,0.07220685496230161,0.1464960480910064,0.4247743171274572
GSE25055,GSE32646,456,0.04454022988505757,0.058343105591155686,0.11830885440691627,0.3555673138165154
GSE25055,GSE32646,457,0.14057239057239068,0.17732990120455716,0.07108707186008109,0.22888500992252342
GSE25055,GSE32646,458,0.15382797731568998,0.2778995234497266,0.08828706278486328,0.2608782623264976
GSE25055,GSE32646,459,0.03191489361702138,0.13074155005431176,0.1073506858103233,0.3572348260586526
GSE25055,GSE32646,460,0.18591691995947313,0.18031072016525201,0.07547619386849302,0.21033255393017908
GSE25055,GSE32646,461,0.13815789473684215,0.16521376935743542,0.02337606429434888,0.10192457808333932
GSE25055,GSE32646,462,0.07744107744107742,0.1260122100564347,0.10067823593530875,0.29864871295300566
GSE25055,GSE32646,463,0.14766483516483508,0.11622608010496838,0.1153778723786745,0.33067828845723324
GSE25055,GSE32646,464,0.17509451795841202,0.09022748807668934,0.11677965359340428,0.3214436392485155
GSE25055,GSE32646,465,0.06633771929824561,-0.032698550191570974,0.12304926763170543,0.3787892570507355
GSE25055,GSE32646,466,0.023238925199709604,0.06767129219000345,0.06020875124442909,0.18205105599457683
GSE25055,GSE32646,467,0.08805668016194346,0.04397674079119451,0.016265584806257866,0.11159849238338071
GSE25055,GSE32646,468,0.1013396715643905,0.1615168193208072,0.10884881564630011,0.35556249305965637
GSE25055,GSE32646,469,0.15657894736842093,0.11793145412671369,0.12480711916922049,0.3411306992698498
GSE25055,GSE32646,470,0.12037037037037046,0.24777453511621317,0.10841402104754844,0.3306800984975226
GSE25055,GSE32646,471,0.06964809384164228,-0.011564762518809668,0.1443636130942319,0.420095060858717
GSE25055,GSE32646,472,0.11489898989898983,0.17610412009340315,0.10110351928841327,0.3030754844709389
GSE25055,GSE32646,473,0.13896520146520142,0.06263378905129541,0.12797560596647475,0.4091643461287695
GSE25055,GSE32646,474,0.09735349716446129,0.1534226164839705,0.11335446111570305,0.33879782449087725
GSE25055,GSE32646,475,0.1408045977011495,0.15181470615852727,0.09424663589251006,0.30592514821543704
GSE25055,GSE32646,476,0.09478021978021989,0.1930302401692512,0.11578890357548496,0.3612853264966006
GSE25055,GSE32646,477,0.09502806736166791,0.2017479064789976,0.056184306085228036,0.14615503716103628
GSE25055,GSE32646,478,0.167644183773216,0.2554453720897938,0.13436082153901122,0.4085541851045674
GSE25055,GSE32646,479,0.09617003367003374,0.06713762362418729,0.1144234986781508,0.3268790112517225
GSE25055,GSE32646,480,0.11868421052631584,0.044239354101692274,0.17704544372163988,0.5318291654020157
GSE25055,GSE32646,481,0.0786124794745483,0.018927188758110502,0.07840883796273951,0.26044785222201194
GSE25055,GSE32646,482,0.1408045977011494,0.2045912584751266,0.06344716542552556,0.1821464360581535
GSE25055,GSE32646,483,0.1672549019607843,0.15764316693058644,0.06449639939153892,0.20467107349476876
GSE25055,GSE32646,484,0.15399385560675882,0.16695365570937942,0.05675954616018816,0.1740423948655323
GSE25055,GSE32646,485,0.08764705882352952,0.08200531884912754,0.11106868684229526,0.3699917760469431
GSE25055,GSE32646,486,0.1306666666666666,0.2044380702996283,0.08486994671536413,0.22541209061333944
GSE25055,GSE32646,487,0.15577385725741777,0.20615432146874768,0.08885827196541773,0.2761387553459468
GSE25055,GSE32646,488,0.16304347826086962,0.20944653943231606,0.1294113748174001,0.4043280881312906
GSE25055,GSE32646,489,0.07933501683501676,0.01716170110308224,0.12438826279003892,0.4090373915410077
GSE25055,GSE32646,490,0.1567760942760943,0.21127375024778966,0.08780624723884206,0.24408106403819818
GSE25055,GSE32646,491,0.1026785714285714,0.05589272435367387,0.06548879201080876,0.20078675371590837
GSE25055,GSE32646,492,0.12037037037037024,0.08106962157130193,0.09718368380447492,0.288428839155751
GSE25055,GSE32646,493,0.0523529411764706,0.1090785381459437,0.09201422107041535,0.29883424010351545
GSE25055,GSE32646,494,0.1221488595438176,0.10421763436946874,0.17396580552943083,0.5072013423184392
GSE25055,GSE32646,495,0.12584175084175087,0.08744187855604668,0.10566623966277194,0.32712958837782613
GSE25055,GSE32646,496,0.10467980295566515,0.21143271294828136,0.07407537938281658,0.22271463189240753
GSE25055,GSE32646,497,0.13383838383838376,0.16168990308319342,0.04573437518591,0.15641346751512963
GSE25055,GSE32646,498,0.10566448801742934,0.05420979965426631,0.052390840589947585,0.1860170385338975
GSE25055,GSE32646,499,0.14552545155993424,0.08298580756058055,0.08316611996583625,0.275181455626639
GSE25055,GSE32646,500,0.14274509803921576,0.10342880229816365,0.06349634448021185,0.19980076552141712
GSE25055,GSE32646,501,0.1397353648757017,0.11236243994198042,0.077664359684605,0.22260968530335856
GSE25055,GSE32646,502,0.12984006734006726,0.1708618022231317,0.09626901828766296,0.3132453797269309
GSE25055,GSE32646,503,0.14532019704433496,0.21510864020448128,0.05354939682300219,0.14744578539258768
GSE25055,GSE32646,504,0.09885439763488535,0.025133286794021714,0.02487489967173706,0.10345411052372289
GSE25055,GSE32646,505,0.1767676767676768,0.212470229843781,0.06528702017415439,0.1753825914827456
GSE25055,GSE32646,506,0.14955555555555555,0.1079619275925306,0.11907811052700512,0.3352553375486307
GSE25055,GSE32646,507,0.15433333333333332,0.14633820341628964,0.15297191428594925,0.4249852082407338
GSE25055,GSE32646,508,0.12183383991894636,0.21730921369643535,0.12492894897195278,0.3892356798825185
GSE25055,GSE32646,509,0.0971172022684309,0.16498573491053697,0.15655230707505913,0.4310633536112995
GSE25055,GSE32646,510,0.0659582999198075,0.035151284436910124,0.12250642056111602,0.35416746352333783
GSE25055,GSE32646,511,0.08175803402646498,-0.01575289920109657,0.13362205804766655,0.39383005066352356
GSE25055,GSE32646,512,0.07443718228031948,-0.006181313485553064,0.04220813062144868,0.14914486868101418
GSE25055,GSE32646,513,0.039974070872947354,0.05024174591966213,0.093746765138363,0.30780691300613805
GSE25055,GSE32646,514,0.12683150183150182,0.18154621709235824,0.11723227659474739,0.3408532017235621
GSE25055,GSE32646,515,0.10445468509984612,0.05939690979579515,0.06256534550724338,0.21724601460631765
GSE25055,GSE32646,516,0.08083717357910924,0.16199320193326894,0.07140948131041333,0.21567261870631083
GSE25055,GSE32646,517,0.12764866712235146,0.10822939730749481,0.04208485006405438,0.1378336225803185
GSE25055,GSE32646,518,0.13498463901689706,0.28426640545525284,0.08683936913820095,0.270025241633567
GSE25055,GSE32646,519,0.06565656565656564,0.18139827056109326,0.10150569059273981,0.3076499661048719
GSE25055,GSE32646,520,0.15934065934065922,0.22546407773487714,0.09818496440406269,0.30769666322480405
GSE25055,GSE32646,521,0.04819508448540699,0.0662722680659738,0.10478712129433876,0.34851616566744104
GSE25055,GSE32646,522,0.10165662650602414,0.10119855994782762,0.037660581400555615,0.1679364758481101
GSE25055,GSE32646,523,0.13671023965141615,0.18010681102007736,0.059880002492705114,0.20118842185595076
GSE25055,GSE32646,524,0.0799120234604106,0.17182973201994223,0.17325097776446044,0.5545398636175543
GSE25055,GSE32646,525,0.027310924369747913,0.03294156992889963,0.16769566179415474,0.47165842749427356
GSE25055,GSE32646,526,0.11265884652981428,0.15661839073201672,0.16592648758975903,0.4828789304354954
GSE25055,GSE32646,527,0.17941176470588238,0.17353728655322775,0.11921581338864334,0.38453937376981007
GSE25055,GSE32646,528,-0.007555555555555538,-0.04064183912205355,0.11684586485876669,0.34969214420571526
GSE25055,GSE32646,529,0.0824669187145558,0.1174945307484207,0.11155170370851714,0.33965010958152636
GSE25055,GSE32646,530,0.07778668805132316,0.08236775821745684,0.10722627426944031,0.3043485041926478
GSE25055,GSE32646,531,0.07911111111111091,0.2068425282388402,0.09416397681529645,0.2876252079989907
GSE25055,GSE32646,532,0.09753901560624245,0.029568387860304524,0.16455008545636132,0.5122158035832204
GSE25055,GSE32646,533,0.12110016420361247,0.2298807901018023,0.043938618156749154,0.11463997234681345
GSE25055,GSE32646,534,0.032635467980295485,-0.004818159746901973,0.09857077619477353,0.3413093535391114
GSE25055,GSE32646,535,0.2165200391006843,0.13769423993783525,0.1083858153902964,0.29688351180500355
GSE25055,GSE32646,536,0.13965028355387532,0.21185612198870263,0.11470647771304945,0.31867108343555106
GSE25055,GSE32646,537,0.0926785714285715,0.16344369036104694,0.041830177337616375,0.13453561105717082
GSE25055,GSE32646,538,0.2065687121866897,0.20372045088269852,0.0890444666387406,0.2598229633329313
GSE25055,GSE32646,539,0.131523569023569,0.13065379702042024,0.09281481416299697,0.2662283399233679
GSE25055,GSE32646,540,0.15060501296456352,0.09773483756968337,0.11598688248985564,0.34615968063911573
GSE25055,GSE32646,541,0.11595117845117853,0.1180308293980597,0.12791096875929173,0.372083142020187
GSE25055,GSE32646,542,0.10587726879861714,0.10000590484885563,0.14367510109875506,0.442688661087703
GSE25055,GSE32646,543,0.16626650660264097,0.14814227814494213,0.19034136793786427,0.5597203716181745
GSE25055,GSE32646,544,0.06725490196078421,0.08855677687517183,0.053676518834182646,0.1965882488084046
GSE25055,GSE32646,545,0.15303379416282636,0.1113804329360929,0.07128287568183805,0.2066410715423075
GSE25055,GSE32646,546,0.058222222222222175,-0.008973749547570964,0.16857423843973526,0.5427845133076437
GSE25055,GSE32646,547,0.08723316912972101,0.1322532912952486,0.06744750791362247,0.2195803949232491
GSE25055,GSE32646,548,0.089736842105263,0.15221856666447503,0.1760272683951308,0.5083932873034391
GSE25055,GSE32646,549,0.1266540642722117,0.07739283542185904,0.1498508164848881,0.4374696558770996
GSE25055,GSE32646,550,0.2272727272727273,0.2725023886318915,0.06644757961984263,0.18731976766519243
GSE25055,GSE32646,551,0.1363421550094519,0.18908472937711313,0.09520052278937183,0.2742362202103914
GSE25055,GSE32646,552,0.15613451589061345,0.14427734288046368,0.033228425849509496,0.09589987703193548
GSE25055,GSE32646,553,0.10857963875205245,-0.002441599110880932,0.08057113915420258,0.2557363562591941
GSE25055,GSE32646,554,0.14274258219727354,0.15534969305491642,0.08835213575147868,0.25676429465177086
GSE25055,GSE32646,555,0.13439930855661197,0.13012178749931197,0.13860296168613492,0.3856816406511834
GSE25055,GSE32646,556,0.09844322344322343,0.16005723763827878,0.09650257507900478,0.28938947134825843
GSE25055,GSE32646,557,0.11132154882154865,0.06915991550401868,0.1022870948929056,0.31635184886064494
GSE25055,GSE32646,558,0.14556962025316467,0.17967189392668315,0.029987410209557613,0.12186807492730267
GSE25055,GSE32646,559,0.1431947069943289,0.25839958351931414,0.1314726431167718,0.38330428586141474
GSE25055,GSE32646,560,0.11904761904761907,0.15260526350203935,0.0753933735536029,0.20244333430646932
GSE25055,GSE32646,561,0.12689393939393945,0.15185618633661602,0.09573618494075095,0.27632293148056386
GSE25055,GSE32646,562,0.09404502541757442,0.12621442481933032,0.05228777021668102,0.14526692799826368
GSE25055,GSE32646,563,0.15382996632996637,0.20735805325616957,0.09244027079662775,0.2652443702167824
GSE25055,GSE32646,564,0.1063756063756065,0.21180559026085954,0.035904213169025034,0.15814272619011316
GSE25055,GSE32646,565,0.13752362948960317,0.25965336188894217,0.11715651727142024,0.3472845230033038
GSE25055,GSE32646,566,0.17529411764705882,0.31020142406590334,0.08829798504707823,0.22489500783805305
GSE25055,GSE32646,567,0.07697044334975378,0.11787239368124547,0.1326820186037951,0.35927510600606183
GSE25055,GSE32646,568,0.11405723905723908,0.13742562226881572,0.12460271991606128,0.38411919491870283
GSE25055,GSE32646,569,0.12597234226447707,0.18507461182824692,0.05999217162277684,0.18637520256609302
GSE25055,GSE32646,570,0.11988773055332791,0.08586116363119567,0.08895756825307957,0.2653306186700286
GSE25055,GSE32646,571,0.09638047138047146,0.09329048319590993,0.09322506224851201,0.2969643096872697
GSE25055,GSE32646,572,0.05152365677626303,0.1462132208768609,0.0859445282829531,0.29430191854152776
GSE25055,GSE32646,573,0.17193173565722575,0.20098434815587202,0.03527861954652281,0.09984123240291476
GSE25055,GSE32646,574,0.09239130434782605,0.09462044405159353,0.1187756514108014,0.35406619985633553
GSE25055,GSE32646,575,0.0976470588235292,0.1317666414345331,0.09898046875050034,0.32170698078811844
GSE25055,GSE32646,576,0.0022222222222223476,0.006679035005745848,0.13314703275641318,0.3874267234293025
GSE25055,GSE32646,577,0.16752577319587614,0.07807931687046082,0.1781441908374342,0.5140814918183111
GSE25055,GSE32646,578,0.11974584555229717,0.11459211027914401,0.12625338471296385,0.35219099487151695
GSE25055,GSE32646,579,0.15467171717171724,0.07461850308478152,0.06919698080401307,0.1666062299008052
GSE25055,GSE32646,580,0.03166160081053704,0.02762559923495833,0.13122314553351322,0.3932021448372152
GSE25055,GSE32646,581,0.17588591184096802,0.17973641471668622,0.09715689100160574,0.2766173657284613
GSE25055,GSE32646,582,0.09243222891566272,0.04881825324555733,0.044060344059455636,0.17261458222431492
GSE25055,GSE32646,583,0.10057471264367823,0.11248278665398687,0.10108392473784525,0.313063981917188
GSE25055,GSE32646,584,0.1346469622331692,0.21581670697481287,0.06901823954686798,0.23853272583056934
GSE25055,GSE32646,585,-0.018903591682419618,-0.03746383449751606,0.15413084684840292,0.4514813091687817
GSE25055,GSE32646,586,0.11946259985475671,0.20920845706738922,0.032182360426265016,0.10139520706038774
GSE25055,GSE32646,587,0.15476190476190488,0.23082873648579588,0.030655202085808214,0.08593553599874015
GSE25055,GSE32646,588,0.0890937019969279,0.054339008115671494,0.0836648289145368,0.2787667781570541
GSE25055,GSE32646,589,0.1962222222222222,0.12009442138523047,0.08614734694109585,0.23796129458832804
GSE25055,GSE32646,590,0.06987399770904923,-0.016467066561510035,0.11856836433590803,0.3417241305744095
GSE25055,GSE32646,591,0.2171052631578948,0.18566897405257649,0.08910432379109198,0.2277350151374793
GSE25055,GSE32646,592,0.08832565284178173,0.10010247949938977,0.08206515510463547,0.258910138886167
GSE25055,GSE32646,593,0.008859118409680344,0.005159599551371685,0.09535677756857061,0.3026450435268017
GSE25055,GSE32646,594,0.05498281786941572,-0.0043754800945894345,0.16130258562426547,0.4478983031777922
GSE25055,GSE32646,595,0.10705693664795501,0.08588896882471453,0.07651129788044916,0.24505022465573356
GSE25055,GSE32646,596,0.12044444444444435,0.02807904775336101,0.09569224852186856,0.30273116652530885
GSE25055,GSE32646,597,0.12388926862611072,0.08953710756076627,0.020430942092093868,0.07593519927571946
GSE25055,GSE32646,598,0.10395622895622914,0.06487969217743317,0.06734245071517089,0.1967018668007443
GSE25055,GSE32646,599,0.09485738980121006,0.09211557467823894,0.0948463851219207,0.33397260251540645
GSE25055,GSE32646,600,0.07917532917532921,0.09792003501660229,0.018270848565949876,0.08322263474900338
GSE25055,GSE32646,601,0.07014767932489452,0.07939412745831897,0.08337884948237406,0.2333714795789309
GSE25055,GSE32646,602,0.15111111111111108,0.07082584774730472,0.0990532157627492,0.278458778945621
GSE25055,GSE32646,603,0.14367816091954033,0.0803684193153199,0.08489964772813591,0.20763335967380991
GSE25055,GSE32646,604,0.0971428571428572,0.13238470442364375,0.06555929818440934,0.23447998049423535
GSE25055,GSE32646,605,0.0908882783882784,0.04633897721063196,0.1345828128007962,0.4268108293743724
GSE25055,GSE32646,606,0.10897435897435892,0.024367051966713293,0.12494780392090113,0.3534899695652066
GSE25055,GSE32646,607,0.0811339198435973,0.11748260879546507,0.11223695055461702,0.3227160959624368
GSE25055,GSE32646,608,-0.02155555555555555,0.015447588456401262,0.13308997667558306,0.4180635614811465
GSE25055,GSE32646,609,0.10607843137254902,0.09718233189051317,0.11070332739840202,0.3597789244946361
GSE25055,GSE32646,610,0.13909932659932644,0.13623557337443087,0.11037261345763855,0.3332376018842734
GSE25055,GSE32646,611,0.03867102396514166,0.04235954617558546,0.054793618695868906,0.15468977130891548
GSE25055,GSE32646,612,0.15333333333333343,0.2371325201492937,0.09974552137853954,0.2835460576489234
GSE25055,GSE32646,613,-0.0006313131313131493,0.00543550345029592,0.09688906839368466,0.2927735280980044
GSE25055,GSE32646,614,0.12561576354679804,0.14087349249667486,0.0833070798535876,0.2552582478312072
GSE25055,GSE32646,615,0.1277356902356902,0.1573128709968647,0.1164020844169327,0.37487095217230576
GSE25055,GSE32646,616,0.10022222222222221,0.07431996765581839,0.08270430073393806,0.2503382910566724
GSE25055,GSE32646,617,0.1061165845648604,0.17089107368943468,0.11216995886365608,0.3595947804273745
GSE25055,GSE32646,618,0.20971385542168675,0.14383771046736216,0.026024403548301517,0.07748802135029231
GSE25055,GSE32646,619,0.10522904062229888,0.25019143740542527,0.0974932083170694,0.28045709765794036
GSE25055,GSE32646,620,0.10824548192771088,0.03662089470809082,0.03878318782879814,0.14332741914439717
GSE25055,GSE32646,621,0.13741582491582505,0.13537076540512155,0.09513436190138247,0.27339117158719684
GSE25055,GSE32646,622,0.11489898989898994,0.19674952222707853,0.10072789879275465,0.291891703012138
GSE25055,GSE32646,623,0.033333333333333326,0.08535763461907464,0.08272537558801343,0.26792966187345446
GSE25055,GSE32646,624,0.13925438596491224,0.18744247114018714,0.13765294665143024,0.3982457734251118
GSE25055,GSE32646,625,0.16684822076978933,0.16841498909500086,0.007375721740466801,0.04390337038088743
GSE25055,GSE32646,626,0.09823529411764709,0.013115409319384375,0.08614217322716722,0.2829768508353121
GSE25055,GSE32646,627,0.06466666666666665,0.1092294235918318,0.11640005375085036,0.33236469249644984
GSE25055,GSE32646,628,0.05112269446672013,0.03734870399530099,0.09847281699473948,0.28685702721003237
GSE25055,GSE32646,629,0.10479688850475366,0.12636137242178547,0.09535468022603044,0.2971443865441124
GSE25055,GSE32646,630,0.14795509222133119,0.08691246201879649,0.08245621156595045,0.2358659419018554
GSE25055,GSE32646,631,0.146403242147923,0.20107192540197827,0.1602940180333893,0.4511266537591115
GSE25055,GSE32646,632,0.10406403940886688,0.1296686987839618,0.12134828325284064,0.39745610845298096
GSE25055,GSE32646,633,0.09743265993265982,0.18149148677285004,0.074609511728358,0.20731474298073016
GSE25055,GSE32646,634,0.10254988913525498,0.003070660199585795,0.03780703085018605,0.11768943220655281
GSE25055,GSE32646,635,0.07502443792766378,0.1255722381471273,0.159956284598134,0.4373809180893624
GSE25055,GSE32646,636,0.18023255813953487,0.12450380949588596,0.029716125628911932,0.10258816672177506
GSE25055,GSE32646,637,0.08059764309764328,0.12035383977276787,0.13241225944193755,0.42416634215281096
GSE25055,GSE32646,638,0.0658823529411765,0.040413140241419065,0.06938122499631161,0.22599573460778621
GSE25055,GSE32646,639,0.11284513805522212,0.16673097839294884,0.14694989212149717,0.4318144001573569
GSE25055,GSE32646,640,0.08522727272727271,0.13638124841088584,0.0711494425110934,0.2489141429986152
GSE25055,GSE32646,641,0.070008643042351,0.12454967553327512,0.09411418152822057,0.2603019409398011
GSE25055,GSE32646,642,0.07821953327571296,0.03980460647958345,0.09522630402116905,0.2755235378533791
GSE25055,GSE32646,643,0.08388468809073724,0.1727775883949339,0.19502995564396153,0.5931124595975655
GSE25055,GSE32646,644,0.12267839687194537,0.1040571646086122,0.11742395324079777,0.3195016525319606
GSE25055,GSE32646,645,0.14288720538720545,0.21675324242625138,0.07633115275256247,0.20598479109760448
GSE25055,GSE32646,646,0.11011904761904756,0.1732004898463776,0.12047018743719898,0.36854495779969687
GSE25055,GSE32646,647,0.10698447893569851,0.1003797633603633,0.06613932961983021,0.19564274913813073
GSE25055,GSE32646,648,0.1224007561436673,0.13357841371015355,0.11503401600045945,0.33075483968539726
GSE25055,GSE32646,649,0.12205387205387208,0.1353124007089947,0.11851063205461979,0.36865677811804365
GSE25055,GSE32646,650,0.1164649956784789,0.15799911099733832,0.0978389668773536,0.28034493055684967
GSE25055,GSE32646,651,0.1594827586206896,0.13943034460852743,0.056735363255265236,0.1753902611630197
GSE25055,GSE32646,652,0.12980392156862752,0.05272312897989262,0.05019750298374598,0.13179126750832781
GSE25055,GSE32646,653,0.09455128205128216,0.029247271790499907,0.08776829110231468,0.2970957460009825
GSE25055,GSE32646,654,0.13288677614520306,0.17912652221040554,0.10064376850912651,0.29645051447842685
GSE25055,GSE32646,655,0.05718954248366026,0.09497002068785776,0.0405828620336878,0.1265879156920071
GSE25055,GSE32646,656,0.054711246200607855,0.060437793181433885,0.14584818926960716,0.4593047938376987
GSE25055,GSE32646,657,0.1350475367329299,0.15859538936000167,0.14668458406252116,0.4382377772677939
GSE25055,GSE32646,658,0.19860692771084332,0.22494886532506242,0.05744826829728217,0.19702080564459168
GSE25055,GSE32646,659,0.03105263157894733,-0.10553137596156092,0.15119628213586503,0.4380805221746195
GSE25055,GSE32646,660,0.11732456140350878,0.078819941273984,0.11621771072385613,0.3194151809565718
GSE25055,GSE32646,661,0.13236842105263158,0.19934552603236794,0.10702466909475014,0.32448439621209196
GSE25055,GSE32646,662,0.04990842490842473,0.026732124504250165,0.15191178403213645,0.4329966235095169
GSE25055,GSE32646,663,0.1367845117845118,0.16525661009472487,0.10817430461180888,0.34402861603738666
GSE25055,GSE32646,664,0.10599999999999998,0.09195306531383712,0.10991168242961277,0.3245725375160853
GSE25055,GSE32646,665,0.08293950850661636,0.14419317114743713,0.09279571708408382,0.2942992204188486
GSE25055,GSE32646,666,0.08057228915662662,0.0713950029124466,0.053345995503071564,0.1869253970174528
GSE25055,GSE32646,667,0.1146666666666668,0.1686126722828747,0.10661476112010054,0.3282028826271114
GSE25055,GSE32646,668,0.10508308895405671,0.11170263612737252,0.11484362036484808,0.3332911120274979
GSE25055,GSE32646,669,0.06060606060606066,0.16765179393012136,0.08671505983931477,0.25233899110238633
GSE25055,GSE32646,670,0.15311986863711013,0.12488898908252744,0.06429716911835914,0.19809270653457234
GSE25055,GSE32646,671,0.08691077441077433,0.12429905881528858,0.12190478506725252,0.3852657297819465
GSE25055,GSE32646,672,0.0625960061443932,0.05154801083258037,0.11539310513644199,0.3531434965756233
GSE25055,GSE32646,673,0.003891941391941489,0.006090855609383883,0.1531953567095757,0.4427101385235062
GSE25055,GSE32646,674,0.062445980985306626,0.07656849035110624,0.10045908853273303,0.2702149945561074
GSE25055,GSE32646,675,0.2450980392156863,0.15320057823164618,0.02428350541328625,0.05591421452991363
GSE25055,GSE32646,676,0.07514177693761803,0.017679844632941033,0.1632751045984535,0.5324195709732618
GSE25055,GSE32646,677,0.1282991202346041,0.2311821454411641,0.12478584004777304,0.34557951066049813
GSE25055,GSE32646,678,0.08167036215816703,0.05062308201821225,0.08634869422073421,0.24892203737229635
GSE25055,GSE32646,679,0.1317442719881745,0.22270181484783208,0.0602198148107532,0.18713873164988926
GSE25055,GSE32646,680,0.08210890233362145,0.051857310805988655,0.09269769232490288,0.28105368524603114
GSE25055,GSE32646,681,0.05623973727422016,0.0021674597314627064,0.10003497010374585,0.31439775635485445
GSE25055,GSE32646,682,0.13078947368421034,0.13046043377983207,0.14349151530996554,0.3970941045871563
GSE25055,GSE32646,683,0.10601265822784822,0.12395112952572551,0.051222603874197,0.12010471089905495
GSE25055,GSE32646,684,0.0892857142857143,0.09524389605653028,0.07602652393029996,0.22761204581060634
GSE25055,GSE32646,685,0.07389251997095148,0.1492354178659958,0.06688650648353059,0.20103498384677443
GSE25055,GSE32646,686,0.10181079083518119,0.0944913033620044,0.054477882793244364,0.16612654969042973
GSE25055,GSE32646,687,0.12798874824191275,0.12319503907621032,0.03865848645651199,0.11746641320872409
GSE25055,GSE32646,688,0.08059342421812332,-0.0036803411272481323,0.10631675533874521,0.32350690144914895
GSE25055,GSE32646,689,0.1644657863145259,0.11508102999780229,0.1482464035493358,0.4083565551301853
GSE25055,GSE32646,690,0.08128078817733986,0.017147600221417314,0.11720519764442186,0.38233457789945013
GSE25055,GSE32646,691,0.08921411387329592,0.03828422870799797,0.058488052080092195,0.18930175207610822
GSE25055,GSE32646,692,0.1262626262626263,0.20214760068274734,0.08673572139533262,0.2618600791501755
GSE25055,GSE32646,693,0.0942857142857142,0.07660432452179544,0.08746007105800249,0.2755017827461831
GSE25055,GSE32646,694,0.09512061403508776,0.11308900592688009,0.19751233674112326,0.5835696794948864
GSE25055,GSE32646,695,0.11244444444444446,0.15091668307595452,0.0907152891878038,0.27057439639213776
GSE25055,GSE32646,696,0.14749999999999985,0.1710152729550405,0.02951006323487826,0.11833050995189576
GSE25055,GSE32646,697,0.0642222222222224,-0.0013996934005870987,0.13652593116713796,0.4386724747312778
GSE25055,GSE32646,698,0.0686705767350928,0.18417262757785446,0.09016181654483041,0.2376225844541277
GSE25055,GSE32646,699,0.08601134215500938,0.08239928957764131,0.15262308995665871,0.4994173536487321
GSE25055,GSE32646,700,0.11282932416953029,0.0768771202364214,0.16447057240165697,0.4972100128626895
GSE25055,GSE32646,701,0.09002835538752352,0.16256602668910847,0.1269919255933665,0.35538802500664984
GSE25055,GSE32646,702,0.09259259259259267,0.08401842857210279,0.04302723635227787,0.17112074993417659
GSE25055,GSE32646,703,0.13532477947072974,0.1665549681878739,0.07145328261459319,0.23454911250752541
GSE25055,GSE32646,704,0.07717569786535294,0.045494088156035895,0.14229973203658844,0.4186033188993493
GSE25055,GSE32646,705,0.11363636363636354,0.21904351293324242,0.1087064777826009,0.3374776666398417
GSE25055,GSE32646,706,0.12644444444444447,0.18953841639871027,0.1093809927631596,0.3436825540816727
GSE25055,GSE32646,707,0.14400000000000002,0.1879662710831691,0.08409908899849489,0.24526309162737608
GSE25055,GSE32646,708,0.10805860805860812,0.12149810506427866,0.08977150161400976,0.28111961495864457
GSE25055,GSE32646,709,0.09917891097666387,0.11858673251883145,0.12241680302581698,0.3657278838286607
GSE25055,GSE32646,710,0.16539578794480747,0.17629997188488028,0.0076417983031645265,0.0521266271684544
GSE25055,GSE32646,711,0.09024577572964676,0.14347767962969782,0.045443152184770214,0.13868207123393128
GSE25055,GSE32646,712,0.1620370370370371,0.14597565329016193,0.08602817344878122,0.23451445132183402
GSE25055,GSE32646,713,0.05694037145650044,0.15000935645052393,0.11930858738957634,0.36596777560149385
GSE25055,GSE32646,714,0.06465517241379315,0.048364119277214956,0.07296796667090882,0.2735345439495211
GSE25055,GSE32646,715,0.12627450980392152,0.14573148857715817,0.10170632371327007,0.31268793332948364
GSE25055,GSE32646,716,0.0642722117202269,0.04456373543291359,0.12734097777834225,0.3911342552420643
GSE25055,GSE32646,717,0.16227409638554224,0.10236728045485088,0.06680622691917054,0.20332426124102687
GSE25055,GSE32646,718,0.11827956989247324,0.057647850174474435,0.1240149483107725,0.3375272903832658
GSE25055,GSE32646,719,0.1724444444444445,0.18190611885472535,0.08310807901297457,0.24101175962032373
GSE25055,GSE32646,720,0.18034511784511775,0.19966884740874452,0.08651724574892014,0.2721824259085479
GSE25055,GSE32646,721,0.12305986696230597,0.12205763320447349,0.041817622781528174,0.12719427797166205
GSE25055,GSE32646,722,0.13468013468013473,0.05906962785877817,0.13408440570762808,0.3924435199310726
GSE25055,GSE32646,723,0.0893640350877194,0.012586486109034845,0.17826365026379987,0.5257408683838825
GSE25055,GSE32646,724,0.11466666666666658,0.1767397807254235,0.12160345716371304,0.34342877875972466
GSE25055,GSE32646,725,0.11819172113289766,0.161344931761581,0.05764629710046826,0.1605468249903197
GSE25055,GSE32646,726,0.1155303030303031,0.1200528905326732,0.06055072555274263,0.16995975234026633
GSE25055,GSE32646,727,0.12641776937618143,0.17095492767570397,0.10450695339321661,0.29961570947238286
GSE25055,GSE32646,728,0.1505882352941177,0.1261880724260065,0.06569008873178009,0.2294794642207738
GSE25055,GSE32646,729,0.1487341772151899,0.11309433913058209,0.020364329208963472,0.08531217811483316
GSE25055,GSE32646,730,0.08299919807538092,0.09827143653884862,0.05815600864352627,0.19179591484839298
GSE25055,GSE32646,731,0.13310285220397577,0.1793746307062244,0.12999719345751548,0.3582344305664755
GSE25055,GSE32646,732,0.10555555555555551,0.08332341531091597,0.09892056630037402,0.3061000064896037
GSE25055,GSE32646,733,0.17556710775047268,0.22200800686410005,0.1196747965763155,0.36411232003970384
GSE25055,GSE32646,734,0.11678981937602617,0.1507995384625097,0.07563310471966894,0.24625493789891773
GSE25055,GSE32646,735,0.11111111111111105,0.09104456361852092,0.09299983915538901,0.29272385380782884
GSE25055,GSE32646,736,0.04258241758241754,0.07405745605270414,0.16390869118410156,0.4589388347554589
GSE25055,GSE32646,737,0.15049342105263164,0.05802504310708989,0.13484268792169835,0.399711845655662
GSE25055,GSE32646,738,0.05131362889983582,0.04034737499494234,0.1336911880466463,0.36641361712428533
GSE25055,GSE32646,739,0.06666666666666654,0.09588354441425095,0.05661843923811308,0.18790691659792602
GSE25055,GSE32646,740,0.0484444444444444,-0.0007714068804771101,0.13984937494034552,0.42023032376826686
GSE25055,GSE32646,741,0.17108585858585867,0.1213212571478241,0.058705507579391,0.17080384349037203
GSE25055,GSE32646,742,0.09683239775461094,0.10042985381311353,0.0996666757591374,0.30473121827587224
GSE25055,GSE32646,743,0.10752688172043001,0.19096800792194768,0.1347671778382015,0.4233285931082783
GSE25055,GSE32646,744,0.11705882352941177,0.21025390205371464,0.08025448824383521,0.23421207863327076
GSE25055,GSE32646,745,0.02290406222990493,0.11696162910594399,0.08861612040571645,0.2579416475654404
GSE25055,GSE32646,746,0.1626344086021505,0.1741120808564468,0.039763893668169875,0.12275606988574717
GSE25055,GSE32646,747,0.08939708939708935,0.0575899069351804,0.019185496341890595,0.08821545407023668
GSE25055,GSE32646,748,0.08000000000000007,0.001547224605123576,0.0627530832000566,0.20452079966380332
GSE25055,GSE32646,749,0.10966117216117222,0.05523906107520404,0.12211300833540695,0.3412058148219286
GSE25055,GSE32646,750,0.01128899835796393,-0.07340634878575752,0.10984923119262455,0.3457704640503725
GSE25055,GSE32646,751,0.11174636174636166,0.1648531161725455,0.022545767057609356,0.0835808859148428
GSE25055,GSE32646,752,0.0837173579109064,0.11042717857377304,0.054651571368671104,0.13797661089827062
GSE25055,GSE32646,753,0.11170212765957444,0.06311065902674062,0.13157679748127266,0.41998416826727236
GSE25055,GSE32646,754,0.10998271391529812,0.17032173558533537,0.12868818523701772,0.39077510890117634
GSE25055,GSE32646,755,0.0956325301204819,0.05864981311429157,0.08350138309772953,0.25155126700206887
GSE25055,GSE32646,756,0.07440476190476175,0.05618524475838055,0.1624376021397658,0.5040692703493639
GSE25055,GSE32646,757,0.06272893772893773,0.1896496290341485,0.09168056761874871,0.2678648579595948
GSE25055,GSE32646,758,0.11742424242424254,0.07937220859473892,0.08705415678432432,0.28646153514850436
GSE25055,GSE32646,759,0.1649096385542168,0.2322696847959798,0.04106604070058387,0.10564757752072851
GSE25055,GSE32646,760,0.09466666666666668,0.19388908945802152,0.11850236080036833,0.3529210680605151
GSE25055,GSE32646,761,0.09932659932659949,0.13400988969477046,0.08792181887891273,0.2720278589600662
GSE25055,GSE32646,762,0.1422558922558922,0.11166305541333771,0.12779258236686625,0.3851553610544748
GSE25055,GSE32646,763,0.032379518072289115,0.05929271728241381,0.07777049287084112,0.2320870920136353
GSE25055,GSE32646,764,0.14334402566158788,0.2327282011688655,0.05646714816569398,0.15748694078657632
GSE25055,GSE32646,765,0.16920609462710512,0.15905940049604217,0.08794581512153685,0.24538403800472486
GSE25055,GSE32646,766,0.10578947368421054,0.10041362381596103,0.12774812480481476,0.3912914809282946
GSE25055,GSE32646,767,0.19667201283079394,0.1546583729681661,0.0739194809177453,0.19750412855777544
GSE25055,GSE32646,768,0.05834001603849226,0.17880117170457277,0.053148153791407915,0.18048983227346171
GSE25055,GSE32646,769,0.08664649956784798,0.1792319386246144,0.10166639903697425,0.30563735032487355
GSE25055,GSE32646,770,0.03300000000000003,0.022121935838036122,0.0664889037391228,0.19252255699290677
GSE25055,GSE32646,771,0.12310606060606066,0.17285972099857194,0.08812715736990545,0.2491227564699131
GSE25055,GSE32646,772,0.1702441077441076,0.2288726596142583,0.06299074211277572,0.1748249917660668
GSE25055,GSE32646,773,0.1112479474548439,0.23512628702377825,0.056917925407823894,0.14599611077501973
GSE25055,GSE32646,774,0.10933333333333328,0.12023198414168496,0.1181750481057593,0.31735759624897975
GSE25055,GSE32646,775,0.12520525451559938,0.02971205766567192,0.09963573011416266,0.2934105218460543
GSE25055,GSE32646,776,0.17405582922824292,0.13813892945132888,0.07095820534007333,0.2391839647870866
GSE25055,GSE32646,777,0.1149949341438703,0.2249679192791369,0.14074503404684036,0.3899730257263723
GSE25055,GSE32646,778,0.17204301075268824,0.2880995446757192,0.09735944768940827,0.32830210861901976
GSE25055,GSE32646,779,0.039199561403508776,0.1539667635758964,0.1623956166065742,0.4819569556670112
GSE25055,GSE32646,780,0.1559065934065934,0.2676841459923716,0.12847042639456718,0.3523347230870857
GSE25055,GSE32646,781,0.12510024057738556,0.1633000037070157,0.10308233648413262,0.28403004909094065
GSE25055,GSE32646,782,0.05976430976430969,0.01765631463669115,0.12276907094653958,0.3751906097237606
GSE25055,GSE32646,783,0.1417647058823529,0.15298284084192165,0.05959342151154656,0.1845868763474191
GSE25055,GSE32646,784,0.0797558922558923,0.131802382861339,0.09174149095613993,0.2886387056228672
GSE25055,GSE32646,785,0.06965488215488214,0.08543538863539613,0.0720684194613789,0.24345364377980705
GSE25055,GSE32646,786,0.15990990990990994,0.10105443605398245,-0.0015907238736382057,-0.016768617749853276
GSE25055,GSE32646,787,0.057411674347158215,0.0009322416478225737,0.0738819435119421,0.2355463337879935
GSE25055,GSE32646,788,0.12184343434343436,0.12281861502856956,0.11096495704376921,0.30976477643444456
GSE25055,GSE32646,789,0.051210025929127045,0.11577757400075006,0.09936847139071645,0.30526919641346406
GSE25055,GSE32646,790,0.20250472589792057,0.18467815574652674,0.11657244026177019,0.33233554276365596
GSE25055,GSE32646,791,0.0432419659735348,-0.051584884407578246,0.16252332250538828,0.5183907957870457
GSE25055,GSE32646,792,0.14269578313253006,0.26167655943221696,0.06385493343728779,0.18693189974301083
GSE25055,GSE32646,793,0.03917220990391723,0.06653838127162115,0.04740336421364488,0.16390522009035602
GSE25055,GSE32646,794,0.06784788245462392,0.030354860767988656,0.12600800814983495,0.369251369949561
GSE25055,GSE32646,795,0.11126704089815553,0.17338656838522531,0.07349724458396373,0.266348782274735
GSE25055,GSE32646,796,0.13720829732065687,0.038388496463838295,0.07087028422190259,0.2210049851769187
GSE25055,GSE32646,797,0.12639311043566348,0.1773474965425466,0.13306838252653483,0.3750142933496146
GSE25055,GSE32646,798,0.0662878787878789,0.05232954534346407,0.10942198648714765,0.35623197014707664
GSE25055,GSE32646,799,0.07617845117845123,0.1733196813157194,0.10468573603280332,0.33912628719369464
GSE25055,GSE32646,800,0.09238728750923864,0.05404517016348631,0.045083286368212044,0.16316557747661087
GSE25055,GSE32646,801,0.12445980985306826,0.11122256186170609,0.07065126026228183,0.2148688085290475
GSE25055,GSE32646,802,0.1513047138047139,0.1012409617792257,0.06564828505407577,0.21091985666272883
GSE25055,GSE32646,803,0.12510024057738567,0.08432738905689363,0.08145886421807574,0.2263165512537848
GSE25055,GSE32646,804,0.14655172413793105,0.1363658324605747,0.04500919481072707,0.17413031798112244
GSE25055,GSE32646,805,0.11213517665130568,0.050796482885646865,0.07532510214854074,0.2326960425361524
GSE25055,GSE32646,806,0.17754515599343168,0.23785741777343616,0.07885795056362818,0.23266842514240949
GSE25055,GSE32646,807,0.14052287581699352,0.13336760353433408,0.0089469617615624,0.05619715394804814
GSE25055,GSE32646,808,0.12047898338220919,0.10442156400866404,0.12526454140257526,0.3636778157952299
GSE25055,GSE32646,809,0.09176349965823638,0.08340728713217227,0.08587650164752378,0.27646294459610465
GSE25055,GSE32646,810,0.20012626262626276,0.21862499887340908,0.10216069050070162,0.2942356563213595
GSE25055,GSE32646,811,0.05954631379962194,0.0887715635127917,0.10551943676549075,0.2874825915910868
GSE25055,GSE32646,812,0.10426929392446627,0.10554836206521206,0.10046931694792824,0.3599610911384987
GSE25055,GSE32646,813,0.1512725779967159,0.14210320697293483,0.0920900216280155,0.30170672638046625
GSE25055,GSE32646,814,0.11974584555229717,0.17270586729388981,0.13397472136043614,0.42414190843648414
GSE25055,GSE32646,815,0.14347290640394084,0.19129396540709598,0.10028548762568754,0.2830192715002734
GSE25055,GSE32646,816,0.11474219317356571,0.21711110610021433,0.07153683820261994,0.2047742510707582
GSE25055,GSE32646,817,0.11546840958605664,0.15937177719306356,0.02243689080266864,0.12372104103870374
GSE25055,GSE32646,818,0.13263157894736832,0.08590200594984346,0.1640958072269452,0.5222084598162499
GSE25055,GSE32646,819,0.12381852551984873,0.21420940533181287,0.10000284930416545,0.299103228080002
GSE25055,GSE32646,820,0.17323481116584571,0.1451154321887161,0.07425309931891136,0.19313219095482503
GSE25055,GSE32646,821,0.18666666666666665,0.18575663090233402,0.0905230168949232,0.2715382467257925
GSE25055,GSE32646,822,0.15622222222222215,0.1741453389699818,0.09105593760402217,0.28357851785234056
GSE25055,GSE32646,823,0.0697004608294931,0.02534730307853339,0.08941153868410898,0.3004790452713867
GSE25055,GSE32646,824,0.01598962834917883,-0.015956579391103176,0.11304003642518995,0.34873203349202914
GSE25055,GSE32646,825,0.0481950844854071,-0.006636766181662868,0.08675889963615382,0.32129848493635904
GSE25055,GSE32646,826,0.19376181474480147,0.1619425729785371,0.0690445953399885,0.19749220070614165
GSE25055,GSE32646,827,0.08993157380254135,0.21140385105497395,0.16027847347609364,0.4819148459849453
GSE25055,GSE32646,828,0.19554883318928284,0.11375557144708559,0.110908798468796,0.3187084095502639
GSE25055,GSE32646,829,0.07655502392344504,0.11852118078688911,0.06955396523318433,0.21596378109247005
GSE25055,GSE32646,830,0.05105311355311348,0.09193323508357581,0.13632321104136702,0.41506245878438
GSE25055,GSE32646,831,0.14585133967156427,0.03413398076888552,0.08348086307141009,0.2139102926399966
GSE25055,GSE32646,832,0.011704681872748979,0.006186778438380336,0.19482858834931444,0.5849669039599343
GSE25055,GSE32646,833,0.009386446886446853,0.04093617568035257,0.10687317266949703,0.32511361079351453
GSE25055,GSE32646,834,0.14844444444444438,0.13441683256819315,0.10191857019861297,0.3027261807810266
GSE25055,GSE32646,835,0.10124298315958302,0.0497012508741167,0.11764060128486173,0.37252328394554546
GSE25055,GSE32646,836,0.1086666666666668,0.08794622840135935,0.1004216028900963,0.3013137249476109
GSE25055,GSE32646,837,0.10752688172043001,0.08707658882822811,0.1399627764068151,0.381439615639947
GSE25055,GSE32646,838,0.11172161172161188,0.1322161708758039,0.13871655752761938,0.39426148285150475
GSE25055,GSE32646,839,0.1302660753880266,0.16396576808517915,0.044564906161143586,0.148637313337164
GSE25055,GSE32646,840,0.14100150602409645,0.20356129722151295,0.0394480007397969,0.12515252050375825
GSE25055,GSE32646,841,0.1545368620037808,0.05673548240546561,0.11598295711480594,0.3427579589644786
GSE25055,GSE32646,842,0.11928628708901368,0.15380546720267574,0.10532661388765005,0.3327649582264207
GSE25055,GSE32646,843,0.11941580756013737,0.16910335281955313,0.1416066087347842,0.36905945297727333
GSE25055,GSE32646,844,0.03803921568627444,-0.0028471207917791785,0.0963347665055184,0.3452775277919717
GSE25055,GSE32646,845,0.1664562289562289,0.2710895599258575,0.10809119113986651,0.3347675347620602
GSE25055,GSE32646,846,0.1407624633431086,0.19386647822995967,0.13347789169750418,0.3937888449592266
GSE25055,GSE32646,847,0.017399267399267337,0.0611493184714873,0.1375487462477189,0.4160046926817386
GSE25055,GSE32646,848,0.11882352941176477,0.07967768899500588,0.060689511020316195,0.2061020942109798
GSE25055,GSE32646,849,0.21380471380471366,0.23449431801707982,0.07504722307664397,0.19976635142520138
GSE25055,GSE32646,850,0.14412273120138297,0.15225500413245646,0.10144367552549527,0.2833444111916236
GSE25055,GSE32646,851,0.08058823529411763,0.19007490823653556,0.056284434829099284,0.15803556608002267
GSE25055,GSE32646,852,0.10098522167487689,0.19558201192784153,0.05091205096879681,0.16678035241948191
GSE25055,GSE32646,853,0.15477145148356053,0.22118659404795982,0.07883198050220955,0.2266358396919862
GSE25055,GSE32646,854,0.11616161616161613,0.11843877556402116,0.10862887414708353,0.3360322430798634
GSE25055,GSE32646,855,0.056664156626506035,0.0945732344659142,0.05605826764431565,0.19278009943627694
GSE25055,GSE32646,856,0.07280319535221502,0.10306087004485792,0.05309850631146534,0.16980235792124532
GSE25055,GSE32646,857,0.10661492978566156,0.11057503360840826,0.049285407948379184,0.16742002858444482
GSE25055,GSE32646,858,0.053951367781154946,0.04130570234362663,0.14733179775657126,0.4769490447970287
GSE25055,GSE32646,859,0.08167675021607612,0.12103937961008104,0.10076960147206201,0.31687279966842496
GSE25055,GSE32646,860,0.11932892249527405,0.09973381187263675,0.11987717159089106,0.3310237763711787
GSE25055,GSE32646,861,0.09093211752786234,0.11868075879917328,0.10525353580711617,0.3032349731832147
GSE25055,GSE32646,862,0.06424466338259438,0.0969483985893107,0.06490038717829755,0.22572905061962123
GSE25055,GSE32646,863,0.13492381716118684,0.15288368946157016,0.09647604217637681,0.31457607367043783
GSE25055,GSE32646,864,0.1333928571428571,0.1342339251542894,0.026753143213863267,0.09315613248041532
GSE25055,GSE32646,865,0.10220397579948137,0.13608298929116502,0.09288169781367234,0.25107486413645586
GSE25055,GSE32646,866,0.1246334310850441,0.14189934726504044,0.08909505779204882,0.2658577345369587
GSE25055,GSE32646,867,0.06544612794612803,0.08540738184445701,0.08315331855696903,0.2841913750140619
GSE25055,GSE32646,868,-0.010396975425330801,0.01009008262418798,0.16794946323397011,0.5028337091971343
GSE25055,GSE32646,869,0.15518084066471172,0.13883697776615517,0.14077389416432984,0.40565145209060055
GSE25055,GSE32646,870,0.10532150776053217,0.16336875361814462,0.07710753645038823,0.2385257280981402
GSE25055,GSE32646,871,0.1049382716049383,0.13250131891135242,0.04945379507477746,0.16562899549230214
GSE25055,GSE32646,872,0.12788018433179726,0.17931604403374857,0.044693607879793235,0.1512522029008656
GSE25055,GSE32646,873,0.11063094209161628,0.11622259915803523,0.1082236349469459,0.31336201696202715
GSE25055,GSE32646,874,0.17784313725490197,0.2645467219826982,0.0829047069752954,0.24823507325590188
GSE25055,GSE32646,875,0.13117647058823534,0.03653884861428491,0.09943042900874763,0.2898507503976927
GSE25055,GSE32646,876,0.13446969696969702,0.11426479163333703,0.08930749297212484,0.2619063917973703
GSE25055,GSE32646,877,0.1213517665130569,0.1582843128657926,0.04661565203405521,0.1464739649737048
GSE25055,GSE32646,878,0.0625960061443932,0.10112600003736139,0.053299935585710584,0.17372222249885272
GSE25055,GSE32646,879,0.02873811581676733,0.008357987298803216,0.12784166345584877,0.4250390545455219
GSE25055,GSE32646,880,0.04755892255892258,0.05253500711430614,0.09040120550985029,0.2887355669233463
GSE25055,GSE32646,881,0.10459433040078214,0.11479620104976829,0.10227051587414607,0.29942904585531505
GSE25055,GSE32646,882,0.10133333333333328,0.16239991122676883,0.08622238340169128,0.26776846376560964
GSE25055,GSE32646,883,0.06609195402298851,0.1405422851453214,0.08586164102150062,0.2872063563153588
GSE25055,GSE32646,884,0.1554901960784314,0.07552607827998531,0.07828566917047458,0.23638801739544413
GSE25055,GSE32646,885,0.08294930875576023,0.07770142291082738,0.047247459505378675,0.13125344032601627
GSE25055,GSE32646,886,0.12972589792060496,0.07549134285609543,0.1393163254843005,0.41242721173036095
GSE25055,GSE32646,887,0.15311004784688997,0.22943792292043136,0.004393015220653412,0.02987602810765244
GSE25055,GSE32646,888,0.1492846385542168,0.02410686194273931,0.03389008411287847,0.10405993706460437
GSE25055,GSE32646,889,0.0647368421052632,0.18054940671709174,0.17256709910593693,0.5053909662629994
GSE25055,GSE32646,890,0.08058823529411763,0.10948941256105571,0.06564332829208641,0.18731926154695122
GSE25055,GSE32646,891,0.13592622293504408,0.16993363915929788,0.06409830535469638,0.16907829449664724
GSE25055,GSE32646,892,0.1449096880131362,0.13694737939628376,0.05267021464362359,0.1675975852657114
GSE25055,GSE32646,893,0.04822222222222239,0.06036971912487493,0.11787192100543112,0.3283131404842489
GSE25055,GSE32646,894,0.18813131313131304,0.31509354236388576,0.05749785971863863,0.1632671925310285
GSE25055,GSE32646,895,0.1664444444444445,0.2400139960340525,0.06920271928660762,0.1931210400311817
GSE25055,GSE32646,896,0.11261107313738894,0.10611153997858203,0.007450534334340175,0.0376911688555005
GSE25055,GSE32646,897,0.11220871327254311,0.05352918166740811,0.15326122170386888,0.44735561373403493
GSE25055,GSE32646,898,0.17631362889983582,0.17163614228331736,0.07229481973939422,0.20638060293094118
GSE25055,GSE32646,899,0.1872362869198313,0.13157867687359293,0.00611784308909652,0.04522320958806758
GSE25055,GSE32646,900,0.17780337941628266,0.19122558906148535,0.033342997873648916,0.08735985604295127
GSE25055,GSE32646,901,0.13054187192118227,0.1796689034948732,0.06484310560696435,0.1933215121039542
GSE25055,GSE32646,902,0.10117647058823509,0.1442144228251912,0.08492872346173608,0.25609285994340325
GSE25055,GSE32646,903,0.15535868625756266,0.190328557526536,0.09889731220277614,0.2927839168329426
GSE25055,GSE32646,904,0.07111436950146621,0.03396946506812465,0.19956719192843939,0.6070110621464939
GSE25055,GSE32646,905,0.1770516717325228,0.25306728699840614,0.1328310279825292,0.37778634497572133
GSE25055,GSE32646,906,0.1455493183640738,0.22991163773414758,0.05944190896895049,0.15366214107976706
GSE25055,GSE32646,907,0.04761904761904767,-0.005593968093817292,0.10710557527900494,0.3506957426151118
GSE25055,GSE32646,908,0.055299539170506784,0.05500678955074578,0.07356872272817461,0.20206545049206837
GSE25055,GSE32646,909,0.1421780466724285,0.11963524827621969,0.08974402238356555,0.2300500305983234
GSE25055,GSE32646,910,0.09302325581395343,0.1033597564096479,0.07765302562689996,0.2642989387822059
GSE25055,GSE32646,911,0.0185185185185186,0.10088152121850635,0.12492598508287056,0.38757270368186725
GSE25055,GSE32646,912,0.1824378508420209,0.1683605589492806,0.09503155251584014,0.23089483567161262
GSE25055,GSE32646,913,0.05555555555555569,0.07973512435715202,0.10194337468974796,0.32636141516566425
GSE25055,GSE32646,914,0.14024849397590367,0.16531648284671085,0.08197121047696679,0.2574673347070707
GSE25055,GSE32646,915,0.04070660522273428,0.07972940220937286,0.11297771157572639,0.3580011734384264
GSE25055,GSE32646,916,0.11176470588235288,0.11230672515086138,0.11170798363660353,0.32654898743310923
GSE25055,GSE32646,917,0.06913919413919412,0.05496579262986989,0.12479084396210516,0.38877523909823264
GSE25055,GSE32646,918,0.1479229989868288,0.2057830155536437,0.16646382589390377,0.47321703577170166
GSE25055,GSE32646,919,0.12662337662337664,0.11570642550321852,0.015070242622766988,0.09993783852333149
GSE25055,GSE32646,920,0.18200000000000005,0.09099594724508697,0.11765264139012979,0.3570446768859129
GSE25055,GSE32646,921,0.15593434343434343,0.16591541195208614,0.0675343483094506,0.21123986920195448
GSE25055,GSE32646,922,0.03400000000000003,-0.03939329318070922,0.14672440404877682,0.4659424600379404
GSE25055,GSE32646,923,0.10735402808573546,0.16319101315104284,0.06031684198345,0.1900160368417514
GSE25055,GSE32646,924,0.09364478114478114,0.11849434460354907,0.10087490028459178,0.2933774306898649
GSE25055,GSE32646,925,0.16098636728147553,0.1271989050248145,0.11487652774200482,0.3505918950791229
GSE25055,GSE32646,926,0.18933150183150194,0.1323670831229059,0.09890281955581942,0.26605157013673486
GSE25055,GSE32646,927,0.15022222222222226,0.10701390018320889,0.10594238601882039,0.30292560078102493
GSE25055,GSE32646,928,0.05316635160680527,0.05535789188976975,0.1411737697633333,0.46063590830088524
GSE25055,GSE32646,929,0.15593434343434331,0.09291411451779819,0.07266013366544019,0.20406323157665218
GSE25055,GSE32646,930,0.1302609427609429,0.05054041474898768,0.0970695924133167,0.28556202180501
GSE25055,GSE32646,931,0.10488505747126442,0.0926907603127724,0.07501700031422867,0.23481536395004543
GSE25055,GSE32646,932,0.15717299578059063,0.1299754622965446,0.021097518340731564,0.08623020579578478
GSE25055,GSE32646,933,0.018150388936905792,-0.07511410083876247,0.16269754503114614,0.49391510956976314
GSE25055,GSE32646,934,0.12342105263157899,0.1555738277938195,0.13617257230606822,0.4203086650034734
GSE25055,GSE32646,935,0.03205128205128205,0.02614663110576515,0.1686286429555703,0.533467781521414
GSE25055,GSE32646,936,0.12454212454212454,0.2230473519431161,0.09934324921010768,0.27667946504904334
GSE25055,GSE32646,937,0.11689714779602411,0.13639029253906287,0.08945411603530101,0.29253708938909273
GSE25055,GSE32646,938,0.24511241446725318,0.1437631489715714,0.12251933954273322,0.35780569718168576
GSE25055,GSE32646,939,0.12142255892255893,0.19874382965062576,0.10186815222126941,0.3004586655637581
GSE25055,GSE32646,940,0.09680134680134689,0.11589552526250163,0.09840177714926185,0.3338254950694368
GSE25055,GSE32646,941,0.1745894554883317,0.29699639144677764,0.0886939986536763,0.23969778033172429
GSE25055,GSE32646,942,0.1114675220529272,0.08764452827783786,0.09612012983533208,0.2997819622990011
GSE25055,GSE32646,943,0.04980392156862745,0.07514116156800676,0.10045089105685667,0.28886613602788724
GSE25055,GSE32646,944,0.06586700336700335,0.06847364715686155,0.12436639447834083,0.36923054085392504
GSE25055,GSE32646,945,0.11949006050129629,0.02377409857518853,0.11741662436388067,0.33863107495508593
GSE25055,GSE32646,946,0.07175925925925908,0.03866595971360276,0.08408444982306937,0.24284320835684037
GSE25055,GSE32646,947,0.20444444444444443,0.2556022540145704,0.10188358991630253,0.2819749880636321
GSE25055,GSE32646,948,0.08601134215500927,0.038594623728717914,0.14493075880490017,0.46477461244452645
GSE25055,GSE32646,949,0.08303571428571432,0.11230508326999006,0.03584106528310063,0.15649242949823106
GSE25055,GSE32646,950,0.12247474747474751,0.05144071781168624,0.11139788216768132,0.3354767378028901
GSE25055,GSE32646,951,0.08579638752052532,0.12528675231529535,0.1123516235334725,0.3739408647460005
GSE25055,GSE32646,952,0.07750472589792068,0.03757506057285853,0.16243053377049038,0.4834670965844036
GSE25055,GSE32646,953,0.11213517665130568,0.19025703269674898,0.07559962010656027,0.26686037696449905
GSE25055,GSE32646,954,0.15000000000000002,0.17577797173159582,0.11513214472750455,0.32956084084775905
GSE25055,GSE32646,955,0.06260262725779975,0.07620233401708182,0.09455708269874696,0.31380551209812985
GSE25055,GSE32646,956,0.09758771929824561,0.044758403555566595,0.19166270728077597,0.5705254882536057
GSE25055,GSE32646,957,0.12607843137254893,0.065851982059625,0.08724569965883053,0.27101255006321456
GSE25055,GSE32646,958,0.07635467980295563,-0.00789623431937908,0.1285424585796987,0.3983571860593891
GSE25055,GSE32646,959,0.13829787234042556,0.07734785756234314,0.12807718266756696,0.3846933069922909
GSE25055,GSE32646,960,0.18145161290322587,0.18330052182207046,0.07520840980548468,0.22589631777507135
GSE25055,GSE32646,961,0.12098039215686274,0.19406252562996562,0.07053598589418411,0.21126552538477206
GSE25055,GSE32646,962,0.04751403368083407,0.05448462050126163,0.09145886124798477,0.2757168710577972
GSE25055,GSE32646,963,0.15172239108409324,0.08540658180345845,0.11308526619679587,0.33258702594963174
GSE25055,GSE32646,964,0.008283132530120474,-0.049787103619577944,0.05032936785953179,0.2338474510940033
GSE25055,GSE32646,965,0.07007575757575757,0.12994380497877578,0.09839286106610537,0.32050162712529096
GSE25055,GSE32646,966,0.16918755401901464,0.1900811750698218,0.09825116150014285,0.2435967683740018
GSE25055,GSE32646,967,0.05357142857142838,0.12055804562781597,0.11412721520569499,0.3867178748352679
GSE25055,GSE32646,968,0.012444444444444591,0.15745594125824286,0.15625624968944152,0.4751471418140592
GSE25055,GSE32646,969,0.0697004608294931,0.10483994858808932,0.07610626061989642,0.2514789439820001
GSE25055,GSE32646,970,0.028444444444444605,0.0033857824566303485,0.11366799533740873,0.35905964956705017
GSE25055,GSE32646,971,0.12487781036168133,0.06374514217714783,0.13235279724949056,0.38590982010926217
GSE25055,GSE32646,972,0.13947368421052642,0.09897337648801979,0.16699623732786342,0.52350086860254
GSE25055,GSE32646,973,0.132996632996633,0.1607418740629183,0.12114006245218312,0.35668952104536233
GSE25055,GSE32646,974,0.14433880726015558,0.13955057368472623,0.13342885004714172,0.37051492811457276
GSE25055,GSE32646,975,0.18863439930855652,0.21163298452504303,0.10488465700487115,0.31672337834575615
GSE25055,GSE32646,976,0.10324779470729761,0.12416094582370163,0.07038325227349379,0.21062500251023653
GSE25055,GSE32646,977,0.06763157894736838,0.12111441870901224,0.1695029447710122,0.5111292142696457
GSE25055,GSE32646,978,0.11916415662650592,0.08863543983297612,0.06012780791527536,0.18639853246617955
GSE25055,GSE32646,979,0.07100000000000006,0.1272429787307644,0.20469602524739733,0.6030750834707568
GSE25055,GSE32646,980,0.11237373737373735,0.09506411038258267,0.14241624463111482,0.4322969524640754
GSE25055,GSE32646,981,0.10763157894736852,0.09391206280844794,0.11211023893710012,0.3516717158164348
GSE25055,GSE32646,982,0.08921411387329592,0.10651901455971075,0.06133111903545338,0.18663712478127514
GSE25055,GSE32646,983,0.09302325581395343,0.10006684708243246,0.0898897005544875,0.2386789706990431
GSE25055,GSE32646,984,0.09098039215686282,0.12138385573354626,0.09953338486501973,0.27455694521460683
GSE25055,GSE32646,985,0.1426957831325304,0.15987569418093428,0.0386242557969563,0.11861797813577057
GSE25055,GSE32646,986,0.10753367003367009,0.16959319860355865,0.0783498002349817,0.24989329177207703
GSE25055,GSE32646,987,0.13823529411764712,0.21195391046337803,0.06771143836437915,0.18196369664754874
GSE25055,GSE32646,988,0.12903225806451613,0.09647088552252381,0.04744319561363358,0.14967392099028065
GSE25055,GSE32646,989,0.17445286195286203,0.19720815021276317,0.07403584998269444,0.210683638547719
GSE25055,GSE32646,990,0.11001642036124804,0.1298514365488096,0.08765623358211391,0.2541335761522845
GSE25055,GSE32646,991,0.10104250200481157,0.12824647517507148,0.11158781968603149,0.34171351879023937
GSE25055,GSE32646,992,0.03408179631114672,0.017383195446913358,0.07858253648716892,0.2572648657112414
GSE25055,GSE32646,993,0.08104914933837437,0.07811200079574199,0.1341032488676686,0.38411420622382775
GSE25055,GSE32646,994,0.08740978348035289,0.09430492233477183,0.07209984500128594,0.25036765919046955
GSE25055,GSE32646,995,0.20864839319470696,0.11069943487902023,0.1104034963293517,0.30239166223420044
GSE25055,GSE32646,996,0.09101844426623895,0.22156432811280374,0.08189110703930846,0.2750336602471699
GSE25055,GSE32646,997,0.16362715298885522,0.2892665125145609,0.09284995362556764,0.2664421599710929
GSE25055,GSE32646,998,0.10916919959473148,0.1796917840123612,0.1658225387192417,0.4992309411174226
GSE25055,GSE32646,999,0.1629213483146068,0.15068534749817908,0.12068186823019109,0.3371554842574995
GSE25055,GSE32646,1000,0.11805555555555547,0.14309857074464505,0.07589324237783479,0.21486907408363176
GSE25055,GSE32646,1001,0.10117302052785915,-0.037597380201270014,0.15790052044040967,0.4538232623315901
GSE25055,GSE32646,1002,0.09382518043303922,0.11235130649800928,0.09580086320615194,0.2904391444487209
GSE25055,GSE32646,1003,-0.009003601440576214,-0.0675756339715633,0.19044601037530862,0.5589186570041192
GSE25055,GSE32646,1004,0.2038177339901478,0.23594911150895703,0.04202780303864051,0.12458695122748209
GSE25055,GSE32646,1005,0.08402014652014644,0.0023739488990968116,0.15364507763071544,0.4610158467994275
GSE25055,GSE32646,1006,0.15599343185550074,0.14456688244498705,0.08642083582009374,0.27896133744848606
GSE25055,GSE32646,1007,0.14309764309764306,0.2278920118125461,0.10374707807577163,0.2905536814398495
GSE25055,GSE32646,1008,0.12121212121212133,0.12105880631208205,0.12075873884845492,0.3695998828733425
GSE25055,GSE32646,1009,0.07793674698795183,0.11012904241375632,0.05357273497210033,0.18683956935126167
GSE25055,GSE32646,1010,0.1531111111111111,0.19347271485945156,0.10631518295798037,0.3030162878036101
GSE25055,GSE32646,1011,0.09701857282502435,0.1730266245257468,0.1506862509204262,0.42060123503917013
GSE25055,GSE32646,1012,0.06670771756978655,0.10013325628338499,0.05530293135350675,0.18843160085538313
GSE25055,GSE32646,1013,0.1303366174055829,0.2787773440459598,0.08957441874368197,0.28064721263128517
GSE25055,GSE32646,1014,0.09732680722891562,0.15916364329577393,0.07683923748213656,0.2402338556402388
GSE25055,GSE32646,1015,0.07446415373244641,-0.07171180716281811,0.05144876374739435,0.17487249798205173
GSE25055,GSE32646,1016,0.08901960784313734,0.12021949617280964,0.059117910329815726,0.16430980613119783
GSE25055,GSE32646,1017,0.1792156862745099,0.27039711016322493,0.09157539970527767,0.2402658732300632
GSE25055,GSE32646,1018,0.0970328789093825,0.07471925077011615,0.1075605205163821,0.3173593687404147
GSE25055,GSE32646,1019,0.11168132942326481,0.20583040659885837,0.12196427242728689,0.35821508321069767
GSE25055,GSE32646,1020,0.020850040096231037,0.001355255925521548,0.12788008504568427,0.3897254126529769
GSE25055,GSE32646,1021,0.1327977315689982,0.2551108852687045,0.1476117853185732,0.43201062615018365
GSE25055,GSE32646,1022,0.09134615384615385,0.06804970710919922,0.13132875534050317,0.3654374973408731
GSE25055,GSE32646,1023,0.05398193760262737,0.05890053823214686,0.076522675823334,0.24672904220034952
GSE25055,GSE32646,1024,0.10078431372549013,0.19106660932220554,0.07067718990566027,0.24810125036725306
GSE25055,GSE32646,1025,0.09877126654064294,0.10948442973495626,0.15933747471293855,0.47080768668760076
GSE25055,GSE32646,1026,0.11053837342497141,0.22084102015407875,0.13556521385680811,0.3917671205605922
GSE25055,GSE32646,1027,0.12184873949579844,0.2334499931035861,0.1401098689224638,0.3935809458584561
GSE25055,GSE32646,1028,0.12866300366300365,0.1362431291415921,0.12424793674675569,0.3363751227866809
GSE25055,GSE32646,1029,0.1393333333333333,0.32892085165621443,0.09696244900728371,0.26791677938032843
GSE25055,GSE32646,1030,0.1027346637102734,0.1849838362191606,0.031098077437782146,0.1400139789982574
GSE25055,GSE32646,1031,0.09750000000000003,0.07397588597458993,0.05896641963277521,0.22339035738084023
GSE25055,GSE32646,1032,0.15557337610264632,0.14541635884689696,0.04502063188577571,0.10921829784244497
GSE25055,GSE32646,1033,0.11447811447811451,0.23599311662053007,0.09827348738994388,0.2847306600873654
GSE25055,GSE32646,1034,0.15214646464646486,0.12886344241790965,0.11110923482271037,0.33112924147040235
GSE25055,GSE32646,1035,0.07348771266540655,0.16022550220955595,0.16565274862677762,0.506323300521751
GSE25055,GSE32646,1036,0.03360215053763438,0.09457271123728295,0.06976142716362962,0.22239595107068116
GSE25055,GSE32646,1037,0.17340067340067344,0.13636259140968787,0.1036689742574794,0.2934612286542435
GSE25055,GSE32646,1038,0.13278388278388287,0.10088382675261898,0.14460125446906133,0.46654956923757007
GSE25055,GSE32646,1039,0.0809803921568627,0.15833349370900418,0.07591068388047792,0.24671042502907448
GSE25055,GSE32646,1040,0.10187728937728946,0.13316222923471177,0.09384967307442624,0.2798603639434444
GSE25055,GSE32646,1041,0.06980392156862747,0.0063213081468222465,0.08883690232386249,0.2823969827681202
GSE25055,GSE32646,1042,0.0928638941398866,0.1828681511866751,0.10955312118769472,0.3290309739673278
GSE25055,GSE32646,1043,0.10705693664795513,0.1262391623043151,0.10139046298046284,0.307138662870469
GSE25055,GSE32646,1044,0.08695652173913049,0.14691668225898263,0.12481587550457107,0.3426480437097113
GSE25055,GSE32646,1045,0.10361842105263153,0.1973846679093263,0.1698437427867542,0.4745469520195942
GSE25055,GSE32646,1046,0.15356856455493173,0.07972233788271932,0.07416803113875128,0.23431914239502405
GSE25055,GSE32646,1047,0.0393258426966292,-0.004833405319436657,0.08471808321662705,0.2731665394073183
GSE25055,GSE32646,1048,0.12376933895921227,0.15599527721480455,0.03325486623239063,0.10855498981693645
GSE25055,GSE32646,1049,0.09302325581395354,0.011766956608633639,0.12182546807326658,0.38972155449558565
GSE25055,GSE32646,1050,0.054222222222222394,0.10602137580193227,0.12426096906468559,0.3609209675631653
GSE25055,GSE32646,1051,0.13049450549450547,0.1240431089636213,0.12262302298562441,0.3370990136370158
GSE25055,GSE32646,1052,0.2009320175438597,0.19293973792196312,0.16237596049530376,0.4637586705227356
GSE25055,GSE32646,1053,0.09490196078431368,0.049432863313959186,0.06030020316961293,0.252689962708579
GSE25055,GSE32646,1054,0.06381856540084385,0.08411383635759462,0.08015010893085325,0.23724575023519245
GSE25055,GSE32646,1055,0.07760989010989017,0.056832373121616375,0.1340640571155625,0.4207970731637548
GSE25055,GSE32646,1056,0.10434995112414458,0.1014072209010512,0.11105032839578957,0.3264151158378733
GSE25055,GSE32646,1057,0.09932659932659926,0.057332881049141304,0.13608265926948274,0.4023637262030111
GSE25055,GSE32646,1058,0.18496110630942098,0.177432965477466,0.08542326000208952,0.19591793929746937
GSE25055,GSE32646,1059,0.16414141414141403,0.2604434094052922,0.13227798926701712,0.36470648287605506
GSE25055,GSE32646,1060,0.1672549019607843,0.22342021274649354,0.05668145565493529,0.17078346649489973
GSE25055,GSE32646,1061,0.04066437571592196,0.06637298938183539,0.18494165738210921,0.5397380725791925
GSE25055,GSE32646,1062,0.03200000000000003,0.04370583030747327,0.11293176591216719,0.3264681843655169
GSE25055,GSE32646,1063,0.09043040293040294,0.15721528576610977,0.11937553820188582,0.34003954023151545
GSE25055,GSE32646,1064,0.07670700086430415,0.0710697523818764,0.06393071448244667,0.2280793575478235
GSE25055,GSE32646,1065,0.11473638720829726,0.17821861222347585,0.12498384905071638,0.3609008643643856
GSE25055,GSE32646,1066,0.1405228758169934,0.19966181882503165,0.035585183003870896,0.12141285502943466
GSE25055,GSE32646,1067,0.05787037037037046,0.037774221658837426,0.13517664768056295,0.4010733843064037
GSE25055,GSE32646,1068,0.17355555555555546,0.24605316280469236,0.08346346203808305,0.21853349737481742
GSE25055,GSE32646,1069,0.07968509984639016,0.12716552004509185,0.10750595618770073,0.3629992992468912
GSE25055,GSE32646,1070,0.1595117845117846,0.2788411831188852,0.07360614529320417,0.2211613291345098
GSE25055,GSE32646,1071,0.08000000000000007,0.01829209298355361,0.11848264449149534,0.3318775662799535
GSE25055,GSE32646,1072,0.11908580593424223,0.13203387313012926,0.07408089136336102,0.2098786911842142
GSE25055,GSE32646,1073,0.1349774096385542,0.22190496043702723,0.06843403434154521,0.23694752754251203
GSE25055,GSE32646,1074,0.1549908424908425,0.16252117787201997,0.12590911314319925,0.35724055683543826
GSE25055,GSE32646,1075,0.14947289156626498,0.1935889223353563,0.0755560350163286,0.24602512354350636
GSE25055,GSE32646,1076,0.14205344585091417,0.11906690193421798,0.022038020483753473,0.09146577340721818
GSE25055,GSE32646,1077,0.08748778103616817,0.12655583618685445,0.1440242532965698,0.39920137066711653
GSE25055,GSE32646,1078,0.17253176930596292,0.2560846562430647,0.11811700978778983,0.3343163632510555
GSE25055,GSE32646,1079,0.09903769045709698,0.09883432140454529,0.09917966309313134,0.29348497172464516
GSE25055,GSE32646,1080,0.11495246326706998,0.047165382201677875,0.1153743394613497,0.3603840625917225
GSE25055,GSE32646,1081,0.09907834101382484,0.02510547010829356,0.05549783656445423,0.17656891603818214
GSE25055,GSE32646,1082,0.15979381443298957,0.2052758572796357,0.14161359294810372,0.40164990105752246
GSE25055,GSE32646,1083,0.12229904926534141,0.16083295722601793,0.09814291034544201,0.314928293144665
GSE25055,GSE32646,1084,0.12288888888888894,0.11980735133465492,0.11911879559540445,0.343098863529409
GSE25055,GSE32646,1085,0.06336238198983313,0.08599635003941697,0.07872361145232143,0.2730088024185513
GSE25055,GSE32646,1086,0.11568213783403658,0.09484187506267372,-0.003386211015551921,0.01913021427565198
GSE25055,GSE32646,1087,0.1179775280898876,0.2152530753291434,0.09979261495453254,0.30911529646417
GSE25055,GSE32646,1088,0.09532828282828276,0.1263415537147604,0.08410257015735223,0.28020823073969847
GSE25055,GSE32646,1089,0.11271249076127121,0.13670488766862748,0.0597029271282406,0.19013633410796682
GSE25055,GSE32646,1090,0.11342592592592604,0.17652655137290313,0.07406597735537213,0.22700117671484027
GSE25055,GSE32646,1091,0.10637480798771115,0.16085811517452753,0.07916627461118458,0.24160262409542055
GSE25055,GSE32646,1092,0.06337767923133764,0.056993157034890496,0.03970886702885826,0.16039786078624518
GSE25055,GSE32646,1093,0.08797653958944285,0.13081923631932085,0.1287215634762092,0.3769845678261003
GSE25055,GSE32646,1094,0.10981116584564865,0.1326492077077444,0.09389540720076511,0.30287487336188534
GSE25055,GSE32646,1095,0.06474480151228745,-0.044516621396622935,0.14675478066335293,0.41137543575174346
GSE25055,GSE32646,1096,0.1708099438652766,0.11945144047436185,0.06279640405652592,0.220881765482703
GSE25055,GSE32646,1097,0.04802955665024633,0.07574540234336524,0.0937725945422748,0.26668385703845465
GSE25055,GSE32646,1098,0.1260262725779968,0.20121090587746193,0.07968454459047392,0.24404970147486826
GSE25055,GSE32646,1099,0.13268049155145922,0.20150000613676022,0.05654025559122347,0.14751655175266787
GSE25055,GSE32646,1100,0.13573232323232332,0.10073704369013353,0.1088687854682055,0.31236179898319383
GSE25055,GSE32646,1101,0.0559764309764309,0.0036923242128978906,0.13248585114568776,0.4151575783352878
GSE25055,GSE32646,1102,0.18504410585404973,0.2581245161550131,0.06169917180600923,0.16489278940286634
GSE25055,GSE32646,1103,0.03933333333333333,0.05595583364536566,0.1280540993675678,0.3987832217699675
GSE25055,GSE32646,1104,0.10525260625501198,0.13169854571708495,0.05665034928297408,0.15866607820577971
GSE25055,GSE32646,1105,0.03923253150057271,0.11471944058516842,0.17521587866566993,0.494102111100332
GSE25055,GSE32646,1106,0.1471674876847291,0.20861610335885922,0.05042246230556316,0.17479189325815103
GSE25055,GSE32646,1107,0.11447811447811451,0.11637291858970072,0.08125910566305006,0.2351756425991623
GSE25055,GSE32646,1108,0.08662613981762912,0.18307489188225967,0.10930941500116732,0.31553754842874693
GSE25055,GSE32646,1109,0.1544444444444445,0.17371542656121353,0.11879988231437433,0.36508760725410383
GSE25055,GSE32646,1110,0.09411764705882364,0.0965410064954213,0.07884612564312865,0.2858903271067762
GSE25055,GSE32646,1111,0.13231756214915802,0.17273519889377403,0.04326253589523782,0.12243588166850827
GSE25055,GSE32646,1112,0.07658380112269447,0.06802103509483126,0.08880010095423407,0.27714961047021275
GSE25055,GSE32646,1113,0.1433333333333333,0.11945077074287447,0.12259646851601971,0.329388024664767
GSE25055,GSE32646,1114,0.12289494787489974,0.12065758336403565,0.09026790244064753,0.2480073660857417
GSE25055,GSE32646,1115,0.01398026315789469,-0.0036646163119531394,0.1589575225915606,0.4738857267003457
GSE25055,GSE32646,1116,0.1619607843137254,0.14951542321449596,0.03682104350679713,0.10894581329872599
GSE25055,GSE32646,1117,0.04377880184331795,-0.02185557458305387,0.07520561857451974,0.2550888384009441
GSE25055,GSE32646,1118,0.10799726589200276,0.04923492413698527,0.05826085479073018,0.20093088436151796
GSE25055,GSE32646,1119,0.07165750915750912,0.11147162447740877,0.10924404889720613,0.31234093222629716
GSE25055,GSE32646,1120,0.16186200378071836,0.17231866971590382,0.13421342096203362,0.37102422225246323
GSE25055,GSE32646,1121,0.18666666666666665,0.20562096550592468,0.08550055793929195,0.22501836578775591
GSE25055,GSE32646,1122,0.09422222222222221,0.09202958205479272,0.09599690292037139,0.283116043504521
GSE25055,GSE32646,1123,0.10577777777777775,0.2803564493537126,0.11368934246271278,0.35776178307150025
GSE25055,GSE32646,1124,0.06006914433880728,-0.0259571303298039,0.09614412784742574,0.3221164428718926
GSE25055,GSE32646,1125,0.10652549697493519,0.16953667650710053,0.10726183637569459,0.3370958374339706
GSE25055,GSE32646,1126,0.0481950844854071,-0.009401707510416801,0.06066946412101129,0.1821565079754035
GSE25055,GSE32646,1127,0.12643678160919536,0.152245964111555,0.09976042513396235,0.2568465506524945
GSE25055,GSE32646,1128,0.0977011494252874,0.11560435708536476,0.086060430728096,0.27073832055498365
GSE25055,GSE32646,1129,0.13051323175621476,0.11153806750944883,0.08240488128855658,0.23876535738868432
GSE25055,GSE32646,1130,0.06838905775075987,0.056450940412211326,0.16207884427886707,0.4602077494240082
GSE25055,GSE32646,1131,0.032888888888888856,0.02582764012334704,0.12903889846635777,0.3844784764149109
GSE25055,GSE32646,1132,0.03933333333333344,0.021002597521864508,0.157187740182105,0.46943009939417407
GSE25055,GSE32646,1133,0.10117302052785915,0.19289801370912846,0.15733705331573544,0.44624156063401665
GSE25055,GSE32646,1134,0.12022222222222223,0.21111208970574974,0.11414107054427311,0.3402840327087677
GSE25055,GSE32646,1135,0.15488215488215495,0.1376846863728169,0.08386239525414305,0.2287090291597712
GSE25055,GSE32646,1136,0.12429831595829977,0.22106787338842881,0.08079458767907008,0.235414561995002
GSE25055,GSE32646,1137,0.12066666666666659,0.1647069187585961,0.07712858150360355,0.2168759861881076
GSE25055,GSE32646,1138,0.11365286855482937,0.14135743920229282,0.0493018390365873,0.15991375572861388
GSE25055,GSE32646,1139,0.18711111111111112,0.09610267443094361,0.1452525594064229,0.4413137157789845
GSE25055,GSE32646,1140,0.14857142857142858,0.07475931454713902,0.058740589953367256,0.14562661977989666
GSE25055,GSE32646,1141,0.17288888888888887,0.1146932228942929,0.12128538815588452,0.3580947835909274
GSE25055,GSE32646,1142,0.1355218855218855,0.212407021744641,0.1000528134582761,0.32380191413182746
GSE25055,GSE32646,1143,0.11596385542168675,0.15445155425722168,0.05309702291150925,0.15175229979940574
GSE25055,GSE32646,1144,0.06914433880726012,0.07574199573155149,0.0838078976440785,0.23472162888991932
GSE25055,GSE32646,1145,0.12466261808367074,0.10729204717001317,-0.007147914553794571,0.025961224707110264
GSE25055,GSE32646,1146,0.17020850040096225,0.17671353184310834,0.10190824682344268,0.2811680197727118
GSE25055,GSE32646,1147,0.0586419753086419,0.020977754156282558,0.058630178725229215,0.2087423861683747
GSE25055,GSE32646,1148,0.08195970695970689,0.08458091333165907,0.10234165055247876,0.3220506317381252
GSE25055,GSE32646,1149,0.21248499399759907,0.05481643126700103,0.14173617631430735,0.3880907228790769
GSE25055,GSE32646,1150,0.16869300911854102,0.11700483943593057,0.14579682640643984,0.4276667789961399
GSE25055,GSE32646,1151,0.14342774146695714,0.0757383446146851,0.02937391895805891,0.08412332704747227
GSE25055,GSE32646,1152,0.1160785886126704,0.07208250904351504,0.04704900352636676,0.1770179410592112
GSE25055,GSE32646,1153,0.10047536732929985,0.04307556834603721,0.10163203330934778,0.2845003225780311
GSE25055,GSE32646,1154,0.15156375300721736,0.17893921325849083,0.08232348092530128,0.2279006067767292
GSE25055,GSE32646,1155,0.08794162826420893,0.016976333713804692,0.06443596831546783,0.2260211350356207
GSE25055,GSE32646,1156,0.042333333333333334,0.0752377083507677,0.1733826234628712,0.4877093037158252
GSE25055,GSE32646,1157,0.13440860215053774,0.10370856953341828,0.07499266079326186,0.2129847286126243
GSE25055,GSE32646,1158,0.13196536144578297,0.1156072100690052,0.05373024717430813,0.16312469515078598
GSE25055,GSE32646,1159,0.1018062397372742,0.14592709227340256,0.08176683553591466,0.24262758077275437
GSE25055,GSE32646,1160,0.10810291858678955,0.08877117161845693,0.04019766323169496,0.14268239010694939
GSE25055,GSE32646,1161,0.09750000000000003,0.05024014981659097,0.06969353371028558,0.23356455499181217
GSE25055,GSE32646,1162,0.11495246326706987,0.1406897531420973,0.10905567246628978,0.3435993881830453
GSE25055,GSE32646,1163,0.15234822451317298,0.1375104646371082,0.17241718995216548,0.48942441034570633
GSE25055,GSE32646,1164,0.05450980392156857,0.018698213317398515,0.08758587096502018,0.31565604978446193
GSE25055,GSE32646,1165,0.0412457912457912,0.04711459181356825,0.11134884724974081,0.32495332193825277
GSE25055,GSE32646,1166,0.13461538461538458,0.12369427823836637,0.08867633453467846,0.2776879971557174
GSE25055,GSE32646,1167,0.09043040293040294,-0.011417323658141243,0.13882062408270002,0.4526635474562446
GSE25055,GSE32646,1168,0.11288998357963875,0.14288582716048892,0.055793725222717916,0.17198349594813434
GSE25055,GSE32646,1169,0.04372549019607841,0.12390387567555128,0.06421468062991831,0.23130563684071853
GSE25055,GSE32646,1170,0.15052631578947362,0.1479893137457397,0.1553316957768071,0.40748294500837084
GSE25055,GSE32646,1171,0.08979668674698804,0.1941018205659657,0.05928959093643868,0.17136289472221966
GSE25055,GSE32646,1172,0.10890233362143464,0.105678415165887,0.0673293739924464,0.21369359566737584
GSE25055,GSE32646,1173,0.16294117647058814,0.06390027805154297,0.06963582787914832,0.21024299961460513
GSE25055,GSE32646,1174,0.08974358974358976,0.10312722385810669,0.13464288056392212,0.4437317208355069
GSE25055,GSE32646,1175,0.1891796322489393,0.10704678953381838,0.18408218215016772,0.5360290245316617
GSE25055,GSE32646,1176,0.1357962213225371,0.11745506956033269,-0.009840224386835378,-0.015492111492294125
GSE25055,GSE32646,1177,0.05921052631578949,0.09697591125525057,0.16138284131010378,0.48788645499856104
GSE25055,GSE32646,1178,0.19065656565656552,0.20789507927399142,0.04132340482207217,0.12685487145539298
GSE25055,GSE32646,1179,0.12121928166351603,0.04924836160210733,0.11004310906470516,0.31450357909099746
GSE25055,GSE32646,1180,0.16470588235294104,0.20860603143223777,0.04981219167477938,0.1455677714669088
GSE25055,GSE32646,1181,0.1421411387329592,0.1340419893513235,0.07049633204896608,0.2264573635096172
GSE25055,GSE32646,1182,0.1346666666666667,0.16331832512482825,0.10341471850237863,0.3067498189679048
GSE25055,GSE32646,1183,0.12088888888888893,0.09274598718529942,0.10429529929835127,0.27271655569570374
GSE25055,GSE32646,1184,0.144346431435445,0.23362231754733315,0.06749347489475868,0.18944521344936316
GSE25055,GSE32646,1185,0.11487570168404171,0.0749974198602888,0.11318432617472671,0.3119315374458389
GSE25055,GSE32646,1186,0.06500000000000006,0.07018005623988466,0.17071452057866943,0.5324376438851361
GSE25055,GSE32646,1187,0.14605263157894732,0.18390600090035025,0.13137667306341605,0.39608708110461477
GSE25055,GSE32646,1188,0.14222222222222225,0.11350332685062658,0.09006177721538652,0.2613488872246771
GSE25055,GSE32646,1189,0.1355311355311355,0.22964156999235869,0.0628092643554633,0.21008429416789243
GSE25055,GSE32646,1190,0.062000000000000055,0.17868078424558875,0.14144863104476718,0.4323413955700901
GSE25055,GSE32646,1191,0.05593424218123488,0.08213957679995787,0.09496163658351678,0.3042457933653419
GSE25055,GSE32646,1192,0.09553571428571406,0.17133952741291714,0.037757455364741094,0.12424050998155634
GSE25055,GSE32646,1193,0.05868421052631578,0.06296330973663483,0.1433842348389418,0.42777834086828775
GSE25055,GSE32646,1194,0.195496632996633,0.26809285063084826,0.07357462771447507,0.20690275524979096
GSE25055,GSE32646,1195,0.05838876570583884,0.11052438419157906,0.06127798087129818,0.22905810377593838
GSE25055,GSE32646,1196,0.11485745614035081,0.06819034165442345,0.14772293879016118,0.45848357818976104
GSE25055,GSE32646,1197,0.11155913978494636,0.1008472331837878,0.09521084595585663,0.2761816882561957
GSE25055,GSE32646,1198,0.01643945469125907,0.051964736575913495,0.1102063257940035,0.33890821154337414
GSE25055,GSE32646,1199,0.014437689969604817,0.035110759765826616,0.1523238141107311,0.47253154825400395
GSE25055,GSE32646,1200,0.1364942528735632,0.12336193749033764,0.12880400439082906,0.39109101853990624
GSE25055,GSE32646,1201,0.07786195286195285,0.10473559477655286,0.0964404833665736,0.29492648807979144
GSE25055,GSE32646,1202,0.10096153846153855,0.02942763062033471,0.13531860162422588,0.41313140852176405
GSE25055,GSE32646,1203,0.19403714565004893,0.1490612120293699,0.08836448138207034,0.24936482039159502
GSE25055,GSE32646,1204,0.16721491228070184,0.24234787617029036,0.16716610724463812,0.48155109398590074
GSE25055,GSE32646,1205,0.17642341619887714,0.18600384637916867,0.08399444591909216,0.25118469789452735
GSE25055,GSE32646,1206,0.09021651964715327,0.11174161033929386,0.07424405357026526,0.23380629387788476
GSE25055,GSE32646,1207,0.1649096385542168,0.07258193360706261,0.04687212184284012,0.11479305965626585
GSE25055,GSE32646,1208,0.06655142610198783,0.0015065671001607273,0.07631783264265316,0.2442096987621281
GSE25055,GSE32646,1209,0.12274096385542166,0.17543702282733076,0.05345403832314233,0.150735860159239
GSE25055,GSE32646,1210,0.11923963133640558,0.22910512183991943,0.03544859478152859,0.1289348629919067
GSE25055,GSE32646,1211,0.1634897360703812,0.18070361500906568,0.13787289692276272,0.4241887682349516
GSE25055,GSE32646,1212,0.1395202020202021,0.11828415252234964,0.08970714428692855,0.2775532584348509
GSE25055,GSE32646,1213,0.042631578947368465,0.07051898847238203,0.17973168793892647,0.5048479286172827
GSE25055,GSE32646,1214,0.12530072173215712,0.09037509109922115,0.08314843713107942,0.25256628191636166
GSE25055,GSE32646,1215,0.07277882797731572,0.1433387951061617,0.1366671151377324,0.4067121693859669
GSE25055,GSE32646,1216,0.10058097312999281,-0.024410241668749777,0.06420298385223161,0.21235677882680737
GSE25055,GSE32646,1217,0.09159261790840734,0.09682460578344693,0.039927028021837535,0.12316689383536816
GSE25055,GSE32646,1218,0.09249084249084238,0.124263186972221,0.1473678803199194,0.4604842479808747
GSE25055,GSE32646,1219,0.08837429111531192,-0.05282371365549182,0.14162146698159891,0.4105175438820997
GSE25055,GSE32646,1220,0.033259423503326,0.018900997794069507,0.11042558323245827,0.3471115284059322
GSE25055,GSE32646,1221,0.09696428571428573,0.08993500063434523,0.023686880457789217,0.12098840096248686
GSE25055,GSE32646,1222,0.11348684210526316,0.1544361937446012,0.15803579932893136,0.47408469690360394
GSE25055,GSE32646,1223,0.17324561403508776,0.12430313406884619,0.14360091718715376,0.42612593021609246
GSE25055,GSE32646,1224,0.1589861751152074,0.15668085966040923,0.07049257784335025,0.20821465955255836
GSE25055,GSE32646,1225,0.12499999999999989,0.14605379261253515,0.0898618885931359,0.2779980158777909
GSE25055,GSE32646,1226,0.021968046477850445,-0.027297570485818268,0.03194140618458233,0.1256952331124349
GSE25055,GSE32646,1227,0.1403388278388279,0.269275762299359,0.11868739982588325,0.35468397077205704
GSE25055,GSE32646,1228,0.09562951082598226,0.008759824808449501,0.13014463421408953,0.399609207972786
GSE25055,GSE32646,1229,0.1160785886126704,0.07865596101397632,0.06097517246346551,0.20888164488706318
GSE25055,GSE32646,1230,0.135752688172043,0.12607430636789863,0.04093087464443776,0.1279605428520798
GSE25055,GSE32646,1231,0.09180402930402931,0.08158937068932781,0.11881832782834578,0.3594124723724699
GSE25055,GSE32646,1232,0.048142717497556275,0.053600242730330094,0.13922031912283903,0.3811811827996256
GSE25055,GSE32646,1233,0.10760073260073255,0.04912740366550772,0.10974311142295348,0.3096281629435424
GSE25055,GSE32646,1234,0.0918674698795181,0.09420854232247727,0.098294461930436,0.33091255858894997
GSE25055,GSE32646,1235,0.09830007390982998,0.0899071048001106,0.02935326183679568,0.08106333721436265
GSE25055,GSE32646,1236,0.1138720829732065,0.14196383397654794,0.11354674191951758,0.31266335334087414
GSE25055,GSE32646,1237,0.10157450076804908,0.07142432977751717,0.10300074231289227,0.3679965337733968
GSE25055,GSE32646,1238,0.14662756598240478,0.07219144324433663,0.1326859719735678,0.3926571443619267
GSE25055,GSE32646,1239,0.050824175824175866,0.00500696926739902,0.14983048994759118,0.461449872373241
GSE25055,GSE32646,1240,0.09845632530120474,0.1321880557821864,0.06311070156845089,0.22700930689073018
GSE25055,GSE32646,1241,0.10605453087409789,0.174384179975285,0.08066586864041789,0.24308694331306235
GSE25055,GSE32646,1242,-1.1102230246251565e-16,-0.03056447496766057,0.14811056445619197,0.4601462522901958
GSE25055,GSE32646,1243,0.123117469879518,0.17389919476694943,0.05022103021901331,0.18068031136354534
GSE25055,GSE32646,1244,0.09638278388278387,0.14808274542716982,0.07914373882675368,0.25379162894111307
GSE25055,GSE32646,1245,0.07800345721694024,0.11565008508283281,0.12514711004799048,0.36755951050182345
GSE25055,GSE32646,1246,0.03039513677811545,0.07080000599911929,0.14029479347636198,0.41387009273417263
GSE25055,GSE32646,1247,0.11427425821972725,0.1288546419318753,0.1070561526288556,0.3175845732485614
GSE25055,GSE32646,1248,0.016941391941391992,0.11335466316237353,0.16122275876865938,0.5023120492663797
GSE25055,GSE32646,1249,0.07450738916256172,0.17449009635695578,0.07217603844505255,0.21745743272406842
GSE25055,GSE32646,1250,0.16686274509803922,0.2178687791009089,0.07377027470837996,0.23080320449394442
GSE25055,GSE32646,1251,0.09021651964715316,0.1376603990893046,0.08356080704167343,0.24727897195643622
GSE25055,GSE32646,1252,0.09705882352941186,0.10280944142690734,0.10572675762055311,0.3273297157978837
GSE25055,GSE32646,1253,0.17869490060501303,0.1335310137414643,0.04532467835811835,0.12594509992058722
GSE25055,GSE32646,1254,0.11973443223443214,0.12916182979225277,0.12153233590764617,0.377109334369165
GSE25055,GSE32646,1255,0.11596880131362886,0.06637508482280102,0.08906598231573098,0.2644288433398324
GSE25055,GSE32646,1256,0.042434715821812574,0.05744673448685078,0.10311708496006944,0.34205454055214507
GSE25055,GSE32646,1257,0.0759823576583799,0.08953615024617151,0.08587331986983823,0.25399178887277424
GSE25055,GSE32646,1258,0.0864898989898989,0.10230883598060381,0.08148996083780785,0.25726826578665
GSE25055,GSE32646,1259,0.09356174698795183,0.12639298257923154,0.07059609347685286,0.21927164524030607
GSE25055,GSE32646,1260,0.15088383838383834,0.06535087506528792,0.060012099533540114,0.18028026173168787
GSE25055,GSE32646,1261,0.12315270935960598,0.13311112786258184,0.06043690883688249,0.16112922741355307
GSE25055,GSE32646,1262,0.011904761904761862,0.011485804534563715,0.09529875528208484,0.2915820442758879
GSE25055,GSE32646,1263,0.04276937618147436,0.09937262204484587,0.14091001718097934,0.42839923345164377
GSE25055,GSE32646,1264,0.05299539170506906,0.07127688243953578,0.06771784070813572,0.23461864579614128
GSE25055,GSE32646,1265,0.13621794871794868,0.1332956800563057,0.0857701829425776,0.24487874357867395
GSE25055,GSE32646,1266,0.1462542087542088,0.17134743634793392,0.07321147375837464,0.21781158778823861
GSE25055,GSE32646,1267,0.07755555555555549,0.07955557750232978,0.14301871471746105,0.41200259627028046
GSE25055,GSE32646,1268,0.11910714285714274,0.16205187729637477,0.043971556056898564,0.142945918544385
GSE25055,GSE32646,1269,0.2062222222222222,0.27882644703451664,0.07794358357250067,0.21643437708590396
GSE25055,GSE32646,1270,0.08699633699633702,0.09422764896854696,0.1317518111224365,0.4157263109844083
GSE25055,GSE32646,1271,0.0808128544423441,-0.004403075380977395,0.12798270923571092,0.3882696029453129
GSE25055,GSE32646,1272,0.06670771756978644,0.0751765862089574,0.100610015631656,0.305385041301252
GSE25055,GSE32646,1273,0.09455128205128205,0.1809521258023064,0.08734585560701258,0.2803262884798626
GSE25055,GSE32646,1274,0.015773552290406112,-0.08347070559155012,0.09715417044989674,0.3068822877264783
GSE25055,GSE32646,1275,0.1131372549019608,0.13006646616821077,0.07063073814825757,0.19938066212997996
GSE25055,GSE32646,1276,0.07799671592775037,0.060718533218895754,0.12043185948444612,0.3551205076049666
GSE25055,GSE32646,1277,0.12253694581280783,0.09565563127609406,0.06689533271733406,0.20043477395648257
GSE25055,GSE32646,1278,0.08736842105263143,0.09747627318441066,0.13344149312034956,0.36309407478751426
GSE25055,GSE32646,1279,0.0700301204819277,0.07978690668911004,0.06960319710791288,0.2100570868694973
GSE25055,GSE32646,1280,0.08714969241285031,0.1188965578145822,0.001040957016668509,0.011935464338814095
GSE25055,GSE32646,1281,0.06607744107744107,0.02103855913882602,0.10779857285450703,0.3426223031425518
GSE25055,GSE32646,1282,0.058651026392961936,-0.013660273557710434,0.15270094725989147,0.47344134864586357
GSE25055,GSE32646,1283,0.0803571428571429,0.0951304404330684,0.1103363305770371,0.3095945716545401
GSE25055,GSE32646,1284,0.06970699432892269,0.10932429404061561,0.1307172431294954,0.39422599413120085
GSE25055,GSE32646,1285,0.18566362715298879,0.12184386587961554,0.1162416039924124,0.3120672895477176
GSE25055,GSE32646,1286,0.08199679230152357,0.026728249860686892,0.09438455160209189,0.2990422229421025
GSE25055,GSE32646,1287,0.030303030303030276,0.018915355843391102,0.176900050915843,0.5116443623357847
GSE25055,GSE32646,1288,0.09267857142857139,0.11129208938489221,0.039583886250824485,0.14727933007805627
GSE25055,GSE32646,1289,0.07642089093702009,0.08286917814633998,0.08412712443878703,0.26154273570925224
GSE25055,GSE32646,1290,0.07500000000000007,0.07704669459629387,0.1256522371818804,0.35522885294880174
GSE25055,GSE32646,1291,0.08521870286576172,0.1605064864406171,0.22271260761551226,0.641975659462996
GSE25055,GSE32646,1292,0.09638278388278387,0.11321192162540855,0.10536342341317445,0.32064723534844913
GSE25055,GSE32646,1293,0.1263931104356636,0.07503195700829368,0.12439711332481868,0.35589659922409966
GSE25055,GSE32646,1294,0.12269031781226891,0.07734140903472098,0.05466588971769465,0.19776889955303356
GSE25055,GSE32646,1295,0.022435897435897467,-0.003410714638158785,0.1527032605658151,0.44184573215249684
GSE25055,GSE32646,1296,0.10411764705882354,0.1658646361574374,0.05837645730913024,0.16546053697012408
GSE25055,GSE32646,1297,0.07968509984639027,0.1443883029473202,0.05455593502247133,0.1683613531991991
GSE25055,GSE32646,1298,0.12669427710843373,0.15538269398248516,0.03286061891888023,0.12218100938318643
GSE25055,GSE32646,1299,0.09195402298850586,0.08779869909556082,0.09664495562821165,0.3116511309896123
GSE25055,GSE32646,1300,0.17204301075268813,0.2593012645436509,0.028040614617440174,0.06898294766315693
GSE25055,GSE32646,1301,0.12030075187969924,0.05780261225481931,0.01899036499668591,0.06030622351309589
GSE25055,GSE32646,1302,0.1303921568627452,0.0433556248248248,0.05491026156763079,0.17631717152329573
GSE25055,GSE32646,1303,0.06034482758620696,0.039900276656406886,0.061566135422435025,0.21946117649596658
GSE25055,GSE32646,1304,0.04508611955420472,0.12157981425385322,0.13173349239257565,0.3691083669665132
GSE25055,GSE32646,1305,0.060285220397579775,0.05720947707226853,0.09923040417013984,0.30796707074114377
GSE25055,GSE32646,1306,0.0657051282051282,0.050778100942865445,0.1174453454743471,0.3422321380470931
GSE25055,GSE32646,1307,0.1805293005671077,0.0752086302519519,0.10519872203909267,0.27192974506080253
GSE25055,GSE32646,1308,0.12037037037037046,0.14571819311060125,0.08958677822659095,0.25601021859886997
GSE25055,GSE32646,1309,0.1282894736842105,0.06174640475597948,0.164147943433435,0.46217107564712695
GSE25055,GSE32646,1310,0.14615105301379805,0.15690824664199426,0.035427389649440005,0.0832837453780314
GSE25055,GSE32646,1311,0.1307234432234431,0.15312719441973155,0.09455412099288521,0.26841834729002556
GSE25055,GSE32646,1312,0.10874542124542119,0.07720628095152854,0.12102560102833013,0.36150862715096443
GSE25055,GSE32646,1313,0.08356227106227099,0.06213811857653062,0.12303549864169397,0.38018046182085186
GSE25055,GSE32646,1314,0.04739010989010983,0.0010276773175622589,0.15186568723973892,0.4786745973282992
GSE25055,GSE32646,1315,0.1772549019607843,0.13687364832269167,0.03748357938147534,0.12223640738631503
GSE25055,GSE32646,1316,0.13074712643678155,0.1713478097807768,0.08624199067203112,0.2719399101666774
GSE25055,GSE32646,1317,0.13399189463019234,0.055142882965967144,0.11942158816898563,0.36426678201706053
GSE25055,GSE32646,1318,0.10445468509984634,0.10258501482299964,0.05363306794929745,0.1881212061309352
GSE25055,GSE32646,1319,0.09588235294117653,0.15036988141932378,0.07383632474354565,0.21178315345506937
GSE25055,GSE32646,1320,0.11452031114952466,0.17617673084999708,0.09977747762557412,0.3384483579271125
GSE25055,GSE32646,1321,0.14366729678638934,0.12606396218079247,0.09413201043524935,0.2713358624462148
GSE25055,GSE32646,1322,0.1264044943820224,0.14781865134816663,0.08280739789720748,0.25686983319683987
GSE25055,GSE32646,1323,0.08081285444234387,0.10140340011113236,0.14449333270522716,0.4131066444224773
GSE25055,GSE32646,1324,0.10805860805860801,0.09085010289235873,0.12391289819797977,0.36867843277024276
GSE25055,GSE32646,1325,0.07659932659932667,0.12263999176365392,0.1137543945018561,0.32991495421003014
GSE25055,GSE32646,1326,0.11566888396156694,0.09296058319893208,0.044852926026864665,0.17418704435789767
GSE25055,GSE32646,1327,0.11992221261884173,0.12297921239856924,0.08177280741884702,0.252370246566069
GSE25055,GSE32646,1328,0.1551535087719298,0.05709439260797028,0.11638877803796288,0.3598913167987265
GSE25055,GSE32646,1329,0.138752052545156,0.14921562702273844,0.08172433187184727,0.23984283691618546
GSE25055,GSE32646,1330,0.15340909090909083,0.21846474010300776,0.08676072190773979,0.25993223038555946
GSE25055,GSE32646,1331,0.11822222222222223,0.10461793444199025,0.10214353814183375,0.30931166427809154
GSE25055,GSE32646,1332,0.1688235294117646,0.1817221575952605,0.06178073057054989,0.20560814513457482
GSE25055,GSE32646,1333,0.10160098522167493,0.07794543603434728,0.09545379817666011,0.28320508000229083
GSE25055,GSE32646,1334,0.06734006734006737,0.12175683806830684,0.17262173667931946,0.5601802437071984
GSE25055,GSE32646,1335,0.0664444444444443,-0.01311164533907494,0.08601618932509969,0.2742173005193392
GSE25055,GSE32646,1336,0.09384164222873892,0.08698814624545331,0.1312722431455276,0.37653216925085997
GSE25055,GSE32646,1337,0.10767857142857151,0.07363972775270089,0.04266873733111176,0.1309779246957934
GSE25055,GSE32646,1338,0.05688888888888877,0.013425468677546959,0.13294023654383363,0.39505698464931915
GSE25055,GSE32646,1339,0.08933333333333326,0.1877662430658067,0.12374310203009803,0.3885846139722426
GSE25055,GSE32646,1340,0.09377700950734658,0.09326485345108204,0.1352197525741059,0.4300674280354518
GSE25055,GSE32646,1341,0.15600691443388082,0.2592262991841226,0.06876177709512094,0.20066084899434367
GSE25055,GSE32646,1342,0.07529411764705884,0.15972457766154613,0.12127420922527174,0.35698730556492886
GSE25055,GSE32646,1343,0.07368193604148654,-0.025250862837908117,0.09295535269534866,0.26412301893688617
GSE25055,GSE32646,1344,0.1454901960784314,0.1971540498904374,0.07237803397198606,0.19590766579704932
GSE25055,GSE32646,1345,0.09788634788634798,0.1706717186054867,-0.0017664423940378926,0.02676029300875382
GSE25055,GSE32646,1346,0.054503367003367,-0.035892760020529935,0.14222536451403253,0.43551695271168933
GSE25055,GSE32646,1347,0.1762229350441059,0.22438174415179668,0.07615305181874862,0.19286434821980503
GSE25055,GSE32646,1348,0.06362889983579645,0.043776780921965464,0.08790149433851346,0.2706342749337751
GSE25055,GSE32646,1349,0.1277009507346586,0.11016264799901798,0.11558800960604021,0.36327959260282583
GSE25055,GSE32646,1350,0.09723336006415395,0.1367804910333173,0.09865480186638706,0.3158881501445634
GSE25055,GSE32646,1351,0.06958128078817738,-0.0183604072774044,0.0787103408258544,0.24231806680217244
GSE25055,GSE32646,1352,0.1088709677419355,0.15549168640884314,0.04776189016523716,0.14311984905359465
GSE25055,GSE32646,1353,0.11040706605222739,0.12350904065627699,0.05419041260570864,0.17592497176103017
GSE25055,GSE32646,1354,0.038786482334869365,0.13154322671880792,0.1160313423786522,0.34492108515035574
GSE25055,GSE32646,1355,0.10994087213599413,0.15503679187476244,0.0842307204353657,0.26875072725905014
GSE25055,GSE32646,1356,0.16824196597353513,0.12274573158831142,0.12234116295992317,0.404877242216898
GSE25055,GSE32646,1357,0.12519201228878651,0.13548127421291734,0.0626683026279975,0.18983588736253265
GSE25055,GSE32646,1358,0.04643206256109467,0.00609194071908975,0.13751262548529236,0.4147324196881987
GSE25055,GSE32646,1359,0.14866032843560928,0.19041489254488297,0.07902093284471956,0.20846274301777212
GSE25055,GSE32646,1360,0.06999306999306998,0.10521093731586445,0.05672031252458773,0.1957650096612582
GSE25055,GSE32646,1361,0.1824444444444444,0.20639199443266742,0.10272063915276025,0.282742654230139
GSE25055,GSE32646,1362,0.043947368421052624,0.03888135610532517,0.14562342961596325,0.45737050167045534
GSE25055,GSE32646,1363,0.09066666666666667,-0.06359878023846466,0.12309877795748969,0.36473299921792246
GSE25055,GSE32646,1364,0.17986314760508315,0.279031274165766,0.10874029078107525,0.297551383587352
GSE25055,GSE32646,1365,0.04303571428571429,0.028527495226309707,0.09579893023644084,0.3106150824186511
GSE25055,GSE32646,1366,0.21381578947368418,0.19188667966669676,0.1442802616417409,0.4009122562921248
GSE25055,GSE32646,1367,0.15825123152709364,0.24268036499980056,0.05888803863351033,0.18536166594161696
GSE25055,GSE32646,1368,0.171875,0.20815669351106364,0.0290978049739532,0.08868478842925576
GSE25055,GSE32646,1369,0.2058702791461412,0.21929368909564428,0.06668845568344331,0.16476996931853938
GSE25055,GSE32646,1370,0.12982142857142864,0.1713085624814905,0.04007285645432218,0.14563953180318412
GSE25055,GSE32646,1371,0.055623973727422005,0.004783429707888365,0.1288113145805925,0.39512817927878696
GSE25055,GSE32646,1372,0.0625,0.13047199048631491,0.13376707518320707,0.3953416563277786
GSE25055,GSE32646,1373,0.06734404536862004,0.10956257304208306,0.1662025166731711,0.5263777587943496
GSE25055,GSE32646,1374,0.10371650821089018,0.13893232895364044,0.09702895179490656,0.3064028067581739
GSE25055,GSE32646,1375,0.10711279461279466,0.10197654604634004,0.10405582168828229,0.31444822305969355
GSE25055,GSE32646,1376,0.02298850574712641,0.032422451309830236,0.10622867295906394,0.3533486177444891
GSE25055,GSE32646,1377,0.07277465918203685,0.0995709316868692,0.0992299499981655,0.2838066644836413
GSE25055,GSE32646,1378,0.10790835181079073,0.14642674935423855,0.06277630320930189,0.21896218091317998
GSE25055,GSE32646,1379,0.1823529411764706,0.2732441891451197,0.06353437478579338,0.18348182849489603
GSE25055,GSE32646,1380,0.08480639730639727,0.09239693544240496,0.11780961628303388,0.34567132048234883
GSE25055,GSE32646,1381,0.08945548833189287,0.16758956566533867,0.09727394948379237,0.2690906803981755
GSE25055,GSE32646,1382,0.11022222222222222,0.04176700801859984,0.1331179955452603,0.3985460954263407
GSE25055,GSE32646,1383,0.14035916824196604,0.23465057151065438,0.12253187268719698,0.35909853992063157
GSE25055,GSE32646,1384,0.08902333621434744,0.09432510726633636,0.10207735961912692,0.3149807246153017
GSE25055,GSE32646,1385,0.028824833702882358,0.1559350020477892,0.05119801046237346,0.16007537972179764
GSE25055,GSE32646,1386,0.14977090492554412,0.25882000243147024,0.15081689541047158,0.4270623307007656
GSE25055,GSE32646,1387,0.1098636728147554,0.1849208139712737,0.09549467991071603,0.30911537317082416
GSE25055,GSE32646,1388,0.1239035087719299,0.015241325188630472,0.13167955309108997,0.39974141970213933
GSE25055,GSE32646,1389,0.10652549697493519,0.12323727923275513,0.08745182414647373,0.28120281913372475
GSE25055,GSE32646,1390,0.07490548204158798,0.07221550355073297,0.12611495597581315,0.34824291430486665
GSE25055,GSE32646,1391,0.08748778103616817,0.06802510963921532,0.13762047737886085,0.4141540663600912
GSE25055,GSE32646,1392,0.13007778738115827,0.04426106378554484,0.10194824920593296,0.32068333652407227
GSE25055,GSE32646,1393,0.18918350168350162,0.12313329555760388,0.07305467372773672,0.2207597020152574
GSE25055,GSE32646,1394,0.11217948717948723,0.17376643924961738,0.11048363195878674,0.32466310537482557
GSE25055,GSE32646,1395,0.07757130509939503,0.07138849123025703,0.14374514369740105,0.41685385533157904
GSE25055,GSE32646,1396,0.11059907834101379,0.10523792863607229,0.0976839817178356,0.2822869234853853
GSE25055,GSE32646,1397,0.14088598402323882,0.10889943376712724,0.04875167782570028,0.16407653155366753
GSE25055,GSE32646,1398,0.02967121090617486,0.00113103624325811,0.07426517944600886,0.22900525202813116
GSE25055,GSE32646,1399,0.10733333333333328,0.05811424681836419,0.09783727650160995,0.2663674938890288
GSE25055,GSE32646,1400,0.029170267934312877,-0.027791759320090925,0.11041729980339204,0.38628054129271383
GSE25055,GSE32646,1401,0.08321428571428569,0.03639349042287121,0.03433273938154313,0.16042415758525574
GSE25055,GSE32646,1402,0.03981937602627261,0.01923278244813237,0.10934237487799903,0.3547653336186374
GSE25055,GSE32646,1403,0.15266666666666662,0.10848997602876981,0.1313816754678691,0.405542046904652
GSE25055,GSE32646,1404,0.07644444444444465,0.042836528533689855,0.10065387651527646,0.2940436013988432
GSE25055,GSE32646,1405,0.12215686274509796,0.15222663197958158,0.06371367840794931,0.21206692883596567
GSE25055,GSE32646,1406,0.12176470588235289,0.08512072992173969,0.07061823233146336,0.22934214483165782
GSE25055,GSE32646,1407,0.06890060240963869,0.029887508862656342,0.03272677604131799,0.12956594444026936
GSE25055,GSE32646,1408,0.11531986531986549,0.11857594771435326,0.07593025025443306,0.2163300971476239
GSE25055,GSE32646,1409,0.05673758865248224,-0.011898321635474218,0.14816200639175706,0.45190030240512136
GSE25055,GSE32646,1410,0.07558139534883723,0.07618472021948475,0.06363650299933313,0.19965537729291194
GSE25055,GSE32646,1411,0.09168241965973545,0.2020155819067232,0.13058372934417803,0.391002825828664
GSE25055,GSE32646,1412,0.07944139194139188,0.07957517093830913,0.09259951928741242,0.2608044687207461
GSE25055,GSE32646,1413,0.055062823355506274,0.13116373150886806,0.06584365402167186,0.1724961717871255
GSE25055,GSE32646,1414,0.25960784313725493,0.3200839353939136,0.028041481603083285,0.04697292132583464
GSE25055,GSE32646,1415,0.07511111111111113,0.02732654691835379,0.09164914047097789,0.2793274507524197
GSE25055,GSE32646,1416,0.17655723905723897,0.1812606165836772,0.08178264771067603,0.25270457177145667
GSE25055,GSE32646,1417,0.027009507346586137,0.08733809371079465,0.14553452995640284,0.4243388827221115
GSE25055,GSE32646,1418,0.2108294930875576,0.13074849704045427,0.053378262596359416,0.1353059539435798
GSE25055,GSE32646,1419,0.2368035190615836,0.23952883833199928,0.10698019103392054,0.3024755731239841
GSE25055,GSE32646,1420,0.13784313725490194,0.1386781558142009,0.07784271681876942,0.2265944924127814
GSE25055,GSE32646,1421,0.0727450980392157,0.040624088641400324,0.08805313938931014,0.31613819105745156
GSE25055,GSE32646,1422,0.13450980392156875,0.22018757008772427,0.04770154646347591,0.16561405854987532
GSE25055,GSE32646,1423,0.028823529411764692,0.04768945790740747,0.0889078667169429,0.2963678022580105
GSE25055,GSE32646,1424,0.09688013136288998,0.12472125602213968,0.057883826091021856,0.18123530447496128
GSE25055,GSE32646,1425,0.16657894736842105,0.14248920901805356,0.08406705076535023,0.2583597462079267
GSE25055,GSE32646,1426,0.018728956228956206,0.016242096542851747,0.1450366777572901,0.4324430773715546
GSE25055,GSE32646,1427,0.05741965973534979,-0.0059862125873639815,0.15193843752757916,0.45330812416215716
GSE25055,GSE32646,1428,0.10117302052785926,0.04975509906316006,0.13624438709907402,0.39157589709307616
GSE25055,GSE32646,1429,0.05233990147783252,0.04424212301748409,0.11308022529629369,0.3414837322133445
GSE25055,GSE32646,1430,0.06999999999999984,0.03540305480192224,0.07442224674107287,0.20224226962374536
GSE25055,GSE32646,1431,0.05444444444444452,0.10525029945309228,0.08326702464932342,0.2877478199334088
GSE25055,GSE32646,1432,0.12605263157894742,0.11999422423657258,0.12692670944551,0.36139414313276685
GSE25055,GSE32646,1433,0.06845238095238104,0.0961992618523127,0.12681266967239307,0.3657394512624923
GSE25055,GSE32646,1434,0.14541918755401906,0.20784089755510127,0.1257591786826642,0.38090375595819737
GSE25055,GSE32646,1435,0.07204433497536944,0.02418909108540307,0.11278926437275891,0.3511274878121229
GSE25055,GSE32646,1436,0.10862198795180733,0.11802511952225347,0.0646152651582994,0.20351177976713486
GSE25055,GSE32646,1437,0.059777102330293874,0.0877953204903078,0.17922173252171017,0.5163850426899697
GSE25055,GSE32646,1438,0.13118131868131877,0.07881238304779797,0.13729427275519807,0.38596480204889855
GSE25055,GSE32646,1439,0.09289473684210525,0.009616583400454404,0.15423027988376353,0.45066194490961864
GSE25055,GSE32646,1440,0.15956221198156673,0.1361364339197867,0.06252957772815448,0.20351413482960412
GSE25055,GSE32646,1441,0.07594417077175686,0.10238690271595752,0.08412205770164771,0.23272924933497785
GSE25055,GSE32646,1442,0.13468013468013462,0.062448785451621636,0.08679659353439462,0.2955833758920364
GSE25055,GSE32646,1443,0.08621434745030254,0.019686861873542183,0.13378179902735038,0.437099957263962
GSE25055,GSE32646,1444,0.08980044345897997,0.15871687904843412,0.03252449402483923,0.13288403564087425
GSE25055,GSE32646,1445,0.11403508771929827,0.13220904518125326,0.0759536047365677,0.26603886824231915
GSE25055,GSE32646,1446,0.060550082101806124,0.09972380607254844,0.08630784795684787,0.27765521379215236
GSE25055,GSE32646,1447,0.09232142857142844,0.07626841465824064,0.05849079616715616,0.15711533364754382
GSE25055,GSE32646,1448,0.14324618736383443,0.12163500938344651,0.054507177633162235,0.16703752263143445
GSE25055,GSE32646,1449,0.15045155993431858,0.23734761886380834,0.1024194057342222,0.2789574925875159
GSE25055,GSE32646,1450,0.130450849963045,0.1340472646287516,0.06363358064070138,0.19753706107077507
GSE25055,GSE32646,1451,0.18704212454212454,0.25182638315631967,0.10706962137561249,0.3094588680362238
GSE25055,GSE32646,1452,0.10414866032843562,0.14284578075507692,0.1364302619917952,0.4036326027464602
GSE25055,GSE32646,1453,0.1578309078309078,0.258931251226361,-0.023462393042986418,-0.05250450022905673
GSE25055,GSE32646,1454,0.08511111111111103,0.18224739811041007,0.10549616453723651,0.3255220377985372
GSE25055,GSE32646,1455,0.12403993855606765,0.12383531384523866,0.06768164354536488,0.1903489480138162
GSE25055,GSE32646,1456,0.053030303030303094,0.0009729656459447344,0.1232676202380413,0.3936904700408836
GSE25055,GSE32646,1457,0.12160714285714291,0.16195834401406334,0.03049819477515181,0.12404611101020802
GSE25055,GSE32646,1458,0.11955555555555553,0.078480548146654,0.13136619167271543,0.3961555552387117
GSE25055,GSE32646,1459,0.13475177304964536,0.15587773225273938,0.11644045469075245,0.3247567011114925
GSE25055,GSE32646,1460,0.12039170506912444,0.1850112746132322,0.027763169014956263,0.10699433255400814
GSE25055,GSE32646,1461,0.045375972342264426,0.010762100754487636,0.10653486529937276,0.3050594584873512
GSE25055,GSE32646,1462,0.1329787234042552,0.21632039146766646,0.13938372036928587,0.4200907772776657
GSE25055,GSE32646,1463,0.08079157588961516,0.15595964570732002,0.0514432297730775,0.1611250501974686
GSE25055,GSE32646,1464,0.041315789473684195,-0.0553124370752483,0.1691767906213908,0.521491130520187
GSE25055,GSE32646,1465,0.1264044943820224,0.09383326337259046,0.06399892424313353,0.1658578129136612
GSE25055,GSE32646,1466,0.1406250000000001,0.15086219806948048,0.14899044470860817,0.43858263851061385
GSE25055,GSE32646,1467,0.18213058419243988,0.24948985291039982,0.19124091729176926,0.5471050573973307
GSE25055,GSE32646,1468,0.13478915662650592,0.2391302179277136,0.04550737019149814,0.12318381987179972
GSE25055,GSE32646,1469,0.15313725490196073,0.0556779051791248,0.08471575162755132,0.27152701050742745
GSE25055,GSE32646,1470,0.07081280788177335,0.13714528757074546,0.1050692922907118,0.31486249371032504
GSE25055,GSE32646,1471,0.15755555555555556,0.15115372518011755,0.10827430622091169,0.3455379670618968
GSE25055,GSE32646,1472,0.1894987035436474,0.2095772657276015,0.11871999050876308,0.3296983545030412
GSE25055,GSE32646,1473,0.02176403207331057,0.03584148019564204,0.17033971614697796,0.4860819716336507
GSE25055,GSE32646,1474,0.16456228956228958,0.09314779876486684,0.10931781855419542,0.3518196709523178
GSE25055,GSE32646,1475,0.11098039215686262,0.2309809541093335,0.059460722902965085,0.19687188029335045
GSE25055,GSE32646,1476,0.05490196078431364,-0.010863663133657886,0.1022057305674679,0.3384253744967446
GSE25055,GSE32646,1477,0.11391625615763545,0.07694261956777271,0.11233412634216122,0.32984795421623614
GSE25055,GSE32646,1478,0.17178046672428693,0.09319331347320803,0.07872691931122908,0.2649426986498735
GSE25055,GSE32646,1479,0.15625,0.07595355850996488,0.13069990048378355,0.3638948344708315
GSE25055,GSE32646,1480,0.1401363271852447,0.23944319123707786,0.05479351307506661,0.14385066363041965
GSE25055,GSE32646,1481,0.099942726231386,0.09061314943535587,0.19633063341572748,0.5610749103766168
GSE25055,GSE32646,1482,0.15417921686746983,0.1144213248104951,0.02028314479130372,0.09596220054670546
GSE25055,GSE32646,1483,0.08991683991683985,0.14745206568661323,0.04076275073494884,0.17832394444636357
GSE25055,GSE32646,1484,0.03525641025641024,0.035699007064706245,0.1540636473527646,0.5074543610863843
GSE25055,GSE32646,1485,0.07244174265450865,0.04119373894797246,0.10418989419366818,0.31547826996271966
GSE25055,GSE32646,1486,0.11022167487684731,0.13297730008991354,0.07769469080676683,0.22343304388245688
GSE25055,GSE32646,1487,0.0063131313131312705,0.06691771702237975,0.15747641482199393,0.4637719066367357
GSE25055,GSE32646,1488,0.12972085385878507,0.08535130460891427,0.1148123597476784,0.3521914368840433
GSE25055,GSE32646,1489,0.09133333333333316,0.01860618664478153,0.06082376976759593,0.2158761896075468
GSE25055,GSE32646,1490,0.1288402457757296,0.09781962418671464,0.07600386246928031,0.2024619572540841
GSE25055,GSE32646,1491,0.09822222222222232,0.12249952075234266,0.13874500481739022,0.40927757023645595
GSE25055,GSE32646,1492,0.1711111111111112,0.19388587864748413,0.0936079987738814,0.28099184771592833
GSE25055,GSE32646,1493,0.13005050505050497,0.12455283644082249,0.10016033185356357,0.2973397566729683
GSE25055,GSE32646,1494,0.11897590361445787,0.241033395089072,0.050147458726629984,0.158135912780206
GSE25055,GSE32646,1495,0.10826001955034215,0.1500856681176792,0.16256248877001536,0.4989875111554631
GSE25055,GSE32646,1496,0.073015122873346,0.08113287885632109,0.11895678154444606,0.3450066790453013
GSE25055,GSE32646,1497,0.1331194867682438,0.19061076086782563,0.07656670282257169,0.24374986322208636
GSE25055,GSE32646,1498,0.07778668805132316,0.1681416065396968,0.055254491591266386,0.15037541434491986
GSE25055,GSE32646,1499,0.05645161290322587,0.10389702505031534,0.08648997969987085,0.25533803965145485
GSE25055,GSE32646,1500,0.1529882154882155,0.18489374915013917,0.11735564399593998,0.36964800036633483
GSE25055,GSE32646,1501,0.1023156899810963,0.10428797156512482,0.1563971166239713,0.4305375899285273
GSE25055,GSE32646,1502,0.1951166810717373,0.23680990437389698,0.07339347045657293,0.2046174522552402
GSE25055,GSE32646,1503,0.13526361279170285,0.10363520838529411,0.08845544397875318,0.25179814977521364
GSE25055,GSE32646,1504,0.10411764705882354,0.15655628798236554,0.10040643578774361,0.28403751744727
GSE25055,GSE32646,1505,0.043486445783132543,0.08945164904016345,0.06509167358317378,0.1895884565261814
GSE25055,GSE32646,1506,-0.04061447811447805,-0.011023355336785612,0.11448638088737684,0.34314099470438675
GSE25055,GSE32646,1507,0.08974358974358976,0.12110120183445044,0.14089005054675172,0.41276569672458296
GSE25055,GSE32646,1508,0.0921052631578948,0.12545171893905765,0.13083488280925704,0.3837538415046881
GSE25055,GSE32646,1509,0.14247311827956988,0.19471338116208303,0.11996272814125486,0.367994414272284
GSE25055,GSE32646,1510,0.056078431372548976,-0.03754545098027412,0.10905114115235856,0.33971681143589094
GSE25055,GSE32646,1511,0.17880036630036633,0.11235540234919894,0.11579381493789553,0.3576640153239524
GSE25055,GSE32646,1512,0.13955555555555554,0.08379559065274922,0.08994685421300769,0.26141180143005216
GSE25055,GSE32646,1513,0.036862003780718244,0.1320078968543863,0.15906245914600964,0.4671493961928745
GSE25055,GSE32646,1514,0.14560236511456026,0.2209772712745358,0.05280249189058958,0.1954002507121636
GSE25055,GSE32646,1515,0.1388248847926269,0.10030781557945667,0.07573567401160283,0.25063297207123436
GSE25055,GSE32646,1516,0.10184442662389737,0.1501905187473369,0.10119100469955997,0.30954084690850237
GSE25055,GSE32646,1517,0.16831140350877194,0.23257685791908433,0.12271882820159344,0.3414571228310967
GSE25055,GSE32646,1518,0.13973684210526316,0.18727756607993895,0.1686906815735822,0.46101690169359344
GSE25055,GSE32646,1519,0.07558139534883723,0.10469794228602541,0.09537782504948508,0.3034971249611125
GSE25055,GSE32646,1520,0.1339615668883961,0.0723299169587518,0.08631042378809106,0.28785810190450567
GSE25055,GSE32646,1521,0.12878133102852207,0.10544889468334018,0.1287555034900463,0.39104158818633294
GSE25055,GSE32646,1522,0.10536980749746705,0.1755259760248567,0.08891456677583104,0.233182010763829
GSE25055,GSE32646,1523,0.15457097032878908,0.12582745425743436,0.08150380134449281,0.22216817426246127
GSE25055,GSE32646,1524,0.10185185185185186,0.10469732283282907,0.16235986604153355,0.47869076187259196
GSE25055,GSE32646,1525,0.16657894736842105,0.11942929201399749,0.11685043353104393,0.31227995952701165
GSE25055,GSE32646,1526,0.1050084175084175,0.08302235073666325,0.10495647244450404,0.3260714615853896
GSE25055,GSE32646,1527,0.07953394123606894,0.14630288615272874,0.12523212302721096,0.3611710480662113
GSE25055,GSE32646,1528,0.14194139194139188,0.17745120458497005,0.09109972540118164,0.2710678161314537
GSE25055,GSE32646,1529,0.09783480352846807,0.1324879275647043,0.057796408671901306,0.1490577582947914
GSE25055,GSE32646,1530,0.16555555555555557,0.2780389621314327,0.11051963037137716,0.31078087752565664
GSE25055,GSE32646,1531,0.09764309764309764,0.16402161723664277,0.0858281118598502,0.24240342273894255
GSE25055,GSE32646,1532,0.041785714285714315,0.0633046585520376,0.12122682280215288,0.3968683250870728
GSE25055,GSE32646,1533,0.122142857142857,0.12390069054679648,0.06587834179960689,0.21211089503883918
GSE25055,GSE32646,1534,0.08039294306335198,0.11393732213434027,0.12144166302282422,0.3569148591906729
GSE25055,GSE32646,1535,0.19542619542619533,0.1568954210829585,-0.024658520012545954,-0.06109443721811636
GSE25055,GSE32646,1536,0.11840968020743303,0.07567619444862328,0.11860352795148543,0.3399456551231056
GSE25055,GSE32646,1537,0.1615831517792301,0.13641142903200015,0.03589164998270539,0.12567440562198495
GSE25055,GSE32646,1538,0.14414595028067356,0.14170866642235586,0.06637915087707433,0.1998747615077091
GSE25055,GSE32646,1539,0.16666666666666674,0.1577517965080245,0.08736351593657701,0.22657223846793673
GSE25055,GSE32646,1540,0.12684729064039413,0.25233433641615755,0.10989499110875578,0.31642511469610324
GSE25055,GSE32646,1541,0.14203612479474548,0.14763091939952444,0.05368950553877655,0.15556502462615707
GSE25055,GSE32646,1542,0.1871833839918945,0.18005542569733146,0.11411849441878802,0.3227535140375065
GSE25055,GSE32646,1543,0.09617003367003363,0.1481553993732478,0.06932541117263114,0.22588151652790045
GSE25055,GSE32646,1544,0.05607843137254909,0.07379521348363655,0.07550032210913393,0.2581406935137134
GSE25055,GSE32646,1545,0.14026315789473687,0.2157028211018368,0.1478145471472501,0.4093532637887486
GSE25055,GSE32646,1546,0.0822222222222222,0.15915039833714345,0.08251326644765361,0.2403050530979861
GSE25055,GSE32646,1547,0.08997252747252749,0.14223360001563068,0.1241232123907641,0.34543808379940544
GSE25055,GSE32646,1548,0.09274193548387077,0.04773415404131054,0.0927198701915958,0.27948545134138203
GSE25055,GSE32646,1549,0.14804147465437778,0.1854546044056291,0.03865282423820682,0.10411491389733274
GSE25055,GSE32646,1550,0.12065779748706573,0.08437863991357908,0.03827970247496662,0.102950545413666
GSE25055,GSE32646,1551,0.09096802074330168,0.05784884168480886,0.1117416038814707,0.35555773912105204
GSE25055,GSE32646,1552,0.05174858223062384,0.03472897725930957,0.1349843921507954,0.4108245321203251
GSE25055,GSE32646,1553,0.06001890359168249,-0.008240364848645099,0.13687393728636552,0.4262465285374757
GSE25055,GSE32646,1554,0.11822289156626509,0.14205300899928808,0.051202479051400185,0.15554499538641098
GSE25055,GSE32646,1555,0.19760101010101017,0.12284710080133426,0.07783874510353414,0.2568958624017992
GSE25055,GSE32646,1556,0.06688888888888878,0.010938892228921915,0.10338627951305032,0.29699347892479616
GSE25055,GSE32646,1557,0.12866300366300365,0.13679644635869348,0.08960029954329257,0.254879440113137
GSE25055,GSE32646,1558,0.07177777777777772,0.00968561141051677,0.11796863646453351,0.3508600395057864
GSE25055,GSE32646,1559,0.10258358662613976,0.10357636320685348,0.15479037874197685,0.4938095122356111
GSE25055,GSE32646,1560,0.1582491582491582,0.18319639286738837,0.09266655703587062,0.3042999656086015
GSE25055,GSE32646,1561,0.12532411408815902,0.15469339756335987,0.09559471182624121,0.23648879532693412
GSE25055,GSE32646,1562,0.0722468588322247,0.07606149892606279,0.06687760638771359,0.23760179551222482
GSE25055,GSE32646,1563,0.141941391941392,0.12751137895648562,0.09030808251345221,0.288736929834024
GSE25055,GSE32646,1564,0.049385633270321416,0.08154782310097619,0.14795839215577933,0.44244006281914017
GSE25055,GSE32646,1565,0.07655993431855501,0.09346478878879072,0.10622801565707082,0.3293263459914305
GSE25055,GSE32646,1566,0.13421550094517964,0.24147356141384907,0.11441573452323336,0.36766862062925254
GSE25055,GSE32646,1567,0.11079109062980019,0.16159368590188605,0.025340205128041055,0.07121754298428296
GSE25055,GSE32646,1568,0.1077235772357723,0.17732398044182218,0.02319155408677276,0.08561693934477033
GSE25055,GSE32646,1569,0.10210622710622708,0.19529024451236904,0.10037559545621011,0.2918601153735726
GSE25055,GSE32646,1570,0.11881868131868134,0.0704609154561937,0.10832058903115022,0.3058226177519414
GSE25055,GSE32646,1571,0.06698357821953327,0.07171686381361742,0.11473696971019556,0.3292798894643599
GSE25055,GSE32646,1572,0.09202085004009608,0.03594223380935735,0.08201963852897196,0.26070560906008056
GSE25055,GSE32646,1573,0.11686274509803918,0.13041313175161245,0.039850436632111685,0.15871575510933256
GSE25055,GSE32646,1574,0.10602759622367464,0.1371224391368081,0.059670218629771454,0.23122046955446762
GSE25055,GSE32646,1575,0.09217171717171724,0.07228867960345003,0.08945789240366292,0.2796466610678075
GSE25055,GSE32646,1576,0.12331649831649849,0.1623023211516888,0.08478348063675858,0.27886915028043674
GSE25055,GSE32646,1577,0.16440886699507384,0.14177698451631426,0.05802339108556351,0.15444507978356503
GSE25055,GSE32646,1578,0.15066026410564226,0.1430756471336807,0.15421101120734185,0.40088620268867814
GSE25055,GSE32646,1579,0.07087294727744176,0.13618053390883128,0.12214546879581889,0.364349084799618
GSE25055,GSE32646,1580,0.09958791208791207,0.1583429069397389,0.15223613872771233,0.419818247046122
GSE25055,GSE32646,1581,0.06568712186689718,0.10676113488026506,0.12477019601188019,0.3629061839699716
GSE25055,GSE32646,1582,0.11910774410774405,0.16633110834018133,0.11420794049559205,0.3232091488489637
GSE25055,GSE32646,1583,0.1262315270935962,0.184648030838166,0.06538734296532131,0.19879200408769904
GSE25055,GSE32646,1584,0.11322385479688846,-0.0364317268476691,0.0867277504684511,0.2691107520647254
GSE25055,GSE32646,1585,0.15860215053763438,0.19047272898380102,0.05349227677265436,0.162664626683533
GSE25055,GSE32646,1586,0.20368620037807184,0.18871610479070683,0.0863925618581117,0.2718387443365459
GSE25055,GSE32646,1587,0.0844780219780219,0.04315674635748157,0.1755631162202323,0.5119248954313496
GSE25055,GSE32646,1588,0.15229668674698793,0.05101938953018764,0.06755022723239087,0.1911312016483706
GSE25055,GSE32646,1589,0.12882352941176467,0.15455189933694802,0.05772064581363329,0.16917307733285902
GSE25055,GSE32646,1590,0.0850168350168351,0.11979433380995047,0.09854020259236715,0.30036270533983034
GSE25055,GSE32646,1591,0.05600189035916814,0.048411287886103216,0.13267836031458394,0.3970985554019714
GSE25055,GSE32646,1592,0.1514976958525346,0.1019061652882991,0.025565857153943106,0.10266636970555132
GSE25055,GSE32646,1593,0.13822222222222214,0.16311587953241002,0.18558785055391389,0.5806885977413415
GSE25055,GSE32646,1594,0.1356209150326797,0.16262378514302578,0.03427927911978945,0.12844189664001193
GSE25055,GSE32646,1595,0.052444444444444294,0.003076458627607359,0.1465660658311574,0.4432862667516685
GSE25055,GSE32646,1596,0.0796703296703295,0.10161416624833652,0.14899029670890243,0.5017919884348025
GSE25055,GSE32646,1597,0.12143474503025065,0.07203370993464703,0.10443449320860426,0.29652654111941523
GSE25055,GSE32646,1598,0.14374498797113067,0.0856859552072885,0.05109359051935139,0.16560761246453504
GSE25055,GSE32646,1599,0.10555555555555562,0.05469574151181772,0.11049930910503292,0.3278011300518737
GSE25055,GSE32646,1600,0.12577777777777777,0.22412832168112518,0.06965986182500811,0.22602935189266404
GSE25055,GSE32646,1601,0.08137254901960789,0.1325475566024572,0.10884815502986264,0.32025592511932344
GSE25055,GSE32646,1602,0.11822222222222234,0.06891187404712273,0.10423076341666959,0.2958625377408608
GSE25055,GSE32646,1603,0.05823529411764705,0.07350044544713147,0.0714241932063388,0.1829563801172619
GSE25055,GSE32646,1604,0.13398692810457524,0.1903309454821615,0.0789418674354864,0.2300293459542918
GSE25055,GSE32646,1605,0.18862889983579656,0.12796547355566912,0.10708493380717207,0.2975642660790654
GSE25055,GSE32646,1606,0.10466666666666657,0.09659372894487028,0.1024556599484816,0.33814501561308796
GSE25055,GSE32646,1607,0.09964285714285714,0.05340956947344433,0.022050616612046242,0.08183156921056012
GSE25055,GSE32646,1608,0.08751080380293852,-0.03637079148631367,0.13029751766765338,0.38123998658264346
GSE25055,GSE32646,1609,0.1398865784499056,0.18131512805148653,0.12248000931417394,0.3695643678073402
GSE25055,GSE32646,1610,0.1675330812854442,0.1693006581802532,0.1192326207759355,0.3214214320856779
GSE25055,GSE32646,1611,0.16995073891625612,0.23141539081755647,0.08667699220248157,0.21005897459292155
GSE25055,GSE32646,1612,0.09195402298850575,0.08980771692498368,0.08840049564727676,0.2584413627301433
GSE25055,GSE32646,1613,0.1737254901960784,0.2375118552944061,0.06783718559494992,0.17342577590703667
GSE25055,GSE32646,1614,0.06588235294117639,0.031577492255055684,0.09599670423317799,0.2812748945246639
GSE25055,GSE32646,1615,0.06705882352941195,0.14449958971637417,0.07527507455185567,0.22604047037541564
GSE25055,GSE32646,1616,0.08462675535846265,0.06440476197368605,0.04068192898530126,0.1316590790303862
GSE25055,GSE32646,1617,0.12836700336700335,0.09656815979750566,0.08099970510296778,0.23777093961949392
GSE25055,GSE32646,1618,0.054204660587639286,-0.02050782129656964,0.13022181697874335,0.4237026372618129
GSE25055,GSE32646,1619,0.1335204490777866,0.11763699016845591,0.05313352821377021,0.17225213819176854
GSE25055,GSE32646,1620,0.07951598962834916,0.20110130258773296,0.10500474325165426,0.31999281989966366
GSE25055,GSE32646,1621,0.10206228956228947,0.04318285602978256,0.09598112650475382,0.30003973567755793
GSE25055,GSE32646,1622,0.12234042553191493,0.02867230509864349,0.1474070870353678,0.4653604656802109
GSE25055,GSE32646,1623,0.1102646351242983,0.032261939784104965,0.10311651578956188,0.29225989081205916
GSE25055,GSE32646,1624,0.17764705882352938,0.15719334272581065,0.08110237886134555,0.22057735207938356
GSE25055,GSE32646,1625,0.18907563025210072,0.13640463267738734,0.12841922847777143,0.35521202753563746
GSE25055,GSE32646,1626,0.11137254901960791,0.1304075572765615,0.04848917259196647,0.17268122956125698
GSE25055,GSE32646,1627,0.12710526315789472,0.17926400117181937,0.14526267645043014,0.43174299786229065
GSE25055,GSE32646,1628,0.08431085043988273,0.31166024720885627,0.1676835027567193,0.49211497344270355
GSE25055,GSE32646,1629,0.11910774410774416,0.20968687988370827,0.09081900990566724,0.2765923485124476
GSE25055,GSE32646,1630,0.053763440860215006,0.054263628356975235,0.16074640132537227,0.5011881232036903
GSE25055,GSE32646,1631,0.09967320261437906,0.08487150162500134,0.05558625070182946,0.18195009273169216
GSE25055,GSE32646,1632,0.16570660522273428,0.12461280195592161,0.03000735328902701,0.09647110201853171
GSE25055,GSE32646,1633,0.08485309017223908,0.05102121410642324,0.15402795472181988,0.4380331736888617
GSE25055,GSE32646,1634,0.08019246190858054,0.09809034710109771,0.10149433310020009,0.29219110875795007
GSE25055,GSE32646,1635,0.13709677419354838,0.33021301430745365,0.09831773185529394,0.2788210526100136
GSE25055,GSE32646,1636,0.10269360269360261,0.05667778043015814,0.07859027502048949,0.20506158613394643
GSE25055,GSE32646,1637,0.09963913392141144,0.04642397968299389,0.07405094100534859,0.24036253730318136
GSE25055,GSE32646,1638,0.138752052545156,0.15866237261155258,0.07456536296007862,0.2431200062262946
GSE25055,GSE32646,1639,0.10044444444444434,0.08485055193802776,0.12734430818308273,0.3942754815745815
GSE25055,GSE32646,1640,0.04702251270878721,0.028307924121501737,0.06362213138315381,0.25183936233094695
GSE25055,GSE32646,1641,0.12910509031198691,0.2342399140281497,0.07041856367357618,0.2023796071859597
GSE25055,GSE32646,1642,0.08678955453149007,-0.01446076318970102,0.046396183259021284,0.17443523952743234
GSE25055,GSE32646,1643,0.1557239057239057,0.050246784953251244,0.061808801139898145,0.17198715927176045
GSE25055,GSE32646,1644,0.062211981566820285,0.036317311691845044,0.10556178263438257,0.3420805108687791
GSE25055,GSE32646,1645,0.09294161123429412,0.03125968819065916,0.0547188398148554,0.16484756310062354
GSE25055,GSE32646,1646,0.081989247311828,0.1437770832906105,0.05764732364064451,0.2024894477681095
GSE25055,GSE32646,1647,0.0674509803921568,0.06912887672139012,0.1069800163093671,0.3600270133248422
GSE25055,GSE32646,1648,0.1968888888888889,0.23210688456463646,0.10013644537912944,0.31323731903116825
GSE25055,GSE32646,1649,0.030682800345721684,-0.028750882970753566,0.1319172615962339,0.42158232837633863
GSE25055,GSE32646,1650,0.06907894736842113,-0.02656042593923441,0.16136522653821891,0.4874073771234368
GSE25055,GSE32646,1651,0.05521783181357642,0.04638778944535926,0.16656580737986298,0.4790552663720785
GSE25055,GSE32646,1652,0.0580973129992739,0.036337686862854435,0.06535516190546317,0.18796868227808727
GSE25055,GSE32646,1653,0.09261974584555233,0.11552042442813709,0.12468605624554799,0.35618425763500194
GSE25055,GSE32646,1654,0.14533333333333343,0.1262280453717105,0.13577445050087183,0.40176836105029373
GSE25055,GSE32646,1655,0.12360688956433641,0.11734981292527114,0.11076838784392953,0.31816279762212546
GSE25055,GSE32646,1656,0.10306828003457225,0.08486593236020878,0.08972472963166034,0.267083636226502
GSE25055,GSE32646,1657,0.11398176291793327,0.23303279473074867,0.12834150624024857,0.4116807389151117
GSE25055,GSE32646,1658,0.07795698924731187,0.06791033544212377,0.14873804802558893,0.4589123415358362
GSE25055,GSE32646,1659,0.16422222222222227,0.2073326714863013,0.09940785998561535,0.2832014556361655
GSE25055,GSE32646,1660,0.15517241379310331,0.20466112865380925,0.07673720812087295,0.22879402524188708
GSE25055,GSE32646,1661,-0.012028869286287103,-0.014783066046161752,0.11426087529344567,0.3395325705788229
GSE25055,GSE32646,1662,0.02744165946413135,-0.003643739806825863,0.11411367794705168,0.33934578714328895
GSE25055,GSE32646,1663,0.12999273783587506,0.09482548377137512,0.04947345235607542,0.18665460584449955
GSE25055,GSE32646,1664,0.08870967741935487,0.09557012353592809,0.045713874069126526,0.1667597396335877
GSE25055,GSE32646,1665,0.12194525904203324,0.128744228727661,0.11429037969564618,0.34603669467172615
GSE25055,GSE32646,1666,0.10795454545454541,0.153359592606786,0.1551152162186043,0.4871112389200559
GSE25055,GSE32646,1667,0.15131578947368418,0.1131218260477524,0.12406422727169164,0.3909878694685304
GSE25055,GSE32646,1668,0.136302294197031,0.09892795413870842,0.004459265434688636,0.04375269611660482
GSE25055,GSE32646,1669,0.1914893617021276,0.10249006547613082,0.11857610714897518,0.30783365131345897
GSE25055,GSE32646,1670,0.12356321839080464,0.16668470165658922,0.06043456504674108,0.20258247616864433
GSE25055,GSE32646,1671,0.07548125633232028,0.015653039801727053,0.1271606085168925,0.38071685747815054
GSE25055,GSE32646,1672,0.11764705882352933,0.17218184790291147,0.08058841522217317,0.2711867268584198
GSE25055,GSE32646,1673,0.13591184096802056,0.09801210705005703,0.0870606562635367,0.22522136390567649
GSE25055,GSE32646,1674,0.16840417000801922,0.21396989167250757,0.11541129944531955,0.3547166374499392
GSE25055,GSE32646,1675,0.0742222222222223,0.08916267200589606,0.1544912749177409,0.46983961764443855
GSE25055,GSE32646,1676,0.17108585858585856,0.11318828580772688,0.08831147237255701,0.23285600702080134
GSE25055,GSE32646,1677,0.0926666666666669,0.10662757266644973,0.08725780654000065,0.24448883385603426
GSE25055,GSE32646,1678,0.11899482631189962,0.16130050940195306,0.03284011898084738,0.1205750558977291
GSE25055,GSE32646,1679,0.060144346431435514,0.09766889071446105,0.06588080328590912,0.23268679636419176
GSE25055,GSE32646,1680,0.08352941176470585,0.05702062625804505,0.07378772288675658,0.22833149751274273
GSE25055,GSE32646,1681,0.06118222891566283,0.06667515544784652,0.05869650617194763,0.20687532150425947
GSE25055,GSE32646,1682,0.09043040293040294,0.12197715215237204,0.09605679409309045,0.2802867457141651
GSE25055,GSE32646,1683,0.16333333333333344,0.10453588035573635,0.04383668628138193,0.14864852562300535
GSE25055,GSE32646,1684,0.03777472527472525,-0.055185731903633795,0.1304250488596446,0.407831612130858
GSE25055,GSE32646,1685,0.11422222222222222,0.09165906004410151,0.08546142589192743,0.2708080944174307
GSE25055,GSE32646,1686,0.12389735364875687,0.09005805696580765,0.08911353456487067,0.24222964250060897
GSE25055,GSE32646,1687,0.0900160384923816,0.19460221714093928,0.05824744115743702,0.1783047615677214
GSE25055,GSE32646,1688,0.08553274682306944,0.04648342352019491,0.13469797335223171,0.4050398022578268
GSE25055,GSE32646,1689,0.088332234673698,0.12121962694011024,0.02005002741966211,0.09208136141604661
GSE25055,GSE32646,1690,0.1155303030303031,0.23144976162873176,0.09342438746678106,0.3022157695195404
GSE25055,GSE32646,1691,0.04454685099846378,0.04721427679684559,0.09952793295677453,0.26640449338969463
GSE25055,GSE32646,1692,0.13464696223316908,0.14226918203886457,0.11580853460116664,0.37505780488912044
GSE25055,GSE32646,1693,0.09020146520146533,0.21730205531561286,0.10556080941812848,0.2960343179762769
GSE25055,GSE32646,1694,0.08844444444444444,0.08878175652710946,0.07934212309521307,0.2265437217623138
GSE25055,GSE32646,1695,0.06691297208538605,0.05538038413789881,0.09783442027856898,0.3096952613800517
GSE25055,GSE32646,1696,0.09322373696872499,0.09056841584812303,0.07971584857470784,0.26160425938516574
GSE25055,GSE32646,1697,0.19977777777777783,0.24754648374358368,0.08622027048559716,0.238078682638995
GSE25055,GSE32646,1698,0.11225658648339065,0.11774423072848128,0.1298675997193896,0.37858024233645543
GSE25055,GSE32646,1699,0.10164835164835173,0.06609121608818619,0.06822186516133666,0.22569996600379721
GSE25055,GSE32646,1700,0.11430423509075183,0.17411805184883988,0.13707733084434884,0.4079902403568513
GSE25055,GSE32646,1701,0.12158167036215817,0.17927433622683275,0.05878005648842069,0.19798875930533977
GSE25055,GSE32646,1702,0.18431287813310293,0.14051523772453361,0.09223403064714447,0.2888024725392222
GSE25055,GSE32646,1703,0.07409688013136284,-0.010464585267125959,0.10056500832651019,0.3423318286142969
GSE25055,GSE32646,1704,0.07491582491582494,0.1013061859574248,0.11928957801200965,0.3844613263554256
GSE25055,GSE32646,1705,0.12788018433179726,0.14228344299071172,0.05253258464604585,0.19038333432126942
GSE25055,GSE32646,1706,0.0485197368421052,0.009687514149324783,0.16580697718952803,0.45900625011450474
GSE25055,GSE32646,1707,0.1396520146520147,0.17647320158925722,0.12068264678849802,0.3187423016854886
GSE25055,GSE32646,1708,0.13431372549019605,0.11348848551197027,0.07891559499387671,0.23949336161707657
GSE25055,GSE32646,1709,0.1685393258426966,0.10222842068287274,0.10847495614254221,0.2879068045037082
GSE25055,GSE32646,1710,0.17024410774410792,0.18581364986038967,0.09206007393237373,0.25536206909723247
GSE25055,GSE32646,1711,0.10104250200481146,0.10139754713843474,0.08986695527204827,0.26047883137764616
GSE25055,GSE32646,1712,0.15274509803921577,0.08762054517609102,0.06488151476262977,0.20023914251527586
GSE25055,GSE32646,1713,0.04756717501815544,-0.02986522746023368,0.05573862960902215,0.19707699173006532
GSE25055,GSE32646,1714,0.10141941391941389,0.13696281698809093,0.11896033501221284,0.3860215650372936
GSE25055,GSE32646,1715,0.07786195286195285,0.06129400201069568,0.10640804552022004,0.35600664209752764
GSE25055,GSE32646,1716,0.13140060240963858,0.15186131484624837,0.07992759798155041,0.23153656408865342
GSE25055,GSE32646,1717,0.15391722099039162,0.22960368063434666,0.05499274400656998,0.18120878169002508
GSE25055,GSE32646,1718,0.1773783587509078,0.2140991527476307,0.004299504447886293,0.03650043303919159
GSE25055,GSE32646,1719,0.17588325652841774,0.1272351048115422,0.07885975124709102,0.2507555981753772
GSE25055,GSE32646,1720,0.024848746758859064,0.09761716859347686,0.10709679825658314,0.3415598740430415
GSE25055,GSE32646,1721,0.08333333333333326,0.009864639328080016,0.1006506841802911,0.3099003156546252
GSE25055,GSE32646,1722,0.08246691871455569,0.13231501963705267,0.14988600818673134,0.45396877982936346
GSE25055,GSE32646,1723,0.19512195121951226,0.19121800731636418,0.051899455577148285,0.10177104811819437
GSE25055,GSE32646,1724,0.026410564225690214,0.1362984291949601,0.19113639844622837,0.5205038246304843
GSE25055,GSE32646,1725,0.0702861952861954,0.12863900054057392,0.10914405130060573,0.2909734281367413
GSE25055,GSE32646,1726,0.07470538720538722,0.05886156419920108,0.10139423532441935,0.31651917321317435
GSE25055,GSE32646,1727,0.13607843137254905,0.20886274336758637,0.06737403852581886,0.19237641111629755
GSE25055,GSE32646,1728,0.11391625615763545,0.22842085730355938,0.09028121229463695,0.2646493176306905
GSE25055,GSE32646,1729,0.12315789473684202,0.27308303341091855,0.1436657316505542,0.39647079502410587
GSE25055,GSE32646,1730,0.09600614439324118,0.05680821060062369,0.06696151121047239,0.21292290588120844
GSE25055,GSE32646,1731,0.1236068895643363,0.12467599092521509,0.14170586288596532,0.39829003275581315
GSE25055,GSE32646,1732,0.16941391941391937,0.17516688353841953,0.08428275822743572,0.2291138045179837
GSE25055,GSE32646,1733,0.0868888888888889,0.12851167820780468,0.09167376278338052,0.25205336741840184
GSE25055,GSE32646,1734,0.16420361247947457,0.27190557307384783,0.047310204942043604,0.12727963690344712
GSE25055,GSE32646,1735,0.08279871692060936,0.06706537814425473,0.11507905254084916,0.3782396257307419
GSE25055,GSE32646,1736,0.09806397306397308,0.13652345334937493,0.1132736972652982,0.33105498215443663
GSE25055,GSE32646,1737,0.1439393939393938,0.128522391613009,0.0957917378336765,0.26965348914210663
GSE25055,GSE32646,1738,0.12316335350043206,0.20383529592946315,0.0888340781303302,0.28192650442949124
GSE25055,GSE32646,1739,0.20454545454545447,0.2670813185387593,0.09913881142931039,0.31758515334260173
GSE25055,GSE32646,1740,0.08240946045824094,0.10853804974690617,0.05702066011863671,0.21949331087859125
GSE25055,GSE32646,1741,0.06509625126646401,0.12948953235575544,0.16404456922958707,0.46527498248940313
GSE25055,GSE32646,1742,0.10370879120879117,0.15270376282779397,0.1515924440089535,0.45710092082994314
GSE25055,GSE32646,1743,0.07725430597771021,0.07381939024041345,0.1317130352104689,0.41007803651703234
GSE25055,GSE32646,1744,0.04394736842105251,0.09072636401909662,0.1597524091835024,0.4502321047435303
GSE25055,GSE32646,1745,0.12007735583684964,0.09917795521703054,0.03018072575052705,0.15148469674425824
GSE25055,GSE32646,1746,0.15937019969278032,0.1630302112235441,0.06459566766813732,0.20721759543519824
GSE25055,GSE32646,1747,0.14541918755401906,0.07325766449971705,0.1126914929967846,0.3340451944966989
GSE25055,GSE32646,1748,0.11006415396952685,0.2224317501130219,0.05608527958227305,0.18813468682324286
GSE25055,GSE32646,1749,0.059113300492610765,0.03054729415780244,0.0831650101097074,0.258086817903982
GSE25055,GSE32646,1750,0.08553875236294906,0.10926034417681496,0.11729443884858642,0.34880367480869595
GSE25055,GSE32646,1751,0.0758426966292135,0.09108999193690026,0.09846719761663408,0.29531860041555996
GSE25055,GSE32646,1752,0.1650978915662651,0.17682172446197897,0.05761421860307678,0.15985710389437113
GSE25055,GSE32646,1753,0.14815789473684204,0.1239482127660434,0.13975055715581167,0.39229139717177774
GSE25055,GSE32646,1754,0.14675697865353043,0.0708856675428216,0.06408146025326109,0.19800307697272557
GSE25055,GSE32646,1755,0.06060606060606055,0.0858562390711976,0.12212435023833806,0.3790069406094888
GSE25055,GSE32646,1756,0.14411764705882346,0.19802999024372742,0.06217924782418713,0.174507147806096
GSE25055,GSE32646,1757,0.08955555555555572,0.1940463741662623,0.08935177275648301,0.24654563651448735
GSE25055,GSE32646,1758,0.03766835016835024,-0.025209214851237005,0.1244710287711171,0.3788179397762369
GSE25055,GSE32646,1759,0.17644444444444451,0.2799277968157115,0.0850293004945577,0.2493518403040817
GSE25055,GSE32646,1760,0.05722891566265065,0.10937380825971621,0.08341984189307944,0.24244787953440816
GSE25055,GSE32646,1761,0.11342105263157887,0.0666674551616161,0.14271376472081343,0.415797798615396
GSE25055,GSE32646,1762,0.10608552631578949,0.0033400830653151914,0.1472252239585728,0.43029703419966875
GSE25055,GSE32646,1763,0.1466666666666666,0.19779692762606627,0.11506644036287653,0.3381045916579579
GSE25055,GSE32646,1764,0.08143939393939392,0.0626530552148088,0.11036267033190472,0.3202009134000432
GSE25055,GSE32646,1765,0.053463855421686746,0.10891488675863797,0.0666440982811847,0.22733405780511617
GSE25055,GSE32646,1766,0.022247360482654632,0.1585088557809322,0.2081198159691516,0.6177561304468158
GSE25055,GSE32646,1767,0.16529304029304015,0.16224033617949513,0.10060346794912062,0.26794593411649104
GSE25055,GSE32646,1768,0.14100150602409645,0.20332317467208766,0.08417933508619913,0.23343757752383
GSE25055,GSE32646,1769,0.15860215053763438,0.1552866317515691,0.10509276573867479,0.2917074757064525
GSE25055,GSE32646,1770,0.09043778801843316,0.14316765274723098,0.0701575549700919,0.20753307743426952
GSE25055,GSE32646,1771,0.08966565349544064,0.2112005546841132,0.1452712810829364,0.44327599249396715
GSE25055,GSE32646,1772,0.08504398826979476,-0.0002877945070814403,0.15975100211063387,0.4719703673095586
GSE25055,GSE32646,1773,0.07210090361445776,0.08401087777866167,0.048458272918611184,0.18949028000129708
GSE25055,GSE32646,1774,0.10851648351648358,0.10467406286270997,0.13155489965765998,0.4001807877657723
GSE25055,GSE32646,1775,0.08099438652766644,0.06060928060427556,0.10015052570204902,0.31267871958377
GSE25055,GSE32646,1776,0.13821138211382122,0.1545874225997369,0.03572342751205515,0.11475205168626879
GSE25055,GSE32646,1777,0.026222222222222147,0.07233149861799087,0.16012559131964638,0.47818116718574954
GSE25055,GSE32646,1778,0.12211981566820285,0.1103876070663945,0.06668776917233601,0.20324273236450252
GSE25055,GSE32646,1779,0.18161094224924013,0.16174534935046114,0.11173064026268686,0.3397684657274606
GSE25055,GSE32646,1780,0.15133333333333332,0.0628080930483727,0.12933770065180938,0.3984885893494523
GSE25055,GSE32646,1781,0.10311111111111115,0.15737985968504115,0.09363015913248474,0.3079787098258143
GSE25055,GSE32646,1782,0.1122742200328406,0.19168811433599325,0.07033054330742092,0.18031780739744463
GSE25055,GSE32646,1783,0.08493589743589747,0.08852004982806394,0.12462878127420493,0.34611135756289135
GSE25055,GSE32646,1784,0.10444444444444445,0.12117598342599334,0.11006019745762505,0.315805208483562
GSE25055,GSE32646,1785,0.11516853932584259,0.19595470385063468,0.10324173601592934,0.32029351519206184
GSE25055,GSE32646,1786,0.11884306987399773,0.2285251645912818,0.15224644432920853,0.41755041436418827
GSE25055,GSE32646,1787,0.05032076984763434,-0.012172758976699116,0.11721451475669012,0.3641184549000908
GSE25055,GSE32646,1788,0.09831691297208545,0.08166149646683629,0.11748603715250924,0.3793580154382151
GSE25055,GSE32646,1789,0.13594470046082952,0.17498771730491008,0.04850515156896723,0.1371568008713655
GSE25055,GSE32646,1790,0.10218033998521792,0.16905328434714284,0.050004901702380394,0.1674825521365314
GSE25055,GSE32646,1791,0.07898351648351654,0.098755498103888,0.10777717068880283,0.32223223859963973
GSE25055,GSE32646,1792,0.18918350168350162,0.19771688876298954,0.09468341911454445,0.22617917682604372
GSE25055,GSE32646,1793,0.07200460829493094,0.019035926089304822,0.07595847034815167,0.2462661064357614
GSE25055,GSE32646,1794,0.1471631205673758,0.13414752601694874,0.17446841814726408,0.5148345812890308
GSE25055,GSE32646,1795,0.0876831501831502,0.07735418132246019,0.0822474251109653,0.24500506923955817
GSE25055,GSE32646,1796,0.131916599839615,0.2354000800706318,0.05679602571131476,0.19006615855147224
GSE25055,GSE32646,1797,0.08743842364532017,0.14802678885340526,0.12088540932052272,0.3892788076469679
GSE25055,GSE32646,1798,0.1642645971914266,0.18399589168456976,0.06349010239023667,0.20243629448281564
GSE25055,GSE32646,1799,0.07464285714285723,-0.007983598951276427,0.05515505141764221,0.17927826135026204
GSE25055,GSE32646,1800,0.16603535353535337,0.14404468588860309,0.08803758806142159,0.25136561059281026
GSE25055,GSE32646,1801,0.21928166351606815,0.2448391904051508,0.09388860200391003,0.23776632270764653
GSE25055,GSE32646,1802,0.14697542533081287,0.13060954364863686,0.09722750939411404,0.2764892562892152
GSE25055,GSE32646,1803,0.09844444444444433,0.16018243947171434,0.12277749579267383,0.36937389653378033
GSE25055,GSE32646,1804,0.173440065681445,0.2752430919855398,0.06801097653861388,0.18744489150079602
GSE25055,GSE32646,1805,0.12731481481481477,0.19194643195903754,0.09947431147244767,0.30044695078924977
GSE25055,GSE32646,1806,0.07294832826747721,0.06681581406040477,0.13842569596473092,0.4162915839062055
GSE25055,GSE32646,1807,0.05633520449077789,0.11637438674024292,0.08103745882279084,0.25110198155974167
GSE25055,GSE32646,1808,0.12058371735791085,0.0800253474759175,0.05594699889568533,0.1703891225509434
GSE25055,GSE32646,1809,0.17266666666666663,0.13974473064630838,0.1243030625122997,0.37439330847113106
GSE25055,GSE32646,1810,0.11094224924012164,0.12053317013000792,0.13699456440616137,0.39828601548922105
GSE25055,GSE32646,1811,0.02684903748733547,0.10246089742040493,0.13710851226589268,0.4012721557022897
GSE25055,GSE32646,1812,0.0587349397590361,0.17419341014057133,0.07639997928053244,0.2532760809704436
GSE25055,GSE32646,1813,0.10395622895622891,0.15520232838960285,0.07850769341299166,0.25016756762636055
GSE25055,GSE32646,1814,0.11725490196078425,0.0994155096544973,0.12605803765227194,0.38289446719945863
GSE25055,GSE32646,1815,0.055860805860805884,0.049852705691510346,0.13735047627821706,0.4370239789628134
GSE25055,GSE32646,1816,0.169950738916256,0.1490661797157119,0.060063559023391555,0.1589492114623382
GSE25055,GSE32646,1817,0.19555555555555548,0.1099008051094526,0.09529785991107007,0.26046468848708426
GSE25055,GSE32646,1818,0.0707417582417581,0.09929864756657436,0.11895665846478884,0.3520648929812891
GSE25055,GSE32646,1819,0.12951807228915668,0.14934227598355299,0.040034981713836626,0.13874866195871327
GSE25055,GSE32646,1820,0.062211981566820396,0.15573807004047285,0.07308432627344211,0.2294644800077249
GSE25055,GSE32646,1821,0.014520202020201989,0.012016521967982863,0.12859639818103932,0.36192489437170183
GSE25055,GSE32646,1822,0.07392156862745092,0.12305758832809699,0.1117654308987992,0.3708984125841627
GSE25055,GSE32646,1823,0.0450336700336702,0.14134311899328017,0.10855903028769939,0.3305056031609234
GSE25055,GSE32646,1824,0.1401363271852446,0.21531500412319,0.0671321641813021,0.20304277583537078
GSE25055,GSE32646,1825,0.16960784313725485,0.13035902329873394,0.08042743331633342,0.24700562935401116
GSE25055,GSE32646,1826,0.11347131445170655,0.17054055195614182,0.04372211290820052,0.1478120665497562
GSE25055,GSE32646,1827,0.04960784313725497,0.044575192537959774,0.08828860400854913,0.32515830289789455
GSE25055,GSE32646,1828,0.24240558292282433,0.23483848920233136,0.019851934283245304,0.02921326207053543
GSE25055,GSE32646,1829,0.10967578520770016,0.1257420215524125,0.12584363278724356,0.3753866232282539
GSE25055,GSE32646,1830,0.06631578947368433,-0.06817378890205084,0.15454776234239617,0.4584775774583809
GSE25055,GSE32646,1831,0.09910714285714284,0.1367814341553032,0.0341190821402827,0.12959984439351124
GSE25055,GSE32646,1832,0.11698717948717952,0.04266021484064353,0.13020041259018214,0.38654303810800805
GSE25055,GSE32646,1833,0.11524822695035453,0.13728058050100295,0.1338814285066696,0.39193806302200673
GSE25055,GSE32646,1834,0.16813294232649068,0.21595780602041242,0.10930200496841827,0.3045907566697582
GSE25055,GSE32646,1835,0.1933040078201368,0.14129560215684067,0.12616500826871224,0.36329034110709013
GSE25055,GSE32646,1836,0.20370370370370372,0.22788349292300697,0.07025209533636922,0.18321357819638906
GSE25055,GSE32646,1837,0.07608695652173914,0.14895773429088388,0.1259650021652753,0.3800605366490436
GSE25055,GSE32646,1838,0.10585016835016836,0.09054345614736736,0.054102643297076675,0.18326491609374684
GSE25055,GSE32646,1839,0.1553776683087028,0.1885299581505731,0.08595860195186827,0.23262288676843068
GSE25055,GSE32646,1840,0.08837510803802939,0.04761147166521362,0.10251983417300717,0.33174680402505785
GSE25055,GSE32646,1841,0.07457898957497999,0.1333561446163365,0.05406314573691487,0.17117234773551315
GSE25055,GSE32646,1842,0.1179775280898877,0.11282295545371784,0.101327662936545,0.31214676147047116
GSE25055,GSE32646,1843,0.10182370820668696,0.20967108229934012,0.11607623920357596,0.3406929502220353
GSE25055,GSE32646,1844,0.15473684210526328,0.20431732967221422,0.14942249969174906,0.4273094810500638
GSE25055,GSE32646,1845,0.10533610533610538,0.10093692001565513,0.019540420143674936,0.07000014508200336
GSE25055,GSE32646,1846,0.11549019607843147,0.16364145936390506,0.06150861928680357,0.1837760999568443
GSE25055,GSE32646,1847,0.05534638554216864,0.12873588189147023,0.0908412182054848,0.29609751758757363
GSE25055,GSE32646,1848,0.1023351648351648,0.10163687193598331,0.1142442816212845,0.350798640857368
GSE25055,GSE32646,1849,0.10544511668107182,0.19880698128955443,0.12390967225171917,0.37571207431159415
GSE25055,GSE32646,1850,0.051742919389978326,0.05137740543320801,0.060433688367800914,0.19775647257070117
GSE25055,GSE32646,1851,0.10987712665406424,-0.009801790159459867,0.09063226200179009,0.24781913684352397
GSE25055,GSE32646,1852,0.07017958412098291,0.1132279412762745,0.08798640789357351,0.26386302664922917
GSE25055,GSE32646,1853,0.09999999999999998,-0.00838120724395408,0.07684661386729327,0.24577338751994848
GSE25055,GSE32646,1854,0.06541019955654093,0.046360865507397264,0.09577193997356981,0.31150347254338795
GSE25055,GSE32646,1855,0.08377777777777773,0.13835903202590827,0.11913545197622608,0.36433259577295896
GSE25055,GSE32646,1856,0.20100732600732596,0.22924947124328499,0.08313682372507475,0.24946507403867096
GSE25055,GSE32646,1857,0.07765151515151525,0.05596154372483997,0.11390819978988925,0.35348828752411504
GSE25055,GSE32646,1858,0.10705882352941176,0.11920244935167207,0.09579991626156856,0.29125165525598795
GSE25055,GSE32646,1859,0.1779300567107751,0.08047816003286551,0.12681112547552292,0.3640019737560938
GSE25055,GSE32646,1860,0.1539589442815248,0.1210581079979921,0.11273558787352375,0.2999959750616202
GSE25055,GSE32646,1861,0.1192739844425238,0.1462806536776392,0.11944721004564021,0.3411234979171608
GSE25055,GSE32646,1862,0.20463137996219294,0.21530916154760898,0.08502365892873853,0.24113297524201294
GSE25055,GSE32646,1863,0.04819277108433728,-0.06161638030905825,0.07511331675445088,0.2375924575933016
GSE25055,GSE32646,1864,0.09185606060606055,0.014726873612632696,0.17099510696010153,0.5244566119589517
GSE25055,GSE32646,1865,0.06527093596059108,0.1485910868096051,0.11433373076540895,0.32954986203519376
GSE25055,GSE32646,1866,0.1451483560545309,0.25168572081107154,0.03796339535981472,0.09700646245855382
GSE25055,GSE32646,1867,0.11382536382536379,0.16047135492873438,0.022313843444990406,0.06765166884194396
GSE25055,GSE32646,1868,0.1786389413988657,0.11576369883888771,0.1280624079947433,0.3779304810558085
GSE25055,GSE32646,1869,0.02011494252873558,0.021731268070335652,0.07909609138403845,0.23021984347286106
GSE25055,GSE32646,1870,0.10253456221198165,0.13120592945671755,0.0669425362549472,0.1990219189450676
GSE25055,GSE32646,1871,0.1836407377706495,0.16916090923226557,0.09030191860480843,0.2564945588563847
GSE25055,GSE32646,1872,0.08394736842105266,0.20185485379316281,0.17763361698003358,0.5011497310836823
GSE25055,GSE32646,1873,0.12078431372549026,0.19004675429985207,0.05893462305701841,0.20576930957366157
GSE25055,GSE32646,1874,0.08333333333333337,0.05875860862408411,0.10084909585065419,0.2858198477260553
GSE25055,GSE32646,1875,0.08880726015557472,0.13325999945667444,0.15283483959502783,0.4570526244813855
GSE25055,GSE32646,1876,0.04040404040404033,0.10033825557788634,0.18835536849406842,0.5090252620131037
GSE25055,GSE32646,1877,0.16540404040404044,0.12667703886064863,0.06768123174760798,0.18508946769607715
GSE25055,GSE32646,1878,0.10467980295566504,0.15150522550269557,0.08901189172142965,0.28068807242822025
GSE25055,GSE32646,1879,0.11658249158249168,0.16061474502150408,0.07278994749743173,0.2073645845472718
GSE25055,GSE32646,1880,0.1413392141138733,0.2350661226768761,0.09170536322476228,0.27058867146165244
GSE25055,GSE32646,1881,0.016373411534701843,0.08172774299985391,0.17086729819150406,0.495908021651073
GSE25055,GSE32646,1882,0.19005613472333605,0.12319378539947046,0.08082754497519115,0.24221031533050852
GSE25055,GSE32646,1883,0.11607843137254903,0.057938599046778505,0.12454643904794743,0.3890051462756905
GSE25055,GSE32646,1884,0.09161624891961972,0.1201589835063609,0.0839486276081465,0.29443282720738917
GSE25055,GSE32646,1885,0.09600000000000009,0.03983128957694432,0.12282534485179994,0.3625443271305888
GSE25055,GSE32646,1886,0.10447454844006554,0.14804255659709653,0.0783139000053929,0.2513794394491078
GSE25055,GSE32646,1887,0.20601173020527863,0.0491373825471666,0.1375214902913629,0.3967901143668935
GSE25055,GSE32646,1888,0.08761026463512445,0.13208286437905908,0.07742200550750847,0.23952589450368367
GSE25055,GSE32646,1889,0.1299392097264439,0.10193853217451515,0.16550330156608842,0.4792259668915321
GSE25055,GSE32646,1890,0.07302188552188549,0.054697194115916226,0.09470460894373375,0.2908646058709239
GSE25055,GSE32646,1891,0.15280857354028077,0.1615182241925146,0.021783132964303675,0.07487111713008066
GSE25055,GSE32646,1892,0.11972573839662459,0.0741546011277684,0.016402912116612933,0.06302968460280978
GSE25055,GSE32646,1893,0.13383256528417808,0.14341697187700142,0.0717289898005656,0.20576965620292853
GSE25055,GSE32646,1894,0.16980392156862734,0.1360935518423556,0.02518322897975167,0.09018417062251738
GSE25055,GSE32646,1895,0.13300492610837422,0.01688409766952048,0.08356228484449993,0.2388861557861245
GSE25055,GSE32646,1896,0.05711111111111111,0.13800918369819903,0.12422723980762296,0.3769251057971282
GSE25055,GSE32646,1897,0.163978494623656,0.22058232983679554,0.06457369032075316,0.1753878612943922
GSE25055,GSE32646,1898,0.1290436005625879,0.12795260911429063,0.012293074139197113,0.04418686701345542
GSE25055,GSE32646,1899,0.18925421010425014,0.1295649655965836,0.0615630472995953,0.16937081262919096
GSE25055,GSE32646,1900,0.10578947368421054,0.06989944807619514,0.1473987734989249,0.421252192119899
GSE25055,GSE32646,1901,0.1750200481154771,0.10765708286563597,0.05144052020400666,0.13716866054353938
GSE25055,GSE32646,1902,0.13782051282051277,0.16776043478887775,0.10942878631559003,0.32688771513875053
GSE25055,GSE32646,1903,0.1580357142857144,0.09327528268048846,0.02192992294167831,0.07503252319370812
GSE25055,GSE32646,1904,0.10425020048115474,0.017258304704651173,0.05984457082863659,0.1892039087697568
GSE25055,GSE32646,1905,0.14573070607553373,0.23017244209008947,0.0734932749338649,0.2226129953660526
GSE25055,GSE32646,1906,0.08908045977011492,0.1404015131035996,0.08818612846203994,0.2855744588225537
GSE25055,GSE32646,1907,0.10325091575091572,0.09069397296408327,0.08904350100262007,0.27225039186975925
GSE25055,GSE32646,1908,0.09642857142857131,-0.01347538614513033,0.034856728732690856,0.09951442427351465
GSE25055,GSE32646,1909,0.18674698795180722,0.2092851016893491,0.0028125118126991755,0.003674454321278331
GSE25055,GSE32646,1910,0.1675330812854442,0.08902340594964636,0.11621850120719388,0.338614830903021
GSE25055,GSE32646,1911,0.04454022988505746,0.11050758310368192,0.11462179971687575,0.31329675828114284
GSE25055,GSE32646,1912,0.052549019607843084,0.0667380202353125,0.08651306473112064,0.25680110318120875
GSE25055,GSE32646,1913,0.138,0.09946150470089121,0.08719390607893465,0.24684303602540236
GSE25055,GSE32646,1914,0.09288888888888891,0.17545817955387033,0.08062675452251175,0.22213552184231689
GSE25055,GSE32646,1915,0.13866666666666672,0.11457254133707073,0.0886590104599049,0.26301291449815783
GSE25055,GSE32646,1916,0.02946127946127941,0.04163484889889274,0.11141788460684585,0.35493153959053436
GSE25055,GSE32646,1917,0.03900709219858145,0.08411606394870325,0.14054146448832122,0.44681081621586904
GSE25055,GSE32646,1918,0.10052631578947369,0.18508315076552578,0.15644155094922868,0.4389510951652466
GSE25055,GSE32646,1919,0.09262229350441065,0.06115168368331125,0.07075627154431549,0.22051094180455189
GSE25055,GSE32646,1920,0.12171592775041051,0.05199159976764495,0.12158418157634801,0.3995097258978033
GSE25055,GSE32646,1921,0.17839687194525905,0.06249239906703938,0.1385971380965144,0.3910443884754987
GSE25055,GSE32646,1922,0.13383838383838398,0.2045312017470885,0.1266082675511151,0.3709324082234299
GSE25055,GSE32646,1923,0.17225150602409645,0.28804534806810633,0.04873286182323591,0.1249732736192164
GSE25055,GSE32646,1924,0.19604863221884505,0.09156814845472971,0.10305290689424335,0.2681287326360706
GSE25055,GSE32646,1925,0.05466666666666664,0.12996814223839048,0.10408866728062419,0.2956444757081761
GSE25055,GSE32646,1926,0.15088383838383845,0.048475533975609,0.05279982815651163,0.13894268374136642
GSE25055,GSE32646,1927,0.08356227106227099,0.02288273621022474,0.08125938260615392,0.26331748086118417
GSE25055,GSE32646,1928,0.12684729064039413,0.04413984680169841,0.09845683257368265,0.3170995383527133
GSE25055,GSE32646,1929,0.14338507021433844,0.21859164666670972,0.04176947397361078,0.10626337002184316
GSE25055,GSE32646,1930,0.07137129109863682,0.14329109404035,0.07070110327630377,0.23161107282899385
GSE25055,GSE32646,1931,0.14869281045751637,0.19014062184313257,0.026366524262556035,0.07344646199395688
GSE25055,GSE32646,1932,0.04922161172161177,-0.04331841401157488,0.16522956538919617,0.5000342351858985
GSE25055,GSE32646,1933,0.11315789473684201,0.1103496357789574,0.13081970486627617,0.3629235324965485
GSE25055,GSE32646,1934,0.14262820512820518,0.14173481055768505,0.1041420663285417,0.28964976911978735
GSE25055,GSE32646,1935,0.06415396952686436,0.08498107430725627,0.04807608873458119,0.16600680018045255
GSE25055,GSE32646,1936,0.12836700336700357,0.18962862952674664,0.07399375831842087,0.2292114618210539
GSE25055,GSE32646,1937,0.057280118255727985,0.08384815809814572,0.07371224668396831,0.23175355774514295
GSE25055,GSE32646,1938,0.19688644688644696,0.10648796488474832,0.1222566243544643,0.36797475763484
GSE25055,GSE32646,1939,0.18566849816849806,0.1557709609090231,0.09471509147139867,0.272185537004486
GSE25055,GSE32646,1940,0.1405372894947874,0.1762427893144486,0.09644841402710849,0.30585580960894965
GSE25055,GSE32646,1941,0.033653846153846145,0.004637696883959264,0.10418586986990247,0.2977269688786181
GSE25055,GSE32646,1942,0.044950738916256006,0.0776657211415932,0.07595357047884821,0.24410349633428186
GSE25055,GSE32646,1943,0.21175453759723417,0.15682758110481043,0.06802299910377738,0.19017055946009676
GSE25055,GSE32646,1944,0.10166177908113383,0.09247203710713381,0.11236470457532108,0.3398476771866531
GSE25055,GSE32646,1945,0.12249398556535673,0.18410064709922347,0.10020385011744457,0.2895432680095199
GSE25055,GSE32646,1946,0.08433373349339746,-0.022348501000622634,0.1855502307819943,0.537892878645164
GSE25055,GSE32646,1947,0.1273333333333332,0.22141656539436771,0.07610540423619033,0.23117836400827346
GSE25055,GSE32646,1948,0.0932085932085932,0.14105534119510377,0.015266081161622341,0.052535473209195604
GSE25055,GSE32646,1949,0.12683150183150182,0.05733388802510503,0.11334935834680362,0.3129301661831341
GSE25055,GSE32646,1950,0.0908882783882784,0.15143764414848038,0.09742242809578042,0.28231458127478776
GSE25055,GSE32646,1951,0.06075533661740562,0.045925979968013286,0.10335243799195534,0.3334016236331433
GSE25055,GSE32646,1952,0.06433150183150182,0.014190376341961852,0.09914680729641792,0.3329285113686387
GSE25055,GSE32646,1953,0.03998316498316501,0.018045672998790063,0.11792669814268766,0.3551510185971191
GSE25055,GSE32646,1954,0.07357658380112275,0.11099004304908805,0.07963277161998991,0.23779916252790056
GSE25055,GSE32646,1955,0.1104269293924467,0.09307523931898948,0.09797558573862114,0.3277976924193864
GSE25055,GSE32646,1956,0.13278619528619517,0.1260880989152675,0.11430150745050766,0.35573601818675016
GSE25055,GSE32646,1957,0.10809312638580926,0.13877992960660268,0.0150189576844863,0.06521628211963515
GSE25055,GSE32646,1958,0.1335204490777866,0.05549320918261286,0.09146582282639026,0.30727485657855924
GSE25055,GSE32646,1959,0.06692677070828323,0.03880593195252541,0.1305517798679543,0.37394725456253497
GSE25055,GSE32646,1960,0.11659275683665926,0.16614235085864015,0.05186717273865729,0.1682168525896086
GSE25055,GSE32646,1961,0.06288888888888888,0.19450623974981812,0.13681501987846878,0.4326015312231
GSE25055,GSE32646,1962,0.016617790811339184,-0.023890480088030408,0.15962931994680893,0.48359572860461364
GSE25055,GSE32646,1963,0.11031042128603108,0.08118605610093543,0.06455318329459955,0.2002929226785518
GSE25055,GSE32646,1964,0.14354450681635933,0.17240527937042072,0.09161446746685625,0.2728481010574224
GSE25055,GSE32646,1965,0.054444444444444406,0.07897123755219854,0.10206064446944607,0.2954032182965435
GSE25055,GSE32646,1966,0.01708909370199685,0.03681753911374608,0.07345604680655471,0.23208623254481242
GSE25055,GSE32646,1967,0.09811165845648606,0.1836457000426555,0.117182800027333,0.3440934611510078
GSE25055,GSE32646,1968,0.10227272727272729,0.1011962059454607,0.10739223728905728,0.3248005315787886
GSE25055,GSE32646,1969,0.16218925421010422,0.29904360570830485,0.10179128150136976,0.2678554786247599
GSE25055,GSE32646,1970,0.12726879861711315,0.18693340320512963,0.09782685140867503,0.27862386807804945
GSE25055,GSE32646,1971,0.12518825301204817,0.1288896156974731,0.062332191524792246,0.19745424078110474
GSE25055,GSE32646,1972,0.0210622710622711,0.1177133786210986,0.11502238054619021,0.3426377823309225
GSE25055,GSE32646,1973,0.10466867469879515,0.045028351606351324,0.03473167979002373,0.12024933967705909
GSE25055,GSE32646,1974,0.1585998271391531,0.20694356549872056,0.11598152197706066,0.33980873535386513
GSE25055,GSE32646,1975,0.04052684903748727,0.12104342310668914,0.14827166470417988,0.415394067182887
GSE25055,GSE32646,1976,0.05892255892255893,0.11584019760390829,0.11031979711042342,0.3376250945042435
GSE25055,GSE32646,1977,0.13500506585612948,0.1611053434410274,0.13902323497089303,0.3896874946670021
GSE25055,GSE32646,1978,0.11171132238547987,0.15600981499483352,0.08041802780671489,0.2259479178092892
GSE25055,GSE32646,1979,0.21792301523656787,0.34268747515488684,0.03670909636780817,0.0824182210274681
GSE25055,GSE32646,1980,0.12768817204301075,0.16157618792080564,0.019811855272443474,0.053735949059951715
GSE25055,GSE32646,1981,0.08178571428571424,0.07599583445577196,0.0358913856662611,0.1268284307329871
GSE25055,GSE32646,1982,0.01220538720538733,0.07374664825300853,0.13366739658933993,0.4300063512575307
GSE25055,GSE32646,1983,0.11843185550082114,0.10341454640518,0.07681888775580101,0.2290071405236518
GSE25055,GSE32646,1984,0.13117647058823523,0.12145380186113852,0.06402403903280915,0.16147315309423338
GSE25055,GSE32646,1985,0.056463326071169107,0.08894524346222221,0.05353770210034292,0.18815300765393828
GSE25055,GSE32646,1986,0.025260625501203005,0.04663110985758301,0.0962838530205323,0.28230300144749876
GSE25055,GSE32646,1987,0.09793814432989689,0.12816345455367273,0.207183319286071,0.6303186679604683
GSE25055,GSE32646,1988,0.1909803921568627,0.18472696543525025,0.1020048391453503,0.2969836643916154
GSE25055,GSE32646,1989,0.17108585858585856,0.25292687576625594,0.06246999591544841,0.19272580048995036
GSE25055,GSE32646,1990,0.12777777777777766,0.15882324508048384,0.054536253940317,0.14637086232205782
GSE25055,GSE32646,1991,0.13211708099438635,0.06962257531761656,0.06390524496480124,0.18662553651826796
GSE25055,GSE32646,1992,0.1179111531190925,0.12945592471568113,0.1452930520142901,0.45397399451650655
GSE25055,GSE32646,1993,0.1502932551319649,0.11251912272911171,0.13538890450850954,0.4032453126387272
GSE25055,GSE32646,1994,0.16155555555555556,0.1417931106852376,0.09354903563750405,0.28990456529687414
GSE25055,GSE32646,1995,0.04030501089324612,0.0846880636210049,0.07241991242447693,0.2191548911974185
GSE25055,GSE32646,1996,0.09533333333333338,0.012974819005630744,0.10556846670039038,0.29694921196918367
GSE25055,GSE32646,1997,0.02259036144578319,0.02840685465834558,0.08332394640976223,0.26430187767943214
GSE25055,GSE32646,1998,0.0753837719298246,0.03688394310166693,0.17678988703292506,0.5080297431866494
GSE25055,GSE32646,1999,0.10935302390998591,0.1496587559203072,0.05691823918425637,0.18072706493434543
GSE32646,GSE25055,0,0.06548220146427663,0.13566504483773784,0.0350576565717613,0.12620002086320992
GSE32646,GSE25055,1,0.07150776053215091,0.13726984059974867,0.013932935814681552,0.053838572671832396
GSE32646,GSE25055,2,0.10519922254616121,0.18378910853460428,-0.002018510793121625,0.0023091046575300367
GSE32646,GSE25055,3,0.10923676713150399,0.13397433732454306,0.006767146704796861,0.03249577791949515
GSE32646,GSE25055,4,0.021179225202213825,0.05530713144569532,0.01705196923422711,0.08817361413119551
GSE32646,GSE25055,5,0.0012677798392084494,0.016082881035942242,0.04040041201272837,0.16885299094196043
GSE32646,GSE25055,6,0.02594995366079711,0.06708772806919822,0.00361567969309301,0.05428902047619916
GSE32646,GSE25055,7,0.07446717817561821,0.08526004656904118,-0.0014022191289185248,0.01671666852480347
GSE32646,GSE25055,8,0.06991869918699167,0.1639159667424066,0.005604329165274424,0.058376890441918794
GSE32646,GSE25055,9,0.07784256559766767,0.0816257324388498,0.016398917895616844,0.06226319764689486
GSE32646,GSE25055,10,0.07143857683148902,0.0874994212159903,0.02071283599896656,0.08587587445622225
GSE32646,GSE25055,11,0.10074940467852633,0.11024582230093477,0.013656294179449413,0.07366245149367368
GSE32646,GSE25055,12,0.0407445355191256,0.14262739673098151,0.036274990453854475,0.10770889403878531
GSE32646,GSE25055,13,0.08085919928025176,0.14731737444279513,0.008478378330998598,0.04387730295019726
GSE32646,GSE25055,14,0.05804992461048741,0.12398469339239965,0.002826613928114896,0.021068614116267204
GSE32646,GSE25055,15,0.08655848132271893,0.11203285850128925,0.03212608383728349,0.12708778609355553
GSE32646,GSE25055,16,0.04589671029359743,0.1349026822937444,0.003021248329739684,0.014279729241028771
GSE32646,GSE25055,17,0.05892578402156956,0.08444116821978737,0.01692727895204202,0.07458821577135738
GSE32646,GSE25055,18,0.08351308599367269,0.16074822538353506,0.021864818072458964,0.059837870813934824
GSE32646,GSE25055,19,0.09238763665811855,0.12785976606105276,0.011861101710489125,0.058199628687703786
GSE32646,GSE25055,20,0.047886108714409015,0.12777939337939592,0.022125168516922228,0.09573822443659197
GSE32646,GSE25055,21,0.05856573705179291,0.1584825819182984,0.008546436588948214,0.04747427807352672
GSE32646,GSE25055,22,0.040286831812255564,0.06328542184994601,0.033568177849964326,0.1279980541336383
GSE32646,GSE25055,23,0.06511470985155188,0.10441309239146385,0.012351035199622162,0.05424183767203222
GSE32646,GSE25055,24,0.08475822761537033,0.11015516139989526,-0.008040511369944436,-0.009185545306215459
GSE32646,GSE25055,25,0.047369743675657605,0.09451931971385791,0.008371995471900415,0.03414517004681572
GSE32646,GSE25055,26,0.0694233110164334,0.11291965224217404,0.013158169933788322,0.048379485792826915
GSE32646,GSE25055,27,0.05712539545585249,0.14203707979425606,0.020596659801934536,0.08278345753068378
GSE32646,GSE25055,28,0.07591107871720104,0.08356905374047696,0.01280686316175153,0.04803876602358165
GSE32646,GSE25055,29,0.05778978257969869,0.09966054546080305,0.027241206101288412,0.1094453354140752
GSE32646,GSE25055,30,0.052563384227482746,0.08420873751245067,0.021968293074630052,0.08512922125645267
GSE32646,GSE25055,31,0.03348968105065653,0.009166647371121883,-0.00354063891716426,0.005649634636875567
GSE32646,GSE25055,32,0.028645468553018638,0.061675283099696054,0.02370994838331625,0.10415763678676082
GSE32646,GSE25055,33,0.049448287220026255,0.13457280216896095,0.008116017466016867,0.04555055846208361
GSE32646,GSE25055,34,0.057783018867924474,0.1306609086550773,0.011921157518774511,0.045068285847573164
GSE32646,GSE25055,35,0.08489428125443443,0.12350635573246743,0.01622828977243851,0.07228138207715712
GSE32646,GSE25055,36,0.06784232365145226,0.14394234955115565,0.021218137025542233,0.08016055952094225
GSE32646,GSE25055,37,0.08569500674763852,0.14717203436150167,0.012807704903139372,0.050122962204621535
GSE32646,GSE25055,38,0.11712233549582951,0.12471563873262081,-0.001572910839522823,0.017202452089077835
GSE32646,GSE25055,39,0.061973392461197374,0.10350555823452334,0.008261898015748309,0.0543688550969747
GSE32646,GSE25055,40,0.08830476447563773,0.1925437762550754,0.026575425504062833,0.0945992726159815
GSE32646,GSE25055,41,0.0864925854287556,0.11118309018679756,0.02589564836335792,0.11735880122379388
GSE32646,GSE25055,42,0.06433850702143373,0.04057283730250538,0.014873138547366993,0.06995977754350785
GSE32646,GSE25055,43,0.05167330677290838,0.09312031479760008,0.013847356592577131,0.05531960572303091
GSE32646,GSE25055,44,0.05367766360194692,0.10989612233990115,0.002358774118996293,0.009615269172567442
GSE32646,GSE25055,45,0.04579087821445915,0.07147447525978368,0.03758823624305069,0.14380160245371415
GSE32646,GSE25055,46,0.08641517073829108,0.11326558394323305,0.022337570854756073,0.0954956218560159
GSE32646,GSE25055,47,0.018478573482887395,0.06522024956421013,0.025771616501546385,0.08038332686795902
GSE32646,GSE25055,48,0.021987366375121442,0.07724959533460568,0.009189739994355947,0.0310511432989517
GSE32646,GSE25055,49,0.08609189723320165,0.10642191083020636,-0.0019334360764208802,0.015781046423109846
GSE32646,GSE25055,50,0.04756097560975603,0.10064990806646651,0.01253273420720033,0.06518653192074747
GSE32646,GSE25055,51,0.10816957787481807,0.15070633923775867,0.03083668956051583,0.12599003706832346
GSE32646,GSE25055,52,0.0449876428792092,0.11967925840123966,0.0050552209910961765,0.04887896128790925
GSE32646,GSE25055,53,0.07571872047509798,0.12412045431470853,0.02268820970059532,0.07619653147372468
GSE32646,GSE25055,54,0.03090846994535501,0.07777702964214611,0.02656395723327659,0.11055395254923922
GSE32646,GSE25055,55,0.0878073770491804,0.11695835507636565,0.013934605736694333,0.07476635393875702
GSE32646,GSE25055,56,0.06162196679438081,0.10139135134603622,0.015748099779197444,0.0719677392013573
GSE32646,GSE25055,57,0.0247671750573627,0.08519402393223446,0.026454643008267914,0.09415841878439596
GSE32646,GSE25055,58,0.06179282868525904,0.051336574396447204,0.005108713141804444,0.04604004323172034
GSE32646,GSE25055,59,0.05838366407822804,0.09757764643821526,0.02074530184589815,0.08142070825392356
GSE32646,GSE25055,60,0.08597612958226752,0.10645183046288328,0.000574185544975625,0.019068240834288153
GSE32646,GSE25055,61,0.04061895551257255,0.07515693270047258,0.025959938738086247,0.14176033750427885
GSE32646,GSE25055,62,0.041099773242630366,0.0707626465735775,0.004460190988150342,0.04663685852169913
GSE32646,GSE25055,63,0.0743824701195217,0.08184672384292196,0.005927003649953577,0.04433534393703553
GSE32646,GSE25055,64,0.0668765931923827,0.14911474073465592,0.017625974047048687,0.058950993213766734
GSE32646,GSE25055,65,0.08425549796890319,0.13497274916546625,0.01390537637806627,0.07410734110995187
GSE32646,GSE25055,66,0.0490196078431373,0.06384999462794583,0.009375819340229491,0.042792958031849515
GSE32646,GSE25055,67,0.06393442622950829,0.10263951866788062,0.017925357957989663,0.07277373408191679
GSE32646,GSE25055,68,0.06171448087431708,0.10217630817236684,0.023704552011641317,0.08863241326592258
GSE32646,GSE25055,69,0.03405054644808747,0.08819878903050132,0.028933946788360837,0.10677314290711004
GSE32646,GSE25055,70,0.05860452289023721,0.11288033856928142,0.001477102461107313,0.008909594143585275
GSE32646,GSE25055,71,0.06011284722222221,0.05302670299253642,0.006857838549686343,0.022569828182641805
GSE32646,GSE25055,72,0.06680568427556399,0.0817760156866808,0.006222501736732333,0.044270482965003355
GSE32646,GSE25055,73,0.09012974976830401,0.17326553771209258,0.006513089767168051,0.03592399908608224
GSE32646,GSE25055,74,0.08939393939393947,0.10732125661000869,0.005661522419372678,0.04659069439867092
GSE32646,GSE25055,75,0.06775142489428199,0.14519026033940796,0.0010818954879845688,0.0005479511249846247
GSE32646,GSE25055,76,0.08588487446417636,0.1286972146486734,0.028159475900845277,0.12825300885016722
GSE32646,GSE25055,77,0.057529880478087825,0.06457092398516351,0.004610613503809785,0.03915441814131121
GSE32646,GSE25055,78,0.08829450675869999,0.09953344161707545,0.013641003798568113,0.056741538940708436
GSE32646,GSE25055,79,0.07854741560442635,0.11419525605143938,0.02323778646389002,0.08614408477604935
GSE32646,GSE25055,80,0.10090702947845798,0.14988074031859966,-0.0014267008102601397,0.015923995008441105
GSE32646,GSE25055,81,0.06068697257383959,0.07386582824926607,0.027209885113693794,0.11076324389134556
GSE32646,GSE25055,82,0.05734109864825987,0.06685980175413592,0.02237243371425074,0.08098058035412459
GSE32646,GSE25055,83,0.10902281009582948,0.20849066491505497,0.015458690607087683,0.05773992537912942
GSE32646,GSE25055,84,0.05312499999999987,0.15879859414341652,0.0009724638813371073,0.01195161680417034
GSE32646,GSE25055,85,0.05071974808816926,0.1456370312543916,0.016767514647588078,0.06087876660709873
GSE32646,GSE25055,86,0.07158167036215823,0.11290372381717328,0.01246896311147122,0.05961043464940241
GSE32646,GSE25055,87,0.03332318928788802,0.09543200618600295,0.015469557067149975,0.08126945401638119
GSE32646,GSE25055,88,0.0619920318725099,0.04652016293565253,0.006074329196327499,0.03768838596214674
GSE32646,GSE25055,89,0.11045918367346941,0.1820254027276556,0.006774715823623462,0.04754660446275838
GSE32646,GSE25055,90,0.06755297611013633,0.13063794133426126,0.018126416441064108,0.08810905337203356
GSE32646,GSE25055,91,0.06987847222222232,0.13627244779815106,0.0053586456702531815,0.02472612580309319
GSE32646,GSE25055,92,0.069533527696793,0.09869474097754627,0.014109309545882465,0.06474320527992072
GSE32646,GSE25055,93,0.08908810757809205,0.18470557503505003,0.02623487240864822,0.08717454354088772
GSE32646,GSE25055,94,0.03199110671936756,0.05687825668057628,0.00874118087785819,0.05001901355438182
GSE32646,GSE25055,95,0.05750345781466104,0.10400631544399219,0.02255084986940345,0.08913697274922622
GSE32646,GSE25055,96,0.0805291918320391,0.1408132766541843,0.017179427610309023,0.06307373613198958
GSE32646,GSE25055,97,0.11245326430831182,0.16066320703703152,0.011129543851257917,0.03684912585683009
GSE32646,GSE25055,98,0.03861600247142416,0.14806246631890707,0.00980638422645852,0.043739877094756574
GSE32646,GSE25055,99,0.05083829096809078,0.10033455304388494,0.001181702333753476,0.016668910618248045
GSE32646,GSE25055,100,0.0940958117383387,0.14318794876425595,0.019405096675798733,0.07713821990103686
GSE32646,GSE25055,101,0.049297856614929914,0.12807681028540113,0.015135987575078613,0.078016121897719
GSE32646,GSE25055,102,0.06437546193643773,0.10624308090020634,0.019308299882013408,0.0813774246216023
GSE32646,GSE25055,103,0.035906432748538,0.1046857030295214,0.04502542263232065,0.16659281741120735
GSE32646,GSE25055,104,0.022431372549019724,0.06538078044716084,0.004890061365742049,0.035300499262004625
GSE32646,GSE25055,105,0.04766433353621413,0.06095587895754451,0.015392351012438965,0.06598930421426952
GSE32646,GSE25055,106,0.05055410691003903,0.05732648666469109,0.025065491868491052,0.11717521738508019
GSE32646,GSE25055,107,0.07951034908866228,0.08495776906236768,0.012128114637383447,0.06507142225434143
GSE32646,GSE25055,108,0.043134074760580954,0.04782140181419592,0.005636468227482261,0.04169749715288712
GSE32646,GSE25055,109,0.08813525410164058,0.1813428160627728,0.02271103227147167,0.07552168507125057
GSE32646,GSE25055,110,0.10473720608575388,0.15237571336945466,0.017115869141229145,0.07847591923553471
GSE32646,GSE25055,111,0.07069494464452442,0.10700899571229172,0.020926426505731816,0.09106103341154054
GSE32646,GSE25055,112,0.08055776892430278,0.15047757163140213,0.011652021329445095,0.03197368422314678
GSE32646,GSE25055,113,0.05132066728452267,0.08678590902746203,0.009073191169064687,0.04260766304700975
GSE32646,GSE25055,114,0.09645527753810756,0.10850597700888293,0.010811570632460271,0.06997918150632493
GSE32646,GSE25055,115,0.09063129134311187,0.15032981198102469,0.013784550080357616,0.05828152979254925
GSE32646,GSE25055,116,0.06320287899235266,0.10919464879689766,0.014570878356408662,0.06405101295803706
GSE32646,GSE25055,117,0.0675905395417592,0.10968162031346246,0.013855087966582469,0.06453693492228668
GSE32646,GSE25055,118,0.0522941970310391,0.07004587075381713,0.020337338415989975,0.07777844222808067
GSE32646,GSE25055,119,0.09066840277777788,0.11140918428532234,-0.011962055301694946,-0.010858103032519717
GSE32646,GSE25055,120,0.08981481481481479,0.13383579475017937,0.04782669740593365,0.19227636560035388
GSE32646,GSE25055,121,0.10086499845536001,0.13038295180824944,0.0037621821608601613,0.025716220503871345
GSE32646,GSE25055,122,0.07044517224648239,0.08337018914673183,0.03523696583656935,0.14090801466184177
GSE32646,GSE25055,123,0.029709373097991376,0.09431453637972287,0.0217124024607009,0.0697101124569896
GSE32646,GSE25055,124,0.06553091761312413,0.06505304146481733,-0.00682990478335313,-0.00939668108887759
GSE32646,GSE25055,125,0.07060684498130565,0.13436028024806806,0.017755018036890863,0.05348771637125316
GSE32646,GSE25055,126,0.06474996498108987,0.11539871377012612,0.015347290160751814,0.07294080524514818
GSE32646,GSE25055,127,0.03641489033055301,0.09445816943749957,0.014126569075560147,0.05825356257449632
GSE32646,GSE25055,128,0.06854340438677786,0.06968507613074693,0.007766554661262887,0.049735601552534536
GSE32646,GSE25055,129,0.026334661354581734,0.08377107404489031,0.005049161601642871,0.03203542310976221
GSE32646,GSE25055,130,0.049185940353012825,0.14455044073771883,0.011168507882193063,0.03929787978288224
GSE32646,GSE25055,131,0.05812586445366519,0.09334658874535734,0.010803795432579727,0.08381727805739753
GSE32646,GSE25055,132,0.06884508990318128,0.14216131750144811,0.018204814981148065,0.07698745025264736
GSE32646,GSE25055,133,0.05406555981268635,0.09859089528253112,0.01873977253679654,0.07995044985598448
GSE32646,GSE25055,134,0.05465791466801306,0.11195894149777263,0.03994834030401359,0.12774389831927568
GSE32646,GSE25055,135,0.09390184645286681,0.16928893790547755,0.00037020043378266365,0.004885960603340789
GSE32646,GSE25055,136,0.05932203389830504,0.08245217867637844,0.02101522373542339,0.07742112999353862
GSE32646,GSE25055,137,0.08021137026239056,0.11060216048174593,0.01205453215388319,0.07092019345751088
GSE32646,GSE25055,138,0.09364222522117249,0.09793798060619197,0.007819784530204071,0.05098513871145116
GSE32646,GSE25055,139,0.04174765144152881,0.03667536337951649,0.008907905176525982,0.04705969088337225
GSE32646,GSE25055,140,0.03921282798833836,0.07112991098981974,0.010653857852282816,0.0650163520356733
GSE32646,GSE25055,141,0.031203148425787197,0.04316705436625551,0.03937980853163231,0.14066804189752524
GSE32646,GSE25055,142,0.05704580473455678,0.09658112935406604,0.016429076931460368,0.0808429974231345
GSE32646,GSE25055,143,0.08043002915451891,0.13636707395629916,0.00430078598012934,0.047445171515609175
GSE32646,GSE25055,144,0.09970845481049573,0.10868454108571907,0.0054252581940555655,0.042728786531657015
GSE32646,GSE25055,145,0.08122847301951763,0.10953281361173522,0.02623379172791304,0.10457592176761121
GSE32646,GSE25055,146,0.03873906705539343,0.0630435179405846,0.016671436273859808,0.07545433274167385
GSE32646,GSE25055,147,0.04415686274509789,0.0932444213657439,0.008985157992144277,0.03882623208522812
GSE32646,GSE25055,148,0.060928961748633936,0.12588984614013665,0.024982344654995825,0.0952333395553499
GSE32646,GSE25055,149,0.05918367346938802,0.14112613399441765,0.00776806267391425,0.05716088914026879
GSE32646,GSE25055,150,0.07432973189275693,0.08744881545651378,0.025217591773258025,0.10682248478868606
GSE32646,GSE25055,151,0.05241572020912211,0.07841423899874286,-0.0004346353083247295,0.016978516773909602
GSE32646,GSE25055,152,0.08062034337544532,0.11744382504136558,0.008817289529482353,0.036538123053912464
GSE32646,GSE25055,153,0.10183499089508341,0.12431352789737282,0.0068870331517734695,0.07052856459067441
GSE32646,GSE25055,154,0.09131559497413166,0.09812990238063024,0.004254523731358151,0.045962269475240236
GSE32646,GSE25055,155,0.06985006518904824,0.11661756151693131,0.02729527329727016,0.12254655889703792
GSE32646,GSE25055,156,0.10012223180903079,0.12967580318143812,0.004894202125051261,0.03804469136729122
GSE32646,GSE25055,157,0.060689890710382444,0.09583073060454989,0.022189079583064042,0.09620770789451738
GSE32646,GSE25055,158,0.07669726008908084,0.09836238136361874,0.0215514129981704,0.09279670719156108
GSE32646,GSE25055,159,0.07792156862745103,0.07836730453662544,0.003275036017522326,0.040767693520566584
GSE32646,GSE25055,160,0.011297930614729057,0.023064028382954183,0.015958346267297474,0.08290604298476423
GSE32646,GSE25055,161,0.039928292046936154,0.0722073179118829,0.033051070486602274,0.11634947804875645
GSE32646,GSE25055,162,0.012523452157598425,0.05819169914693645,0.005379711415296778,0.01470543279039549
GSE32646,GSE25055,163,0.08250647109577203,0.12430531478986001,0.009797282370126809,0.05039913728422879
GSE32646,GSE25055,164,0.04394873231545038,0.1229833798076313,0.025721307298704588,0.0881865241760924
GSE32646,GSE25055,165,0.06898956817079094,0.17750223635737716,0.03725467985245326,0.13168410310846007
GSE32646,GSE25055,166,0.030932203389830493,0.11608106043173344,0.024743031740029314,0.10783716583685787
GSE32646,GSE25055,167,0.06451502732240433,0.0908528147473946,0.018597514372538176,0.09822151439014298
GSE32646,GSE25055,168,0.03186720829247802,0.06829088946953416,0.022768818010306308,0.10351286602316134
GSE32646,GSE25055,169,0.059243027888446265,0.09101747519848952,0.011362936838554577,0.042872495663123844
GSE32646,GSE25055,170,0.07516629711751666,0.06528957777141098,0.011872836099154654,0.06335930467373302
GSE32646,GSE25055,171,0.03817427385892125,0.027032800614416708,0.02342725306029042,0.10338583704910309
GSE32646,GSE25055,172,0.034782608695652195,0.051351783814716,-0.004259547253778584,0.016487472032093387
GSE32646,GSE25055,173,0.1070247339660626,0.16274070026558085,0.01316251955227829,0.061115668049800675
GSE32646,GSE25055,174,0.034782608695652306,0.06548780064370663,0.008222596075700181,0.03468787889973873
GSE32646,GSE25055,175,0.06633466135458166,0.09976035857186,0.006798275978016882,0.0412635221508596
GSE32646,GSE25055,176,0.029375386518243563,0.141733773520469,0.03907511694773044,0.1416871389257388
GSE32646,GSE25055,177,0.05859010270774967,0.09998485900174048,0.01648618592112225,0.0822812837159334
GSE32646,GSE25055,178,0.04569312625826849,0.17047631368345828,0.017467206021809595,0.06550887062177058
GSE32646,GSE25055,179,0.04369844735565265,0.08795676203398128,0.038279317892252473,0.14492355546881797
GSE32646,GSE25055,180,0.08051019030908346,0.09290633541472576,0.02311630161054465,0.09833997271916473
GSE32646,GSE25055,181,0.028717201166180817,0.06297755658509341,0.022231043755738394,0.08363153559052
GSE32646,GSE25055,182,0.06819815933275819,0.09531456678675532,0.009683952344989172,0.06207339438051768
GSE32646,GSE25055,183,0.10890151515151503,0.1717129601086717,0.0018249470205914664,0.01694777604843445
GSE32646,GSE25055,184,0.0973998294970162,0.16410177161348588,0.0017228791758159695,0.013824940650559503
GSE32646,GSE25055,185,0.048179195961780996,0.09515110747950578,-0.002004690109777843,0.007426792405404337
GSE32646,GSE25055,186,0.07036147792450298,0.06370563698108644,0.02316453766409096,0.11372091650043925
GSE32646,GSE25055,187,0.10151394422310756,0.17244444505384038,0.006244876325309984,0.02717253910664319
GSE32646,GSE25055,188,0.08239043824701175,0.11490196580238932,0.006046634262245443,0.03226204089056117
GSE32646,GSE25055,189,0.07078659764164508,0.14121958168257542,0.012408792235589328,0.05993705750835121
GSE32646,GSE25055,190,0.030139451192082722,0.062140786463699194,0.021626515382119266,0.08328162256797594
GSE32646,GSE25055,191,0.07800546448087442,0.11398134209288163,0.022050142809909135,0.08204853894418812
GSE32646,GSE25055,192,0.07199546485260766,0.1080110309667392,0.009801203227389393,0.059898176034398176
GSE32646,GSE25055,193,0.046991701244813444,0.07926510579514495,0.022759715309363632,0.08573408464677135
GSE32646,GSE25055,194,0.0744446135118686,0.15221713373698692,0.010350773300236676,0.045251922595123506
GSE32646,GSE25055,195,0.027725490196078395,0.06702354054389303,0.01141510393915715,0.04838304681334643
GSE32646,GSE25055,196,0.06783162907970297,0.1153326638146675,0.026872469613088756,0.08236396431323356
GSE32646,GSE25055,197,0.10743440233236157,0.12680802667175778,0.008664062604275713,0.04797313525730751
GSE32646,GSE25055,198,0.048034624662977254,0.12676579916314806,0.020493909084610545,0.09155068297577795
GSE32646,GSE25055,199,0.027063554852320593,0.07796417209942241,0.023772576018626812,0.10739976909515792
GSE32646,GSE25055,200,0.044699367088607556,0.08416307709915394,0.027559468310491247,0.11194684368399582
GSE32646,GSE25055,201,0.07784451342961263,0.12014785844792047,0.022775474986466926,0.09049027542890675
GSE32646,GSE25055,202,0.05921568627450979,0.11126693165574147,0.006509641822685125,0.038925717378929914
GSE32646,GSE25055,203,0.06953124999999993,0.12586012857617046,-0.005211595713428746,-0.007365361432317308
GSE32646,GSE25055,204,0.07317438896386241,0.10257829467246976,0.004969283018746995,0.04498496733447688
GSE32646,GSE25055,205,0.04112310691258059,0.06637863753763762,0.018123170839477676,0.08227045286408535
GSE32646,GSE25055,206,0.03513988942871493,0.05260099026914722,0.0029365329511717164,0.022307897478732852
GSE32646,GSE25055,207,0.04884924312635164,0.11583701551719161,0.012254446268401609,0.03786491577421808
GSE32646,GSE25055,208,0.04656319290465638,0.09761258573900777,0.016015117380219823,0.06674267335678269
GSE32646,GSE25055,209,0.018318122555410654,0.06598536510705455,0.027265207477976977,0.12690383699315183
GSE32646,GSE25055,210,0.06129737609329444,0.11817488291087858,0.019489876105922843,0.07231066505968309
GSE32646,GSE25055,211,0.05139442231075708,0.10409808446816793,0.0025685854977688938,0.035148649053851344
GSE32646,GSE25055,212,0.0551712779973651,0.09161824157065879,0.006372727618019339,0.028851813523497694
GSE32646,GSE25055,213,0.03450243457090685,0.08103494633441322,0.012051915057294416,0.04935740867761157
GSE32646,GSE25055,214,0.10022172949002228,0.16931988252640912,0.009199260502907924,0.04096468006821491
GSE32646,GSE25055,215,0.07139775668679904,0.08386569727704951,0.007849823336004202,0.05277194395816487
GSE32646,GSE25055,216,0.0685513673318553,0.11351513887589654,0.01663660002297873,0.054645191501716595
GSE32646,GSE25055,217,0.06002578981302409,0.11218962417959344,0.02625213501172427,0.09833435581282596
GSE32646,GSE25055,218,0.06251797526603409,0.09208851682607488,0.011970651570935381,0.057084810987715895
GSE32646,GSE25055,219,0.0843399482312337,0.1285812778945279,0.01504301236457295,0.058077367074145014
GSE32646,GSE25055,220,0.08336522515626998,0.12961109465023418,0.02936904430961168,0.11370354926431536
GSE32646,GSE25055,221,0.05892578402156956,0.13726504500959152,0.023628668194214886,0.08431339888646383
GSE32646,GSE25055,222,0.04501992031872515,0.0636204731783781,0.004465874660441682,0.037288773525860075
GSE32646,GSE25055,223,0.02782118055555549,0.05108771244996463,0.004276455465048665,0.01678809593243774
GSE32646,GSE25055,224,0.068108195659216,0.13546029932957587,0.0056294267101136275,0.030330672690246585
GSE32646,GSE25055,225,0.08276093147930963,0.1473084723807096,0.004990903688938744,0.018951154550076565
GSE32646,GSE25055,226,0.0933021143749112,0.15825559184736376,0.010998074126232604,0.04215726675066639
GSE32646,GSE25055,227,0.06668915879442205,0.1361318367715622,0.006602894227238476,0.05457944535863113
GSE32646,GSE25055,228,0.029747267759562934,0.13494386415452803,0.029847552767847924,0.10298631790249863
GSE32646,GSE25055,229,0.03555770470664066,0.0969686607789273,0.03599690265973049,0.1226845960337637
GSE32646,GSE25055,230,0.0685686653771761,0.08910922158890477,0.019486679959758363,0.07954458398391878
GSE32646,GSE25055,231,0.06160998492209757,0.08246383941679872,0.0005713931684463713,0.025092245204714203
GSE32646,GSE25055,232,0.07814558629776025,0.09929213073280843,-0.003610024482563312,0.008507748347903132
GSE32646,GSE25055,233,0.10280857354028083,0.17049235612691005,0.007484785574501135,0.045442202003243115
GSE32646,GSE25055,234,0.06108647450110871,0.14711810424009586,0.009727680199645733,0.05529919094490299
GSE32646,GSE25055,235,0.10309617918313563,0.18919057043059972,-0.0009214500289235206,0.004086750921531546
GSE32646,GSE25055,236,0.046331772385412195,0.11151630061513357,0.0241109981264222,0.07287879863188734
GSE32646,GSE25055,237,0.06023513139695713,0.0324280957227952,0.02208505482322498,0.09063328901644663
GSE32646,GSE25055,238,0.06533757748366553,0.08272521463323745,0.0005521836134824432,0.025674536810083082
GSE32646,GSE25055,239,0.06942849853297628,0.10485076786352454,0.029165923168452568,0.11832623795527125
GSE32646,GSE25055,240,0.07167491378017699,0.12871659239093558,0.012460378535926714,0.045722538293462844
GSE32646,GSE25055,241,0.04245757837216013,0.0987075011342794,0.00886555322819782,0.06226195500140419
GSE32646,GSE25055,242,0.0785149117468048,0.09485459463771406,0.009904424202981599,0.04628877107910229
GSE32646,GSE25055,243,0.08569721115537843,0.1625812485728652,0.00553631617319264,0.02266705684619813
GSE32646,GSE25055,244,0.04745707806932309,0.07501212651036532,0.010159491421945221,0.047852214032954365
GSE32646,GSE25055,245,0.084441980783444,0.11797172967260305,0.009416935196148585,0.05009769601936942
GSE32646,GSE25055,246,0.055739972337482624,0.13069188592044984,0.020329444336881608,0.09156107147035192
GSE32646,GSE25055,247,0.045566882916280305,0.07221739326559834,0.0035303547100248855,0.03786963111684882
GSE32646,GSE25055,248,0.08580475749150462,0.15671291796642461,0.00823587538545309,0.03020828299185424
GSE32646,GSE25055,249,0.06274131274131245,0.040458540481162875,-0.0047245250200303734,0.0063952068545603535
GSE32646,GSE25055,250,0.08032069970845479,0.13225566333760375,0.009284538491589306,0.045772671532030074
GSE32646,GSE25055,251,0.04545103490886615,0.1496322605197043,0.004382924787481868,0.03661913735869071
GSE32646,GSE25055,252,0.07848001150417017,0.11482320362064513,0.009598896413906127,0.05892663608072224
GSE32646,GSE25055,253,0.07349019607843132,0.10790781452876469,0.008752131976230842,0.03530012695139012
GSE32646,GSE25055,254,0.06359210350806987,0.17869743519485265,0.029057413723903497,0.08876461369089561
GSE32646,GSE25055,255,0.09785661492978592,0.15015483186923323,0.00482942275478998,0.0400282526537038
GSE32646,GSE25055,256,0.04443919557295184,0.08093068244986013,0.030003235537450434,0.11158723538888032
GSE32646,GSE25055,257,0.07722174288179462,0.13635025323151517,0.017267798921260596,0.06788576998385448
GSE32646,GSE25055,258,0.026198574667962382,0.022759459279198424,0.01097166035515379,0.05215291599556321
GSE32646,GSE25055,259,0.07801019643124896,0.13896392145206538,0.006235284119232187,0.04997338408375546
GSE32646,GSE25055,260,0.08636788048552768,0.07917760971962517,0.024289840377263866,0.09055701566056462
GSE32646,GSE25055,261,0.06165494862087606,0.11844758275696488,-0.00878069593490692,-0.0140455860334332
GSE32646,GSE25055,262,0.06948493683187573,0.05186860277322386,0.005482006166246306,0.02659190802621464
GSE32646,GSE25055,263,0.049766081871345014,0.11248903375284969,0.049298120440987137,0.17269157626898274
GSE32646,GSE25055,264,0.055432984004412544,0.16119287425720102,-0.004721707220690999,-0.0038006900646149755
GSE32646,GSE25055,265,0.06475903614457834,0.04802429880598508,0.009229533056543449,0.051802862030439045
GSE32646,GSE25055,266,0.018221574344023383,0.09129277521604773,0.027700827930509514,0.09411476126994073
GSE32646,GSE25055,267,0.09980657640232105,0.1436299516308286,0.018530296900947096,0.0868416781144064
GSE32646,GSE25055,268,0.07213541666666645,0.12887658161797172,-0.001102830261291446,0.010555656566354488
GSE32646,GSE25055,269,0.04647009385067935,0.05409904105262908,0.016464997384400742,0.06417574071394566
GSE32646,GSE25055,270,0.040254237288135486,0.08045176019842604,0.028691964100785533,0.13049623414571682
GSE32646,GSE25055,271,0.09061913696060042,0.11467349598027832,-0.005539936904761594,-0.015893626316784426
GSE32646,GSE25055,272,0.11004165614743744,0.12886703444842723,0.029140553012746928,0.11331417659781146
GSE32646,GSE25055,273,0.0885440095966411,0.19705420422976427,0.016400529768143768,0.04977640314757642
GSE32646,GSE25055,274,0.04931972789115635,0.08934060628127849,0.011365836452074729,0.041040833159538104
GSE32646,GSE25055,275,0.08709016393442626,0.1593168727576212,0.030569957776258233,0.09996422880492312
GSE32646,GSE25055,276,0.0244053135619402,0.06413320915832765,0.01388133819401502,0.06066315974752362
GSE32646,GSE25055,277,0.04748542274052481,0.09197017746060293,0.02005530637479741,0.08133154041246426
GSE32646,GSE25055,278,0.047683310841205584,0.06307361555979057,0.011690034852777254,0.05463387882735371
GSE32646,GSE25055,279,0.07032813125250093,0.17455398652335152,0.026001690250295584,0.09139123150648354
GSE32646,GSE25055,280,0.02992156862745088,0.08545660883466216,0.011544867011803489,0.053375072864538464
GSE32646,GSE25055,281,0.05679644808743167,0.08893776502891848,0.01962220227112313,0.0967892258712672
GSE32646,GSE25055,282,0.1020833333333333,0.20022816150034978,-0.005282477798213531,-0.014717408093763817
GSE32646,GSE25055,283,0.03900661357808077,0.05838115899344937,0.027644057619471918,0.09919488872808829
GSE32646,GSE25055,284,0.052845528455284674,0.08393508389509752,0.01481184589791762,0.05911522334897101
GSE32646,GSE25055,285,0.04527379400260756,0.08585125011166117,0.02595101522451368,0.1008500423141197
GSE32646,GSE25055,286,0.07232076866223214,0.12635869450786769,0.009848496250289301,0.039836983159284356
GSE32646,GSE25055,287,0.057083480721612956,0.09047104714819115,-0.001231524269983117,0.01157188114946317
GSE32646,GSE25055,288,0.03400336181538022,0.11780586666725035,0.027096440117655274,0.11863731930838017
GSE32646,GSE25055,289,0.04097212494747149,0.11276170240565997,0.024224770713345473,0.10803446666002037
GSE32646,GSE25055,290,0.07027450980392169,0.10823531251609747,0.008219354786436595,0.039143470870725505
GSE32646,GSE25055,291,0.05474570780693222,0.10234215817841175,0.008771455037831152,0.027170502036830246
GSE32646,GSE25055,292,0.06343636118234575,0.11103293498376188,0.027651990167346124,0.08261990321346163
GSE32646,GSE25055,293,0.05352177942539382,0.05209437019137736,0.016612783352330296,0.06721509317759028
GSE32646,GSE25055,294,0.10794530672579461,0.09052348079246675,0.008041489771760002,0.055461818156691545
GSE32646,GSE25055,295,0.05378880097382832,0.08906617590472315,0.01605345562578414,0.052460338642270954
GSE32646,GSE25055,296,0.0811872367994817,0.1553366110603498,0.005494551411818621,0.02399638997914355
GSE32646,GSE25055,297,0.09526279391424619,0.11559890814579354,0.013862661683962801,0.07566148288682306
GSE32646,GSE25055,298,0.052283232945790625,0.08174315193056303,0.014727722639560709,0.08311852347158716
GSE32646,GSE25055,299,0.08407243163340716,0.13103880126702905,0.013093524337913276,0.067396974310655
GSE32646,GSE25055,300,0.055529811553908015,0.1361246990425029,0.016815136832628308,0.051305239603186836
GSE32646,GSE25055,301,0.0726518839012078,0.10316083723612252,-0.001974594904251531,0.009184494650683772
GSE32646,GSE25055,302,0.04828310091467991,0.037980525678943555,0.01684889093848327,0.08104019236283638
GSE32646,GSE25055,303,0.05000919286633576,0.10346098150204544,-0.004571511137621664,0.0024831272992948406
GSE32646,GSE25055,304,0.0670362158167036,0.08130572215326443,0.01681386460257342,0.07243686921420545
GSE32646,GSE25055,305,0.06066945606694574,0.06638094018912716,0.021736261305460164,0.10126909481327384
GSE32646,GSE25055,306,0.06685136897001298,0.12128621271859641,0.03280756857960812,0.11755532664533952
GSE32646,GSE25055,307,0.05645836823588524,0.11154882505067765,0.00985902101973643,0.02861915434800405
GSE32646,GSE25055,308,0.0537127206329886,0.03953649335880227,0.0067077783611404485,0.07037978769510822
GSE32646,GSE25055,309,0.06796008869179582,0.11679193520977604,0.01189828608175486,0.06044716745924561
GSE32646,GSE25055,310,0.07647058823529407,0.13033639244037099,-0.003499755561867185,0.006988614518342706
GSE32646,GSE25055,311,0.06999999999999995,0.0641259253274502,0.011128046764592725,0.05075392182089583
GSE32646,GSE25055,312,0.035214085634253656,0.05973181007726669,0.02915902268659651,0.09810463012104376
GSE32646,GSE25055,313,0.039040356323390535,0.08041541085104709,0.023739991732631804,0.11213944335375825
GSE32646,GSE25055,314,0.11586856485475983,0.17390696480474527,0.010736462571677347,0.05402098590853921
GSE32646,GSE25055,315,0.027960784313725395,0.0692850455073164,0.014534764943612125,0.049549977284257196
GSE32646,GSE25055,316,0.08509920367121082,0.12079233306183429,0.019689598643531425,0.09835805976107598
GSE32646,GSE25055,317,0.04285511565205047,0.08612812948950005,0.027556034157272924,0.08987012171005926
GSE32646,GSE25055,318,0.03170553935860043,0.08408807540058694,0.022201756137441325,0.07445073481243197
GSE32646,GSE25055,319,0.03240946045824078,0.08414592556273887,0.016836262662943746,0.07282021472557154
GSE32646,GSE25055,320,0.07283700704753326,0.11705127522924674,0.013072687279898326,0.052789443589037977
GSE32646,GSE25055,321,0.07770696175934999,0.10791444047329979,0.017338112332027478,0.08365561129128124
GSE32646,GSE25055,322,0.06823770491803283,0.07215507521566633,0.015590563923443435,0.08904635698842084
GSE32646,GSE25055,323,0.09171278175192343,0.18030727798343138,0.016181454460075267,0.07997326492112461
GSE32646,GSE25055,324,0.08701195219123525,0.12148285804321701,0.005122448746144426,0.035893220184052055
GSE32646,GSE25055,325,0.045715905409782986,0.12883879630292705,0.011988817538290855,0.046303991526763344
GSE32646,GSE25055,326,0.014067055393585992,0.06534166142280134,0.018507378297990512,0.0833826094129031
GSE32646,GSE25055,327,0.04475594686438056,0.09891980786689275,0.013117225452766834,0.043343232115664154
GSE32646,GSE25055,328,0.05149934810951762,0.11034865305410474,0.03153308245773423,0.10981546875525638
GSE32646,GSE25055,329,0.052981155390793955,0.06761813620863855,0.011387770631458877,0.05045797948576641
GSE32646,GSE25055,330,0.03728750923872859,0.0981167411042137,0.01211518470186465,0.06731324492664836
GSE32646,GSE25055,331,0.07002956393200299,0.07723883896376388,0.02322959347228498,0.06849065776855906
GSE32646,GSE25055,332,0.10974531305270607,0.17201057973428005,-0.008083667039798043,-0.014251238733726468
GSE32646,GSE25055,333,0.07208454810495624,0.14867339982536915,0.021213338629790884,0.08216678039161923
GSE32646,GSE25055,334,0.05566534914360999,0.07500928849771488,0.005737269628955655,0.03511211822904814
GSE32646,GSE25055,335,0.0711065573770493,0.10963507852731003,0.021682072338323727,0.09328240770195984
GSE32646,GSE25055,336,0.04784836065573761,0.10173303765329988,0.01923437648296361,0.08427672544471243
GSE32646,GSE25055,337,0.07542819499341236,0.10159656551168034,0.004027107674575703,0.01583675477020524
GSE32646,GSE25055,338,0.042114236999147514,0.1277718062631064,0.0028126376211759785,0.016043916827820803
GSE32646,GSE25055,339,0.09936254980079695,0.12225002579255179,0.002903550377771097,0.04357788114257888
GSE32646,GSE25055,340,0.05637553256238592,0.09325691087929422,0.008474878431412536,0.04716555148888746
GSE32646,GSE25055,341,0.08155378486055775,0.06540331014610457,0.0008657876023532851,0.037040815795805204
GSE32646,GSE25055,342,0.05423856592394016,0.08944009300980085,0.000799865471193012,0.035076034984470594
GSE32646,GSE25055,343,0.04587581093605175,0.0697341053093819,0.013767267873852962,0.0636244348245284
GSE32646,GSE25055,344,0.06613335567096679,0.07898899988288233,0.000888419698775178,0.025731570342483134
GSE32646,GSE25055,345,0.09934301521438449,0.12389134375338134,0.013355542626289157,0.07163555291570384
GSE32646,GSE25055,346,0.055630529314739996,0.08470975607689818,0.016620095549698954,0.07354225250742386
GSE32646,GSE25055,347,0.05924036281179135,0.0493498788295475,0.01155557352070083,0.05261022358298162
GSE32646,GSE25055,348,0.0647469082542419,0.1062192287491871,0.018907756995768132,0.06643286076306082
GSE32646,GSE25055,349,0.08293966797138608,0.13747032548754567,0.017732996712998494,0.094130370785383
GSE32646,GSE25055,350,0.07544877851261989,0.09785059541748786,0.018451520136621852,0.0888548600921722
GSE32646,GSE25055,351,0.09417853375527452,0.14297458410190067,0.021813417313481936,0.09065037697187267
GSE32646,GSE25055,352,0.051372741280291345,0.0815437367287637,0.02553528342320263,0.08739394264900058
GSE32646,GSE25055,353,0.07585209981740715,0.11655160737085563,0.0023189871168612375,0.032154072129636946
GSE32646,GSE25055,354,0.03905917411664561,0.11567428744409203,0.016632916486941263,0.08137596151972465
GSE32646,GSE25055,355,0.07047066408768543,0.07446458278631413,0.02006430696250705,0.10351366463618106
GSE32646,GSE25055,356,0.08145898935372631,0.08069649048190403,0.01164745592694566,0.06028282892209913
GSE32646,GSE25055,357,0.042062122519413325,0.028265539499549908,0.017309215609311784,0.08758212158369738
GSE32646,GSE25055,358,0.07061100131752307,0.12671977095494913,5.838183416595477e-06,0.017736515696010813
GSE32646,GSE25055,359,0.04067774261603363,0.060715744142694206,0.024952338341965974,0.11421872816960416
GSE32646,GSE25055,360,0.04989503673714191,0.09826164627023604,0.016480569798646955,0.07031305964262796
GSE32646,GSE25055,361,0.03958614484930256,0.13752157864032533,0.02194864349067803,0.06676086119754493
GSE32646,GSE25055,362,0.05188184135552554,0.08379044062429342,0.01093093542275203,0.05988793658804542
GSE32646,GSE25055,363,0.0639577259475218,0.14062697935487395,0.015757982690866645,0.06794803470834143
GSE32646,GSE25055,364,0.04944567627494445,0.03598987259795311,0.011587662637127127,0.07123405123337029
GSE32646,GSE25055,365,0.01475131294408416,0.03215278485302275,0.02252527043301543,0.07863203013601167
GSE32646,GSE25055,366,0.0517492711370261,0.13165285060217896,0.008440770529478434,0.027748351127267867
GSE32646,GSE25055,367,0.04736001217285446,0.08215156806495871,0.016459927330247592,0.08374119688500359
GSE32646,GSE25055,368,0.058812171763979015,0.09521813221576575,0.01273257657136559,0.05466147932790588
GSE32646,GSE25055,369,0.04680118774463493,0.08662847983384853,0.02075753491165383,0.09749828124116477
GSE32646,GSE25055,370,0.050838168923275306,0.12567108056843512,0.03130281069229063,0.12239617165986444
GSE32646,GSE25055,371,0.03251538710722357,0.09526810989578416,0.004339671483392676,0.026048693128770728
GSE32646,GSE25055,372,0.052076993304929986,0.09764709403160549,0.016653753347223577,0.05371388763449925
GSE32646,GSE25055,373,0.08818534691897129,0.1587843303839248,0.030622594354859728,0.12031940828641197
GSE32646,GSE25055,374,0.0405882352941177,0.06673606248043723,0.0026016254412861706,0.046746076007218584
GSE32646,GSE25055,375,0.06852589641434259,0.0798261585190976,0.005405377249211002,0.05430818818746669
GSE32646,GSE25055,376,0.07018442622950827,0.14293429597979973,0.0258693813455389,0.09247382128028564
GSE32646,GSE25055,377,0.0646273804168539,0.09423348514697782,0.003817439198447181,0.05213290023227346
GSE32646,GSE25055,378,0.04818989071038249,0.06902649220357765,0.01751086616676026,0.08206664835113642
GSE32646,GSE25055,379,0.06086005830903796,0.06283124094572895,0.013911949476970636,0.05727898762581496
GSE32646,GSE25055,380,0.05809637204090201,0.06378671773458039,0.029426338947500602,0.09745501346781371
GSE32646,GSE25055,381,0.07767275097783577,0.1511090756459076,0.024914987483438095,0.10696631170187498
GSE32646,GSE25055,382,0.06302742616033752,0.07644624659560839,0.034468778427863556,0.1219113176628438
GSE32646,GSE25055,383,0.050683465085638923,0.10904052188578756,0.007280805269548801,0.028891079871908476
GSE32646,GSE25055,384,0.09143072541464226,0.07439445917064375,0.001998079051070911,0.02550996859631066
GSE32646,GSE25055,385,0.09936727063560546,0.12850994705704183,0.007728290997382675,0.04776521972732417
GSE32646,GSE25055,386,0.005413469735720544,0.07175294323619952,0.0077179976351816615,0.050756791243544375
GSE32646,GSE25055,387,0.06474501108647457,0.16645409455530646,0.01957145625241924,0.06770341046190598
GSE32646,GSE25055,388,0.0672550213024955,0.07510904652362971,0.010059667259761151,0.06407607074126104
GSE32646,GSE25055,389,0.07174965421853396,0.1376000241607827,0.02312553060619635,0.07581837128426461
GSE32646,GSE25055,390,0.039150129421915536,0.05875696724952406,0.019219960501912325,0.10067362567835003
GSE32646,GSE25055,391,0.052375565610859764,0.1053041279249014,0.0526113763133243,0.18426504706215563
GSE32646,GSE25055,392,0.052766251728907365,0.06653343450719484,0.01629317889420001,0.0836315216849251
GSE32646,GSE25055,393,0.09731809030773653,0.20249382248188064,0.009206195185337995,0.05438341777680605
GSE32646,GSE25055,394,0.07183908045977028,0.14406169138445857,0.0212422893845087,0.0755970382003307
GSE32646,GSE25055,395,0.07752420470262777,0.07794375609587506,0.021557393751011206,0.0904476196583765
GSE32646,GSE25055,396,0.06762749445676264,0.15227706066016866,0.017958722971406382,0.06948130869550112
GSE32646,GSE25055,397,0.05707587382779189,0.0988361789275542,-0.00029554407710044583,0.014186705424209467
GSE32646,GSE25055,398,0.05980320699708441,0.11860802269439091,0.018793718308666607,0.058025744097028376
GSE32646,GSE25055,399,0.016934913335691415,0.018648769675822963,0.004830519962251131,0.02991405036949718
GSE32646,GSE25055,400,0.06980834546336734,0.044507144807892474,0.038846028105541136,0.14259584050536095
GSE32646,GSE25055,401,0.05660377358490565,0.08037880898982214,0.011499434897824568,0.05458169985205685
GSE32646,GSE25055,402,0.06395042194092837,0.13159585434555499,0.023767755238506022,0.08614343586057271
GSE32646,GSE25055,403,0.07372549019607844,0.09269632598633501,0.0019258603358169313,0.02946184724904266
GSE32646,GSE25055,404,0.06100294158845776,0.11663308112441961,0.02023670126549451,0.07660102097437832
GSE32646,GSE25055,405,0.10023904382470117,0.09221625577782999,-0.004769237851373259,0.01800636471813183
GSE32646,GSE25055,406,0.07260681449432116,0.11583956279885554,-0.003553988715103512,-0.010414768717722345
GSE32646,GSE25055,407,0.059082483781279005,0.11240070538483327,0.01045225936576974,0.04853256030269448
GSE32646,GSE25055,408,0.04708550086701335,0.05607054162067382,0.02312571143310138,0.11158826953270645
GSE32646,GSE25055,409,0.05277558016877626,0.07636815760325005,0.01864785540370481,0.10577108781760336
GSE32646,GSE25055,410,0.04813776243888401,0.09922809117165632,0.016778406373906485,0.06938375801533497
GSE32646,GSE25055,411,0.05834877973432184,0.07214642362651702,0.010849092965315443,0.04555444400387998
GSE32646,GSE25055,412,0.05970026350461133,0.10593709465463397,0.005853501811677431,0.018113462911376665
GSE32646,GSE25055,413,0.05840455840455838,0.08894308476613982,0.01628812838622673,0.06836203812533453
GSE32646,GSE25055,414,0.0669506999391356,0.14214607129357448,0.013744864181060745,0.050797081872200056
GSE32646,GSE25055,415,0.06862527716186229,0.10376812051617446,0.015155425848548704,0.05597361570597076
GSE32646,GSE25055,416,0.05591172897826968,0.1924362759997021,0.02541626539482658,0.08948932222880501
GSE32646,GSE25055,417,0.07311948452164163,0.11779477278651274,0.014326100034579514,0.07058529335783204
GSE32646,GSE25055,418,0.05382684114424818,0.12802433775153665,0.013312529728171596,0.05574860585419844
GSE32646,GSE25055,419,0.08687417654808949,0.12817238934037517,0.0037977088389805624,0.025216856338428406
GSE32646,GSE25055,420,0.0893499308437069,0.1234591036510524,0.010473324120023692,0.07222355807243463
GSE32646,GSE25055,421,0.08376523322594198,0.16059389098370436,0.02053427524906576,0.08174127097838041
GSE32646,GSE25055,422,0.059482071713147344,0.13933792824819274,0.006404024960567134,0.03574109482583032
GSE32646,GSE25055,423,0.08513085993672731,0.0907214701477494,0.010236502621283422,0.06630721946274343
GSE32646,GSE25055,424,0.052927131234524305,0.06621736463308439,-0.0009329667623236282,0.013243256839448547
GSE32646,GSE25055,425,0.07439024390243887,0.1490292174521909,0.009197024858772301,0.040930477700124146
GSE32646,GSE25055,426,0.0789848553006447,0.1262344247788188,0.010567240897205454,0.04600957218545043
GSE32646,GSE25055,427,0.06840277777777781,0.129272591615955,-0.005547594618158416,0.0017844545913212606
GSE32646,GSE25055,428,0.011306698312236296,0.06262825690544266,0.03694628787094564,0.13217405483256356
GSE32646,GSE25055,429,0.042448405253283306,0.10329526284181212,-0.002542295634830674,-0.006774487307666721
GSE32646,GSE25055,430,0.07166402953586493,0.09373987334759887,0.017512484535601197,0.08152684082720818
GSE32646,GSE25055,431,0.04737481441490088,0.10687298465992595,0.01653484561107768,0.08631936686944891
GSE32646,GSE25055,432,0.03702904802991103,0.07802811380709695,0.01458390807013435,0.07541404417407904
GSE32646,GSE25055,433,0.05208333333333337,0.09823530382382722,0.0045021373950304144,0.03906042790754377
GSE32646,GSE25055,434,0.08545098039215693,0.19435355891258888,0.006944319659093479,0.026707451103492152
GSE32646,GSE25055,435,0.06531148006243792,0.11314396336690052,0.017177004500190524,0.06654213714839885
GSE32646,GSE25055,436,0.0570583887657059,0.08220795470804071,0.02297396943479116,0.08728234033001697
GSE32646,GSE25055,437,0.04713883677298314,0.14568776872189448,-0.006200377788295339,-0.011667693274009572
GSE32646,GSE25055,438,0.018705882352941017,0.01710963985241193,0.015526843417517505,0.0646687659877151
GSE32646,GSE25055,439,0.06388409548461327,0.13170859917081756,0.00818610250078719,0.0741368231240585
GSE32646,GSE25055,440,0.09434262948207173,0.18671047615293673,0.002054878804688992,0.012704687820151439
GSE32646,GSE25055,441,0.05040650406504066,0.09909694981893047,0.01497561427893604,0.05808903983957281
GSE32646,GSE25055,442,0.06545816733067733,0.12828034927973964,0.003355118512451155,0.03184902376554366
GSE32646,GSE25055,443,0.08247950819672123,0.13496724321238368,0.024323877420100115,0.09422858087155861
GSE32646,GSE25055,444,0.06382113821138224,0.1131017858297344,0.016199405917322524,0.06326831447284259
GSE32646,GSE25055,445,0.0828842620943051,0.13571909742649396,0.036655793414724025,0.1376562761027807
GSE32646,GSE25055,446,0.040962099125364415,0.09066079696116897,0.011230398876871828,0.07388088116002006
GSE32646,GSE25055,447,0.11759634128055174,0.11082584861687772,0.0009424173785993473,0.04049982790224377
GSE32646,GSE25055,448,0.08080220453153686,0.154668475407706,0.03438632349168669,0.13877790630894682
GSE32646,GSE25055,449,0.04635568513119526,0.11208570130397577,0.012432348479182509,0.06121313660607608
GSE32646,GSE25055,450,0.03168627450980399,0.06782876901137935,0.011740119257514725,0.06916711695268135
GSE32646,GSE25055,451,0.0735064566482192,0.06903056383276629,0.011708967587237579,0.08547534910531474
GSE32646,GSE25055,452,0.08288953134510024,0.1982330203373962,0.010159094447609873,0.04341445214675099
GSE32646,GSE25055,453,0.05647793387256983,0.0942118091300177,0.018593118725077157,0.09213632453997073
GSE32646,GSE25055,454,0.06121607437396914,0.06932943176661915,0.015316449439056495,0.05740680564687711
GSE32646,GSE25055,455,0.08333333333333326,0.11253396189451625,-0.01382356223193372,-0.029467050316544285
GSE32646,GSE25055,456,0.06323337679269891,0.09709843770183235,0.028847627339161658,0.11136855836910092
GSE32646,GSE25055,457,0.09141176470588253,0.11992010936315128,0.01072499942207819,0.04558458633606299
GSE32646,GSE25055,458,0.036274086856485255,0.045625549914965924,0.013481964888393982,0.08545473893849204
GSE32646,GSE25055,459,0.08443647729362014,0.09152139939161166,-0.012002361812329151,-0.01065367146198315
GSE32646,GSE25055,460,0.04643001754622755,0.0855769807611958,0.022623824027107525,0.09609333886113386
GSE32646,GSE25055,461,0.07831009146798629,0.09727959737795816,0.009593867510703596,0.06661326594071704
GSE32646,GSE25055,462,0.056392156862745124,0.08430605174631506,0.0029142758849550476,0.03094694302328499
GSE32646,GSE25055,463,0.08008130081300824,0.13858585089555964,0.012233251370010662,0.04632398485183742
GSE32646,GSE25055,464,0.044963481436396946,0.10366338024175081,0.0067043810764236544,0.05740844890731628
GSE32646,GSE25055,465,0.00912964090079127,0.0219516776962152,0.016314779497574844,0.07071820651418281
GSE32646,GSE25055,466,0.07579698546085101,0.1001243631624793,0.01703235794497343,0.08028082620507726
GSE32646,GSE25055,467,0.055764966740576405,0.09503444713980869,0.013258974818494695,0.059462541502039
GSE32646,GSE25055,468,0.09103498542274047,0.08452770278415633,0.011073316857781512,0.050260516590976634
GSE32646,GSE25055,469,0.09815573770491803,0.16482411798580654,0.019360207264096763,0.06486303282181416
GSE32646,GSE25055,470,0.06980079681274876,0.1088696025268493,0.009662635615527299,0.03856050777364839
GSE32646,GSE25055,471,0.0760608786924577,0.10921002434003091,0.01624697519581017,0.05704545603303163
GSE32646,GSE25055,472,0.021137026239067103,0.05496378696112997,0.020039354998319908,0.09082909142949797
GSE32646,GSE25055,473,0.0463709677419355,0.12610817259549623,0.014023569385315349,0.0425849396061857
GSE32646,GSE25055,474,0.08889987827145474,0.13166167093978332,0.009896426299563305,0.04908010353639941
GSE32646,GSE25055,475,0.08568989071038247,0.15014959055157145,0.018816767115817784,0.08229231647125101
GSE32646,GSE25055,476,0.02506830601092891,0.06989619820818938,0.02546878410999609,0.09967885519525527
GSE32646,GSE25055,477,0.04187317784256561,0.07859933304111832,0.016873444935340015,0.07821693466969581
GSE32646,GSE25055,478,0.047510373443983345,0.06815491312569849,0.014491861428997138,0.08845895463896924
GSE32646,GSE25055,479,0.05048041389504798,0.14560915611350128,0.00941274774783743,0.0445970940789861
GSE32646,GSE25055,480,0.02316602316602312,0.07052674383631691,-0.0013863811022920974,0.008046402241853712
GSE32646,GSE25055,481,0.06163346613545828,0.08947137272204991,-0.0016617805626676363,0.03356598285359785
GSE32646,GSE25055,482,0.05788866930171288,0.09358047310481016,0.002441089192257634,0.02946179806050897
GSE32646,GSE25055,483,0.046525753158406236,0.11434566372835303,0.008901498034248306,0.04064068376950569
GSE32646,GSE25055,484,0.05743717310881491,0.09180357770665831,0.029201739756683526,0.13246750689215359
GSE32646,GSE25055,485,0.03103298611111105,0.11155354140690787,-0.0017863307128731798,0.02122167009266851
GSE32646,GSE25055,486,0.06521912350597614,0.0702560747140144,0.007743224534581872,0.048990190919592
GSE32646,GSE25055,487,0.08055040197897345,0.12739773550449757,0.026322648521140024,0.12665303468404054
GSE32646,GSE25055,488,0.08213820078226852,0.16654201234218535,0.024096735888574555,0.09465467300442298
GSE32646,GSE25055,489,0.09440609721023874,0.11763129523007648,0.021775202216019668,0.08328653265400593
GSE32646,GSE25055,490,0.07804739605505895,0.11715826052853978,0.012392137958340155,0.07040226539851097
GSE32646,GSE25055,491,0.015856777493606034,0.0829742256265274,0.004803494975459052,0.033073889700624026
GSE32646,GSE25055,492,0.052969348659003934,-0.004321184374587006,-0.006103496842238737,-0.005778486131636507
GSE32646,GSE25055,493,0.049177190968235696,0.13948525539089568,0.032778312591443426,0.1205423263611684
GSE32646,GSE25055,494,0.07543073259560151,0.12412008800240398,0.026727145635261823,0.08890850758752217
GSE32646,GSE25055,495,0.06906614785992216,0.11597559253717199,-0.0005774215526401089,-0.0029412527224484397
GSE32646,GSE25055,496,0.043479914790018115,0.09827396509774339,0.014571403404356864,0.05270120116042959
GSE32646,GSE25055,497,0.05420081967213097,0.11534154338659725,0.015435200050717524,0.07869393740942005
GSE32646,GSE25055,498,0.05765369168983625,0.11212059407769659,0.008598029725039369,0.03313652875784756
GSE32646,GSE25055,499,0.07631396957123104,0.13835143681259465,0.025063525410065485,0.09361418959566248
GSE32646,GSE25055,500,0.036470588235294144,0.06279742085805556,0.009393597626836059,0.062207436057688636
GSE32646,GSE25055,501,0.05666909620991267,0.10939589228754715,0.02572864794539123,0.08721035088743773
GSE32646,GSE25055,502,0.026972111553784872,0.08614725965157816,0.00801795882352388,0.03978161766670579
GSE32646,GSE25055,503,0.057607843137254866,0.06462868792196136,0.0052028764486374834,0.06380234948686536
GSE32646,GSE25055,504,0.022122762148337527,0.07016274234537367,0.006026276094444061,0.03352982341728511
GSE32646,GSE25055,505,0.08576131110799823,0.1356570484410775,0.013947399651370429,0.06500861624709098
GSE32646,GSE25055,506,0.0766851805099722,0.14647500830076005,0.02708369430614746,0.10339166163119651
GSE32646,GSE25055,507,0.06304664723032061,0.10670595193967203,0.005242981337916716,0.014646945582440063
GSE32646,GSE25055,508,0.06870054777845402,0.1297417531474338,0.011753577613778377,0.056755947252335626
GSE32646,GSE25055,509,0.05235427504335055,0.07351035209709944,0.018831912083358188,0.10062363879363623
GSE32646,GSE25055,510,0.06683955739972336,0.16146018024024783,0.017268207078137338,0.08707576737943956
GSE32646,GSE25055,511,0.016427865612648307,0.04419686550992963,0.006575301019545732,0.05105452126287546
GSE32646,GSE25055,512,0.0773655450100661,0.12198139055148904,0.017966211841883184,0.07240198589753866
GSE32646,GSE25055,513,0.09774843730067606,0.15363950230146212,0.024752285317903105,0.0987593289863608
GSE32646,GSE25055,514,0.035495626822157345,0.09031493481370911,0.02596732393747403,0.08440734399319011
GSE32646,GSE25055,515,0.07289582499666547,0.10372827548988994,0.03092538164901243,0.11767899168253837
GSE32646,GSE25055,516,0.0816237009043056,0.15182085833196346,0.01844436117380993,0.09188148768841775
GSE32646,GSE25055,517,0.09997161912870733,0.1220946697363447,0.011988233391283853,0.04797144783024193
GSE32646,GSE25055,518,0.03331204767986373,0.02019996638434146,0.018422369611643202,0.07912124754362637
GSE32646,GSE25055,519,0.07075853691456346,0.13411829961371252,0.018843386777827542,0.08995872654931852
GSE32646,GSE25055,520,0.10054901960784302,0.1548881058775494,-0.001059102713378196,0.02581937089154568
GSE32646,GSE25055,521,0.06801125703564737,0.11240391922555232,-0.0006376811521399961,-0.0069150807703406425
GSE32646,GSE25055,522,0.059146939347247574,0.1318010433799504,0.02049285220600619,0.08060712283517935
GSE32646,GSE25055,523,0.08567011791774526,0.12106440060319751,0.01857533979065812,0.07542184317512052
GSE32646,GSE25055,524,0.06071211199026161,0.0792818423020234,0.00801905998670277,0.04610788411403216
GSE32646,GSE25055,525,0.06068464730290468,0.0994272767290249,0.021599107387197336,0.07262088856360888
GSE32646,GSE25055,526,0.09117054932412993,0.15134297834263127,0.01785783390089357,0.05933060792794681
GSE32646,GSE25055,527,0.05986654670865199,0.10565504266499026,0.005477932423839593,0.04081702844819041
GSE32646,GSE25055,528,0.04805327868852449,0.09171140628262564,0.021363705317790388,0.10612392742571003
GSE32646,GSE25055,529,0.03149726110772966,0.11325442806958058,0.016325791815909485,0.05781166501283297
GSE32646,GSE25055,530,0.08986860304287692,0.14325168317792486,0.01893157370392473,0.08327971146189411
GSE32646,GSE25055,531,0.08363322837007059,0.11894703434989018,0.01189746550684384,0.05883447499475769
GSE32646,GSE25055,532,0.022983114446529007,0.026532750537791083,0.000520513501063663,0.013820456089547128
GSE32646,GSE25055,533,0.09211212516297262,0.08738983771387365,0.028220204457775094,0.12169623333030394
GSE32646,GSE25055,534,0.0700782268578879,0.09732083733190477,0.02868208706637576,0.13012620179763784
GSE32646,GSE25055,535,0.0637276953066428,0.11916743853589229,0.01589890704671909,0.05316031100995522
GSE32646,GSE25055,536,0.07839830084957522,0.18669021755774023,0.0343175293105378,0.11296469079348781
GSE32646,GSE25055,537,0.10453351869014516,0.14663851481997964,0.00329398347835122,0.019742147852941816
GSE32646,GSE25055,538,0.056305293147398516,0.06303237686572122,0.014541566398660444,0.06808489507192744
GSE32646,GSE25055,539,0.08633893280632421,0.14621132201887743,0.00466191631528598,0.018254941204015884
GSE32646,GSE25055,540,0.04790249433106575,0.04679869942408921,0.003998534137518328,0.026013970656401098
GSE32646,GSE25055,541,0.06125729253482559,0.10528684808062733,0.044720667997651814,0.14689767834199546
GSE32646,GSE25055,542,0.07867670877874944,0.10224975277951609,0.0013438401719413073,0.02797535739352025
GSE32646,GSE25055,543,0.05425548347235076,0.0980681517768846,0.0028829161549635274,0.03527162625591568
GSE32646,GSE25055,544,0.0648605577689243,0.048796450816916304,0.00959009764875493,0.053623273727454845
GSE32646,GSE25055,545,0.03398609337306646,0.05207834687462776,0.019827884537236107,0.07559767826911562
GSE32646,GSE25055,546,0.09154406802537451,0.11753661894332101,0.014652877252825047,0.07379998391247
GSE32646,GSE25055,547,0.09276107594936711,0.1296756405003991,0.02844160776328883,0.10085381861564896
GSE32646,GSE25055,548,0.07967929615439184,0.1671090615887868,0.013689007770552958,0.059397515059971484
GSE32646,GSE25055,549,0.04188235294117648,0.06029793735862149,0.008635079962535153,0.047079709092845146
GSE32646,GSE25055,550,0.03720880069025034,0.11357844184052979,0.024381084435811246,0.08928028518450404
GSE32646,GSE25055,551,0.0625745950554134,0.11487972419737974,0.004256063705491281,0.03148121933088399
GSE32646,GSE25055,552,0.045021742390163544,0.0510443417367894,0.011987416435961795,0.05859838759274
GSE32646,GSE25055,553,0.07960088691796008,0.15713163584778395,0.0057914550544224674,0.027609867783490283
GSE32646,GSE25055,554,0.08039840637450202,0.07310403257605072,0.0017872125942828554,0.033183720269728045
GSE32646,GSE25055,555,0.07771606816798549,0.10297770031338405,0.014726967816759695,0.04853511786536552
GSE32646,GSE25055,556,0.06450391315324422,0.13228442380348077,0.035314715757594234,0.12952726176676294
GSE32646,GSE25055,557,0.09774949669255106,0.12268287543947187,0.019135965304612118,0.07317494530269114
GSE32646,GSE25055,558,0.06529278378017878,0.0970539279479749,0.028963622030279995,0.09240868993364038
GSE32646,GSE25055,559,0.053156395261658274,0.03094340954706737,0.007533139588781962,0.06355284569957009
GSE32646,GSE25055,560,0.05525490196078442,0.10691731694169723,-0.0012478861389970952,0.03532487751371027
GSE32646,GSE25055,561,0.06995884773662553,0.05300372415237234,0.010104313641488144,0.07911491857200803
GSE32646,GSE25055,562,0.012370670265407169,0.042428599979753734,0.026775265520005642,0.09388660435314139
GSE32646,GSE25055,563,0.038932291666666785,0.09168075698437317,0.00878217182184357,0.038417737870170054
GSE32646,GSE25055,564,0.05569080949482663,0.08409279337913306,0.010881369610072661,0.046457929846839
GSE32646,GSE25055,565,0.06766381766381768,0.08724621500346319,0.015386597666466884,0.06819170336249791
GSE32646,GSE25055,566,0.044664396196963385,0.058249492471731,0.02793713308898249,0.10829262536474676
GSE32646,GSE25055,567,0.06198542313402622,0.14553738260156857,0.027248987184416262,0.08755408642586887
GSE32646,GSE25055,568,0.06191793764340647,0.1116565649441203,0.021466982843833693,0.08278739685765857
GSE32646,GSE25055,569,0.08223107569721122,0.09183569981046114,-0.00018180717258364787,0.02104815197667409
GSE32646,GSE25055,570,0.07563502199517524,0.15941459803548363,0.013566513269679226,0.06133113901735826
GSE32646,GSE25055,571,0.026627450980392098,0.05902370760510517,0.013033618467700542,0.05626835634149141
GSE32646,GSE25055,572,0.06674077733860351,0.08301876872205838,0.0013625435338055214,0.016424280071757558
GSE32646,GSE25055,573,0.07055847076461774,0.15046272977739555,0.03825478665000279,0.1313750078271405
GSE32646,GSE25055,574,0.03180731752160315,0.0465907831207229,-0.00234699109264655,0.008296246142661001
GSE32646,GSE25055,575,0.08750359505320682,0.1586186119184002,0.013883952302327501,0.05603759227537297
GSE32646,GSE25055,576,0.07504835589941994,0.1255571561817988,0.026533702922234725,0.10971797088655516
GSE32646,GSE25055,577,0.08437596540006176,0.09032897079785485,0.007282489203648518,0.039341180860277325
GSE32646,GSE25055,578,0.08732384239286739,0.17156198063845907,0.015514602537960887,0.056918353108778186
GSE32646,GSE25055,579,0.05542534722222214,0.07704907446099252,0.0018889397965564658,0.013524265159804705
GSE32646,GSE25055,580,0.09758577997877593,0.13167411224797337,-0.004612102353227704,0.005616998592172129
GSE32646,GSE25055,581,0.05354245538128721,0.08602603829814126,0.003953155662086899,0.019202827934349354
GSE32646,GSE25055,582,0.08800521512385906,0.11605512224645409,0.02656995519507438,0.11360657051584894
GSE32646,GSE25055,583,0.0661020380618168,0.1173012054051174,0.018996463087295884,0.09091618512329297
GSE32646,GSE25055,584,0.03757693553611918,0.07347149245664136,0.012478373112110558,0.05335617085125438
GSE32646,GSE25055,585,0.08279250045069386,0.09075460452882572,0.0004194346072652899,0.0003552837669318909
GSE32646,GSE25055,586,0.06059027777777792,0.10190770422382212,0.0029745552457195318,0.030685733013957328
GSE32646,GSE25055,587,0.06963956293458218,0.058476884037551746,0.015245328818102893,0.06115219259332361
GSE32646,GSE25055,588,0.0744535519125683,0.09106047355497027,0.017340064847496256,0.06836706183679953
GSE32646,GSE25055,589,0.09290465631929046,0.14008015955541903,0.016742795339294958,0.06017117843431091
GSE32646,GSE25055,590,0.04586044138282952,0.09412938296585477,0.03142939517374324,0.13013668148133667
GSE32646,GSE25055,591,0.04518924655111445,0.07058359588768531,-0.0007446238806669003,0.008851714011035683
GSE32646,GSE25055,592,0.04414920474627626,0.08463175000749096,0.02557629089313937,0.12357658524388393
GSE32646,GSE25055,593,0.052479477299380184,0.09419344015826114,0.003781787359115968,0.025539295536126883
GSE32646,GSE25055,594,0.06278168379304128,0.08509656432309087,-0.017888909720165838,-0.016580899485584333
GSE32646,GSE25055,595,0.0920333620937589,0.11533413492421685,0.012764071315687048,0.06619690145415069
GSE32646,GSE25055,596,0.05431432973805839,0.14867086963088116,0.016958045712114678,0.06287358542185911
GSE32646,GSE25055,597,0.09014474244359294,0.1311524717621277,0.015540042063852622,0.0595335435732407
GSE32646,GSE25055,598,0.014452113891285645,0.050445936032127714,0.023620315995492858,0.08910034189658916
GSE32646,GSE25055,599,0.06388373531230684,0.06749063959906137,0.029316421157889794,0.13719325047775
GSE32646,GSE25055,600,0.06044137022397911,0.13418561314046468,0.007911870501843318,0.026950655516170097
GSE32646,GSE25055,601,0.0485332182916306,0.10329909334528442,0.013300705783857641,0.07267183567404328
GSE32646,GSE25055,602,0.0905255878284924,0.11788342737335034,0.013323216989314407,0.07360798529637014
GSE32646,GSE25055,603,0.04365079365079372,0.10643218107517793,0.028958490903745943,0.11521436693674003
GSE32646,GSE25055,604,0.04903652574058093,0.12597854611736198,0.01753789710968115,0.07560465696578023
GSE32646,GSE25055,605,0.06485587583148567,0.10386812304958615,0.008997621167775027,0.05712154551526777
GSE32646,GSE25055,606,0.04205857840219063,0.1086015102661887,0.046056172465309575,0.18489708178415787
GSE32646,GSE25055,607,0.05794460641399435,0.10612930588630698,0.005508549906504123,0.042938697737555764
GSE32646,GSE25055,608,0.04430949167791276,0.08672645611219065,0.020830065900089706,0.06704370017372169
GSE32646,GSE25055,609,0.01230598669623062,0.035957288005233456,0.02203857344549648,0.08858019047191984
GSE32646,GSE25055,610,0.04100351817724901,0.10736194673394939,0.002420915300313853,0.024513267272494976
GSE32646,GSE25055,611,0.07920977657819772,0.08536337034070346,0.01308781434532677,0.08032664757163516
GSE32646,GSE25055,612,0.06394250236199217,0.08353641768629255,0.02506919178278519,0.09413529741385823
GSE32646,GSE25055,613,0.054701195219123644,0.07607412887659826,0.005747802652601219,0.03640019406307615
GSE32646,GSE25055,614,0.07599826388888886,0.09900685256182074,-0.004274470012935877,0.0037699594352959553
GSE32646,GSE25055,615,0.04888605080175956,0.062357356598394975,0.023823996881163045,0.08311658976382952
GSE32646,GSE25055,616,0.07398715415019752,0.11229269362545352,0.008482935749076784,0.026453000697179818
GSE32646,GSE25055,617,0.05116033755274263,0.11646108127137555,0.031008290997553534,0.12259795293453518
GSE32646,GSE25055,618,0.04217530518310997,0.12170673188312678,-0.003538863989780497,-0.006803335996157955
GSE32646,GSE25055,619,0.04130434782608705,0.07119554262644509,0.0031870151011590964,0.03157066161108324
GSE32646,GSE25055,620,0.10811703917327553,0.17198642075866372,0.033720661115328204,0.12374782108019244
GSE32646,GSE25055,621,0.0403358824411455,0.13263410654573493,0.022776817138511,0.07260369308984577
GSE32646,GSE25055,622,0.07145250460713681,0.14879091951855228,0.00615384023515024,0.019108877703079008
GSE32646,GSE25055,623,0.09823329076202647,0.18176996028067177,0.017516945667832684,0.06565512171243487
GSE32646,GSE25055,624,0.05787974209026836,0.07586412305954893,0.018184831374320726,0.08272421289372978
GSE32646,GSE25055,625,0.08124820247339659,0.1219146486106743,0.018845152483106503,0.0716935162502137
GSE32646,GSE25055,626,0.07247267759562837,0.15967346070336425,0.01923386526282525,0.08106898118533679
GSE32646,GSE25055,627,0.049537731134432605,0.037478123481495096,0.025864439174048598,0.12669926354244176
GSE32646,GSE25055,628,0.07680890538033391,0.12612148277672425,0.02761862266632073,0.11568521548572336
GSE32646,GSE25055,629,0.043237704918032915,0.09347186440200511,0.027500822359645266,0.10481841242210721
GSE32646,GSE25055,630,0.054318488529014886,0.12218555961799782,0.014841896385987707,0.0604614144431857
GSE32646,GSE25055,631,0.09287556415215992,0.16397837099902157,0.027433357722388613,0.10755488315484041
GSE32646,GSE25055,632,0.05199203187250967,0.14031290197347313,0.010977455857305515,0.036365838608573675
GSE32646,GSE25055,633,0.07643442622950802,0.1343402154735608,0.01747592007721363,0.08907154822276259
GSE32646,GSE25055,634,0.02411994784876148,0.05870569861888514,0.0338573613577868,0.13521886794284294
GSE32646,GSE25055,635,0.07132585562266303,0.10766918906903905,0.018545807014731464,0.07368635201592894
GSE32646,GSE25055,636,0.0649052478134109,0.11921365234177439,0.00940792250986952,0.06288588688400099
GSE32646,GSE25055,637,0.029172913543228263,0.06703251321644277,0.04641632528579445,0.14774985320081208
GSE32646,GSE25055,638,0.0804757491504482,0.08879689028149279,0.004409083867180252,0.03814924665109404
GSE32646,GSE25055,639,0.09005102040816315,0.06769700505595638,0.009981946631864802,0.058430762829095984
GSE32646,GSE25055,640,0.05025106512477173,0.061035808531929414,0.009125857188424125,0.05506690132272829
GSE32646,GSE25055,641,0.0679105550762149,0.09799576977264868,0.016405631912674773,0.07851850710911912
GSE32646,GSE25055,642,0.0447154471544714,0.13191822044247753,0.021142973048821068,0.070287534083466
GSE32646,GSE25055,643,0.03705997392438065,0.0743537641109081,0.03270664278965252,0.12222353462916524
GSE32646,GSE25055,644,0.08503401360544227,0.1123160382524952,0.002012957100275742,0.023492227874408134
GSE32646,GSE25055,645,0.03765287317808674,0.10231420165074867,0.00329923234444518,0.028456541929885948
GSE32646,GSE25055,646,0.09939064558629762,0.09991431772171,0.0002658893184781519,0.02135152366296189
GSE32646,GSE25055,647,0.06402338603425539,0.0930255706969339,0.0006677311429706956,0.024553550363382914
GSE32646,GSE25055,648,0.06053206997084559,0.09469863803828144,0.009075908306923036,0.061207268968631545
GSE32646,GSE25055,649,0.1054430171277998,0.19021724237515847,-0.0034346250017520397,0.0003584316617165073
GSE32646,GSE25055,650,0.10932944606413986,0.17948789462531428,0.010809731731821148,0.04491995322238829
GSE32646,GSE25055,651,0.05410421627678952,0.07511361601529198,0.02027685273532087,0.08948235166787205
GSE32646,GSE25055,652,0.056915629322268346,0.11252560057624456,0.025094601429169194,0.09273987917102322
GSE32646,GSE25055,653,0.0715991436100133,0.12013542087514839,0.007887173855296359,0.034745508155171245
GSE32646,GSE25055,654,0.07909830598906209,0.15385180496076273,0.03200141828320424,0.10931753419436896
GSE32646,GSE25055,655,0.04443291839557395,0.11727885137410199,0.01797755318082725,0.08490306914544304
GSE32646,GSE25055,656,0.07222441983122374,0.1053021800321094,0.02859479525846187,0.11609955483446788
GSE32646,GSE25055,657,0.023364107547781066,0.06745537356787112,0.004196661633591725,0.037768744451004144
GSE32646,GSE25055,658,0.06436497225970894,0.1074725430167866,0.01251452902725178,0.05083717653435116
GSE32646,GSE25055,659,0.07818194088271024,0.1330427528840945,0.029325905736285934,0.10680028201261249
GSE32646,GSE25055,660,0.040192694851883815,0.08130655014999633,0.02313222737130105,0.08664422886339102
GSE32646,GSE25055,661,0.05278293135435974,0.09407215607406849,0.0385974125734414,0.15555847694958747
GSE32646,GSE25055,662,0.055739972337482624,0.07774288118957623,0.02369259214090219,0.09625033706127623
GSE32646,GSE25055,663,0.07192254495159056,0.0704345029273391,0.02298636501327664,0.09651047596392937
GSE32646,GSE25055,664,0.03415300546448086,0.07492361247686702,0.0257235667256481,0.09305742295549785
GSE32646,GSE25055,665,0.03916066342770985,0.11621061335843141,0.010511104946964903,0.036062077164529305
GSE32646,GSE25055,666,0.0669009853400625,0.1021651585800808,0.04080427895718419,0.15530746718885646
GSE32646,GSE25055,667,0.03948451910408435,0.08180060537429967,0.00870380038108276,0.04217862270438344
GSE32646,GSE25055,668,0.04865451388888886,0.06004849362025824,-0.005069632442231853,0.009855609801790621
GSE32646,GSE25055,669,0.07844004244782454,0.16594904644686792,0.0067875649078879,0.013887546668578332
GSE32646,GSE25055,670,0.038491048593350397,0.06764645065416969,-0.003954893545634969,0.01519403483515519
GSE32646,GSE25055,671,0.0643500643500644,0.10031505853246986,-0.011951431902419082,-0.003193570055168793
GSE32646,GSE25055,672,0.07352941176470584,0.06310804009423082,-0.0001854113927789447,0.017369330850132314
GSE32646,GSE25055,673,0.033963112910481374,0.09517519213043163,0.018751766234068212,0.06852511530199973
GSE32646,GSE25055,674,0.058713961775186285,0.1438142022341335,0.018991229881293495,0.051797911477441894
GSE32646,GSE25055,675,0.07001366120218588,0.13691354691837465,0.020102099365655185,0.07601521857469307
GSE32646,GSE25055,676,0.060458240946045794,0.1066876396388412,0.018207744308339352,0.08490731267980278
GSE32646,GSE25055,677,0.0964162543109911,0.1841773581381959,0.014664529614863087,0.04811725383749699
GSE32646,GSE25055,678,0.0787599340230919,0.07088904869962687,0.009789809431624497,0.06387727902379525
GSE32646,GSE25055,679,0.0027417361754711322,0.0228325516741526,0.007272178250209205,0.058660224856523835
GSE32646,GSE25055,680,0.05084996304508527,0.16197813781416243,0.018032888619450044,0.06821162153821797
GSE32646,GSE25055,681,0.07607192254495165,0.19741184786105737,0.01962265146864764,0.08748997643148654
GSE32646,GSE25055,682,0.06596209912536422,0.12747471730162374,0.001608282775913239,0.018506820475023444
GSE32646,GSE25055,683,0.09122267759562841,0.1343065230034749,0.021722140207743573,0.08833654686814169
GSE32646,GSE25055,684,0.05518226753166522,0.11193579296124062,0.011193571987887313,0.03978605101446736
GSE32646,GSE25055,685,0.049635568513119566,0.068912837914268,0.022248439877618903,0.08262632736669945
GSE32646,GSE25055,686,0.08537441000127555,0.10442580319079253,0.021297279130312513,0.1300761015292199
GSE32646,GSE25055,687,0.06278640059127871,0.10897181167284642,0.01665694838919951,0.060445697882618554
GSE32646,GSE25055,688,0.050000000000000044,0.055361269655489376,0.02344831868844313,0.09480830808222157
GSE32646,GSE25055,689,0.04699170124481322,0.07496272334677001,0.02556408321501366,0.10277539397117941
GSE32646,GSE25055,690,0.050836653386454156,0.11029744310185341,0.004670875816028958,0.03614472816534753
GSE32646,GSE25055,691,0.07518535681186278,0.08518429708122843,0.003745654824921063,0.045704675302056075
GSE32646,GSE25055,692,0.014287715366297804,0.06729509312421988,0.0180107323968616,0.09998698955885171
GSE32646,GSE25055,693,0.042110655737704894,0.07614186727598987,0.021295617404105627,0.08677387630485445
GSE32646,GSE25055,694,0.08078431372549022,0.1536186482868574,0.0019282864184832216,0.025819985268969614
GSE32646,GSE25055,695,0.08023904382470115,0.1409468530738578,0.0003555351114231664,0.026288485693968022
GSE32646,GSE25055,696,0.06308203991130823,0.11877688870946601,0.0174488621547991,0.05733408747087121
GSE32646,GSE25055,697,0.07531380753138073,0.09596758944773215,0.018535510787652948,0.10475899290186241
GSE32646,GSE25055,698,0.08390879866650802,0.15434616925572764,0.04068165276260419,0.13977488252076697
GSE32646,GSE25055,699,0.03792604990870352,0.023975907907079264,0.013958893078028833,0.06217036163599177
GSE32646,GSE25055,700,0.061701434159061264,0.1125643594283573,0.03242887187770446,0.11656720474799359
GSE32646,GSE25055,701,0.01905381944444451,0.05642739432328553,0.0013338677956637457,0.02331860764633431
GSE32646,GSE25055,702,0.05160349854227397,0.09607043164098245,0.017938824122270408,0.0789869974228124
GSE32646,GSE25055,703,0.05136937703987532,0.10874907573642767,0.019562884939134995,0.07339108226623392
GSE32646,GSE25055,704,0.04999999999999993,0.10217206778553678,0.011907364938330917,0.07879781559428078
GSE32646,GSE25055,705,0.10420469361147333,0.22429701999983687,0.02432901332389112,0.09863857584907365
GSE32646,GSE25055,706,0.1124116313191944,0.1687366302865161,0.021281324267365676,0.06882816143059789
GSE32646,GSE25055,707,0.10426810712112,0.14601186678104563,0.0061433318675307436,0.04413834391269306
GSE32646,GSE25055,708,0.06357774778827407,0.07192379252074432,0.008811205986810344,0.04365534883725958
GSE32646,GSE25055,709,0.018875192604006163,0.031542792635912476,0.017577041763721574,0.09072256563801634
GSE32646,GSE25055,710,0.03267347807577692,0.06254096979705515,0.022863697400554217,0.10147961630452351
GSE32646,GSE25055,711,0.039322617680826566,0.12947361164570775,0.03463263416141121,0.11577688117022389
GSE32646,GSE25055,712,0.04288633966244726,0.06520507702165912,0.03336252526416317,0.13341074114328555
GSE32646,GSE25055,713,0.07831632653061227,0.11371599102264829,0.007045648095225482,0.05508749039441707
GSE32646,GSE25055,714,0.054654535864978926,0.10766062648712671,0.03368931941328571,0.10663292746373143
GSE32646,GSE25055,715,0.0778227620332883,0.090917900031101,0.011260807375009757,0.0495260172059393
GSE32646,GSE25055,716,0.04583738257207637,0.07957113787764486,0.011038012481413895,0.043521549546758576
GSE32646,GSE25055,717,0.09164167916041976,0.1899355374252784,0.03856547816279382,0.12103787129407884
GSE32646,GSE25055,718,0.1191798539257457,0.1809862124484546,0.00875454881152904,0.04353813556729075
GSE32646,GSE25055,719,0.07946416520448085,0.05353779119360902,0.024382761697756855,0.10148515202376623
GSE32646,GSE25055,720,0.05004262574595053,0.0858522654296951,0.006660124743132156,0.03140182223371746
GSE32646,GSE25055,721,0.034243427100570045,0.0443995208754929,-0.0013894353082836014,-0.000719183758016495
GSE32646,GSE25055,722,0.08107923497267755,0.18991743719135717,0.021822373743527496,0.07878701303827401
GSE32646,GSE25055,723,0.09274509803921571,0.12930597608455857,0.009987680640219765,0.027113952547012043
GSE32646,GSE25055,724,0.0607561929595829,0.08727322277954314,0.032056456968578256,0.11300966902587983
GSE32646,GSE25055,725,0.10116618075801753,0.11517285718881198,0.0059121584758710655,0.05432347203244431
GSE32646,GSE25055,726,0.04363207547169823,0.1183587529190327,0.018507042841767907,0.06745327981727417
GSE32646,GSE25055,727,0.0786221810318195,0.16803540780947834,0.01711423855905865,0.046930682860112594
GSE32646,GSE25055,728,0.08089368258859775,0.12005587772803045,0.007734155650185676,0.06482339639319123
GSE32646,GSE25055,729,0.07669213973799138,0.12159828840764003,0.039256921145396834,0.14338498461266386
GSE32646,GSE25055,730,0.07572598084646276,0.13421026094649102,0.00033324563955877684,0.02063478093048099
GSE32646,GSE25055,731,0.05893682588597848,0.09551238683783486,0.02221440059886104,0.09607443504956131
GSE32646,GSE25055,732,0.09235691688236991,0.12499728392277115,0.015875702304631173,0.0687420207422717
GSE32646,GSE25055,733,0.02788523533204368,0.05054151224364106,0.03926054033115256,0.13822697178824728
GSE32646,GSE25055,734,0.12158267457180516,0.12878252392455888,-0.006370670288359609,-0.003920385349043765
GSE32646,GSE25055,735,0.07878428270042193,0.11550365915152355,0.027234631236809775,0.10477042973175649
GSE32646,GSE25055,736,0.09504804138950473,0.11612905206252011,0.012756215065979432,0.055090592283326745
GSE32646,GSE25055,737,0.12200536103199866,0.09172177817330077,-0.0013863301354094248,0.014199355281584669
GSE32646,GSE25055,738,0.054805817963712866,0.09011751348988256,0.009875293697144405,0.05058271975291495
GSE32646,GSE25055,739,0.050934507259808415,0.12032014189098833,0.009096791208815513,0.05484677227559015
GSE32646,GSE25055,740,0.0455090718248613,0.02628834784756423,0.016215796959685475,0.0674443130164849
GSE32646,GSE25055,741,0.04693615872587387,0.09562724856845845,0.01612000597455726,0.09020950750464113
GSE32646,GSE25055,742,0.06730608142067351,0.14478374720208442,-0.0004891980011186292,0.023427618324810495
GSE32646,GSE25055,743,0.04931176387115088,0.1128527824689301,0.018467656208911443,0.08679022099744416
GSE32646,GSE25055,744,0.06055768412090223,0.03495116928565867,0.014200871821397176,0.0920621585088775
GSE32646,GSE25055,745,0.06335282651072127,0.0936266609100117,0.010644673671318328,0.05353382158304393
GSE32646,GSE25055,746,0.07446808510638292,0.13693712856084528,0.022996611643457537,0.10851158706282277
GSE32646,GSE25055,747,0.05484757621189407,0.11121044442841088,0.04048957054899038,0.12852859808201844
GSE32646,GSE25055,748,0.07009232264334297,0.07872300182076716,-0.004630193443645292,0.030756003876810656
GSE32646,GSE25055,749,0.07392996108949423,0.087227070407563,-0.0029344077062983115,0.0034881170140095286
GSE32646,GSE25055,750,0.05388817936710666,0.06431735131907446,0.017997090357631473,0.09382422080118474
GSE32646,GSE25055,751,0.06402390438247019,0.11626886567208067,0.006389868484163869,0.026808321459568796
GSE32646,GSE25055,752,0.10540931223371908,0.10078394044252667,0.006827514395723294,0.04802993074690276
GSE32646,GSE25055,753,0.09771174863387977,0.11833152925003537,0.014062399318152063,0.06461824864089116
GSE32646,GSE25055,754,0.07925724637681153,0.1227961833054611,0.0037540755097819345,0.015184904204808614
GSE32646,GSE25055,755,0.06856075763638791,0.0863607977822235,0.019609257054178958,0.11561647996742147
GSE32646,GSE25055,756,0.06856846473029043,0.12066153817558439,0.021510597026215467,0.07466424693581225
GSE32646,GSE25055,757,0.03948007774538376,0.12833121320456964,0.011095346562638275,0.051184152242318426
GSE32646,GSE25055,758,0.0787450980392157,0.0780565518228375,0.004536379551278724,0.04366481992947607
GSE32646,GSE25055,759,0.028381374722838304,0.04736985314513559,0.012306368549985763,0.08477876677278667
GSE32646,GSE25055,760,0.06002041076667941,0.06549368346922507,0.02231794946258983,0.1248815241191703
GSE32646,GSE25055,761,0.032274590163934413,0.07082311030816674,0.02521637247570352,0.10325262801344182
GSE32646,GSE25055,762,0.0643647569687632,0.17146106118204973,0.017767133709934407,0.08727581874614626
GSE32646,GSE25055,763,0.0737547892720305,0.10106883335365013,0.012252906091861027,0.06842146862253418
GSE32646,GSE25055,764,0.05785205696202533,0.1066332256074145,0.02426864720502217,0.09793167897917915
GSE32646,GSE25055,765,0.044849360925136916,0.09604847043059384,0.017589237267353258,0.061377519288075555
GSE32646,GSE25055,766,0.043768221574344124,0.09160805305104647,0.0162775779295527,0.06661023542164385
GSE32646,GSE25055,767,0.03772475795297381,0.05958431386430141,0.02396391661117181,0.10221444298022359
GSE32646,GSE25055,768,0.07543731778425655,0.11507909786486686,0.014131383436842587,0.05436936680867849
GSE32646,GSE25055,769,0.033475783475783505,0.05123724332402285,0.010229157382812576,0.06946783303899962
GSE32646,GSE25055,770,0.07156673114119938,0.11462361168260804,0.026811307610285967,0.11247190783717942
GSE32646,GSE25055,771,0.07684426229508201,0.11922941348769517,0.01645530899466105,0.07073281251553531
GSE32646,GSE25055,772,0.06866819950477532,0.11357931942070645,-0.009432171111107945,0.003839574332445417
GSE32646,GSE25055,773,0.09317060157396284,0.10300891562652237,0.015085108523821333,0.09411964422675351
GSE32646,GSE25055,774,0.05427450980392157,0.08374663462137522,0.007898844752623008,0.04695636135772929
GSE32646,GSE25055,775,0.06402160681679836,0.09173603673191927,0.01750320818186546,0.07240477289458286
GSE32646,GSE25055,776,0.046066646378575715,0.07724267356083592,0.008531498226962975,0.058816756402787995
GSE32646,GSE25055,777,0.15369168983626813,0.2273809675696175,0.0026132159863626048,0.014562350211181352
GSE32646,GSE25055,778,0.06462151394422311,0.1096855773871594,0.007878036070437688,0.039747398010296864
GSE32646,GSE25055,779,0.1031649421789409,0.11101558948735196,0.005095152170050132,0.05299540093752442
GSE32646,GSE25055,780,0.09188149547847224,0.1146496021074963,0.01956234947161345,0.08765591809631951
GSE32646,GSE25055,781,0.06215819661197819,0.08955113712714918,0.022123604672236757,0.09475402006238831
GSE32646,GSE25055,782,0.058923569427771105,0.14449831004650165,0.03261204298810649,0.10871941788706396
GSE32646,GSE25055,783,0.07259808464627737,0.10736270797182856,0.008491396173034182,0.04866657662978535
GSE32646,GSE25055,784,0.04922999242615511,0.0993345610881129,0.028849831010104687,0.14075818231925513
GSE32646,GSE25055,785,0.017784256559766676,0.05969013226458353,0.024206750500959814,0.0752633477326955
GSE32646,GSE25055,786,0.09911308203991132,0.0996700036424838,0.014484152795658789,0.06648246964745153
GSE32646,GSE25055,787,0.05498039215686279,0.10071902321585219,0.0053991870378996,0.03426453318606826
GSE32646,GSE25055,788,0.07868852459016396,0.14315915428945708,0.019891489446336147,0.09917190685765609
GSE32646,GSE25055,789,0.06942670639988657,0.09902668647236862,0.021105889556855356,0.07569399041777569
GSE32646,GSE25055,790,0.11164790018259263,0.1264522255273571,-0.00027850564576620274,0.04040679567932637
GSE32646,GSE25055,791,0.08896700919415901,0.11452600229770687,-0.0011391654390396216,-0.0034293391830874653
GSE32646,GSE25055,792,0.06109110310790977,0.11308944301842389,0.024704254848046253,0.10886699076241857
GSE32646,GSE25055,793,0.06504065040650409,0.11852417499759582,0.008262621822178434,0.0362206037883015
GSE32646,GSE25055,794,0.07159362549800807,0.13000184885425436,0.00721101873593491,0.030559786572643688
GSE32646,GSE25055,795,0.08908810757809216,0.18419450336285498,0.015491336181260057,0.06409774663870299
GSE32646,GSE25055,796,0.06496007844235885,0.055277149873336984,0.01626416879067319,0.0785087992664098
GSE32646,GSE25055,797,0.07421637248934876,0.12680049683632955,0.010260042250579748,0.041972997568059
GSE32646,GSE25055,798,0.07022579410639096,0.09412161072522035,0.03341632244630144,0.12455645512879293
GSE32646,GSE25055,799,0.0724246513720197,0.14729354652968324,0.016695311857356482,0.06570917992473158
GSE32646,GSE25055,800,0.09619364375461947,0.09993028546333854,0.010459354676867677,0.05759654418827853
GSE32646,GSE25055,801,0.061100131752305664,0.09855250820288863,0.0025548061433986746,0.02589252427411387
GSE32646,GSE25055,802,0.053212851405622486,0.09263395877818464,0.00781267415695977,0.039416384269697124
GSE32646,GSE25055,803,0.07142857142857129,0.12292169018478633,0.005849952881589959,0.03260746739484233
GSE32646,GSE25055,804,0.07201004260499089,0.09994411057314184,9.394035910809118e-05,0.04772664493518347
GSE32646,GSE25055,805,0.03733607359561564,0.11352035967059088,-0.0072092312909365075,-0.0029648834766190513
GSE32646,GSE25055,806,0.0634548611111111,0.06924802957906273,-0.0022576691899672263,0.006402728490682186
GSE32646,GSE25055,807,0.05561620572537607,0.07475967973790537,0.043077938939604626,0.14878967796450548
GSE32646,GSE25055,808,0.08082773257870546,0.1877680190706607,-0.006797007928713836,-0.007930043700821232
GSE32646,GSE25055,809,0.029183955739972345,0.06979003785655447,0.030356620833434572,0.09870801749108415
GSE32646,GSE25055,810,0.044238683127572065,0.0670956456605642,0.016640723754057785,0.0815764006592497
GSE32646,GSE25055,811,0.03785591026747215,0.07928215424097806,0.01752187599201191,0.07631827179580586
GSE32646,GSE25055,812,0.07977307746182938,0.11411868326969132,0.012330016036030261,0.08021115023718667
GSE32646,GSE25055,813,0.08776488055068155,0.1303478648369435,0.017496046351469147,0.09833951197193708
GSE32646,GSE25055,814,0.054810495626822275,0.12242396956534501,0.01186509360714208,0.05629235339722383
GSE32646,GSE25055,815,0.058751874062968557,0.12350988469207574,0.03923414400896158,0.15096562226712834
GSE32646,GSE25055,816,0.051407472860388825,0.09727050225796113,0.03416126852292792,0.1280825856738977
GSE32646,GSE25055,817,0.082779009608278,0.1349607828772047,0.01573875267346425,0.07226743656165346
GSE32646,GSE25055,818,0.029083980442910717,0.06511533940398517,0.02436912212469647,0.10092031983920607
GSE32646,GSE25055,819,0.08292682926829253,0.1513316789903632,0.01058534326230176,0.047735725319203615
GSE32646,GSE25055,820,0.08180417425409714,0.14148314432131504,0.025006276274438632,0.09461780765796873
GSE32646,GSE25055,821,0.044059766763848374,0.08954030280353875,0.0196492520294671,0.07743895437715403
GSE32646,GSE25055,822,0.0687067773167358,0.11644807357737147,0.021424671491534514,0.07792182633508282
GSE32646,GSE25055,823,0.05909030278778182,0.10493836813833712,0.028998553976512687,0.10872158079223421
GSE32646,GSE25055,824,0.11590943169890544,0.13836112517295218,0.003129899963352639,0.028843968544207232
GSE32646,GSE25055,825,0.05662208800690249,0.0724918751546963,0.012419536257733205,0.06324785111718256
GSE32646,GSE25055,826,0.07549611734253658,0.10651324893304892,0.014554689805178989,0.06281859414094082
GSE32646,GSE25055,827,0.10408022130013828,0.10867178761000118,0.010447276996260718,0.05331480131139327
GSE32646,GSE25055,828,0.056941176470588384,0.12106614548163414,0.009164549271885536,0.03811901699714049
GSE32646,GSE25055,829,0.0375000000000002,0.09234875359162353,0.023841831615771414,0.09179375955316815
GSE32646,GSE25055,830,0.07119344446000841,0.12177925452758187,0.01872343597058601,0.0939908060138645
GSE32646,GSE25055,831,0.06596922634454994,0.12128629386298151,0.01890707695446961,0.07969465692959515
GSE32646,GSE25055,832,0.07558670143415913,0.1810689773816606,0.02982003761230767,0.1008197523993451
GSE32646,GSE25055,833,0.04141651031894944,0.10947076313538107,0.00015997325513926464,0.001850316976377775
GSE32646,GSE25055,834,0.07680310407790625,0.11685561806097539,0.01160601845584966,0.04894805100921967
GSE32646,GSE25055,835,0.07649726557289582,0.10462770272072758,0.017640055997882986,0.0977550963419404
GSE32646,GSE25055,836,0.060679970436067876,0.08894987515452962,0.01757018028698476,0.07245787120164415
GSE32646,GSE25055,837,0.10765306122448981,0.14252411276599403,0.004537632844802131,0.03934705086940643
GSE32646,GSE25055,838,0.05870901639344239,0.12870668597197032,0.0218565236437141,0.09350426369603593
GSE32646,GSE25055,839,0.07612812911725952,0.13133434366093766,0.004395603802432979,0.012596024661132632
GSE32646,GSE25055,840,0.06047914223488038,0.11335243426981723,0.009046438947519303,0.02601236107352034
GSE32646,GSE25055,841,0.08471690080885474,0.11469447397942695,0.01662478100109782,0.0637682522617316
GSE32646,GSE25055,842,0.08145171578007393,0.1319214252273016,0.02554841658688739,0.10108028582520134
GSE32646,GSE25055,843,0.07129842083951954,0.09615016871742593,0.023547106654701583,0.11056399109407711
GSE32646,GSE25055,844,0.05698417528910538,0.08048150697653955,0.00893961280452596,0.05307249905825984
GSE32646,GSE25055,845,0.048617547111522774,0.10809589661396318,0.009736918831525637,0.053679000888912864
GSE32646,GSE25055,846,0.03321337531863855,0.08473923883499418,0.016261836931932533,0.08014644084957112
GSE32646,GSE25055,847,0.07037431527693239,0.11597505714367468,0.011009333192673443,0.046877925337840964
GSE32646,GSE25055,848,0.10235003092145956,0.10941244210766016,0.02597422380985978,0.11157081440485028
GSE32646,GSE25055,849,0.04093780369290578,0.15016266422437807,0.01182618315270953,0.03477561298685128
GSE32646,GSE25055,850,0.10094752186588918,0.15218415881525332,0.010600173551221614,0.05006708007694294
GSE32646,GSE25055,851,0.10798565840938723,0.20680105831983286,0.03108948994639274,0.10195389601371968
GSE32646,GSE25055,852,0.026053381316539226,0.12653384346289154,0.01881837935258615,0.06440328546708485
GSE32646,GSE25055,853,0.04126174279235506,0.03405471295623508,0.004786760254711392,0.03364710788202979
GSE32646,GSE25055,854,0.004603580562659859,0.04542014729936328,0.005575239907588403,0.0427049532392465
GSE32646,GSE25055,855,0.05809155383623443,0.10330728580038645,0.02825823839034064,0.12048609610505101
GSE32646,GSE25055,856,0.07815686274509803,0.08447079299177734,0.0034227080311572677,0.03553335651741457
GSE32646,GSE25055,857,0.037645042194092704,0.08413169768533474,0.03324603834375792,0.11022472975806463
GSE32646,GSE25055,858,0.062211791831357055,0.06710584689182159,0.005296768215589137,0.02825908381810871
GSE32646,GSE25055,859,0.04367106570171719,0.07148463788809278,0.0249852173108962,0.0916573548147196
GSE32646,GSE25055,860,0.030450849963045035,0.09150401909820405,0.008972761902008602,0.06453419563919421
GSE32646,GSE25055,861,0.05160784313725508,0.10475227082070859,0.00509766950321297,0.03974883344821084
GSE32646,GSE25055,862,0.05575627679118178,0.08271438344601328,0.0349937536211159,0.1339352078591849
GSE32646,GSE25055,863,0.05739795918367341,0.0555699882228784,0.01794987926365632,0.07209538922506192
GSE32646,GSE25055,864,0.086351186853317,0.08975875732250005,0.004885752320610309,0.052406203082934255
GSE32646,GSE25055,865,0.04185848252344415,0.03694754303505507,0.004291677250579967,0.030849738655463532
GSE32646,GSE25055,866,0.07827463700957682,0.09698317150315033,0.008576727199217538,0.05081065370185145
GSE32646,GSE25055,867,0.07347428400059963,0.16656442169065905,0.006685512367371166,0.037138752714918566
GSE32646,GSE25055,868,0.06938950421940926,0.09636512964623001,0.024674767734267633,0.09536213479334399
GSE32646,GSE25055,869,0.04661558109833974,0.07472610858708612,0.020249269253842017,0.0908338108734873
GSE32646,GSE25055,870,0.05530722293174395,0.07044933288830019,0.01738099314261171,0.07627879866780052
GSE32646,GSE25055,871,0.04072439786725501,0.07721847791909275,-0.00011292171644484983,0.0017418274137980805
GSE32646,GSE25055,872,0.08498073379125481,0.10221471991510056,0.0006261787999625734,0.019067418922571966
GSE32646,GSE25055,873,0.07632297958009782,0.16278346700794105,0.01384259082574213,0.05124815749093892
GSE32646,GSE25055,874,0.09325490196078423,0.17003394239648034,0.00635242110898479,0.017401539595708282
GSE32646,GSE25055,875,0.03296413502109696,0.09515572556716245,0.03213411059662705,0.1120602073078163
GSE32646,GSE25055,876,0.03771701388888893,0.09118954006848207,0.0059650789373690005,0.017792867735091367
GSE32646,GSE25055,877,0.047652147049737414,0.043329798986664725,0.010601152679526465,0.04265823004853331
GSE32646,GSE25055,878,0.038191226444238224,0.068364031084382,0.004138225710614535,0.04781921124786309
GSE32646,GSE25055,879,0.04450899550224896,0.0863470194175876,0.04058927391203704,0.15636969873830892
GSE32646,GSE25055,880,0.05302120848339342,0.12477351198199138,0.03040980738132626,0.11129453051909971
GSE32646,GSE25055,881,0.0550147079422888,0.1387714822210423,0.019289266114474124,0.07694936700381882
GSE32646,GSE25055,882,0.07296728215095549,0.10267927535575555,-0.00253538543301024,0.010648491394616322
GSE32646,GSE25055,883,0.0752434570906878,0.12262013194890364,0.015096242641208124,0.05081192264749551
GSE32646,GSE25055,884,0.02060824329731903,0.04656288466574687,0.027940848014476938,0.12372733668702124
GSE32646,GSE25055,885,0.05639358747790968,0.09334926158306905,0.029141161804684762,0.12873428377739432
GSE32646,GSE25055,886,0.025246149962130593,0.05916733789161055,0.03605222765121674,0.13607157921947016
GSE32646,GSE25055,887,0.034302228178924254,0.18047054535382667,0.006506603881602943,0.019250863739517177
GSE32646,GSE25055,888,0.07857249962513135,0.11926067985321315,0.01044738496071923,0.05332449540419426
GSE32646,GSE25055,889,0.0340594744121715,0.07905262505378907,0.0331369999917992,0.12089705285016805
GSE32646,GSE25055,890,0.07968460111317255,0.09476931310226289,0.03382488233760819,0.13149783356328276
GSE32646,GSE25055,891,0.038898475697440316,0.05244722108735467,0.024211999007555413,0.08711536353435645
GSE32646,GSE25055,892,0.027395075902538757,0.04425623195966272,0.03185460484422131,0.13056495369920207
GSE32646,GSE25055,893,0.0907243163340723,0.10380676895024193,0.015782771097601622,0.06886433624313798
GSE32646,GSE25055,894,0.06357315169575695,0.1641106306964754,0.019390332318350967,0.07648356350848456
GSE32646,GSE25055,895,0.06602641056422576,0.10484541688492272,0.024295657631881518,0.09700704009996286
GSE32646,GSE25055,896,0.06106612685560053,0.12407959846442179,0.012741906643666534,0.06139132731698366
GSE32646,GSE25055,897,0.08466371027346631,0.13148478743666925,0.010976117915083267,0.04614427385399977
GSE32646,GSE25055,898,0.06316715186802524,0.11162053378151604,0.030549905201432276,0.12912163549793876
GSE32646,GSE25055,899,0.04861687413554627,0.06508993085689646,0.02506144980330019,0.09284261720655496
GSE32646,GSE25055,900,0.06404286770140422,0.13821813670639277,0.01600820532711089,0.06578046872129673
GSE32646,GSE25055,901,0.05936183997408473,0.10784505583374016,0.009603687250718917,0.04363452871835677
GSE32646,GSE25055,902,0.0562005928853756,0.123777166271615,0.005102949951345789,0.02103328778646596
GSE32646,GSE25055,903,0.09493797519007618,0.15503625147819378,0.021590803345000548,0.0972286668213817
GSE32646,GSE25055,904,0.05996085841544074,0.09382929044570493,0.025983950041040565,0.10239431258945403
GSE32646,GSE25055,905,0.07600461133069825,0.06869383989222261,0.005375062183525847,0.03741038903517252
GSE32646,GSE25055,906,0.06390951113601351,0.10546854304301917,0.01652520310918984,0.08007856819700615
GSE32646,GSE25055,907,0.08989310009718177,0.15307928614861516,0.003405107762054077,0.01615582719923636
GSE32646,GSE25055,908,0.05994897959183665,0.12084669308699003,0.02497419456946448,0.08433134320181729
GSE32646,GSE25055,909,0.09037900874635585,0.11373816156846134,0.014904751702918412,0.0712860440810667
GSE32646,GSE25055,910,0.11058959156785242,0.17980989719970186,-0.00205834991062373,0.0008140827324445432
GSE32646,GSE25055,911,0.0705490196078431,0.036177455780477374,0.009729407152705816,0.056644803822541945
GSE32646,GSE25055,912,0.06077068430287491,0.1352125625137216,0.02790965982782892,0.10151422860210713
GSE32646,GSE25055,913,0.03431566455696189,0.09337005001489895,0.028319141578121154,0.12503518716009238
GSE32646,GSE25055,914,0.09099208764455247,0.14059227459528112,0.013566109858354186,0.05474285773298104
GSE32646,GSE25055,915,0.03620019436345967,0.054491034974899544,0.013893045665147569,0.055273991466614436
GSE32646,GSE25055,916,0.06431535269709521,0.10802833389365002,0.024272604853738944,0.09019610673334516
GSE32646,GSE25055,917,0.04666379062410131,0.1358236596829439,0.02043623504470654,0.07588240351651682
GSE32646,GSE25055,918,0.05949161709031903,0.09158200393572752,0.0011707162901922336,0.020880493803185574
GSE32646,GSE25055,919,0.09065040650406508,0.17604531068692753,0.009995940805547499,0.03864649990494762
GSE32646,GSE25055,920,0.07284985422740531,0.07728364472564425,0.010850519774263157,0.05747439945076699
GSE32646,GSE25055,921,0.08533886583679118,0.1375957852750307,0.01687703239317495,0.08072693899211864
GSE32646,GSE25055,922,0.05119764672923377,0.10120950809686902,0.021438783511963266,0.08232813151625379
GSE32646,GSE25055,923,0.052181736392262645,0.10485823040812864,0.018617900894458916,0.08105053853916766
GSE32646,GSE25055,924,0.07235294117647062,0.07707922054218028,0.00682568260411387,0.05180619074186871
GSE32646,GSE25055,925,0.0660039113428943,0.1334481580564813,0.030146532519080255,0.10795058810780739
GSE32646,GSE25055,926,0.07953165069510038,0.11776773025099274,0.021010960014684776,0.0703953368718111
GSE32646,GSE25055,927,0.06327785275153697,0.15112670946670426,0.01542860302121718,0.055735278691540824
GSE32646,GSE25055,928,0.09030612244897962,0.11275699585323629,0.015847354883902626,0.06315682026367486
GSE32646,GSE25055,929,0.06621712179594563,0.09895827029060456,0.0022654839757508816,0.022855242188975222
GSE32646,GSE25055,930,0.07815878900216244,0.12592515923076164,0.006882798004102131,0.034554482754228955
GSE32646,GSE25055,931,0.0676215156184341,0.11263199284259773,0.011339679561717109,0.05654815332623636
GSE32646,GSE25055,932,0.028498542274052352,-0.011002940010365836,0.02530374129372212,0.08665666745009376
GSE32646,GSE25055,933,0.07026279391424628,0.12251480171692919,0.022228872182212395,0.085421299129053
GSE32646,GSE25055,934,0.054621848739495826,0.10222277152214215,0.028312476752354404,0.10318383882195126
GSE32646,GSE25055,935,0.03688524590163922,0.06677122540007369,0.01982737368018958,0.08035697717998663
GSE32646,GSE25055,936,0.07551054018445313,0.12781426953616898,0.0069980173859673644,0.038509342634429455
GSE32646,GSE25055,937,0.07512933657942789,0.11043120157141367,0.005312194708481127,0.047994494830232326
GSE32646,GSE25055,938,0.05348360655737705,0.0620316127813656,0.019131855876317605,0.09736875690345526
GSE32646,GSE25055,939,0.05364705882352927,0.13474786891237217,0.010581359211073615,0.044112032084212494
GSE32646,GSE25055,940,0.08368837492391978,0.11715939608335968,0.004364934399536946,0.03987201271339946
GSE32646,GSE25055,941,0.0922266139657445,0.17223317341465866,0.0022078186867938165,0.025506298051338472
GSE32646,GSE25055,942,0.04404008438818563,0.131885941079103,0.02825040351481467,0.11094909502823763
GSE32646,GSE25055,943,0.06884057971014501,0.1770113331921785,0.002138951335528147,0.0076203695832396945
GSE32646,GSE25055,944,0.03627450980392155,0.047955010965641365,0.00837041229923785,0.05900228392230916
GSE32646,GSE25055,945,0.04294635544635539,0.05031168241514433,-0.005255050555396962,-0.01815389689286373
GSE32646,GSE25055,946,0.1005021056041463,0.15158907471095812,0.000253648187568456,0.007680252464018933
GSE32646,GSE25055,947,0.05632411067193688,0.09861842601500231,0.004680109333450311,0.03152854697026142
GSE32646,GSE25055,948,0.058007968127490095,0.09369171667300075,0.005245902739667713,0.02895312179498044
GSE32646,GSE25055,949,0.056189488243430286,0.09407420461357108,0.028952129886807038,0.09458784236330636
GSE32646,GSE25055,950,0.07808573540280872,0.06788520307900542,0.005524026183645392,0.056580295325826035
GSE32646,GSE25055,951,0.03785936023754888,0.08750718251999423,0.03344366514349206,0.1088974639775227
GSE32646,GSE25055,952,0.06380266906582688,0.08430879072900255,0.015069326101902064,0.06389858235390661
GSE32646,GSE25055,953,0.054780876494023856,0.10648561976730325,0.009070040218754072,0.03890906696114632
GSE32646,GSE25055,954,0.057027724049000694,0.07553177655862275,0.026617794851064108,0.12249633342146277
GSE32646,GSE25055,955,0.06517980636237897,0.16714570214272972,0.02040370547788453,0.08859796781204493
GSE32646,GSE25055,956,0.07855191256830607,0.1185531908338483,0.02144544000671933,0.09728458826185349
GSE32646,GSE25055,957,0.07748366560562903,0.11936749454044143,-0.004032341027035757,-0.002154109079500477
GSE32646,GSE25055,958,0.06948207171314746,0.11761406887443826,0.011207194887231403,0.04769876991723476
GSE32646,GSE25055,959,0.04012202656780972,0.12366153870956376,0.0167568130166805,0.05692406773228226
GSE32646,GSE25055,960,0.054815573770492065,0.12242550674215513,0.026365782950830002,0.09494702306267061
GSE32646,GSE25055,961,0.027669051154001867,0.09140586134007178,0.027566017472027082,0.11439183524481311
GSE32646,GSE25055,962,0.06991693037974678,0.09395849894727526,0.018240497233599967,0.09020341934591153
GSE32646,GSE25055,963,0.07988047808764953,0.10676611794270474,0.007539476171979531,0.036250263847553144
GSE32646,GSE25055,964,0.11911920764060824,0.1336632368527284,-0.0073393227822380475,-0.007238633401816741
GSE32646,GSE25055,965,0.04873339511893715,0.10732596451091014,0.012125488328490724,0.056614990377258034
GSE32646,GSE25055,966,0.06306784660766962,0.11379764564436967,0.03162982239292281,0.14926289826321004
GSE32646,GSE25055,967,0.06752049180327857,0.09853943918138108,0.023943735145425166,0.10417368122136705
GSE32646,GSE25055,968,0.07276482021379982,0.1274024196829066,0.00464388447934716,0.030279808578063894
GSE32646,GSE25055,969,0.11932073774179053,0.1980765629468592,6.719516855099861e-05,0.01584161068731571
GSE32646,GSE25055,970,0.07134562841530045,0.12396229596699032,0.015053292025422521,0.07057955448145925
GSE32646,GSE25055,971,0.048695456590193475,0.045129138893540144,0.010804810350419719,0.05806703224518106
GSE32646,GSE25055,972,0.09063367836404945,0.10436848404797305,0.03434125510884295,0.147719841996791
GSE32646,GSE25055,973,0.05204081632653046,0.15056625734874318,0.009996470237457922,0.05355696083942263
GSE32646,GSE25055,974,0.09401064135749204,0.15402483001134015,0.008420164557639581,0.04606099102165562
GSE32646,GSE25055,975,0.04664518840173704,0.0899719312728291,0.02222445043353702,0.09208904428570153
GSE32646,GSE25055,976,0.07682926829268288,0.14013473831223044,0.00930493376725025,0.05060833847434515
GSE32646,GSE25055,977,0.05636540330417872,0.1195982027308728,0.00030016827893666886,0.011526819461214644
GSE32646,GSE25055,978,0.05976110772976262,0.06537934372644111,0.01603223816182983,0.05606321346731813
GSE32646,GSE25055,979,0.1010595222027264,0.20545424573541676,0.020955599764661742,0.05682472141917466
GSE32646,GSE25055,980,0.050853674803254645,0.09409599005546398,0.025093607508689886,0.10409422174012944
GSE32646,GSE25055,981,0.04490368669473155,0.08643058402857406,0.035998684161299366,0.13402121112917864
GSE32646,GSE25055,982,0.09082483781278972,0.10356401036056112,0.003822481514648479,0.02936590099669789
GSE32646,GSE25055,983,0.07551594746716705,0.10759444615732217,-0.008092059224466014,-0.01569350491732391
GSE32646,GSE25055,984,0.07229437229437241,0.15572557720379687,0.034425111706265416,0.1315853239873842
GSE32646,GSE25055,985,0.0783514492753623,0.1183256332036895,-0.0006359847537058538,0.018380630299986156
GSE32646,GSE25055,986,0.05600539811066141,0.10114323318171559,0.012025422140560293,0.059343146212473274
GSE32646,GSE25055,987,0.027871507625860437,0.03330221168191355,0.03367943610132887,0.12381697356449844
GSE32646,GSE25055,988,0.04242754230189294,0.049844009065752426,-0.004558811773688581,-0.0007111699533512428
GSE32646,GSE25055,989,0.0560803718698456,0.11003424065655537,0.012574425067942346,0.06982707727102128
GSE32646,GSE25055,990,0.06654901960784321,0.11739605475089832,0.009490197705210646,0.05150158879015543
GSE32646,GSE25055,991,0.06640063272936436,0.11208933527779152,0.012654452300970287,0.06788917166227781
GSE32646,GSE25055,992,0.059645232815964566,0.11519418186277736,0.014604148041177045,0.06344926863694134
GSE32646,GSE25055,993,0.09909018987341767,0.17562033658811727,0.02197091794407935,0.0906520940166412
GSE32646,GSE25055,994,0.06805435720448672,0.07103538606226384,0.00854638649816103,0.05955961428025941
GSE32646,GSE25055,995,0.07575136612021849,0.1197568633067681,0.01852376815598661,0.09145026746585594
GSE32646,GSE25055,996,0.07306255835667597,0.10873046250033214,0.02450760342825828,0.11493260257188731
GSE32646,GSE25055,997,0.11596209912536448,0.1540165278521729,0.012867380763795733,0.06239213286012302
GSE32646,GSE25055,998,0.02818521714121358,0.08122030043169709,0.02195543388266344,0.09622791539332493
GSE32646,GSE25055,999,0.08781645569620233,0.09934831340148392,0.01975717146729236,0.10029691101600785
GSE32646,GSE25055,1000,0.0423378624457208,0.1115306254364693,0.028983667924853268,0.09587436934688259
GSE32646,GSE25055,1001,0.08513097072419107,0.10457625662239839,0.017305312840047743,0.08175625463815939
GSE32646,GSE25055,1002,0.08734939759036153,0.0634957722193514,0.00718483180903251,0.06614187786524428
GSE32646,GSE25055,1003,0.06622793670115645,0.10836233564740366,0.015044063504902977,0.06832321383610723
GSE32646,GSE25055,1004,0.03097062579821208,0.01856706173405248,0.021865318415375284,0.09634305683933092
GSE32646,GSE25055,1005,0.06050474547023288,0.12199109328275515,0.015566359266551144,0.06909120318543277
GSE32646,GSE25055,1006,0.034668721109399225,0.08205973160814206,0.02409429091145507,0.11123193110943036
GSE32646,GSE25055,1007,0.030000000000000138,0.06427416109892792,0.005176658119469241,0.03409439260794611
GSE32646,GSE25055,1008,0.048049669321096,0.09906590271746024,0.028760308406753976,0.10133838112036919
GSE32646,GSE25055,1009,0.06843426658551421,0.15539585978371423,0.015070216762380684,0.054183599468740906
GSE32646,GSE25055,1010,0.06606990622335884,0.09031247321346042,-0.0104342383584973,-0.006959615305856814
GSE32646,GSE25055,1011,0.0524020694752404,0.12252673578673001,0.010988212678762321,0.05441694329565572
GSE32646,GSE25055,1012,0.06830109461688405,0.09370112541691572,0.009452615560551603,0.056331008174239916
GSE32646,GSE25055,1013,0.07823511770880198,0.15355032936549234,0.01056295518266831,0.055002413803060424
GSE32646,GSE25055,1014,0.05527174684262803,0.102620216768258,0.017324105337097107,0.06772196873274144
GSE32646,GSE25055,1015,0.08275812482024736,0.12815520931089586,0.009514966354445514,0.07760163266901637
GSE32646,GSE25055,1016,0.05122950819672123,0.08416163981064179,0.015874512303019978,0.09070623793009641
GSE32646,GSE25055,1017,0.051232665639445396,0.11994885391848209,0.018771560479745153,0.06969890793684708
GSE32646,GSE25055,1018,0.0455654101995564,0.0831414569703337,0.021246886960708422,0.09129495499607676
GSE32646,GSE25055,1019,0.0727243278263685,0.15775021944988293,0.00892013827583825,0.03715093843047845
GSE32646,GSE25055,1020,0.050120048019207775,0.1141574563746553,0.02912999059132826,0.10009462938514724
GSE32646,GSE25055,1021,0.05685258964143436,0.0944109443515519,0.0017676744801883582,0.028469325289429415
GSE32646,GSE25055,1022,0.04159836065573752,0.09125107957127787,0.02374039551011639,0.09853567090207566
GSE32646,GSE25055,1023,0.05352020860495432,0.14855605394350868,0.027112425553253577,0.12134687522962517
GSE32646,GSE25055,1024,0.050119521912350584,0.05626442868359577,0.011241971234293907,0.048725291864907094
GSE32646,GSE25055,1025,0.047856614929785546,0.14068567207779936,0.019888355533079327,0.061588557517566034
GSE32646,GSE25055,1026,0.04311724689875951,0.09480915536478451,0.029163350394434434,0.12854124732163197
GSE32646,GSE25055,1027,0.06006208665136992,0.1045748106004376,0.026508200131473703,0.10439231619410172
GSE32646,GSE25055,1028,0.04123556755135693,0.08328410721129836,0.019116698567752416,0.08018861113201675
GSE32646,GSE25055,1029,0.06629482071713144,0.0635971575366619,0.008505824172795773,0.03325961496217289
GSE32646,GSE25055,1030,0.04761410788381737,0.10945521630415073,0.03016393959926117,0.0961597671417595
GSE32646,GSE25055,1031,0.05513673318551382,0.0909850102573963,0.014080177250611337,0.0584859134840669
GSE32646,GSE25055,1032,0.10078125000000004,0.19421714471515306,0.0015011314240370999,0.00973791195610868
GSE32646,GSE25055,1033,0.08079898626117121,0.08651664319937474,0.02099457583912795,0.09710022049490413
GSE32646,GSE25055,1034,0.08187560738581146,0.08662049697489727,-0.0006594171349038336,0.022776936743710063
GSE32646,GSE25055,1035,0.07925724637681153,0.13538728339881928,0.010881862465087808,0.03222346661433012
GSE32646,GSE25055,1036,0.09358530961791822,0.13633541212496186,0.004398796410818306,0.017053374323921622
GSE32646,GSE25055,1037,0.06800278035217777,0.10768363244689505,0.009437411713168642,0.05271813487428062
GSE32646,GSE25055,1038,0.06382553021208481,0.11287850174853964,0.027983156121687697,0.11163199155956971
GSE32646,GSE25055,1039,0.03888221955448834,0.10782925128268617,0.032003536366283086,0.11551625244256425
GSE32646,GSE25055,1040,0.0883746355685131,0.13129618338448418,0.0067188014518667905,0.030486922497651336
GSE32646,GSE25055,1041,0.061952191235059795,0.07670500735894131,0.0021610296699465237,0.018488624983528046
GSE32646,GSE25055,1042,0.06079282812718878,0.14249778782557904,0.020620761220285305,0.07389225793902404
GSE32646,GSE25055,1043,0.05475266033937298,0.08167738041129013,0.01786387662514105,0.07583652148635806
GSE32646,GSE25055,1044,0.0746274700356333,0.1471353575723342,0.006804416774199545,0.03403421923604144
GSE32646,GSE25055,1045,0.06991496828181942,0.12683841030579407,0.022135172247720658,0.08668708542886605
GSE32646,GSE25055,1046,0.044053789046084924,0.07778055110395643,0.02054059445643852,0.09323579887229438
GSE32646,GSE25055,1047,0.0677290836653387,0.16850191214689958,0.013038711269800995,0.026340478541515222
GSE32646,GSE25055,1048,0.05477408354646207,0.08240188409769672,0.0017297249734663511,0.023262669802905478
GSE32646,GSE25055,1049,0.055874208860759667,0.0818795053438488,0.023155478249356654,0.09220427525000302
GSE32646,GSE25055,1050,0.08039974210186995,0.08574147449682806,0.019344314113645733,0.11443981834062877
GSE32646,GSE25055,1051,0.02900061785603958,0.07150783672749705,0.01376524011147262,0.05574852924639456
GSE32646,GSE25055,1052,0.10588473478202187,0.15735179273614563,0.01854489059872766,0.08252645352723975
GSE32646,GSE25055,1053,0.08702623906705531,0.09521531732861571,0.015207468888766534,0.061810292577352044
GSE32646,GSE25055,1054,0.04778578097905828,0.12192448501105013,0.024630156937011982,0.10481210926869045
GSE32646,GSE25055,1055,0.08346121057118494,0.10514868001653965,-0.004693034181726757,0.021538942650717985
GSE32646,GSE25055,1056,0.04720610068835207,0.13283301979612627,0.02402988272250295,0.09698710526637117
GSE32646,GSE25055,1057,0.0691688236985909,0.12063371278725482,0.019536288966125664,0.07857366097242013
GSE32646,GSE25055,1058,0.06042274052478114,0.1439591588490179,0.016137101645215618,0.0710035630222921
GSE32646,GSE25055,1059,0.019351311953352712,0.055468651116219514,0.016619103613086467,0.08011619492689337
GSE32646,GSE25055,1060,0.06709163346613545,0.08537677963518386,0.004403362070956429,0.027964512637103034
GSE32646,GSE25055,1061,0.08972653362897265,0.1337177455344123,0.01701735823017414,0.06648549562162054
GSE32646,GSE25055,1062,0.0703665283540802,0.08086573434207661,0.01956979908919887,0.08947839966368498
GSE32646,GSE25055,1063,0.05207889882219374,0.07107606235824915,0.009719531811772014,0.057269542567493115
GSE32646,GSE25055,1064,0.10243741765480896,0.09235969520554024,0.005250252857751242,0.03445837455885259
GSE32646,GSE25055,1065,0.09518329070758746,0.13015881763575587,-0.0021941288864891495,-0.004642584381996828
GSE32646,GSE25055,1066,0.0947893569844791,0.17549976414844537,0.007166115531013401,0.031638482434701465
GSE32646,GSE25055,1067,0.04704360679970432,0.09393055507541642,0.010802037624647792,0.051683835056258176
GSE32646,GSE25055,1068,0.08149926637321592,0.15134640503446006,0.029708150001706318,0.0921008272055977
GSE32646,GSE25055,1069,0.03303769401330381,0.028502690595590963,0.00943809949260424,0.061180189761639914
GSE32646,GSE25055,1070,0.06589958158995834,0.12159596161853714,0.02329841747354444,0.10655041400973209
GSE32646,GSE25055,1071,0.05865302642796255,0.15295179194691622,0.0053979022676040045,0.020264982653196817
GSE32646,GSE25055,1072,0.05709251761883338,0.11871964278259806,0.015318365824044722,0.06373743678273341
GSE32646,GSE25055,1073,0.08064868804664727,0.2207031467790782,0.020006409117108964,0.06840895186498958
GSE32646,GSE25055,1074,0.0269097222222221,0.06112691156312777,0.008476917200782835,0.03395255162962335
GSE32646,GSE25055,1075,0.024307580174926957,0.0734510272255271,0.019039902524593172,0.08672612187124307
GSE32646,GSE25055,1076,0.08968957871396899,0.08425061167902867,0.005490708479482964,0.05187816590859723
GSE32646,GSE25055,1077,0.07747412269628906,0.15228477900749593,0.020520055210404425,0.10891823235891984
GSE32646,GSE25055,1078,0.08753501400560237,0.1118937140609802,0.02120153766603311,0.08558723403702939
GSE32646,GSE25055,1079,0.051336375488917896,0.10955255343151182,0.030807252819706837,0.11270138545600905
GSE32646,GSE25055,1080,0.048104956268221644,0.06963992982019168,0.005455522268928897,0.04113197560235243
GSE32646,GSE25055,1081,0.03609433419614627,0.09494376348432665,0.017136124927920132,0.0759932634371086
GSE32646,GSE25055,1082,0.057904114026562925,0.1808387939203822,0.0030142227304980895,0.025641485806848385
GSE32646,GSE25055,1083,0.07389669362849416,0.10911946263478117,0.02208294874096728,0.06892668003198721
GSE32646,GSE25055,1084,0.07390438247011977,0.11664263112872464,-0.002975995255174113,0.011603434604378349
GSE32646,GSE25055,1085,0.060841492833830224,0.06416108469353105,0.013866510719466763,0.08947301749765718
GSE32646,GSE25055,1086,0.043933054393305526,0.08406020526447644,0.026585477029606702,0.11362981936838173
GSE32646,GSE25055,1087,0.09839357429718876,0.07516757821782605,0.0031864704769377084,0.04155397195190874
GSE32646,GSE25055,1088,0.05051795090109279,0.09628191136064318,0.016824994748541988,0.060501528613502276
GSE32646,GSE25055,1089,0.0669211374142038,0.1463889591900011,0.022295764279998215,0.08462916225758027
GSE32646,GSE25055,1090,0.07083992616033741,0.10191763312755225,0.028780734290758975,0.12474037117224046
GSE32646,GSE25055,1091,0.06193643754619371,0.14188750071551648,0.01686915431563163,0.06138830394331474
GSE32646,GSE25055,1092,0.047922740524781404,0.10008863903384924,0.019386315222779865,0.07926643229254648
GSE32646,GSE25055,1093,0.07476092896174891,0.13703667901186012,0.024454651429108326,0.0891572697148863
GSE32646,GSE25055,1094,0.0600409836065573,0.16540927120943594,0.02423721493532674,0.0933312531686718
GSE32646,GSE25055,1095,0.06414690382081667,0.09876829015499342,-0.0016170783505836672,0.021112901557318597
GSE32646,GSE25055,1096,0.07486168741355448,0.1088142217278803,0.011950504554090718,0.07246731380498184
GSE32646,GSE25055,1097,0.05591597157862238,0.0996592645349062,0.012578439607902614,0.05517489285111832
GSE32646,GSE25055,1098,0.08640710382513661,0.13537490791281775,0.024363281470780818,0.09270875443808035
GSE32646,GSE25055,1099,0.04507822685788787,0.11546771723189903,0.03725589374505475,0.14522571560686043
GSE32646,GSE25055,1100,0.05505976095617526,0.11244520403093061,0.00701333742204277,0.038638047397450026
GSE32646,GSE25055,1101,0.04948132780082981,0.09169696789641518,0.014464580215630601,0.07351504682692062
GSE32646,GSE25055,1102,0.057324630801687815,0.06491939721468026,0.025857907802893904,0.09769379903531616
GSE32646,GSE25055,1103,0.051477798010926,0.10533786521849275,0.02195720212734864,0.08921462815406239
GSE32646,GSE25055,1104,0.06047717842323652,0.10527329152494991,0.023897357953149068,0.10631102708152335
GSE32646,GSE25055,1105,0.05768924302788847,0.05881589538692372,0.007822557584374112,0.048952479151822714
GSE32646,GSE25055,1106,0.054655870445344146,0.08649315739561314,0.018076960516117485,0.07038518866877352
GSE32646,GSE25055,1107,0.0459607843137253,0.08173671322493903,0.014871751677542733,0.05612492167234362
GSE32646,GSE25055,1108,0.029183955739972456,0.10052499087036054,0.029277107159024207,0.11035810721369405
GSE32646,GSE25055,1109,0.027118644067796516,0.05575244683506897,0.03643931980401413,0.1349268373569339
GSE32646,GSE25055,1110,0.07366264020707503,0.1646843877306161,0.010909901656971338,0.06290437471539939
GSE32646,GSE25055,1111,0.07501992031872518,0.14998840086044007,0.007576585492035437,0.03444691342187056
GSE32646,GSE25055,1112,0.03815597667638482,0.11196312299204786,0.014457439421357687,0.05959011143186954
GSE32646,GSE25055,1113,0.06089480874316955,0.1211079529693252,0.019708000973527984,0.0836532002165824
GSE32646,GSE25055,1114,0.05148997890295348,0.14740439133958488,0.03000511659572383,0.11298829528724236
GSE32646,GSE25055,1115,0.03767802415720212,0.09301069081515456,-0.003209713049282456,0.005023271598697532
GSE32646,GSE25055,1116,0.0650307742144477,0.14196205962428082,0.008532872377770534,0.02803672995756379
GSE32646,GSE25055,1117,0.06896097046413507,0.12083785748817388,0.029444416494981446,0.10240393390741692
GSE32646,GSE25055,1118,0.03613848022675137,0.09629587865277656,0.028632834987712324,0.12378799012758662
GSE32646,GSE25055,1119,0.08665430954587583,0.14013013227686105,0.0067907087734606075,0.05500613481121752
GSE32646,GSE25055,1120,0.06877198860780698,0.19929460733364524,-0.0004029537035198927,0.013762706554300619
GSE32646,GSE25055,1121,0.06957328385899808,0.15333555222953632,0.04864432496943516,0.1686431252983106
GSE32646,GSE25055,1122,0.07109408258833538,0.15019612522189224,0.017886948567823552,0.07070349678886312
GSE32646,GSE25055,1123,0.06643946551491442,0.08087312997086316,0.021015993548188477,0.09384364323500805
GSE32646,GSE25055,1124,0.05735402808573542,0.10953823539413932,0.011682864046402786,0.06238878496809552
GSE32646,GSE25055,1125,0.05604508196721325,0.07333976247532137,0.026887470406798675,0.09624740350312266
GSE32646,GSE25055,1126,0.0700341005967604,0.20258007185654509,0.0013864775349101827,0.007189627402745036
GSE32646,GSE25055,1127,0.06967503902369787,0.08640310670614076,0.022663586234856065,0.0863039141453576
GSE32646,GSE25055,1128,0.12475979305247609,0.10929906478168178,0.001121396880247566,0.033127174532792125
GSE32646,GSE25055,1129,0.047679863771817765,0.09019371038582102,0.01877728663038114,0.08227624046356147
GSE32646,GSE25055,1130,0.050332594235033334,0.12115498818405496,0.015927340438609994,0.06656095527442307
GSE32646,GSE25055,1131,0.10521025297369735,0.1690792858597853,-0.0038076383133431035,0.007947017678490653
GSE32646,GSE25055,1132,0.06360784313725487,0.10821554293149982,0.006793997687361941,0.04799180571673162
GSE32646,GSE25055,1133,0.061357876483926876,0.1246739543120362,0.022066634019776432,0.09915389962526883
GSE32646,GSE25055,1134,0.07381762228701005,0.0990601113744013,0.009054234384297533,0.04194211982610668
GSE32646,GSE25055,1135,0.049419398907103895,0.08118181979832778,0.015934858750791397,0.07708446011118375
GSE32646,GSE25055,1136,0.06410529303249601,0.08588161448151399,0.016854101609763333,0.08001527532061664
GSE32646,GSE25055,1137,0.07404371584699454,0.11513639718531143,0.019851316441615835,0.07844810744971492
GSE32646,GSE25055,1138,0.06019955654101994,0.09543657355486035,0.01835769996600209,0.07650004511555636
GSE32646,GSE25055,1139,0.07390670553935874,0.09768348559651885,0.012879103369870526,0.06127767881787127
GSE32646,GSE25055,1140,0.1336831584207897,0.18866828804891211,0.018200709140053672,0.08188642365277299
GSE32646,GSE25055,1141,0.06755104975553639,0.10557505066526002,0.019662441379988765,0.0707215278073402
GSE32646,GSE25055,1142,0.08379672536299043,0.15889015864506734,0.015093668708629993,0.05403913065092597
GSE32646,GSE25055,1143,0.08960250766973477,0.10893318215494319,0.016844153447455712,0.08638860016731759
GSE32646,GSE25055,1144,0.06691408007197486,0.1393682057283845,0.014396981888807614,0.05899243465467102
GSE32646,GSE25055,1145,0.07871396895787153,0.10743139502570531,0.012037561485626819,0.05782644617129962
GSE32646,GSE25055,1146,0.08096059821685375,0.11180293353938214,0.016130745697820942,0.06446824340749474
GSE32646,GSE25055,1147,0.07762390670553931,0.05582853197798138,0.005417257457310781,0.0567903456677924
GSE32646,GSE25055,1148,0.0633300939423389,0.08319933371671617,0.00016772068778389548,0.02754207037764178
GSE32646,GSE25055,1149,0.07722174288179451,0.1313345540371253,0.015735896709186292,0.0729393776780704
GSE32646,GSE25055,1150,0.04427083333333337,0.12194210194863458,0.022575181427236024,0.0926418026944677
GSE32646,GSE25055,1151,0.07619535519125697,0.05916166041582954,0.014403161268810222,0.08875053139773836
GSE32646,GSE25055,1152,0.06326681448632676,0.12158503224520434,0.01771651144467054,0.05976885088535483
GSE32646,GSE25055,1153,0.08138395590936931,0.13787425319205004,0.0347226758017736,0.1244221797854595
GSE32646,GSE25055,1154,0.06879656624554586,0.07865652460545244,0.0038923332586119352,0.03989452292943452
GSE32646,GSE25055,1155,0.06073858114674424,0.10673711411501535,0.010777990741832708,0.040270666567292224
GSE32646,GSE25055,1156,0.0470556908094949,0.06982291202229657,0.014349339311904907,0.06289644849171855
GSE32646,GSE25055,1157,0.06829446064139943,0.09341530269979431,0.012741441149241972,0.07422982117078852
GSE32646,GSE25055,1158,0.061237897648686146,0.09166673814167453,0.015516053118745432,0.08856040588343078
GSE32646,GSE25055,1159,0.09221772379667115,0.12051903928219765,0.007042607301696896,0.040550213546849234
GSE32646,GSE25055,1160,0.059374999999999956,0.05013016203880294,-0.001114738593936515,0.01202121653652194
GSE32646,GSE25055,1161,0.049708454810495684,0.0685646925760856,0.013145279730598314,0.052913961009246724
GSE32646,GSE25055,1162,0.08375810936051886,0.1395865557050317,0.00864988683694895,0.02873773479155667
GSE32646,GSE25055,1163,0.05862693653173401,0.11460569321914715,0.033840063662921416,0.11715200463028674
GSE32646,GSE25055,1164,0.08005322874352161,0.14425687375871254,0.008725454298698254,0.05774743293895096
GSE32646,GSE25055,1165,0.03242337164750975,0.05205954324121037,-0.0022897151431133522,-0.01186471683805701
GSE32646,GSE25055,1166,0.09634128055180691,0.11983684228477132,0.004115798501702461,0.03600240712340813
GSE32646,GSE25055,1167,0.04127109704641341,0.06819861291183948,0.01914220331371763,0.10896566254630613
GSE32646,GSE25055,1168,0.0534550195567145,0.11770432632270972,0.031941038916385195,0.12200037086086535
GSE32646,GSE25055,1169,0.05932203389830504,0.04586671361146616,0.01627520835002355,0.08245140211680801
GSE32646,GSE25055,1170,0.040710336739822384,0.11592425869613149,0.007800363480886627,0.03398866425030145
GSE32646,GSE25055,1171,0.07216220328667067,0.11989774143563758,0.007454539732776377,0.040828322745854184
GSE32646,GSE25055,1172,0.06618782823602087,0.09622659416148294,0.011381941139642332,0.053205865892791915
GSE32646,GSE25055,1173,0.04850119064294722,0.08186974814201159,0.020726723608509856,0.0806499973283411
GSE32646,GSE25055,1174,0.0585503472222223,0.1385363753935775,0.0022012273130717214,0.008718402862864683
GSE32646,GSE25055,1175,0.06773835920177407,0.10929353065982805,0.018308576629147366,0.06259521879321517
GSE32646,GSE25055,1176,0.09193677470988404,0.13449953222270444,0.014519366420809643,0.07501851693928346
GSE32646,GSE25055,1177,0.1407075873827791,0.18397570436749489,-0.011435910647678182,-0.023014967303429446
GSE32646,GSE25055,1178,0.07785280876883915,0.10505460107010489,-0.014609706539244538,-0.023519820486068432
GSE32646,GSE25055,1179,0.06633141762452122,0.11358158949004465,-0.004338214147768665,-0.019525425074298552
GSE32646,GSE25055,1180,0.08163008879209233,0.08393152053951536,0.0031141276311552057,0.021541976721115352
GSE32646,GSE25055,1181,0.10011352348517089,0.12705495788055826,0.015638288406363998,0.07594432808133883
GSE32646,GSE25055,1182,0.02575315840621961,0.08800978853607289,0.015875074462397457,0.05202878708141878
GSE32646,GSE25055,1183,0.08414485696895913,0.1439200002569126,0.010470376748872634,0.0421276578895145
GSE32646,GSE25055,1184,0.022690317812268934,0.0223275921787513,0.01759864480596221,0.07255225342106969
GSE32646,GSE25055,1185,0.059793052475979214,0.04559779689748167,0.011556225481778704,0.06741510689416669
GSE32646,GSE25055,1186,0.04876749847839301,0.09102547135600536,0.008320833773725944,0.05506408043405353
GSE32646,GSE25055,1187,0.04367989646246773,0.09167231296433603,0.019663273036093165,0.07705932211731448
GSE32646,GSE25055,1188,0.07531114110061488,0.12321452332158139,0.017908935413730065,0.06145776246254514
GSE32646,GSE25055,1189,0.05471887550200816,0.07928385437443403,0.01861470799364799,0.06243063110012226
GSE32646,GSE25055,1190,0.08103375822944392,0.12568243125763523,0.01764354161249268,0.07735732110606597
GSE32646,GSE25055,1191,0.06050382366171858,0.06711538125007893,0.005342134902505347,0.061687391501264455
GSE32646,GSE25055,1192,0.04492394764768293,0.08393498894659301,0.0016899633934489289,0.008372741470514256
GSE32646,GSE25055,1193,0.05990437158469941,0.10323196431120457,0.02139426156716709,0.09464011957451907
GSE32646,GSE25055,1194,0.06097314077473337,0.14369470729452538,0.019711452315886946,0.09058383811876386
GSE32646,GSE25055,1195,0.08239712193890425,0.11297168722501788,0.029865044849023803,0.11787206594911848
GSE32646,GSE25055,1196,0.10939746908254233,0.15500594421753944,0.007962657584005994,0.047728713362033603
GSE32646,GSE25055,1197,-0.012868525896414185,0.0074852413381360505,0.013038567690823955,0.05826778849633335
GSE32646,GSE25055,1198,0.07824701195219108,0.12862038786525626,0.00798125282003842,0.0388988461387651
GSE32646,GSE25055,1199,0.05269808743169391,0.08515366290394549,0.029155071491028695,0.11661754720098744
GSE32646,GSE25055,1200,0.07233748271092677,0.11179958720860245,0.014065256096173762,0.07147846270183705
GSE32646,GSE25055,1201,0.08712927486873856,0.14980251141937118,0.010783255848952261,0.05529530848212916
GSE32646,GSE25055,1202,0.05447134387351771,0.060049747244727836,0.003844922107363785,0.03863176474448088
GSE32646,GSE25055,1203,0.024691358024691468,0.06193779043110015,0.029888819491321716,0.09350968461396064
GSE32646,GSE25055,1204,0.030026990553306376,0.04790338497075092,0.011813174199257676,0.058905886195728174
GSE32646,GSE25055,1205,0.0750345781466113,0.15517339206816805,0.02187738438317635,0.08283970667975471
GSE32646,GSE25055,1206,0.07633637548891792,0.17397760593989947,0.02467463072583745,0.09186756768639393
GSE32646,GSE25055,1207,0.05652997364953882,0.048501970812731054,0.009936327728586783,0.037933167981712534
GSE32646,GSE25055,1208,0.08840535605599498,0.1418486629253521,0.0029798432718293744,0.03538265884842323
GSE32646,GSE25055,1209,0.0782568565400843,0.11137406552433188,0.02224772389035959,0.09439804878663927
GSE32646,GSE25055,1210,0.05524771838331166,0.09329313962763075,0.024565264110743695,0.10860656315741196
GSE32646,GSE25055,1211,0.07175726200747767,0.131095089660398,0.014233908036863335,0.06019878045811278
GSE32646,GSE25055,1212,0.04940071266601875,0.16357604240755635,0.00649319545205615,0.02935628071684032
GSE32646,GSE25055,1213,0.03778203490847176,0.09143114267651897,0.01939558742533465,0.0913608846056796
GSE32646,GSE25055,1214,0.07473924380704033,0.10278680094639325,0.023575232467996837,0.10981350470190804
GSE32646,GSE25055,1215,0.0656984785615492,0.11710170392980396,0.017747765922101838,0.09165484045408284
GSE32646,GSE25055,1216,0.051475131294408505,0.08586087076057775,0.00673155626528571,0.04808331952714606
GSE32646,GSE25055,1217,0.06201916587933587,0.09744124776551866,0.028727515914798052,0.09859580842507115
GSE32646,GSE25055,1218,0.04051620648259302,0.078462350342833,0.025398234025677924,0.10505388809160537
GSE32646,GSE25055,1219,0.07141250562303203,0.09239421609918491,0.012269173568301317,0.04814914527555131
GSE32646,GSE25055,1220,0.05146835057821053,0.08056657879907397,0.008621165574679596,0.05708219506574236
GSE32646,GSE25055,1221,0.04590605931602121,0.11709069146086887,0.01742390268443708,0.07202858403009516
GSE32646,GSE25055,1222,0.050157444894287084,0.08066463705308408,0.015693232764191628,0.06270060541539513
GSE32646,GSE25055,1223,0.07886258579632988,0.10449971522681417,0.01890715465855261,0.08656373809618345
GSE32646,GSE25055,1224,0.04200368951326794,0.0434426335797754,0.024675681010799033,0.08957305611627758
GSE32646,GSE25055,1225,0.0407330567081603,0.09388144514333102,0.02396826150247533,0.10004846008463103
GSE32646,GSE25055,1226,0.06417169974115622,0.15437275695094121,0.02181564344606321,0.08230577017503982
GSE32646,GSE25055,1227,0.05721115537848587,0.11168870270389847,0.0031314494162227313,0.03685186581504818
GSE32646,GSE25055,1228,0.07319528329019265,0.11861929025200085,0.008003203336457626,0.06114291042792358
GSE32646,GSE25055,1229,0.053494391716997325,0.08558979172932135,0.02510827209569383,0.09652240233601217
GSE32646,GSE25055,1230,0.041427640156453616,0.08865050831733212,0.025248533078665564,0.1019317472502419
GSE32646,GSE25055,1231,0.05608600583090384,0.11045421911835884,0.011803778999832482,0.06293213486277494
GSE32646,GSE25055,1232,0.053212851405622374,0.11678365000864072,0.0037730741018113245,0.036111768300307046
GSE32646,GSE25055,1233,0.060239043824701355,0.12075756486396971,0.011274729738775316,0.03327642012740767
GSE32646,GSE25055,1234,0.039822404371584796,0.09224566977277893,0.02694010760279053,0.09946896535713623
GSE32646,GSE25055,1235,0.07497767572394431,0.11932330350875164,0.025130236662892158,0.11621489980885685
GSE32646,GSE25055,1236,0.0710276967930028,0.131657536411875,0.012511780424751345,0.056680709280833574
GSE32646,GSE25055,1237,0.12214417482616724,0.1378101998659762,0.013759459091100129,0.06812667187519111
GSE32646,GSE25055,1238,0.03659464394400502,0.10395659954067038,0.007899127899085173,0.046123234191795315
GSE32646,GSE25055,1239,0.07478087649402376,0.14214184129018875,0.001800652927747226,0.03011683040261015
GSE32646,GSE25055,1240,0.07032166191991962,0.08805060398039921,0.003798683162792388,0.022457526452488774
GSE32646,GSE25055,1241,0.06366839229220589,0.06844707920676268,0.014912086417033094,0.06674882383770875
GSE32646,GSE25055,1242,0.07043137254901966,0.11625803846207433,0.007460581368912839,0.03805077653806027
GSE32646,GSE25055,1243,0.05591172897826968,0.10554530390461414,0.025710658990743263,0.10039440809389633
GSE32646,GSE25055,1244,0.013968957871396848,0.03043411295437748,0.021394837504003394,0.08657547360586343
GSE32646,GSE25055,1245,0.06598161168199024,0.10909357923528118,-0.008592057519662022,0.0115936365670945
GSE32646,GSE25055,1246,0.0725469024159805,0.085111831913805,0.013452856634168342,0.07880774551366332
GSE32646,GSE25055,1247,0.07237021857923498,0.08370832563869868,0.024446159089862918,0.09912801502249541
GSE32646,GSE25055,1248,0.049604382227632304,0.06004699702655919,0.0029197587634580413,0.04387871033128443
GSE32646,GSE25055,1249,0.057010785824344934,0.09751067877892367,0.026888759351896746,0.07719430580644165
GSE32646,GSE25055,1250,0.08217124006597698,0.07913081608513073,0.008489553624535628,0.048775305615099074
GSE32646,GSE25055,1251,0.06591285162713734,0.10043519231246101,-0.004597427573586707,0.008434638385274362
GSE32646,GSE25055,1252,0.1065214265171125,0.1288173976732499,0.007391206977552411,0.05541882475279125
GSE32646,GSE25055,1253,0.08425549796890319,0.1395960138188979,0.013477681989377377,0.06425589218015476
GSE32646,GSE25055,1254,0.054160419790104886,0.0861280965652026,0.03611575920068158,0.12513249937871795
GSE32646,GSE25055,1255,0.08356502934816201,0.10454081815127447,-0.002698159760396668,0.02179311346074203
GSE32646,GSE25055,1256,0.04819607843137241,0.0569981104003594,0.006295363271715204,0.056182460806832146
GSE32646,GSE25055,1257,0.06436781609195408,0.06661569472553333,-0.010316115847276416,-0.018296164203859766
GSE32646,GSE25055,1258,0.07275242047026298,0.10856245915963975,0.019770754801514356,0.07859790395092126
GSE32646,GSE25055,1259,0.05545317473613676,0.07552296626781357,0.010027562978348184,0.0468903450704134
GSE32646,GSE25055,1260,0.07575158227848111,0.09710880719687415,0.01408625144558856,0.073257219268198
GSE32646,GSE25055,1261,0.05413251366120231,0.07588406916869961,0.019607687463918444,0.08939848589379445
GSE32646,GSE25055,1262,0.045284780578898065,0.04984111107434386,0.022959874925682605,0.09886909109353315
GSE32646,GSE25055,1263,0.06851311953352757,0.12004703083514007,0.021473682455329296,0.07378844830274772
GSE32646,GSE25055,1264,0.059803206997084746,0.08182028038033384,0.010476828728824716,0.06804832826361212
GSE32646,GSE25055,1265,0.09248532591906089,0.09251031438301333,0.0051158973395080964,0.0471463482485151
GSE32646,GSE25055,1266,0.07070384560806009,0.08825698972928614,0.010407455144408356,0.07031672814399836
GSE32646,GSE25055,1267,0.07231436396835056,0.12850880405419363,0.01696339541337069,0.05863880581318465
GSE32646,GSE25055,1268,0.0727525486561631,0.12999991789173182,0.010556793907614104,0.037430753893469004
GSE32646,GSE25055,1269,0.055432372505543115,0.10468820604294832,0.012490076008703943,0.06633817184449442
GSE32646,GSE25055,1270,0.05336893459915604,0.06469342031051595,0.028315280448489077,0.13212901810652616
GSE32646,GSE25055,1271,0.04512558535547051,0.08666262844358152,0.01940565995501331,0.08228796429978102
GSE32646,GSE25055,1272,0.06859070464767625,0.08680820447304494,0.032451823455695916,0.11473620319986949
GSE32646,GSE25055,1273,0.08391820758536905,0.1510489610177903,0.017906977253886402,0.08045914908357449
GSE32646,GSE25055,1274,0.09153732446415375,0.1291713789527575,0.011202155421323218,0.057781884066532785
GSE32646,GSE25055,1275,0.047679863771817654,0.09398053375130344,0.013745254410686358,0.07954439542189384
GSE32646,GSE25055,1276,0.07053494391716997,0.10289195682828733,0.016658664180391303,0.07011532959026956
GSE32646,GSE25055,1277,0.06422468132791692,0.0611097607909904,0.017360872176937464,0.07468090849160908
GSE32646,GSE25055,1278,0.08383664078228359,0.05767121676916609,0.006362395874085075,0.06028771407095235
GSE32646,GSE25055,1279,0.0842391304347827,0.14324897637798925,-0.002408394956772586,0.013301412743817242
GSE32646,GSE25055,1280,0.05650069156293225,0.06763199984960744,0.014562763436327647,0.07646794137877533
GSE32646,GSE25055,1281,0.038002130249543464,0.08249143650077745,0.01983621963499113,0.07423029815248516
GSE32646,GSE25055,1282,0.05531290743155137,0.06676355233343267,0.02899852262489891,0.11846044768842823
GSE32646,GSE25055,1283,0.029700685654008185,0.065848059672306,0.033307932030394755,0.1282511864898278
GSE32646,GSE25055,1284,0.02478431372549017,0.08433940498544912,0.012876286826224326,0.05558242766599619
GSE32646,GSE25055,1285,0.06872509960159356,0.049008047704516555,0.008779756006776385,0.027572596923323034
GSE32646,GSE25055,1286,0.04086274509803933,0.09105183869453554,0.012639487983561543,0.056903517499018064
GSE32646,GSE25055,1287,0.05937254901960776,0.08496883313160603,0.0008603711725188867,0.050613636681149154
GSE32646,GSE25055,1288,0.11499527601565662,0.16026214146242918,0.01192335095156316,0.06143397958645597
GSE32646,GSE25055,1289,0.05384313725490186,0.06060838552269032,0.014972386298410606,0.060873506513705766
GSE32646,GSE25055,1290,0.08559322033898287,0.14746670926492156,0.025944097910805097,0.09580648665840946
GSE32646,GSE25055,1291,0.06475947521865888,0.17808929023919412,0.011508594915139059,0.04956724142404628
GSE32646,GSE25055,1292,0.06047265987025019,0.09197072274001633,0.01201127485615508,0.04000499078556785
GSE32646,GSE25055,1293,0.05196078431372542,0.09416239262449011,0.012546774457866255,0.04881550975627019
GSE32646,GSE25055,1294,0.06306039029535859,0.10413059641594963,0.022856995280751663,0.08814599805638484
GSE32646,GSE25055,1295,0.04411130284728215,0.08556153501013086,0.023508831075347902,0.09041265921813207
GSE32646,GSE25055,1296,0.07349368318756078,0.12246323817388188,0.0019368848450798393,0.02431575927283508
GSE32646,GSE25055,1297,0.06201729996910743,0.07778734999766562,0.009772272759621614,0.045597401494286594
GSE32646,GSE25055,1298,0.06407067227962748,0.09494916688301658,0.03343716577646966,0.12739670037076556
GSE32646,GSE25055,1299,0.0639095111360134,0.18316876333462,0.019739714066566494,0.07387930384148489
GSE32646,GSE25055,1300,0.010050477735712993,0.041450066800934354,-0.002727293756093374,0.016929241417243113
GSE32646,GSE25055,1301,0.04880791722896971,0.05121612214717147,0.0032271523727086526,0.039514910633915434
GSE32646,GSE25055,1302,0.06519098393845324,0.15292775301110872,0.02609169621315091,0.07796571825926146
GSE32646,GSE25055,1303,0.06819815933275819,0.07290438112965786,0.016891060596457258,0.0696402054758033
GSE32646,GSE25055,1304,0.0648502909039308,0.12543939697732487,0.01818410811761545,0.07409304839672354
GSE32646,GSE25055,1305,0.06678194993412379,0.07806952851681154,0.0047786505005857904,0.02859656422848822
GSE32646,GSE25055,1306,0.05477784540474717,0.11072483170937009,0.008496289234627696,0.03207574814543729
GSE32646,GSE25055,1307,0.0756058271466592,0.07099690101898676,0.017703740762652354,0.08625917807530004
GSE32646,GSE25055,1308,0.05098160594269541,0.0707356626513383,0.0015872157900103656,0.02422057385559656
GSE32646,GSE25055,1309,0.07080561714708056,0.08682617411820637,0.009039937834848827,0.06169643677417125
GSE32646,GSE25055,1310,0.07102272727272729,0.0844175944973587,0.003996914425779208,0.01573203035544285
GSE32646,GSE25055,1311,0.07723144600539233,0.06575145733777427,0.0175148147867423,0.07138028196837631
GSE32646,GSE25055,1312,0.07314139941690978,0.12529440963456934,0.009282490886364042,0.04976713398859117
GSE32646,GSE25055,1313,0.05453063885267284,0.08291951971456413,0.034473426494112974,0.12066236012281623
GSE32646,GSE25055,1314,0.04223107569721107,0.1100824354613768,0.01306631566660836,0.04592215471846672
GSE32646,GSE25055,1315,0.036481259170334956,0.058407657667570834,0.026061324026918548,0.11298738661265012
GSE32646,GSE25055,1316,0.0684498130572333,0.10790503936243862,0.01537932118278787,0.058339165764863976
GSE32646,GSE25055,1317,0.07254860224208892,0.07576042202242311,0.016148937895432786,0.07784184734996763
GSE32646,GSE25055,1318,0.12340940525587829,0.14878588040853852,0.007148641075978762,0.04555125009427102
GSE32646,GSE25055,1319,0.060103469263542264,0.09492262498401938,0.01040190550889969,0.05663989796893648
GSE32646,GSE25055,1320,0.027768924302788767,0.0914466895724455,0.011514453595397461,0.05119647982158598
GSE32646,GSE25055,1321,0.07165387894288155,0.1391140836074794,0.005630157544805031,0.02436200172241143
GSE32646,GSE25055,1322,0.07513944223107571,0.10442853886565051,0.006038121616447262,0.03520061964695753
GSE32646,GSE25055,1323,0.0949288806431664,0.15455699935518435,0.02985366459535166,0.10806307218526129
GSE32646,GSE25055,1324,0.06119625372498938,0.06308480574527342,0.008953460889929543,0.06800530148865946
GSE32646,GSE25055,1325,0.04835838607594933,0.11509269274344108,0.025888833373031495,0.10951028892040027
GSE32646,GSE25055,1326,0.042823529411764705,0.12253510148482821,0.008009915832379061,0.039003632323425075
GSE32646,GSE25055,1327,0.06958610495195872,0.0981960670279225,0.00850681985222207,0.05975047693883456
GSE32646,GSE25055,1328,0.08899385215174682,0.12568847842805075,0.012992491277267343,0.04594973908485678
GSE32646,GSE25055,1329,0.07645971914264593,0.16254116372197203,0.019205627439112888,0.05694243531897675
GSE32646,GSE25055,1330,0.04542230818826565,0.06652493570975315,0.031751336738471136,0.11006292522835998
GSE32646,GSE25055,1331,0.04523809523809519,0.06812302365162409,0.03789211401122511,0.1551235085997607
GSE32646,GSE25055,1332,0.07227696045350251,0.11642238214591816,0.019106182745755595,0.09659244328520916
GSE32646,GSE25055,1333,0.07129411764705895,0.13744560340729411,0.00968090171516739,0.03310171195122891
GSE32646,GSE25055,1334,0.05820717131474107,0.1296669933232038,0.005512985069605264,0.03987614480370866
GSE32646,GSE25055,1335,0.06866791744840517,0.13607221033452527,-0.00549283075297248,-0.01868382688464204
GSE32646,GSE25055,1336,0.07318227720272641,0.1354840537476027,0.033755061991147445,0.12851254331490153
GSE32646,GSE25055,1337,0.08078422552106779,0.12963232447385503,0.007407956159495133,0.0494236160391201
GSE32646,GSE25055,1338,0.061748633879781356,0.13413873308554275,0.017307461206011482,0.07668907424655463
GSE32646,GSE25055,1339,0.028820816864295162,0.07504149460232562,0.008162130217003183,0.04792147097056687
GSE32646,GSE25055,1340,0.07189477848101256,0.14827979825477144,0.025731166260958616,0.10162871190686779
GSE32646,GSE25055,1341,0.05489196591600709,0.08325027286897363,0.015326859563317669,0.06803573478626013
GSE32646,GSE25055,1342,0.07045675413022356,0.13993914959322434,0.004543261300476165,0.022790550083135075
GSE32646,GSE25055,1343,0.053927595628415204,0.133830493724936,0.023778052451306125,0.08875325436196474
GSE32646,GSE25055,1344,0.08637026239067058,0.20532348805190448,0.005839203311679947,0.04753946380639357
GSE32646,GSE25055,1345,0.06656995486782735,0.11033848880911068,0.025836667144306463,0.11506043317156511
GSE32646,GSE25055,1346,0.10170190433348325,0.14517589423379995,0.0025961262641414906,0.04395369595062415
GSE32646,GSE25055,1347,0.07472826086956519,0.1274119805498769,0.004120648343081956,0.02150666801204404
GSE32646,GSE25055,1348,0.09617918313570473,0.1468925515509526,0.005044775476222119,0.02049133101953743
GSE32646,GSE25055,1349,0.050832208726945494,0.10516143438389702,0.017380702794421138,0.05468723224088168
GSE32646,GSE25055,1350,0.05829918032786885,0.09565812398024448,0.027406305154427074,0.1066963230905067
GSE32646,GSE25055,1351,0.06925764767932496,0.1067650019613115,0.02130053575467103,0.08720922230664718
GSE32646,GSE25055,1352,0.09397354568767713,0.1344065761955781,0.019148225085467707,0.08665897206187168
GSE32646,GSE25055,1353,0.049205335603803024,0.07787957451425354,0.023639897016999256,0.09986215934278675
GSE32646,GSE25055,1354,0.05819672131147546,0.13306853303049077,0.02838560187947914,0.10699820997401566
GSE32646,GSE25055,1355,0.03668478260869579,0.08879814771098737,0.013313188133677545,0.04814602023129033
GSE32646,GSE25055,1356,0.08814890710382517,0.11227848944544816,0.02572001048628142,0.09848780380935307
GSE32646,GSE25055,1357,0.05625498007968133,0.1361361706868569,0.009976080404714621,0.043605054183672054
GSE32646,GSE25055,1358,0.056420765027322406,0.10966206362928754,0.028205388933841308,0.09046666870856596
GSE32646,GSE25055,1359,0.09038086669665613,0.13974458417688407,0.012358627421159174,0.05389861871787971
GSE32646,GSE25055,1360,0.05285937278274444,0.09173088499398468,0.023190733223527493,0.0908718500456851
GSE32646,GSE25055,1361,0.07679848832501013,0.10517375294837877,0.020926245563336027,0.08367627080631529
GSE32646,GSE25055,1362,0.042664930555555425,0.07248922183432449,0.004033998051704749,0.033550396944288796
GSE32646,GSE25055,1363,0.04769965277777788,0.11847038471002386,-0.0002131271407429386,0.0027045889346768437
GSE32646,GSE25055,1364,0.02203724964918996,0.06023779943242075,0.03656061213763154,0.13733599630652055
GSE32646,GSE25055,1365,0.06463024954351804,0.14241861223653945,0.01176097932533085,0.05539876344881273
GSE32646,GSE25055,1366,0.030368470778782575,0.09352297875019044,0.02275928071802863,0.11363325933432811
GSE32646,GSE25055,1367,0.05475955204216065,0.1232766124142533,0.004468067422391558,0.03240655173924056
GSE32646,GSE25055,1368,0.048677020419902184,0.09591517348435502,0.020354967775487065,0.07429230815706567
GSE32646,GSE25055,1369,0.051340368753032606,0.07596186273851624,0.037150088125001035,0.145784713370458
GSE32646,GSE25055,1370,0.07207171314741034,0.11565593111902539,0.0030632412352488703,0.027666346671749886
GSE32646,GSE25055,1371,0.0815217391304347,0.13048309169134764,0.00339651952058459,0.014763295139559818
GSE32646,GSE25055,1372,0.046865489957395035,0.15129414098909394,0.02429745374036077,0.06578549347876084
GSE32646,GSE25055,1373,0.0462151394422311,0.05522583588937946,0.011265817879308498,0.048797638369196816
GSE32646,GSE25055,1374,0.05277538107563995,0.0912370411907476,0.01941925343446871,0.07731905767429248
GSE32646,GSE25055,1375,0.08364881918153955,0.09957428344687236,-0.0011985969549638126,0.014704475401893957
GSE32646,GSE25055,1376,0.05143199880041993,0.09936303454320683,0.021772792083383424,0.0702135211019233
GSE32646,GSE25055,1377,0.07621513944223102,0.10032196835258433,0.0074896428067230125,0.03105568672574921
GSE32646,GSE25055,1378,0.0682011935208866,0.10676302373568691,0.002730513564206838,0.02251013765288512
GSE32646,GSE25055,1379,0.04309767130172559,0.10128216608753399,0.012627369633980284,0.035720949513389666
GSE32646,GSE25055,1380,0.07682529335071708,0.09572037983828874,0.01946135685529518,0.09408813649442788
GSE32646,GSE25055,1381,0.06615776081424962,0.0685774722704105,-0.005867612312538684,-0.0035119173795815084
GSE32646,GSE25055,1382,0.02429149797570851,0.07330671174473902,0.009997703066598751,0.06226214702235128
GSE32646,GSE25055,1383,0.09696038251366124,0.13749308550237432,0.015199501600755477,0.07525034650387663
GSE32646,GSE25055,1384,0.043072424651372065,0.09212964262136619,0.01550813104122381,0.06408433436957606
GSE32646,GSE25055,1385,0.10396378575776022,0.16354834504260074,0.0065353345355784465,0.02842392389617132
GSE32646,GSE25055,1386,0.11206896551724144,0.15729539199409265,0.011279337073212381,0.07098645306176593
GSE32646,GSE25055,1387,0.03163900414937759,0.10974458216928862,0.017128749380986352,0.08562703660877419
GSE32646,GSE25055,1388,0.027143845089903085,0.054494973242869615,0.02397160406517665,0.08501843651395674
GSE32646,GSE25055,1389,0.08492085726292198,0.13619325583687686,0.013177429036277194,0.05921148315344105
GSE32646,GSE25055,1390,0.0739502444636182,0.11825217056120041,0.018535497839890003,0.07225452417951628
GSE32646,GSE25055,1391,0.01665338645418335,0.02652519056829844,0.005509383718155597,0.0527681691468852
GSE32646,GSE25055,1392,0.06525021570319223,0.0852869319425395,0.013820875265813132,0.05673396248027068
GSE32646,GSE25055,1393,0.04652312842361539,0.06797479138092305,0.009749909648081645,0.04852313147112902
GSE32646,GSE25055,1394,0.07694429123000546,0.08411398991018243,-0.003197170826454321,0.007192154726446409
GSE32646,GSE25055,1395,0.04389374797538059,0.053513385088692245,0.012028882753622433,0.05654519480766601
GSE32646,GSE25055,1396,0.05434366628396492,0.05207358704611853,0.028318484373066305,0.13000882082428955
GSE32646,GSE25055,1397,0.04105655137591502,0.10074697990028691,0.029390461657010758,0.12419862629554163
GSE32646,GSE25055,1398,0.043742017879949024,0.08282733814048965,0.019911378998385465,0.08170742845915269
GSE32646,GSE25055,1399,0.04678338080080413,0.09271451971371608,0.0054550855321390535,0.028304074940785184
GSE32646,GSE25055,1400,0.02016824849007759,0.03843769098521632,0.01979057912149515,0.08587556127330503
GSE32646,GSE25055,1401,0.06721736313573035,0.0756896848692275,-0.0002090163137613843,0.023450160285440724
GSE32646,GSE25055,1402,0.03372159907966643,0.08988763535714756,0.013623623511903798,0.06348584981158212
GSE32646,GSE25055,1403,0.05253555967841672,0.09658082281112673,0.03435641795849967,0.13045021008302554
GSE32646,GSE25055,1404,0.05478142076502723,0.12247414797749051,0.023292325644213685,0.09497472279731989
GSE32646,GSE25055,1405,0.06560972102387108,0.0893533878744664,0.015584422392725367,0.07064144161745145
GSE32646,GSE25055,1406,0.08515549076773554,0.1204619715756658,0.005450556079829638,0.021695075731190283
GSE32646,GSE25055,1407,0.07919422324200287,0.1157694259373378,0.02583119776842996,0.10819440582824019
GSE32646,GSE25055,1408,0.0733290762026394,0.11633191945281474,0.01743353064031905,0.07167626218954581
GSE32646,GSE25055,1409,0.08152332361516024,0.12163446530834143,0.0028930385753463406,0.03417158355498551
GSE32646,GSE25055,1410,0.07768627450980392,0.0897311143034854,0.005589467347150018,0.0354451837358668
GSE32646,GSE25055,1411,0.04168541010646276,0.1033487316277013,0.015234592549942721,0.07085024115067573
GSE32646,GSE25055,1412,0.07868075801749264,0.11926798214567419,0.013712357975530498,0.06064179495429206
GSE32646,GSE25055,1413,0.0325280064786071,0.046516027838815366,0.029229576994511702,0.12644459548749482
GSE32646,GSE25055,1414,0.07596622032866718,0.1350475647401403,0.008789665543343622,0.049403238603407396
GSE32646,GSE25055,1415,0.06841339155749637,0.14410431243594135,0.040139055956094655,0.13810388640351556
GSE32646,GSE25055,1416,0.038496652465003,0.0939236402325489,0.013036864920210361,0.05696110620194467
GSE32646,GSE25055,1417,0.06480970766685057,0.09142021772216813,-0.0033272128168388426,-0.004666589345083905
GSE32646,GSE25055,1418,0.05514365152919376,0.13848543686185472,0.011696089296449164,0.044587183195561764
GSE32646,GSE25055,1419,0.11492122335495814,0.17098927969476385,0.010136257782708963,0.030662263032131487
GSE32646,GSE25055,1420,0.04834723509422323,0.12747586212670053,0.01860824134628701,0.060915307723061474
GSE32646,GSE25055,1421,0.07389661222837096,0.09365269948006838,0.01806127950879957,0.08134321955058826
GSE32646,GSE25055,1422,0.07404214559386979,0.10762835867300719,-0.00683521327287992,-0.02769924721328093
GSE32646,GSE25055,1423,0.0708795269770881,0.10408944899973305,0.01104242054835422,0.06288571225003509
GSE32646,GSE25055,1424,0.05220017256255405,0.019441388708526075,0.016153734122514946,0.07355105314531474
GSE32646,GSE25055,1425,0.08729248211634488,0.17285668326767395,0.01979270131951491,0.08416302691070093
GSE32646,GSE25055,1426,0.07486338797814207,0.08342763722784574,0.010904185766754587,0.07821439110018097
GSE32646,GSE25055,1427,0.06891804340783936,0.0724440417123573,0.00020063152490606972,0.03097396779311884
GSE32646,GSE25055,1428,0.02642825011246064,0.038476641995680294,0.0215202934988193,0.0677565547189059
GSE32646,GSE25055,1429,0.04460382513661221,0.0710317621651877,0.026860673878284225,0.10511794653363216
GSE32646,GSE25055,1430,0.06535969766500205,0.08775813210878414,0.020878316036187866,0.07568311962058405
GSE32646,GSE25055,1431,0.03709102688694532,0.08985681680990187,0.011187422887176376,0.047741394811456395
GSE32646,GSE25055,1432,0.048852874483126585,0.07093191540332677,0.017222479032409838,0.10220352308134856
GSE32646,GSE25055,1433,0.0919946771256479,0.16131799514166012,0.017278072892803947,0.07399160046218162
GSE32646,GSE25055,1434,0.09592215013901761,0.1216600198104501,0.005850198859732536,0.029887516523527335
GSE32646,GSE25055,1435,0.04932270916334647,0.0581588934978956,0.014236861109806265,0.05620601617236576
GSE32646,GSE25055,1436,0.1031762295081966,0.15409464686849839,0.022028939783603124,0.07801966619155049
GSE32646,GSE25055,1437,0.04807834441980807,0.10286817070323973,0.01112873938646658,0.06584421575315075
GSE32646,GSE25055,1438,0.07182486129854548,0.06945242659577316,0.014942252492637004,0.06632680603413738
GSE32646,GSE25055,1439,0.05053449951409128,0.10818408468397978,0.011255756236821221,0.04898965844318298
GSE32646,GSE25055,1440,0.07325455668829173,0.14207497176570333,0.01744941365313421,0.051381022552791145
GSE32646,GSE25055,1441,0.04498425551057128,0.08246002428368276,0.015613906142717765,0.06522847537134163
GSE32646,GSE25055,1442,0.07369859073914287,0.08699639116242314,0.016317428162344078,0.07446230406287002
GSE32646,GSE25055,1443,0.07350583090379015,0.10200794928516094,0.01606190657289089,0.0741837761275983
GSE32646,GSE25055,1444,0.03854875283446735,0.1351541517534463,0.025091287216232605,0.10573354389754869
GSE32646,GSE25055,1445,0.02495385021097052,0.02799643572346794,0.03582385375572933,0.1391739393225228
GSE32646,GSE25055,1446,0.06615686274509791,0.1008890042791949,-0.003032897678923313,0.0310688245525787
GSE32646,GSE25055,1447,0.06959450446845405,0.12068991589457223,0.023665044675805325,0.08531941787949748
GSE32646,GSE25055,1448,0.05108794887401091,0.12128240711491017,0.014267470393057896,0.050011959257945715
GSE32646,GSE25055,1449,0.10287569573283861,0.140805689035856,0.02698727754519986,0.11437280700517793
GSE32646,GSE25055,1450,0.08176470588235285,0.17176453849222673,0.004726512754991974,0.02086712880100644
GSE32646,GSE25055,1451,0.05491195551436523,0.09227304313139484,0.015828005810225143,0.06194350219272504
GSE32646,GSE25055,1452,0.03208989805375351,0.07164333525304867,0.014143565590447993,0.06317254904438874
GSE32646,GSE25055,1453,0.038731850478838425,0.10827206913242687,0.00984035944357839,0.0578139276113378
GSE32646,GSE25055,1454,0.07190352020860491,0.09120736543191404,0.020034684100779104,0.10109754797399462
GSE32646,GSE25055,1455,0.06262653529491158,0.11177904871626032,0.02582584938263724,0.08377280864438658
GSE32646,GSE25055,1456,0.11328551912568308,0.23813850910018242,0.011856658620658073,0.0614892703397919
GSE32646,GSE25055,1457,0.013390139987827232,0.045403274287586726,0.015656559682277693,0.07227942063438281
GSE32646,GSE25055,1458,0.051652892561983466,0.10847537438040628,0.02247846771267742,0.09497964885620186
GSE32646,GSE25055,1459,0.06662971175166299,0.0690145854121163,0.008909932413926264,0.061288200951429284
GSE32646,GSE25055,1460,0.04461988304093567,0.10993439627575258,0.048115445353107744,0.16771774165630304
GSE32646,GSE25055,1461,0.06641123882503197,0.057615553268902386,0.014195325682502813,0.0678532905644681
GSE32646,GSE25055,1462,0.05504528638856998,0.07649008187291534,0.030933989656950683,0.10752935740357544
GSE32646,GSE25055,1463,0.0695374315276932,0.09595069733158884,0.01045311049520925,0.055463303925083196
GSE32646,GSE25055,1464,0.03375038616002479,0.0699009368443807,0.015033152370386549,0.06091186925402592
GSE32646,GSE25055,1465,0.095683511499838,0.09267410359573608,-0.002218304093376172,0.018085086241824977
GSE32646,GSE25055,1466,0.06924302788844616,0.10457755678009051,0.006145077961224765,0.028038422881330294
GSE32646,GSE25055,1467,0.05252372735116484,0.09711439654055265,0.023247753241682823,0.08987415024812423
GSE32646,GSE25055,1468,0.05079472184735345,0.11815189498894901,0.008884173509282306,0.05818142657326436
GSE32646,GSE25055,1469,0.07472677595628407,0.11782917744179916,0.013879373022415181,0.08186059506675136
GSE32646,GSE25055,1470,0.11021174863387972,0.11941650036763518,0.01049996337289369,0.07593955924835016
GSE32646,GSE25055,1471,0.07890768973027296,0.07887274377238107,-0.001711151049413523,0.028412136623375772
GSE32646,GSE25055,1472,0.07439215686274514,0.13611122911703638,0.00823773035691669,0.03678263559534223
GSE32646,GSE25055,1473,0.04697651174412798,0.09438708094097908,0.03180014151006885,0.1097949250520619
GSE32646,GSE25055,1474,0.06709588597343696,0.09575728024034713,0.011570561453012537,0.048303011622865266
GSE32646,GSE25055,1475,0.05191864295125159,0.09991027095561517,0.007043083869795186,0.04155997203611328
GSE32646,GSE25055,1476,0.06863120295956127,0.13201622380721095,0.02914009597295017,0.12335597447045515
GSE32646,GSE25055,1477,0.04614634877792778,0.07662726765566258,0.017607270091106436,0.062187266734684055
GSE32646,GSE25055,1478,0.07645971914264593,0.1400743354603327,0.011539375008378039,0.052812906549405514
GSE32646,GSE25055,1479,0.07543073259560162,0.18780878883143126,0.017907727421866027,0.06831779121335962
GSE32646,GSE25055,1480,0.06233366017649533,0.07517129132734868,0.023505084160997447,0.0844130480956855
GSE32646,GSE25055,1481,0.04055082166768087,0.06393140058258695,0.011691690342464645,0.05147536179860973
GSE32646,GSE25055,1482,0.09114424832623258,0.1120190995031557,0.010007572464729636,0.037289109553439614
GSE32646,GSE25055,1483,0.09510042604990865,0.09997157371168378,0.0014283550286909863,0.037790529180987076
GSE32646,GSE25055,1484,0.017929682028295257,0.08712013479878078,0.02852784522993515,0.11280493339193048
GSE32646,GSE25055,1485,0.06680497925311202,0.08528426535981837,0.02061127123702622,0.09714831073190755
GSE32646,GSE25055,1486,0.11087144089732515,0.16329666598432263,0.009724480084807807,0.058904259358897204
GSE32646,GSE25055,1487,0.05439215686274523,0.10962206021307269,0.014375239273412582,0.04844139155345789
GSE32646,GSE25055,1488,0.04172503502101266,0.08341427563615353,-0.020452600612127766,-0.02841634621109662
GSE32646,GSE25055,1489,0.038381742738589186,0.09702874259846173,0.025563309304907328,0.10732157759206468
GSE32646,GSE25055,1490,0.07318952234206488,0.1206940094960684,0.02476056344644703,0.07985639886241058
GSE32646,GSE25055,1491,0.05677731673582309,0.10270513527146147,0.01599664208404647,0.07679704606086246
GSE32646,GSE25055,1492,0.06305882352941183,0.07366252805956766,0.002003814812469029,0.043154493189055565
GSE32646,GSE25055,1493,0.06408083441981749,0.14179365619075723,0.03158434760622486,0.10684417991074752
GSE32646,GSE25055,1494,0.06940023454514999,0.11715121213733942,0.009700410172601065,0.02450768534017911
GSE32646,GSE25055,1495,0.06863847653321353,0.0937713937845226,0.006475161367757026,0.053588567929013065
GSE32646,GSE25055,1496,0.05802595628415308,0.13085250632046264,0.02651258848733301,0.10285526681126755
GSE32646,GSE25055,1497,0.07914688818565396,0.12196608610481874,0.02049568078788319,0.0934690191714887
GSE32646,GSE25055,1498,0.05065597667638477,0.06946840034180846,0.017782265953848714,0.06391068267542355
GSE32646,GSE25055,1499,0.10563524590163942,0.12981893897599994,0.016817400825689444,0.08294418915286977
GSE32646,GSE25055,1500,0.07398956975228155,0.13091461735647292,0.02971532027533555,0.10210251224296701
GSE32646,GSE25055,1501,0.07574590278750526,0.14447205650529754,0.02019406249084682,0.06729711048246723
GSE32646,GSE25055,1502,0.07224685883222481,0.16931125463039381,0.01626645172763269,0.06240883340674441
GSE32646,GSE25055,1503,0.06406394810009253,0.1062106253698159,0.005859155900887009,0.036506207371966526
GSE32646,GSE25055,1504,0.10572801182557279,0.10855348653368518,0.00460798823416117,0.039758584979613154
GSE32646,GSE25055,1505,0.0964420787225102,0.13912967597793952,0.008437921450960784,0.0595646132859049
GSE32646,GSE25055,1506,0.08133776792313374,0.14632019745990177,0.012371878486673316,0.06517701600281672
GSE32646,GSE25055,1507,0.09737463126843648,0.18717899682073452,0.03041267691897842,0.13179732833169489
GSE32646,GSE25055,1508,0.08527696793002892,0.09079737465582205,0.001803891632456034,0.030670046308958587
GSE32646,GSE25055,1509,0.09685883222468594,0.1016538688563719,0.010034305736953852,0.055860186583171934
GSE32646,GSE25055,1510,0.016932270916334646,0.07966169317314759,0.006222022089196366,0.043989869545339455
GSE32646,GSE25055,1511,0.055189802493346374,0.10874710591151521,0.01574312739334821,0.09889685863876668
GSE32646,GSE25055,1512,0.06679561573178594,0.09750430817071454,0.027810101190313852,0.1201927516482389
GSE32646,GSE25055,1513,0.08781645569620267,0.1501001939452397,0.02174023356476215,0.09168054753895932
GSE32646,GSE25055,1514,0.06119115429720212,0.09095729456267632,0.005452275088003666,0.029005857242521083
GSE32646,GSE25055,1515,0.07890196078431366,0.09181299400429094,0.011699845704096101,0.038578566112459356
GSE32646,GSE25055,1516,0.03571972002434576,0.07729334614762762,0.008291569030986656,0.05970961556648985
GSE32646,GSE25055,1517,0.056868170852845124,0.07864987660623074,0.014561866872311341,0.07537286744280985
GSE32646,GSE25055,1518,0.06460195828011928,0.11900858749096016,0.020826068505157336,0.08138356286944609
GSE32646,GSE25055,1519,0.057783018867924474,0.050759228311173854,0.006428416850408986,0.05091756592686547
GSE32646,GSE25055,1520,0.04347826086956519,0.1139695160492239,0.013736885403439356,0.04696174452412272
GSE32646,GSE25055,1521,0.07274935888783896,0.11261760422190592,0.02278665231386487,0.09829874702149843
GSE32646,GSE25055,1522,0.038347164591977956,0.08436857039005302,0.022032423970734072,0.09092329330650922
GSE32646,GSE25055,1523,0.058499630450849716,0.11167576061506795,0.015052268970192295,0.049615520299037874
GSE32646,GSE25055,1524,0.0721359940872136,0.08633678715278703,0.010122988528820986,0.05991249883417443
GSE32646,GSE25055,1525,0.06075388026607542,0.08926994684451411,0.01343634195066723,0.0721278561266126
GSE32646,GSE25055,1526,0.058393642684830493,0.08080620928852916,0.019817104569621935,0.06713237773519437
GSE32646,GSE25055,1527,0.059386973180076574,0.0937783339650115,0.020564932667307384,0.07534290806331911
GSE32646,GSE25055,1528,0.05320626104519066,0.09575276314401188,0.028771485452340845,0.12599733000484942
GSE32646,GSE25055,1529,0.05637755102040831,0.07153902302033327,0.012191325248120055,0.07577588460788365
GSE32646,GSE25055,1530,0.06188235294117639,0.18113993817566076,0.011424461573268402,0.03391772446788072
GSE32646,GSE25055,1531,0.057027724049000694,0.10162127554285183,0.023105972979506756,0.11307597444153694
GSE32646,GSE25055,1532,0.05463317723854122,0.1037372279202523,0.022405698567956184,0.07680745725279947
GSE32646,GSE25055,1533,0.0640283140283141,0.1289515239284565,-0.001171143369474853,-0.0030672066449577984
GSE32646,GSE25055,1534,0.076287657920311,0.11351418729463886,0.009613438334722585,0.036624142505664814
GSE32646,GSE25055,1535,0.07580392156862747,0.1804271775662003,0.0035803207289349104,0.02085349880871168
GSE32646,GSE25055,1536,0.05861909175162183,0.08339610125532093,0.010244226635013925,0.03955367084612027
GSE32646,GSE25055,1537,0.08300365185636027,0.0951165055992389,0.008310324730258084,0.05645416631753575
GSE32646,GSE25055,1538,0.024769916594765573,0.08804099351527728,0.022142768458317585,0.08105587559260324
GSE32646,GSE25055,1539,0.03309599156118148,0.07237437551908166,0.024225300333804045,0.1271774793882257
GSE32646,GSE25055,1540,0.03421606737933258,0.026019779973520868,0.005199445806392228,0.04500198957370383
GSE32646,GSE25055,1541,0.03247605807846776,0.06898796149464298,0.014658415718255824,0.06670548154707945
GSE32646,GSE25055,1542,0.08677451397757907,0.13662153627342621,0.012298252982211183,0.06671146884324414
GSE32646,GSE25055,1543,0.05784225521067632,0.08261728540593782,0.01357251025479142,0.05205882158567171
GSE32646,GSE25055,1544,0.06986127784447116,0.1334440258716984,0.02721887237906212,0.11155902902268244
GSE32646,GSE25055,1545,0.04785615491009676,0.082066826216327,0.01567056890785487,0.09657778803192557
GSE32646,GSE25055,1546,0.0857060684498131,0.09361034013681374,0.010072795478600155,0.06962150518203741
GSE32646,GSE25055,1547,0.08353825136612014,0.10614633410808105,0.022653230076943226,0.0777831045103956
GSE32646,GSE25055,1548,0.08151041666666659,0.09622677044655131,-0.002779060659225216,-0.009643597161857642
GSE32646,GSE25055,1549,0.0020399305555556246,0.09860762051805605,0.013590342815296128,0.04778913342447333
GSE32646,GSE25055,1550,0.04518329070758731,0.08495076545654806,0.009937070195541159,0.036045113357385805
GSE32646,GSE25055,1551,0.04697211155378478,0.07119890193688216,0.008135862565473051,0.03970536863562335
GSE32646,GSE25055,1552,0.08039215686274503,0.07994060825918964,0.007299697522918702,0.05388050715400833
GSE32646,GSE25055,1553,0.050358565737051775,0.05498106324886759,0.008862074265800157,0.049643624118350216
GSE32646,GSE25055,1554,0.045647058823529485,0.11392063602589847,0.014244826939387806,0.05574977628888278
GSE32646,GSE25055,1555,0.04504804138950502,0.09401499303993305,0.021553737869256573,0.07708688546102793
GSE32646,GSE25055,1556,0.06884057971014501,0.11721660785623123,0.04147776586556956,0.14316948969706494
GSE32646,GSE25055,1557,0.0632896015549077,0.1724753472016899,0.010029847859609739,0.03980286624766677
GSE32646,GSE25055,1558,0.058078467717021964,0.10222287142045455,0.012316365522300393,0.05782373782477529
GSE32646,GSE25055,1559,0.07592818015824698,0.09907994046365148,0.006777261690705444,0.0458712318451584
GSE32646,GSE25055,1560,0.07948655652737302,0.12960069488021547,0.0021935822342494804,0.030998037739869533
GSE32646,GSE25055,1561,0.05396078431372553,0.06867805227262613,0.006905894685876268,0.0426468556867135
GSE32646,GSE25055,1562,0.08422093730979907,0.1223144329799915,0.0050338311991429685,0.03842470414666105
GSE32646,GSE25055,1563,0.1060392156862745,0.11146519959543191,0.006440825402206113,0.046703921083573074
GSE32646,GSE25055,1564,0.09173254281949927,0.09081191325111293,-0.00048662145530450895,0.015930650811793734
GSE32646,GSE25055,1565,0.002675693101224841,0.06095868933776305,0.04079799601941134,0.15068558689643757
GSE32646,GSE25055,1566,0.06266469038208167,0.11267099964957505,0.0025380790473024384,0.02527010345718056
GSE32646,GSE25055,1567,0.11370262390670549,0.10774632946449289,0.004338619849911907,0.034105398166776324
GSE32646,GSE25055,1568,0.0847534996956788,0.11182964288740885,0.004092351677271733,0.0374382683455044
GSE32646,GSE25055,1569,0.11748388064177528,0.12070199101512075,0.004056211988808733,0.01908457523788004
GSE32646,GSE25055,1570,0.06365374472573826,0.07396227622894774,0.024822634168204877,0.10421628399594102
GSE32646,GSE25055,1571,0.11814725890356126,0.18095623900829488,0.015042751939886329,0.05659781153236443
GSE32646,GSE25055,1572,0.08478260869565235,0.10691582440197811,-0.0015962685081998135,-0.0040980495565831054
GSE32646,GSE25055,1573,0.0630599320358356,0.1035736695202209,0.007841776409048956,0.035267162614908976
GSE32646,GSE25055,1574,0.10976301972470559,0.1678386581481005,0.009475791772552034,0.052953885631218056
GSE32646,GSE25055,1575,0.0724685883222469,0.148180387073721,0.02080080151967964,0.06785449144025396
GSE32646,GSE25055,1576,0.0982745098039215,0.10013533123328267,0.0012287466928652124,0.03788880952903467
GSE32646,GSE25055,1577,0.06714806316641908,0.08222178956285175,0.015414152395225755,0.0998837440351224
GSE32646,GSE25055,1578,0.042254495159059435,0.12078809182680972,0.03013760683471428,0.10612642908991016
GSE32646,GSE25055,1579,0.04689578713968945,0.08811838893541396,0.011727463181355091,0.07596803781723943
GSE32646,GSE25055,1580,0.07092741421099646,0.09044751107510857,0.037258807378937026,0.1219420545892067
GSE32646,GSE25055,1581,0.07273280584297015,0.08960775787678349,0.007701837105026338,0.042140657413606064
GSE32646,GSE25055,1582,0.058313554852320704,0.07791360740996667,0.024779044020461077,0.12259237740074097
GSE32646,GSE25055,1583,0.0505882352941176,0.14179498684157205,0.015309621163311943,0.05003978115074775
GSE32646,GSE25055,1584,0.026388888888888906,0.028634310924640582,0.005669841007488102,0.029978022487685718
GSE32646,GSE25055,1585,0.04608277900960844,0.03337172925722798,0.0227120718988654,0.08598814918514708
GSE32646,GSE25055,1586,-0.0019308001235711636,0.0400290477947734,0.013866043478728524,0.06800720683988737
GSE32646,GSE25055,1587,0.047833258359574415,0.10180020872864387,0.016826643347996634,0.06998675460500803
GSE32646,GSE25055,1588,0.07189542483660138,0.1284458017391784,0.02902101088387593,0.10115321571694597
GSE32646,GSE25055,1589,0.06443137254901954,0.05741195302125318,0.010287762615576596,0.07100954549511562
GSE32646,GSE25055,1590,0.03960155490767736,0.07060512321852747,0.005062645846290348,0.04877220209616867
GSE32646,GSE25055,1591,0.05998542274052476,0.12864932549949615,0.016535006301799632,0.06158043167227223
GSE32646,GSE25055,1592,0.13365570599613152,0.20551041007208148,0.018601296534811157,0.06963478175389909
GSE32646,GSE25055,1593,0.08079898626117121,0.10858560742970857,0.015684070083222423,0.0827050641490904
GSE32646,GSE25055,1594,0.05437317784256568,0.0968588692478457,0.019448763844355454,0.07599203145916894
GSE32646,GSE25055,1595,0.05549863387978149,0.08897733897841015,0.02096941447320777,0.08811640515067948
GSE32646,GSE25055,1596,0.08536505867014355,0.14394359131494933,0.024782772819638865,0.09589090862821359
GSE32646,GSE25055,1597,0.07915451895043724,0.06310401455317027,0.0028555245192782575,0.04439399302949293
GSE32646,GSE25055,1598,0.05050105485232059,0.07236065197057151,0.018814557939151128,0.0994352321698872
GSE32646,GSE25055,1599,0.0430349377717798,0.034745145451783754,0.012332231804584537,0.06327118643813706
GSE32646,GSE25055,1600,0.051699926090169934,0.05595906588702987,0.014857355492113283,0.06957671621871997
GSE32646,GSE25055,1601,0.10112884670693134,0.13282812476260275,0.00516066337131485,0.04620439555571637
GSE32646,GSE25055,1602,0.03619607843137229,0.10969884790180068,0.007232055933834719,0.0643359176842308
GSE32646,GSE25055,1603,0.02745504840940527,0.09237156185704914,0.020053884138949873,0.10702297389814658
GSE32646,GSE25055,1604,0.06407129455909955,0.1289973079060668,-0.005296259260445663,-0.003142422712286763
GSE32646,GSE25055,1605,0.08483606557377033,0.12617169994885286,0.013442153959713377,0.06228487925518578
GSE32646,GSE25055,1606,0.06757800432499228,0.11766892951049257,-0.0013665166778260573,0.026855934769298484
GSE32646,GSE25055,1607,0.14181585677749353,0.0688631796902257,-0.012513836651067256,-0.01856700680517065
GSE32646,GSE25055,1608,0.05878284923928079,0.10310425609859425,0.016991729185538262,0.07497950426797106
GSE32646,GSE25055,1609,0.05997782705099797,0.09287273931129703,0.007511153536351428,0.05974310779300018
GSE32646,GSE25055,1610,0.06697440881114347,0.1596144391491502,0.013080634847690897,0.041741744517754586
GSE32646,GSE25055,1611,0.03968957871396894,0.07072830098758548,0.013885919780475625,0.07360270015087833
GSE32646,GSE25055,1612,0.052402483466054695,0.12286504849750057,0.018707961384252403,0.0955033882603536
GSE32646,GSE25055,1613,0.025403938399394144,0.0439065895692059,0.03705568010836269,0.1242483110056935
GSE32646,GSE25055,1614,0.130135423006695,0.16285311082985265,0.0018118978638101413,0.02883465525238854
GSE32646,GSE25055,1615,0.11607970342910101,0.1738808463154461,0.007931817042808348,0.034487694107612654
GSE32646,GSE25055,1616,0.040646301439030585,0.05533996228424748,0.039037487368729945,0.14739320748833484
GSE32646,GSE25055,1617,0.03958153580672985,0.12393059325466421,0.015506557284850508,0.06589798465420149
GSE32646,GSE25055,1618,0.03554755235427498,0.07975537660831983,0.0304331186158516,0.11372419667124345
GSE32646,GSE25055,1619,0.05051795090109268,0.14930239892387148,0.016169881068369057,0.07106840933028985
GSE32646,GSE25055,1620,0.020567375886524908,0.09274142316081968,0.03183202204387853,0.12675105250139618
GSE32646,GSE25055,1621,0.030701754385964897,0.11573196913783707,0.016642780942718843,0.06647319903996485
GSE32646,GSE25055,1622,0.02772628977448266,0.05909633995347818,0.022043365798863818,0.06913077166408116
GSE32646,GSE25055,1623,0.05440573770491808,0.1040833583140392,0.021437050697069415,0.08990001086407295
GSE32646,GSE25055,1624,0.08323329331732687,0.15513719647518998,0.028481981021429875,0.09913993498458734
GSE32646,GSE25055,1625,0.05568427556379374,0.12863987656681142,0.0007176624573381196,0.03638907202755104
GSE32646,GSE25055,1626,0.07677312940470837,0.07343871898073379,0.011603514661161135,0.04987438637608976
GSE32646,GSE25055,1627,0.054655870445344146,0.12333340549353267,0.012170779575870344,0.04027987667036803
GSE32646,GSE25055,1628,0.07178961748633883,0.11082407317756193,0.022121769392423468,0.09238118088496827
GSE32646,GSE25055,1629,0.054468436047383384,0.11888072018187468,0.009962388770099306,0.039231230883974344
GSE32646,GSE25055,1630,0.04454405378904602,0.048045031533818894,0.020293667998665332,0.10643578284546468
GSE32646,GSE25055,1631,0.049112021857923405,0.07809741181258073,0.023555536604588034,0.10744096611656229
GSE32646,GSE25055,1632,0.06086427267194161,0.12631533159455016,0.015391829823210107,0.055125975579612074
GSE32646,GSE25055,1633,0.03169211374142045,0.09731067137821231,0.024783067819498072,0.09088832932226171
GSE32646,GSE25055,1634,0.06366437876453279,0.07705539256732807,0.019655914449795864,0.07991307785128515
GSE32646,GSE25055,1635,0.053962289029535704,0.08602372704674133,0.022518064214952033,0.10627592691388354
GSE32646,GSE25055,1636,0.0641025641025641,0.14359865100271735,0.010998092349719213,0.04566820619395867
GSE32646,GSE25055,1637,0.05681274900398403,0.070348105665764,0.002731676023609325,0.018621533063967965
GSE32646,GSE25055,1638,0.05126366120218584,0.08814183279897708,0.021479710978560967,0.09597142447950885
GSE32646,GSE25055,1639,0.09804780876494024,0.13757256801458673,0.006689561819336137,0.030869857986492
GSE32646,GSE25055,1640,0.07364187763713081,0.12104609948517198,0.025580298594264278,0.09751099094640159
GSE32646,GSE25055,1641,0.06777493606138096,0.0946326755945075,0.002289358732677077,0.020684705805730952
GSE32646,GSE25055,1642,0.04246119733924614,0.08864169746488731,0.013271447672273978,0.06617869253875502
GSE32646,GSE25055,1643,0.059030773655450064,0.1799204602996906,0.012304063501934803,0.06988027416401699
GSE32646,GSE25055,1644,0.06474156118143459,0.12288744301570553,0.029167158685125122,0.10260091928531778
GSE32646,GSE25055,1645,0.04964242239805239,0.12921781087708933,0.019367130911060126,0.07231375938069834
GSE32646,GSE25055,1646,0.018665079142737184,0.08679985511464133,0.026240691654312864,0.10535070879862857
GSE32646,GSE25055,1647,0.06776159125927994,0.08288062152068837,0.019569465598187563,0.08766130006311446
GSE32646,GSE25055,1648,0.06987704918032778,0.15055403304612663,0.018132637147143194,0.07047760780494067
GSE32646,GSE25055,1649,0.06212121212121213,0.08991181784726066,0.019153861131569833,0.11421916579400171
GSE32646,GSE25055,1650,0.09613702623906717,0.09317926661072912,0.007135925046631741,0.04033966198549749
GSE32646,GSE25055,1651,0.07605577689243026,0.08539956768647261,0.0030411934942043695,0.02776238358502625
GSE32646,GSE25055,1652,0.07820717131474109,0.06349574465638452,0.008097181408514176,0.045937281189884605
GSE32646,GSE25055,1653,0.06069808875931326,0.13794433040731413,0.013171115645810208,0.033959733766868394
GSE32646,GSE25055,1654,0.042857142857142816,0.09816208181547365,0.020015837818509158,0.0729861861061144
GSE32646,GSE25055,1655,0.03506333024405306,0.07476979446621107,0.01505777989947929,0.063216689830557
GSE32646,GSE25055,1656,0.07634662203286668,0.10147470677925513,0.009630270609748498,0.05530128816101848
GSE32646,GSE25055,1657,0.05055410691003903,0.09589161689531,0.030076415982865784,0.11342156289385291
GSE32646,GSE25055,1658,0.06587959625090123,0.1109223473933203,0.03811324757950901,0.16132613201937862
GSE32646,GSE25055,1659,0.08921581859900118,0.1395450467575527,0.012936043715883916,0.06661635351388456
GSE32646,GSE25055,1660,0.03073924126555705,0.042149538854802826,0.010762397922866485,0.05540303327128798
GSE32646,GSE25055,1661,0.07999700104963259,0.059857952848519136,0.008747744252871698,0.06871289751741805
GSE32646,GSE25055,1662,0.09194898096909176,0.10123649990272493,0.019783808143790632,0.08926412714785875
GSE32646,GSE25055,1663,0.047002122391227474,0.06823714642219925,-0.008133774565782792,0.01418143579777803
GSE32646,GSE25055,1664,0.035447224618924356,0.04327611946059334,0.01823200091563501,0.07829377270147608
GSE32646,GSE25055,1665,0.0816237009043056,0.14941970782719916,0.019233532075076054,0.07750804980530918
GSE32646,GSE25055,1666,0.07448132780082983,0.13500663719424205,0.013544236042992625,0.07553577047962379
GSE32646,GSE25055,1667,0.05650406504065031,0.09985297634165591,0.01309896988124501,0.06996848306102349
GSE32646,GSE25055,1668,0.06828210590383443,0.05864759745948672,0.010959801170963596,0.05971522282431191
GSE32646,GSE25055,1669,0.06315876152832689,0.11235753793097875,0.003946997098563637,0.01968086899244742
GSE32646,GSE25055,1670,0.07092924126172195,0.06324202677235888,-0.0004954586614265011,0.012144730999950504
GSE32646,GSE25055,1671,0.0652996601791781,0.10504753495883251,0.00044840956629368933,0.043551903383670765
GSE32646,GSE25055,1672,0.05572289156626509,0.06720795201342211,0.013021352558539256,0.050122512717526935
GSE32646,GSE25055,1673,0.07209550486861405,0.15023813513652506,0.02370991441276024,0.1031994421365856
GSE32646,GSE25055,1674,0.03196064139941701,0.044945637871754485,0.012171185408233726,0.06027905534725014
GSE32646,GSE25055,1675,0.05311264822134398,0.13352862070153532,0.008275153499418167,0.03940764322047241
GSE32646,GSE25055,1676,0.055430029154519,0.09177641913211104,0.010044438229110858,0.052482746512674316
GSE32646,GSE25055,1677,0.06545209176788125,0.14431384088295224,0.012726066600443786,0.04344235600350449
GSE32646,GSE25055,1678,0.06655314318149574,0.1274187917001134,0.01812609428155801,0.07291070324612609
GSE32646,GSE25055,1679,0.049530632411067255,0.10394762477462849,-0.0012984070997702768,0.016855489117432454
GSE32646,GSE25055,1680,0.08531118143459926,0.15522850715197622,0.026539197216693594,0.09147785677296666
GSE32646,GSE25055,1681,0.059203187250995826,0.10262612519010031,-0.005255531479864073,0.01597706005465921
GSE32646,GSE25055,1682,0.06895223420647156,0.16248337629098186,0.016339548164564732,0.07159986025269749
GSE32646,GSE25055,1683,0.07707930367504834,0.12292926518115366,0.03484245603127428,0.12632485630370183
GSE32646,GSE25055,1684,0.048257121439280626,0.10929634665405552,0.03557628052448164,0.13883130633825674
GSE32646,GSE25055,1685,0.0679012345679012,0.08046672573053076,0.013032450743570012,0.07746831746663468
GSE32646,GSE25055,1686,0.07828982067510548,0.13521145006476093,0.028163891180940814,0.10419315747996111
GSE32646,GSE25055,1687,0.06832963784183299,0.08418983212064196,0.014510172435887425,0.058094945747737325
GSE32646,GSE25055,1688,0.062194420477423185,0.11956131294841904,0.011177211051344643,0.05755134811284257
GSE32646,GSE25055,1689,0.07517289073305666,0.11991972991875316,0.013749051464333584,0.07208634078179671
GSE32646,GSE25055,1690,0.03695532266960844,0.08401451920592501,0.0014671500412289373,0.010492390863388767
GSE32646,GSE25055,1691,0.03222002434570914,0.12473377791749868,0.020501850086558943,0.07712167332169284
GSE32646,GSE25055,1692,0.0775639074863056,0.1298093480195891,0.00544081759123019,0.03463732871053715
GSE32646,GSE25055,1693,0.055247597930524805,0.09085735320154159,0.0094098662219399,0.04899559979156032
GSE32646,GSE25055,1694,0.05210813839473327,0.06936615317315037,0.01623914655034997,0.08751252236517221
GSE32646,GSE25055,1695,0.059528877536540126,0.054249221448429974,0.018203651640339658,0.09025207557361181
GSE32646,GSE25055,1696,0.08309037900874616,0.11783892976164678,0.016680436850211866,0.060413823611747575
GSE32646,GSE25055,1697,0.0731225296442688,0.08006408844633375,0.0005175773117309379,0.016100745721305154
GSE32646,GSE25055,1698,0.05079810181190669,0.09992919591369309,0.02051693083336789,0.08265934883114479
GSE32646,GSE25055,1699,0.07542360173939111,0.16866521969467646,0.009564772889582046,0.04086457367766888
GSE32646,GSE25055,1700,0.06879418434040285,0.09827341595181505,0.027049262507069766,0.10704197966543649
GSE32646,GSE25055,1701,0.04878952569169959,0.05673439279123699,0.0006526952155323507,0.02061088347015877
GSE32646,GSE25055,1702,0.07653868277250497,0.08589965074024652,0.01760631256732939,0.05670317536975955
GSE32646,GSE25055,1703,0.07681010928961751,0.12707274652989597,0.01861971596924686,0.06983727474304735
GSE32646,GSE25055,1704,0.0785528031290742,0.11797579787187318,0.023615233576311984,0.10201867057520708
GSE32646,GSE25055,1705,0.09580392156862738,0.10544830049983281,0.007548688117437391,0.04914401773901539
GSE32646,GSE25055,1706,0.037051792828685315,0.12201111392651764,0.010961583476221337,0.05261145669026035
GSE32646,GSE25055,1707,0.07575246322040752,0.1297739084958362,0.022426933887097572,0.09204684758733767
GSE32646,GSE25055,1708,0.06493457090687771,0.11415214991790279,0.013206300859995662,0.04627514081287665
GSE32646,GSE25055,1709,0.05930424351476993,0.11375126852595302,0.008617879681701662,0.047899507185050816
GSE32646,GSE25055,1710,0.06791055507621513,0.08803556133648482,0.017330688962467866,0.08360061357904375
GSE32646,GSE25055,1711,0.06500691562932237,0.08247336841315872,0.021870502328702107,0.09812759501409812
GSE32646,GSE25055,1712,0.08400145772594758,0.11427630608227451,0.005778466963171247,0.03961909441226985
GSE32646,GSE25055,1713,0.08585657370517918,0.19113766904767243,0.01207268483125265,0.029508923118821417
GSE32646,GSE25055,1714,0.019503306789040553,0.06788401108447051,0.030992017740452515,0.12662032011649166
GSE32646,GSE25055,1715,0.08746119584289369,0.1368341957040295,0.02217937477076143,0.09050274991935658
GSE32646,GSE25055,1716,0.06257879254797583,0.0734715889658406,0.016393295452490714,0.08918833390556491
GSE32646,GSE25055,1717,0.061686274509803796,0.05324964032797613,0.010497024000108102,0.04832444296117855
GSE32646,GSE25055,1718,0.06664192198677288,0.11580471072356346,0.015091985432411859,0.08013422663248304
GSE32646,GSE25055,1719,0.06758700028760445,0.06764677418466442,0.013956694650875012,0.06976678663017694
GSE32646,GSE25055,1720,0.03243430152143856,0.08430508464314507,0.026585015391508232,0.10366736424560402
GSE32646,GSE25055,1721,0.08019874616513256,0.14547443691635803,0.0245387828846233,0.10308912926281505
GSE32646,GSE25055,1722,0.03250728862973762,0.0661754071875793,0.015432281635415046,0.07751873301552897
GSE32646,GSE25055,1723,0.06825572801182556,0.10449889443079763,0.014850431258871394,0.05828337767132413
GSE32646,GSE25055,1724,0.07408735332464145,0.14205078626261736,0.02733625445002849,0.09855012610591224
GSE32646,GSE25055,1725,0.042671259089169467,0.06678213946976325,0.03480881289472218,0.12833894193032258
GSE32646,GSE25055,1726,0.06289396273987946,0.05963135443027473,0.023232841696774836,0.08888217885011995
GSE32646,GSE25055,1727,0.05283779671332922,0.10300476755506516,0.01667937532274566,0.06443685094280549
GSE32646,GSE25055,1728,0.10190179806362376,0.13184944709566682,0.02358493958465646,0.07541190089565425
GSE32646,GSE25055,1729,0.05129781420765045,0.07071758231715164,0.02677822769616764,0.10008698978586228
GSE32646,GSE25055,1730,0.08888483965014582,0.16602389851961136,0.014696600406534976,0.05089850351811798
GSE32646,GSE25055,1731,0.03171149789029526,0.048652878375611275,0.037010214083711274,0.12478800663144951
GSE32646,GSE25055,1732,0.009248385202583642,0.16015528285916214,-0.010743038780218456,-0.030388846204333353
GSE32646,GSE25055,1733,0.10378198898607072,0.16711364707142257,0.001970497976130331,0.0053157548585336944
GSE32646,GSE25055,1734,0.03992155764112626,0.06753076512161688,0.022849525952556765,0.08494252415541237
GSE32646,GSE25055,1735,0.040560803718698524,0.09218237295274356,0.015128767726564768,0.0636909864767693
GSE32646,GSE25055,1736,0.10513725490196091,0.1313533435476411,-0.0018663593042190785,0.02278933288044549
GSE32646,GSE25055,1737,0.08870289956576538,0.122233459641862,0.016507214276405502,0.0793231689394866
GSE32646,GSE25055,1738,0.049503882657463305,0.05828238890400572,0.017034142293534033,0.0717193055730545
GSE32646,GSE25055,1739,0.07079681274900396,0.08721679198606108,0.01256410448261519,0.04628239672031098
GSE32646,GSE25055,1740,0.01886945254292194,0.061860161276575565,0.00858221255747671,0.04510958737044135
GSE32646,GSE25055,1741,0.06998245377243884,0.13868940359167625,0.01815141501507203,0.06687841904688291
GSE32646,GSE25055,1742,0.06974412171507616,0.12518226033060842,0.019916250196212903,0.07275940039430595
GSE32646,GSE25055,1743,0.03705053449951412,0.10211200896552744,0.006251452320960416,0.050582764542241254
GSE32646,GSE25055,1744,0.06963956293458207,0.11608816515752773,0.02068150393247975,0.07835192596065038
GSE32646,GSE25055,1745,0.023272314460054067,0.10336122222565297,0.01962403149898756,0.08494492979902296
GSE32646,GSE25055,1746,0.061254901960784425,0.10970029270512577,0.0056325690337963585,0.0395321076271512
GSE32646,GSE25055,1747,0.06803837414794245,0.16581266428861108,0.02975846342347005,0.14029697513464262
GSE32646,GSE25055,1748,0.03874341238471668,0.0213656032973554,0.000460770661739357,0.05012540730283016
GSE32646,GSE25055,1749,0.09938366718027736,0.16011615390826034,0.011045259218033399,0.055092372801437584
GSE32646,GSE25055,1750,0.033063027426160296,0.02650205941418321,0.023483926468151645,0.11105495232216445
GSE32646,GSE25055,1751,0.07599706549286389,0.11109186590891335,0.015738112958751993,0.07321388369205895
GSE32646,GSE25055,1752,0.05892430278884464,0.07894987192482439,0.002776030575435462,0.04302384020670613
GSE32646,GSE25055,1753,0.037755102040816224,0.08109568981462972,0.007667990606808339,0.0629835653412309
GSE32646,GSE25055,1754,0.047233468286099645,0.09754387489758076,0.012931669711216731,0.07318572511439325
GSE32646,GSE25055,1755,0.0719748088169141,0.1475690276729434,0.015003037760662863,0.057348977028478076
GSE32646,GSE25055,1756,0.04243514769830581,0.08369048530001222,0.017710263411213206,0.07929207800523458
GSE32646,GSE25055,1757,0.0927254098360657,0.14569896836135632,0.011803740474261554,0.06086600443493806
GSE32646,GSE25055,1758,0.04904371584699452,0.07156895975991862,0.021744988922081154,0.09414457738321408
GSE32646,GSE25055,1759,0.05698039215686279,0.12268319977924741,0.01638707821180703,0.05353139195716011
GSE32646,GSE25055,1760,0.04285714285714293,0.042152202019928475,0.04255010636126885,0.16480387135125568
GSE32646,GSE25055,1761,0.07305148116192117,0.13612509595181443,0.009850805003832619,0.06310714494241282
GSE32646,GSE25055,1762,0.06341265548945363,0.08094819284902766,-0.005502014614647638,-0.0044753703845078485
GSE32646,GSE25055,1763,0.08892430278884467,0.1172476885586391,0.0039805146074476105,0.023588308685419834
GSE32646,GSE25055,1764,0.07585047468354433,0.12711258722954116,0.02303645372178445,0.11207323341174297
GSE32646,GSE25055,1765,0.04198635976129583,0.15149593697262886,0.0026765281367895355,0.025839079384391506
GSE32646,GSE25055,1766,0.048807221147646684,0.09255408635871126,0.0219923047702468,0.1266235448601728
GSE32646,GSE25055,1767,0.05487333951189377,0.09866887228809085,0.005598520078483549,0.03403656349919487
GSE32646,GSE25055,1768,0.034665723381676616,0.05599328096561024,-0.0025931056944966946,0.007922905421411053
GSE32646,GSE25055,1769,0.08114119922630558,0.13871978483886255,0.015515015816179478,0.0733903906641995
GSE32646,GSE25055,1770,0.06932296728215082,0.0839031415289968,0.009743573928252258,0.04381853600560259
GSE32646,GSE25055,1771,0.04058541859746667,0.0664840759926777,0.01798203956176836,0.0770309743590028
GSE32646,GSE25055,1772,0.06824850108432201,0.07695605592687788,0.027780521022277294,0.10035630485420954
GSE32646,GSE25055,1773,0.06891721529625994,0.13320296060301434,0.0183309800542287,0.08466820184543605
GSE32646,GSE25055,1774,0.07394678492239481,0.15379145334327138,0.004975789448565193,0.05248296600567248
GSE32646,GSE25055,1775,0.06303144823862883,0.08448619262337742,0.02334655129967264,0.10744374127727074
GSE32646,GSE25055,1776,0.07766393442622954,0.16610228027825896,0.023351131350906523,0.0725648925127032
GSE32646,GSE25055,1777,0.06527693244065746,0.10617485094393653,0.01307328101857222,0.060888794330315466
GSE32646,GSE25055,1778,0.07006651884700654,0.12747639657089682,0.015978897217732296,0.05567783595202974
GSE32646,GSE25055,1779,0.09513993003498267,0.13906953968316055,0.02621033262168962,0.12962387545816534
GSE32646,GSE25055,1780,0.08688094224492693,0.18679665968494313,0.015331734543614806,0.06703399694365081
GSE32646,GSE25055,1781,0.09462109539151131,0.16904911223218544,0.014184228855532055,0.05171736725610665
GSE32646,GSE25055,1782,0.06743173060814212,0.13525808367051478,0.006396734430867759,0.022945703436451026
GSE32646,GSE25055,1783,0.10109803921568639,0.1015778455555933,0.0012150307420463746,0.03512489209161257
GSE32646,GSE25055,1784,0.045578063241106914,0.1237994991426638,0.00702659457138978,0.030239517197127364
GSE32646,GSE25055,1785,0.11788704413225493,0.12530100210483397,0.008019751004000153,0.050403424833489974
GSE32646,GSE25055,1786,0.08018867924528295,0.14852157239383101,0.008920395247703994,0.04420156599565961
GSE32646,GSE25055,1787,0.043135245901639196,0.09729524291792502,0.022388737204593945,0.08689083891808441
GSE32646,GSE25055,1788,0.04286770140428675,0.0874770774269002,0.016246090917898942,0.07430465075482723
GSE32646,GSE25055,1789,0.07305722138930548,0.10566753063524231,0.028652442648407384,0.13750576062385111
GSE32646,GSE25055,1790,0.09658399269628715,0.14376777151361514,0.005842272798380871,0.02355567693812144
GSE32646,GSE25055,1791,0.047131147540983465,0.05408211143547592,0.014559156741185353,0.06773194708653207
GSE32646,GSE25055,1792,0.05215139442231087,0.0971103524341857,0.011732674551413635,0.04162042877317457
GSE32646,GSE25055,1793,0.056341107871719975,0.0782721577519182,0.013932106018272439,0.08088997996221975
GSE32646,GSE25055,1794,0.05697459912019309,0.05728172963691458,0.014027137846154447,0.08579843887652466
GSE32646,GSE25055,1795,0.05544912728820783,0.07510820712236549,0.02125372473020362,0.08264772760522676
GSE32646,GSE25055,1796,0.09870657797487048,0.161411292050051,0.01196173009377599,0.05168311757731964
GSE32646,GSE25055,1797,0.03384562841530048,0.07864009275668632,0.014461526203392916,0.1059306756313888
GSE32646,GSE25055,1798,0.07352544202996358,0.12474953077590811,0.027560468630194956,0.0973440446498629
GSE32646,GSE25055,1799,0.05382653061224485,0.08235101621666735,0.023873675014171314,0.0928998026631977
GSE32646,GSE25055,1800,0.08456904541241872,0.11984588322559137,-0.0005750858883236953,0.0304782336438022
GSE32646,GSE25055,1801,0.08846926166203284,0.13117951061027694,0.0038504023091065487,0.02604377166272931
GSE32646,GSE25055,1802,0.048105576841209086,0.1366625327343282,0.020279946690114153,0.08621455167488884
GSE32646,GSE25055,1803,0.10580912863070546,0.14802819501106895,0.022707387738007012,0.08386946915661653
GSE32646,GSE25055,1804,0.06041263700838162,0.0941290653884011,0.021257731774111027,0.11250834937408005
GSE32646,GSE25055,1805,0.09794948204909881,0.14722229392747216,0.01285287021155973,0.05483351799901137
GSE32646,GSE25055,1806,0.08365688812194438,0.10128781592385944,0.010896192719580838,0.05792191244013983
GSE32646,GSE25055,1807,0.05254980079681282,0.12760131979914863,0.012832228511729146,0.04646336554962588
GSE32646,GSE25055,1808,0.06838331160365063,0.11187220331002751,0.028990757816537566,0.10617291746929736
GSE32646,GSE25055,1809,0.0699515905947441,0.10256446322778406,0.018697003425037245,0.08241628618436059
GSE32646,GSE25055,1810,0.05632780082987565,0.1630203693751724,0.028316785939587058,0.09290348587817288
GSE32646,GSE25055,1811,0.01889338731443968,0.062255128654342184,0.017516007590364757,0.07865382305167862
GSE32646,GSE25055,1812,0.05543032786885249,0.07860207143421327,0.024246186977762152,0.08604870138359344
GSE32646,GSE25055,1813,0.054636034255599375,0.07506041429332286,0.0032372858816759054,0.03861323211949014
GSE32646,GSE25055,1814,0.06997084548104948,0.06988391631000279,0.002980197033955606,0.04178173291288134
GSE32646,GSE25055,1815,0.06369214352407637,0.14838153407415355,0.02681036464317965,0.07966474091505488
GSE32646,GSE25055,1816,0.04268457281684457,0.10125390893270814,0.02530827492706933,0.09175380053600002
GSE32646,GSE25055,1817,0.04581604426002761,0.05734106866181932,0.013586813791892749,0.08334190754151405
GSE32646,GSE25055,1818,0.11587035909920873,0.16274321477665188,0.00040029454946893805,0.013929343362376945
GSE32646,GSE25055,1819,0.06611570247933884,0.11889850256490941,0.017225246958944535,0.07383444048387366
GSE32646,GSE25055,1820,0.04239280774550502,0.09214340352711686,0.022519463469426293,0.09943150717516003
GSE32646,GSE25055,1821,0.019071914480077723,0.05105584100872068,0.014760664226091139,0.06289496843718367
GSE32646,GSE25055,1822,0.06632383966244726,0.11725884710502715,0.017841343976978424,0.10145190635594137
GSE32646,GSE25055,1823,0.06889763779527547,0.05345709180334146,-0.00242755933982694,0.022286054974976544
GSE32646,GSE25055,1824,0.09547152194211017,0.13040168737375724,0.025817361062771355,0.10609636633173919
GSE32646,GSE25055,1825,0.04300291545189505,0.14685579644985597,0.011027239468021727,0.06533752466739184
GSE32646,GSE25055,1826,0.05750856318730846,0.05465197873449709,-0.004945409050258975,0.009950081701444624
GSE32646,GSE25055,1827,0.05911078717201179,0.09737072595572693,0.0114526962556033,0.06065137731604697
GSE32646,GSE25055,1828,0.048252634387088156,0.1002355253684844,0.02248831384739619,0.10161977127894434
GSE32646,GSE25055,1829,0.05365058670143408,0.12653695873274112,0.030730969089112298,0.10797431345238939
GSE32646,GSE25055,1830,0.0397139379184418,0.1142186855521124,0.01573802128866364,0.07179845722209188
GSE32646,GSE25055,1831,0.048150897557025285,0.0813527862948612,0.02851265804060063,0.12378279085480498
GSE32646,GSE25055,1832,0.07174479166666659,0.1672287803874975,-0.00020739560478280628,0.009381789859459255
GSE32646,GSE25055,1833,0.0862068965517242,0.1189547324253159,0.012604280265170797,0.06238073015483886
GSE32646,GSE25055,1834,0.0668002915451894,0.10989582425699951,0.013706094331411511,0.06582844385431669
GSE32646,GSE25055,1835,0.011271249076126977,0.06380615579940152,0.016234377649412046,0.08599043324857647
GSE32646,GSE25055,1836,0.06745254133496625,0.11165756068070154,0.03718427286991011,0.1593950836588155
GSE32646,GSE25055,1837,0.06109958506224078,0.13240720164845704,0.018423592639555147,0.08111014553113105
GSE32646,GSE25055,1838,0.051924832623250095,0.07507025987422666,0.011321772315751044,0.0629526512750388
GSE32646,GSE25055,1839,0.0395048041389503,0.0830668329437651,0.02135108546072781,0.08025006736240314
GSE32646,GSE25055,1840,0.04340846994535519,0.07321124655633604,0.024500387691549108,0.09574780454867393
GSE32646,GSE25055,1841,0.06644493717664457,0.05910965663928763,0.011586620113022389,0.07401307482691305
GSE32646,GSE25055,1842,0.04457865976416453,0.06315980334439136,0.018182428957740998,0.08021624348828299
GSE32646,GSE25055,1843,0.07373669215774459,0.10264125220870365,-0.0010564378256230356,0.05021576170079528
GSE32646,GSE25055,1844,0.07711154094132822,0.1402745377059882,0.02243853155129144,0.09625886553674112
GSE32646,GSE25055,1845,0.07004993926305847,0.15073043345690595,0.013990034583256705,0.06652477095120218
GSE32646,GSE25055,1846,0.030622337188070725,0.05510050472695882,0.0028183036893724422,0.06010314116324361
GSE32646,GSE25055,1847,0.0855342136854742,0.13690319152676106,0.014785867329889069,0.06968991505681921
GSE32646,GSE25055,1848,0.043603042876901865,0.04507809735324897,0.018985414054597027,0.0982056898284821
GSE32646,GSE25055,1849,0.03023439746908263,0.10736366132284697,0.02187040797740869,0.09982727535843827
GSE32646,GSE25055,1850,0.07341073781291163,0.15404711464889387,0.004692390086966369,0.021969798996543388
GSE32646,GSE25055,1851,0.062492269635126885,0.13830656576919076,0.02893707960985384,0.12094436104194073
GSE32646,GSE25055,1852,0.04890030647196686,0.05075481442953789,-0.0017653535026427997,0.009673587582379684
GSE32646,GSE25055,1853,0.04309545875810927,0.12334097283030643,0.009280284189477989,0.051147610247901154
GSE32646,GSE25055,1854,0.06622793670115634,0.10482728677447356,0.009367717172324402,0.050133668892616945
GSE32646,GSE25055,1855,0.05243365971335312,0.14184227027311058,0.01656892448237965,0.07058390075610416
GSE32646,GSE25055,1856,0.07196038251366133,0.1034176851948273,0.024708764365649977,0.09189771070584069
GSE32646,GSE25055,1857,0.003613816189896535,0.09793091490187633,0.01642351345798307,0.07227808565376653
GSE32646,GSE25055,1858,0.03939504373177849,0.13325970553621058,0.01257784346308577,0.05707552722038456
GSE32646,GSE25055,1859,0.0359201773835921,0.040741209478960094,0.009170618573749567,0.06539700135369253
GSE32646,GSE25055,1860,0.05817513778322103,0.14597426546952003,0.033676333337673836,0.13524798901709378
GSE32646,GSE25055,1861,0.05672626649638135,0.07770220647547038,0.015051765774668713,0.06075968719560976
GSE32646,GSE25055,1862,0.07751149628581533,0.08388518194601971,-0.007901211419071769,0.004549994402251845
GSE32646,GSE25055,1863,0.0830709251761883,0.1104903916877008,0.01647940264228659,0.060694048393064526
GSE32646,GSE25055,1864,0.10072614107883815,0.12843322611105373,0.014493514025291837,0.06795561975019887
GSE32646,GSE25055,1865,0.07015027322404388,0.1216892890925173,0.01951279153129845,0.08978656926798201
GSE32646,GSE25055,1866,0.0774550484094052,0.16073222801131404,0.01769836993679272,0.07769009263561161
GSE32646,GSE25055,1867,0.07141176470588229,0.06808486200535024,0.010280710615196559,0.04786206291008238
GSE32646,GSE25055,1868,0.05341176470588227,0.07164167020891676,0.00967843434107385,0.04521418541839317
GSE32646,GSE25055,1869,0.06412835249042137,0.09232416252190875,-0.01422434457722764,-0.02385898687702004
GSE32646,GSE25055,1870,0.09236947791164662,0.17581577011826088,0.01361962313354878,0.047584077196352326
GSE32646,GSE25055,1871,0.04745838956365278,0.07656886152316444,0.01774534572606265,0.07000588974999267
GSE32646,GSE25055,1872,0.04970845481049557,0.07451964378792247,0.020270800171924952,0.0759104454923421
GSE32646,GSE25055,1873,0.08617886178861789,0.09443638310965602,0.010844402754524085,0.060378600687208295
GSE32646,GSE25055,1874,0.08630464480874322,0.1064005654099775,0.01810727320961708,0.07344941777353148
GSE32646,GSE25055,1875,0.07028688524590165,0.12257856858928678,0.014193347720755228,0.07060491785019668
GSE32646,GSE25055,1876,0.061339462772669884,0.07531147365801255,0.0025240643639058286,0.016298483777878015
GSE32646,GSE25055,1877,0.05705394190871371,0.10226185734159227,0.025423958718528067,0.10561480364816644
GSE32646,GSE25055,1878,0.07957286788704399,0.11907912095796241,0.013929479279397472,0.054367700531458174
GSE32646,GSE25055,1879,0.0970954356846474,0.16110666914049082,0.014388769448244992,0.07025771079440213
GSE32646,GSE25055,1880,-0.0001438021282714752,0.04799963226315951,0.017954706429804818,0.07413585549857599
GSE32646,GSE25055,1881,0.07036215816703617,0.14169383586788903,0.010466150143273345,0.05534856807345889
GSE32646,GSE25055,1882,0.06629278113316062,0.11702120684775807,0.021747560526343357,0.07184738672792801
GSE32646,GSE25055,1883,0.01901798063623794,0.045310966970310285,0.0297992695548685,0.09564172066101001
GSE32646,GSE25055,1884,0.08560495626822151,0.12062141054993147,0.008209808607402391,0.06357706680334485
GSE32646,GSE25055,1885,0.056425145165362234,0.12299344221709874,0.026949980709271126,0.12728185218571947
GSE32646,GSE25055,1886,0.07192134107027726,0.06695392389995108,0.025374470752213996,0.11158631665352414
GSE32646,GSE25055,1887,0.07171507607192262,0.12709625764939808,0.013237334416165286,0.07445007928936509
GSE32646,GSE25055,1888,0.05054834723509405,0.03664340123186971,0.005671224541714481,0.06523901725633385
GSE32646,GSE25055,1889,0.06239215686274513,0.11070618965556206,0.008550257316357862,0.037392050225149354
GSE32646,GSE25055,1890,0.09990652861662352,0.09279020641891322,0.00537075885676383,0.05642020276322046
GSE32646,GSE25055,1891,0.07608034083992687,0.08837344639474709,0.011892361750276331,0.04266430666816312
GSE32646,GSE25055,1892,0.07082352941176473,0.10745565652680789,0.009101841147712203,0.034817904788642495
GSE32646,GSE25055,1893,0.11244817018208031,0.11364382167370332,-0.004861492443422655,-0.0032769080853762844
GSE32646,GSE25055,1894,0.08718004026459591,0.09087790768266935,0.0063255354521906115,0.05817827619008248
GSE32646,GSE25055,1895,0.06998800419853046,0.13619485043585938,0.014845955801416955,0.0437754620732283
GSE32646,GSE25055,1896,0.042959582790091155,0.12786194703477266,0.025661746553741205,0.11042569047071538
GSE32646,GSE25055,1897,0.044715743440233324,0.11700752516165952,0.014063859122207617,0.05878665413999423
GSE32646,GSE25055,1898,0.017156116859403547,0.03572541886156255,0.01531569047199946,0.08107227414471246
GSE32646,GSE25055,1899,0.07313377679231337,0.06967180527627054,0.013272032254439209,0.06710164361813675
GSE32646,GSE25055,1900,0.05385487528344668,0.0588221569183284,0.001393427672538139,0.03782585352593665
GSE32646,GSE25055,1901,0.07704918032786878,0.1096511662180763,0.01850094898539245,0.07322467809052757
GSE32646,GSE25055,1902,0.08141982395713743,0.14739245569174425,0.025462737875023733,0.11666673305040143
GSE32646,GSE25055,1903,0.04883381924198249,0.040973544647132404,-0.0006575787560099688,0.029069275652827964
GSE32646,GSE25055,1904,0.09908892128279889,0.1700825589713753,0.007679981101212985,0.04270467470436873
GSE32646,GSE25055,1905,0.07741176470588229,0.16676783681459884,0.007486335781378833,0.025772989958183723
GSE32646,GSE25055,1906,0.03421606737933269,0.0645966139929855,0.012131062796321396,0.0477532670285189
GSE32646,GSE25055,1907,0.09266756635177675,0.07584530663762235,0.01165825586902991,0.06299520990071966
GSE32646,GSE25055,1908,0.08547942986718493,0.10608373333913801,0.0007772055226500652,0.02564441805249429
GSE32646,GSE25055,1909,0.06933333333333336,0.0699290393145433,0.006623140141212958,0.04603860900563761
GSE32646,GSE25055,1910,0.05845556514236405,0.08216267218206463,0.017126285145619008,0.0795858939915825
GSE32646,GSE25055,1911,0.07730462950465644,0.05633344558768977,0.026341959739010906,0.11799533411605606
GSE32646,GSE25055,1912,0.060858819894964555,0.10515002578865135,0.0013519995311799538,0.03967536995210924
GSE32646,GSE25055,1913,0.06717131474103588,0.06360860827721465,0.004274327199958655,0.046632113325483004
GSE32646,GSE25055,1914,0.04501108647450114,0.05799868275145986,0.010230685527712363,0.0662160706829682
GSE32646,GSE25055,1915,0.06935434043867772,0.10050136125761255,0.009118738166727147,0.049191898505317744
GSE32646,GSE25055,1916,0.05417745182628686,0.11147246291186713,0.020080574811739416,0.0696692619862952
GSE32646,GSE25055,1917,0.08887799411682318,0.12581119423213732,0.01441388889720066,0.0626314533327082
GSE32646,GSE25055,1918,0.08910349854227406,0.11856602689592571,0.013656678654772575,0.05997870043683495
GSE32646,GSE25055,1919,0.08870967741935487,0.11688822292553008,0.004275657494569901,0.030573330433674772
GSE32646,GSE25055,1920,0.0728351426407472,0.08896061576957592,0.029228869810536323,0.12321913866096101
GSE32646,GSE25055,1921,0.07093881856540085,0.10652999427450488,0.027014651398184597,0.10454279423937846
GSE32646,GSE25055,1922,0.032156862745098214,0.09856099034523114,0.009339662473560911,0.04924152794205827
GSE32646,GSE25055,1923,0.03534985422740522,0.06105712937859831,0.019176736114606602,0.07869222264655368
GSE32646,GSE25055,1924,0.047154471544715526,0.07318399330804543,0.009402960120895615,0.060244474790627944
GSE32646,GSE25055,1925,0.05560804427048205,0.12475220383340502,0.02650761342004579,0.09595412600509012
GSE32646,GSE25055,1926,0.043510928961748685,0.09295720739059787,0.021060155140004394,0.10760104312450769
GSE32646,GSE25055,1927,0.0566255778120186,0.11273312760014531,0.0186113732354371,0.07549622800928596
GSE32646,GSE25055,1928,0.08081841432225068,0.09851554278307373,-0.004173560736030507,-0.0012556737997476142
GSE32646,GSE25055,1929,0.05485392574558723,0.08063304626702544,0.009017206817205498,0.051250804107447145
GSE32646,GSE25055,1930,0.05976676384839641,0.08297104411235556,0.012495529292720159,0.07731458179327033
GSE32646,GSE25055,1931,0.06767492711370227,0.12424455527103434,0.013169652802646759,0.05543806305168847
GSE32646,GSE25055,1932,0.047667638483964936,0.12370684306465668,0.021651981943215937,0.07820582794098807
GSE32646,GSE25055,1933,0.03371696504688837,0.04031893818986848,0.008105835813163695,0.044854107211852845
GSE32646,GSE25055,1934,0.10943983402489632,0.09131458133521969,0.011194298460687452,0.07265988491788855
GSE32646,GSE25055,1935,0.0925887978142077,0.1072590097003564,0.020302372187903095,0.07082337666642424
GSE32646,GSE25055,1936,0.08851806491120628,0.14289667955131868,0.028779989649944826,0.12412982601927203
GSE32646,GSE25055,1937,0.07669322709163351,0.12411636582033048,0.0008693202474140127,0.024637244678485437
GSE32646,GSE25055,1938,0.07059812298641255,0.13832552180433372,0.022138849796878968,0.0806045476162256
GSE32646,GSE25055,1939,0.07099039172209909,0.1319441655794481,0.009948844279283886,0.041701103658208616
GSE32646,GSE25055,1940,0.063076416337286,0.07593895913106302,0.005430364200567778,0.04334387299634457
GSE32646,GSE25055,1941,0.051699926090169934,0.09408950848173797,0.014945114357254818,0.06421400750582346
GSE32646,GSE25055,1942,0.06330888697152715,0.12863338501005228,0.013421755008666547,0.06138826169599382
GSE32646,GSE25055,1943,0.031061773357612954,0.06453816887929892,0.0222926914216586,0.10245998377356136
GSE32646,GSE25055,1944,0.05419607843137275,0.14119562273862452,0.008581271403609259,0.045664864042454845
GSE32646,GSE25055,1945,0.05813192046672233,0.051211987937877734,0.04490872241048305,0.1457020311744034
GSE32646,GSE25055,1946,0.03819913030439359,0.0785707006995196,0.009213057515797457,0.06397155956067235
GSE32646,GSE25055,1947,0.09846938775510206,0.14727286438454146,0.008494782486801966,0.02987827113311725
GSE32646,GSE25055,1948,0.05261402231926238,0.05746748583375788,0.03818674939237526,0.14113440900443386
GSE32646,GSE25055,1949,0.07446598101265856,0.10329530982432844,0.023773786903268812,0.11254366113907793
GSE32646,GSE25055,1950,0.10907832278481011,0.13157058713931497,0.01877249134243711,0.09584436685927328
GSE32646,GSE25055,1951,0.06197672768553997,0.11685640542695092,0.011945183267097231,0.0739065238175432
GSE32646,GSE25055,1952,0.05291357332959801,0.06164771054175866,0.02105308843258233,0.0719397666049591
GSE32646,GSE25055,1953,0.09004348478032698,0.15405562565548925,0.010213176076596414,0.04845993752920169
GSE32646,GSE25055,1954,0.08011764705882352,0.12668621846245315,0.003822340108590172,0.02938762403752404
GSE32646,GSE25055,1955,0.06578947368421051,0.1418056090267803,0.01323293382046889,0.0597957809965578
GSE32646,GSE25055,1956,0.0761297376093294,0.08404861216080572,0.012453499583413824,0.05786188368714962
GSE32646,GSE25055,1957,0.03229166666666661,0.061102589416818176,0.00391804961771576,0.017399553810906465
GSE32646,GSE25055,1958,0.05637450199203198,0.17476864352281818,0.016032756530050665,0.04672889930050722
GSE32646,GSE25055,1959,0.09411764705882342,0.14065942342968585,0.003161820158805062,0.0022804848675580525
GSE32646,GSE25055,1960,0.08689488243430143,0.14295074964165533,0.018418586926942287,0.06633311175384649
GSE32646,GSE25055,1961,0.0617913832199547,0.12221228179440358,0.0108732799916295,0.02941424539580506
GSE32646,GSE25055,1962,0.008994197292069628,0.0581149740967542,0.033538890659940035,0.138512529189875
GSE32646,GSE25055,1963,0.07609836557204974,0.09420599105744104,0.00837863797836233,0.049563268315623965
GSE32646,GSE25055,1964,0.07157283514264068,0.12637196534264972,0.03650223694466678,0.12813014509660875
GSE32646,GSE25055,1965,0.082321023647554,0.09629177920955034,-0.0011606364550227621,0.017635632068327023
GSE32646,GSE25055,1966,0.07638483965014586,0.11711421319496634,0.015493515389008589,0.06759234340867387
GSE32646,GSE25055,1967,0.04911340732236236,0.11300907184053877,0.04137050403061229,0.13379375971123975
GSE32646,GSE25055,1968,0.08582375478927229,0.13885435641884805,-0.013163387928432482,-0.024691148360698467
GSE32646,GSE25055,1969,0.08592308783879654,0.0625888958132082,0.015236552460577868,0.07065456112592622
GSE32646,GSE25055,1970,0.08630676552363303,0.09172937974402023,-0.0008821954838998114,0.03552072927155148
GSE32646,GSE25055,1971,0.046121251629726245,0.09800253731316722,0.02691098576148096,0.09499229142834342
GSE32646,GSE25055,1972,0.050400874635568305,0.0745599330124117,0.01574263784193744,0.08251272212619559
GSE32646,GSE25055,1973,0.07159406858202044,0.08123990600197117,0.009558757237588311,0.049660294769070135
GSE32646,GSE25055,1974,0.07267531665122029,0.17130080027371436,0.013128808057696756,0.03889777268096162
GSE32646,GSE25055,1975,0.03738132911392411,0.053282698024359476,0.027375291067192692,0.11723310260712488
GSE32646,GSE25055,1976,0.06142316851099594,0.10485808941019314,0.018275302320303555,0.07210083140336382
GSE32646,GSE25055,1977,0.0590539541759052,0.05926901723914696,0.021110927162511534,0.08424144071479295
GSE32646,GSE25055,1978,0.04866195405200724,0.06722051315704108,0.029469051395184687,0.14712292461846543
GSE32646,GSE25055,1979,0.062039215686274685,0.0709729200254487,0.004321055446769195,0.04286929480635815
GSE32646,GSE25055,1980,0.08273721149952762,0.17100408321246652,0.016156507034024215,0.08264017924141581
GSE32646,GSE25055,1981,0.07248542274052472,0.08894435356932134,0.008667029213659333,0.06381137556003919
GSE32646,GSE25055,1982,0.07749019607843133,0.10847811685429404,0.0074048236128607114,0.02650616700304881
GSE32646,GSE25055,1983,0.06642764015645375,0.17173301886173326,0.024236007892200512,0.10683943828065706
GSE32646,GSE25055,1984,0.06818810511756568,0.1397847514509879,0.027559763073075283,0.09940702699207304
GSE32646,GSE25055,1985,0.10027322404371597,0.1210056213453009,0.01578977859918443,0.07591591064037079
GSE32646,GSE25055,1986,0.09930830039525707,0.12394238879422481,0.006472041866995348,0.03213151529624203
GSE32646,GSE25055,1987,0.06269772792637307,0.10712469351087262,0.013419313857253978,0.05913183170355907
GSE32646,GSE25055,1988,0.044460641399416856,0.06529975036933727,0.00803292103123962,0.036097379548222674
GSE32646,GSE25055,1989,0.10924369747899165,0.13871642778361726,0.01632864755287322,0.07422536941793856
GSE32646,GSE25055,1990,0.05498891352549895,0.0969692056100196,0.008708442414044781,0.05909843295379391
GSE32646,GSE25055,1991,0.07501646903820824,0.1324798130279869,0.007002751895448953,0.028906175227974618
GSE32646,GSE25055,1992,0.061524609843937705,0.08526795621601224,0.014816215907689778,0.0894191772272186
GSE32646,GSE25055,1993,0.06760204081632637,0.1017838508086582,0.01108582236022454,0.051337202137184235
GSE32646,GSE25055,1994,0.06609561752988036,0.17167790666021276,0.007915380474650777,0.02933149538545199
GSE32646,GSE25055,1995,0.09500496665247615,0.08223597200091709,0.00975717483274155,0.06241409457498054
GSE32646,GSE25055,1996,0.04101064627380424,0.09581036411124588,0.010397160268496713,0.05811156106510712
GSE32646,GSE25055,1997,0.0628636299134383,0.11606273488381941,0.021233574873370104,0.09411834105893063
GSE32646,GSE25055,1998,0.058425720620842614,0.0865273365605318,0.01335143828009766,0.06695230165454708
GSE32646,GSE25055,1999,0.07745504840940531,0.09774655960778439,0.01981637180751461,0.09074561198817177
